MODEL_READY: /models/Qwen2.5-Math-7B
Using python: /mlx_devbox/users/quyanyi/playground/.venvs/ttrl_b200/bin/python
Using model: /models/Qwen2.5-Math-7B
Using data: /mlx_devbox/users/quyanyi/playground/TTRL/verl/data/MATH-TTT
Output directory: /tmp/ttrl_b200/checkpoints/ttrl_chunk_state_powerflow_label_consistent_c128_probe4_b32_r32_v64_3step_20260801
Actor offload: param=False optimizer=False activation=False
Rollout: free_cache_engine=False enforce_eager=False gpu_memory_utilization=0.82
Critic offload: param=False optimizer=False activation=False
/mlx_devbox/users/quyanyi/playground/TTRL/verl/verl/__init__.py:18: UserWarning: pkg_resources is deprecated as an API. See https://setuptools.pypa.io/en/latest/pkg_resources.html. The pkg_resources package is slated for removal as early as 2025-11-30. Refrain from using this package or pin to Setuptools<81.
  import pkg_resources
/mlx_devbox/users/quyanyi/playground/.venvs/ttrl_b200/lib/python3.11/site-packages/huggingface_hub/constants.py:298: FutureWarning: The `HF_HUB_ENABLE_HF_TRANSFER` environment variable is deprecated as 'hf_transfer' is not used anymore. Please use `HF_XET_HIGH_PERFORMANCE` instead to enable high performance transfer with Xet. Visit https://huggingface.co/docs/huggingface_hub/package_reference/environment_variables#hfxethighperformance for more details.
  warnings.warn(
2026-08-01 03:41:34,930	INFO worker.py:2024 -- Started a local Ray instance.
[36m(pid=687321)[0m /mlx_devbox/users/quyanyi/playground/TTRL/verl/verl/__init__.py:18: UserWarning: pkg_resources is deprecated as an API. See https://setuptools.pypa.io/en/latest/pkg_resources.html. The pkg_resources package is slated for removal as early as 2025-11-30. Refrain from using this package or pin to Setuptools<81.
[36m(pid=687321)[0m   import pkg_resources
[36m(pid=687321)[0m /mlx_devbox/users/quyanyi/playground/.venvs/ttrl_b200/lib/python3.11/site-packages/huggingface_hub/constants.py:298: FutureWarning: The `HF_HUB_ENABLE_HF_TRANSFER` environment variable is deprecated as 'hf_transfer' is not used anymore. Please use `HF_XET_HIGH_PERFORMANCE` instead to enable high performance transfer with Xet. Visit https://huggingface.co/docs/huggingface_hub/package_reference/environment_variables#hfxethighperformance for more details.
[36m(pid=687321)[0m   warnings.warn(
[36m(TaskRunner pid=687321)[0m TaskRunner hostname: trial-302172199-trialrun-302172199-worker-0, PID: 687321
[36m(TaskRunner pid=687321)[0m {'actor_rollout_ref': {'actor': {'checkpoint': {'load_contents': ['model',
[36m(TaskRunner pid=687321)[0m                                                                   'optimizer',
[36m(TaskRunner pid=687321)[0m                                                                   'extra'],
[36m(TaskRunner pid=687321)[0m                                                 'save_contents': ['model',
[36m(TaskRunner pid=687321)[0m                                                                   'optimizer',
[36m(TaskRunner pid=687321)[0m                                                                   'extra']},
[36m(TaskRunner pid=687321)[0m                                  'chunk_weighted_nll_enable': False,
[36m(TaskRunner pid=687321)[0m                                  'clip_ratio': 0.2,
[36m(TaskRunner pid=687321)[0m                                  'clip_ratio_c': 3.0,
[36m(TaskRunner pid=687321)[0m                                  'clip_ratio_high': 0.2,
[36m(TaskRunner pid=687321)[0m                                  'clip_ratio_low': 0.2,
[36m(TaskRunner pid=687321)[0m                                  'entropy_checkpointing': False,
[36m(TaskRunner pid=687321)[0m                                  'entropy_coeff': 0,
[36m(TaskRunner pid=687321)[0m                                  'entropy_from_logits_with_chunking': False,
[36m(TaskRunner pid=687321)[0m                                  'fsdp_config': {'forward_prefetch': False,
[36m(TaskRunner pid=687321)[0m                                                  'fsdp_size': -1,
[36m(TaskRunner pid=687321)[0m                                                  'offload_policy': False,
[36m(TaskRunner pid=687321)[0m                                                  'optimizer_offload': False,
[36m(TaskRunner pid=687321)[0m                                                  'param_offload': False,
[36m(TaskRunner pid=687321)[0m                                                  'reshard_after_forward': True,
[36m(TaskRunner pid=687321)[0m                                                  'wrap_policy': {'min_num_params': 0}},
[36m(TaskRunner pid=687321)[0m                                  'grad_clip': 1.0,
[36m(TaskRunner pid=687321)[0m                                  'kl_loss_coef': 0.001,
[36m(TaskRunner pid=687321)[0m                                  'kl_loss_type': 'low_var_kl',
[36m(TaskRunner pid=687321)[0m                                  'loss_agg_mode': 'token-mean',
[36m(TaskRunner pid=687321)[0m                                  'optim': {'lr': 5e-07,
[36m(TaskRunner pid=687321)[0m                                            'lr_warmup_steps': -1,
[36m(TaskRunner pid=687321)[0m                                            'lr_warmup_steps_ratio': 0.03,
[36m(TaskRunner pid=687321)[0m                                            'min_lr_ratio': 0.0,
[36m(TaskRunner pid=687321)[0m                                            'num_cycles': 0.5,
[36m(TaskRunner pid=687321)[0m                                            'total_training_steps': -1,
[36m(TaskRunner pid=687321)[0m                                            'warmup_style': 'cosine',
[36m(TaskRunner pid=687321)[0m                                            'weight_decay': 0.01},
[36m(TaskRunner pid=687321)[0m                                  'policy_loss': {'clip_cov_lb': 1.0,
[36m(TaskRunner pid=687321)[0m                                                  'clip_cov_ratio': 0.0002,
[36m(TaskRunner pid=687321)[0m                                                  'clip_cov_ub': 5.0,
[36m(TaskRunner pid=687321)[0m                                                  'kl_cov_ratio': 0.0002,
[36m(TaskRunner pid=687321)[0m                                                  'loss_mode': 'vanilla',
[36m(TaskRunner pid=687321)[0m                                                  'ppo_kl_coef': 0.1},
[36m(TaskRunner pid=687321)[0m                                  'powerflow_beta_coef': 4.0,
[36m(TaskRunner pid=687321)[0m                                  'powerflow_enable': True,
[36m(TaskRunner pid=687321)[0m                                  'powerflow_init_ref_log_prob': 0.36,
[36m(TaskRunner pid=687321)[0m                                  'powerflow_on_policy': False,
[36m(TaskRunner pid=687321)[0m                                  'powerflow_proj_layers': 3,
[36m(TaskRunner pid=687321)[0m                                  'powerflow_use_boxed_reward': True,
[36m(TaskRunner pid=687321)[0m                                  'powerflow_use_chunk_weights': True,
[36m(TaskRunner pid=687321)[0m                                  'ppo_epochs': 1,
[36m(TaskRunner pid=687321)[0m                                  'ppo_max_token_len_per_gpu': 2048,
[36m(TaskRunner pid=687321)[0m                                  'ppo_micro_batch_size': None,
[36m(TaskRunner pid=687321)[0m                                  'ppo_micro_batch_size_per_gpu': 4,
[36m(TaskRunner pid=687321)[0m                                  'ppo_mini_batch_size': 32,
[36m(TaskRunner pid=687321)[0m                                  'profiler': {'all_ranks': False,
[36m(TaskRunner pid=687321)[0m                                               'discrete': False,
[36m(TaskRunner pid=687321)[0m                                               'ranks': None},
[36m(TaskRunner pid=687321)[0m                                  'shuffle': False,
[36m(TaskRunner pid=687321)[0m                                  'strategy': 'fsdp',
[36m(TaskRunner pid=687321)[0m                                  'ulysses_sequence_parallel_size': 1,
[36m(TaskRunner pid=687321)[0m                                  'use_dynamic_bsz': False,
[36m(TaskRunner pid=687321)[0m                                  'use_kl_loss': False,
[36m(TaskRunner pid=687321)[0m                                  'use_torch_compile': True},
[36m(TaskRunner pid=687321)[0m                        'hybrid_engine': True,
[36m(TaskRunner pid=687321)[0m                        'model': {'attn_implementation': 'sdpa',
[36m(TaskRunner pid=687321)[0m                                  'custom_chat_template': None,
[36m(TaskRunner pid=687321)[0m                                  'enable_activation_offload': False,
[36m(TaskRunner pid=687321)[0m                                  'enable_gradient_checkpointing': True,
[36m(TaskRunner pid=687321)[0m                                  'exclude_modules': None,
[36m(TaskRunner pid=687321)[0m                                  'external_lib': None,
[36m(TaskRunner pid=687321)[0m                                  'fused_kernel_options': {'impl_backend': 'triton'},
[36m(TaskRunner pid=687321)[0m                                  'lora_alpha': 16,
[36m(TaskRunner pid=687321)[0m                                  'lora_rank': 0,
[36m(TaskRunner pid=687321)[0m                                  'override_config': {},
[36m(TaskRunner pid=687321)[0m                                  'path': '/models/Qwen2.5-Math-7B',
[36m(TaskRunner pid=687321)[0m                                  'target_modules': 'all-linear',
[36m(TaskRunner pid=687321)[0m                                  'trust_remote_code': False,
[36m(TaskRunner pid=687321)[0m                                  'use_fused_kernels': True,
[36m(TaskRunner pid=687321)[0m                                  'use_liger': False,
[36m(TaskRunner pid=687321)[0m                                  'use_remove_padding': True,
[36m(TaskRunner pid=687321)[0m                                  'use_shm': False},
[36m(TaskRunner pid=687321)[0m                        'ref': {'entropy_checkpointing': False,
[36m(TaskRunner pid=687321)[0m                                'entropy_from_logits_with_chunking': False,
[36m(TaskRunner pid=687321)[0m                                'fsdp_config': {'forward_prefetch': False,
[36m(TaskRunner pid=687321)[0m                                                'param_offload': True,
[36m(TaskRunner pid=687321)[0m                                                'reshard_after_forward': True,
[36m(TaskRunner pid=687321)[0m                                                'wrap_policy': {'min_num_params': 0}},
[36m(TaskRunner pid=687321)[0m                                'log_prob_max_token_len_per_gpu': 2048,
[36m(TaskRunner pid=687321)[0m                                'log_prob_micro_batch_size': None,
[36m(TaskRunner pid=687321)[0m                                'log_prob_micro_batch_size_per_gpu': 4,
[36m(TaskRunner pid=687321)[0m                                'log_prob_use_dynamic_bsz': False,
[36m(TaskRunner pid=687321)[0m                                'profiler': {'all_ranks': False,
[36m(TaskRunner pid=687321)[0m                                             'discrete': False,
[36m(TaskRunner pid=687321)[0m                                             'ranks': None},
[36m(TaskRunner pid=687321)[0m                                'strategy': 'fsdp',
[36m(TaskRunner pid=687321)[0m                                'ulysses_sequence_parallel_size': 1,
[36m(TaskRunner pid=687321)[0m                                'use_torch_compile': True},
[36m(TaskRunner pid=687321)[0m                        'rollout': {'agent': {'num_workers': 8},
[36m(TaskRunner pid=687321)[0m                                    'calculate_log_probs': True,
[36m(TaskRunner pid=687321)[0m                                    'disable_log_stats': True,
[36m(TaskRunner pid=687321)[0m                                    'do_sample': True,
[36m(TaskRunner pid=687321)[0m                                    'dtype': 'bfloat16',
[36m(TaskRunner pid=687321)[0m                                    'enable_chunked_prefill': True,
[36m(TaskRunner pid=687321)[0m                                    'enforce_eager': False,
[36m(TaskRunner pid=687321)[0m                                    'engine_kwargs': {'sglang': {'attention_backend': None},
[36m(TaskRunner pid=687321)[0m                                                      'vllm': {'attention_config': {'backend': 'FLASH_ATTN'},
[36m(TaskRunner pid=687321)[0m                                                               'disable_mm_preprocessor_cache': False,
[36m(TaskRunner pid=687321)[0m                                                               'swap_space': None}},
[36m(TaskRunner pid=687321)[0m                                    'free_cache_engine': False,
[36m(TaskRunner pid=687321)[0m                                    'gpu_memory_utilization': 0.82,
[36m(TaskRunner pid=687321)[0m                                    'ignore_eos': False,
[36m(TaskRunner pid=687321)[0m                                    'layered_summon': False,
[36m(TaskRunner pid=687321)[0m                                    'load_format': 'dummy_dtensor',
[36m(TaskRunner pid=687321)[0m                                    'log_prob_max_token_len_per_gpu': 2048,
[36m(TaskRunner pid=687321)[0m                                    'log_prob_micro_batch_size': None,
[36m(TaskRunner pid=687321)[0m                                    'log_prob_micro_batch_size_per_gpu': 4,
[36m(TaskRunner pid=687321)[0m                                    'log_prob_use_dynamic_bsz': False,
[36m(TaskRunner pid=687321)[0m                                    'logprobs': 1,
[36m(TaskRunner pid=687321)[0m                                    'max_model_len': 4096,
[36m(TaskRunner pid=687321)[0m                                    'max_num_batched_tokens': 32768,
[36m(TaskRunner pid=687321)[0m                                    'max_num_seqs': 1024,
[36m(TaskRunner pid=687321)[0m                                    'mode': 'sync',
[36m(TaskRunner pid=687321)[0m                                    'multi_stage_wake_up': False,
[36m(TaskRunner pid=687321)[0m                                    'multi_turn': {'completion_callback': None,
[36m(TaskRunner pid=687321)[0m                                                   'enable': False,
[36m(TaskRunner pid=687321)[0m                                                   'format': 'hermes',
[36m(TaskRunner pid=687321)[0m                                                   'interaction_config_path': None,
[36m(TaskRunner pid=687321)[0m                                                   'max_assistant_turns': None,
[36m(TaskRunner pid=687321)[0m                                                   'max_parallel_calls': 1,
[36m(TaskRunner pid=687321)[0m                                                   'max_tool_response_length': 256,
[36m(TaskRunner pid=687321)[0m                                                   'max_user_turns': None,
[36m(TaskRunner pid=687321)[0m                                                   'tokenization_sanity_check_mode': 'strict',
[36m(TaskRunner pid=687321)[0m                                                   'tool_config_path': None,
[36m(TaskRunner pid=687321)[0m                                                   'tool_response_truncate_side': 'middle',
[36m(TaskRunner pid=687321)[0m                                                   'use_inference_chat_template': False},
[36m(TaskRunner pid=687321)[0m                                    'n': 32,
[36m(TaskRunner pid=687321)[0m                                    'name': 'vllm',
[36m(TaskRunner pid=687321)[0m                                    'profiler': {'all_ranks': False,
[36m(TaskRunner pid=687321)[0m                                                 'discrete': False,
[36m(TaskRunner pid=687321)[0m                                                 'ranks': None},
[36m(TaskRunner pid=687321)[0m                                    'prompt_length': 1024,
[36m(TaskRunner pid=687321)[0m                                    'response_length': 3072,
[36m(TaskRunner pid=687321)[0m                                    'temperature': 1.0,
[36m(TaskRunner pid=687321)[0m                                    'tensor_model_parallel_size': 1,
[36m(TaskRunner pid=687321)[0m                                    'top_k': -1,
[36m(TaskRunner pid=687321)[0m                                    'top_p': 1,
[36m(TaskRunner pid=687321)[0m                                    'use_rollout_log_probs_as_old': True,
[36m(TaskRunner pid=687321)[0m                                    'val_kwargs': {'do_sample': True,
[36m(TaskRunner pid=687321)[0m                                                   'n': 16,
[36m(TaskRunner pid=687321)[0m                                                   'temperature': 0.6,
[36m(TaskRunner pid=687321)[0m                                                   'top_k': -1,
[36m(TaskRunner pid=687321)[0m                                                   'top_p': 0.95}}},
[36m(TaskRunner pid=687321)[0m  'algorithm': {'adv_estimator': 'grpo',
[36m(TaskRunner pid=687321)[0m                'gamma': 1.0,
[36m(TaskRunner pid=687321)[0m                'kl_ctrl': {'horizon': 10000,
[36m(TaskRunner pid=687321)[0m                            'kl_coef': 0.0,
[36m(TaskRunner pid=687321)[0m                            'target_kl': 0.1,
[36m(TaskRunner pid=687321)[0m                            'type': 'fixed'},
[36m(TaskRunner pid=687321)[0m                'kl_penalty': 'kl',
[36m(TaskRunner pid=687321)[0m                'lam': 1.0,
[36m(TaskRunner pid=687321)[0m                'norm_adv_by_std_in_grpo': True,
[36m(TaskRunner pid=687321)[0m                'pf_ppo': {'reweight_method': 'pow', 'weight_pow': 2.0},
[36m(TaskRunner pid=687321)[0m                'use_kl_in_reward': False,
[36m(TaskRunner pid=687321)[0m                'use_pf_ppo': False},
[36m(TaskRunner pid=687321)[0m  'critic': {'checkpoint': {'load_contents': ['model', 'optimizer', 'extra'],
[36m(TaskRunner pid=687321)[0m                            'save_contents': ['model', 'optimizer', 'extra']},
[36m(TaskRunner pid=687321)[0m             'cliprange_value': 0.5,
[36m(TaskRunner pid=687321)[0m             'forward_max_token_len_per_gpu': 32768,
[36m(TaskRunner pid=687321)[0m             'forward_micro_batch_size': None,
[36m(TaskRunner pid=687321)[0m             'forward_micro_batch_size_per_gpu': 4,
[36m(TaskRunner pid=687321)[0m             'grad_clip': 1.0,
[36m(TaskRunner pid=687321)[0m             'loss_agg_mode': 'token-mean',
[36m(TaskRunner pid=687321)[0m             'model': {'attn_implementation': 'sdpa',
[36m(TaskRunner pid=687321)[0m                       'enable_activation_offload': False,
[36m(TaskRunner pid=687321)[0m                       'enable_gradient_checkpointing': True,
[36m(TaskRunner pid=687321)[0m                       'external_lib': None,
[36m(TaskRunner pid=687321)[0m                       'fsdp_config': {'forward_prefetch': False,
[36m(TaskRunner pid=687321)[0m                                       'fsdp_size': -1,
[36m(TaskRunner pid=687321)[0m                                       'offload_policy': False,
[36m(TaskRunner pid=687321)[0m                                       'optimizer_offload': False,
[36m(TaskRunner pid=687321)[0m                                       'param_offload': False,
[36m(TaskRunner pid=687321)[0m                                       'reshard_after_forward': True,
[36m(TaskRunner pid=687321)[0m                                       'wrap_policy': {'min_num_params': 0}},
[36m(TaskRunner pid=687321)[0m                       'lora_alpha': 16,
[36m(TaskRunner pid=687321)[0m                       'lora_rank': 0,
[36m(TaskRunner pid=687321)[0m                       'override_config': {},
[36m(TaskRunner pid=687321)[0m                       'path': '/models/Qwen2.5-Math-7B',
[36m(TaskRunner pid=687321)[0m                       'target_modules': 'all-linear',
[36m(TaskRunner pid=687321)[0m                       'tokenizer_path': '/models/Qwen2.5-Math-7B',
[36m(TaskRunner pid=687321)[0m                       'trust_remote_code': False,
[36m(TaskRunner pid=687321)[0m                       'use_remove_padding': True,
[36m(TaskRunner pid=687321)[0m                       'use_shm': False},
[36m(TaskRunner pid=687321)[0m             'optim': {'lr': 9e-06,
[36m(TaskRunner pid=687321)[0m                       'lr_warmup_steps_ratio': 0.0,
[36m(TaskRunner pid=687321)[0m                       'min_lr_ratio': None,
[36m(TaskRunner pid=687321)[0m                       'total_training_steps': -1,
[36m(TaskRunner pid=687321)[0m                       'warmup_style': 'constant',
[36m(TaskRunner pid=687321)[0m                       'weight_decay': 0.01},
[36m(TaskRunner pid=687321)[0m             'ppo_epochs': 1,
[36m(TaskRunner pid=687321)[0m             'ppo_max_token_len_per_gpu': 32768,
[36m(TaskRunner pid=687321)[0m             'ppo_micro_batch_size': None,
[36m(TaskRunner pid=687321)[0m             'ppo_micro_batch_size_per_gpu': 4,
[36m(TaskRunner pid=687321)[0m             'ppo_mini_batch_size': 32,
[36m(TaskRunner pid=687321)[0m             'profiler': {'all_ranks': False, 'discrete': False, 'ranks': None},
[36m(TaskRunner pid=687321)[0m             'rollout_n': 32,
[36m(TaskRunner pid=687321)[0m             'shuffle': False,
[36m(TaskRunner pid=687321)[0m             'strategy': 'fsdp',
[36m(TaskRunner pid=687321)[0m             'ulysses_sequence_parallel_size': 1,
[36m(TaskRunner pid=687321)[0m             'use_dynamic_bsz': False},
[36m(TaskRunner pid=687321)[0m  'custom_reward_function': {'name': 'reward_func',
[36m(TaskRunner pid=687321)[0m                             'path': './verl/utils/reward_score/ttrl_math/__init__.py'},
[36m(TaskRunner pid=687321)[0m  'data': {'custom_cls': {'name': None, 'path': None},
[36m(TaskRunner pid=687321)[0m           'filter_overlong_prompts': True,
[36m(TaskRunner pid=687321)[0m           'filter_overlong_prompts_workers': 1,
[36m(TaskRunner pid=687321)[0m           'image_key': 'images',
[36m(TaskRunner pid=687321)[0m           'max_prompt_length': 1024,
[36m(TaskRunner pid=687321)[0m           'max_response_length': 3072,
[36m(TaskRunner pid=687321)[0m           'prompt_key': 'prompt',
[36m(TaskRunner pid=687321)[0m           'return_full_prompt': False,
[36m(TaskRunner pid=687321)[0m           'return_raw_chat': False,
[36m(TaskRunner pid=687321)[0m           'return_raw_input_ids': False,
[36m(TaskRunner pid=687321)[0m           'reward_fn_key': 'data_source',
[36m(TaskRunner pid=687321)[0m           'shuffle': True,
[36m(TaskRunner pid=687321)[0m           'tokenizer': None,
[36m(TaskRunner pid=687321)[0m           'train_batch_size': 32,
[36m(TaskRunner pid=687321)[0m           'train_files': ['/mlx_devbox/users/quyanyi/playground/TTRL/verl/data/MATH-TTT/train.parquet'],
[36m(TaskRunner pid=687321)[0m           'truncation': 'error',
[36m(TaskRunner pid=687321)[0m           'trust_remote_code': False,
[36m(TaskRunner pid=687321)[0m           'use_shm': False,
[36m(TaskRunner pid=687321)[0m           'val_batch_size': None,
[36m(TaskRunner pid=687321)[0m           'val_files': ['/mlx_devbox/users/quyanyi/playground/TTRL/verl/data/MATH-TTT/test.parquet'],
[36m(TaskRunner pid=687321)[0m           'validation_shuffle': False,
[36m(TaskRunner pid=687321)[0m           'video_key': 'videos'},
[36m(TaskRunner pid=687321)[0m  'ray_init': {'num_cpus': None, 'timeline_json_file': None},
[36m(TaskRunner pid=687321)[0m  'reward_model': {'enable': False,
[36m(TaskRunner pid=687321)[0m                   'forward_max_token_len_per_gpu': 32768,
[36m(TaskRunner pid=687321)[0m                   'launch_reward_fn_async': False,
[36m(TaskRunner pid=687321)[0m                   'max_length': None,
[36m(TaskRunner pid=687321)[0m                   'micro_batch_size': None,
[36m(TaskRunner pid=687321)[0m                   'micro_batch_size_per_gpu': None,
[36m(TaskRunner pid=687321)[0m                   'model': {'attn_implementation': 'sdpa',
[36m(TaskRunner pid=687321)[0m                             'external_lib': None,
[36m(TaskRunner pid=687321)[0m                             'fsdp_config': {'forward_prefetch': False,
[36m(TaskRunner pid=687321)[0m                                             'fsdp_size': -1,
[36m(TaskRunner pid=687321)[0m                                             'param_offload': False,
[36m(TaskRunner pid=687321)[0m                                             'reshard_after_forward': True,
[36m(TaskRunner pid=687321)[0m                                             'wrap_policy': {'min_num_params': 0}},
[36m(TaskRunner pid=687321)[0m                             'input_tokenizer': '/models/Qwen2.5-Math-7B',
[36m(TaskRunner pid=687321)[0m                             'path': '~/models/FsfairX-LLaMA3-RM-v0.1',
[36m(TaskRunner pid=687321)[0m                             'trust_remote_code': False,
[36m(TaskRunner pid=687321)[0m                             'use_fused_kernels': True,
[36m(TaskRunner pid=687321)[0m                             'use_remove_padding': False,
[36m(TaskRunner pid=687321)[0m                             'use_shm': False},
[36m(TaskRunner pid=687321)[0m                   'num_processes': 128,
[36m(TaskRunner pid=687321)[0m                   'profiler': {'all_ranks': False,
[36m(TaskRunner pid=687321)[0m                                'discrete': False,
[36m(TaskRunner pid=687321)[0m                                'ranks': None},
[36m(TaskRunner pid=687321)[0m                   'reward_manager': 'prime',
[36m(TaskRunner pid=687321)[0m                   'sandbox_fusion': {'max_concurrent': 64,
[36m(TaskRunner pid=687321)[0m                                      'memory_limit_mb': 1024,
[36m(TaskRunner pid=687321)[0m                                      'url': None},
[36m(TaskRunner pid=687321)[0m                   'strategy': 'fsdp',
[36m(TaskRunner pid=687321)[0m                   'ulysses_sequence_parallel_size': 1,
[36m(TaskRunner pid=687321)[0m                   'use_dynamic_bsz': False},
[36m(TaskRunner pid=687321)[0m  'trainer': {'balance_batch': True,
[36m(TaskRunner pid=687321)[0m              'controller_nsight_options': {'cuda-graph-trace': 'graph',
[36m(TaskRunner pid=687321)[0m                                            'cuda-memory-usage': 'true',
[36m(TaskRunner pid=687321)[0m Generating train split: 0 examples [00:00, ? examples/s]Generating train split: 500 examples [00:00, 121482.48 examples/s]
[36m(TaskRunner pid=687321)[0m Setting TOKENIZERS_PARALLELISM=false for forked processes.
[36m(TaskRunner pid=687321)[0m WARNING:2026-08-01 03:42:08,624:Setting TOKENIZERS_PARALLELISM=false for forked processes.
[36m(TaskRunner pid=687321)[0m Filtering prompts longer than 1024 tokens (num_proc=1):   0%|          | 0/500 [00:00<?, ? examples/s]
[36m(TaskRunner pid=687321)[0m Filtering prompts longer than 1024 tokens (num_proc=1): 100%|██████████| 500/500 [00:01<00:00, 298.69 examples/s]
[36m(TaskRunner pid=687321)[0m Filtering prompts longer than 1024 tokens (num_proc=1): 100%|██████████| 500/500 [00:01<00:00, 278.48 examples/s]
[36m(TaskRunner pid=687321)[0m Generating train split: 0 examples [00:00, ? examples/s]Generating train split: 500 examples [00:00, 158060.90 examples/s]
[36m(TaskRunner pid=687321)[0m Setting TOKENIZERS_PARALLELISM=false for forked processes.
[36m(TaskRunner pid=687321)[0m WARNING:2026-08-01 03:42:11,538:Setting TOKENIZERS_PARALLELISM=false for forked processes.
[36m(TaskRunner pid=687321)[0m Filtering prompts longer than 1024 tokens (num_proc=1):   0%|          | 0/500 [00:00<?, ? examples/s]
[36m(TaskRunner pid=687321)[0m Filtering prompts longer than 1024 tokens (num_proc=1): 100%|██████████| 500/500 [00:01<00:00, 294.38 examples/s]
[36m(TaskRunner pid=687321)[0m Filtering prompts longer than 1024 tokens (num_proc=1): 100%|██████████| 500/500 [00:01<00:00, 273.06 examples/s]
[36m(TaskRunner pid=687321)[0m DeprecationWarning: `ray.state.available_resources_per_node` is a private attribute and access will be removed in a future Ray version.
[36m(pid=687322)[0m /mlx_devbox/users/quyanyi/playground/TTRL/verl/verl/__init__.py:18: UserWarning: pkg_resources is deprecated as an API. See https://setuptools.pypa.io/en/latest/pkg_resources.html. The pkg_resources package is slated for removal as early as 2025-11-30. Refrain from using this package or pin to Setuptools<81.
[36m(pid=687322)[0m   import pkg_resources
[36m(pid=687326)[0m /mlx_devbox/users/quyanyi/playground/.venvs/ttrl_b200/lib/python3.11/site-packages/huggingface_hub/constants.py:298: FutureWarning: The `HF_HUB_ENABLE_HF_TRANSFER` environment variable is deprecated as 'hf_transfer' is not used anymore. Please use `HF_XET_HIGH_PERFORMANCE` instead to enable high performance transfer with Xet. Visit https://huggingface.co/docs/huggingface_hub/package_reference/environment_variables#hfxethighperformance for more details.
[36m(pid=687326)[0m   warnings.warn(
[36m(pid=687328)[0m /mlx_devbox/users/quyanyi/playground/TTRL/verl/verl/__init__.py:18: UserWarning: pkg_resources is deprecated as an API. See https://setuptools.pypa.io/en/latest/pkg_resources.html. The pkg_resources package is slated for removal as early as 2025-11-30. Refrain from using this package or pin to Setuptools<81.[32m [repeated 7x across cluster] (Ray deduplicates logs by default. Set RAY_DEDUP_LOGS=0 to disable log deduplication, or see https://docs.ray.io/en/master/ray-observability/user-guides/configure-logging.html#log-deduplication for more options.)[0m
[36m(pid=687328)[0m   import pkg_resources[32m [repeated 7x across cluster][0m
[36m(WorkerDict pid=687322)[0m WARNING:2026-08-01 03:42:33,075:Initializing torch.distributed: rank=0 world_size=8 init_method=tcp://[fdbd:dc61:ff:f000:ffff:ffff:0:16]:40657 master=fdbd:dc61:ff:f000:ffff:ffff:0:16:40657
[36m(pid=687328)[0m /mlx_devbox/users/quyanyi/playground/.venvs/ttrl_b200/lib/python3.11/site-packages/huggingface_hub/constants.py:298: FutureWarning: The `HF_HUB_ENABLE_HF_TRANSFER` environment variable is deprecated as 'hf_transfer' is not used anymore. Please use `HF_XET_HIGH_PERFORMANCE` instead to enable high performance transfer with Xet. Visit https://huggingface.co/docs/huggingface_hub/package_reference/environment_variables#hfxethighperformance for more details.[32m [repeated 7x across cluster][0m
[36m(pid=687328)[0m   warnings.warn([32m [repeated 7x across cluster][0m
[36m(WorkerDict pid=687322)[0m [W801 03:42:35.440096343 ProcessGroupNCCL.cpp:932] Warning: TORCH_NCCL_AVOID_RECORD_STREAMS is the default now, this environment variable is thus deprecated. (function operator())
[36m(TaskRunner pid=687321)[0m                                            'trace': 'cuda,nvtx,cublas,ucx'},
[36m(TaskRunner pid=687321)[0m              'critic_warmup': 0,
[36m(TaskRunner pid=687321)[0m              'default_hdfs_dir': None,
[36m(TaskRunner pid=687321)[0m              'default_local_dir': '/tmp/ttrl_b200/checkpoints/ttrl_chunk_state_powerflow_label_consistent_c128_probe4_b32_r32_v64_3step_20260801',
[36m(TaskRunner pid=687321)[0m              'del_local_ckpt_after_load': False,
[36m(TaskRunner pid=687321)[0m              'device': 'cuda',
[36m(TaskRunner pid=687321)[0m              'esi_redundant_time': 0,
[36m(TaskRunner pid=687321)[0m              'experiment_name': '0801-ttrl_chunk_state_powerflow_label_consistent_c128_probe4_b32_r32_v64_3step_20260801-MATH-TTT-Qwen2.5-Math-7B-label-consistent-c128-powerflow',
[36m(TaskRunner pid=687321)[0m              'final_val_enable': False,
[36m(TaskRunner pid=687321)[0m              'log_val_generations': 0,
[36m(TaskRunner pid=687321)[0m              'logger': ['console'],
[36m(TaskRunner pid=687321)[0m              'max_actor_ckpt_to_keep': 0,
[36m(TaskRunner pid=687321)[0m              'max_critic_ckpt_to_keep': 0,
[36m(TaskRunner pid=687321)[0m              'n_gpus_per_node': 8,
[36m(TaskRunner pid=687321)[0m              'nnodes': 1,
[36m(TaskRunner pid=687321)[0m              'profile_steps': None,
[36m(TaskRunner pid=687321)[0m              'project_name': 'TTRL-verl-local',
[36m(TaskRunner pid=687321)[0m              'ray_wait_register_center_timeout': 300,
[36m(TaskRunner pid=687321)[0m              'resume_from_path': None,
[36m(TaskRunner pid=687321)[0m              'resume_mode': 'disable',
[36m(TaskRunner pid=687321)[0m              'rollout_data_dir': None,
[36m(TaskRunner pid=687321)[0m              'save_freq': 2000000,
[36m(TaskRunner pid=687321)[0m              'test_freq': 2000000,
[36m(TaskRunner pid=687321)[0m              'total_epochs': 10,
[36m(TaskRunner pid=687321)[0m              'total_training_steps': 3,
[36m(TaskRunner pid=687321)[0m              'val_before_train': False,
[36m(TaskRunner pid=687321)[0m              'val_only': False,
[36m(TaskRunner pid=687321)[0m              'validation_data_dir': None,
[36m(TaskRunner pid=687321)[0m              'worker_nsight_options': {'capture-range': 'cudaProfilerApi',
[36m(TaskRunner pid=687321)[0m                                        'capture-range-end': None,
[36m(TaskRunner pid=687321)[0m                                        'cuda-graph-trace': 'graph',
[36m(TaskRunner pid=687321)[0m                                        'cuda-memory-usage': 'true',
[36m(TaskRunner pid=687321)[0m                                        'kill': 'none',
[36m(TaskRunner pid=687321)[0m                                        'trace': 'cuda,nvtx,cublas,ucx'}},
[36m(TaskRunner pid=687321)[0m  'ttrl': {'chunk_state_actor_span': 'chunk',
[36m(TaskRunner pid=687321)[0m           'chunk_state_alpha': 2.0,
[36m(TaskRunner pid=687321)[0m           'chunk_state_boundaries': [0,
[36m(TaskRunner pid=687321)[0m                                      128,
[36m(TaskRunner pid=687321)[0m                                      256,
[36m(TaskRunner pid=687321)[0m                                      384,
[36m(TaskRunner pid=687321)[0m                                      512,
[36m(TaskRunner pid=687321)[0m                                      640,
[36m(TaskRunner pid=687321)[0m                                      768,
[36m(TaskRunner pid=687321)[0m                                      896,
[36m(TaskRunner pid=687321)[0m                                      1024],
[36m(TaskRunner pid=687321)[0m           'chunk_state_candidates': 8,
[36m(TaskRunner pid=687321)[0m           'chunk_state_chunk_size': 128,
[36m(TaskRunner pid=687321)[0m           'chunk_state_confidence_power': 0.0,
[36m(TaskRunner pid=687321)[0m           'chunk_state_diag_enable': True,
[36m(TaskRunner pid=687321)[0m           'chunk_state_diag_jsonl': '/mlx_devbox/users/quyanyi/playground/TTRL/important_experiment_logs/chunk_state_diag/ttrl_chunk_state_powerflow_label_consistent_c128_probe4_b32_r32_v64_3step_20260801.jsonl',
[36m(TaskRunner pid=687321)[0m           'chunk_state_enable': True,
[36m(TaskRunner pid=687321)[0m           'chunk_state_eps': 0.05,
[36m(TaskRunner pid=687321)[0m           'chunk_state_label_consistent_only': True,
[36m(TaskRunner pid=687321)[0m           'chunk_state_majority_num_processes': 16,
[36m(TaskRunner pid=687321)[0m           'chunk_state_max_prefix_tokens': 1024,
[36m(TaskRunner pid=687321)[0m           'chunk_state_min_answer_coverage': 0.6,
[36m(TaskRunner pid=687321)[0m           'chunk_state_min_boundary': 0,
[36m(TaskRunner pid=687321)[0m           'chunk_state_min_informative_gap': 0.0,
[36m(TaskRunner pid=687321)[0m           'chunk_state_min_majority_ratio': 0.25,
[36m(TaskRunner pid=687321)[0m           'chunk_state_probe_max_tokens': 1024,
[36m(TaskRunner pid=687321)[0m           'chunk_state_probe_samples': 4,
[36m(TaskRunner pid=687321)[0m           'chunk_state_score_mode': 'majority_completion',
[36m(TaskRunner pid=687321)[0m           'chunk_state_skip_all_negative': True,
[36m(TaskRunner pid=687321)[0m           'chunk_state_skip_uniform': True,
[36m(TaskRunner pid=687321)[0m           'chunk_state_source_chunk_candidate_index': 0,
[36m(TaskRunner pid=687321)[0m           'chunk_state_source_chunk_enable': False,
[36m(TaskRunner pid=687321)[0m           'chunk_state_source_mode': 'random',
[36m(TaskRunner pid=687321)[0m           'chunk_state_states_per_prompt': 1,
[36m(TaskRunner pid=687321)[0m           'chunk_state_teacher_anchor_candidate_index': 0,
[36m(TaskRunner pid=687321)[0m           'chunk_state_teacher_anchor_enable': False,
[36m(TaskRunner pid=687321)[0m           'chunk_state_teacher_anchor_score': 1.0,
[36m(TaskRunner pid=687321)[0m           'enable': True,
[36m(TaskRunner pid=687321)[0m           'majority_vote_num_processes': 64,
[36m(TaskRunner pid=687321)[0m           'n_samples_per_prompt': 32,
[36m(TaskRunner pid=687321)[0m           'n_votes_per_prompt': 64,
[36m(TaskRunner pid=687321)[0m           'powerflow_no_majority': False,
[36m(TaskRunner pid=687321)[0m           'sharpened_alpha': 2.0,
[36m(TaskRunner pid=687321)[0m           'sharpened_conf_temperature': 1.0,
[36m(TaskRunner pid=687321)[0m           'sharpened_enable': False,
[36m(TaskRunner pid=687321)[0m           'sharpened_negative_enable': True,
[36m(TaskRunner pid=687321)[0m           'sharpened_negative_reward': -0.25,
[36m(TaskRunner pid=687321)[0m           'sharpened_reward_mode': 'prob',
[36m(TaskRunner pid=687321)[0m           'sharpened_soft_coef': 0.25,
[36m(TaskRunner pid=687321)[0m           'sharpened_tau_low': 0.125,
[36m(TaskRunner pid=687321)[0m           'sharpened_tau_marg': 0.125,
[36m(TaskRunner pid=687321)[0m           'sharpened_tau_pos': 0.375,
[36m(TaskRunner pid=687321)[0m           'sharpened_use_confidence': True}}
[36m(TaskRunner pid=687321)[0m using customized reward function 'reward_func' from './verl/utils/reward_score/ttrl_math/__init__.py'
[36m(TaskRunner pid=687321)[0m using customized reward function 'reward_func' from './verl/utils/reward_score/ttrl_math/__init__.py'
[36m(TaskRunner pid=687321)[0m Using dataset class: RLHFDataset
[36m(TaskRunner pid=687321)[0m dataset len: 500
[36m(TaskRunner pid=687321)[0m filter dataset len: 500
[36m(TaskRunner pid=687321)[0m Using dataset class: RLHFDataset
[36m(TaskRunner pid=687321)[0m dataset len: 500
[36m(TaskRunner pid=687321)[0m filter dataset len: 500
[36m(TaskRunner pid=687321)[0m [validate_config] All configuration checks passed successfully!
[36m(TaskRunner pid=687321)[0m Size of train dataloader: 15, Size of val dataloader: 1
[36m(TaskRunner pid=687321)[0m Total training steps: 3
[36m(TaskRunner pid=687321)[0m colocated worker base class <class 'verl.single_controller.base.worker.Worker'>
[36m(WorkerDict pid=687322)[0m Loading weights:   0%|          | 0/339 [00:00<?, ?it/s]
[36m(WorkerDict pid=687324)[0m Loading weights:   0%|          | 0/339 [00:00<?, ?it/s]Loading weights: 100%|██████████| 339/339 [00:00<00:00, 11839.54it/s]
[36m(WorkerDict pid=687322)[0m Loading weights: 100%|██████████| 339/339 [00:00<00:00, 10692.84it/s]
[36m(WorkerDict pid=687322)[0m Model config after override: Qwen2Config {
[36m(WorkerDict pid=687322)[0m   "architectures": [
[36m(WorkerDict pid=687322)[0m     "Qwen2ForCausalLM"
[36m(WorkerDict pid=687322)[0m   ],
[36m(WorkerDict pid=687322)[0m   "attention_dropout": 0.0,
[36m(WorkerDict pid=687322)[0m   "bos_token_id": null,
[36m(WorkerDict pid=687322)[0m   "dtype": "bfloat16",
[36m(WorkerDict pid=687322)[0m   "eos_token_id": 151643,
[36m(WorkerDict pid=687322)[0m   "hidden_act": "silu",
[36m(WorkerDict pid=687322)[0m   "hidden_size": 3584,
[36m(WorkerDict pid=687322)[0m   "initializer_range": 0.02,
[36m(WorkerDict pid=687322)[0m   "intermediate_size": 18944,
[36m(WorkerDict pid=687322)[0m   "layer_types": [
[36m(WorkerDict pid=687322)[0m     "full_attention",
[36m(WorkerDict pid=687322)[0m     "full_attention",
[36m(WorkerDict pid=687322)[0m     "full_attention",
[36m(WorkerDict pid=687322)[0m     "full_attention",
[36m(WorkerDict pid=687322)[0m     "full_attention",
[36m(WorkerDict pid=687322)[0m     "full_attention",
[36m(WorkerDict pid=687322)[0m     "full_attention",
[36m(WorkerDict pid=687322)[0m     "full_attention",
[36m(WorkerDict pid=687322)[0m     "full_attention",
[36m(WorkerDict pid=687322)[0m     "full_attention",
[36m(WorkerDict pid=687322)[0m     "full_attention",
[36m(WorkerDict pid=687322)[0m     "full_attention",
[36m(WorkerDict pid=687322)[0m     "full_attention",
[36m(WorkerDict pid=687322)[0m     "full_attention",
[36m(WorkerDict pid=687322)[0m     "full_attention",
[36m(WorkerDict pid=687322)[0m     "full_attention",
[36m(WorkerDict pid=687322)[0m     "full_attention",
[36m(WorkerDict pid=687322)[0m     "full_attention",
[36m(WorkerDict pid=687322)[0m     "full_attention",
[36m(WorkerDict pid=687322)[0m     "full_attention",
[36m(WorkerDict pid=687322)[0m     "full_attention",
[36m(WorkerDict pid=687322)[0m     "full_attention",
[36m(WorkerDict pid=687322)[0m     "full_attention",
[36m(WorkerDict pid=687322)[0m     "full_attention",
[36m(WorkerDict pid=687322)[0m     "full_attention",
[36m(WorkerDict pid=687322)[0m     "full_attention",
[36m(WorkerDict pid=687322)[0m     "full_attention",
[36m(WorkerDict pid=687322)[0m     "full_attention"
[36m(WorkerDict pid=687322)[0m   ],
[36m(WorkerDict pid=687322)[0m   "max_position_embeddings": 4096,
[36m(WorkerDict pid=687322)[0m   "max_window_layers": 28,
[36m(WorkerDict pid=687322)[0m   "model_type": "qwen2",
[36m(WorkerDict pid=687322)[0m   "num_attention_heads": 28,
[36m(WorkerDict pid=687322)[0m   "num_hidden_layers": 28,
[36m(WorkerDict pid=687322)[0m   "num_key_value_heads": 4,
[36m(WorkerDict pid=687322)[0m   "pad_token_id": 151643,
[36m(WorkerDict pid=687322)[0m   "rms_norm_eps": 1e-06,
[36m(WorkerDict pid=687322)[0m   "rope_parameters": {
[36m(WorkerDict pid=687322)[0m     "rope_theta": 10000,
[36m(WorkerDict pid=687322)[0m     "rope_type": "default"
[36m(WorkerDict pid=687322)[0m   },
[36m(WorkerDict pid=687322)[0m   "sliding_window": null,
[36m(WorkerDict pid=687322)[0m   "tie_word_embeddings": false,
[36m(WorkerDict pid=687322)[0m   "transformers_version": "5.12.1",
[36m(WorkerDict pid=687322)[0m   "use_cache": true,
[36m(WorkerDict pid=687322)[0m   "use_mrope": false,
[36m(WorkerDict pid=687322)[0m   "use_sliding_window": false,
[36m(WorkerDict pid=687322)[0m   "vocab_size": 152064
[36m(WorkerDict pid=687322)[0m }
[36m(WorkerDict pid=687322)[0m 
[36m(WorkerDict pid=687323)[0m Monkey patch _flash_attention_forward in transformers.integrations.flash_attention
[36m(WorkerDict pid=687324)[0m Using Triton backend for fused kernels in Qwen2ForCausalLM
[36m(WorkerDict pid=687322)[0m ref attention implementation verified: sdpa
[36m(WorkerDict pid=687322)[0m Qwen2ForCausalLM contains 7.62B parameters
[36m(WorkerDict pid=687322)[0m wrap_policy: functools.partial(<function _or_policy at 0x7ee7d1e6f420>, policies=[functools.partial(<function transformer_auto_wrap_policy at 0x7ee7d1e6f2e0>, transformer_layer_cls={<class 'transformers.models.qwen2.modeling_qwen2.Qwen2DecoderLayer'>})])
[36m(WorkerDict pid=687322)[0m trial-302172199-trialrun-302172199-worker-0:687322:687322 [0] NCCL INFO ENV/Plugin: Could not find: libnccl-env.so
[36m(WorkerDict pid=687322)[0m trial-302172199-trialrun-302172199-worker-0:687322:687322 [0] NCCL INFO NCCL_SOCKET_FAMILY set by environment to AF_INET6
[36m(WorkerDict pid=687322)[0m trial-302172199-trialrun-302172199-worker-0:687322:687322 [0] NCCL INFO NCCL_SOCKET_IFNAME set by environment to =eth0
[36m(WorkerDict pid=687322)[0m trial-302172199-trialrun-302172199-worker-0:687322:687322 [0] NCCL INFO cudaDriverVersion 13000
[36m(WorkerDict pid=687322)[0m trial-302172199-trialrun-302172199-worker-0:687322:687322 [0] NCCL INFO NCCL version 2.28.9+cuda13.0
[36m(WorkerDict pid=687322)[0m trial-302172199-trialrun-302172199-worker-0:687322:687322 [0] NCCL INFO Comm config Blocking set to 1
[36m(WorkerDict pid=687322)[0m trial-302172199-trialrun-302172199-worker-0:687322:687322 [0] NCCL INFO NCCL_NET_PLUGIN set by environment to none
[36m(WorkerDict pid=687322)[0m trial-302172199-trialrun-302172199-worker-0:687322:687322 [0] NCCL INFO NCCL_SOCKET_FAMILY set by environment to AF_INET6
[36m(WorkerDict pid=687322)[0m trial-302172199-trialrun-302172199-worker-0:687322:687322 [0] NCCL INFO NCCL_SOCKET_IFNAME set by environment to =eth0
[36m(WorkerDict pid=687322)[0m trial-302172199-trialrun-302172199-worker-0:687322:687322 [0] NCCL INFO NET/Socket : Using [0]eth0:fdbd:dc61:ff:f000:ffff:ffff:0:16<0>
[36m(WorkerDict pid=687322)[0m trial-302172199-trialrun-302172199-worker-0:687322:687322 [0] NCCL INFO Initialized NET plugin Socket
[36m(WorkerDict pid=687322)[0m trial-302172199-trialrun-302172199-worker-0:687322:687322 [0] NCCL INFO Assigned NET plugin Socket to comm
[36m(WorkerDict pid=687322)[0m trial-302172199-trialrun-302172199-worker-0:687322:687322 [0] NCCL INFO Using network Socket
[36m(WorkerDict pid=687322)[0m trial-302172199-trialrun-302172199-worker-0:687322:687322 [0] NCCL INFO ncclCommInitRankConfig comm 0x105cea20 rank 0 nranks 8 cudaDev 0 nvmlDev 0 busId f000 commId 0x949e3fa06384c1fe - Init START
[36m(WorkerDict pid=687322)[0m trial-302172199-trialrun-302172199-worker-0:687322:687322 [0] NCCL INFO RAS client listening socket at ::1<28028>
[36m(WorkerDict pid=687322)[0m trial-302172199-trialrun-302172199-worker-0:687322:687322 [0] NCCL INFO MNNVL busId 0xf000 fabric UUID 0.0 cliqueId 0x0 state 3 healthMask 0x80
[36m(WorkerDict pid=687322)[0m trial-302172199-trialrun-302172199-worker-0:687322:687322 [0] NCCL INFO Could not find real path of /sys/class/pci_bus/fffffff/../../fffffff:ff:f
[36m(WorkerDict pid=687322)[0m trial-302172199-trialrun-302172199-worker-0:687322:687322 [0] NCCL INFO TOPO/NET : Importing network plugins to topology
[36m(WorkerDict pid=687322)[0m trial-302172199-trialrun-302172199-worker-0:687322:687322 [0] NCCL INFO ncclTopoPopulateNics : Filled eth0 in topo with pciPath=(null) keep=1 coll=(null)
[36m(WorkerDict pid=687322)[0m trial-302172199-trialrun-302172199-worker-0:687322:687322 [0] NCCL INFO === System : maxBw 721.8 totalBw 721.8 ===
[36m(WorkerDict pid=687322)[0m trial-302172199-trialrun-302172199-worker-0:687322:687322 [0] NCCL INFO CPU/0-0 (1/1/4)
[36m(WorkerDict pid=687322)[0m trial-302172199-trialrun-302172199-worker-0:687322:687322 [0] NCCL INFO + PCI[5000.0] - NIC/0-0
[36m(WorkerDict pid=687322)[0m trial-302172199-trialrun-302172199-worker-0:687322:687322 [0] NCCL INFO                 + NET[1.2] - NET/0-0 (0/0/0/1.250000)
[36m(WorkerDict pid=687322)[0m trial-302172199-trialrun-302172199-worker-0:687322:687322 [0] NCCL INFO                 + NET[1.2] - NET/0-0 (0/0/0/1.250000)
[36m(WorkerDict pid=687322)[0m trial-302172199-trialrun-302172199-worker-0:687322:687322 [0] NCCL INFO + PCI[48.0] - PCI/0-8000 (1000c0301000ffff)
[36m(WorkerDict pid=687322)[0m trial-302172199-trialrun-302172199-worker-0:687322:687322 [0] NCCL INFO               + PCI[48.0] - GPU/0-f000 (0)
[36m(WorkerDict pid=687322)[0m trial-302172199-trialrun-302172199-worker-0:687322:687322 [0] NCCL INFO                             + NVL[721.8] - NVS/0-0
[36m(WorkerDict pid=687322)[0m trial-302172199-trialrun-302172199-worker-0:687322:687322 [0] NCCL INFO + PCI[48.0] - PCI/0-26000 (1000c0301000ffff)
[36m(WorkerDict pid=687322)[0m trial-302172199-trialrun-302172199-worker-0:687322:687322 [0] NCCL INFO               + PCI[48.0] - GPU/0-2d000 (1)
[36m(WorkerDict pid=687322)[0m trial-302172199-trialrun-302172199-worker-0:687322:687322 [0] NCCL INFO                             + NVL[721.8] - NVS/0-0
[36m(WorkerDict pid=687322)[0m trial-302172199-trialrun-302172199-worker-0:687322:687322 [0] NCCL INFO + PCI[48.0] - PCI/0-3d000 (1000c0301000ffff)
[36m(WorkerDict pid=687322)[0m trial-302172199-trialrun-302172199-worker-0:687322:687322 [0] NCCL INFO               + PCI[48.0] - GPU/0-44000 (2)
[36m(WorkerDict pid=687322)[0m trial-302172199-trialrun-302172199-worker-0:687322:687322 [0] NCCL INFO                             + NVL[721.8] - NVS/0-0
[36m(WorkerDict pid=687322)[0m trial-302172199-trialrun-302172199-worker-0:687322:687322 [0] NCCL INFO + PCI[48.0] - PCI/0-54000 (1000c0301000ffff)
[36m(WorkerDict pid=687322)[0m trial-302172199-trialrun-302172199-worker-0:687322:687322 [0] NCCL INFO               + PCI[48.0] - GPU/0-5b000 (3)
[36m(WorkerDict pid=687322)[0m trial-302172199-trialrun-302172199-worker-0:687322:687322 [0] NCCL INFO                             + NVL[721.8] - NVS/0-0
[36m(WorkerDict pid=687322)[0m trial-302172199-trialrun-302172199-worker-0:687322:687322 [0] NCCL INFO + SYS[40.0] - CPU/0-1
[36m(WorkerDict pid=687322)[0m trial-302172199-trialrun-302172199-worker-0:687322:687322 [0] NCCL INFO CPU/0-1 (1/1/4)
[36m(WorkerDict pid=687322)[0m trial-302172199-trialrun-302172199-worker-0:687322:687322 [0] NCCL INFO + PCI[48.0] - PCI/0-82000 (1000c0301000ffff)
[36m(WorkerDict pid=687322)[0m trial-302172199-trialrun-302172199-worker-0:687322:687322 [0] NCCL INFO               + PCI[48.0] - GPU/0-89000 (4)
[36m(WorkerDict pid=687322)[0m trial-302172199-trialrun-302172199-worker-0:687322:687322 [0] NCCL INFO                             + NVL[721.8] - NVS/0-0
[36m(WorkerDict pid=687322)[0m trial-302172199-trialrun-302172199-worker-0:687322:687322 [0] NCCL INFO + PCI[48.0] - PCI/0-a1000 (1000c0301000ffff)
[36m(WorkerDict pid=687322)[0m trial-302172199-trialrun-302172199-worker-0:687322:687322 [0] NCCL INFO               + PCI[48.0] - GPU/0-a8000 (5)
[36m(WorkerDict pid=687322)[0m trial-302172199-trialrun-302172199-worker-0:687322:687322 [0] NCCL INFO                             + NVL[721.8] - NVS/0-0
[36m(WorkerDict pid=687322)[0m trial-302172199-trialrun-302172199-worker-0:687322:687322 [0] NCCL INFO + PCI[48.0] - PCI/0-b9000 (1000c0301000ffff)
[36m(WorkerDict pid=687322)[0m trial-302172199-trialrun-302172199-worker-0:687322:687322 [0] NCCL INFO               + PCI[48.0] - GPU/0-c0000 (6)
[36m(WorkerDict pid=687322)[0m trial-302172199-trialrun-302172199-worker-0:687322:687322 [0] NCCL INFO                             + NVL[721.8] - NVS/0-0
[36m(WorkerDict pid=687322)[0m trial-302172199-trialrun-302172199-worker-0:687322:687322 [0] NCCL INFO + PCI[48.0] - PCI/0-d1000 (1000c0301000ffff)
[36m(WorkerDict pid=687322)[0m trial-302172199-trialrun-302172199-worker-0:687322:687322 [0] NCCL INFO               + PCI[48.0] - GPU/0-d8000 (7)
[36m(WorkerDict pid=687322)[0m trial-302172199-trialrun-302172199-worker-0:687322:687322 [0] NCCL INFO                             + NVL[721.8] - NVS/0-0
[36m(WorkerDict pid=687322)[0m trial-302172199-trialrun-302172199-worker-0:687322:687322 [0] NCCL INFO + SYS[40.0] - CPU/0-0
[36m(WorkerDict pid=687322)[0m trial-302172199-trialrun-302172199-worker-0:687322:687322 [0] NCCL INFO ==========================================
[36m(WorkerDict pid=687322)[0m trial-302172199-trialrun-302172199-worker-0:687322:687322 [0] NCCL INFO GPU/0-f000 :GPU/0-f000 (0/5000.0/LOC) GPU/0-2d000 (2/721.8/NVL) GPU/0-44000 (2/721.8/NVL) GPU/0-5b000 (2/721.8/NVL) GPU/0-89000 (2/721.8/NVL) GPU/0-a8000 (2/721.8/NVL) GPU/0-c0000 (2/721.8/NVL) GPU/0-d8000 (2/721.8/NVL) NVS/0-0 (1/721.8/NVL) CPU/0-0 (2/48.0/PHB) CPU/0-1 (3/40.0/SYS) NET/0-0 (4/1.2/PHB) NET/0-0 (0/0.0/DIS) 
[36m(WorkerDict pid=687322)[0m trial-302172199-trialrun-302172199-worker-0:687322:687322 [0] NCCL INFO GPU/0-2d000 :GPU/0-f000 (2/721.8/NVL) GPU/0-2d000 (0/5000.0/LOC) GPU/0-44000 (2/721.8/NVL) GPU/0-5b000 (2/721.8/NVL) GPU/0-89000 (2/721.8/NVL) GPU/0-a8000 (2/721.8/NVL) GPU/0-c0000 (2/721.8/NVL) GPU/0-d8000 (2/721.8/NVL) NVS/0-0 (1/721.8/NVL) CPU/0-0 (2/48.0/PHB) CPU/0-1 (3/40.0/SYS) NET/0-0 (4/1.2/PHB) NET/0-0 (0/0.0/DIS) 
[36m(WorkerDict pid=687322)[0m trial-302172199-trialrun-302172199-worker-0:687322:687322 [0] NCCL INFO GPU/0-44000 :GPU/0-f000 (2/721.8/NVL) GPU/0-2d000 (2/721.8/NVL) GPU/0-44000 (0/5000.0/LOC) GPU/0-5b000 (2/721.8/NVL) GPU/0-89000 (2/721.8/NVL) GPU/0-a8000 (2/721.8/NVL) GPU/0-c0000 (2/721.8/NVL) GPU/0-d8000 (2/721.8/NVL) NVS/0-0 (1/721.8/NVL) CPU/0-0 (2/48.0/PHB) CPU/0-1 (3/40.0/SYS) NET/0-0 (4/1.2/PHB) NET/0-0 (0/0.0/DIS) 
[36m(WorkerDict pid=687322)[0m trial-302172199-trialrun-302172199-worker-0:687322:687322 [0] NCCL INFO GPU/0-5b000 :GPU/0-f000 (2/721.8/NVL) GPU/0-2d000 (2/721.8/NVL) GPU/0-44000 (2/721.8/NVL) GPU/0-5b000 (0/5000.0/LOC) GPU/0-89000 (2/721.8/NVL) GPU/0-a8000 (2/721.8/NVL) GPU/0-c0000 (2/721.8/NVL) GPU/0-d8000 (2/721.8/NVL) NVS/0-0 (1/721.8/NVL) CPU/0-0 (2/48.0/PHB) CPU/0-1 (3/40.0/SYS) NET/0-0 (4/1.2/PHB) NET/0-0 (0/0.0/DIS) 
[36m(WorkerDict pid=687322)[0m trial-302172199-trialrun-302172199-worker-0:687322:687322 [0] NCCL INFO GPU/0-89000 :GPU/0-f000 (2/721.8/NVL) GPU/0-2d000 (2/721.8/NVL) GPU/0-44000 (2/721.8/NVL) GPU/0-5b000 (2/721.8/NVL) GPU/0-89000 (0/5000.0/LOC) GPU/0-a8000 (2/721.8/NVL) GPU/0-c0000 (2/721.8/NVL) GPU/0-d8000 (2/721.8/NVL) NVS/0-0 (1/721.8/NVL) CPU/0-0 (3/40.0/SYS) CPU/0-1 (2/48.0/PHB) NET/0-0 (5/1.2/SYS) NET/0-0 (0/0.0/DIS) 
[36m(WorkerDict pid=687322)[0m trial-302172199-trialrun-302172199-worker-0:687322:687322 [0] NCCL INFO GPU/0-a8000 :GPU/0-
[36m(WorkerDict pid=687328)[0m trial-302172199-trialrun-302172199-worker-0:687328:687328 [5] NCCL INFO GPU/0-a8000 :GPU/
[36m(WorkerDict pid=687322)[0m f000 (2/721.8/NVL) GPU/0-2d000 (2/721.8/NVL) GPU/0-44000 (2/721.8/NVL) GPU/0-5b000 (2/721.8/NVL) GPU/0-89000 (2/721.8/NVL) GPU/0-a8000 (0/5000.0/LOC) GPU/0-c0000 (2/721.8/NVL) GPU/0-d8000 (2/721.8/NVL) NVS/0-0 (1/721.8/NVL) CPU/0-0 (3/40.0/SYS) CPU/0-1 (2/48.0/PHB) NET/0-0 (5/1.2/SYS) NET/0-0 (0/0.0/DIS) 
[36m(WorkerDict pid=687322)[0m trial-302172199-trialrun-302172199-worker-0:687322:687322 [0] NCCL INFO ncclTopoGetCpuAffinity: Affinity for GPU 0 is 0-62,128-190. (GPU affinity = 0-63,128-191 ; CPU affinity = 0-62,64-126,128-190,192-254).
[36m(WorkerDict pid=687322)[0m trial-302172199-trialrun-302172199-worker-0:687322:687322 [0] NCCL INFO NCCL_NVLS_ENABLE set by environment to 1.
[36m(WorkerDict pid=687322)[0m trial-302172199-trialrun-302172199-worker-0:687322:687322 [0] NCCL INFO NVLS multicast support is available on dev 0 (NVLS_NCHANNELS 24)
[36m(WorkerDict pid=687322)[0m trial-302172199-trialrun-302172199-worker-0:687322:687322 [0] NCCL INFO Pattern 4, crossNic 0, nChannels 16, bw 45.000000/45.000000, type NVL/PIX, sameChannels 1
[36m(WorkerDict pid=687322)[0m trial-302172199-trialrun-302172199-worker-0:687322:687322 [0] NCCL INFO  0 : GPU/0-f000 GPU/0-2d000 GPU/0-44000 GPU/0-5b000 GPU/0-89000 GPU/0-a8000 GPU/0-c0000 GPU/0-d8000
[36m(WorkerDict pid=687322)[0m trial-302172199-trialrun-302172199-worker-0:687322:687322 [0] NCCL INFO  1 : GPU/0-f000 GPU/0-2d000 GPU/0-44000 GPU/0-5b000 GPU/0-89000 GPU/0-a8000 GPU/0-c0000 GPU/0-d8000
[36m(WorkerDict pid=687322)[0m trial-302172199-trialrun-302172199-worker-0:687322:687322 [0] NCCL INFO  2 : GPU/0-f000 GPU/0-2d000 GPU/0-44000 GPU/0-5b000 GPU/0-89000 GPU/0-a8000 GPU/0-c0000 GPU/0-d8000
[36m(WorkerDict pid=687322)[0m trial-302172199-trialrun-302172199-worker-0:687322:687322 [0] NCCL INFO  3 : GPU/0-f000 GPU/0-2d000 GPU/0-44000 GPU/0-5b000 GPU/0-89000 GPU/0-a8000 GPU/0-c0000 GPU/0-d8000
[36m(WorkerDict pid=687322)[0m trial-302172199-trialrun-302172199-worker-0:687322:687322 [0] NCCL INFO  4 : GPU/0-f000 GPU/0-2d000 GPU/0-44000 GPU/0-5b000 GPU/0-89000 GPU/0-a8000 GPU/0-c0000 GPU/0-d8000
[36m(WorkerDict pid=687322)[0m trial-302172199-trialrun-302172199-worker-0:687322:687322 [0] NCCL INFO  5 : GPU/0-f000 GPU/0-2d000 GPU/0-44000 GPU/0-5b000 GPU/0-89000 GPU/0-a8000 GPU/0-c0000 GPU/0-d8000
[36m(WorkerDict pid=687322)[0m trial-302172199-trialrun-302172199-worker-0:687322:687322 [0] NCCL INFO  6 : GPU/0-f000 GPU/0-2d000 GPU/0-44000 GPU/0-5b000 GPU/0-89000 GPU/0-a8000 GPU/0-c0000 GPU/0-d8000
[36m(WorkerDict pid=687322)[0m trial-302172199-trialrun-302172199-worker-0:687322:687322 [0] NCCL INFO  7 : GPU/0-f000 GPU/0-2d000 GPU/0-44000 GPU/0-5b000 GPU/0-89000 GPU/0-a8000 GPU/0-c0000 GPU/0-d8000
[36m(WorkerDict pid=687322)[0m trial-302172199-trialrun-302172199-worker-0:687322:687322 [0] NCCL INFO  8 : GPU/0-f000 GPU/0-2d000 GPU/0-44000 GPU/0-5b000 GPU/0-89000 GPU/0-a8000 GPU/0-c0000 GPU/0-d8000
[36m(WorkerDict pid=687322)[0m trial-302172199-trialrun-302172199-worker-0:687322:687322 [0] NCCL INFO  9 : GPU/0-f000 GPU/0-2d000 GPU/0-44000 GPU/0-5b000 GPU/0-89000 GPU/0-a8000 GPU/0-c0000 GPU/0-d8000
[36m(WorkerDict pid=687322)[0m trial-302172199-trialrun-302172199-worker-0:687322:687322 [0] NCCL INFO 10 : GPU/0-f000 GPU/0-2d000 GPU/0-44000 GPU/0-5b000 GPU/0-89000 GPU/0-a8000 GPU/0-c0000 GPU/0-d8000
[36m(WorkerDict pid=687322)[0m trial-302172199-trialrun-302172199-worker-0:687322:687322 [0] NCCL INFO 11 : GPU/0-f000 GPU/0-2d000 GPU/0-44000 GPU/0-5b000 GPU/0-89000 GPU/0-a8000 GPU/0-c0000 GPU/0-d8000
[36m(WorkerDict pid=687322)[0m trial-302172199-trialrun-302172199-worker-0:687322:687322 [0] NCCL INFO 12 : GPU/0-f000 GPU/0-2d000 GPU/0-44000 GPU/0-5b000 GPU/0-89000 GPU/0-a8000 GPU/0-c0000 GPU/0-d8000
[36m(WorkerDict pid=687322)[0m trial-302172199-trialrun-302172199-worker-0:687322:687322 [0] NCCL INFO 13 : GPU/0-f000 GPU/0-2d000 GPU/0-44000 GPU/0-5b000 GPU/0-89000 GPU/0-a8000 GPU/0-c0000 GPU/0-d8000
[36m(WorkerDict pid=687322)[0m trial-302172199-trialrun-302172199-worker-0:687322:687322 [0] NCCL INFO 14 : GPU/0-f000 GPU/0-2d000 GPU/0-44000 GPU/0-5b000 GPU/0-89000 GPU/0-a8000 GPU/0-c0000 GPU/0-d8000
[36m(WorkerDict pid=687322)[0m trial-302172199-trialrun-302172199-worker-0:687322:687322 [0] NCCL INFO 15 : GPU/0-f000 GPU/0-2d000 GPU/0-44000 GPU/0-5b000 GPU/0-89000 GPU/0-a8000 GPU/0-c0000 GPU/0-d8000
[36m(WorkerDict pid=687322)[0m trial-302172199-trialrun-302172199-worker-0:687322:687322 [0] NCCL INFO Pattern 1, crossNic 0, nChannels 16, bw 40.000000/40.000000, type NVL/PIX, sameChannels 1
[36m(WorkerDict pid=687322)[0m trial-302172199-trialrun-302172199-worker-0:687322:687322 [0] NCCL INFO  0 : GPU/0-f000 GPU/0-2d000 GPU/0-44000 GPU/0-5b000 GPU/0-89000 GPU/0-a8000 GPU/0-c0000 GPU/0-d8000
[36m(WorkerDict pid=687322)[0m trial-302172199-trialrun-302172199-worker-0:687322:687322 [0] NCCL INFO  1 : GPU/0-f000 GPU/0-2d000 GPU/0-44000 GPU/0-5b000 GPU/0-89000 GPU/0-a8000 GPU/0-c0000 GPU/0-d8000
[36m(WorkerDict pid=687322)[0m trial-302172199-trialrun-302172199-worker-0:687322:687322 [0] NCCL INFO  2 : GPU/0-f000 GPU/0-2d000 GPU/0-44000 GPU/0-5b000 GPU/0-89000 GPU/0-a8000 GPU/0-c0000 GPU/0-d8000
[36m(WorkerDict pid=687322)[0m trial-302172199-trialrun-302172199-worker-0:687322:687322 [0] NCCL INFO  3 : GPU/0-f000 GPU/0-2d000 GPU/0-44000 GPU/0-5b000 GPU/0-89000 GPU/0-a8000 GPU/0-c0000 GPU/0-d8000
[36m(WorkerDict pid=687322)[0m trial-302172199-trialrun-302172199-worker-0:687322:687322 [0] NCCL INFO  4 : GPU/0-f000 GPU/0-2d000 GPU/0-44000 GPU/0-5b000 GPU/0-89000 GPU/0-a8000 GPU/0-c0000 GPU/0-d8000
[36m(WorkerDict pid=687322)[0m trial-302172199-trialrun-302172199-worker-0:687322:687322 [0] NCCL INFO  5 : GPU/0-f000 GPU/0-2d000 GPU/0-44000 GPU/0-5b000 GPU/0-89000 GPU/0-a8000 GPU/0-c0000 GPU/0-d8000
[36m(WorkerDict pid=687322)[0m trial-302172199-trialrun-302172199-worker-0:687322:687322 [0] NCCL INFO  6 : GPU/0-f000 GPU/0-2d000 GPU/0-44000 GPU/0-5b000 GPU/0-89000 GPU/0-a8000 GPU/0-c0000 GPU/0-d8000
[36m(WorkerDict pid=687322)[0m trial-302172199-trialrun-302172199-worker-0:687322:687322 [0] NCCL INFO  7 : GPU/0-f000 GPU/0-2d000 GPU/0-44000 GPU/0-5b000 GPU/0-89000 GPU/0-a8000 GPU/0-c0000 GPU/0-d8000
[36m(WorkerDict pid=687322)[0m trial-302172199-trialrun-302172199-worker-0:687322:687322 [0] NCCL INFO  8 : GPU/0-f000 GPU/0-2d000 GPU/0-44000 GPU/0-5b000 GPU/0-89000 GPU/0-a8000 GPU/0-c0000 GPU/0-d8000
[36m(WorkerDict pid=687322)[0m trial-302172199-trialrun-302172199-worker-0:687322:687322 [0] NCCL INFO  9 : GPU/0-f000 GPU/0-2d000 GPU/0-44000 GPU/0-5b000 GPU/0-89000 GPU/0-a8000 GPU/0-c0000 GPU/0-d8000
[36m(WorkerDict pid=687322)[0m trial-302172199-trialrun-302172199-worker-0:687322:687322 [0] NCCL INFO 10 : GPU/0-f000 GPU/0-2d000 GPU/0-44000 GPU/0-5b000 GPU/0-89000 GPU/0-a8000 GPU/0-c0000 GPU/0-d8000
[36m(WorkerDict pid=687322)[0m trial-302172199-trialrun-302172199-worker-0:687322:687322 [0] NCCL INFO 11 : GPU/0-f000 GPU/0-2d000 GPU/0-44000 GPU/0-5b000 GPU/0-89000 GPU/0-a8000 GPU/0-c0000 GPU/0-d8000
[36m(WorkerDict pid=687322)[0m trial-302172199-trialrun-302172199-worker-0:687322:687322 [0] NCCL INFO 12 : GPU/0-f000 GPU/0-2d000 GPU/0-44000 GPU/0-5b000 GPU/0-89000 GPU/0-a8000 GPU/0-c0000 GPU/0-d8000
[36m(WorkerDict pid=687322)[0m trial-302172199-trialrun-302172199-worker-0:687322:687322 [0] NCCL INFO 13 : GPU/0-f000 GPU/0-2d000 GPU/0-44000 GPU/0-5b000 GPU/0-89000 GPU/0-a8000 GPU/0-c0000 GPU/0-d8000
[36m(WorkerDict pid=687322)[0m trial-302172199-trialrun-302172199-worker-0:687322:687322 [0] NCCL INFO 14 : GPU/0-f000 GPU/0-2d000 GPU/0-44000 GPU/0-5b000 GPU/0-89000 GPU/0-a8000 GPU/0-c0000 GPU/0-d8000
[36m(WorkerDict pid=687322)[0m trial-302172199-trialrun-302172199-worker-0:687322:687322 [0] NCCL INFO 15 : GPU/0-f000 GPU/0-2d000 GPU/0-44000 GPU/0-5b000 GPU/0-89000 GPU/0-a8000 GPU/0-c0000 GPU/0-d8000
[36m(WorkerDict pid=687322)[0m trial-302172199-trialrun-302172199-worker-0:687322:687322 [0] NCCL INFO Pattern 5, crossNic 0, nChannels 8, bw 80.000000/90.000000, type NVL/PIX, sameChannels 0
[36m(WorkerDict pid=687322)[0m trial-302172199-trialrun-302172199-worker-0:687322:687322 [0] NCCL INFO  0 : GPU/0-f000
[36m(WorkerDict pid=687322)[0m trial-302172199-trialrun-302172199-worker-0:687322:687322 [0] NCCL INFO  1 : GPU/0-2d000
[36m(WorkerDict pid=687322)[0m trial-302172199-trialrun-302172199-worker-0:687322:687322 [0] NCCL INFO  2 : GPU/0-44000
[36m(WorkerDict pid=687322)[0m trial-302172199-trialrun-302172199-worker-0:687322:687322 [0] NCCL INFO  3 : GPU/0-5b000
[36m(WorkerDict pid=687322)[0m trial-302172199-trialrun-302172199-worker-0:687322:687322 [0] NCCL INFO  4 : GPU/0-89000
[36m(WorkerDict pid=687322)[0m trial-302172199-trialrun-302172199-worker-0:687322:687322 [0] NCCL INFO  5 : GPU/0-a8000
[36m(WorkerDict pid=687322)[0m trial-302172199-trialrun-302172199-worker-0:687322:687322 [0] NCCL INFO  6 : GPU/0-c0000
[36m(WorkerDict pid=687322)[0m trial-302172199-trialrun-302172199-worker-0:687322:687322 [0] NCCL INFO  7 : GPU/0-d8000
[36m(WorkerDict pid=687322)[0m trial-302172199-trialrun-302172199-worker-0:687322:687322 [0] NCCL INFO comm 0x105cea20 rank 0 nRanks 8 nNodes 1 localRanks 8 localRank 0 MNNVL 0
[36m(WorkerDict pid=687322)[0m trial-302172199-trialrun-302172199-worker-0:687322:687322 [0] NCCL INFO Tree 0 : -1 -> 0 -> 1/-1/-1
[36m(WorkerDict pid=687322)[0m trial-302172199-trialrun-302172199-worker-0:687322:687322 [0] NCCL INFO Tree 16 : -1 -> 0 -> 1/-1/-1
[36m(WorkerDict pid=687322)[0m trial-302172199-trialrun-302172199-worker-0:687322:687322 [0] NCCL INFO Tree 1 : -1 -> 0 -> 1/-1/-1
[36m(WorkerDict pid=687322)[0m trial-302172199-trialrun-302172199-worker-0:687322:687322 [0] NCCL INFO Tree 17 : -1 -> 0 -> 1/-1/-1
[36m(WorkerDict pid=687322)[0m trial-302172199-trialrun-302172199-worker-0:687322:687322 [0] NCCL INFO Tree 2 : -1 -> 0 -> 1/-1/-1
[36m(WorkerDict pid=687322)[0m trial-302172199-trialrun-302172199-worker-0:687322:687322 [0] NCCL INFO Tree 18 : -1 -> 0 -> 1/-1/-1
[36m(WorkerDict pid=687322)[0m trial-302172199-trialrun-302172199-worker-0:687322:687322 [0] NCCL INFO Tree 3 : -1 -> 0 -> 1/-1/-1
[36m(WorkerDict pid=687322)[0m trial-302172199-trialrun-302172199-worker-0:687322:687322 [0] NCCL INFO Tree 19 : -1 -> 0 -> 1/-1/-1
[36m(WorkerDict pid=687322)[0m trial-302172199-trialrun-302172199-worker-0:687322:687322 [0] NCCL INFO Tree 4 : -1 -> 0 -> 1/-1/-1
[36m(WorkerDict pid=687322)[0m trial-302172199-trialrun-302172199-worker-0:687322:687322 [0] NCCL INFO Tree 20 : -1 -> 0 -> 1/-1/-1
[36m(WorkerDict pid=687322)[0m trial-302172199-trialrun-302172199-worker-0:687322:687322 [0] NCCL INFO Tree 5 : -1 -> 0 -> 1/-1/-1
[36m(WorkerDict pid=687322)[0m trial-302172199-trialrun-302172199-worker-0:687322:687322 [0] NCCL INFO Tree 21 : -1 -> 0 -> 1/-1/-1
[36m(WorkerDict pid=687322)[0m trial-302172199-trialrun-302172199-worker-0:687322:687322 [0] NCCL INFO Tree 6 : -1 -> 0 -> 1/-1/-1
[36m(WorkerDict pid=687322)[0m trial-302172199-trialrun-302172199-worker-0:687322:687322 [0] NCCL INFO Tree 22 : -1 -> 0 -> 1/-1/-1
[36m(WorkerDict pid=687322)[0m trial-302172199-trialrun-302172199-worker-0:687322:687322 [0] NCCL INFO Tree 7 : -1 -> 0 -> 1/-1/-1
[36m(WorkerDict pid=687322)[0m trial-302172199-trialrun-302172199-worker-0:687322:687322 [0] NCCL INFO Tree 23 : -1 -> 0 -> 1/-1/-1
[36m(WorkerDict pid=687322)[0m trial-302172199-trialrun-302172199-worker-0:687322:687322 [0] NCCL INFO Tree 8 : -1 -> 0 -> 1/-1/-1
[36m(WorkerDict pid=687322)[0m trial-302172199-trialrun-302172199-worker-0:687322:687322 [0] NCCL INFO Tree 24 : -1 -> 0 -> 1/-1/-1
[36m(WorkerDict pid=687322)[0m trial-302172199-trialrun-302172199-worker-0:687322:687322 [0] NCCL INFO Tree 9 : -1 -> 0 -> 1/-1/-1
[36m(WorkerDict pid=687322)[0m trial-302172199-trialrun-302172199-worker-0:687322:687322 [0] NCCL INFO Tree 25 : -1 -> 0 -> 1/-1/-1
[36m(WorkerDict pid=687322)[0m trial-302172199-trialrun-302172199-worker-0:687322:687322 [0] NCCL INFO Tree 10 : -1 -> 0 -> 1/-1/-1
[36m(WorkerDict pid=687322)[0m trial-302172199-trialrun-302172199-worker-0:687322:687322 [0] NCCL INFO Tree 26 : -1 -> 0 -> 1/-1/-1
[36m(WorkerDict pid=687322)[0m trial-302172199-trialrun-302172199-worker-0:687322:687322 [0] NCCL INFO Tree 11 : -1 -> 0 -> 1/-1/-1
[36m(WorkerDict pid=687322)[0m trial-302172199-trialrun-302172199-worker-0:687322:687322 [0] NCCL INFO Tree 27 : -1 -> 0 -> 1/-1/-1
[36m(WorkerDict pid=687322)[0m trial-302172199-trialrun-302172199-worker-0:687322:687322 [0] NCCL INFO Tree 12 : -1 -> 0 -> 1/-1/-1
[36m(WorkerDict pid=687322)[0m trial-302172199-trialrun-302172199-worker-0:687322:687322 [0] NCCL INFO Tree 28 : -1 -> 0 -> 1/-1/-1
[36m(WorkerDict pid=687322)[0m trial-302172199-trialrun-302172199-worker-0:687322:687322 [0] NCCL INFO Tree 13 : -1 -> 0 -> 1/-1/-1
[36m(WorkerDict pid=687322)[0m trial-302172199-trialrun-302172199-worker-0:687322:687322 [0] NCCL INFO Tree 29 : -1 -> 0 -> 1/-1/-1
[36m(WorkerDict pid=687322)[0m trial-302172199-trialrun-302172199-worker-0:687322:687322 [0] NCCL INFO Tree 14 : -1 -> 0 -> 1/-1/-1
[36m(WorkerDict pid=687322)[0m trial-302172199-trialrun-302172199-worker-0:687322:687322 [0] NCCL INFO Tree 30 : -1 -> 0 -> 1/-1/-1
[36m(WorkerDict pid=687322)[0m trial-302172199-trialrun-302172199-worker-0:687322:687322 [0] NCCL INFO Tree 15 : -1 -> 0 -> 1/-1/-1
[36m(WorkerDict pid=687322)[0m trial-302172199-trialrun-302172199-worker-0:687322:687322 [0] NCCL INFO Tree 31 : -1 -> 0 -> 1/-1/-1
[36m(WorkerDict pid=687322)[0m trial-302172199-trialrun-302172199-worker-0:687322:687322 [0] NCCL INFO Channel 00/32 : 0 1 2 3 4 5 6 7
[36m(WorkerDict pid=687322)[0m trial-302172199-trialrun-302172199-worker-0:687322:687322 [0] NCCL INFO Channel 01/32 : 0 1 2 3 4 5 6 7
[36m(WorkerDict pid=687322)[0m trial-302172199-trialrun-302172199-worker-0:687322:687322 [0] NCCL INFO Channel 02/32 : 0 1 2 3 4 5 6 7
[36m(WorkerDict pid=687322)[0m trial-302172199-trialrun-302172199-worker-0:687322:687322 [0] NCCL INFO Channel 03/32 : 0 1 2 3 4 5 6 7
[36m(WorkerDict pid=687322)[0m trial-302172199-trialrun-302172199-worker-0:687322:687322 [0] NCCL INFO Channel 04/32 : 0 1 2 3 4 5 6 7
[36m(WorkerDict pid=687322)[0m trial-302172199-trialrun-302172199-worker-0:687322:687322 [0] NCCL INFO Channel 05/32 : 0 1 2 3 4 5 6 7
[36m(WorkerDict pid=687322)[0m trial-302172199-trialrun-302172199-worker-0:687322:687322 [0] NCCL INFO Channel 06/32 : 0 1 2 3 4 5 6 7
[36m(WorkerDict pid=687322)[0m trial-302172199-trialrun-302172199-worker-0:687322:687322 [0] NCCL INFO Channel 07/32 : 0 1 2 3 4 5 6 7
[36m(WorkerDict pid=687322)[0m trial-302172199-trialrun-302172199-worker-0:687322:687322 [0] NCCL INFO Channel 08/32 : 0 1 2 3 4 5 6 7
[36m(WorkerDict pid=687322)[0m trial-302172199-trialrun-302172199-worker-0:687322:687322 [0] NCCL INFO Channel 09/32 : 0 1 2 3 4 5 6 7
[36m(WorkerDict pid=687322)[0m trial-302172199-trialrun-302172199-worker-0:687322:687322 [0] NCCL INFO Channel 10/32 : 0 1 2 3 4 5 6 7
[36m(WorkerDict pid=687322)[0m trial-302172199-trialrun-302172199-worker-0:687322:687322 [0] NCCL INFO Channel 11/32 : 0 1 2 3 4 5 6 7
[36m(WorkerDict pid=687322)[0m trial-302172199-trialrun-302172199-worker-0:687322:687322 [0] NCCL INFO Channel 12/32 : 0 1 2 3 4 5 6 7
[36m(WorkerDict pid=687322)[0m trial-302172199-trialrun-302172199-worker-0:687322:687322 [0] NCCL INFO Channel 13/32 : 0 1 2 3 4 5 6 7
[36m(WorkerDict pid=687322)[0m trial-302172199-trialrun-302172199-worker-0:687322:687322 [0] NCCL INFO Channel 14/32 : 0 1 2 3 4 5 6 7
[36m(WorkerDict pid=687322)[0m trial-302172199-trialrun-302172199-worker-0:687322:687322 [0] NCCL INFO Channel 15/32 : 0 1 2 3 4 5 6 7
[36m(WorkerDict pid=687322)[0m trial-302172199-trialrun-302172199-worker-0:687322:687322 [0] NCCL INFO Channel 16/32 : 0 1 2 3 4 5 6 7
[36m(WorkerDict pid=687322)[0m trial-302172199-trialrun-302172199-worker-0:687322:687322 [0] NCCL INFO Channel 17/32 : 0 1 2 3 4 5 6 7
[36m(WorkerDict pid=687322)[0m trial-302172199-trialrun-302172199-worker-0:687322:687322 [0] NCCL INFO Channel 18/32 : 0 1 2 3 4 5 6 7
[36m(WorkerDict pid=687322)[0m trial-302172199-trialrun-302172199-worker-0:687322:687322 [0] NCCL INFO Channel 19/32 : 0 1 2 3 4 5 6 7
[36m(WorkerDict pid=687322)[0m trial-302172199-trialrun-302172199-worker-0:687322:687322 [0] NCCL INFO Channel 20/32 : 0 1 2 3 4 5 6 7
[36m(WorkerDict pid=687322)[0m trial-302172199-trialrun-302172199-worker-0:687322:687322 [0] NCCL INFO Channel 21/32 : 0 1 2 3 4 5 6 7
[36m(WorkerDict pid=687322)[0m trial-302172199-trialrun-302172199-worker-0:687322:687322 [0] NCCL INFO Channel 22/32 : 0 1 2 3 4 5 6 7
[36m(WorkerDict pid=687322)[0m trial-302172199-trialrun-302172199-worker-0:687322:687322 [0] NCCL INFO Channel 23/32 : 0 1 2 3 4 5 6 7
[36m(WorkerDict pid=687322)[0m trial-302172199-trialrun-302172199-worker-0:687322:687322 [0] NCCL INFO Channel 24/32 : 0 1 2 3 4 5 6 7
[36m(WorkerDict pid=687322)[0m trial-302172199-trialrun-302172199-worker-0:687322:687322 [0] NCCL INFO Channel 25/32 : 0 1 2 3 4 5 6 7
[36m(WorkerDict pid=687322)[0m trial-302172199-trialrun-302172199-worker-0:687322:687322 [0] NCCL INFO Channel 26/32 : 0 1 2 3 4 5 6 7
[36m(WorkerDict pid=687322)[0m trial-302172199-trialrun-302172199-worker-0:687322:687322 [0] NCCL INFO Channel 27/32 : 0 1 2 3 4 5 6 7
[36m(WorkerDict pid=687322)[0m trial-302172199-trialrun-302172199-worker-0:687322:687322 [0] NCCL INFO Channel 28/32 : 0 1 2 3 4 5 6 7
[36m(WorkerDict pid=687322)[0m trial-302172199-trialrun-302172199-worker-0:687322:687322 [0] NCCL INFO Channel 29/32 : 0 1 2 3 4 5 6 7
[36m(WorkerDict pid=687322)[0m trial-302172199-trialrun-302172199-worker-0:687322:687322 [0] NCCL INFO Channel 30/32 : 0 1 2 3 4 5 6 7
[36m(WorkerDict pid=687322)[0m trial-302172199-trialrun-302172199-worker-0:687322:687322 [0] NCCL INFO Channel 31/32 : 0 1 2 3 4 5 6 7
[36m(WorkerDict pid=687322)[0m trial-302172199-trialrun-302172199-worker-0:687322:687322 [0] NCCL INFO Ring 00 : 7 -> 0 -> 1
[36m(WorkerDict pid=687322)[0m trial-302172199-trialrun-302172199-worker-0:687322:687322 [0] NCCL INFO Ring 01 : 7 -> 0 -> 1
[36m(WorkerDict pid=687322)[0m trial-302172199-trialrun-302172199-worker-0:687322:687322 [0] NCCL INFO Ring 02 : 7 -> 0 -> 1
[36m(WorkerDict pid=687322)[0m trial-302172199-trialrun-302172199-worker-0:687322:687322 [0] NCCL INFO Ring 03 : 7 -> 0 -> 1
[36m(WorkerDict pid=687322)[0m trial-302172199-trialrun-302172199-worker-0:687322:687322 [0] NCCL INFO Ring 04 : 7 -> 0 -> 1
[36m(WorkerDict pid=687322)[0m trial-302172199-trialrun-302172199-worker-0:687322:687322 [0] NCCL INFO Ring 05 : 7 -> 0 -> 1
[36m(WorkerDict pid=687322)[0m trial-302172199-trialrun-302172199-worker-0:687322:687322 [0] NCCL INFO Ring 06 : 7 -> 0 -> 1
[36m(WorkerDict pid=687322)[0m trial-302172199-trialrun-302172199-worker-0:687322:68732
[36m(WorkerDict pid=687325)[0m -f000 (2/721.8/NVL) GPU/0-2d000 (2/721.8/NVL) GPU/0-44000 (2/721.8/NVL) GPU/0-5b000 (2/721.8/NVL) GPU/0-89000 (2/721.8/NVL) GPU/0-a8000 (0/5000.0/LOC) GPU/0-c0000 (2/721.8/NVL) GPU/0-d8000 (2/721.8/NVL) NVS/0-0 (1/721.8/NVL) CPU/0-0 (3/40.0/SYS) CPU/0-1 (2/48.0/PHB) NET/0-0 (5/1.2/SYS) NET/0-0 (0/0.0/DIS) 
[36m(WorkerDict pid=687325)[0m trial-302172199-trialrun-302172199-worker-0:687325:687325 [3] NCCL INFO Trees [0] 4/-1/-1->3->2 [1] 4/-1/-1->3->2 [2] 4/-1/-1->3->2 [3] 4/-1/-1->3->2 [4] 4/-1/-
[36m(WorkerDict pid=687319)[0m -f000 (2/721.8/NVL) GPU/0-2d000 (2/721.8/NVL) GPU/0-44000 (2/721.8/NVL) GPU/0-5b000 (2/721.8/NVL) GPU/0-89000 (2/721.8/NVL) GPU/0-a8000 (0/5000.0/LOC) GPU/0-c0000 (2/721.8/NVL) GPU/0-d8000 (2/721.8/NVL) NVS/0-0 (1/721.8/NVL) CPU/0-0 (3/40.0/SYS) CPU/0-1 (2/48.0/PHB) NET/0-0 (5/1.2/SYS) NET/0-0 (0/0.0/DIS) 
[36m(WorkerDict pid=687319)[0m trial-302172199-trialrun-302172199-worker-0:687319:687319 [1] NCCL INFO P2P Chunksize set to 524288
[36m(WorkerDict pid=687319)[0m trial-302172199-trialrun-302172199-worker-0:687319:687319 [1] NCCL INFO PROFILER/Plugin: Could not find: libnccl-profiler.so
[36m(WorkerDict pid=687319)[0m trial-302172199-trialrun-302172199-worker-0:687319:687319 [1] NCCL INFO Check P2P Type isAllDirectP2p 1 directMode 0 isAllCudaP2p 1
[36m(WorkerDict pid=687319)[0m trial-302172199-trialrun-30217219
[36m(WorkerDict pid=687326)[0m -f000 (2/721.8/NVL) GPU/0-2d000 (2/721.8/NVL) GPU/0-44000 (2/721.8/NVL) GPU/0-5b000 (2/721.8/NVL) GPU/0-89000 (2/721.8/NVL) GPU/0-a8000 (0/5000.0/LOC) GPU/0-c0000 (2/721.8/NVL) GPU/0-d8000 (2/721.8/NVL) NVS/0-0 (1/721.8/NVL) CPU/0-0 (3/40.0/SYS) CPU/0-1 (2/48.0/PHB) NET/0-0 (5/1.2/SYS) NET/0-0 (0/0.0/DIS) 
[36m(WorkerDict pid=687330)[0m -f000 (2/721.8/NVL) GPU/0-2d000 (2/721.8/NVL) GPU/0-44000 (2/721.8/NVL) GPU/0-5b000 (2/721.8/NVL) GPU/0-89000 (2/721.8/NVL) GPU/0-a8000 (0/5000.0/LOC) GPU/0-c0000 (2/721.8/NVL) GPU/0-d8000 (2/721.8/NVL) NVS/0-0 (1/721.8/NVL) CPU/0-0 (3/40.0/SYS) CPU/0-1 (2/48.0/PHB) NET/0-0 (5/1.2/SYS) NET/0-0 (0/0.0/DIS) 
[36m(WorkerDict pid=687324)[0m -f000 (2/721.8/NVL) GPU/0-2d000 (2/721.8/NVL) GPU/0-44000 (2/721.8/NVL) GPU/0-5b000 (2/721.8/NVL) GPU/0-89000 (2/721.8/NVL) GPU/0-a8000 (0/5000.0/LOC) GPU/0-c0000 (2/721.8/NVL) GPU/0-d8000 (2/721.8/NVL) NVS/0-0 (1/721.8/NVL) CPU/0-0 (3/40.0/SYS) CPU/0-1 (2/48.0/PHB) NET/0-0 (5/1.2/SYS) NET/0-0 (0/0.0/DIS) 
[36m(WorkerDict pid=687323)[0m -f000 (2/721.8/NVL) GPU/0-2d000 (2/721.8/NVL) GPU/0-44000 (2/721.8/NVL) GPU/0-5b000 (2/721.8/NVL) GPU/0-89000 (2/721.8/NVL) GPU/0-a8000 (0/5000.0/LOC) GPU/0-c0000 (2/721.8/NVL) GPU/0-d8000 (2/721.8/NVL) NVS/0-0 (1/721.8/NVL) CPU/0-0 (3/40.0/SYS) CPU/0-1 (2/48.0/PHB) NET/0-0 (5/1.2/SYS) NET/0-0 (0/0.0/DIS) 
[36m(WorkerDict pid=687328)[0m 0-f000 (2/721.8/NVL) GPU/0-2d000 (2/721.8/NVL) GPU/0-44000 (2/721.8/NVL) GPU/0-5b000 (2/721.8/NVL) GPU/0-89000 (2/721.8/NVL) GPU/0-a8000 (0/5000.0/LOC) GPU/0-c0000 (2/721.8/NVL) GPU/0-d8000 (2/721.8/NVL) NVS/0-0 (1/721.8/NVL) CPU/0-0 (3/40.0/SYS) CPU/0-1 (2/48.0/PHB) NET/0-0 (5/1.2/SYS) NET/0-0 (0/0.0/DIS) 
[36m(WorkerDict pid=687322)[0m trial-302172199-trialrun-302172199-worker-0:687322:702923 [0] NCCL INFO [Proxy Service] Device 0 CPU core 22
[36m(WorkerDict pid=687322)[0m trial-302172199-trialrun-302172199-worker-0:687322:702924 [0] NCCL INFO [Proxy Service UDS] Device 0 CPU core 26
[36m(WorkerDict pid=687322)[0m trial-302172199-trialrun-302172199-worker-0:687322:687322 [0] NCCL INFO ncclP2pSchedule: group size used is 8
[36m(WorkerDict pid=687322)[0m trial-302172199-trialrun-302172199-worker-0:687322:687322 [0] NCCL INFO TUNER/Plugin: Could not find: libnccl-tuner.so
[36m(WorkerDict pid=687322)[0m trial-302172199-trialrun-302172199-worker-0:687322:687322 [0] NCCL INFO threadThresholds 8/8/64 | 64/8/64 | 512 | 512
[36m(WorkerDict pid=687322)[0m trial-302172199-trialrun-302172199-worker-0:687322:687322 [0] NCCL INFO 32 coll channels, 32 collnet channels, 24 nvls channels, 32 p2p channels, 32 p2p channels per pe
[36m(WorkerDict pid=687326)[0m 1->2->1 [5] 3/-1/-1->2->1 [6] 3/-1/-1->2->1 [7] 3/-1/-1->2->1 [8] 3/-1/-1->2->1 [9] 3/-1/-1->2->1 [10] 3/-1/-1->2->1 [11] 3/-1/-1->2->1 [12] 3/-1/-1->2->1 [13] 3/-1/-1->2->1 [14] 3/-1/-1->2->1 [15] 3/-1/-1->2->1 [16] 3/-1/-1->2->1 [17] 3/-1/-1->2->1 [18] 3/-1/-1->2->1 [19] 3/-1/-1->2->1 [20] 3/-1/-1->2->1 [21] 3/-1/-1->2->1 [22] 3/-1/-1->2->1 [23] 3/-1/-1->2->1 [24] 3/-1/-1->2->1 [25] 3/-1/-1->2->1 [26] 3/-1/-1->2->1 [27] 3/-1/-1->2->1 [28] 3/-1/-1->2->1 [29] 3/-1/-1->2->1 [30] 3/-1/-1->2->1 [31] 3/-1/-1->2->1
[36m(WorkerDict pid=687326)[0m trial-302172199-trialrun-302172199-worker-0:687326:687326 [2] NCCL INFO 32 coll channels, 32 collnet channels, 24 nvls channels, 32 p2p channels, 32 p2p channels per peer
[36m(WorkerDict pid=687326)[0m trial-302172199-trialrun-302172199-worker-0:687326:687326 [2] NCCL INFO ncclCommInitRankConfig comm 0xf6ea020 rank 2 nranks 8 cudaDev 2 nvmlDev 2 busId 44000 commId 0x949e3fa06384c1fe - Init COMPLETE
[36m(WorkerDict pid=687326)[0m trial-302172199-trialrun-302172199-worker-0:687326:687326 [2] NCCL INFO Init timings - ncclCommInitRankConfig: rank 2 nranks 8 total 3.36 (kernels 0.33, alloc 0.74, bootstrap 0.21, allgathers 0.02, topo 1.60, graphs 0.03, connections 0.44, rest 0.00)
[36m(WorkerDict pid=687326)[0m trial-302172199-trialrun-302172199-worker-0:687326:687326 [2] NCCL INFO Channel 00/0 : 2[2] -> 3[3] via P2P/CUMEM
[36m(WorkerDict pid=687326)[0m trial-302172199-trialrun-302172199-worker-0:687326:687326 [2] NCCL INFO Channel 01/0 : 2[2] -> 3[3] via P2P/CUMEM
[36m(WorkerDict pid=687326)[0m trial-302172199-trialrun-302172199-worker-0:687326:687326 [2] NCCL INFO Channel 02/0 : 2[2] -> 3[3] via P2P/CUMEM
[36m(WorkerDict pid=687326)[0m trial-302172199-trialrun-302172199-worker-0:687326:687326 [2] NCCL INFO Channel 03/0 : 2[2] -> 3[3] via P2P/CUMEM
[36m(WorkerDict pid=687326)[0m trial-302172199-trialrun-302172199-worker-0:687326:687326 [2] NCCL INFO Channel 04/0 : 2[2] -> 3[3] via P2P/CUMEM
[36m(WorkerDict pid=687326)[0m trial-302172199-trialrun-302172199-worker-0:687326:687326 [2] NCCL INFO Channel 05/0 : 2[2] -> 3[3] via P2P/CUMEM
[36m(WorkerDict pid=687326)[0m trial-302172199-trialrun-302172199-worker-0:687326:687326 [2] NCCL INFO Channel 06/0 : 2[2] -> 3[3] via P2P/CUMEM
[36m(WorkerDict pid=687326)[0m trial-302172199-trialrun-302172199-worker-0:687326:687326 [2] NCCL INFO Channel 07/0 : 2[2] -> 3[3] via P2P/CUMEM
[36m(WorkerDict pid=687326)[0m trial-302172199-trialrun-302172199-worker-0:687326:687326 [2] NCCL INFO Channel 08/0 : 2[2] -> 3[3] via P2P/CUMEM
[36m(WorkerDict pid=687326)[0m trial-302172199-trialrun-302172199-worker-0:687326:687326 [2] NCCL INFO Channel 09/0 : 2[2] -> 3[3] via P2P/CUMEM
[36m(WorkerDict pid=687326)[0m trial-302172199-trialrun-302172199-worker-0:687326:687326 [2] NCCL INFO Channel 10/0 : 2[2] -> 3[3] via P2P/CUMEM
[36m(WorkerDict pid=687326)[0m trial-302172199-trialrun-302172199-worker-0:687326:687326 [2] NCCL INFO Channel 11/0 : 2[2] -> 3[3] via P2P/CUMEM
[36m(WorkerDict pid=687326)[0m trial-302172199-trialrun-302172199-worker-0:687326:687326 [2] NCCL INFO Channel 12/0 : 2[2] -> 3[3] via P2P/CUMEM
[36m(WorkerDict pid=687326)[0m trial-302172199-trialrun-302172199-worker-0:687326:687326 [2] NCCL INFO Channel 13/0 : 2[2] -> 3[3] via P2P/CUMEM
[36m(WorkerDict pid=687326)[0m trial-302172199-trialrun-302172199-worker-0:687326:687326 [2] NCCL INFO Channel 14/0 : 2[2] -> 3[3] via P2P/CUMEM
[36m(WorkerDict pid=687326)[0m trial-302172199-trialrun-302172199-worker-0:687326:687326 [2] NCCL INFO Channel 15/0 : 2[2] -> 3[3] via P2P/CUMEM
[36m(WorkerDict pid=687326)[0m trial-302172199-trialrun-302172199-worker-0:687326:687326 [2] NCCL INFO Channel 16/0 : 2[2] -> 3[3] via P2P/CUMEM
[36m(WorkerDict pid=687330)[0m ] -1/-1/-1->7->6 [5] -1/-1/-1->7->6 [6] -1/-1/-1->7->6 [7] -1/-1/-1->7->6 [8] -1/-1/-1->7->6 [9] -1/-1/-1->7->6 [10] -1/-1/-1->7->6 [11] -1/-1/-1->7->6 [12] -1/-1/-1->7->6 [13] -1/-1/-1->7->6 [14] -1/-1/-1->7->6 [15] -1/-1/-1->7->6 [16] -1/-1/-1->7->6 [17] -1/-1/-1->7->6 [18] -1/-1/-1->7->6 [19] -1/-1/-1->7->6 [20] -1/-1/-1->7->6 [21] -1/-1/-1->7->6 [22] -1/-1/-1->7->6 [23] -1/-1/-1->7->6 [24] -1/-1/-1->7->6 [25] -1/-1/-1->7->6 [26] -1/-1/-1->7->6 [27] -1/-1/-1->7->6 [28] -1/-1/-1->7->6 [29] -1/-1/-1->7->6 [30] -1/-1/-1->7->6 [31] -1/-1/-1->7->6
[36m(WorkerDict pid=687330)[0m trial-302172199-trialrun-302172199-worker-0:687330:68733
[36m(WorkerDict pid=687324)[0m -1/-1->6->5 [5] 7/-1/-1->6->5 [6] 7/-1/-1->6->5 [7] 7/-1/-1->6->5 [8] 7/-1/-1->6->5 [9] 7/-1/-1->6->5 [10] 7/-1/-1->6->5 [11] 7/-1/-1->6->5 [12] 7/-1/-1->6->5 [13] 7/-1/-1->6->5 [14] 7/-1/-1->6->5 [15] 7/-1/-1->6->5 [16] 7/-1/-1->6->5 [17] 7/-1/-1->6->5 [18] 7/-1/-1->6->5 [19] 7/-1/-1->6->5 [20] 7/-1/-1->6->5 [21] 7/-1/-1->6->5 [22] 7/-1/-1->6->5 [23] 7/-1/-1->6->5 [24] 7/-1/-1->6->5 [25] 7/-1/-1->6->5 [26] 7/-1/-1->6->5 [27] 7/-1/-1->6->5 [28] 7/-1/-1->6->5 [29] 7/-1/-1->6->5 [30] 7/-1/-1->6->5 [31] 7/-1/-1->6->5
[36m(WorkerDict pid=687323)[0m -1/-1->4->3 [5] 5/-1/-1->4->3 [6] 5/-1/-1->4->3 [7] 5/-1/-1->4->3 [8] 5/-1/-1->4->3 [9] 5/-1/-1->4->3 [10] 5/-1/-1->4->3 [11] 5/-1/-1->4->3 [12] 5/-1/-1->4->3 [13] 5/-1/-1->4->3 [14] 5/-1/-1->4->3 [15] 5/-1/-1->4->3 [16] 5/-1/-1->4->3 [17] 5/-1/-1->4->3 [18] 5/-1/-1->4->3 [19] 5/-1/-1->4->3 [20] 5/-1/-1->4->3 [21] 5/-1/-1->4->3 [22] 5/-1/-1->4->3 [23] 5/-1/-1->4->3 [24] 5/-1/-1->4->3 [25] 5/-1/-1->4->3 [26] 5/-1/-1->4->3 [27] 5/-1/-1->4->3 [28] 5/-1/-1->4->3 [29] 5/-1/-1->4->3 [30] 5/-1/-1->4->3 [31] 5/-1/-1->4->3
[36m(WorkerDict pid=687328)[0m 6/-1/-1->5->4 [5] 6/-1/-1->5->4 [6] 6/-1/-1->5->4 [7] 6/-1/-1->5->4 [8] 6/-1/-1->5->4 [9] 6/-1/-1->5->4 [10] 6/-1/-1->5->4 [11] 6/-1/-1->5->4 [12] 6/-1/-1->5->4 [13] 6/-1/-1->5->4 [14] 6/-1/-1->5->4 [15] 6/-1/-1->5->4 [16] 6/-1/-1->5->4 [17] 6/-1/-1->5->4 [18] 6/-1/-1->5->4 [19] 6/-1/-1->5->4 [20] 6/-1/-1->5->4 [21] 6/-1/-1->5->4 [22] 6/-1/-1->5->4 [23] 6/-1/-1->5->4 [24] 6/-1/-1->5->4 [25] 6/-1/-1->5->4 [26] 6/-1/-1->5->4 [27] 6/-1/-1->5->4 [28] 6/-1/-1->5->4 [29] 6/-1/-1->5->4 [30] 6/-1/-1->5->4 [31] 6/-1/-1->5->4
[36m(WorkerDict pid=687325)[0m 1->3->2 [5] 4/-1/-1->3->2 [6] 4/-1/-1->3->2 [7] 4/-1/-1->3->2 [8] 4/-1/-1->3->2 [9] 4/-1/-1->3->2 [10] 4/-1/-1->3->2 [11] 4/-1/-1->3->2 [12] 4/-1/-1->3->2 [13] 4/-1/-1->3->2 [14] 4/-1/-1->3->2 [15] 4/-1/-1->3->2 [16] 4/-1/-1->3->2 [17] 4/-1/-1->3->2 [18] 4/-1/-1->3->2 [19] 4/-1/-1->3->2 [20] 4/-1/-1->3->2 [21] 4/-1/-1->3->2 [22] 4/-1/-1->3->2 [23] 4/-1/-1->3->2 [24] 4/-1/-1->3->2 [25] 4/-1/-1->3->2 [26] 4/-1/-1->3->2 [27] 4/-1/-1->3->2 [28] 4/-1/-1->3->2 [29] 4/-1/-1->3->2 [30] 4/-1/-1->3->2 [31] 4/-1/-1->3->2
[36m(WorkerDict pid=687325)[0m trial-302172199-trialrun-302172199-worker-0:687325:687325 [3] NCCL INFO Channel 17/0 : 3[3] -> 4
[36m(WorkerDict pid=687322)[0m er
[36m(WorkerDict pid=687322)[0m trial-302172199-trialrun-302172199-worker-0:687322:687322 [0] NCCL INFO CC Off, workFifoBytes 1048576
[36m(WorkerDict pid=687322)[0m trial-
[36m(WorkerDict pid=687322)[0m Actor use_remove_padding=True
[36m(WorkerDict pid=687322)[0m Actor use_fused_kernels=True
[36m(WorkerDict pid=687319)[0m Monkey patch _flash_attention_forward in transformers.integrations.flash_attention[32m [repeated 7x across cluster][0m
[36m(WorkerDict pid=687319)[0m Using Triton backend for fused kernels in Qwen2ForCausalLM[32m [repeated 7x across cluster][0m
[36m(WorkerDict pid=687328)[0m trial-302172199-trialrun-302172199-worker-0:687328:687328 [5] NCCL INFO ENV/Plugin: Could not find: libnccl-env.so[32m [repeated 7x across cluster][0m
[36m(WorkerDict pid=687328)[0m trial-302172199-trialrun-302172199-worker-0:687328:687328 [5] NCCL INFO NCCL_SOCKET_FAMILY set by environment to AF_INET6[32m [repeated 14x across cluster][0m
[36m(WorkerDict pid=687328)[0m trial-302172199-trialrun-302172199-worker-0:687328:687328 [5] NCCL INFO NCCL_SOCKET_IFNAME set by environment to =eth0[32m [repeated 14x across cluster][0m
[36m(WorkerDict pid=687328)[0m trial-302172199-trialrun-302172199-worker-0:687328:687328 [5] NCCL INFO cudaDriverVersion 13000[32m [repeated 7x across cluster][0m
[36m(WorkerDict pid=687328)[0m trial-302172199-trialrun-302172199-worker-0:687328:687328 [5] NCCL INFO NCCL version 2.28.9+cuda13.0[32m [repeated 7x across cluster][0m
[36m(WorkerDict pid=687328)[0m trial-302172199-trialrun-302172199-worker-0:687328:687328 [5] NCCL INFO Comm config Blocking set to 1[32m [repeated 7x across cluster][0m
[36m(WorkerDict pid=687328)[0m trial-302172199-trialrun-302172199-worker-0:687328:687328 [5] NCCL INFO NCCL_NET_PLUGIN set by environment to none[32m [repeated 7x across cluster][0m
[36m(WorkerDict pid=687328)[0m trial-302172199-trialrun-302172199-worker-0:687328:687328 [5] NCCL INFO NET/Socket : Using [0]eth0:fdbd:dc61:ff:f000:ffff:ffff:0:16<0>[32m [repeated 7x across cluster][0m
[36m(WorkerDict pid=687328)[0m trial-302172199-trialrun-302172199-worker-0:687328:687328 [5] NCCL INFO Initialized NET plugin Socket[32m [repeated 7x across cluster][0m
[36m(WorkerDict pid=687328)[0m trial-302172199-trialrun-302172199-worker-0:687328:687328 [5] NCCL INFO Assigned NET plugin Socket to comm[32m [repeated 7x across cluster][0m
[36m(WorkerDict pid=687328)[0m trial-302172199-trialrun-302172199-worker-0:687328:687328 [5] NCCL INFO Using network Socket[32m [repeated 7x across cluster][0m
[36m(WorkerDict pid=687328)[0m trial-302172199-trialrun-302172199-worker-0:687328:687328 [5] NCCL INFO ncclCommInitRankConfig comm 0x104cdc30 rank 5 nranks 8 cudaDev 5 nvmlDev 5 busId a8000 commId 0x949e3fa06384c1fe - Init START[32m [repeated 7x across cluster][0m
[36m(WorkerDict pid=687328)[0m trial-302172199-trialrun-302172199-worker-0:687328:687328 [5] NCCL INFO RAS client listening socket at ::1<28028>[32m [repeated 7x across cluster][0m
[36m(WorkerDict pid=687328)[0m trial-302172199-trialrun-302172199-worker-0:687328:687328 [5] NCCL INFO MNNVL busId 0xa8000 fabric UUID 0.0 cliqueId 0x0 state 3 healthMask 0x80[32m [repeated 7x across cluster][0m
[36m(WorkerDict pid=687328)[0m trial-302172199-trialrun-302172199-worker-0:687328:687328 [5] NCCL INFO Could not find real path of /sys/class/pci_bus/fffffff/../../fffffff:ff:f[32m [repeated 7x across cluster][0m
[36m(WorkerDict pid=687328)[0m trial-302172199-trialrun-302172199-worker-0:687328:687328 [5] NCCL INFO TOPO/NET : Importing network plugins to topology[32m [repeated 7x across cluster][0m
[36m(WorkerDict pid=687328)[0m trial-302172199-trialrun-302172199-worker-0:687328:687328 [5] NCCL INFO ncclTopoPopulateNics : Filled eth0 in topo with pciPath=(null) keep=1 coll=(null)[32m [repeated 7x across cluster][0m
[36m(WorkerDict pid=687328)[0m trial-302172199-trialrun-302172199-worker-0:687328:687328 [5] NCCL INFO === System : maxBw 721.8 totalBw 721.8 ===[32m [repeated 7x across cluster][0m
[36m(WorkerDict pid=687328)[0m trial-302172199-trialrun-302172199-worker-0:687328:687328 [5] NCCL INFO NET/0-0 :GPU/0-f000 (4/1.2/PHB) GPU/0-2d000 (4/1.2/PHB) GPU/0-44000 (4/1.2/PHB) GPU/0-5b000 (4/1.2/PHB) GPU/0-89000 (5/1.2/SYS) GPU/0-a8000 (5/1.2/SYS) GPU/0-c0000 (5/1.2/SYS) GPU/0-d8000 (5/1.2/SYS) CPU/0-0 (2/1.2/PHB) CPU/0-1 (3/1.2/SYS) NET/0-0 (0/5000.0/LOC) NET/0-0 (0/0.0/DIS) [32m [repeated 87x across cluster][0m
[36m(WorkerDict pid=687328)[0m trial-302172199-trialrun-302172199-worker-0:687328:687328 [5] NCCL INFO + SYS[40.0] - CPU/0-0[32m [repeated 203x across cluster][0m
[36m(WorkerDict pid=687328)[0m trial-302172199-trialrun-302172199-worker-0:687328:687328 [5] NCCL INFO ==========================================[32m [repeated 7x across cluster][0m
[36m(WorkerDict pid=687328)[0m trial-302172199-trialrun-302172199-worker-0:687328:687328 [5] NCCL INFO ncclTopoGetCpuAffinity: Affinity for GPU 5 is 64-126,192-254. (GPU affinity = 64-127,192-255 ; CPU affinity = 0-62,64-126,128-190,192-254).[32m [repeated 7x across cluster][0m
[36m(WorkerDict pid=687328)[0m trial-302172199-trialrun-302172199-worker-0:687328:687328 [5] NCCL INFO NCCL_NVLS_ENABLE set by environment to 1.[32m [repeated 7x across cluster][0m
[36m(WorkerDict pid=687328)[0m trial-302172199-trialrun-302172199-worker-0:687328:687328 [5] NCCL INFO NVLS multicast support is available on dev 5 (NVLS_NCHANNELS 24)[32m [repeated 7x across cluster][0m
[36m(WorkerDict pid=687328)[0m trial-302172199-trialrun-302172199-worker-0:687328:687328 [5] NCCL INFO Pattern 5, crossNic 0, nChannels 8, bw 80.000000/90.000000, type NVL/PIX, sameChannels 0[32m [repeated 21x across cluster][0m
[36m(WorkerDict pid=687328)[0m trial-302172199-trialrun-302172199-worker-0:687328:687328 [5] NCCL INFO  7 : GPU/0-d8000[32m [repeated 280x across cluster][0m
[36m(WorkerDict pid=687328)[0m trial-302172199-trialrun-302172199-worker-0:687328:687328 [5] NCCL INFO comm 0x104cdc30 rank 5 nRanks 8 nNodes 1 localRanks 8 localRank 5 MNNVL 0[32m [repeated 7x across cluster][0m
[36m(WorkerDict pid=687319)[0m trial-302172199-trialrun-302172199-worker-0:687319:687319 [1] NCCL INFO Tree 31 : 0 -> 1 -> 2/-1/-1[32m [repeated 32x across cluster][0m
[36m(WorkerDict pid=687319)[0m trial-302172199-trialrun-302172199-worker-0:687319:687319 [1] NCCL INFO Channel 25/0 :[32m [repeated 5x across cluster][0m
[36m(WorkerDict pid=687322)[0m trial-302172199-trialrun-302172199-worker-0:687322:687322 [0] NCCL INFO Ring 31 : 7 -> 0 -> 1[32m [repeated 249x across cluster][0m
[36m(WorkerDict pid=687322)[0m trial-302172199-trialrun-302172199-worker-0:687322:687322 [0] NCCL INFO Trees [0] 1/-1/-1->0->-1 [1] 1/-1/-1->0->-1 [2] 1/-1/-1->0->-1 [3] 1/-1/-1->0->-1 [4] 1/-1/-1->0->-1 [5] 1/-1/-1->0->-1 [6] 1/-1/-1->0->-1 [7] 1/-1/-1->0->-1 [8] 1/-1/-1->0->-1 [9] 1/-1/-1->0->-1 [10] 1/-1/-1->0->-1 [11] 1/-1/-1->0->-1 [12] 1/-1/-1->0->-1 [13] 1/-1/-1->0->-1 [14] 1/-1/-1->0->-1 [15] 1/-1/-1->0->-1 [16] 1/-1/-1->0->-1 [17] 1/-1/-1->0->-1 [18] 1/-1/-1->0->-1 [19] 1/-1/-1->0->-1 [20] 1/-1/-1->0->-1 [21] 1/-1/-1->0->-1 [22] 1/-1/-1->0->-1 [23] 1/-1/-1->0->-1 [24] 1/-1/-1->0->-1 [25] 1/-1/-1->0->-1 [26] 1/-1/-1->0->-1 [27] 1/-1/-1->0->-1 [28] 1/-1/-1->0->-1 [29] 1/-1/-1->0->-1 [30] 1/-1/-1->0->-1 [31] 1/-1/-1->0->-1[32m [repeated 7x across cluster][0m
[36m(WorkerDict pid=687325)[0m trial-302172199-trialrun-302172199-worker-0:687325:687325 [3] NCCL INFO P2P Chunksize set to 524288[32m [repeated 7x across cluster][0m
[36m(WorkerDict pid=687325)[0m trial-302172199-trialrun-302172199-worker-0:687325:687325 [3] NCCL INFO PROFILER/Plugin: Could not find: libnccl-profiler.so[32m [repeated 7x across cluster][0m
[36m(WorkerDict pid=687325)[0m trial-302172199-trialrun-302172199-worker-0:687325:687325 [3] NCCL INFO Check P2P Type isAllDirectP2p 1 directMode 0 isAllCudaP2p 1[32m [repeated 7x across cluster][0m
[36m(WorkerDict pid=687319)[0m trial-302172199-trialrun-302172199-worker-0:687319:702920 [0] NCCL INFO [Proxy Service] Device 1 CPU core 137[32m [repeated 7x across cluster][0m
[36m(WorkerDict pid=687319)[0m trial-302172199-trialrun-302172199-worker-0:687319:702922 [0] NCCL INFO [Proxy Service UDS] Device 1 CPU core 144[32m [repeated 7x across cluster][0m
[36m(WorkerDict pid=687319)[0m 9-worker-0:687319:687319 [1] NCCL INFO ncclP2pSchedule: group size used is 8[32m [repeated 7x across cluster][0m
[36m(WorkerDict pid=687319)[0m trial-302172199-trialrun-302172199-worker-0:687319:687319 [1] NCCL INFO TUNER/Plugin: Could not find: libnccl-tuner.so[32m [repeated 7x across cluster][0m
[36m(WorkerDict pid=687319)[0m trial-302172199-trialrun-302172199-worker-0:687319:687319 [1] NCCL INFO threadThresholds 8/8/64 | 64/8/64 | 512 | 512[32m [repeated 7x across cluster][0m
[36m(WorkerDict pid=687322)[0m Model config after override: Qwen2Config {
[36m(WorkerDict pid=687322)[0m   "architectures": [
[36m(WorkerDict pid=687322)[0m     "Qwen2ForCausalLM"
[36m(WorkerDict pid=687322)[0m   ],
[36m(WorkerDict pid=687322)[0m   "attention_dropout": 0.0,
[36m(WorkerDict pid=687322)[0m   "bos_token_id": null,
[36m(WorkerDict pid=687322)[0m   "dtype": "bfloat16",
[36m(WorkerDict pid=687322)[0m   "eos_token_id": 151643,
[36m(WorkerDict pid=687322)[0m   "hidden_act": "silu",
[36m(WorkerDict pid=687322)[0m   "hidden_size": 3584,
[36m(WorkerDict pid=687322)[0m   "initializer_range": 0.02,
[36m(WorkerDict pid=687322)[0m   "intermediate_size": 18944,
[36m(WorkerDict pid=687322)[0m   "layer_types": [
[36m(WorkerDict pid=687322)[0m     "full_attention",
[36m(WorkerDict pid=687322)[0m     "full_attention",
[36m(WorkerDict pid=687322)[0m     "full_attention",
[36m(WorkerDict pid=687322)[0m     "full_attention",
[36m(WorkerDict pid=687322)[0m     "full_attention",
[36m(WorkerDict pid=687322)[0m     "full_attention",
[36m(WorkerDict pid=687322)[0m     "full_attention",
[36m(WorkerDict pid=687322)[0m     "full_attention",
[36m(WorkerDict pid=687322)[0m     "full_attention",
[36m(WorkerDict pid=687322)[0m     "full_attention",
[36m(WorkerDict pid=687322)[0m     "full_attention",
[36m(WorkerDict pid=687322)[0m     "full_attention",
[36m(WorkerDict pid=687322)[0m     "full_attention",
[36m(WorkerDict pid=687322)[0m     "full_attention",
[36m(WorkerDict pid=687322)[0m     "full_attention",
[36m(WorkerDict pid=687322)[0m     "full_attention",
[36m(WorkerDict pid=687322)[0m     "full_attention",
[36m(WorkerDict pid=687322)[0m     "full_attention",
[36m(WorkerDict pid=687322)[0m     "full_attention",
[36m(WorkerDict pid=687322)[0m     "full_attention",
[36m(WorkerDict pid=687322)[0m     "full_attention",
[36m(WorkerDict pid=687322)[0m     "full_attention",
[36m(WorkerDict pid=687322)[0m     "full_attention",
[36m(WorkerDict pid=687322)[0m     "full_attention",
[36m(WorkerDict pid=687322)[0m     "full_attention",
[36m(WorkerDict pid=687322)[0m     "full_attention",
[36m(WorkerDict pid=687322)[0m     "full_attention",
[36m(WorkerDict pid=687322)[0m     "full_attention"
[36m(WorkerDict pid=687322)[0m   ],
[36m(WorkerDict pid=687322)[0m   "max_position_embeddings": 4096,
[36m(WorkerDict pid=687322)[0m   "max_window_layers": 28,
[36m(WorkerDict pid=687322)[0m   "model_type": "qwen2",
[36m(WorkerDict pid=687322)[0m   "num_attention_heads": 28,
[36m(WorkerDict pid=687322)[0m   "num_hidden_layers": 28,
[36m(WorkerDict pid=687322)[0m   "num_key_value_heads": 4,
[36m(WorkerDict pid=687322)[0m   "pad_token_id": 151643,
[36m(WorkerDict pid=687322)[0m   "rms_norm_eps": 1e-06,
[36m(WorkerDict pid=687322)[0m   "rope_parameters": {
[36m(WorkerDict pid=687322)[0m     "rope_theta": 10000,
[36m(WorkerDict pid=687322)[0m     "rope_type": "default"
[36m(WorkerDict pid=687322)[0m   },
[36m(WorkerDict pid=687322)[0m   "sliding_window": null,
[36m(WorkerDict pid=687322)[0m   "tie_word_embeddings": false,
[36m(WorkerDict pid=687322)[0m   "transformers_version": "5.12.1",
[36m(WorkerDict pid=687322)[0m   "use_cache": true,
[36m(WorkerDict pid=687322)[0m   "use_mrope": false,
[36m(WorkerDict pid=687322)[0m   "use_sliding_window": false,
[36m(WorkerDict pid=687322)[0m   "vocab_size": 152064
[36m(WorkerDict pid=687322)[0m }
[36m(WorkerDict pid=687322)[0m 
[36m(WorkerDict pid=687319)[0m trial-302172199-trialrun-302172199-worker-0:687319:687319 [1] NCCL INFO 32 coll channels, 32 collnet channels, 24 nvls channels, 32 p2p channels, 32 p2p channels per peer[32m [repeated 6x across cluster][0m
[36m(WorkerDict pid=687328)[0m WARNING:2026-08-01 03:42:35,321:Initializing torch.distributed: rank=5 world_size=8 init_method=tcp://[fdbd:dc61:ff:f000:ffff:ffff:0:16]:40657 master=fdbd:dc61:ff:f000:ffff:ffff:0:16:40657[32m [repeated 7x across cluster][0m
[36m(WorkerDict pid=687325)[0m [W801 03:42:35.641333876 ProcessGroupNCCL.cpp:932] Warning: TORCH_NCCL_AVOID_RECORD_STREAMS is the default now, this environment variable is thus deprecated. (function operator())[32m [repeated 7x across cluster][0m
[36m(WorkerDict pid=687322)[0m Loading weights:   0%|          | 0/339 [00:00<?, ?it/s][32m [repeated 3x across cluster][0m
[36m(WorkerDict pid=687325)[0m Loading weights:   0%|          | 0/339 [00:00<?, ?it/s]Loading weights: 100%|██████████| 339/339 [00:00<00:00, 12040.25it/s][32m [repeated 4x across cluster][0m
[36m(WorkerDict pid=687328)[0m Loading weights: 100%|██████████| 339/339 [00:00<00:00, 11176.02it/s][32m [repeated 2x across cluster][0m
[36m(WorkerDict pid=687322)[0m Loading weights:   0%|          | 1/339 [00:01<06:11,  1.10s/it]
[36m(WorkerDict pid=687322)[0m Loading weights:  97%|█████████▋| 329/339 [00:03<00:00, 101.56it/s]Loading weights: 100%|██████████| 339/339 [00:03<00:00, 86.17it/s] 
[36m(WorkerDict pid=687328)[0m Loading weights:   0%|          | 0/339 [00:00<?, ?it/s][32m [repeated 7x across cluster][0m
[36m(WorkerDict pid=687325)[0m Loading weights:  94%|█████████▎| 317/339 [00:04<00:00, 93.66it/s][32m [repeated 4x across cluster][0m
[36m(WorkerDict pid=687322)[0m WARNING:2026-08-01 03:43:03,542:Dropping unsupported vLLM engine kwargs for this version: ['disable_mm_preprocessor_cache']
[36m(WorkerDict pid=687328)[0m Loading weights:  90%|█████████ | 306/339 [00:05<00:00, 66.26it/s][32m [repeated 212x across cluster][0m
[36m(WorkerDict pid=687325)[0m Loading weights:  97%|█████████▋| 329/339 [00:04<00:00, 88.53it/s]Loading weights: 100%|██████████| 339/339 [00:04<00:00, 71.85it/s][32m [repeated 3x across cluster][0m
[36m(WorkerDict pid=687328)[0m Loading weights: 100%|██████████| 339/339 [00:05<00:00, 62.75it/s][32m [repeated 12x across cluster][0m
[36m(WorkerDict pid=687319)[0m /mlx_devbox/users/quyanyi/playground/.venvs/ttrl_b200/lib/python3.11/site-packages/nvidia_cutlass_dsl/python_packages/cutlass/cute/core.py:5791: DeprecationWarning: Use explicit `struct.scalar.ptr` for pointer instead.
[36m(WorkerDict pid=687319)[0m   warnings.warn(
[36m(WorkerDict pid=687328)[0m WARNING:2026-08-01 03:43:03,541:Dropping unsupported vLLM engine kwargs for this version: ['disable_mm_preprocessor_cache'][32m [repeated 7x across cluster][0m
[36m(WorkerDict pid=687322)[0m 2026-08-01 03:43:34,095 - INFO - autotuner.py:622 - flashinfer.jit: [Autotuner]: Autotuning process starts ...
[36m(WorkerDict pid=687322)[0m 2026-08-01 03:43:34,112 - INFO - autotuner.py:641 - flashinfer.jit: [Autotuner]: Autotuning process ends
[36m(WorkerDict pid=687328)[0m /mlx_devbox/users/quyanyi/playground/.venvs/ttrl_b200/lib/python3.11/site-packages/nvidia_cutlass_dsl/python_packages/cutlass/cute/core.py:5791: DeprecationWarning: Use explicit `struct.scalar.ptr` for pointer instead.[32m [repeated 103x across cluster][0m
[36m(WorkerDict pid=687328)[0m   warnings.warn([32m [repeated 103x across cluster][0m
[36m(WorkerDict pid=687322)[0m Capturing CUDA graphs (mixed prefill-decode, PIECEWISE):   0%|          | 0/51 [00:00<?, ?it/s]
[36m(WorkerDict pid=687322)[0m Capturing CUDA graphs (mixed prefill-decode, PIECEWISE):   6%|▌         | 3/51 [00:00<00:01, 27.05it/s]
[36m(WorkerDict pid=687322)[0m Capturing CUDA graphs (mixed prefill-decode, PIECEWISE):  12%|█▏        | 6/51 [00:00<00:01, 24.18it/s]
[36m(WorkerDict pid=687322)[0m Capturing CUDA graphs (mixed prefill-decode, PIECEWISE):  18%|█▊        | 9/51 [00:00<00:01, 25.69it/s]
[36m(WorkerDict pid=687322)[0m Capturing CUDA graphs (mixed prefill-decode, PIECEWISE):  24%|██▎       | 12/51 [00:00<00:01, 26.28it/s]
[36m(WorkerDict pid=687322)[0m Capturing CUDA graphs (mixed prefill-decode, PIECEWISE):  29%|██▉       | 15/51 [00:00<00:01, 25.83it/s]
[36m(WorkerDict pid=687322)[0m Capturing CUDA graphs (mixed prefill-decode, PIECEWISE):  35%|███▌      | 18/51 [00:00<00:01, 25.94it/s]
[36m(WorkerDict pid=687322)[0m Capturing CUDA graphs (mixed prefill-decode, PIECEWISE):  43%|████▎     | 22/51 [00:00<00:01, 27.90it/s]
[36m(WorkerDict pid=687322)[0m Capturing CUDA graphs (mixed prefill-decode, PIECEWISE):  51%|█████     | 26/51 [00:00<00:00, 28.74it/s]
[36m(WorkerDict pid=687322)[0m Capturing CUDA graphs (mixed prefill-decode, PIECEWISE):  59%|█████▉    | 30/51 [00:01<00:00, 29.55it/s]
[36m(WorkerDict pid=687322)[0m Capturing CUDA graphs (mixed prefill-decode, PIECEWISE):  65%|██████▍   | 33/51 [00:01<00:00, 29.09it/s]
[36m(WorkerDict pid=687322)[0m Capturing CUDA graphs (mixed prefill-decode, PIECEWISE):  71%|███████   | 36/51 [00:01<00:00, 29.33it/s]
[36m(WorkerDict pid=687322)[0m Capturing CUDA graphs (mixed prefill-decode, PIECEWISE):  76%|███████▋  | 39/51 [00:01<00:00, 28.60it/s]
[36m(WorkerDict pid=687322)[0m Capturing CUDA graphs (mixed prefill-decode, PIECEWISE):  82%|████████▏ | 42/51 [00:01<00:00, 27.84it/s]
[36m(WorkerDict pid=687322)[0m Capturing CUDA graphs (mixed prefill-decode, PIECEWISE):  88%|████████▊ | 45/51 [00:01<00:00, 25.80it/s]
[36m(WorkerDict pid=687322)[0m Capturing CUDA graphs (mixed prefill-decode, PIECEWISE):  94%|█████████▍| 48/51 [00:01<00:00, 24.75it/s]
[36m(WorkerDict pid=687322)[0m Capturing CUDA graphs (mixed prefill-decode, PIECEWISE): 100%|██████████| 51/51 [00:01<00:00, 24.24it/s]Capturing CUDA graphs (mixed prefill-decode, PIECEWISE): 100%|██████████| 51/51 [00:01<00:00, 26.60it/s]
[36m(WorkerDict pid=687322)[0m Capturing CUDA graphs (decode, FULL):   0%|          | 0/51 [00:00<?, ?it/s]
[36m(WorkerDict pid=687322)[0m Capturing CUDA graphs (decode, FULL):   4%|▍         | 2/51 [00:00<00:02, 18.19it/s]
[36m(WorkerDict pid=687322)[0m Capturing CUDA graphs (decode, FULL):  12%|█▏        | 6/51 [00:00<00:01, 22.94it/s]
[36m(WorkerDict pid=687322)[0m Capturing CUDA graphs (decode, FULL):  18%|█▊        | 9/51 [00:00<00:01, 22.04it/s]
[36m(WorkerDict pid=687322)[0m Capturing CUDA graphs (decode, FULL):  24%|██▎       | 12/51 [00:00<00:02, 19.33it/s]
[36m(WorkerDict pid=687322)[0m Capturing CUDA graphs (decode, FULL):  31%|███▏      | 16/51 [00:00<00:01, 22.46it/s]
[36m(WorkerDict pid=687322)[0m Capturing CUDA graphs (decode, FULL):  37%|███▋      | 19/51 [00:00<00:01, 23.90it/s]
[36m(WorkerDict pid=687322)[0m Capturing CUDA graphs (decode, FULL):  43%|████▎     | 22/51 [00:00<00:01, 24.67it/s]
[36m(WorkerDict pid=687322)[0m Capturing CUDA graphs (decode, FULL):  49%|████▉     | 25/51 [00:01<00:01, 25.02it/s]
[36m(WorkerDict pid=687322)[0m Capturing CUDA graphs (decode, FULL):  55%|█████▍    | 28/51 [00:01<00:00, 26.06it/s]
[36m(WorkerDict pid=687322)[0m Capturing CUDA graphs (decode, FULL):  61%|██████    | 31/51 [00:01<00:00, 25.69it/s]
[36m(WorkerDict pid=687322)[0m Capturing CUDA graphs (decode, FULL):  67%|██████▋   | 34/51 [00:01<00:00, 26.71it/s]
[36m(WorkerDict pid=687322)[0m Capturing CUDA graphs (decode, FULL):  75%|███████▍  | 38/51 [00:01<00:00, 28.75it/s]
[36m(WorkerDict pid=687322)[0m Capturing CUDA graphs (decode, FULL):  82%|████████▏ | 42/51 [00:01<00:00, 31.44it/s]
[36m(WorkerDict pid=687322)[0m Capturing CUDA graphs (decode, FULL):  90%|█████████ | 46/51 [00:01<00:00, 33.47it/s]
[36m(WorkerDict pid=687328)[0m 2026-08-01 03:43:34,095 - INFO - autotuner.py:622 - flashinfer.jit: [Autotuner]: Autotuning process starts ...[32m [repeated 7x across cluster][0m
[36m(WorkerDict pid=687328)[0m 2026-08-01 03:43:34,109 - INFO - autotuner.py:641 - flashinfer.jit: [Autotuner]: Autotuning process ends[32m [repeated 7x across cluster][0m
[36m(WorkerDict pid=687323)[0m /mlx_devbox/users/quyanyi/playground/.venvs/ttrl_b200/lib/python3.11/site-packages/nvidia_cutlass_dsl/python_packages/cutlass/cute/core.py:5791: DeprecationWarning: Use explicit `struct.scalar.ptr` for pointer instead.[32m [repeated 3x across cluster][0m
[36m(WorkerDict pid=687323)[0m   warnings.warn([32m [repeated 3x across cluster][0m
[36m(WorkerDict pid=687322)[0m Capturing CUDA graphs (decode, FULL):  98%|█████████▊| 50/51 [00:12<00:00,  1.10it/s]
[36m(WorkerDict pid=687325)[0m /mlx_devbox/users/quyanyi/playground/.venvs/ttrl_b200/lib/python3.11/site-packages/nvidia_cutlass_dsl/python_packages/cutlass/cute/core.py:5791: DeprecationWarning: Use explicit `struct.scalar.ptr` for pointer instead.[32m [repeated 101x across cluster][0m
[36m(WorkerDict pid=687325)[0m   warnings.warn([32m [repeated 101x across cluster][0m
[36m(WorkerDict pid=687322)[0m Capturing CUDA graphs (decode, FULL): 100%|██████████| 51/51 [00:12<00:00,  3.97it/s]
[36m(WorkerDict pid=687323)[0m /mlx_devbox/users/quyanyi/playground/TTRL/verl/verl/workers/sharding_manager/fsdp_vllm.py:97: FutureWarning: FSDP.state_dict_type() and FSDP.set_state_dict_type() are being deprecated. Please use APIs, get_state_dict() and set_state_dict(), which can support different parallelisms, FSDP1, FSDP2, DDP. API doc: https://pytorch.org/docs/stable/distributed.checkpoint.html#torch.distributed.checkpoint.state_dict.get_state_dict .Tutorial: https://pytorch.org/tutorials/recipes/distributed_checkpoint_recipe.html .
[36m(WorkerDict pid=687323)[0m   FSDP.set_state_dict_type(
[36m(TaskRunner pid=687321)[0m Training Progress:   0%|          | 0/3 [00:00<?, ?it/s]
[36m(WorkerDict pid=687323)[0m /mlx_devbox/users/quyanyi/playground/.venvs/ttrl_b200/lib/python3.11/site-packages/nvidia_cutlass_dsl/python_packages/cutlass/cute/core.py:5791: DeprecationWarning: Use explicit `struct.scalar.ptr` for pointer instead.
[36m(WorkerDict pid=687323)[0m   warnings.warn(
[36m(WorkerDict pid=687330)[0m /mlx_devbox/users/quyanyi/playground/TTRL/verl/verl/workers/sharding_manager/fsdp_vllm.py:97: FutureWarning: FSDP.state_dict_type() and FSDP.set_state_dict_type() are being deprecated. Please use APIs, get_state_dict() and set_state_dict(), which can support different parallelisms, FSDP1, FSDP2, DDP. API doc: https://pytorch.org/docs/stable/distributed.checkpoint.html#torch.distributed.checkpoint.state_dict.get_state_dict .Tutorial: https://pytorch.org/tutorials/recipes/distributed_checkpoint_recipe.html .[32m [repeated 7x across cluster][0m
[36m(WorkerDict pid=687330)[0m   FSDP.set_state_dict_type([32m [repeated 7x across cluster][0m
[36m(WorkerDict pid=687322)[0m /mlx_devbox/users/quyanyi/playground/.venvs/ttrl_b200/lib/python3.11/site-packages/nvidia_cutlass_dsl/python_packages/cutlass/cute/core.py:5791: DeprecationWarning: Use explicit `struct.scalar.ptr` for pointer instead.
[36m(WorkerDict pid=687322)[0m   warnings.warn(
[36m(WorkerDict pid=687322)[0m /mlx_devbox/users/quyanyi/playground/.venvs/ttrl_b200/lib/python3.11/site-packages/nvidia_cutlass_dsl/python_packages/cutlass/cute/core.py:5791: DeprecationWarning: Use explicit `struct.scalar.ptr` for pointer instead.
[36m(WorkerDict pid=687322)[0m   warnings.warn(
[36m(WorkerDict pid=687322)[0m /mlx_devbox/users/quyanyi/playground/.venvs/ttrl_b200/lib/python3.11/site-packages/nvidia_cutlass_dsl/python_packages/cutlass/cute/core.py:5791: DeprecationWarning: Use explicit `struct.scalar.ptr` for pointer instead.
[36m(WorkerDict pid=687322)[0m   warnings.warn(
[36m(TaskRunner pid=687321)[0m <string>:1: SyntaxWarning: 'set' object is not callable; perhaps you missed a comma?
[36m(WorkerDict pid=687330)[0m /mlx_devbox/users/quyanyi/playground/.venvs/ttrl_b200/lib/python3.11/site-packages/nvidia_cutlass_dsl/python_packages/cutlass/cute/core.py:5791: DeprecationWarning: Use explicit `struct.scalar.ptr` for pointer instead.[32m [repeated 100x across cluster][0m
[36m(WorkerDict pid=687330)[0m   warnings.warn([32m [repeated 100x across cluster][0m
[36m(TaskRunner pid=687321)[0m <string>:1: SymPyDeprecationWarning: 
[36m(TaskRunner pid=687321)[0m 
[36m(TaskRunner pid=687321)[0m Using non-Expr arguments in Pow is deprecated (in this case, one of the
[36m(TaskRunner pid=687321)[0m arguments is of type 'FiniteSet').
[36m(TaskRunner pid=687321)[0m 
[36m(TaskRunner pid=687321)[0m If you really did intend to construct a power with this base, use the **
[36m(TaskRunner pid=687321)[0m operator instead.
[36m(TaskRunner pid=687321)[0m 
[36m(TaskRunner pid=687321)[0m See https://docs.sympy.org/latest/explanation/active-deprecations.html#non-expr-args-deprecated
[36m(TaskRunner pid=687321)[0m for details.
[36m(TaskRunner pid=687321)[0m 
[36m(TaskRunner pid=687321)[0m This has been deprecated since SymPy version 1.7. It
[36m(TaskRunner pid=687321)[0m will be removed in a future version of SymPy.
[36m(TaskRunner pid=687321)[0m 
[36m(TaskRunner pid=687321)[0m /mlx_devbox/users/quyanyi/playground/.venvs/ttrl_b200/lib/python3.11/site-packages/sympy/core/power.py:1257: SymPyDeprecationWarning: 
[36m(TaskRunner pid=687321)[0m 
[36m(TaskRunner pid=687321)[0m Using non-Expr arguments in Pow is deprecated (in this case, one of the
[36m(TaskRunner pid=687321)[0m arguments is of type 'FiniteSet').
[36m(TaskRunner pid=687321)[0m 
[36m(TaskRunner pid=687321)[0m If you really did intend to construct a power with this base, use the **
[36m(TaskRunner pid=687321)[0m operator instead.
[36m(TaskRunner pid=687321)[0m 
[36m(TaskRunner pid=687321)[0m See https://docs.sympy.org/latest/explanation/active-deprecations.html#non-expr-args-deprecated
[36m(TaskRunner pid=687321)[0m for details.
[36m(TaskRunner pid=687321)[0m 
[36m(TaskRunner pid=687321)[0m This has been deprecated since SymPy version 1.7. It
[36m(TaskRunner pid=687321)[0m will be removed in a future version of SymPy.
[36m(TaskRunner pid=687321)[0m 
[36m(TaskRunner pid=687321)[0m   p = self.func(*self.as_base_exp())  # in case it's unevaluated
[36m(TaskRunner pid=687321)[0m <string>:1: SymPyDeprecationWarning: 
[36m(TaskRunner pid=687321)[0m 
[36m(TaskRunner pid=687321)[0m Using non-Expr arguments in Pow is deprecated (in this case, one of the
[36m(TaskRunner pid=687321)[0m arguments is of type 'FiniteSet').
[36m(TaskRunner pid=687321)[0m 
[36m(TaskRunner pid=687321)[0m If you really did intend to construct a power with this base, use the **
[36m(TaskRunner pid=687321)[0m operator instead.
[36m(TaskRunner pid=687321)[0m 
[36m(TaskRunner pid=687321)[0m See https://docs.sympy.org/latest/explanation/active-deprecations.html#non-expr-args-deprecated
[36m(TaskRunner pid=687321)[0m for details.
[36m(TaskRunner pid=687321)[0m 
[36m(TaskRunner pid=687321)[0m This has been deprecated since SymPy version 1.7. It
[36m(TaskRunner pid=687321)[0m will be removed in a future version of SymPy.
[36m(TaskRunner pid=687321)[0m 
[36m(TaskRunner pid=687321)[0m Training Progress:  33%|███▎      | 1/3 [01:27<02:55, 87.70s/it]
[36m(TaskRunner pid=687321)[0m <string>:1: SymPyDeprecationWarning: 
[36m(TaskRunner pid=687321)[0m 
[36m(TaskRunner pid=687321)[0m Using non-Expr arguments in Pow is deprecated (in this case, one of the
[36m(TaskRunner pid=687321)[0m arguments is of type 'FiniteSet').
[36m(TaskRunner pid=687321)[0m 
[36m(TaskRunner pid=687321)[0m If you really did intend to construct a power with this base, use the **
[36m(TaskRunner pid=687321)[0m operator instead.
[36m(TaskRunner pid=687321)[0m 
[36m(TaskRunner pid=687321)[0m See https://docs.sympy.org/latest/explanation/active-deprecations.html#non-expr-args-deprecated
[36m(TaskRunner pid=687321)[0m for details.
[36m(TaskRunner pid=687321)[0m 
[36m(TaskRunner pid=687321)[0m This has been deprecated since SymPy version 1.7. It
[36m(TaskRunner pid=687321)[0m will be removed in a future version of SymPy.
[36m(TaskRunner pid=687321)[0m 
[36m(TaskRunner pid=687321)[0m <string>:1: SymPyDeprecationWarning: 
[36m(TaskRunner pid=687321)[0m 
[36m(TaskRunner pid=687321)[0m Using non-Expr arguments in Pow is deprecated (in this case, one of the
[36m(TaskRunner pid=687321)[0m arguments is of type 'FiniteSet').
[36m(TaskRunner pid=687321)[0m 
[36m(TaskRunner pid=687321)[0m If you really did intend to construct a power with this base, use the **
[36m(TaskRunner pid=687321)[0m operator instead.
[36m(TaskRunner pid=687321)[0m 
[36m(TaskRunner pid=687321)[0m See https://docs.sympy.org/latest/explanation/active-deprecations.html#non-expr-args-deprecated
[36m(TaskRunner pid=687321)[0m for details.
[36m(TaskRunner pid=687321)[0m 
[36m(TaskRunner pid=687321)[0m This has been deprecated since SymPy version 1.7. It
[36m(TaskRunner pid=687321)[0m will be removed in a future version of SymPy.
[36m(TaskRunner pid=687321)[0m 
[36m(WorkerDict pid=687322)[0m trial-302172199-trialrun-302172199-worker-0:687322:687322 [0] NCCL INFO ncclCommInitRankConfig comm 0x105cea20 rank 0 nranks 8 cudaDev 0 nvmlDev 0 busId f000 commId 0x949e3fa06384c1fe - Init COMPLETE[32m [repeated 7x across cluster][0m
[36m(WorkerDict pid=687322)[0m trial-302172199-trialrun-302172199-worker-0:687322:687322 [0] NCCL INFO Init timings - ncclCommInitRankConfig: rank 0 nranks 8 total 3.37 (kernels 0.34, alloc 0.73, bootstrap 0.21, allgathers 0.00, topo 1.60, graphs 0.05, connections 0.43, rest 0.00)[32m [repeated 7x across cluster][0m
[36m(WorkerDict pid=687322)[0m trial-302172199-trialrun-302172199-worker-0:687322:687322 [0] NCCL INFO Channel 30/0 : 0[0] -> 1[1] via P2P/CUMEM[32m [repeated 141x across cluster][0m
[36m(WorkerDict pid=687322)[0m actor attention implementation verified: sdpa
[36m(WorkerDict pid=687322)[0m [PowerFlow] Added proj_z (layers=3, hidden=3584, init_offset=1.08)
[36m(WorkerDict pid=687322)[0m Monkey patch _flash_attention_forward in transformers.integrations.flash_attention
[36m(WorkerDict pid=687322)[0m Using Triton backend for fused kernels in Qwen2ForCausalLM
[36m(WorkerDict pid=687322)[0m Qwen2ForCausalLM contains 7.64B parameters
[36m(WorkerDict pid=687322)[0m [PowerFlow] Updated auto_wrap_policy to wrap ProjZModule
[36m(WorkerDict pid=687322)[0m wrap_policy: <function ActorRolloutRefWorker._build_model_optimizer.<locals>.powerflow_wrap_policy at 0x7ee53512dd00>
[36m(WorkerDict pid=687322)[0m Total steps: 3, num_warmup_steps: 0
[36m(WorkerDict pid=687322)[0m Actor use_remove_padding=True
[36m(WorkerDict pid=687322)[0m Actor use_fused_kernels=True
[36m(WorkerDict pid=687328)[0m Monkey patch _flash_attention_forward in transformers.integrations.flash_attention[32m [repeated 7x across cluster][0m
[36m(WorkerDict pid=687328)[0m Using Triton backend for fused kernels in Qwen2ForCausalLM[32m [repeated 7x across cluster][0m
[36m(WorkerDict pid=687323)[0m kwargs: {'n': 1, 'logprobs': 1, 'max_tokens': 3072, 'repetition_penalty': 1.0, 'detokenize': False, 'temperature': 1.0, 'top_k': -1, 'top_p': 1, 'ignore_eos': False}
[36m(WorkerDict pid=687322)[0m WARNING 08-01 03:43:51 [jit_monitor.py:106] Triton kernel JIT compilation during inference: _compute_slot_mapping_kernel. This causes a latency spike; consider extending warmup to cover this shape/config.
[36m(TaskRunner pid=687321)[0m [Shutdown] 4 subprocess(es) terminated.
[36m(WorkerDict pid=687330)[0m kwargs: {'n': 1, 'logprobs': 1, 'max_tokens': 3072, 'repetition_penalty': 1.0, 'detokenize': False, 'temperature': 1.0, 'top_k': -1, 'top_p': 1, 'ignore_eos': False}[32m [repeated 7x across cluster][0m
[36m(TaskRunner pid=687321)[0m [Shutdown] 3 subprocess(es) terminated.
[36m(TaskRunner pid=687321)[0m [Shutdown] 10 subprocess(es) terminated.
[36m(WorkerDict pid=687322)[0m WARNING 08-01 03:45:08 [jit_monitor.py:106] Triton kernel JIT compilation during inference: efficient_entropy_kernel_general_mainloop. This causes a latency spike; consider extending warmup to cover this shape/config.
[36m(WorkerDict pid=687322)[0m WARNING 08-01 03:45:08 [jit_monitor.py:106] Triton kernel JIT compilation during inference: efficient_entropy_triton_kernel_epilogue. This causes a latency spike; consider extending warmup to cover this shape/config.
[36m(WorkerDict pid=687322)[0m WARNING 08-01 03:45:10 [jit_monitor.py:106] Triton kernel JIT compilation during inference: efficient_entropy_backward_kernel_general_d_logits_split_N. This causes a latency spike; consider extending warmup to cover this shape/config.
[36m(TaskRunner pid=687321)[0m step:1 - chunk_state_source/selected_original_acc_mean:0.094 - chunk_state_source/prompt_original_pass:0.906 - chunk_state_source/prompt_original_mean:0.334 - chunk_state_majority_completion/group_size:32.000 - chunk_state_majority_completion/majority_ratio_mean:0.364 - chunk_state_majority_completion/majority_ratio_min:0.000 - chunk_state_majority_completion/answer_coverage_mean:0.706 - chunk_state_majority_completion/raw_positive_ratio:0.364 - chunk_state_majority_completion/label_consistent_ratio:0.602 - chunk_state_probe/raw_positive_ratio:0.364 - chunk_state_score/mode_majority_completion:1.000 - chunk_state_probe/samples:4.000 - chunk_state_diag/boundary_mean:492.000 - chunk_state_diag/boundary_min:0.000 - chunk_state_diag/boundary_max:1024.000 - chunk_state_diag/boundary_zero_ratio:0.094 - chunk_state_diag/skipped_short_sources:0.000 - chunk_state_diag/real_state_count:32.000 - chunk_state_diag/pad_state_count:0.000 - chunk_state_diag/loss_weight_mean:1.000 - chunk_state_diag/source_response_len_mean:2247.688 - chunk_state_diag/probe_score_std:0.377 - chunk_state_diag/state_probe_mean_max:0.938 - chunk_state_diag/state_probe_mean_min:0.000 - chunk_state_diag/state_all_positive_ratio:0.312 - chunk_state_diag/state_all_negative_ratio:0.031 - chunk_state_diag/state_mixed_ratio:0.656 - chunk_state_diag/source_pseudo_acc_mean:0.125 - chunk_state_diag/source_original_acc_mean:0.094 - chunk_state_diag/prompt_pseudo_mean:0.323 - chunk_state_diag/prompt_original_mean:0.334 - chunk_state_diag/prompt_original_pass:0.906 - chunk_state_diag/probe_mean_source_original_correct:0.802 - chunk_state_diag/probe_mean_source_original_wrong:0.319 - chunk_state_diag/source_original_correct_ratio:0.094 - chunk_state_diag/jsonl_rows:32.000 - chunk_state/num_states:32.000 - chunk_state/real_states:32.000 - chunk_state/pad_states:0.000 - chunk_state/num_candidates:256.000 - chunk_state/num_actor_samples:256.000 - chunk_state/loss_weight_mean:0.500 - chunk_state/base_loss_weight_mean:1.000 - chunk_state/zeroed_state_ratio:0.500 - chunk_state/confidence_gate_ratio:0.500 - chunk_state/confidence_weight_mean:1.000 - chunk_state/majority_ratio_mean:0.364 - chunk_state/answer_coverage_mean:0.706 - chunk_state/positive_ratio:0.364 - chunk_state/label_consistent_only:1.000 - chunk_state/label_consistent_ratio:0.602 - chunk_state/informative_ratio:0.969 - chunk_state/kept_state_ratio:0.500 - chunk_state/target_entropy:1.440 - chunk_state/weight_max:0.973 - chunk_state/weight_min:0.000 - chunk_state/powerflow_weight_mean:0.500 - chunk_state/powerflow_weight_max:3.073 - chunk_state/powerflow_weight_min:0.000 - chunk_state_actor_span/mode_chunk:1.000 - chunk_state_actor_span/response_len_mean:126.102 - chunk_state_actor_span/truncated_ratio:0.000 - actor/pg_loss:1.442 - actor/powerflow_loss:1.442 - actor/log_prob:-0.215 - actor/old_log_prob:0.000 - actor/ref_log_prob:-0.216 - actor/ref_log_prob/std:0.095 - actor/boxed_reward/mean:0.359 - actor/boxed_reward/min:0.000 - actor/boxed_reward/max:1.000 - actor/powerflow_weight/mean:0.500 - actor/powerflow_weight/min:0.000 - actor/powerflow_weight/max:1.642 - actor/log_z:-2.664 - actor/importance_weight:0.800 - actor/ppo_kl:0.215 - actor/ref_kl:-0.000 - actor/beta_coef:4.000 - actor/cispo_mask_ratio:0.144 - actor/cispo_dropped_tokens:72.750 - actor/condition_1_count:0.000 - actor/condition_2_count:72.750 - actor/pg_clipfrac:0.000 - actor/pg_clipfrac_lower:0.000 - actor/grad_norm:53.314 - perf/mfu/actor:0.000 - perf/max_memory_allocated_gb:159.970 - perf/max_memory_reserved_gb:175.326 - perf/cpu_memory_used_gb:787.967 - actor/lr:0.000 - timing_s/generate_sequences:29.774 - timing_s/reshard:0.293 - timing_s/gen:51.293 - timing_s/chunk_state_make_states:0.021 - timing_s/chunk_state_chunks/generate_sequences:0.546 - timing_s/chunk_state_chunks/reshard:0.337 - timing_s/chunk_state_chunks:1.050 - timing_s/chunk_state_probe/generate_sequences:5.770 - timing_s/chunk_state_probe/reshard:0.336 - timing_s/chunk_state_probe:6.833 - timing_s/chunk_state_score:11.424 - timing_s/chunk_state_build_actor_batch:0.011 - timing_s/chunk_state_ref:6.042 - timing_s/update_actor:7.634 - timing_per_token_ms/gen:0.049 - timing_per_token_ms/update_actor:0.007
[36m(TaskRunner pid=687321)[0m [Shutdown] 2 subprocess(es) terminated.
[36m(TaskRunner pid=687321)[0m [Shutdown] 6 subprocess(es) terminated.
[36m(TaskRunner pid=687321)[0m [Shutdown] 70 subprocess(es) terminated.
[36m(TaskRunner pid=687321)[0m Training Progress:  67%|██████▋   | 2/3 [02:22<01:08, 68.49s/it]
[36m(TaskRunner pid=687321)[0m <string>:1: SymPyDeprecationWarning: 
[36m(TaskRunner pid=687321)[0m 
[36m(TaskRunner pid=687321)[0m Using non-Expr arguments in Pow is deprecated (in this case, one of the
[36m(TaskRunner pid=687321)[0m arguments is of type 'FiniteSet').
[36m(TaskRunner pid=687321)[0m 
[36m(TaskRunner pid=687321)[0m If you really did intend to construct a power with this base, use the **
[36m(TaskRunner pid=687321)[0m operator instead.
[36m(TaskRunner pid=687321)[0m 
[36m(TaskRunner pid=687321)[0m See https://docs.sympy.org/latest/explanation/active-deprecations.html#non-expr-args-deprecated
[36m(TaskRunner pid=687321)[0m for details.
[36m(TaskRunner pid=687321)[0m 
[36m(TaskRunner pid=687321)[0m This has been deprecated since SymPy version 1.7. It
[36m(TaskRunner pid=687321)[0m will be removed in a future version of SymPy.
[36m(TaskRunner pid=687321)[0m 
[36m(TaskRunner pid=687321)[0m /mlx_devbox/users/quyanyi/playground/.venvs/ttrl_b200/lib/python3.11/site-packages/sympy/core/basic.py:1949: SymPyDeprecationWarning: 
[36m(TaskRunner pid=687321)[0m 
[36m(TaskRunner pid=687321)[0m Using non-Expr arguments in Pow is deprecated (in this case, one of the
[36m(TaskRunner pid=687321)[0m arguments is of type 'FiniteSet').
[36m(TaskRunner pid=687321)[0m 
[36m(TaskRunner pid=687321)[0m If you really did intend to construct a power with this base, use the **
[36m(TaskRunner pid=687321)[0m operator instead.
[36m(TaskRunner pid=687321)[0m 
[36m(TaskRunner pid=687321)[0m See https://docs.sympy.org/latest/explanation/active-deprecations.html#non-expr-args-deprecated
[36m(TaskRunner pid=687321)[0m for details.
[36m(TaskRunner pid=687321)[0m 
[36m(TaskRunner pid=687321)[0m This has been deprecated since SymPy version 1.7. It
[36m(TaskRunner pid=687321)[0m will be removed in a future version of SymPy.
[36m(TaskRunner pid=687321)[0m 
[36m(TaskRunner pid=687321)[0m   return self.func(*terms)
[36m(TaskRunner pid=687321)[0m <string>:1: SymPyDeprecationWarning: 
[36m(TaskRunner pid=687321)[0m 
[36m(TaskRunner pid=687321)[0m Using non-Expr arguments in Pow is deprecated (in this case, one of the
[36m(TaskRunner pid=687321)[0m arguments is of type 'FiniteSet').
[36m(TaskRunner pid=687321)[0m 
[36m(TaskRunner pid=687321)[0m If you really did intend to construct a power with this base, use the **
[36m(TaskRunner pid=687321)[0m operator instead.
[36m(TaskRunner pid=687321)[0m 
[36m(TaskRunner pid=687321)[0m See https://docs.sympy.org/latest/explanation/active-deprecations.html#non-expr-args-deprecated
[36m(TaskRunner pid=687321)[0m for details.
[36m(TaskRunner pid=687321)[0m 
[36m(TaskRunner pid=687321)[0m This has been deprecated since SymPy version 1.7. It
[36m(TaskRunner pid=687321)[0m will be removed in a future version of SymPy.
[36m(TaskRunner pid=687321)[0m 
[36m(TaskRunner pid=687321)[0m <string>:1: SymPyDeprecationWarning: 
[36m(TaskRunner pid=687321)[0m 
[36m(TaskRunner pid=687321)[0m Using non-Expr arguments in Pow is deprecated (in this case, one of the
[36m(TaskRunner pid=687321)[0m arguments is of type 'FiniteSet').
[36m(TaskRunner pid=687321)[0m 
[36m(TaskRunner pid=687321)[0m If you really did intend to construct a power with this base, use the **
[36m(TaskRunner pid=687321)[0m operator instead.
[36m(TaskRunner pid=687321)[0m 
[36m(TaskRunner pid=687321)[0m See https://docs.sympy.org/latest/explanation/active-deprecations.html#non-expr-args-deprecated
[36m(TaskRunner pid=687321)[0m for details.
[36m(TaskRunner pid=687321)[0m 
[36m(TaskRunner pid=687321)[0m This has been deprecated since SymPy version 1.7. It
[36m(TaskRunner pid=687321)[0m will be removed in a future version of SymPy.
[36m(TaskRunner pid=687321)[0m 
[36m(TaskRunner pid=687321)[0m <string>:1: SymPyDeprecationWarning: 
[36m(TaskRunner pid=687321)[0m 
[36m(TaskRunner pid=687321)[0m Using non-Expr arguments in Pow is deprecated (in this case, one of the
[36m(TaskRunner pid=687321)[0m arguments is of type 'FiniteSet').
[36m(TaskRunner pid=687321)[0m 
[36m(TaskRunner pid=687321)[0m If you really did intend to construct a power with this base, use the **
[36m(TaskRunner pid=687321)[0m operator instead.
[36m(TaskRunner pid=687321)[0m 
[36m(TaskRunner pid=687321)[0m See https://docs.sympy.org/latest/explanation/active-deprecations.html#non-expr-args-deprecated
[36m(TaskRunner pid=687321)[0m for details.
[36m(TaskRunner pid=687321)[0m 
[36m(TaskRunner pid=687321)[0m This has been deprecated since SymPy version 1.7. It
[36m(TaskRunner pid=687321)[0m will be removed in a future version of SymPy.
[36m(TaskRunner pid=687321)[0m 
[36m(TaskRunner pid=687321)[0m step:2 - chunk_state_source/selected_original_acc_mean:0.125 - chunk_state_source/prompt_original_pass:0.906 - chunk_state_source/prompt_original_mean:0.339 - chunk_state_majority_completion/group_size:32.000 - chunk_state_majority_completion/majority_ratio_mean:0.351 - chunk_state_majority_completion/majority_ratio_min:0.031 - chunk_state_majority_completion/answer_coverage_mean:0.728 - chunk_state_majority_completion/raw_positive_ratio:0.352 - chunk_state_majority_completion/label_consistent_ratio:0.590 - chunk_state_probe/raw_positive_ratio:0.352 - chunk_state_score/mode_majority_completion:1.000 - chunk_state_probe/samples:4.000 - chunk_state_diag/boundary_mean:512.000 - chunk_state_diag/boundary_min:0.000 - chunk_state_diag/boundary_max:1024.000 - chunk_state_diag/boundary_zero_ratio:0.094 - chunk_state_diag/skipped_short_sources:0.000 - chunk_state_diag/real_state_count:32.000 - chunk_state_diag/pad_state_count:0.000 - chunk_state_diag/loss_weight_mean:1.000 - chunk_state_diag/source_response_len_mean:2172.719 - chunk_state_diag/probe_score_std:0.367 - chunk_state_diag/state_probe_mean_max:0.875 - chunk_state_diag/state_probe_mean_min:0.031 - chunk_state_diag/state_all_positive_ratio:0.250 - chunk_state_diag/state_all_negative_ratio:0.000 - chunk_state_diag/state_mixed_ratio:0.750 - chunk_state_diag/source_pseudo_acc_mean:0.125 - chunk_state_diag/source_original_acc_mean:0.125 - chunk_state_diag/prompt_pseudo_mean:0.338 - chunk_state_diag/prompt_original_mean:0.339 - chunk_state_diag/prompt_original_pass:0.906 - chunk_state_diag/probe_mean_source_original_correct:0.586 - chunk_state_diag/probe_mean_source_original_wrong:0.318 - chunk_state_diag/source_original_correct_ratio:0.125 - chunk_state_diag/jsonl_rows:32.000 - chunk_state/num_states:32.000 - chunk_state/real_states:32.000 - chunk_state/pad_states:0.000 - chunk_state/num_candidates:256.000 - chunk_state/num_actor_samples:256.000 - chunk_state/loss_weight_mean:0.531 - chunk_state/base_loss_weight_mean:1.000 - chunk_state/zeroed_state_ratio:0.469 - chunk_state/confidence_gate_ratio:0.531 - chunk_state/confidence_weight_mean:1.000 - chunk_state/majority_ratio_mean:0.351 - chunk_state/answer_coverage_mean:0.728 - chunk_state/positive_ratio:0.352 - chunk_state/label_consistent_only:1.000 - chunk_state/label_consistent_ratio:0.590 - chunk_state/informative_ratio:1.000 - chunk_state/kept_state_ratio:0.531 - chunk_state/target_entropy:1.314 - chunk_state/weight_max:0.945 - chunk_state/weight_min:0.000 - chunk_state/powerflow_weight_mean:0.531 - chunk_state/powerflow_weight_max:3.807 - chunk_state/powerflow_weight_min:0.000 - chunk_state_actor_span/mode_chunk:1.000 - chunk_state_actor_span/response_len_mean:125.348 - chunk_state_actor_span/truncated_ratio:0.000 - actor/pg_loss:0.661 - actor/powerflow_loss:0.661 - actor/log_prob:-0.493 - actor/old_log_prob:0.000 - actor/ref_log_prob:-0.493 - actor/ref_log_prob/std:0.120 - actor/boxed_reward/mean:0.148 - actor/boxed_reward/min:0.000 - actor/boxed_reward/max:1.000 - actor/powerflow_weight/mean:0.250 - actor/powerflow_weight/min:0.000 - actor/powerflow_weight/max:2.281 - actor/log_z:-2.354 - actor/importance_weight:0.800 - actor/ppo_kl:0.493 - actor/ref_kl:-0.000 - actor/beta_coef:4.000 - actor/cispo_mask_ratio:0.269 - actor/cispo_dropped_tokens:137.875 - actor/condition_1_count:0.000 - actor/condition_2_count:137.875 - actor/pg_clipfrac:0.000 - actor/pg_clipfrac_lower:0.000 - actor/grad_norm:44.746 - perf/mfu/actor:0.000 - perf/max_memory_allocated_gb:162.987 - perf/max_memory_reserved_gb:176.160 - perf/cpu_memory_used_gb:788.780 - actor/lr:0.000 - timing_s/generate_sequences:18.112 - timing_s/reshard:0.585 - timing_s/gen:24.316 - timing_s/chunk_state_make_states:0.021 - timing_s/chunk_state_chunks/generate_sequences:0.543 - timing_s/chunk_state_chunks/reshard:0.355 - timing_s/chunk_state_chunks:0.958 - timing_s/chunk_state_probe/generate_sequences:5.698 - timing_s/chunk_state_probe/reshard:0.388 - timing_s/chunk_state_probe:6.689 - timing_s/chunk_state_score:10.014 - timing_s/chunk_state_build_actor_batch:0.011 - timing_s/chunk_state_ref:2.371 - timing_s/update_actor:7.356 - timing_per_token_ms/gen:0.022 - timing_per_token_ms/update_actor:0.006
[36m(TaskRunner pid=687321)[0m [Shutdown] 3 subprocess(es) terminated.
[36m(TaskRunner pid=687321)[0m [Shutdown] 18 subprocess(es) terminated.
[36m(TaskRunner pid=687321)[0m [Shutdown] 8 subprocess(es) terminated.
[36m(TaskRunner pid=687321)[0m Training Progress:  67%|██████▋   | 2/3 [03:17<01:38, 98.54s/it]
[36m(TaskRunner pid=687321)[0m step:3 - chunk_state_source/selected_original_acc_mean:0.062 - chunk_state_source/prompt_original_pass:0.938 - chunk_state_source/prompt_original_mean:0.319 - chunk_state_majority_completion/group_size:32.000 - chunk_state_majority_completion/majority_ratio_mean:0.271 - chunk_state_majority_completion/majority_ratio_min:0.000 - chunk_state_majority_completion/answer_coverage_mean:0.641 - chunk_state_majority_completion/raw_positive_ratio:0.275 - chunk_state_majority_completion/label_consistent_ratio:0.512 - chunk_state_probe/raw_positive_ratio:0.275 - chunk_state_score/mode_majority_completion:1.000 - chunk_state_probe/samples:4.000 - chunk_state_diag/boundary_mean:532.000 - chunk_state_diag/boundary_min:0.000 - chunk_state_diag/boundary_max:1024.000 - chunk_state_diag/boundary_zero_ratio:0.094 - chunk_state_diag/skipped_short_sources:0.000 - chunk_state_diag/real_state_count:32.000 - chunk_state_diag/pad_state_count:0.000 - chunk_state_diag/loss_weight_mean:1.000 - chunk_state_diag/source_response_len_mean:2362.406 - chunk_state_diag/probe_score_std:0.333 - chunk_state_diag/state_probe_mean_max:0.781 - chunk_state_diag/state_probe_mean_min:0.000 - chunk_state_diag/state_all_positive_ratio:0.156 - chunk_state_diag/state_all_negative_ratio:0.031 - chunk_state_diag/state_mixed_ratio:0.812 - chunk_state_diag/source_pseudo_acc_mean:0.094 - chunk_state_diag/source_original_acc_mean:0.062 - chunk_state_diag/prompt_pseudo_mean:0.312 - chunk_state_diag/prompt_original_mean:0.319 - chunk_state_diag/prompt_original_pass:0.938 - chunk_state_diag/probe_mean_source_original_correct:0.500 - chunk_state_diag/probe_mean_source_original_wrong:0.260 - chunk_state_diag/source_original_correct_ratio:0.062 - chunk_state_diag/jsonl_rows:32.000 - chunk_state/num_states:32.000 - chunk_state/real_states:32.000 - chunk_state/pad_states:0.000 - chunk_state/num_candidates:256.000 - chunk_state/num_actor_samples:256.000 - chunk_state/loss_weight_mean:0.438 - chunk_state/base_loss_weight_mean:1.000 - chunk_state/zeroed_state_ratio:0.562 - chunk_state/confidence_gate_ratio:0.438 - chunk_state/confidence_weight_mean:1.000 - chunk_state/majority_ratio_mean:0.271 - chunk_state/answer_coverage_mean:0.641 - chunk_state/positive_ratio:0.275 - chunk_state/label_consistent_only:1.000 - chunk_state/label_consistent_ratio:0.512 - chunk_state/informative_ratio:0.969 - chunk_state/kept_state_ratio:0.438 - chunk_state/target_entropy:1.231 - chunk_state/weight_max:0.984 - chunk_state/weight_min:0.000 - chunk_state/powerflow_weight_mean:0.437 - chunk_state/powerflow_weight_max:4.780 - chunk_state/powerflow_weight_min:0.000 - chunk_state_actor_span/mode_chunk:1.000 - chunk_state_actor_span/response_len_mean:123.992 - chunk_state_actor_span/truncated_ratio:0.000 - actor/pg_loss:0.238 - actor/powerflow_loss:0.238 - actor/log_prob:-0.463 - actor/old_log_prob:0.000 - actor/ref_log_prob:-0.463 - actor/ref_log_prob/std:0.150 - actor/boxed_reward/mean:0.086 - actor/boxed_reward/min:0.000 - actor/boxed_reward/max:0.750 - actor/powerflow_weight/mean:0.250 - actor/powerflow_weight/min:0.000 - actor/powerflow_weight/max:3.483 - actor/log_z:-2.166 - actor/importance_weight:0.833 - actor/ppo_kl:0.463 - actor/ref_kl:-0.001 - actor/beta_coef:4.000 - actor/cispo_mask_ratio:0.223 - actor/cispo_dropped_tokens:114.250 - actor/condition_1_count:0.000 - actor/condition_2_count:114.250 - actor/pg_clipfrac:0.000 - actor/pg_clipfrac_lower:0.000 - actor/grad_norm:33.374 - perf/mfu/actor:0.000 - perf/max_memory_allocated_gb:162.987 - perf/max_memory_reserved_gb:176.160 - perf/cpu_memory_used_gb:789.000 - actor/lr:0.000 - timing_s/generate_sequences:18.315 - timing_s/reshard:0.500 - timing_s/gen:22.876 - timing_s/chunk_state_make_states:0.022 - timing_s/chunk_state_chunks/generate_sequences:0.543 - timing_s/chunk_state_chunks/reshard:0.340 - timing_s/chunk_state_chunks:0.951 - timing_s/chunk_state_probe/generate_sequences:5.998 - timing_s/chunk_state_probe/reshard:0.369 - timing_s/chunk_state_probe:6.953 - timing_s/chunk_state_score:10.589 - timing_s/chunk_state_build_actor_batch:0.011 - timing_s/chunk_state_ref:2.399 - timing_s/update_actor:7.591 - timing_per_token_ms/gen:0.021 - timing_per_token_ms/update_actor:0.006
[36m(TaskRunner pid=687321)[0m 'Final validation skipped'
