MODEL_READY: /models/Qwen2.5-Math-7B
Using python: /mlx_devbox/users/quyanyi/playground/.venvs/ttrl_h100_cu129/bin/python
Using model: /models/Qwen2.5-Math-7B
Using data: /mlx_devbox/users/quyanyi/playground/TTRL/verl/data/MATH-TTT
Output directory: /tmp/ttrl_h100/checkpoints/ttrl_sharpened_grpo_b32_r32_v64_20step_h100_restore_mvanchor_soft002_20260803
Actor offload: param=False optimizer=False activation=False
Rollout: free_cache_engine=True enforce_eager=False gpu_memory_utilization=0.70
Critic offload: param=False optimizer=False activation=False
/mlx_devbox/users/quyanyi/playground/TTRL/verl/verl/__init__.py:18: UserWarning: pkg_resources is deprecated as an API. See https://setuptools.pypa.io/en/latest/pkg_resources.html. The pkg_resources package is slated for removal as early as 2025-11-30. Refrain from using this package or pin to Setuptools<81.
  import pkg_resources
/mlx_devbox/users/quyanyi/playground/.venvs/ttrl_h100_cu129/lib/python3.11/site-packages/transformers/utils/hub.py:110: FutureWarning: Using `TRANSFORMERS_CACHE` is deprecated and will be removed in v5 of Transformers. Use `HF_HOME` instead.
  warnings.warn(
2026-08-03 05:25:19,840	WARNING utils.py:481 -- Ray currently does not support initializing Ray with fractional cpus. Your num_cpus will be truncated from 169.2 to 169.
2026-08-03 05:25:23,324	INFO worker.py:2024 -- Started a local Ray instance.
[36m(pid=80053)[0m /mlx_devbox/users/quyanyi/playground/TTRL/verl/verl/__init__.py:18: UserWarning: pkg_resources is deprecated as an API. See https://setuptools.pypa.io/en/latest/pkg_resources.html. The pkg_resources package is slated for removal as early as 2025-11-30. Refrain from using this package or pin to Setuptools<81.
[36m(pid=80053)[0m   import pkg_resources
[36m(pid=80053)[0m /mlx_devbox/users/quyanyi/playground/.venvs/ttrl_h100_cu129/lib/python3.11/site-packages/transformers/utils/hub.py:110: FutureWarning: Using `TRANSFORMERS_CACHE` is deprecated and will be removed in v5 of Transformers. Use `HF_HOME` instead.
[36m(pid=80053)[0m   warnings.warn(
[36m(TaskRunner pid=80053)[0m TaskRunner hostname: trial-302244509-trialrun-302244509-worker-0, PID: 80053
[36m(TaskRunner pid=80053)[0m {'actor_rollout_ref': {'actor': {'checkpoint': {'load_contents': ['model',
[36m(TaskRunner pid=80053)[0m                                                                   'optimizer',
[36m(TaskRunner pid=80053)[0m                                                                   'extra'],
[36m(TaskRunner pid=80053)[0m                                                 'save_contents': ['model',
[36m(TaskRunner pid=80053)[0m                                                                   'optimizer',
[36m(TaskRunner pid=80053)[0m                                                                   'extra']},
[36m(TaskRunner pid=80053)[0m                                  'chunk_weighted_nll_enable': False,
[36m(TaskRunner pid=80053)[0m                                  'clip_ratio': 0.2,
[36m(TaskRunner pid=80053)[0m                                  'clip_ratio_c': 3.0,
[36m(TaskRunner pid=80053)[0m                                  'clip_ratio_high': 0.2,
[36m(TaskRunner pid=80053)[0m                                  'clip_ratio_low': 0.2,
[36m(TaskRunner pid=80053)[0m                                  'entropy_checkpointing': False,
[36m(TaskRunner pid=80053)[0m                                  'entropy_coeff': 0,
[36m(TaskRunner pid=80053)[0m                                  'entropy_from_logits_with_chunking': False,
[36m(TaskRunner pid=80053)[0m                                  'fsdp_config': {'forward_prefetch': False,
[36m(TaskRunner pid=80053)[0m                                                  'fsdp_size': -1,
[36m(TaskRunner pid=80053)[0m                                                  'offload_policy': False,
[36m(TaskRunner pid=80053)[0m                                                  'optimizer_offload': False,
[36m(TaskRunner pid=80053)[0m                                                  'param_offload': False,
[36m(TaskRunner pid=80053)[0m                                                  'reshard_after_forward': True,
[36m(TaskRunner pid=80053)[0m                                                  'wrap_policy': {'min_num_params': 0}},
[36m(TaskRunner pid=80053)[0m                                  'grad_clip': 1.0,
[36m(TaskRunner pid=80053)[0m                                  'kl_loss_coef': 0.001,
[36m(TaskRunner pid=80053)[0m                                  'kl_loss_type': 'low_var_kl',
[36m(TaskRunner pid=80053)[0m                                  'loss_agg_mode': 'token-mean',
[36m(TaskRunner pid=80053)[0m                                  'optim': {'lr': 5e-07,
[36m(TaskRunner pid=80053)[0m                                            'lr_warmup_steps': -1,
[36m(TaskRunner pid=80053)[0m                                            'lr_warmup_steps_ratio': 0.03,
[36m(TaskRunner pid=80053)[0m                                            'min_lr_ratio': 0.0,
[36m(TaskRunner pid=80053)[0m                                            'num_cycles': 0.5,
[36m(TaskRunner pid=80053)[0m                                            'total_training_steps': -1,
[36m(TaskRunner pid=80053)[0m                                            'warmup_style': 'cosine',
[36m(TaskRunner pid=80053)[0m                                            'weight_decay': 0.01},
[36m(TaskRunner pid=80053)[0m                                  'policy_loss': {'clip_cov_lb': 1.0,
[36m(TaskRunner pid=80053)[0m                                                  'clip_cov_ratio': 0.0002,
[36m(TaskRunner pid=80053)[0m                                                  'clip_cov_ub': 5.0,
[36m(TaskRunner pid=80053)[0m                                                  'kl_cov_ratio': 0.0002,
[36m(TaskRunner pid=80053)[0m                                                  'loss_mode': 'vanilla',
[36m(TaskRunner pid=80053)[0m                                                  'ppo_kl_coef': 0.1},
[36m(TaskRunner pid=80053)[0m                                  'powerflow_beta_coef': 4.0,
[36m(TaskRunner pid=80053)[0m                                  'powerflow_chunk_loss_mode': 'standard',
[36m(TaskRunner pid=80053)[0m                                  'powerflow_enable': False,
[36m(TaskRunner pid=80053)[0m                                  'powerflow_init_ref_log_prob': 0.36,
[36m(TaskRunner pid=80053)[0m                                  'powerflow_on_policy': False,
[36m(TaskRunner pid=80053)[0m                                  'powerflow_proj_layers': 3,
[36m(TaskRunner pid=80053)[0m                                  'powerflow_use_boxed_reward': False,
[36m(TaskRunner pid=80053)[0m                                  'powerflow_use_chunk_weights': False,
[36m(TaskRunner pid=80053)[0m                                  'ppo_epochs': 1,
[36m(TaskRunner pid=80053)[0m                                  'ppo_max_token_len_per_gpu': 4096,
[36m(TaskRunner pid=80053)[0m                                  'ppo_micro_batch_size': None,
[36m(TaskRunner pid=80053)[0m                                  'ppo_micro_batch_size_per_gpu': 2,
[36m(TaskRunner pid=80053)[0m                                  'ppo_mini_batch_size': 1,
[36m(TaskRunner pid=80053)[0m                                  'profiler': {'all_ranks': False,
[36m(TaskRunner pid=80053)[0m                                               'discrete': False,
[36m(TaskRunner pid=80053)[0m                                               'ranks': None},
[36m(TaskRunner pid=80053)[0m                                  'shuffle': False,
[36m(TaskRunner pid=80053)[0m                                  'strategy': 'fsdp',
[36m(TaskRunner pid=80053)[0m                                  'ulysses_sequence_parallel_size': 1,
[36m(TaskRunner pid=80053)[0m                                  'use_dynamic_bsz': False,
[36m(TaskRunner pid=80053)[0m                                  'use_kl_loss': True,
[36m(TaskRunner pid=80053)[0m                                  'use_torch_compile': True},
[36m(TaskRunner pid=80053)[0m                        'hybrid_engine': True,
[36m(TaskRunner pid=80053)[0m                        'model': {'attn_implementation': 'sdpa',
[36m(TaskRunner pid=80053)[0m                                  'custom_chat_template': None,
[36m(TaskRunner pid=80053)[0m                                  'enable_activation_offload': False,
[36m(TaskRunner pid=80053)[0m                                  'enable_gradient_checkpointing': True,
[36m(TaskRunner pid=80053)[0m                                  'exclude_modules': None,
[36m(TaskRunner pid=80053)[0m                                  'external_lib': None,
[36m(TaskRunner pid=80053)[0m                                  'fused_kernel_options': {'impl_backend': 'triton'},
[36m(TaskRunner pid=80053)[0m                                  'lora_alpha': 16,
[36m(TaskRunner pid=80053)[0m                                  'lora_rank': 0,
[36m(TaskRunner pid=80053)[0m                                  'override_config': {},
[36m(TaskRunner pid=80053)[0m                                  'path': '/models/Qwen2.5-Math-7B',
[36m(TaskRunner pid=80053)[0m                                  'target_modules': 'all-linear',
[36m(TaskRunner pid=80053)[0m                                  'trust_remote_code': False,
[36m(TaskRunner pid=80053)[0m                                  'use_fused_kernels': True,
[36m(TaskRunner pid=80053)[0m                                  'use_liger': False,
[36m(TaskRunner pid=80053)[0m                                  'use_remove_padding': True,
[36m(TaskRunner pid=80053)[0m                                  'use_shm': False},
[36m(TaskRunner pid=80053)[0m                        'ref': {'entropy_checkpointing': False,
[36m(TaskRunner pid=80053)[0m                                'entropy_from_logits_with_chunking': False,
[36m(TaskRunner pid=80053)[0m                                'fsdp_config': {'forward_prefetch': False,
[36m(TaskRunner pid=80053)[0m                                                'param_offload': True,
[36m(TaskRunner pid=80053)[0m                                                'reshard_after_forward': True,
[36m(TaskRunner pid=80053)[0m                                                'wrap_policy': {'min_num_params': 0}},
[36m(TaskRunner pid=80053)[0m                                'log_prob_max_token_len_per_gpu': 4096,
[36m(TaskRunner pid=80053)[0m                                'log_prob_micro_batch_size': None,
[36m(TaskRunner pid=80053)[0m                                'log_prob_micro_batch_size_per_gpu': 2,
[36m(TaskRunner pid=80053)[0m                                'log_prob_use_dynamic_bsz': False,
[36m(TaskRunner pid=80053)[0m                                'profiler': {'all_ranks': False,
[36m(TaskRunner pid=80053)[0m                                             'discrete': False,
[36m(TaskRunner pid=80053)[0m                                             'ranks': None},
[36m(TaskRunner pid=80053)[0m                                'strategy': 'fsdp',
[36m(TaskRunner pid=80053)[0m                                'ulysses_sequence_parallel_size': 1,
[36m(TaskRunner pid=80053)[0m                                'use_torch_compile': True},
[36m(TaskRunner pid=80053)[0m                        'rollout': {'agent': {'num_workers': 8},
[36m(TaskRunner pid=80053)[0m                                    'calculate_log_probs': True,
[36m(TaskRunner pid=80053)[0m                                    'disable_log_stats': True,
[36m(TaskRunner pid=80053)[0m                                    'do_sample': True,
[36m(TaskRunner pid=80053)[0m                                    'dtype': 'bfloat16',
[36m(TaskRunner pid=80053)[0m                                    'enable_chunked_prefill': True,
[36m(TaskRunner pid=80053)[0m                                    'enforce_eager': False,
[36m(TaskRunner pid=80053)[0m                                    'engine_kwargs': {'sglang': {'attention_backend': None},
[36m(TaskRunner pid=80053)[0m                                                      'vllm': {'attention_config': {'backend': None},
[36m(TaskRunner pid=80053)[0m                                                               'disable_mm_preprocessor_cache': False,
[36m(TaskRunner pid=80053)[0m                                                               'swap_space': None}},
[36m(TaskRunner pid=80053)[0m                                    'free_cache_engine': True,
[36m(TaskRunner pid=80053)[0m                                    'gpu_memory_utilization': 0.7,
[36m(TaskRunner pid=80053)[0m                                    'ignore_eos': False,
[36m(TaskRunner pid=80053)[0m                                    'layered_summon': False,
[36m(TaskRunner pid=80053)[0m                                    'load_format': 'dummy_dtensor',
[36m(TaskRunner pid=80053)[0m                                    'log_prob_max_token_len_per_gpu': 4096,
[36m(TaskRunner pid=80053)[0m                                    'log_prob_micro_batch_size': None,
[36m(TaskRunner pid=80053)[0m                                    'log_prob_micro_batch_size_per_gpu': 2,
[36m(TaskRunner pid=80053)[0m                                    'log_prob_use_dynamic_bsz': False,
[36m(TaskRunner pid=80053)[0m                                    'logprobs': 1,
[36m(TaskRunner pid=80053)[0m                                    'max_model_len': 4096,
[36m(TaskRunner pid=80053)[0m                                    'max_num_batched_tokens': 4096,
[36m(TaskRunner pid=80053)[0m                                    'max_num_seqs': 1024,
[36m(TaskRunner pid=80053)[0m                                    'mode': 'sync',
[36m(TaskRunner pid=80053)[0m                                    'multi_stage_wake_up': False,
[36m(TaskRunner pid=80053)[0m                                    'multi_turn': {'completion_callback': None,
[36m(TaskRunner pid=80053)[0m                                                   'enable': False,
[36m(TaskRunner pid=80053)[0m                                                   'format': 'hermes',
[36m(TaskRunner pid=80053)[0m                                                   'interaction_config_path': None,
[36m(TaskRunner pid=80053)[0m                                                   'max_assistant_turns': None,
[36m(TaskRunner pid=80053)[0m                                                   'max_parallel_calls': 1,
[36m(TaskRunner pid=80053)[0m                                                   'max_tool_response_length': 256,
[36m(TaskRunner pid=80053)[0m                                                   'max_user_turns': None,
[36m(TaskRunner pid=80053)[0m                                                   'tokenization_sanity_check_mode': 'strict',
[36m(TaskRunner pid=80053)[0m                                                   'tool_config_path': None,
[36m(TaskRunner pid=80053)[0m                                                   'tool_response_truncate_side': 'middle',
[36m(TaskRunner pid=80053)[0m                                                   'use_inference_chat_template': False},
[36m(TaskRunner pid=80053)[0m                                    'n': 32,
[36m(TaskRunner pid=80053)[0m                                    'name': 'vllm',
[36m(TaskRunner pid=80053)[0m                                    'profiler': {'all_ranks': False,
[36m(TaskRunner pid=80053)[0m                                                 'discrete': False,
[36m(TaskRunner pid=80053)[0m                                                 'ranks': None},
[36m(TaskRunner pid=80053)[0m                                    'prompt_length': 1024,
[36m(TaskRunner pid=80053)[0m                                    'response_length': 3072,
[36m(TaskRunner pid=80053)[0m                                    'temperature': 1.0,
[36m(TaskRunner pid=80053)[0m                                    'tensor_model_parallel_size': 1,
[36m(TaskRunner pid=80053)[0m                                    'top_k': -1,
[36m(TaskRunner pid=80053)[0m                                    'top_p': 1,
[36m(TaskRunner pid=80053)[0m                                    'use_rollout_log_probs_as_old': True,
[36m(TaskRunner pid=80053)[0m                                    'val_kwargs': {'do_sample': True,
[36m(TaskRunner pid=80053)[0m                                                   'n': 16,
[36m(TaskRunner pid=80053)[0m                                                   'temperature': 0.6,
[36m(TaskRunner pid=80053)[0m                                                   'top_k': -1,
[36m(TaskRunner pid=80053)[0m                                                   'top_p': 0.95}}},
[36m(TaskRunner pid=80053)[0m  'algorithm': {'adv_estimator': 'grpo',
[36m(TaskRunner pid=80053)[0m                'gamma': 1.0,
[36m(TaskRunner pid=80053)[0m                'kl_ctrl': {'horizon': 10000,
[36m(TaskRunner pid=80053)[0m                            'kl_coef': 0.0,
[36m(TaskRunner pid=80053)[0m                            'target_kl': 0.1,
[36m(TaskRunner pid=80053)[0m                            'type': 'fixed'},
[36m(TaskRunner pid=80053)[0m                'kl_penalty': 'kl',
[36m(TaskRunner pid=80053)[0m                'lam': 1.0,
[36m(TaskRunner pid=80053)[0m                'norm_adv_by_std_in_grpo': True,
[36m(TaskRunner pid=80053)[0m                'pf_ppo': {'reweight_method': 'pow', 'weight_pow': 2.0},
[36m(TaskRunner pid=80053)[0m                'use_kl_in_reward': False,
[36m(TaskRunner pid=80053)[0m                'use_pf_ppo': False},
[36m(TaskRunner pid=80053)[0m  'critic': {'checkpoint': {'load_contents': ['model', 'optimizer', 'extra'],
[36m(TaskRunner pid=80053)[0m                            'save_contents': ['model', 'optimizer', 'extra']},
[36m(TaskRunner pid=80053)[0m             'cliprange_value': 0.5,
[36m(TaskRunner pid=80053)[0m             'forward_max_token_len_per_gpu': 32768,
[36m(TaskRunner pid=80053)[0m             'forward_micro_batch_size': None,
[36m(TaskRunner pid=80053)[0m             'forward_micro_batch_size_per_gpu': 2,
[36m(TaskRunner pid=80053)[0m             'grad_clip': 1.0,
[36m(TaskRunner pid=80053)[0m             'loss_agg_mode': 'token-mean',
[36m(TaskRunner pid=80053)[0m             'model': {'attn_implementation': 'sdpa',
[36m(TaskRunner pid=80053)[0m                       'enable_activation_offload': False,
[36m(TaskRunner pid=80053)[0m                       'enable_gradient_checkpointing': True,
[36m(TaskRunner pid=80053)[0m                       'external_lib': None,
[36m(TaskRunner pid=80053)[0m                       'fsdp_config': {'forward_prefetch': False,
[36m(TaskRunner pid=80053)[0m                                       'fsdp_size': -1,
[36m(TaskRunner pid=80053)[0m                                       'offload_policy': False,
[36m(TaskRunner pid=80053)[0m                                       'optimizer_offload': False,
[36m(TaskRunner pid=80053)[0m                                       'param_offload': False,
[36m(TaskRunner pid=80053)[0m                                       'reshard_after_forward': True,
[36m(TaskRunner pid=80053)[0m                                       'wrap_policy': {'min_num_params': 0}},
[36m(TaskRunner pid=80053)[0m                       'lora_alpha': 16,
[36m(TaskRunner pid=80053)[0m                       'lora_rank': 0,
[36m(TaskRunner pid=80053)[0m                       'override_config': {},
[36m(TaskRunner pid=80053)[0m                       'path': '/models/Qwen2.5-Math-7B',
[36m(TaskRunner pid=80053)[0m                       'target_modules': 'all-linear',
[36m(TaskRunner pid=80053)[0m                       'tokenizer_path': '/models/Qwen2.5-Math-7B',
[36m(TaskRunner pid=80053)[0m                       'trust_remote_code': False,
[36m(TaskRunner pid=80053)[0m                       'use_remove_padding': True,
[36m(TaskRunner pid=80053)[0m                       'use_shm': False},
[36m(TaskRunner pid=80053)[0m             'optim': {'lr': 9e-06,
[36m(TaskRunner pid=80053)[0m                       'lr_warmup_steps_ratio': 0.0,
[36m(TaskRunner pid=80053)[0m                       'min_lr_ratio': None,
[36m(TaskRunner pid=80053)[0m                       'total_training_steps': -1,
[36m(TaskRunner pid=80053)[0m                       'warmup_style': 'constant',
[36m(TaskRunner pid=80053)[0m                       'weight_decay': 0.01},
[36m(TaskRunner pid=80053)[0m             'ppo_epochs': 1,
[36m(TaskRunner pid=80053)[0m             'ppo_max_token_len_per_gpu': 32768,
[36m(TaskRunner pid=80053)[0m             'ppo_micro_batch_size': None,
[36m(TaskRunner pid=80053)[0m             'ppo_micro_batch_size_per_gpu': 2,
[36m(TaskRunner pid=80053)[0m             'ppo_mini_batch_size': 1,
[36m(TaskRunner pid=80053)[0m             'profiler': {'all_ranks': False, 'discrete': False, 'ranks': None},
[36m(TaskRunner pid=80053)[0m             'rollout_n': 32,
[36m(TaskRunner pid=80053)[0m             'shuffle': False,
[36m(TaskRunner pid=80053)[0m             'strategy': 'fsdp',
[36m(TaskRunner pid=80053)[0m             'ulysses_sequence_parallel_size': 1,
[36m(TaskRunner pid=80053)[0m             'use_dynamic_bsz': False},
[36m(TaskRunner pid=80053)[0m  'custom_reward_function': {'name': 'reward_func',
[36m(TaskRunner pid=80053)[0m                             'path': './verl/utils/reward_score/ttrl_math/__init__.py'},
[36m(TaskRunner pid=80053)[0m  'data': {'custom_cls': {'name': None, 'path': None},
[36m(TaskRunner pid=80053)[0m           'filter_overlong_prompts': True,
[36m(TaskRunner pid=80053)[0m           'filter_overlong_prompts_workers': 1,
[36m(TaskRunner pid=80053)[0m           'image_key': 'images',
[36m(TaskRunner pid=80053)[0m           'max_prompt_length': 1024,
[36m(TaskRunner pid=80053)[0m           'max_response_length': 3072,
[36m(TaskRunner pid=80053)[0m           'prompt_key': 'prompt',
[36m(TaskRunner pid=80053)[0m           'return_full_prompt': False,
[36m(TaskRunner pid=80053)[0m           'return_raw_chat': False,
[36m(TaskRunner pid=80053)[0m           'return_raw_input_ids': False,
[36m(TaskRunner pid=80053)[0m           'reward_fn_key': 'data_source',
[36m(TaskRunner pid=80053)[0m           'shuffle': True,
[36m(TaskRunner pid=80053)[0m           'tokenizer': None,
[36m(TaskRunner pid=80053)[0m           'train_batch_size': 32,
[36m(TaskRunner pid=80053)[0m           'train_files': ['/mlx_devbox/users/quyanyi/playground/TTRL/verl/data/MATH-TTT/train.parquet'],
[36m(TaskRunner pid=80053)[0m           'truncation': 'error',
[36m(TaskRunner pid=80053)[0m           'trust_remote_code': False,
[36m(TaskRunner pid=80053)[0m           'use_shm': False,
[36m(TaskRunner pid=80053)[0m           'val_batch_size': None,
[36m(TaskRunner pid=80053)[0m           'val_files': ['/mlx_devbox/users/quyanyi/playground/TTRL/verl/data/MATH-TTT/test.parquet'],
[36m(TaskRunner pid=80053)[0m           'validation_shuffle': False,
[36m(TaskRunner pid=80053)[0m           'video_key': 'videos'},
[36m(TaskRunner pid=80053)[0m  'ray_init': {'num_cpus': None, 'timeline_json_file': None},
[36m(TaskRunner pid=80053)[0m  'reward_model': {'enable': False,
[36m(TaskRunner pid=80053)[0m                   'forward_max_token_len_per_gpu': 32768,
[36m(TaskRunner pid=80053)[0m                   'launch_reward_fn_async': False,
[36m(TaskRunner pid=80053)[0m                   'max_length': None,
[36m(TaskRunner pid=80053)[0m                   'micro_batch_size': None,
[36m(TaskRunner pid=80053)[0m                   'micro_batch_size_per_gpu': None,
[36m(TaskRunner pid=80053)[0m                   'model': {'attn_implementation': 'sdpa',
[36m(TaskRunner pid=80053)[0m                             'external_lib': None,
[36m(TaskRunner pid=80053)[0m                             'fsdp_config': {'forward_prefetch': False,
[36m(TaskRunner pid=80053)[0m                                             'fsdp_size': -1,
[36m(TaskRunner pid=80053)[0m                                             'param_offload': False,
[36m(TaskRunner pid=80053)[0m                                             'reshard_after_forward': True,
[36m(TaskRunner pid=80053)[0m                                             'wrap_policy': {'min_num_params': 0}},
[36m(TaskRunner pid=80053)[0m                             'input_tokenizer': '/models/Qwen2.5-Math-7B',
[36m(TaskRunner pid=80053)[0m                             'path': '~/models/FsfairX-LLaMA3-RM-v0.1',
[36m(TaskRunner pid=80053)[0m                             'trust_remote_code': False,
[36m(TaskRunner pid=80053)[0m                             'use_fused_kernels': True,
[36m(TaskRunner pid=80053)[0m                             'use_remove_padding': False,
[36m(TaskRunner pid=80053)[0m                             'use_shm': False},
[36m(TaskRunner pid=80053)[0m                   'num_processes': 128,
[36m(TaskRunner pid=80053)[0m                   'profiler': {'all_ranks': False,
[36m(TaskRunner pid=80053)[0m                                'discrete': False,
[36m(TaskRunner pid=80053)[0m                                'ranks': None},
[36m(TaskRunner pid=80053)[0m                   'reward_manager': 'prime',
[36m(TaskRunner pid=80053)[0m                   'sandbox_fusion': {'max_concurrent': 64,
[36m(TaskRunner pid=80053)[0m                                      'memory_limit_mb': 1024,
[36m(TaskRunner pid=80053)[0m                                      'url': None},
[36m(TaskRunner pid=80053)[0m                   'strategy': 'fsdp',
[36m(TaskRunner pid=80053)[0m                   'ulysses_sequence_parallel_size': 1,
[36m(TaskRunner pid=80053)[0m                   'use_dynamic_bsz': False},
[36m(TaskRunner pid=80053)[0m  'trainer': {'balance_batch': True,
[36m(TaskRunner pid=80053)[0m              'controller_nsight_options': {'cuda-graph-trace': 'graph',
[36m(TaskRunner pid=80053)[0m                                            'cuda-memory-usage': 'true',
[36m(TaskRunner pid=80053)[0m                                            'trace': 'cuda,nvtx,cublas,ucx'},
[36m(TaskRunner pid=80053)[0m              'critic_warmup': 0,
[36m(TaskRunner pid=80053)[0m              'default_hdfs_dir': None,
[36m(TaskRunner pid=80053)[0m              'default_local_dir': '/tmp/ttrl_h100/checkpoints/ttrl_sharpened_grpo_b32_r32_v64_20step_h100_restore_mvanchor_soft002_20260803',
[36m(TaskRunner pid=80053)[0m              'del_local_ckpt_after_load': False,
[36m(TaskRunner pid=80053)[0m              'device': 'cuda',
[36m(TaskRunner pid=80053)[0m              'esi_redundant_time': 0,
[36m(TaskRunner pid=80053)[0m              'experiment_name': '0803-ttrl_sharpened_grpo_b32_r32_v64_20step_h100_restore_mvanchor_soft002_20260803-MATH-TTT-Qwen2.5-Math-7B-grpo-h100-restore',
[36m(TaskRunner pid=80053)[0m              'final_val_enable': True,
[36m(TaskRunner pid=80053)[0m              'log_val_generations': 0,
[36m(TaskRunner pid=80053)[0m              'logger': ['console'],
[36m(TaskRunner pid=80053)[0m              'max_actor_ckpt_to_keep': 0,
[36m(TaskRunner pid=80053)[0m              'max_critic_ckpt_to_keep': 0,
[36m(TaskRunner pid=80053)[0m              'n_gpus_per_node': 8,
[36m(TaskRunner pid=80053)[0m              'nnodes': 1,
[36m(TaskRunner pid=80053)[0m              'profile_steps': None,
[36m(TaskRunner pid=80053)[0m              'project_name': 'TTRL-verl-local',
[36m(TaskRunner pid=80053)[0m              'ray_wait_register_center_timeout': 300,
[36m(TaskRunner pid=80053)[0m              'resume_from_path': None,
[36m(TaskRunner pid=80053)[0m              'resume_mode': 'disable',
[36m(TaskRunner pid=80053)[0m              'rollout_data_dir': None,
[36m(TaskRunner pid=80053)[0m              'save_freq': 2000000,
[36m(TaskRunner pid=80053)[0m              'test_freq': 20,
[36m(TaskRunner pid=80053)[0m              'total_epochs': 10,
[36m(TaskRunner pid=80053)[0m              'total_training_steps': 20,
[36m(TaskRunner pid=80053)[0m              'val_before_train': False,
[36m(TaskRunner pid=80053)[0m              'val_only': False,
[36m(TaskRunner pid=80053)[0m              'validation_data_dir': None,
[36m(TaskRunner pid=80053)[0m              'validation_metric_dump_path': None,
[36m(TaskRunner pid=80053)[0m              'worker_nsight_options': {'capture-range': 'cudaProfilerApi',
[36m(TaskRunner pid=80053)[0m                                        'capture-range-end': None,
[36m(TaskRunner pid=80053)[0m                                        'cuda-graph-trace': 'graph',
[36m(TaskRunner pid=80053)[0m                                        'cuda-memory-usage': 'true',
[36m(TaskRunner pid=80053)[0m                                        'kill': 'none',
[36m(TaskRunner pid=80053)[0m                                        'trace': 'cuda,nvtx,cublas,ucx'}},
[36m(TaskRunner pid=80053)[0m  'ttrl': {'chunk_state_actor_span': 'chunk',
[36m(TaskRunner pid=80053)[0m           'chunk_state_alpha': 2.0,
[36m(TaskRunner pid=80053)[0m           'chunk_state_answer_source_consistency_enable': False,
[36m(TaskRunner pid=80053)[0m           'chunk_state_answer_support_min_mass': 0.0,
[36m(TaskRunner pid=80053)[0m           'chunk_state_answer_support_score': 'mass',
[36m(TaskRunner pid=80053)[0m           'chunk_state_boundaries': [0, 256, 512, 768, 1024],
[36m(TaskRunner pid=80053)[0m           'chunk_state_boundary_mode': 'cycle',
[36m(TaskRunner pid=80053)[0m           'chunk_state_candidates': 8,
[36m(TaskRunner pid=80053)[0m           'chunk_state_chunk_size': 256,
[36m(TaskRunner pid=80053)[0m           'chunk_state_confidence_power': 0.0,
[36m(TaskRunner pid=80053)[0m           'chunk_state_diag_enable': False,
[36m(TaskRunner pid=80053)[0m           'chunk_state_diag_jsonl': None,
[36m(TaskRunner pid=80053)[0m           'chunk_state_enable': False,
[36m(TaskRunner pid=80053)[0m           'chunk_state_eps': 0.05,
[36m(TaskRunner pid=80053)[0m           'chunk_state_full_rollout_guard_assistant_marker': True,
[36m(TaskRunner pid=80053)[0m           'chunk_state_full_rollout_guard_asy_repeat': True,
[36m(TaskRunner pid=80053)[0m           'chunk_state_full_rollout_guard_document_marker': True,
[36m(TaskRunner pid=80053)[0m           'chunk_state_full_rollout_guard_empty_boxed': True,
[36m(TaskRunner pid=80053)[0m           'chunk_state_full_rollout_guard_enable': False,
[36m(TaskRunner pid=80053)[0m           'chunk_state_full_rollout_guard_human_marker': True,
[36m(TaskRunner pid=80053)[0m           'chunk_state_full_rollout_guard_max_boxed_count': 4,
[36m(TaskRunner pid=80053)[0m           'chunk_state_full_rollout_guard_ngram_max_count': 4,
[36m(TaskRunner pid=80053)[0m           'chunk_state_full_rollout_guard_ngram_repeat': True,
[36m(TaskRunner pid=80053)[0m           'chunk_state_full_rollout_guard_ngram_size': 12,
[36m(TaskRunner pid=80053)[0m           'chunk_state_full_rollout_guard_prompt_copy': True,
[36m(TaskRunner pid=80053)[0m           'chunk_state_full_rollout_guard_prompt_copy_min_count': 2,
[36m(TaskRunner pid=80053)[0m           'chunk_state_full_rollout_guard_source_only_clean': False,
[36m(TaskRunner pid=80053)[0m           'chunk_state_future_support_anchor_prior_power': 1.0,
[36m(TaskRunner pid=80053)[0m           'chunk_state_future_support_anchor_prior_weight': 0.0,
[36m(TaskRunner pid=80053)[0m           'chunk_state_future_support_baseline_scale': 1.0,
[36m(TaskRunner pid=80053)[0m           'chunk_state_future_support_gain_slack': 0.125,
[36m(TaskRunner pid=80053)[0m           'chunk_state_future_support_keep_mode': 'hard',
[36m(TaskRunner pid=80053)[0m           'chunk_state_future_support_max_mass_coef': 0.25,
[36m(TaskRunner pid=80053)[0m           'chunk_state_future_support_max_state_oov': 1.0,
[36m(TaskRunner pid=80053)[0m           'chunk_state_future_support_min_candidate_coverage': 0.0,
[36m(TaskRunner pid=80053)[0m           'chunk_state_future_support_min_candidate_mean_mass': 0.0,
[36m(TaskRunner pid=80053)[0m           'chunk_state_future_support_min_mass': 0.03125,
[36m(TaskRunner pid=80053)[0m           'chunk_state_future_support_min_positive_margin': 0.0,
[36m(TaskRunner pid=80053)[0m           'chunk_state_future_support_min_state_coverage': 0.0,
[36m(TaskRunner pid=80053)[0m           'chunk_state_future_support_min_state_max_mass': 0.0,
[36m(TaskRunner pid=80053)[0m           'chunk_state_future_support_min_state_mean_mass': 0.0,
[36m(TaskRunner pid=80053)[0m           'chunk_state_future_support_min_state_top_margin': 0.0,
[36m(TaskRunner pid=80053)[0m           'chunk_state_future_support_prior_smoothing': 0.0,
[36m(TaskRunner pid=80053)[0m           'chunk_state_future_support_score_type': 'slack_gain',
[36m(TaskRunner pid=80053)[0m           'chunk_state_future_support_soft_weight_floor': 0.0,
[36m(TaskRunner pid=80053)[0m           'chunk_state_future_support_source_prior_weight': 2.0,
[36m(TaskRunner pid=80053)[0m           'chunk_state_label_consistent_only': False,
[36m(TaskRunner pid=80053)[0m           'chunk_state_max_prefix_tokens': 1024,
[36m(TaskRunner pid=80053)[0m           'chunk_state_max_prompt_answer_entropy': 0.0,
[36m(TaskRunner pid=80053)[0m           'chunk_state_mid_boundary_max_ratio': 0.8,
[36m(TaskRunner pid=80053)[0m           'chunk_state_mid_boundary_min_ratio': 0.25,
[36m(TaskRunner pid=80053)[0m           'chunk_state_mid_require_nonzero_boundary': False,
[36m(TaskRunner pid=80053)[0m           'chunk_state_min_answer_coverage': 0.0,
[36m(TaskRunner pid=80053)[0m           'chunk_state_min_boundary': 0,
[36m(TaskRunner pid=80053)[0m           'chunk_state_min_informative_gap': 0.0,
[36m(TaskRunner pid=80053)[0m           'chunk_state_min_majority_ratio': 0.0,
[36m(TaskRunner pid=80053)[0m           'chunk_state_min_prompt_top_margin': 0.0,
[36m(TaskRunner pid=80053)[0m           'chunk_state_min_prompt_top_mass': 0.0,
[36m(TaskRunner pid=80053)[0m           'chunk_state_min_prompt_valid_answer_coverage': 0.0,
[36m(TaskRunner pid=80053)[0m           'chunk_state_min_source_answer_mass': 0.0,
[36m(TaskRunner pid=80053)[0m           'chunk_state_min_state_positive_margin': -1.0,
[36m(TaskRunner pid=80053)[0m           'chunk_state_powerflow_weight_clip': 0.0,
[36m(TaskRunner pid=80053)[0m           'chunk_state_powerflow_weight_clip_renorm': True,
[36m(TaskRunner pid=80053)[0m           'chunk_state_probe_max_tokens': 3072,
[36m(TaskRunner pid=80053)[0m           'chunk_state_probe_samples': 1,
[36m(TaskRunner pid=80053)[0m           'chunk_state_prune_zero_weight_samples': False,
[36m(TaskRunner pid=80053)[0m           'chunk_state_score_mode': 'probe_reward',
[36m(TaskRunner pid=80053)[0m           'chunk_state_skip_all_negative': False,
[36m(TaskRunner pid=80053)[0m           'chunk_state_skip_empty_state_batch': False,
[36m(TaskRunner pid=80053)[0m           'chunk_state_skip_uniform': False,
[36m(TaskRunner pid=80053)[0m           'chunk_state_source_chunk_candidate_index': 0,
[36m(TaskRunner pid=80053)[0m           'chunk_state_source_chunk_enable': False,
[36m(TaskRunner pid=80053)[0m           'chunk_state_source_low_max_answer_mass': 0.35,
[36m(TaskRunner pid=80053)[0m           'chunk_state_source_min_valid_answer_mass': 0.03125,
[36m(TaskRunner pid=80053)[0m           'chunk_state_source_mixed_low_ratio': 0.75,
[36m(TaskRunner pid=80053)[0m           'chunk_state_source_mode': 'random',
[36m(TaskRunner pid=80053)[0m           'chunk_state_source_quality_max_entropy': 0.0,
[36m(TaskRunner pid=80053)[0m           'chunk_state_source_quality_weight_floor': 0.0,
[36m(TaskRunner pid=80053)[0m           'chunk_state_source_quality_weight_mode': 'off',
[36m(TaskRunner pid=80053)[0m           'chunk_state_source_quality_weight_power': 1.0,
[36m(TaskRunner pid=80053)[0m           'chunk_state_source_select_by_mass': False,
[36m(TaskRunner pid=80053)[0m           'chunk_state_staged_probe_enable': False,
[36m(TaskRunner pid=80053)[0m           'chunk_state_staged_probe_extra_max_tokens': 3072,
[36m(TaskRunner pid=80053)[0m           'chunk_state_staged_probe_extra_samples': 4,
[36m(TaskRunner pid=80053)[0m           'chunk_state_staged_probe_merge_mode': 'repeat_base',
[36m(TaskRunner pid=80053)[0m           'chunk_state_staged_probe_topk': 2,
[36m(TaskRunner pid=80053)[0m           'chunk_state_states_per_prompt': 1,
[36m(TaskRunner pid=80053)[0m           'chunk_state_suffix_max_tokens': 3072,
[36m(TaskRunner pid=80053)[0m           'chunk_state_suffix_support_answer_aggregate': False,
[36m(TaskRunner pid=80053)[0m           'chunk_state_suffix_support_answer_representatives': 1,
[36m(TaskRunner pid=80053)[0m           'chunk_state_suffix_support_answer_split_power': 1.0,
[36m(TaskRunner pid=80053)[0m           'chunk_state_suffix_support_baseline_scale': 1.0,
[36m(TaskRunner pid=80053)[0m           'chunk_state_suffix_support_gain_slack': 0.0,
[36m(TaskRunner pid=80053)[0m           'chunk_state_suffix_support_min_mass': 0.03125,
[36m(TaskRunner pid=80053)[0m           'chunk_state_suffix_support_min_positive_margin': 0.0,
[36m(TaskRunner pid=80053)[0m           'chunk_state_suffix_support_score_type': 'gain',
[36m(TaskRunner pid=80053)[0m           'chunk_state_suffix_support_split_duplicates': False,
[36m(TaskRunner pid=80053)[0m           'chunk_state_support_anchor_candidate_start': 0,
[36m(TaskRunner pid=80053)[0m           'chunk_state_support_anchor_count': 4,
[36m(TaskRunner pid=80053)[0m           'chunk_state_support_anchor_enable': False,
[36m(TaskRunner pid=80053)[0m           'chunk_state_support_anchor_min_mass': 0.03125,
[36m(TaskRunner pid=80053)[0m           'chunk_state_support_anchor_min_prefix_match': 0.75,
[36m(TaskRunner pid=80053)[0m           'chunk_state_support_anchor_prefix_compat_enable': False,
[36m(TaskRunner pid=80053)[0m           'chunk_state_support_anchor_prefix_compat_mode': 'hard',
[36m(TaskRunner pid=80053)[0m           'chunk_state_support_anchor_prefix_compat_tokens': 128,
[36m(TaskRunner pid=80053)[0m           'chunk_state_support_anchor_prefix_score_power': 1.0,
[36m(TaskRunner pid=80053)[0m           'chunk_state_support_anchor_selection_mode': 'mass_ranked',
[36m(TaskRunner pid=80053)[0m           'chunk_state_support_anchor_skip_source': True,
[36m(TaskRunner pid=80053)[0m           'chunk_state_support_flow_answer_split_power': 1.0,
[36m(TaskRunner pid=80053)[0m           'chunk_state_support_flow_baseline_scale': 1.0,
[36m(TaskRunner pid=80053)[0m           'chunk_state_support_flow_gain_slack': 0.0,
[36m(TaskRunner pid=80053)[0m           'chunk_state_support_flow_min_positive_margin': 0.0,
[36m(TaskRunner pid=80053)[0m           'chunk_state_support_flow_posterior_split_duplicates': True,
[36m(TaskRunner pid=80053)[0m           'chunk_state_support_flow_score_type': 'gain',
[36m(TaskRunner pid=80053)[0m           'chunk_state_support_flow_softplus_temperature': 0.125,
[36m(TaskRunner pid=80053)[0m           'chunk_state_support_flow_source_prior_weight': 1.0,
[36m(TaskRunner pid=80053)[0m           'chunk_state_support_flow_split_mass_by_answer': False,
[36m(TaskRunner pid=80053)[0m           'chunk_state_target_guard_anchor': True,
[36m(TaskRunner pid=80053)[0m           'chunk_state_target_guard_bad_probe_ratio': 0.5,
[36m(TaskRunner pid=80053)[0m           'chunk_state_target_guard_candidate_assistant_marker': True,
[36m(TaskRunner pid=80053)[0m           'chunk_state_target_guard_candidate_asy_repeat': True,
[36m(TaskRunner pid=80053)[0m           'chunk_state_target_guard_candidate_document_marker': True,
[36m(TaskRunner pid=80053)[0m           'chunk_state_target_guard_candidate_empty_boxed': True,
[36m(TaskRunner pid=80053)[0m           'chunk_state_target_guard_candidate_enable': False,
[36m(TaskRunner pid=80053)[0m           'chunk_state_target_guard_candidate_human_marker': True,
[36m(TaskRunner pid=80053)[0m           'chunk_state_target_guard_candidate_max_boxed_count': 1,
[36m(TaskRunner pid=80053)[0m           'chunk_state_target_guard_candidate_ngram_max_count': 4,
[36m(TaskRunner pid=80053)[0m           'chunk_state_target_guard_candidate_ngram_repeat': True,
[36m(TaskRunner pid=80053)[0m           'chunk_state_target_guard_candidate_ngram_size': 8,
[36m(TaskRunner pid=80053)[0m           'chunk_state_target_guard_candidate_prompt_copy': True,
[36m(TaskRunner pid=80053)[0m           'chunk_state_target_guard_candidate_prompt_copy_min_chars': 160,
[36m(TaskRunner pid=80053)[0m           'chunk_state_target_guard_candidate_prompt_copy_min_overlap': 1,
[36m(TaskRunner pid=80053)[0m           'chunk_state_target_guard_candidate_prompt_copy_ngram_size': 24,
[36m(TaskRunner pid=80053)[0m           'chunk_state_target_guard_enable': False,
[36m(TaskRunner pid=80053)[0m           'chunk_state_target_guard_max_boxed_count': 2,
[36m(TaskRunner pid=80053)[0m           'chunk_state_target_guard_min_answer_mass': 0.0,
[36m(TaskRunner pid=80053)[0m           'chunk_state_target_guard_use_distribution_score': False,
[36m(TaskRunner pid=80053)[0m           'chunk_state_target_guard_use_mass_gain': False,
[36m(TaskRunner pid=80053)[0m           'chunk_state_teacher_anchor_candidate_index': 0,
[36m(TaskRunner pid=80053)[0m           'chunk_state_teacher_anchor_enable': False,
[36m(TaskRunner pid=80053)[0m           'chunk_state_teacher_anchor_score': 1.0,
[36m(TaskRunner pid=80053)[0m           'chunk_state_zero_inconsistent_candidates': False,
[36m(TaskRunner pid=80053)[0m           'enable': True,
[36m(TaskRunner pid=80053)[0m           'full_rollout_powerflow_alpha': 4.0,
[36m(TaskRunner pid=80053)[0m           'full_rollout_powerflow_assistant_marker': True,
[36m(TaskRunner pid=80053)[0m           'full_rollout_powerflow_asy_repeat': True,
[36m(TaskRunner pid=80053)[0m           'full_rollout_powerflow_beta': 4.0,
[36m(TaskRunner pid=80053)[0m           'full_rollout_powerflow_document_marker': True,
[36m(TaskRunner pid=80053)[0m           'full_rollout_powerflow_empty_boxed': True,
[36m(TaskRunner pid=80053)[0m           'full_rollout_powerflow_enable': False,
[36m(TaskRunner pid=80053)[0m           'full_rollout_powerflow_eps': 0.0,
[36m(TaskRunner pid=80053)[0m           'full_rollout_powerflow_human_marker': True,
[36m(TaskRunner pid=80053)[0m Generating train split: 0 examples [00:00, ? examples/s]
[36m(TaskRunner pid=80053)[0m Generating train split: 500 examples [00:00, 111544.71 examples/s]
[36m(TaskRunner pid=80053)[0m Setting TOKENIZERS_PARALLELISM=false for forked processes.
[36m(TaskRunner pid=80053)[0m WARNING:2026-08-03 05:26:08,651:Setting TOKENIZERS_PARALLELISM=false for forked processes.
[36m(TaskRunner pid=80053)[0m Filtering prompts longer than 1024 tokens (num_proc=1):   0%|          | 0/500 [00:00<?, ? examples/s]
[36m(TaskRunner pid=80053)[0m Filtering prompts longer than 1024 tokens (num_proc=1): 100%|██████████| 500/500 [00:00<00:00, 775.49 examples/s]
[36m(TaskRunner pid=80053)[0m Filtering prompts longer than 1024 tokens (num_proc=1): 100%|██████████| 500/500 [00:00<00:00, 671.48 examples/s]
[36m(TaskRunner pid=80053)[0m Generating train split: 0 examples [00:00, ? examples/s]Generating train split: 500 examples [00:00, 141193.83 examples/s]
[36m(TaskRunner pid=80053)[0m Setting TOKENIZERS_PARALLELISM=false for forked processes.
[36m(TaskRunner pid=80053)[0m WARNING:2026-08-03 05:26:09,549:Setting TOKENIZERS_PARALLELISM=false for forked processes.
[36m(TaskRunner pid=80053)[0m Filtering prompts longer than 1024 tokens (num_proc=1):   0%|          | 0/500 [00:00<?, ? examples/s]
[36m(TaskRunner pid=80053)[0m Filtering prompts longer than 1024 tokens (num_proc=1): 100%|██████████| 500/500 [00:00<00:00, 805.14 examples/s]
[36m(TaskRunner pid=80053)[0m Filtering prompts longer than 1024 tokens (num_proc=1): 100%|██████████| 500/500 [00:00<00:00, 692.96 examples/s]
[36m(TaskRunner pid=80053)[0m DeprecationWarning: `ray.state.available_resources_per_node` is a private attribute and access will be removed in a future Ray version.
[36m(pid=80045)[0m /mlx_devbox/users/quyanyi/playground/TTRL/verl/verl/__init__.py:18: UserWarning: pkg_resources is deprecated as an API. See https://setuptools.pypa.io/en/latest/pkg_resources.html. The pkg_resources package is slated for removal as early as 2025-11-30. Refrain from using this package or pin to Setuptools<81.
[36m(pid=80045)[0m   import pkg_resources
[36m(pid=80045)[0m /mlx_devbox/users/quyanyi/playground/.venvs/ttrl_h100_cu129/lib/python3.11/site-packages/transformers/utils/hub.py:110: FutureWarning: Using `TRANSFORMERS_CACHE` is deprecated and will be removed in v5 of Transformers. Use `HF_HOME` instead.
[36m(pid=80045)[0m   warnings.warn(
[36m(pid=80056)[0m /mlx_devbox/users/quyanyi/playground/TTRL/verl/verl/__init__.py:18: UserWarning: pkg_resources is deprecated as an API. See https://setuptools.pypa.io/en/latest/pkg_resources.html. The pkg_resources package is slated for removal as early as 2025-11-30. Refrain from using this package or pin to Setuptools<81.[32m [repeated 7x across cluster] (Ray deduplicates logs by default. Set RAY_DEDUP_LOGS=0 to disable log deduplication, or see https://docs.ray.io/en/master/ray-observability/user-guides/configure-logging.html#log-deduplication for more options.)[0m
[36m(pid=80056)[0m   import pkg_resources[32m [repeated 7x across cluster][0m
[36m(WorkerDict pid=80045)[0m WARNING:2026-08-03 05:26:37,940:Initializing torch.distributed: rank=0 world_size=8 init_method=tcp://127.0.0.1:45735 master=127.0.0.1:45735
[36m(pid=80056)[0m /mlx_devbox/users/quyanyi/playground/.venvs/ttrl_h100_cu129/lib/python3.11/site-packages/transformers/utils/hub.py:110: FutureWarning: Using `TRANSFORMERS_CACHE` is deprecated and will be removed in v5 of Transformers. Use `HF_HOME` instead.[32m [repeated 7x across cluster][0m
[36m(pid=80056)[0m   warnings.warn([32m [repeated 7x across cluster][0m
[36m(WorkerDict pid=80045)[0m [W803 05:26:40.780319744 ProcessGroupNCCL.cpp:924] Warning: TORCH_NCCL_AVOID_RECORD_STREAMS is the default now, this environment variable is thus deprecated. (function operator())
[36m(WorkerDict pid=80045)[0m `torch_dtype` is deprecated! Use `dtype` instead!
[36m(WorkerDict pid=80045)[0m Loading checkpoint shards:   0%|          | 0/4 [00:00<?, ?it/s]
[36m(WorkerDict pid=80045)[0m Loading checkpoint shards: 100%|██████████| 4/4 [00:00<00:00, 95.92it/s]
[36m(TaskRunner pid=80053)[0m           'full_rollout_powerflow_invalid_weight': 0.0,
[36m(TaskRunner pid=80053)[0m           'full_rollout_powerflow_margin_tau': 0.25,
[36m(TaskRunner pid=80053)[0m           'full_rollout_powerflow_max_boxed_count': 4,
[36m(TaskRunner pid=80053)[0m           'full_rollout_powerflow_min_margin': 0.0,
[36m(TaskRunner pid=80053)[0m           'full_rollout_powerflow_min_top_mass': 0.0,
[36m(TaskRunner pid=80053)[0m           'full_rollout_powerflow_min_valid_answer_coverage': 0.0,
[36m(TaskRunner pid=80053)[0m           'full_rollout_powerflow_mode': 'posterior_sharpen',
[36m(TaskRunner pid=80053)[0m           'full_rollout_powerflow_ngram_max_count': 4,
[36m(TaskRunner pid=80053)[0m           'full_rollout_powerflow_ngram_repeat': True,
[36m(TaskRunner pid=80053)[0m           'full_rollout_powerflow_ngram_size': 12,
[36m(TaskRunner pid=80053)[0m           'full_rollout_powerflow_pollution_guard_enable': True,
[36m(TaskRunner pid=80053)[0m           'full_rollout_powerflow_prompt_copy': True,
[36m(TaskRunner pid=80053)[0m           'full_rollout_powerflow_prompt_copy_min_count': 2,
[36m(TaskRunner pid=80053)[0m           'full_rollout_powerflow_prompt_weight_floor': 0.2,
[36m(TaskRunner pid=80053)[0m           'full_rollout_powerflow_quality_gate_enable': False,
[36m(TaskRunner pid=80053)[0m           'full_rollout_powerflow_representatives_per_answer': 2,
[36m(TaskRunner pid=80053)[0m           'full_rollout_powerflow_slack': 0.02,
[36m(TaskRunner pid=80053)[0m           'full_rollout_powerflow_soft_prompt_weight_enable': False,
[36m(TaskRunner pid=80053)[0m           'full_rollout_powerflow_top_k_answers': 2,
[36m(TaskRunner pid=80053)[0m           'full_rollout_powerflow_weight_clip': 4.0,
[36m(TaskRunner pid=80053)[0m           'full_rollout_powerflow_weight_clip_renorm': True,
[36m(TaskRunner pid=80053)[0m           'majority_vote_num_processes': 64,
[36m(TaskRunner pid=80053)[0m           'n_samples_per_prompt': 32,
[36m(TaskRunner pid=80053)[0m           'n_votes_per_prompt': 64,
[36m(TaskRunner pid=80053)[0m           'powerflow_no_majority': False,
[36m(TaskRunner pid=80053)[0m           'sharpened_alpha': 2.0,
[36m(TaskRunner pid=80053)[0m           'sharpened_conf_temperature': 1.0,
[36m(TaskRunner pid=80053)[0m           'sharpened_enable': True,
[36m(TaskRunner pid=80053)[0m           'sharpened_negative_enable': False,
[36m(TaskRunner pid=80053)[0m           'sharpened_negative_reward': 0.0,
[36m(TaskRunner pid=80053)[0m           'sharpened_reward_mode': 'mv_anchor',
[36m(TaskRunner pid=80053)[0m           'sharpened_soft_coef': 0.02,
[36m(TaskRunner pid=80053)[0m           'sharpened_tau_low': 0.125,
[36m(TaskRunner pid=80053)[0m           'sharpened_tau_marg': 0.125,
[36m(TaskRunner pid=80053)[0m           'sharpened_tau_pos': 0.375,
[36m(TaskRunner pid=80053)[0m           'sharpened_use_confidence': True}}
[36m(TaskRunner pid=80053)[0m using customized reward function 'reward_func' from './verl/utils/reward_score/ttrl_math/__init__.py'
[36m(TaskRunner pid=80053)[0m using customized reward function 'reward_func' from './verl/utils/reward_score/ttrl_math/__init__.py'
[36m(TaskRunner pid=80053)[0m Using dataset class: RLHFDataset
[36m(TaskRunner pid=80053)[0m dataset len: 500
[36m(TaskRunner pid=80053)[0m filter dataset len: 500
[36m(TaskRunner pid=80053)[0m Using dataset class: RLHFDataset
[36m(TaskRunner pid=80053)[0m dataset len: 500
[36m(TaskRunner pid=80053)[0m filter dataset len: 500
[36m(TaskRunner pid=80053)[0m [validate_config] All configuration checks passed successfully!
[36m(TaskRunner pid=80053)[0m Size of train dataloader: 15, Size of val dataloader: 1
[36m(TaskRunner pid=80053)[0m Total training steps: 20
[36m(TaskRunner pid=80053)[0m colocated worker base class <class 'verl.single_controller.base.worker.Worker'>
[36m(WorkerDict pid=80045)[0m [Gloo] Rank 0 is connected to 7 peer ranks. Expected number of connected peer ranks is : 7
[36m(WorkerDict pid=80045)[0m Model config after override: Qwen2Config {
[36m(WorkerDict pid=80045)[0m   "architectures": [
[36m(WorkerDict pid=80045)[0m     "Qwen2ForCausalLM"
[36m(WorkerDict pid=80045)[0m   ],
[36m(WorkerDict pid=80045)[0m   "attention_dropout": 0.0,
[36m(WorkerDict pid=80045)[0m   "dtype": "bfloat16",
[36m(WorkerDict pid=80045)[0m   "eos_token_id": 151643,
[36m(WorkerDict pid=80045)[0m   "hidden_act": "silu",
[36m(WorkerDict pid=80045)[0m   "hidden_size": 3584,
[36m(WorkerDict pid=80045)[0m   "initializer_range": 0.02,
[36m(WorkerDict pid=80045)[0m   "intermediate_size": 18944,
[36m(WorkerDict pid=80045)[0m   "layer_types": [
[36m(WorkerDict pid=80045)[0m     "full_attention",
[36m(WorkerDict pid=80045)[0m     "full_attention",
[36m(WorkerDict pid=80045)[0m     "full_attention",
[36m(WorkerDict pid=80045)[0m     "full_attention",
[36m(WorkerDict pid=80045)[0m     "full_attention",
[36m(WorkerDict pid=80045)[0m     "full_attention",
[36m(WorkerDict pid=80045)[0m     "full_attention",
[36m(WorkerDict pid=80045)[0m     "full_attention",
[36m(WorkerDict pid=80045)[0m     "full_attention",
[36m(WorkerDict pid=80045)[0m     "full_attention",
[36m(WorkerDict pid=80045)[0m     "full_attention",
[36m(WorkerDict pid=80045)[0m     "full_attention",
[36m(WorkerDict pid=80045)[0m     "full_attention",
[36m(WorkerDict pid=80045)[0m     "full_attention",
[36m(WorkerDict pid=80045)[0m     "full_attention",
[36m(WorkerDict pid=80045)[0m     "full_attention",
[36m(WorkerDict pid=80045)[0m     "full_attention",
[36m(WorkerDict pid=80045)[0m     "full_attention",
[36m(WorkerDict pid=80045)[0m     "full_attention",
[36m(WorkerDict pid=80045)[0m     "full_attention",
[36m(WorkerDict pid=80045)[0m     "full_attention",
[36m(WorkerDict pid=80045)[0m     "full_attention",
[36m(WorkerDict pid=80045)[0m     "full_attention",
[36m(WorkerDict pid=80045)[0m     "full_attention",
[36m(WorkerDict pid=80045)[0m     "full_attention",
[36m(WorkerDict pid=80045)[0m     "full_attention",
[36m(WorkerDict pid=80045)[0m     "full_attention",
[36m(WorkerDict pid=80045)[0m     "full_attention"
[36m(WorkerDict pid=80045)[0m   ],
[36m(WorkerDict pid=80045)[0m   "max_position_embeddings": 4096,
[36m(WorkerDict pid=80045)[0m   "max_window_layers": 28,
[36m(WorkerDict pid=80045)[0m   "model_type": "qwen2",
[36m(WorkerDict pid=80045)[0m   "num_attention_heads": 28,
[36m(WorkerDict pid=80045)[0m   "num_hidden_layers": 28,
[36m(WorkerDict pid=80045)[0m   "num_key_value_heads": 4,
[36m(WorkerDict pid=80045)[0m   "pad_token_id": 151643,
[36m(WorkerDict pid=80045)[0m   "rms_norm_eps": 1e-06,
[36m(WorkerDict pid=80045)[0m   "rope_scaling": null,
[36m(WorkerDict pid=80045)[0m   "rope_theta": 10000,
[36m(WorkerDict pid=80045)[0m   "sliding_window": null,
[36m(WorkerDict pid=80045)[0m   "tie_word_embeddings": false,
[36m(WorkerDict pid=80045)[0m   "transformers_version": "4.57.3",
[36m(WorkerDict pid=80045)[0m   "use_cache": true,
[36m(WorkerDict pid=80045)[0m   "use_mrope": false,
[36m(WorkerDict pid=80045)[0m   "use_sliding_window": false,
[36m(WorkerDict pid=80045)[0m   "vocab_size": 152064
[36m(WorkerDict pid=80045)[0m }
[36m(WorkerDict pid=80045)[0m 
[36m(WorkerDict pid=80045)[0m ref attention implementation verified: sdpa
[36m(WorkerDict pid=80045)[0m Monkey patch _flash_attention_forward in transformers.integrations.flash_attention
[36m(WorkerDict pid=80045)[0m Using Triton backend for fused kernels in Qwen2ForCausalLM
[36m(WorkerDict pid=80045)[0m Qwen2ForCausalLM contains 7.62B parameters
[36m(WorkerDict pid=80045)[0m wrap_policy: functools.partial(<function _or_policy at 0x7fae2f77cb80>, policies=[functools.partial(<function transformer_auto_wrap_policy at 0x7fae2f77ca40>, transformer_layer_cls={<class 'transformers.models.qwen2.modeling_qwen2.Qwen2DecoderLayer'>})])
[36m(WorkerDict pid=80045)[0m trial-302244509-trialrun-302244509-worker-0:80045:80045 [0] NCCL INFO NCCL_SOCKET_FAMILY set by environment to AF_INET6
[36m(WorkerDict pid=80045)[0m trial-302244509-trialrun-302244509-worker-0:80045:80045 [0] NCCL INFO NCCL_SOCKET_IFNAME set by environment to eth0
[36m(WorkerDict pid=80045)[0m trial-302244509-trialrun-302244509-worker-0:80045:80045 [0] NCCL INFO cudaDriverVersion 12020
[36m(WorkerDict pid=80045)[0m trial-302244509-trialrun-302244509-worker-0:80045:80045 [0] NCCL INFO NCCL version 2.27.5+cuda12.9
[36m(WorkerDict pid=80045)[0m trial-302244509-trialrun-302244509-worker-0:80045:80045 [0] NCCL INFO Comm config Blocking set to 1
[36m(WorkerDict pid=80045)[0m trial-302244509-trialrun-302244509-worker-0:80045:90543 [0] NCCL INFO NET/Plugin: Could not find: none libnccl-net-none.so. 
[36m(WorkerDict pid=80045)[0m trial-302244509-trialrun-302244509-worker-0:80045:90543 [0] NCCL INFO NCCL_IB_DISABLE set by environment to 1.
[36m(WorkerDict pid=80045)[0m trial-302244509-trialrun-302244509-worker-0:80045:90543 [0] NCCL INFO NCCL_SOCKET_FAMILY set by environment to AF_INET6
[36m(WorkerDict pid=80045)[0m trial-302244509-trialrun-302244509-worker-0:80045:90543 [0] NCCL INFO NCCL_SOCKET_IFNAME set by environment to eth0
[36m(WorkerDict pid=80045)[0m trial-302244509-trialrun-302244509-worker-0:80045:90543 [0] NCCL INFO NET/Socket : Using [0]eth0:fdbd:dccd:cdc2:12c8:0:1ae:8000:2<0>
[36m(WorkerDict pid=80045)[0m trial-302244509-trialrun-302244509-worker-0:80045:90543 [0] NCCL INFO Initialized NET plugin Socket
[36m(WorkerDict pid=80045)[0m trial-302244509-trialrun-302244509-worker-0:80045:90543 [0] NCCL INFO Assigned NET plugin Socket to comm
[36m(WorkerDict pid=80045)[0m trial-302244509-trialrun-302244509-worker-0:80045:90543 [0] NCCL INFO Using network Socket
[36m(WorkerDict pid=80045)[0m trial-302244509-trialrun-302244509-worker-0:80045:90543 [0] NCCL INFO ncclCommInitRankConfig comm 0x1422cac0 rank 0 nranks 8 cudaDev 0 nvmlDev 0 busId 4000 commId 0xbdea32587fadb08b - Init START
[36m(WorkerDict pid=80045)[0m trial-302244509-trialrun-302244509-worker-0:80045:90543 [0] NCCL INFO RAS client listening socket at ::1<28028>
[36m(WorkerDict pid=80045)[0m trial-302244509-trialrun-302244509-worker-0:80045:90543 [0] NCCL INFO Could not find real path of /sys/class/pci_bus/fffffff/../../fffffff:ff:f
[36m(WorkerDict pid=80045)[0m trial-302244509-trialrun-302244509-worker-0:80045:90543 [0] NCCL INFO TOPO/NET : Importing network plugins to topology
[36m(WorkerDict pid=80045)[0m trial-302244509-trialrun-302244509-worker-0:80045:90543 [0] NCCL INFO Retrieving state for Socket
[36m(WorkerDict pid=80045)[0m trial-302244509-trialrun-302244509-worker-0:80045:90543 [0] NCCL INFO Initialized state 0 for Socket
[36m(WorkerDict pid=80045)[0m trial-302244509-trialrun-302244509-worker-0:80045:90543 [0] NCCL INFO ncclTopoPopulateNics : Filled eth0 in topo with pciPath=(null) keep=1 coll=(null)
[36m(WorkerDict pid=80045)[0m trial-302244509-trialrun-302244509-worker-0:80045:90543 [0] NCCL INFO === System : maxBw 370.8 totalBw 370.8 ===
[36m(WorkerDict pid=80045)[0m trial-302244509-trialrun-302244509-worker-0:80045:90543 [0] NCCL INFO CPU/0-0 (1/1/3)
[36m(WorkerDict pid=80045)[0m trial-302244509-trialrun-302244509-worker-0:80045:90543 [0] NCCL INFO + PCI[5000.0] - NIC/0-0
[36m(WorkerDict pid=80045)[0m trial-302244509-trialrun-302244509-worker-0:80045:90543 [0] NCCL INFO + PCI[24.0] - PCI/0-2000 (10b5879610b58796)
[36m(WorkerDict pid=80045)[0m trial-302244509-trialrun-302244509-worker-0:80045:90543 [0] NCCL INFO               + PCI[24.0] - GPU/0-4000 (0)
[36m(WorkerDict pid=80045)[0m trial-302244509-trialrun-302244509-worker-0:80045:90543 [0] NCCL INFO                             + NVL[370.8] - NVS/0-0
[36m(WorkerDict pid=80045)[0m trial-302244509-trialrun-302244509-worker-0:80045:90543 [0] NCCL INFO               + PCI[24.0] - GPU/0-5000 (1)
[36m(WorkerDict pid=80045)[0m trial-302244509-trialrun-302244509-worker-0:80045:90543 [0] NCCL INFO                             + NVL[370.8] - NVS/0-0
[36m(WorkerDict pid=80045)[0m trial-302244509-trialrun-302244509-worker-0:80045:90543 [0] NCCL INFO + PCI[24.0] - PCI/0-9000 (10b5879610b58796)
[36m(WorkerDict pid=80045)[0m trial-302244509-trialrun-302244509-worker-0:80045:90543 [0] NCCL INFO               + PCI[24.0] - GPU/0-b000 (2)
[36m(WorkerDict pid=80045)[0m trial-302244509-trialrun-302244509-worker-0:80045:90543 [0] NCCL INFO                             + NVL[370.8] - NVS/0-0
[36m(WorkerDict pid=80045)[0m trial-302244509-trialrun-302244509-worker-0:80045:90543 [0] NCCL INFO               + PCI[24.0] - GPU/0-c000 (3)
[36m(WorkerDict pid=80045)[0m trial-302244509-trialrun-302244509-worker-0:80045:90543 [0] NCCL INFO                             + NVL[370.8] - NVS/0-0
[36m(WorkerDict pid=80045)[0m trial-302244509-trialrun-302244509-worker-0:80045:90543 [0] NCCL INFO + SYS[22.0] - CPU/0-1
[36m(WorkerDict pid=80045)[0m trial-302244509-trialrun-302244509-worker-0:80045:90543 [0] NCCL INFO CPU/0-1 (1/1/3)
[36m(WorkerDict pid=80045)[0m trial-302244509-trialrun-302244509-worker-0:80045:90543 [0] NCCL INFO + PCI[24.0] - PCI/0-82000 (10b5879610b58796)
[36m(WorkerDict pid=80045)[0m trial-302244509-trialrun-302244509-worker-0:80045:90543 [0] NCCL INFO               + PCI[24.0] - GPU/0-84000 (4)
[36m(WorkerDict pid=80045)[0m trial-302244509-trialrun-302244509-worker-0:80045:90543 [0] NCCL INFO                             + NVL[370.8] - NVS/0-0
[36m(WorkerDict pid=80045)[0m trial-302244509-trialrun-302244509-worker-0:80045:90543 [0] NCCL INFO               + PCI[24.0] - GPU/0-85000 (5)
[36m(WorkerDict pid=80045)[0m trial-302244509-trialrun-302244509-worker-0:80045:90543 [0] NCCL INFO                             + NVL[370.8] - NVS/0-0
[36m(WorkerDict pid=80045)[0m trial-302244509-trialrun-302244509-worker-0:80045:90543 [0] NCCL INFO + PCI[24.0] - PCI/0-89000 (10b5879610b58796)
[36m(WorkerDict pid=80045)[0m trial-302244509-trialrun-302244509-worker-0:80045:90543 [0] NCCL INFO               + PCI[24.0] - GPU/0-8b000 (6)
[36m(WorkerDict pid=80045)[0m trial-302244509-trialrun-302244509-worker-0:80045:90543 [0] NCCL INFO                             + NVL[370.8] - NVS/0-0
[36m(WorkerDict pid=80045)[0m trial-302244509-trialrun-302244509-worker-0:80045:90543 [0] NCCL INFO               + PCI[24.0] - GPU/0-8c000 (7)
[36m(WorkerDict pid=80045)[0m trial-302244509-trialrun-302244509-worker-0:80045:90543 [0] NCCL INFO                             + NVL[370.8] - NVS/0-0
[36m(WorkerDict pid=80045)[0m trial-302244509-trialrun-302244509-worker-0:80045:90543 [0] NCCL INFO + SYS[22.0] - CPU/0-0
[36m(WorkerDict pid=80045)[0m trial-302244509-trialrun-302244509-worker-0:80045:90543 [0] NCCL INFO ==========================================
[36m(WorkerDict pid=80045)[0m trial-302244509-trialrun-302244509-worker-0:80045:90543 [0] NCCL INFO GPU/0-4000 :GPU/0-4000 (0/5000.0/LOC) GPU/0-5000 (2/370.8/NVL) GPU/0-b000 (2/370.8/NVL) GPU/0-c000 (2/370.8/NVL) GPU/0-84000 (2/370.8/NVL) GPU/0-85000 (2/370.8/NVL) GPU/0-8b000 (2/370.8/NVL) GPU/0-8c000 (2/370.8/NVL) NVS/0-0 (1/370.8/NVL) CPU/0-0 (2/24.0/PHB) CPU/0-1 (3/22.0/SYS) 
[36m(WorkerDict pid=80045)[0m trial-302244509-trialrun-302244509-worker-0:80045:90543 [0] NCCL INFO GPU/0-5000 :GPU/0-4000 (2/370.8/NVL) GPU/0-5000 (0/5000.0/LOC) GPU/0-b000 (2/370.8/NVL) GPU/0-c000 (2/370.8/NVL) GPU/0-84000 (2/370.8/NVL) GPU/0-85000 (2/370.8/NVL) GPU/0-8b000 (2/370.8/NVL) GPU/0-8c000 (2/370.8/NVL) NVS/0-0 (1/370.8/NVL) CPU/0-0 (2/24.0/PHB) CPU/0-1 (3/22.0/SYS) 
[36m(WorkerDict pid=80045)[0m trial-302244509-trialrun-302244509-worker-0:80045:90543 [0] NCCL INFO GPU/0-b000 :GPU/0-4000 (2/370.8/NVL) GPU/0-5000 (2/370.8/NVL) GPU/0-b000 (0/5000.0/LOC) GPU/0-c000 (2/370.8/NVL) GPU/0-84000 (2/370.8/NVL) GPU/0-85000 (2/370.8/NVL) GPU/0-8b000 (2/370.8/NVL) GPU/0-8c000 (2/370.8/NVL) NVS/0-0 (1/370.8/NVL) CPU/0-0 (2/24.0/PHB) CPU/0-1 (3/22.0/SYS) 
[36m(WorkerDict pid=80045)[0m trial-302244509-trialrun-302244509-worker-0:80045:90543 [0] NCCL INFO GPU/0-c000 :GPU/0-4000 (2/370.8/NVL) GPU/0-5000 (2/370.8/NVL) GPU/0-b000 (2/370.8/NVL) GPU/0-c000 (0/5000.0/LOC) GPU/0-84000 (2/370.8/NVL) GPU/0-85000 (2/370.8/NVL) GPU/0-8b000 (2/370.8/NVL) GPU/0-8c000 (2/370.8/NVL) NVS/0-0 (1/370.8/NVL) CPU/0-0 (2/24.0/PHB) CPU/0-1 (3/22.0/SYS) 
[36m(WorkerDict pid=80045)[0m trial-302244509-trialrun-302244509-worker-0:80045:90543 [0] NCCL INFO GPU/0-84000 :GPU/0-4000 (2/370.8/NVL) GPU/0-5000 (2/370.8/NVL) GPU/0-b000 (2/370.8/NVL) GPU/0-c000 (2/370.8/NVL) GPU/0-84000 (0/5000.0/LOC) GPU/0-85000 (2/370.8/NVL) GPU/0-8b000 (2/370.8/NVL) GPU/0-8c000 (2/370.8/NVL) NVS/0-0 (1/370.8/NVL) CPU/0-0 (3/22.0/SYS) CPU/0-1 (2/24.0/PHB) 
[36m(WorkerDict pid=80045)[0m trial-302244509-trialrun-302244509-worker-0:80045:90543 [0] NCCL INFO GPU/0-85000 :GPU/0-4000 (2/370.8/NVL) GPU/0-5000 (2/370.8/NVL) GPU/0-b000 (2/370.8/NVL) GPU/0-c000 (2/370.8/NVL) GPU/0-84000 (2/370.8/NVL) GPU/0-85000 (0/5000.0/LOC) GPU/0-8b000 (2/370.8/NVL) GPU/0-8c000 (2/370.8/NVL) NVS/0-0 (1/370.8/NVL) CPU/0-0 (3/22.0/SYS) CPU/0-1 (2/24.0/PHB) 
[36m(WorkerDict pid=80045)[0m trial-302244509-trialrun-302244509-worker-0:80045:90543 [0] NCCL INFO GPU/0-8b000 :GPU/0-4000 (2/370.8/NVL) GPU/0-5000 (2/370.8/NVL) GPU/0-b000 (2/370.8/NVL) GPU/0-c000 (2/370.8/NVL) GPU/0-84000 (2/370.8/NVL) GPU/0-85000 (2/370.8/NVL) GPU/0-8b000 (0/5000.0/LOC) GPU/0-8c000 (2/370.8/NVL) NVS/0-0 (1/370.8/NVL) CPU/0-0 (3/22.0/SYS) CPU/0-1 (2/24.0/PHB) 
[36m(WorkerDict pid=80045)[0m trial-302244509-trialrun-302244509-worker-0:80045:90543 [0] NCCL INFO GPU/0-8c000 :GPU/0-4000 (2/370.8/NVL) GPU/0-5000 (2/370.8/NVL) GPU/0-b000 (2/370.8/NVL) GPU/0-c000 (2/370.8/NVL) GPU/0-84000 (2/370.8/NVL) GPU/0-85000 (2/370.8/NVL) GPU/0-8b000 (2/370.8/NVL) GPU/0-8c000 (0/5000.0/LOC) NVS/0-0 (1/370.8/NVL) CPU/0-0 (3/22.0/SYS) CPU/0-1 (2/24.0/PHB) 
[36m(WorkerDict pid=80045)[0m trial-302244509-trialrun-302244509-worker-0:80045:90543 [0] NCCL INFO Setting affinity for GPU 0 to 0-51,104-155
[36m(WorkerDict pid=80045)[0m trial-302244509-trialrun-302244509-worker-0:80045:90543 [0] NCCL INFO NCCL_NVLS_ENABLE set by environment to 0.
[36m(WorkerDict pid=80045)[0m trial-302244509-trialrun-302244509-worker-0:80045:90543 [0] NCCL INFO Pattern 4, crossNic 0, nChannels 12, bw 30.000000/30.000000, type NVL/PIX, sameChannels 1
[36m(WorkerDict pid=80045)[0m trial-302244509-trialrun-302244509-worker-0:80045:90543 [0] NCCL INFO  0 : GPU/0-4000 GPU/0-5000 GPU/0-b000 GPU/0-c000 GPU/0-84000 GPU/0-85000 GPU/0-8b000 GPU/0-8c000
[36m(WorkerDict pid=80045)[0m trial-302244509-trialrun-302244509-worker-0:80045:90543 [0] NCCL INFO  1 : GPU/0-4000 GPU/0-5000 GPU/0-b000 GPU/0-c000 GPU/0-84000 GPU/0-85000 GPU/0-8b000 GPU/0-8c000
[36m(WorkerDict pid=80045)[0m trial-302244509-trialrun-302244509-worker-0:80045:90543 [0] NCCL INFO  2 : GPU/0-4000 GPU/0-5000 GPU/0-b000 GPU/0-c000 GPU/0-84000 GPU/0-85000 GPU/0-8b000 GPU/0-8c000
[36m(WorkerDict pid=80045)[0m trial-302244509-trialrun-302244509-worker-0:80045:90543 [0] NCCL INFO  3 : GPU/0-4000 GPU/0-5000 GPU/0-b000 GPU/0-c000 GPU/0-84000 GPU/0-85000 GPU/0-8b000 GPU/0-8c000
[36m(WorkerDict pid=80045)[0m trial-302244509-trialrun-302244509-worker-0:80045:90543 [0] NCCL INFO  4 : GPU/0-4000 GPU/0-5000 GPU/0-b000 GPU/0-c000 GPU/0-84000 GPU/0-85000 GPU/0-8b000 GPU/0-8c000
[36m(WorkerDict pid=80045)[0m trial-302244509-trialrun-302244509-worker-0:80045:90543 [0] NCCL INFO  5 : GPU/0-4000 GPU/0-5000 GPU/0-b000 GPU/0-c000 GPU/0-84000 GPU/0-85000 GPU/0-8b000 GPU/0-8c000
[36m(WorkerDict pid=80045)[0m trial-302244509-trialrun-302244509-worker-0:80045:90543 [0] NCCL INFO  6 : GPU/0-4000 GPU/0-5000 GPU/0-b000 GPU/0-c000 GPU/0-84000 GPU/0-85000 GPU/0-8b000 GPU/0-8c000
[36m(WorkerDict pid=80045)[0m trial-302244509-trialrun-302244509-worker-0:80045:90543 [0] NCCL INFO  7 : GPU/0-4000 GPU/0-5000 GPU/0-b000 GPU/0-c000 GPU/0-84000 GPU/0-85000 GPU/0-8b000 GPU/0-8c000
[36m(WorkerDict pid=80045)[0m trial-302244509-trialrun-302244509-worker-0:80045:90543 [0] NCCL INFO  8 : GPU/0-4000 GPU/0-5000 GPU/0-b000 GPU/0-c000 GPU/0-84000 GPU/0-85000 GPU/0-8b000 GPU/0-8c000
[36m(WorkerDict pid=80045)[0m trial-302244509-trialrun-302244509-worker-0:80045:90543 [0] NCCL INFO  9 : GPU/0-4000 GPU/0-5000 GPU/0-b000 GPU/0-c000 GPU/0-84000 GPU/0-85000 GPU/0-8b000 GPU/0-8c000
[36m(WorkerDict pid=80045)[0m trial-302244509-trialrun-302244509-worker-0:80045:90543 [0] NCCL INFO 10 : GPU/0-4000 GPU/0-5000 GPU/0-b000 GPU/0-c000 GPU/0-84000 GPU/0-85000 GPU/0-8b000 GPU/0-8c000
[36m(WorkerDict pid=80045)[0m trial-302244509-trialrun-302244509-worker-0:80045:90543 [0] NCCL INFO 11 : GPU/0-4000 GPU/0-5000 GPU/0-b000 GPU/0-c000 GPU/0-84000 GPU/0-85000 GPU/0-8b000 GPU/0-8c000
[36m(WorkerDict pid=80045)[0m trial-302244509-trialrun-302244509-worker-0:80045:90543 [0] NCCL INFO Pattern 1, crossNic 0, nChannels 12, bw 30.000000/30.000000, type NVL/PIX, sameChannels 1
[36m(WorkerDict pid=80045)[0m trial-302244509-trialrun-302244509-worker-0:80045:90543 [0] NCCL INFO  0 : GPU/0-4000 GPU/0-5000 GPU/0-b000 GPU/0-c000 GPU/0-84000 GPU/0-85000 GPU/0-8b000 GPU/0-8c000
[36m(WorkerDict pid=80045)[0m trial-302244509-trialrun-302244509-worker-0:80045:90543 [0] NCCL INFO  1 : GPU/0-4000 GPU/0-5000 GPU/0-b000 GPU/0-c000 GPU/0-84000 GPU/0-85000 GPU/0-8b000 GPU/0-8c000
[36m(WorkerDict pid=80045)[0m trial-302244509-trialrun-302244509-worker-0:80045:90543 [0] NCCL INFO  2 : GPU/0-4000 GPU/0-5000 GPU/0-b000 GPU/0-c000 GPU/0-84000 GPU/0-85000 GPU/0-8b000 GPU/0-8c000
[36m(WorkerDict pid=80045)[0m trial-302244509-trialrun-302244509-worker-0:80045:90543 [0] NCCL INFO  3 : GPU/0-4000 GPU/0-5000 GPU/0-b000 GPU/0-c000 GPU/0-84000 GPU/0-85000 GPU/0-8b000 GPU/0-8c000
[36m(WorkerDict pid=80045)[0m trial-302244509-trialrun-302244509-worker-0:80045:90543 [0] NCCL INFO  4 : GPU/0-4000 GPU/0-5000 GPU/0-b000 GPU/0-c000 GPU/0-84000 GPU/0-85000 GPU/0-8b000 GPU/0-8c000
[36m(WorkerDict pid=80045)[0m trial-302244509-trialrun-302244509-worker-0:80045:90543 [0] NCCL INFO  5 : GPU/0-4000 GPU/0-5000 GPU/0-b000 GPU/0-c000 GPU/0-84000 GPU/0-85000 GPU/0-8b000 GPU/0-8c000
[36m(WorkerDict pid=80045)[0m trial-302244509-trialrun-302244509-worker-0:80045:90543 [0] NCCL INFO  6 : GPU/0-4000 GPU/0-5000 GPU/0-b000 GPU/0-c000 GPU/0-84000 GPU/0-85000 GPU/0-8b000 GPU/0-8c000
[36m(WorkerDict pid=80045)[0m trial-302244509-trialrun-302244509-worker-0:80045:90543 [0] NCCL INFO  7 : GPU/0-4000 GPU/0-5000 GPU/0-b000 GPU/0-c000 GPU/0-84000 GPU/0-85000 GPU/0-8b000 GPU/0-8c000
[36m(WorkerDict pid=80045)[0m trial-302244509-trialrun-302244509-worker-0:80045:90543 [0] NCCL INFO  8 : GPU/0-4000 GPU/0-5000 GPU/0-b000 GPU/0-c000 GPU/0-84000 GPU/0-85000 GPU/0-8b000 GPU/0-8c000
[36m(WorkerDict pid=80045)[0m trial-302244509-trialrun-302244509-worker-0:80045:90543 [0] NCCL INFO  9 : GPU/0-4000 GPU/0-5000 GPU/0-b000 GPU/0-c000 GPU/0-84000 GPU/0-85000 GPU/0-8b000 GPU/0-8c000
[36m(WorkerDict pid=80045)[0m trial-302244509-trialrun-302244509-worker-0:80045:90543 [0] NCCL INFO 10 : GPU/0-4000 GPU/0-5000 GPU/0-b000 GPU/0-c000 GPU/0-84000 GPU/0-85000 GPU/0-8b000 GPU/0-8c000
[36m(WorkerDict pid=80045)[0m trial-302244509-trialrun-302244509-worker-0:80045:90543 [0] NCCL INFO 11 : GPU/0-4000 GPU/0-5000 GPU/0-b000 GPU/0-c000 GPU/0-84000 GPU/0-85000 GPU/0-8b000 GPU/0-8c000
[36m(WorkerDict pid=80045)[0m trial-302244509-trialrun-302244509-worker-0:80045:90543 [0] NCCL INFO comm 0x1422cac0 rank 0 nRanks 8 nNodes 1 localRanks 8 localRank 0 MNNVL 0
[36m(WorkerDict pid=80045)[0m trial-302244509-trialrun-302244509-worker-0:80045:90543 [0] NCCL INFO Tree 0 : -1 -> 0 -> 1/-1/-1
[36m(WorkerDict pid=80045)[0m trial-302244509-trialrun-302244509-worker-0:80045:90543 [0] NCCL INFO Tree 12 : -1 -> 0 -> 1/-1/-1
[36m(WorkerDict pid=80045)[0m trial-302244509-trialrun-302244509-worker-0:80045:90543 [0] NCCL INFO Tree 1 : -1 -> 0 -> 1/-1/-1
[36m(WorkerDict pid=80045)[0m trial-302244509-trialrun-302244509-worker-0:80045:90543 [0] NCCL INFO Tree 13 : -1 -> 0 -> 1/-1/-1
[36m(WorkerDict pid=80045)[0m trial-302244509-trialrun-302244509-worker-0:80045:90543 [0] NCCL INFO Tree 2 : -1 -> 0 -> 1/-1/-1
[36m(WorkerDict pid=80045)[0m trial-302244509-trialrun-302244509-worker-0:80045:90543 [0] NCCL INFO Tree 14 : -1 -> 0 -> 1/-1/-1
[36m(WorkerDict pid=80045)[0m trial-302244509-trialrun-302244509-worker-0:80045:90543 [0] NCCL INFO Tree 3 : -1 -> 0 -> 1/-1/-1
[36m(WorkerDict pid=80045)[0m trial-302244509-trialrun-302244509-worker-0:80045:90543 [0] NCCL INFO Tree 15 : -1 -> 0 -> 1/-1/-1
[36m(WorkerDict pid=80045)[0m trial-302244509-trialrun-302244509-worker-0:80045:90543 [0] NCCL INFO Tree 4 : -1 -> 0 -> 1/-1/-1
[36m(WorkerDict pid=80045)[0m trial-302244509-trialrun-302244509-worker-0:80045:90543 [0] NCCL INFO Tree 16 : -1 -> 0 -> 1/-1/-1
[36m(WorkerDict pid=80045)[0m trial-302244509-trialrun-302244509-worker-0:80045:90543 [0] NCCL INFO Tree 5 : -1 -> 0 -> 1/-1/-1
[36m(WorkerDict pid=80045)[0m trial-302244509-trialrun-302244509-worker-0:80045:90543 [0] NCCL INFO Tree 17 : -1 -> 0 -> 1/-1/-1
[36m(WorkerDict pid=80045)[0m trial-302244509-trialrun-302244509-worker-0:80045:90543 [0] NCCL INFO Tree 6 : -1 -> 0 -> 1/-1/-1
[36m(WorkerDict pid=80045)[0m trial-302244509-trialrun-302244509-worker-0:80045:90543 [0] NCCL INFO Tree 18 : -1 -> 0 -> 1/-1/-1
[36m(WorkerDict pid=80045)[0m trial-302244509-trialrun-302244509-worker-0:80045:90543 [0] NCCL INFO Tree 7 : -1 -> 0 -> 1/-1/-1
[36m(WorkerDict pid=80045)[0m trial-302244509-trialrun-302244509-worker-0:80045:90543 [0] NCCL INFO Tree 19 : -1 -> 0 -> 1/-1/-1
[36m(WorkerDict pid=80045)[0m trial-302244509-trialrun-302244509-worker-0:80045:90543 [0] NCCL INFO Tree 8 : -1 -> 0 -> 1/-1/-1
[36m(WorkerDict pid=80045)[0m trial-302244509-trialrun-302244509-worker-0:80045:90543 [0] NCCL INFO Tree 20 : -1 -> 0 -> 1/-1/-1
[36m(WorkerDict pid=80045)[0m trial-302244509-trialrun-302244509-worker-0:80045:90543 [0] NCCL INFO Tree 9 : -1 -> 0 -> 1/-1/-1
[36m(WorkerDict pid=80045)[0m trial-302244509-trialrun-302244509-worker-0:80045:90543 [0] NCCL INFO Tree 21 : -1 -> 0 -> 1/-1/-1
[36m(WorkerDict pid=80045)[0m trial-302244509-trialrun-302244509-worker-0:80045:90543 [0] NCCL INFO Tree 10 : -1 -> 0 -> 1/-1/-1
[36m(WorkerDict pid=80045)[0m trial-302244509-trialrun-302244509-worker-0:80045:90543 [0] NCCL INFO Tree 22 : -1 -> 0 -> 1/-1/-1
[36m(WorkerDict pid=80045)[0m trial-302244509-trialrun-302244509-worker-0:80045:90543 [0] NCCL INFO Tree 11 : -1 -> 0 -> 1/-1/-1
[36m(WorkerDict pid=80045)[0m trial-302244509-trialrun-302244509-worker-0:80045:90543 [0] NCCL INFO Tree 23 : -1 -> 0 -> 1/-1/-1
[36m(WorkerDict pid=80045)[0m trial-302244509-trialrun-302244509-worker-0:80045:90543 [0] NCCL INFO NCCL_MIN_NCHANNELS set by environment to 4.
[36m(WorkerDict pid=80045)[0m trial-302244509-trialrun-302244509-worker-0:80045:90543 [0] NCCL INFO Channel 00/24 : 0 1 2 3 4 5 6 7
[36m(WorkerDict pid=80045)[0m trial-302244509-trialrun-302244509-worker-0:80045:90543 [0] NCCL INFO Channel 01/24 : 0 1 2 3 4 5 6 7
[36m(WorkerDict pid=80045)[0m trial-302244509-trialrun-302244509-worker-0:80045:90543 [0] NCCL INFO Channel 02/24 : 0 1 2 3 4 5 6 7
[36m(WorkerDict pid=80045)[0m trial-302244509-trialrun-302244509-worker-0:80045:90543 [0] NCCL INFO Channel 03/24 : 0 1 2 3 4 5 6 7
[36m(WorkerDict pid=80045)[0m trial-302244509-trialrun-302244509-worker-0:80045:90543 [0] NCCL INFO Channel 04/24 : 0 1 2 3 4 5 6 7
[36m(WorkerDict pid=80045)[0m trial-302244509-trialrun-302244509-worker-0:80045:90543 [0] NCCL INFO Channel 05/24 : 0 1 2 3 4 5 6 7
[36m(WorkerDict pid=80045)[0m trial-302244509-trialrun-302244509-worker-0:80045:90543 [0] NCCL INFO Channel 06/24 : 0 1 2 3 4 5 6 7
[36m(WorkerDict pid=80045)[0m trial-302244509-trialrun-302244509-worker-0:80045:90543 [0] NCCL INFO Channel 07/24 : 0 1 2 3 4 5 6 7
[36m(WorkerDict pid=80045)[0m trial-302244509-trialrun-302244509-worker-0:80045:90543 [0] NCCL INFO Channel 08/24 : 0 1 2 3 4 5 6 7
[36m(WorkerDict pid=80045)[0m trial-302244509-trialrun-302244509-worker-0:80045:90543 [0] NCCL INFO Channel 09/24 : 0 1 2 3 4 5 6 7
[36m(WorkerDict pid=80045)[0m trial-302244509-trialrun-302244509-worker-0:80045:90543 [0] NCCL INFO Channel 10/24 : 0 1 2 3 4 5 6 7
[36m(WorkerDict pid=80045)[0m trial-302244509-trialrun-302244509-worker-0:80045:90543 [0] NCCL INFO Channel 11/24 : 0 1 2 3 4 5 6 7
[36m(WorkerDict pid=80045)[0m trial-302244509-trialrun-302244509-worker-0:80045:90543 [0] NCCL INFO Channel 12/24 : 0 1 2 3 4 5 6 7
[36m(WorkerDict pid=80045)[0m trial-302244509-trialrun-302244509-worker-0:80045:90543 [0] NCCL INFO Channel 13/24 : 0 1 2 3 4 5 6 7
[36m(WorkerDict pid=80045)[0m trial-302244509-trialrun-302244509-worker-0:80045:90543 [0] NCCL INFO Channel 14/24 : 0 1 2 3 4 5 6 7
[36m(WorkerDict pid=80045)[0m trial-302244509-trialrun-302244509-worker-0:80045:90543 [0] NCCL INFO Channel 15/24 : 0 1 2 3 4 5 6 7
[36m(WorkerDict pid=80045)[0m trial-302244509-trialrun-302244509-worker-0:80045:90543 [0] NCCL INFO Channel 16/24 : 0 1 2 3 4 5 6 7
[36m(WorkerDict pid=80045)[0m trial-302244509-trialrun-302244509-worker-0:80045:90543 [0] NCCL INFO Channel 17/24 : 0 1 2 3 4 5 6 7
[36m(WorkerDict pid=80045)[0m trial-302244509-trialrun-302244509-worker-0:80045:90543 [0] NCCL INFO Channel 18/24 : 0 1 2 3 4 5 6 7
[36m(WorkerDict pid=80045)[0m trial-302244509-trialrun-302244509-worker-0:80045:90543 [0] NCCL INFO Channel 19/24 : 0 1 2 3 4 5 6 7
[36m(WorkerDict pid=80045)[0m trial-302244509-trialrun-302244509-worker-0:80045:90543 [0] NCCL INFO Channel 20/24 : 0 1 2 3 4 5 6 7
[36m(WorkerDict pid=80045)[0m trial-302244509-trialrun-302244509-worker-0:80045:90543 [0] NCCL INFO Channel 21/24 : 0 1 2 3 4 5 6 7
[36m(WorkerDict pid=80045)[0m trial-302244509-trialrun-302244509-worker-0:80045:90543 [0] NCCL INFO Channel 22/24 : 0 1 2 3 4 5 6 7
[36m(WorkerDict pid=80045)[0m trial-302244509-trialrun-302244509-worker-0:80045:90543 [0] NCCL INFO Channel 23/24 : 0 1 2 3 4 5 6 7
[36m(WorkerDict pid=80045)[0m trial-302244509-trialrun-302244509-worker-0:80045:90543 [0] NCCL INFO Ring 00 : 7 -> 0 -> 1
[36m(WorkerDict pid=80045)[0m trial-302244509-trialrun-302244509-worker-0:80045:90543 [0] NCCL INFO Ring 01 : 7 -> 0 -> 1
[36m(WorkerDict pid=80045)[0m trial-302244509-trialrun-302244509-worker-0:80045:90543 [0] NCCL INFO Ring 02 : 7 -> 0 -> 1
[36m(WorkerDict pid=80045)[0m trial-302244509-trialrun-302244509-worker-0:80045:90543 [0] NCCL INFO Ring 03 : 7 -> 0 -> 1
[36m(WorkerDict pid=80045)[0m trial-302244509-trialrun-302244509-worker-0:80045:90543 [0] NCCL INFO Ring 04 : 7 -> 0 -> 1
[36m(WorkerDict pid=80045)[0m trial-302244509-trialrun-302244509-worker-0:80045:90543 [0] NCCL INFO Ring 05 : 7 -> 0 -> 1
[36m(WorkerDict pid=80045)[0m trial-302244509-trialrun-302244509-worker-0:80045:90543 [0] NCCL INFO Ring 06 : 7 -> 0 -> 1
[36m(WorkerDict pid=80045)[0m trial-302244509-trialrun-302244509-worker-0:80045:90543 [0] NCCL INFO Ring 07 : 7 -> 0 -> 1
[36m(WorkerDict pid=80045)[0m trial-302244509-trialrun-302244509-worker-0:80045:90543 [0] NCCL INFO Ring 08 : 7 -> 0 -> 1
[36m(WorkerDict pid=80045)[0m trial-302244509-trialrun-302244509-worker-0:80045:90543 [0] NCCL INFO Ring 09 : 7 -> 0 -> 1
[36m(WorkerDict pid=80045)[0m trial-302244509-trialrun-302244509-worker-0:80045:90543 [0] NCCL INFO Ring 10 : 7 -> 0 -> 1
[36m(WorkerDict pid=80045)[0m trial-302244509-trialrun-302244509-worker-0:80045:90543 [0] NCCL INFO Ring 11 : 7 -> 0 -> 1
[36m(WorkerDict pid=80045)[0m trial-302244509-trialrun-302244509-worker-0:80045:90543 [0] NCCL INFO Ring 12 : 7 -> 0 -> 1
[36m(WorkerDict pid=80045)[0m trial-302244509-trialrun-302244509-worker-0:80045:90543 [0] NCCL INFO Ring 13 : 7 -> 0 -> 1
[36m(WorkerDict pid=80045)[0m trial-302244509-trialrun-302244509-worker-0:80045:90543 [0] NCCL INFO Ring 14 : 7 -> 0 -> 1
[36m(WorkerDict pid=80045)[0m trial-302244509-trialrun-302244509-worker-0:80045:90543 [0] NCCL INFO Ring 15 : 7 -> 0 -> 1
[36m(WorkerDict pid=80045)[0m trial-302244509-trialrun-302244509-worker-0:80045:90543 [0] NCCL INFO Ring 16 : 7 -> 0 -> 1
[36m(WorkerDict pid=80045)[0m trial-302244509-trialrun-302244509-worker-0:80045:90543 [0] NCCL INFO Ring 17 : 7 -> 0 -> 1
[36m(WorkerDict pid=80045)[0m trial-302244509-trialrun-302244509-worker-0:80045:90543 [0] NCCL INFO Ring 18 : 7 -> 0 -> 1
[36m(WorkerDict pid=80045)[0m trial-302244509-trialrun-302244509-worker-0:80045:90543 [0] NCCL INFO Ring 19 : 7 -> 0 -> 1
[36m(WorkerDict pid=80045)[0m trial-302244509-trialrun-302244509-worker-0:80045:90543 [0] NCCL INFO Ring 20 : 7 -> 0 -> 1
[36m(WorkerDict pid=80045)[0m trial-302244509-trialrun-302244509-worker-0:80045:90543 [0] NCCL INFO Ring 21 : 7 -> 0 -> 1
[36m(WorkerDict pid=80045)[0m trial-302244509-trialrun-302244509-worker-0:80045:90543 [0] NCCL INFO Ring 22 : 7 -> 0 -> 1
[36m(WorkerDict pid=80045)[0m trial-302244509-trialrun-302244509-worker-0:80045:90543 [0] NCCL INFO Ring 23 : 7 -> 0 -> 1
[36m(WorkerDict pid=80045)[0m trial-302244509-trialrun-302244509-worker-0:80045:90543 [0] NCCL INFO Trees [0] 1/-1/-1->0->-1 [1] 1/-1/-1->0->-1 [2] 1/-1/-1->0->-1 [3] 1/-1/-1->0->-1 [4] 1/-1/-1->0->-1 [5] 1/-1/-1->0->-1 [6] 1/-1/-1->0->-1 [7] 1/-1/-1->0->-1 [8] 1/-1/-1->0->-1 [9] 1/-1/-1->0->-1 [10] 1/-1/-1->0->-1 [11] 1/-1/-1->0->-1 [12] 1/-1/-1->0->-1 [13] 1/-1/-1->0->-1 [14] 1/-1/-1->0->-1 [15] 1/-1/-1->0->-1 [16] 1/-1/-1->0->-1 [17] 1/-1/-1->0->-1 [18] 1/-1/-1->0->-1 [19] 1/-1/-1->0->-1 
[36m(WorkerDict pid=80050)[0m trial-302244509-trialrun-302244509-worker-0:80050:90545 [2] NCCL INFO NCCL_BUFFSIZE set by environment to 4194304.
[36m(WorkerDict pid=80050)[0m trial-302244509-trialrun-302244509-worker-0:80050:90545 [2] NCCL INFO NCCL_P2P_NVL_CHUNKSIZE set by environment to 1048576.
[36m(WorkerDict pid=80050)[0m trial-302244509-trialrun-302244509-worker-0:80050:90545 [2] NCCL INFO P2P Chunksize set to 524288
[36m(WorkerDict pid=80050)[0m trial-302244509-trialrun-302244509-worker-0:80050:90545 [2] NCCL INFO PROFILER/Plugin: Could not find: libnccl-profiler.so. 
[36m(WorkerDict pid=80050)[0m trial-302244509-trialrun-302244509-worker-0:80050:90569 [2] NCCL INFO [Proxy Service] Device 2 CPU core 124
[36m(WorkerDict pid=80050)[0m trial-302244509-trialrun-302244509-worker-0:80050:90572 [2] NCCL INFO [Proxy Service UDS] De
[36m(WorkerDict pid=80048)[0m trial-302244509-trialrun-302244509-wor
[36m(WorkerDict pid=80047)[0m trial-302244509-trialrun-302244509-worker-0:80047:90571 [4] NCCL INFO [Proxy Service UDS] 
[36m(WorkerDict pid=80051)[0m trial-302244509-trialrun-302244509-worker-0:80051:90576 [5] NCCL INFO [Proxy Service UDS] Device 5 CPU core 207
[36m(WorkerDict pid=80051)[0m trial-302244509-trialrun-302244509-worker-0:80051:90575 [5] NCCL INFO [Proxy Service]
[36m(WorkerDict pid=80049)[0m trial-302244509-trialrun-302244509-worker-0:80049:90566 [3] NCCL INFO [Proxy Service UDS] Dev
[36m(WorkerDict pid=80054)[0m trial-302244509-trialrun-302244509-worker-0:80054:90573 [6] NCCL INFO [Proxy Service] D
[36m(WorkerDict pid=80056)[0m trial-302244509-trialrun-302244509-worker-0:80056:90562 [7] NCCL I
[36m(WorkerDict pid=80045)[0m [20] 1/-1/-1->0->-1 [21] 1/-1/-1->0->-1 [22] 1/-1/-1->0->-1 [23] 1/-1/-1->0->-1
[36m(WorkerDict pid=80045)[0m trial-302244509-trialrun-302244509-worker-0:80045:90543 [0] NCCL INFO Check P2P Type isAllDirectP2p 1 directMode 0
[36m(WorkerDict pid=80045)[0m trial-302244509-trialrun-302244509-worker-0:80045:90543 [0] NCCL INFO NCCL_PROTO set by environment to Simple
[36m(WorkerDict pid=80045)[0m trial-302244509-trialrun-302244509-worker-0:80045:90543 [0] NCCL INFO NCCL_ALGO set by environment to Ring,Tree
[36m(WorkerDict pid=80045)[0m trial-302244509-trialrun-302244509-worker-0:80045:90543 [0] NCCL INFO Enabled NCCL Func/Proto/Algo Matrix:
[36m(WorkerDict pid=80045)[0m      Function |       LL     LL128    Simple   |          Tree           Ring  CollNetDirect   CollNetChain           NVLS       NVLSTree            PAT  
[36m(WorkerDict pid=80045)[0m     Broadcast |        0         0         1   |             1              1              0              0              0              0              0  
[36m(WorkerDict pid=80045)[0m        Reduce |        0         0         1   |             1              1              0              0              0              0              0  
[36m(WorkerDict pid=80045)[0m     AllGather |        0         0         1   |             1              1              0              0              0              0              0  
[36m(WorkerDict pid=80045)[0m ReduceScatter |        0         0         1   |             1              1              0              0              0              0              0  
[36m(WorkerDict pid=80045)[0m     AllReduce |        0         0         1   |             1              1              0              0              0              0    
[36m(WorkerDict pid=80045)[0m trial-302244509-trialrun-302244509-worker-0:80045:90543 [0] NCCL INFO threadThresholds 8/8/64 | 64/8/64 | 512 | 512
[36m(WorkerDict pid=80045)[0m trial-302244509-trialrun-302244509-worker-0:80045:90543 [0] NCCL INFO 24 coll channels, 24 collnet channels, 0 nvls channels, 32 p2p channels, 32 p2p channels per peer
[36m(WorkerDict pid=80045)[0m trial-302244509-trialrun-302244509-worker-0:80045:90543 [0] NCCL INFO CC Off, workFifoBytes 1048576
[36m(WorkerDict pid=80045)[0m trial-302244509-trialrun-302244509-worker-0:80045:90543 [0] NCCL INFO TUNER/Plugin: Could not find: libnccl-tuner.so. Using internal tuner plugin.
[36m(WorkerDict pid=80045)[0m trial-302244509-trialrun-302244509-worker-0:80045:90543 [0] NCCL INFO ncclCommInitRankConfig comm 0x1422cac0 rank 0 nranks 8 cudaDev 0 nvmlDev 0 busId 4000 commId 0xbdea32587fadb08b - Init COMPLETE
[36m(WorkerDict pid=80045)[0m trial-302244509-trialrun-302244509-worker-0:80045:90543 [0] NCCL INFO Init timings - ncclCommInitRankConfig: rank 0 nranks 8 total 2.65 (kernels 0.30, alloc 0.22, bootstrap 1.26, allgathers 0.01, topo 0.64, graphs 0.01, connections 0.12, rest 0.10)
[36m(WorkerDict pid=80045)[0m trial-302244509-trialrun-302244509-worker-0:80045:90582 [0] NCCL INFO Channel 00/0 : 0[0] -> 1[1] via P2P/CUMEM
[36m(WorkerDict pid=80045)[0m trial-302244509-trialrun-302244509-worker-0:80045:90582 [0] NCCL INFO Channel 01/0 : 0[0] -> 1[1] via P2P/CUMEM
[36m(WorkerDict pid=80045)[0m trial-302244509-trialrun-302244509-worker-0:80045:90582 [0] NCCL INFO Channel 02/0 : 0[0] -> 1[1] via P2P/CUMEM
[36m(WorkerDict pid=80045)[0m trial-302244509-trialrun-302244509-worker-0:80045:90582 [0] NCCL INFO Channel 03/0 : 0[0] -> 1[1] via P2P/CUMEM
[36m(WorkerDict pid=80045)[0m trial-302244509-trialrun-302244509-worker-0:80045:90582 [0] NCCL INFO Channel 04/0 : 0[0] -> 1[1] via P2P/CUMEM
[36m(WorkerDict pid=80045)[0m trial-302244509-trialrun-302244509-worker-0:80045:90582 [0] NCCL INFO Channel 05/0 : 0[0] -> 1[1] via P2P/CUMEM
[36m(WorkerDict pid=80045)[0m trial-302244509-trialrun-302244509-worker-0:80045:90582 [0] NCCL INFO Channel 06/0 : 0[0] -> 1[1] via P2P/CUMEM
[36m(WorkerDict pid=80045)[0m trial-302244509-trialrun-302244509-worker-0:80045:90582 [0] NCCL INFO Channel 07/0 : 0[0] -> 1[1] via P2P/CUMEM
[36m(WorkerDict pid=80045)[0m trial-302244509-trialrun-302244509-worker-0:80045:90582 [0] NCCL INFO Channel 08/0 : 0[0] -> 1[1] vi
[36m(WorkerDict pid=80048)[0m trial-302244509-trialrun-302244509-worker-0:80048:90577 [1] NCCL INFO Chann
[36m(WorkerDict pid=80050)[0m vice 2 CPU core 142
[36m(WorkerDict pid=80050)[0m trial-302244509-trialrun-302244509-worker-0:80050:90583 [2] NCCL INFO Connected all rings, use ring PXN 0 GDR 1
[36m(WorkerDict pid=80056)[0m [Gloo] Rank 7 is connected to 7 peer ranks. Expected number of connected peer ranks is : 7[32m [repeated 7x across cluster][0m
[36m(WorkerDict pid=80048)[0m el 05/0 : 1[1] -> 2[2] via P2P/CUMEM
[36m(WorkerDict pid=80054)[0m evice 6 CPU core 182
[36m(WorkerDict pid=80045)[0m a P2P/CUMEM
[36m(WorkerDict pid=80047)[0m Device 4 CPU core 178
[36m(WorkerDict pid=80049)[0m ice 3 CPU core 132
[36m(WorkerDict pid=80056)[0m NFO [Proxy Service UDS] Device 7 CPU core 198
[36m(WorkerDict pid=80045)[0m Actor use_remove_padding=True
[36m(WorkerDict pid=80045)[0m Actor use_fused_kernels=True
[36m(WorkerDict pid=80056)[0m Monkey patch _flash_attention_forward in transformers.integrations.flash_attention[32m [repeated 7x across cluster][0m
[36m(WorkerDict pid=80056)[0m Using Triton backend for fused kernels in Qwen2ForCausalLM[32m [repeated 7x across cluster][0m
[36m(WorkerDict pid=80056)[0m trial-302244509-trialrun-302244509-worker-0:80056:90548 [7] NCCL INFO NCCL_SOCKET_FAMILY set by environment to AF_INET6[32m [repeated 14x across cluster][0m
[36m(WorkerDict pid=80056)[0m trial-302244509-trialrun-302244509-worker-0:80056:90548 [7] NCCL INFO NCCL_SOCKET_IFNAME set by environment to eth0[32m [repeated 14x across cluster][0m
[36m(WorkerDict pid=80056)[0m trial-302244509-trialrun-302244509-worker-0:80056:80056 [7] NCCL INFO cudaDriverVersion 12020[32m [repeated 7x across cluster][0m
[36m(WorkerDict pid=80056)[0m trial-302244509-trialrun-302244509-worker-0:80056:80056 [7] NCCL INFO NCCL version 2.27.5+cuda12.9[32m [repeated 7x across cluster][0m
[36m(WorkerDict pid=80056)[0m trial-302244509-trialrun-302244509-worker-0:80056:80056 [7] NCCL INFO Comm config Blocking set to 1[32m [repeated 7x across cluster][0m
[36m(WorkerDict pid=80056)[0m trial-302244509-trialrun-302244509-worker-0:80056:90548 [7] NCCL INFO NET/Plugin: Could not find: none libnccl-net-none.so. [32m [repeated 7x across cluster][0m
[36m(WorkerDict pid=80056)[0m trial-302244509-trialrun-302244509-worker-0:80056:90548 [7] NCCL INFO NCCL_IB_DISABLE set by environment to 1.[32m [repeated 7x across cluster][0m
[36m(WorkerDict pid=80056)[0m trial-302244509-trialrun-302244509-worker-0:80056:90548 [7] NCCL INFO NET/Socket : Using [0]eth0:fdbd:dccd:cdc2:12c8:0:1ae:8000:2<0>[32m [repeated 7x across cluster][0m
[36m(WorkerDict pid=80056)[0m trial-302244509-trialrun-302244509-worker-0:80056:90548 [7] NCCL INFO Initialized NET plugin Socket[32m [repeated 7x across cluster][0m
[36m(WorkerDict pid=80056)[0m trial-302244509-trialrun-302244509-worker-0:80056:90548 [7] NCCL INFO Assigned NET plugin Socket to comm[32m [repeated 7x across cluster][0m
[36m(WorkerDict pid=80056)[0m trial-302244509-trialrun-302244509-worker-0:80056:90548 [7] NCCL INFO Using network Socket[32m [repeated 7x across cluster][0m
[36m(WorkerDict pid=80056)[0m trial-302244509-trialrun-302244509-worker-0:80056:90548 [7] NCCL INFO ncclCommInitRankConfig comm 0x145c4c80 rank 7 nranks 8 cudaDev 7 nvmlDev 7 busId 8c000 commId 0xbdea32587fadb08b - Init START[32m [repeated 7x across cluster][0m
[36m(WorkerDict pid=80056)[0m trial-302244509-trialrun-302244509-worker-0:80056:90548 [7] NCCL INFO RAS client listening socket at ::1<28028>[32m [repeated 7x across cluster][0m
[36m(WorkerDict pid=80056)[0m trial-302244509-trialrun-302244509-worker-0:80056:90548 [7] NCCL INFO Could not find real path of /sys/class/pci_bus/fffffff/../../fffffff:ff:f[32m [repeated 7x across cluster][0m
[36m(WorkerDict pid=80056)[0m trial-302244509-trialrun-302244509-worker-0:80056:90548 [7] NCCL INFO TOPO/NET : Importing network plugins to topology[32m [repeated 7x across cluster][0m
[36m(WorkerDict pid=80056)[0m trial-302244509-trialrun-302244509-worker-0:80056:90548 [7] NCCL INFO Retrieving state for Socket[32m [repeated 7x across cluster][0m
[36m(WorkerDict pid=80056)[0m trial-302244509-trialrun-302244509-worker-0:80056:90548 [7] NCCL INFO Initialized state 0 for Socket[32m [repeated 7x across cluster][0m
[36m(WorkerDict pid=80056)[0m trial-302244509-trialrun-302244509-worker-0:80056:90548 [7] NCCL INFO ncclTopoPopulateNics : Filled eth0 in topo with pciPath=(null) keep=1 coll=(null)[32m [repeated 7x across cluster][0m
[36m(WorkerDict pid=80056)[0m trial-302244509-trialrun-302244509-worker-0:80056:90548 [7] NCCL INFO === System : maxBw 370.8 totalBw 370.8 ===[32m [repeated 7x across cluster][0m
[36m(WorkerDict pid=80056)[0m trial-302244509-trialrun-302244509-worker-0:80056:90548 [7] NCCL INFO GPU/0-8c000 :GPU/0-4000 (2/370.8/NVL) GPU/0-5000 (2/370.8/NVL) GPU/0-b000 (2/370.8/NVL) GPU/0-c000 (2/370.8/NVL) GPU/0-84000 (2/370.8/NVL) GPU/0-85000 (2/370.8/NVL) GPU/0-8b000 (2/370.8/NVL) GPU/0-8c000 (0/5000.0/LOC) NVS/0-0 (1/370.8/NVL) CPU/0-0 (3/22.0/SYS) CPU/0-1 (2/24.0/PHB) [32m [repeated 70x across cluster][0m
[36m(WorkerDict pid=80056)[0m trial-302244509-trialrun-302244509-worker-0:80056:90548 [7] NCCL INFO + SYS[22.0] - CPU/0-0[32m [repeated 161x across cluster][0m
[36m(WorkerDict pid=80056)[0m trial-302244509-trialrun-302244509-worker-0:80056:90548 [7] NCCL INFO ==========================================[32m [repeated 7x across cluster][0m
[36m(WorkerDict pid=80056)[0m trial-302244509-trialrun-302244509-worker-0:80056:90548 [7] NCCL INFO Setting affinity for GPU 7 to 52-103,156-207[32m [repeated 7x across cluster][0m
[36m(WorkerDict pid=80056)[0m trial-302244509-trialrun-302244509-worker-0:80056:90548 [7] NCCL INFO NCCL_NVLS_ENABLE set by environment to 0.[32m [repeated 7x across cluster][0m
[36m(WorkerDict pid=80056)[0m trial-302244509-trialrun-302244509-worker-0:80056:90548 [7] NCCL INFO Pattern 1, crossNic 0, nChannels 12, bw 30.000000/30.000000, type NVL/PIX, sameChannels 1[32m [repeated 14x across cluster][0m
[36m(WorkerDict pid=80056)[0m trial-302244509-trialrun-302244509-worker-0:80056:90548 [7] NCCL INFO 11 : GPU/0-4000 GPU/0-5000 GPU/0-b000 GPU/0-c000 GPU/0-84000 GPU/0-85000 GPU/0-8b000 GPU/0-8c000[32m [repeated 168x across cluster][0m
[36m(WorkerDict pid=80056)[0m trial-302244509-trialrun-302244509-worker-0:80056:90548 [7] NCCL INFO comm 0x145c4c80 rank 7 nRanks 8 nNodes 1 localRanks 8 localRank 7 MNNVL 0[32m [repeated 7x across cluster][0m
[36m(WorkerDict pid=80048)[0m trial-302244509-trialrun-302244509-worker-0:80048:90544 [1] NCCL INFO Tree 23 : 0 -> 1 -> 2/-1/-1[32m [repeated 24x across cluster][0m
[36m(WorkerDict pid=80056)[0m trial-302244509-trialrun-302244509-worker-0:80056:90548 [7] NCCL INFO NCCL_MIN_NCHANNELS set by environment to 4.[32m [repeated 7x across cluster][0m
[36m(WorkerDict pid=80048)[0m trial-302244509-trialrun-302244509-worker-0:80048:90544 [1] NCCL INFO Ring 23 : 0 -> 1 -> 2[32m [repeated 168x across cluster][0m
[36m(WorkerDict pid=80048)[0m trial-302244509-trialrun-302244509-worker-0:80048:90544 [1] NCCL INFO Trees [0] 2/-1/-1->1->0 [1] 2/-1/-1->1->0 [2] 2/-1/-1->1->0 [3] 2/-1/-1->1->0 [4] 2/-1/-1->1->0 [5] 2/-1/-1->1->0 [6] 2/-1/-1->1->0 [7] 2/-1/-1->1->0 [8] 2/-1/-1->1->0 [9] 2/-1/-1->1->0 [10] 2/-1/-1->1->0 [11] 2/-1/-1->1->0 [12] 2/-1/-1->1->0 [13] 2/-1/-1->1->0 [14] 2/-1/-1->1->0 [15] 2/-1/-1->1->0 [16] 2/-1/-1->1->0 [17] 2/-1/-1->1->0 [18] 2/-1/-1->1->0 [19] 2/-1/-1->1->0 [20] 2/-1/-1->1->0 [21] 2/-1/-1->1->0 [22] 2/-1/-1->1->0 [23] 2/-1/-1->1->0[32m [repeated 7x across cluster][0m
[36m(WorkerDict pid=80048)[0m trial-302244509-trialrun-302244509-worker-0:80048:90544 [1] NCCL INFO NCCL_BUFFSIZE set by environment to 4194304.[32m [repeated 7x across cluster][0m
[36m(WorkerDict pid=80048)[0m trial-302244509-trialrun-302244509-worker-0:80048:90544 [1] NCCL INFO NCCL_P2P_NVL_CHUNKSIZE set by environment to 1048576.[32m [repeated 7x across cluster][0m
[36m(WorkerDict pid=80048)[0m trial-302244509-trialrun-302244509-worker-0:80048:90544 [1] NCCL INFO P2P Chunksize set to 524288[32m [repeated 7x across cluster][0m
[36m(WorkerDict pid=80048)[0m trial-302244509-trialrun-302244509-worker-0:80048:90544 [1] NCCL INFO PROFILER/Plugin: Could not find: libnccl-profiler.so. [32m [repeated 7x across cluster][0m
[36m(WorkerDict pid=80048)[0m trial-302244509-trialrun-302244509-worker-0:80048:90567 [1] NCCL INFO [Proxy Service] Device 1 CPU core 135[32m [repeated 5x across cluster][0m
[36m(WorkerDict pid=80048)[0m trial-302244509-trialrun-302244509-worker-0:80048:90568 [1] NCCL INFO [Proxy Service UDS] Device 1 CPU core 25[32m [repeated 3x across cluster][0m
[36m(WorkerDict pid=80056)[0m trial-302244509-trialrun-302244509-worker-0:80056:90548 [7] NCCL INFO NCCL_PROTO set by environment to Simple[32m [repeated 7x across cluster][0m
[36m(WorkerDict pid=80056)[0m WARNING:2026-08-03 05:26:40,530:Initializing torch.distributed: rank=7 world_size=8 init_method=tcp://127.0.0.1:45735 master=127.0.0.1:45735[32m [repeated 7x across cluster][0m
[36m(WorkerDict pid=80056)[0m [W803 05:26:40.815621039 ProcessGroupNCCL.cpp:924] Warning: TORCH_NCCL_AVOID_RECORD_STREAMS is the default now, this environment variable is thus deprecated. (function operator())[32m [repeated 7x across cluster][0m
[36m(WorkerDict pid=80056)[0m `torch_dtype` is deprecated! Use `dtype` instead![32m [repeated 7x across cluster][0m
[36m(WorkerDict pid=80045)[0m Loading checkpoint shards:   0%|          | 0/4 [00:00<?, ?it/s][32m [repeated 8x across cluster][0m
[36m(WorkerDict pid=80056)[0m Loading checkpoint shards: 100%|██████████| 4/4 [00:00<00:00, 100.68it/s][32m [repeated 7x across cluster][0m
[36m(WorkerDict pid=80045)[0m Loading checkpoint shards:  25%|██▌       | 1/4 [00:03<00:11,  3.74s/it]
[36m(WorkerDict pid=80054)[0m Loading checkpoint shards:   0%|          | 0/4 [00:00<?, ?it/s][32m [repeated 7x across cluster][0m
[36m(WorkerDict pid=80045)[0m Loading checkpoint shards:  75%|███████▌  | 3/4 [00:10<00:03,  3.62s/it][32m [repeated 16x across cluster][0m
[36m(WorkerDict pid=80045)[0m Loading checkpoint shards: 100%|██████████| 4/4 [00:14<00:00,  3.51s/it]Loading checkpoint shards: 100%|██████████| 4/4 [00:14<00:00,  3.56s/it]
[36m(WorkerDict pid=80045)[0m WARNING:2026-08-03 05:27:24,514:Dropping unsupported vLLM engine kwargs for this version: ['disable_mm_preprocessor_cache']
[36m(WorkerDict pid=80054)[0m Loading checkpoint shards:  75%|███████▌  | 3/4 [00:12<00:03,  3.98s/it][32m [repeated 7x across cluster][0m
[36m(WorkerDict pid=80054)[0m Loading checkpoint shards: 100%|██████████| 4/4 [00:15<00:00,  3.84s/it]Loading checkpoint shards: 100%|██████████| 4/4 [00:15<00:00,  3.92s/it][32m [repeated 7x across cluster][0m
[36m(WorkerDict pid=80045)[0m 2026-08-03 05:27:58,185 - INFO - autotuner.py:256 - flashinfer.jit: [Autotuner]: Autotuning process starts ...
[36m(WorkerDict pid=80045)[0m 2026-08-03 05:27:58,197 - INFO - autotuner.py:262 - flashinfer.jit: [Autotuner]: Autotuning process ends
[36m(WorkerDict pid=80056)[0m WARNING:2026-08-03 05:27:24,510:Dropping unsupported vLLM engine kwargs for this version: ['disable_mm_preprocessor_cache'][32m [repeated 7x across cluster][0m
[36m(WorkerDict pid=80045)[0m Capturing CUDA graphs (mixed prefill-decode, PIECEWISE):   0%|          | 0/51 [00:00<?, ?it/s]
[36m(WorkerDict pid=80045)[0m Capturing CUDA graphs (mixed prefill-decode, PIECEWISE):   4%|▍         | 2/51 [00:00<00:02, 19.98it/s]
[36m(WorkerDict pid=80045)[0m Capturing CUDA graphs (mixed prefill-decode, PIECEWISE):  10%|▉         | 5/51 [00:00<00:02, 20.16it/s]
[36m(WorkerDict pid=80045)[0m Capturing CUDA graphs (mixed prefill-decode, PIECEWISE):  16%|█▌        | 8/51 [00:00<00:02, 18.28it/s]
[36m(WorkerDict pid=80045)[0m Capturing CUDA graphs (mixed prefill-decode, PIECEWISE):  20%|█▉        | 10/51 [00:00<00:02, 18.64it/s]
[36m(WorkerDict pid=80045)[0m Capturing CUDA graphs (mixed prefill-decode, PIECEWISE):  25%|██▌       | 13/51 [00:00<00:02, 18.51it/s]
[36m(WorkerDict pid=80045)[0m Capturing CUDA graphs (mixed prefill-decode, PIECEWISE):  29%|██▉       | 15/51 [00:00<00:02, 16.67it/s]
[36m(WorkerDict pid=80045)[0m Capturing CUDA graphs (mixed prefill-decode, PIECEWISE):  33%|███▎      | 17/51 [00:01<00:02, 15.29it/s]
[36m(WorkerDict pid=80045)[0m Capturing CUDA graphs (mixed prefill-decode, PIECEWISE):  37%|███▋      | 19/51 [00:01<00:01, 16.03it/s]
[36m(WorkerDict pid=80045)[0m Capturing CUDA graphs (mixed prefill-decode, PIECEWISE):  43%|████▎     | 22/51 [00:01<00:01, 17.25it/s]
[36m(WorkerDict pid=80045)[0m Capturing CUDA graphs (mixed prefill-decode, PIECEWISE):  47%|████▋     | 24/51 [00:01<00:01, 17.56it/s]
[36m(WorkerDict pid=80045)[0m Capturing CUDA graphs (mixed prefill-decode, PIECEWISE):  51%|█████     | 26/51 [00:01<00:01, 18.09it/s]
[36m(WorkerDict pid=80045)[0m Capturing CUDA graphs (mixed prefill-decode, PIECEWISE):  55%|█████▍    | 28/51 [00:01<00:01, 18.24it/s]
[36m(WorkerDict pid=80045)[0m Capturing CUDA graphs (mixed prefill-decode, PIECEWISE):  59%|█████▉    | 30/51 [00:01<00:01, 17.92it/s]
[36m(WorkerDict pid=80045)[0m Capturing CUDA graphs (mixed prefill-decode, PIECEWISE):  63%|██████▎   | 32/51 [00:01<00:01, 17.80it/s]
[36m(WorkerDict pid=80045)[0m Capturing CUDA graphs (mixed prefill-decode, PIECEWISE):  67%|██████▋   | 34/51 [00:01<00:00, 18.30it/s]
[36m(WorkerDict pid=80045)[0m Capturing CUDA graphs (mixed prefill-decode, PIECEWISE):  71%|███████   | 36/51 [00:02<00:00, 18.17it/s]
[36m(WorkerDict pid=80045)[0m Capturing CUDA graphs (mixed prefill-decode, PIECEWISE):  75%|███████▍  | 38/51 [00:02<00:00, 18.12it/s]
[36m(WorkerDict pid=80045)[0m Capturing CUDA graphs (mixed prefill-decode, PIECEWISE):  78%|███████▊  | 40/51 [00:02<00:00, 18.05it/s]
[36m(WorkerDict pid=80045)[0m Capturing CUDA graphs (mixed prefill-decode, PIECEWISE):  82%|████████▏ | 42/51 [00:02<00:00, 18.41it/s]
[36m(WorkerDict pid=80045)[0m Capturing CUDA graphs (mixed prefill-decode, PIECEWISE):  86%|████████▋ | 44/51 [00:02<00:00, 18.53it/s]
[36m(WorkerDict pid=80045)[0m Capturing CUDA graphs (mixed prefill-decode, PIECEWISE):  90%|█████████ | 46/51 [00:02<00:00, 18.10it/s]
[36m(WorkerDict pid=80045)[0m Capturing CUDA graphs (mixed prefill-decode, PIECEWISE):  94%|█████████▍| 48/51 [00:02<00:00, 18.56it/s]
[36m(WorkerDict pid=80045)[0m Capturing CUDA graphs (mixed prefill-decode, PIECEWISE): 100%|██████████| 51/51 [00:02<00:00, 19.92it/s]Capturing CUDA graphs (mixed prefill-decode, PIECEWISE): 100%|██████████| 51/51 [00:02<00:00, 18.14it/s]
[36m(WorkerDict pid=80045)[0m Capturing CUDA graphs (decode, FULL):   0%|          | 0/51 [00:00<?, ?it/s]
[36m(WorkerDict pid=80045)[0m Capturing CUDA graphs (decode, FULL):   8%|▊         | 4/51 [00:00<00:01, 30.61it/s]
[36m(WorkerDict pid=80045)[0m Capturing CUDA graphs (decode, FULL):  16%|█▌        | 8/51 [00:00<00:01, 30.97it/s]
[36m(WorkerDict pid=80045)[0m Capturing CUDA graphs (decode, FULL):  24%|██▎       | 12/51 [00:00<00:01, 31.63it/s]
[36m(WorkerDict pid=80045)[0m Capturing CUDA graphs (decode, FULL):  31%|███▏      | 16/51 [00:00<00:01, 31.07it/s]
[36m(WorkerDict pid=80045)[0m Capturing CUDA graphs (decode, FULL):  39%|███▉      | 20/51 [00:00<00:01, 27.44it/s]
[36m(WorkerDict pid=80045)[0m Capturing CUDA graphs (decode, FULL):  45%|████▌     | 23/51 [00:00<00:01, 26.66it/s]
[36m(WorkerDict pid=80045)[0m Capturing CUDA graphs (decode, FULL):  51%|█████     | 26/51 [00:00<00:00, 26.73it/s]
[36m(WorkerDict pid=80045)[0m Capturing CUDA graphs (decode, FULL):  57%|█████▋    | 29/51 [00:01<00:00, 23.30it/s]
[36m(WorkerDict pid=80045)[0m Capturing CUDA graphs (decode, FULL):  63%|██████▎   | 32/51 [00:01<00:00, 23.38it/s]
[36m(WorkerDict pid=80045)[0m Capturing CUDA graphs (decode, FULL):  71%|███████   | 36/51 [00:01<00:00, 26.00it/s]
[36m(WorkerDict pid=80045)[0m Capturing CUDA graphs (decode, FULL):  78%|███████▊  | 40/51 [00:01<00:00, 28.19it/s]
[36m(WorkerDict pid=80045)[0m Capturing CUDA graphs (decode, FULL):  86%|████████▋ | 44/51 [00:01<00:00, 28.84it/s]
[36m(WorkerDict pid=80045)[0m Capturing CUDA graphs (decode, FULL):  94%|█████████▍| 48/51 [00:01<00:00, 29.74it/s]
[36m(WorkerDict pid=80056)[0m 2026-08-03 05:27:58,186 - INFO - autotuner.py:256 - flashinfer.jit: [Autotuner]: Autotuning process starts ...[32m [repeated 7x across cluster][0m
[36m(WorkerDict pid=80056)[0m 2026-08-03 05:27:58,201 - INFO - autotuner.py:262 - flashinfer.jit: [Autotuner]: Autotuning process ends[32m [repeated 7x across cluster][0m
[36m(WorkerDict pid=80045)[0m Capturing CUDA graphs (decode, FULL): 100%|██████████| 51/51 [00:01<00:00, 28.27it/s]
[36m(WorkerDict pid=80045)[0m /mlx_devbox/users/quyanyi/playground/.venvs/ttrl_h100_cu129/lib/python3.11/site-packages/torch/distributed/fsdp/fully_sharded_data_parallel.py:675: FutureWarning: FSDP.state_dict_type() and FSDP.set_state_dict_type() are being deprecated. Please use APIs, get_state_dict() and set_state_dict(), which can support different parallelisms, FSDP1, FSDP2, DDP. API doc: https://pytorch.org/docs/stable/distributed.checkpoint.html#torch.distributed.checkpoint.state_dict.get_state_dict .Tutorial: https://pytorch.org/tutorials/recipes/distributed_checkpoint_recipe.html .
[36m(WorkerDict pid=80045)[0m   warnings.warn(
[36m(TaskRunner pid=80053)[0m Training Progress:   0%|          | 0/20 [00:00<?, ?it/s]
[36m(TaskRunner pid=80053)[0m WARNING:2026-08-03 05:28:49,746:WARNING: Error in configuration: macro '\frac' failed its substitution!
[36m(WorkerDict pid=80056)[0m /mlx_devbox/users/quyanyi/playground/.venvs/ttrl_h100_cu129/lib/python3.11/site-packages/torch/distributed/fsdp/fully_sharded_data_parallel.py:675: FutureWarning: FSDP.state_dict_type() and FSDP.set_state_dict_type() are being deprecated. Please use APIs, get_state_dict() and set_state_dict(), which can support different parallelisms, FSDP1, FSDP2, DDP. API doc: https://pytorch.org/docs/stable/distributed.checkpoint.html#torch.distributed.checkpoint.state_dict.get_state_dict .Tutorial: https://pytorch.org/tutorials/recipes/distributed_checkpoint_recipe.html .[32m [repeated 7x across cluster][0m
[36m(WorkerDict pid=80056)[0m   warnings.warn([32m [repeated 7x across cluster][0m
[36m(TaskRunner pid=80053)[0m WARNING:2026-08-03 05:28:53,325:WARNING: Error in configuration: macro '\frac' failed its substitution!
[36m(TaskRunner pid=80053)[0m WARNING:2026-08-03 05:28:53,328:WARNING: Error in configuration: macro '\frac' failed its substitution!
[36m(TaskRunner pid=80053)[0m WARNING:2026-08-03 05:31:25,535:WARNING: Error in configuration: macro '\frac' failed its substitution!
[36m(TaskRunner pid=80053)[0m WARNING:2026-08-03 05:31:25,537:WARNING: Error in configuration: macro '\frac' failed its substitution!
[36m(WorkerDict pid=80056)[0m trial-302244509-trialrun-302244509-worker-0:80056:90548 [7] NCCL INFO NCCL_ALGO set by environment to Ring,Tree[32m [repeated 7x across cluster][0m
[36m(WorkerDict pid=80056)[0m trial-302244509-trialrun-302244509-worker-0:80056:90548 [7] NCCL INFO threadThresholds 8/8/64 | 64/8/64 | 512 | 512[32m [repeated 7x across cluster][0m
[36m(WorkerDict pid=80056)[0m trial-302244509-trialrun-302244509-worker-0:80056:90548 [7] NCCL INFO 24 coll channels, 24 collnet channels, 0 nvls channels, 32 p2p channels, 32 p2p channels per peer[32m [repeated 7x across cluster][0m
[36m(WorkerDict pid=80056)[0m trial-302244509-trialrun-302244509-worker-0:80056:90548 [7] NCCL INFO TUNER/Plugin: Could not find: libnccl-tuner.so. Using internal tuner plugin.[32m [repeated 7x across cluster][0m
[36m(WorkerDict pid=80056)[0m trial-302244509-trialrun-302244509-worker-0:80056:90548 [7] NCCL INFO ncclCommInitRankConfig comm 0x145c4c80 rank 7 nranks 8 cudaDev 7 nvmlDev 7 busId 8c000 commId 0xbdea32587fadb08b - Init COMPLETE[32m [repeated 7x across cluster][0m
[36m(WorkerDict pid=80056)[0m trial-302244509-trialrun-302244509-worker-0:80056:90548 [7] NCCL INFO Init timings - ncclCommInitRankConfig: rank 7 nranks 8 total 2.56 (kernels 0.61, alloc 1.07, bootstrap 0.00, allgathers 0.01, topo 0.64, graphs 0.01, connections 0.07, rest 0.15)[32m [repeated 7x across cluster][0m
[36m(WorkerDict pid=80056)[0m trial-302244509-trialrun-302244509-worker-0:80056:90578 [7] NCCL INFO Channel 23/0 : 7[7] -> 0[0] via P2P/CUMEM[32m [repeated 182x across cluster][0m
[36m(WorkerDict pid=80045)[0m Model config after override: Qwen2Config {
[36m(WorkerDict pid=80045)[0m   "architectures": [
[36m(WorkerDict pid=80045)[0m     "Qwen2ForCausalLM"
[36m(WorkerDict pid=80045)[0m   ],
[36m(WorkerDict pid=80045)[0m   "attention_dropout": 0.0,
[36m(WorkerDict pid=80045)[0m   "dtype": "bfloat16",
[36m(WorkerDict pid=80045)[0m   "eos_token_id": 151643,
[36m(WorkerDict pid=80045)[0m   "hidden_act": "silu",
[36m(WorkerDict pid=80045)[0m   "hidden_size": 3584,
[36m(WorkerDict pid=80045)[0m   "initializer_range": 0.02,
[36m(WorkerDict pid=80045)[0m   "intermediate_size": 18944,
[36m(WorkerDict pid=80045)[0m   "layer_types": [
[36m(WorkerDict pid=80045)[0m     "full_attention",
[36m(WorkerDict pid=80045)[0m     "full_attention",
[36m(WorkerDict pid=80045)[0m     "full_attention",
[36m(WorkerDict pid=80045)[0m     "full_attention",
[36m(WorkerDict pid=80045)[0m     "full_attention",
[36m(WorkerDict pid=80045)[0m     "full_attention",
[36m(WorkerDict pid=80045)[0m     "full_attention",
[36m(WorkerDict pid=80045)[0m     "full_attention",
[36m(WorkerDict pid=80045)[0m     "full_attention",
[36m(WorkerDict pid=80045)[0m     "full_attention",
[36m(WorkerDict pid=80045)[0m     "full_attention",
[36m(WorkerDict pid=80045)[0m     "full_attention",
[36m(WorkerDict pid=80045)[0m     "full_attention",
[36m(WorkerDict pid=80045)[0m     "full_attention",
[36m(WorkerDict pid=80045)[0m     "full_attention",
[36m(WorkerDict pid=80045)[0m     "full_attention",
[36m(WorkerDict pid=80045)[0m     "full_attention",
[36m(WorkerDict pid=80045)[0m     "full_attention",
[36m(WorkerDict pid=80045)[0m     "full_attention",
[36m(WorkerDict pid=80045)[0m     "full_attention",
[36m(WorkerDict pid=80045)[0m     "full_attention",
[36m(WorkerDict pid=80045)[0m     "full_attention",
[36m(WorkerDict pid=80045)[0m     "full_attention",
[36m(WorkerDict pid=80045)[0m     "full_attention",
[36m(WorkerDict pid=80045)[0m     "full_attention",
[36m(WorkerDict pid=80045)[0m     "full_attention",
[36m(WorkerDict pid=80045)[0m     "full_attention",
[36m(WorkerDict pid=80045)[0m     "full_attention"
[36m(WorkerDict pid=80045)[0m   ],
[36m(WorkerDict pid=80045)[0m   "max_position_embeddings": 4096,
[36m(WorkerDict pid=80045)[0m   "max_window_layers": 28,
[36m(WorkerDict pid=80045)[0m   "model_type": "qwen2",
[36m(WorkerDict pid=80045)[0m   "num_attention_heads": 28,
[36m(WorkerDict pid=80045)[0m   "num_hidden_layers": 28,
[36m(WorkerDict pid=80045)[0m   "num_key_value_heads": 4,
[36m(WorkerDict pid=80045)[0m   "pad_token_id": 151643,
[36m(WorkerDict pid=80045)[0m   "rms_norm_eps": 1e-06,
[36m(WorkerDict pid=80045)[0m   "rope_scaling": null,
[36m(WorkerDict pid=80045)[0m   "rope_theta": 10000,
[36m(WorkerDict pid=80045)[0m   "sliding_window": null,
[36m(WorkerDict pid=80045)[0m   "tie_word_embeddings": false,
[36m(WorkerDict pid=80045)[0m   "transformers_version": "4.57.3",
[36m(WorkerDict pid=80045)[0m   "use_cache": true,
[36m(WorkerDict pid=80045)[0m   "use_mrope": false,
[36m(WorkerDict pid=80045)[0m   "use_sliding_window": false,
[36m(WorkerDict pid=80045)[0m   "vocab_size": 152064
[36m(WorkerDict pid=80045)[0m }
[36m(WorkerDict pid=80045)[0m 
[36m(WorkerDict pid=80056)[0m trial-302244509-trialrun-302244509-worker-0:80056:90578 [7] NCCL INFO Connected all rings, use ring PXN 0 GDR 1[32m [repeated 7x across cluster][0m
[36m(WorkerDict pid=80051)[0m  Device 5 CPU core 95
[36m(WorkerDict pid=80045)[0m actor attention implementation verified: sdpa
[36m(WorkerDict pid=80045)[0m Monkey patch _flash_attention_forward in transformers.integrations.flash_attention
[36m(WorkerDict pid=80045)[0m Using Triton backend for fused kernels in Qwen2ForCausalLM
[36m(WorkerDict pid=80050)[0m Monkey patch _flash_attention_forward in transformers.integrations.flash_attention
[36m(WorkerDict pid=80050)[0m Using Triton backend for fused kernels in Qwen2ForCausalLM
[36m(WorkerDict pid=80045)[0m Qwen2ForCausalLM contains 7.62B parameters
[36m(WorkerDict pid=80045)[0m wrap_policy: functools.partial(<function _or_policy at 0x7fae2f77cb80>, policies=[functools.partial(<function transformer_auto_wrap_policy at 0x7fae2f77ca40>, transformer_layer_cls={<class 'transformers.models.qwen2.modeling_qwen2.Qwen2DecoderLayer'>})])
[36m(WorkerDict pid=80045)[0m Total steps: 20, num_warmup_steps: 0
[36m(WorkerDict pid=80045)[0m Actor use_remove_padding=True
[36m(WorkerDict pid=80045)[0m Actor use_fused_kernels=True
[36m(WorkerDict pid=80045)[0m [Gloo] Rank 0 is connected to 7 peer ranks. Expected number of connected peer ranks is : 7
[36m(WorkerDict pid=80045)[0m [Gloo] Rank 0 is connected to 0 peer ranks. Expected number of connected peer ranks is : 0
[36m(WorkerDict pid=80054)[0m Monkey patch _flash_attention_forward in transformers.integrations.flash_attention[32m [repeated 6x across cluster][0m
[36m(WorkerDict pid=80054)[0m Using Triton backend for fused kernels in Qwen2ForCausalLM[32m [repeated 6x across cluster][0m
[36m(WorkerDict pid=80045)[0m kwargs: {'n': 1, 'logprobs': 1, 'max_tokens': 3072, 'repetition_penalty': 1.0, 'detokenize': False, 'temperature': 1.0, 'top_k': -1, 'top_p': 1, 'ignore_eos': False}
[36m(WorkerDict pid=80056)[0m [Gloo] Rank 0 is connected to 0 peer ranks. Expected number of connected peer ranks is : 0[32m [repeated 14x across cluster][0m
[36m(TaskRunner pid=80053)[0m [Shutdown] 6 subprocess(es) terminated.
[36m(WorkerDict pid=80056)[0m kwargs: {'n': 1, 'logprobs': 1, 'max_tokens': 3072, 'repetition_penalty': 1.0, 'detokenize': False, 'temperature': 1.0, 'top_k': -1, 'top_p': 1, 'ignore_eos': False}[32m [repeated 7x across cluster][0m
[36m(TaskRunner pid=80053)[0m [Shutdown] 5 subprocess(es) terminated.
[36m(TaskRunner pid=80053)[0m Training Progress:   5%|▌         | 1/20 [03:20<1:03:29, 200.53s/it]
[36m(TaskRunner pid=80053)[0m <string>:1: SymPyDeprecationWarning: 
[36m(TaskRunner pid=80053)[0m 
[36m(TaskRunner pid=80053)[0m Using non-Expr arguments in Pow is deprecated (in this case, one of the
[36m(TaskRunner pid=80053)[0m arguments is of type 'FiniteSet').
[36m(TaskRunner pid=80053)[0m 
[36m(TaskRunner pid=80053)[0m If you really did intend to construct a power with this base, use the **
[36m(TaskRunner pid=80053)[0m operator instead.
[36m(TaskRunner pid=80053)[0m 
[36m(TaskRunner pid=80053)[0m See https://docs.sympy.org/latest/explanation/active-deprecations.html#non-expr-args-deprecated
[36m(TaskRunner pid=80053)[0m for details.
[36m(TaskRunner pid=80053)[0m 
[36m(TaskRunner pid=80053)[0m This has been deprecated since SymPy version 1.7. It
[36m(TaskRunner pid=80053)[0m will be removed in a future version of SymPy.
[36m(TaskRunner pid=80053)[0m 
[36m(TaskRunner pid=80053)[0m <string>:1: SymPyDeprecationWarning: 
[36m(TaskRunner pid=80053)[0m 
[36m(TaskRunner pid=80053)[0m Using non-Expr arguments in Pow is deprecated (in this case, one of the
[36m(TaskRunner pid=80053)[0m arguments is of type 'FiniteSet').
[36m(TaskRunner pid=80053)[0m 
[36m(TaskRunner pid=80053)[0m If you really did intend to construct a power with this base, use the **
[36m(TaskRunner pid=80053)[0m operator instead.
[36m(TaskRunner pid=80053)[0m 
[36m(TaskRunner pid=80053)[0m See https://docs.sympy.org/latest/explanation/active-deprecations.html#non-expr-args-deprecated
[36m(TaskRunner pid=80053)[0m for details.
[36m(TaskRunner pid=80053)[0m 
[36m(TaskRunner pid=80053)[0m This has been deprecated since SymPy version 1.7. It
[36m(TaskRunner pid=80053)[0m will be removed in a future version of SymPy.
[36m(TaskRunner pid=80053)[0m 
[36m(TaskRunner pid=80053)[0m /usr/local/lib/python3.11/dist-packages/sympy/core/power.py:1257: SymPyDeprecationWarning: 
[36m(TaskRunner pid=80053)[0m 
[36m(TaskRunner pid=80053)[0m Using non-Expr arguments in Pow is deprecated (in this case, one of the
[36m(TaskRunner pid=80053)[0m arguments is of type 'FiniteSet').
[36m(TaskRunner pid=80053)[0m 
[36m(TaskRunner pid=80053)[0m If you really did intend to construct a power with this base, use the **
[36m(TaskRunner pid=80053)[0m operator instead.
[36m(TaskRunner pid=80053)[0m 
[36m(TaskRunner pid=80053)[0m See https://docs.sympy.org/latest/explanation/active-deprecations.html#non-expr-args-deprecated
[36m(TaskRunner pid=80053)[0m for details.
[36m(TaskRunner pid=80053)[0m 
[36m(TaskRunner pid=80053)[0m This has been deprecated since SymPy version 1.7. It
[36m(TaskRunner pid=80053)[0m will be removed in a future version of SymPy.
[36m(TaskRunner pid=80053)[0m 
[36m(TaskRunner pid=80053)[0m   p = self.func(*self.as_base_exp())  # in case it's unevaluated
[36m(TaskRunner pid=80053)[0m /usr/local/lib/python3.11/dist-packages/sympy/core/power.py:1257: SymPyDeprecationWarning: 
[36m(TaskRunner pid=80053)[0m 
[36m(TaskRunner pid=80053)[0m Using non-Expr arguments in Pow is deprecated (in this case, one of the
[36m(TaskRunner pid=80053)[0m arguments is of type 'FiniteSet').
[36m(TaskRunner pid=80053)[0m 
[36m(TaskRunner pid=80053)[0m If you really did intend to construct a power with this base, use the **
[36m(TaskRunner pid=80053)[0m operator instead.
[36m(TaskRunner pid=80053)[0m 
[36m(TaskRunner pid=80053)[0m See https://docs.sympy.org/latest/explanation/active-deprecations.html#non-expr-args-deprecated
[36m(TaskRunner pid=80053)[0m for details.
[36m(TaskRunner pid=80053)[0m 
[36m(TaskRunner pid=80053)[0m This has been deprecated since SymPy version 1.7. It
[36m(TaskRunner pid=80053)[0m will be removed in a future version of SymPy.
[36m(TaskRunner pid=80053)[0m 
[36m(TaskRunner pid=80053)[0m   p = self.func(*self.as_base_exp())  # in case it's unevaluated
[36m(TaskRunner pid=80053)[0m <string>:1: SymPyDeprecationWarning: 
[36m(TaskRunner pid=80053)[0m 
[36m(TaskRunner pid=80053)[0m Using non-Expr arguments in Pow is deprecated (in this case, one of the
[36m(TaskRunner pid=80053)[0m arguments is of type 'FiniteSet').
[36m(TaskRunner pid=80053)[0m 
[36m(TaskRunner pid=80053)[0m If you really did intend to construct a power with this base, use the **
[36m(TaskRunner pid=80053)[0m operator instead.
[36m(TaskRunner pid=80053)[0m 
[36m(TaskRunner pid=80053)[0m See https://docs.sympy.org/latest/explanation/active-deprecations.html#non-expr-args-deprecated
[36m(TaskRunner pid=80053)[0m for details.
[36m(TaskRunner pid=80053)[0m 
[36m(TaskRunner pid=80053)[0m This has been deprecated since SymPy version 1.7. It
[36m(TaskRunner pid=80053)[0m will be removed in a future version of SymPy.
[36m(TaskRunner pid=80053)[0m 
[36m(TaskRunner pid=80053)[0m /usr/local/lib/python3.11/dist-packages/sympy/core/power.py:1257: SymPyDeprecationWarning: 
[36m(TaskRunner pid=80053)[0m 
[36m(TaskRunner pid=80053)[0m Using non-Expr arguments in Pow is deprecated (in this case, one of the
[36m(TaskRunner pid=80053)[0m arguments is of type 'FiniteSet').
[36m(TaskRunner pid=80053)[0m 
[36m(TaskRunner pid=80053)[0m If you really did intend to construct a power with this base, use the **
[36m(TaskRunner pid=80053)[0m operator instead.
[36m(TaskRunner pid=80053)[0m 
[36m(TaskRunner pid=80053)[0m See https://docs.sympy.org/latest/explanation/active-deprecations.html#non-expr-args-deprecated
[36m(TaskRunner pid=80053)[0m for details.
[36m(TaskRunner pid=80053)[0m 
[36m(TaskRunner pid=80053)[0m This has been deprecated since SymPy version 1.7. It
[36m(TaskRunner pid=80053)[0m will be removed in a future version of SymPy.
[36m(TaskRunner pid=80053)[0m 
[36m(TaskRunner pid=80053)[0m   p = self.func(*self.as_base_exp())  # in case it's unevaluated
[36m(TaskRunner pid=80053)[0m <string>:1: SymPyDeprecationWarning: 
[36m(TaskRunner pid=80053)[0m 
[36m(TaskRunner pid=80053)[0m Using non-Expr arguments in Pow is deprecated (in this case, one of the
[36m(TaskRunner pid=80053)[0m arguments is of type 'FiniteSet').
[36m(TaskRunner pid=80053)[0m 
[36m(TaskRunner pid=80053)[0m If you really did intend to construct a power with this base, use the **
[36m(TaskRunner pid=80053)[0m operator instead.
[36m(TaskRunner pid=80053)[0m 
[36m(TaskRunner pid=80053)[0m See https://docs.sympy.org/latest/explanation/active-deprecations.html#non-expr-args-deprecated
[36m(TaskRunner pid=80053)[0m for details.
[36m(TaskRunner pid=80053)[0m 
[36m(TaskRunner pid=80053)[0m This has been deprecated since SymPy version 1.7. It
[36m(TaskRunner pid=80053)[0m will be removed in a future version of SymPy.
[36m(TaskRunner pid=80053)[0m 
[36m(TaskRunner pid=80053)[0m <string>:1: SymPyDeprecationWarning: 
[36m(TaskRunner pid=80053)[0m 
[36m(TaskRunner pid=80053)[0m Using non-Expr arguments in Pow is deprecated (in this case, one of the
[36m(TaskRunner pid=80053)[0m arguments is of type 'FiniteSet').
[36m(TaskRunner pid=80053)[0m 
[36m(TaskRunner pid=80053)[0m If you really did intend to construct a power with this base, use the **
[36m(TaskRunner pid=80053)[0m operator instead.
[36m(TaskRunner pid=80053)[0m 
[36m(TaskRunner pid=80053)[0m See https://docs.sympy.org/latest/explanation/active-deprecations.html#non-expr-args-deprecated
[36m(TaskRunner pid=80053)[0m for details.
[36m(TaskRunner pid=80053)[0m 
[36m(TaskRunner pid=80053)[0m This has been deprecated since SymPy version 1.7. It
[36m(TaskRunner pid=80053)[0m will be removed in a future version of SymPy.
[36m(TaskRunner pid=80053)[0m 
[36m(TaskRunner pid=80053)[0m /usr/local/lib/python3.11/dist-packages/sympy/core/power.py:1257: SymPyDeprecationWarning: 
[36m(TaskRunner pid=80053)[0m 
[36m(TaskRunner pid=80053)[0m Using non-Expr arguments in Pow is deprecated (in this case, one of the
[36m(TaskRunner pid=80053)[0m arguments is of type 'FiniteSet').
[36m(TaskRunner pid=80053)[0m 
[36m(TaskRunner pid=80053)[0m If you really did intend to construct a power with this base, use the **
[36m(TaskRunner pid=80053)[0m operator instead.
[36m(TaskRunner pid=80053)[0m 
[36m(TaskRunner pid=80053)[0m See https://docs.sympy.org/latest/explanation/active-deprecations.html#non-expr-args-deprecated
[36m(TaskRunner pid=80053)[0m for details.
[36m(TaskRunner pid=80053)[0m 
[36m(TaskRunner pid=80053)[0m This has been deprecated since SymPy version 1.7. It
[36m(TaskRunner pid=80053)[0m will be removed in a future version of SymPy.
[36m(TaskRunner pid=80053)[0m 
[36m(TaskRunner pid=80053)[0m   p = self.func(*self.as_base_exp())  # in case it's unevaluated
[36m(TaskRunner pid=80053)[0m <string>:1: SymPyDeprecationWarning: 
[36m(TaskRunner pid=80053)[0m 
[36m(TaskRunner pid=80053)[0m Using non-Expr arguments in Pow is deprecated (in this case, one of the
[36m(TaskRunner pid=80053)[0m arguments is of type 'FiniteSet').
[36m(TaskRunner pid=80053)[0m 
[36m(TaskRunner pid=80053)[0m If you really did intend to construct a power with this base, use the **
[36m(TaskRunner pid=80053)[0m operator instead.
[36m(TaskRunner pid=80053)[0m 
[36m(TaskRunner pid=80053)[0m See https://docs.sympy.org/latest/explanation/active-deprecations.html#non-expr-args-deprecated
[36m(TaskRunner pid=80053)[0m for details.
[36m(TaskRunner pid=80053)[0m 
[36m(TaskRunner pid=80053)[0m This has been deprecated since SymPy version 1.7. It
[36m(TaskRunner pid=80053)[0m will be removed in a future version of SymPy.
[36m(TaskRunner pid=80053)[0m 
[36m(TaskRunner pid=80053)[0m <string>:1: SymPyDeprecationWarning: 
[36m(TaskRunner pid=80053)[0m 
[36m(TaskRunner pid=80053)[0m Using non-Expr arguments in Pow is deprecated (in this case, one of the
[36m(TaskRunner pid=80053)[0m arguments is of type 'FiniteSet').
[36m(TaskRunner pid=80053)[0m 
[36m(TaskRunner pid=80053)[0m If you really did intend to construct a power with this base, use the **
[36m(TaskRunner pid=80053)[0m operator instead.
[36m(TaskRunner pid=80053)[0m 
[36m(TaskRunner pid=80053)[0m See https://docs.sympy.org/latest/explanation/active-deprecations.html#non-expr-args-deprecated
[36m(TaskRunner pid=80053)[0m for details.
[36m(TaskRunner pid=80053)[0m 
[36m(TaskRunner pid=80053)[0m This has been deprecated since SymPy version 1.7. It
[36m(TaskRunner pid=80053)[0m will be removed in a future version of SymPy.
[36m(TaskRunner pid=80053)[0m 
[36m(TaskRunner pid=80053)[0m Training Progress:  10%|█         | 2/20 [05:49<50:58, 169.94s/it]  
[36m(TaskRunner pid=80053)[0m <string>:1: SymPyDeprecationWarning: 
[36m(TaskRunner pid=80053)[0m 
[36m(TaskRunner pid=80053)[0m Using non-Expr arguments in Pow is deprecated (in this case, one of the
[36m(TaskRunner pid=80053)[0m arguments is of type 'FiniteSet').
[36m(TaskRunner pid=80053)[0m 
[36m(TaskRunner pid=80053)[0m If you really did intend to construct a power with this base, use the **
[36m(TaskRunner pid=80053)[0m operator instead.
[36m(TaskRunner pid=80053)[0m 
[36m(TaskRunner pid=80053)[0m See https://docs.sympy.org/latest/explanation/active-deprecations.html#non-expr-args-deprecated
[36m(TaskRunner pid=80053)[0m for details.
[36m(TaskRunner pid=80053)[0m 
[36m(TaskRunner pid=80053)[0m This has been deprecated since SymPy version 1.7. It
[36m(TaskRunner pid=80053)[0m will be removed in a future version of SymPy.
[36m(TaskRunner pid=80053)[0m 
[36m(TaskRunner pid=80053)[0m <string>:1: SymPyDeprecationWarning: 
[36m(TaskRunner pid=80053)[0m 
[36m(TaskRunner pid=80053)[0m Using non-Expr arguments in Mul is deprecated (in this case, one of
[36m(TaskRunner pid=80053)[0m the arguments has type 'Tuple').
[36m(TaskRunner pid=80053)[0m 
[36m(TaskRunner pid=80053)[0m If you really did intend to use a multiplication or addition operation with
[36m(TaskRunner pid=80053)[0m this object, use the * or + operator instead.
[36m(TaskRunner pid=80053)[0m 
[36m(TaskRunner pid=80053)[0m See https://docs.sympy.org/latest/explanation/active-deprecations.html#non-expr-args-deprecated
[36m(TaskRunner pid=80053)[0m for details.
[36m(TaskRunner pid=80053)[0m 
[36m(TaskRunner pid=80053)[0m This has been deprecated since SymPy version 1.7. It
[36m(TaskRunner pid=80053)[0m will be removed in a future version of SymPy.
[36m(TaskRunner pid=80053)[0m 
[36m(TaskRunner pid=80053)[0m /usr/local/lib/python3.11/dist-packages/sympy/simplify/radsimp.py:1138: SymPyDeprecationWarning: 
[36m(TaskRunner pid=80053)[0m 
[36m(TaskRunner pid=80053)[0m Using non-Expr arguments in Mul is deprecated (in this case, one of
[36m(TaskRunner pid=80053)[0m the arguments has type 'Tuple').
[36m(TaskRunner pid=80053)[0m 
[36m(TaskRunner pid=80053)[0m If you really did intend to use a multiplication or addition operation with
[36m(TaskRunner pid=80053)[0m this object, use the * or + operator instead.
[36m(TaskRunner pid=80053)[0m 
[36m(TaskRunner pid=80053)[0m See https://docs.sympy.org/latest/explanation/active-deprecations.html#non-expr-args-deprecated
[36m(TaskRunner pid=80053)[0m for details.
[36m(TaskRunner pid=80053)[0m 
[36m(TaskRunner pid=80053)[0m This has been deprecated since SymPy version 1.7. It
[36m(TaskRunner pid=80053)[0m will be removed in a future version of SymPy.
[36m(TaskRunner pid=80053)[0m 
[36m(TaskRunner pid=80053)[0m   return Mul(*numer, evaluate=not exact), Mul(*denom, evaluate=not exact)
[36m(TaskRunner pid=80053)[0m Training Progress:  15%|█▌        | 3/20 [08:09<44:20, 156.53s/it]
[36m(TaskRunner pid=80053)[0m step:1 - global_seqlen/min:102281.000 - global_seqlen/max:155693.000 - global_seqlen/minmax_diff:53412.000 - global_seqlen/balanced_min:136409.000 - global_seqlen/balanced_max:136409.000 - global_seqlen/mean:136409.000 - training/rollout_probs_diff_max:0.000 - training/rollout_probs_diff_mean:0.000 - training/rollout_probs_diff_std:0.000 - train/sharpened_reward:0.364 - train/sharpened_coverage:0.656 - train/sharpened_top_prob:0.459 - train/sharpened_entropy:0.060 - train/sharpened_negative_rate:0.000 - train/sharpened_label_hit:0.594 - train/sharpened_negative_hit:0.000 - actor/pg_loss:0.150 - actor/pg_clipfrac:0.002 - actor/ppo_kl:0.001 - actor/pg_clipfrac_lower:0.000 - actor/kl_loss:0.000 - actor/kl_coef:0.001 - actor/grad_norm:3.700 - perf/mfu/actor:0.058 - perf/max_memory_allocated_gb:74.738 - perf/max_memory_reserved_gb:90.396 - perf/cpu_memory_used_gb:329.546 - actor/lr:0.000 - train/label_accuracy:0.750 - train/reward_accuracy:0.694 - train/majority_voting_reward:0.364 - train/ground_truth_reward:0.356 - train/pass@32:0.906 - train/majority_ratio:0.351 - training/global_step:1.000 - training/epoch:0.000 - critic/score/mean:0.364 - critic/score/max:1.000 - critic/score/min:0.000 - critic/rewards/mean:0.364 - critic/rewards/max:1.000 - critic/rewards/min:0.000 - critic/advantages/mean:-0.221 - critic/advantages/max:3.812 - critic/advantages/min:-1.574 - critic/returns/mean:-0.221 - critic/returns/max:3.812 - critic/returns/min:-1.574 - response_length/mean:976.195 - response_length/max:3072.000 - response_length/min:2.000 - response_length/clip_ratio:0.077 - prompt_length/mean:89.500 - prompt_length/max:262.000 - prompt_length/min:47.000 - prompt_length/clip_ratio:0.000 - timing_s/generate_sequences:31.193 - timing_s/reshard:0.434 - timing_s/gen:37.761 - timing_s/reward:2.914 - timing_s/old_log_prob:0.048 - timing_s/ref:34.804 - timing_s/adv:0.026 - timing_s/update_actor:113.715 - timing_s/step:200.303 - timing_per_token_ms/ref:0.032 - timing_per_token_ms/adv:0.000 - timing_per_token_ms/update_actor:0.104 - timing_per_token_ms/gen:0.038 - perf/total_num_tokens:1091272.000 - perf/time_per_step:200.303 - perf/throughput:681.013
[36m(TaskRunner pid=80053)[0m [Shutdown] 6 subprocess(es) terminated.
[36m(TaskRunner pid=80053)[0m [Shutdown] 8 subprocess(es) terminated.
[36m(TaskRunner pid=80053)[0m step:2 - global_seqlen/min:116154.000 - global_seqlen/max:167475.000 - global_seqlen/minmax_diff:51321.000 - global_seqlen/balanced_min:141529.000 - global_seqlen/balanced_max:141530.000 - global_seqlen/mean:141529.875 - training/rollout_probs_diff_max:0.000 - training/rollout_probs_diff_mean:0.000 - training/rollout_probs_diff_std:0.000 - train/sharpened_reward:0.415 - train/sharpened_coverage:0.656 - train/sharpened_top_prob:0.501 - train/sharpened_entropy:0.059 - train/sharpened_negative_rate:0.000 - train/sharpened_label_hit:0.594 - train/sharpened_negative_hit:0.000 - actor/pg_loss:0.084 - actor/pg_clipfrac:0.002 - actor/ppo_kl:0.001 - actor/pg_clipfrac_lower:0.000 - actor/kl_loss:0.001 - actor/kl_coef:0.001 - actor/grad_norm:3.200 - perf/mfu/actor:0.089 - perf/max_memory_allocated_gb:74.738 - perf/max_memory_reserved_gb:90.396 - perf/cpu_memory_used_gb:330.095 - actor/lr:0.000 - train/label_accuracy:0.750 - train/reward_accuracy:0.716 - train/majority_voting_reward:0.415 - train/ground_truth_reward:0.400 - train/pass@32:0.938 - train/majority_ratio:0.415 - training/global_step:2.000 - training/epoch:0.000 - critic/score/mean:0.415 - critic/score/max:1.000 - critic/score/min:0.000 - critic/rewards/mean:0.415 - critic/rewards/max:1.000 - critic/rewards/min:0.000 - critic/advantages/mean:-0.219 - critic/advantages/max:3.812 - critic/advantages/min:-2.287 - critic/returns/mean:-0.219 - critic/returns/max:3.812 - critic/returns/min:-2.287 - response_length/mean:1017.765 - response_length/max:3072.000 - response_length/min:7.000 - response_length/clip_ratio:0.077 - prompt_length/mean:87.938 - prompt_length/max:202.000 - prompt_length/min:42.000 - prompt_length/clip_ratio:0.000 - timing_s/generate_sequences:28.005 - timing_s/reshard:1.244 - timing_s/gen:35.007 - timing_s/reward:3.345 - timing_s/old_log_prob:0.049 - timing_s/ref:23.394 - timing_s/adv:0.028 - timing_s/update_actor:77.253 - timing_s/step:148.473 - timing_per_token_ms/ref:0.021 - timing_per_token_ms/adv:0.000 - timing_per_token_ms/update_actor:0.068 - timing_per_token_ms/gen:0.034 - perf/total_num_tokens:1132239.000 - perf/time_per_step:148.473 - perf/throughput:953.236
[36m(TaskRunner pid=80053)[0m [Shutdown] 5 subprocess(es) terminated.
[36m(TaskRunner pid=80053)[0m [Shutdown] 10 subprocess(es) terminated.
[36m(TaskRunner pid=80053)[0m step:3 - global_seqlen/min:94270.000 - global_seqlen/max:165379.000 - global_seqlen/minmax_diff:71109.000 - global_seqlen/balanced_min:136262.000 - global_seqlen/balanced_max:136263.000 - global_seqlen/mean:136262.500 - training/rollout_probs_diff_max:0.000 - training/rollout_probs_diff_mean:0.000 - training/rollout_probs_diff_std:0.000 - train/sharpened_reward:0.457 - train/sharpened_coverage:0.781 - train/sharpened_top_prob:0.539 - train/sharpened_entropy:0.070 - train/sharpened_negative_rate:0.000 - train/sharpened_label_hit:0.750 - train/sharpened_negative_hit:0.000 - actor/pg_loss:0.013 - actor/pg_clipfrac:0.002 - actor/ppo_kl:0.001 - actor/pg_clipfrac_lower:0.000 - actor/kl_loss:0.001 - actor/kl_coef:0.001 - actor/grad_norm:2.716 - perf/mfu/actor:0.091 - perf/max_memory_allocated_gb:74.738 - perf/max_memory_reserved_gb:90.396 - perf/cpu_memory_used_gb:330.265 - actor/lr:0.000 - train/label_accuracy:0.906 - train/reward_accuracy:0.716 - train/majority_voting_reward:0.457 - train/ground_truth_reward:0.458 - train/pass@32:0.938 - train/majority_ratio:0.446 - training/global_step:3.000 - training/epoch:0.000 - critic/score/mean:0.457 - critic/score/max:1.000 - critic/score/min:0.000 - critic/rewards/mean:0.457 - critic/rewards/max:1.000 - critic/rewards/min:0.000 - critic/advantages/mean:-0.243 - critic/advantages/max:3.060 - critic/advantages/min:-1.860 - critic/returns/mean:-0.243 - critic/returns/max:3.060 - critic/returns/min:-1.860 - response_length/mean:952.301 - response_length/max:3072.000 - response_length/min:2.000 - response_length/clip_ratio:0.069 - prompt_length/mean:112.250 - prompt_length/max:695.000 - prompt_length/min:44.000 - prompt_length/clip_ratio:0.000 - timing_s/generate_sequences:27.209 - timing_s/reshard:0.767 - timing_s/gen:33.708 - timing_s/reward:3.708 - timing_s/old_log_prob:0.046 - timing_s/ref:21.978 - timing_s/adv:0.027 - timing_s/update_actor:72.779 - timing_s/step:140.499 - timing_per_token_ms/ref:0.020 - timing_per_token_ms/adv:0.000 - timing_per_token_ms/update_actor:0.067 - timing_per_token_ms/gen:0.035 - perf/total_num_tokens:1090100.000 - perf/time_per_step:140.499 - perf/throughput:969.848
[36m(TaskRunner pid=80053)[0m [Shutdown] 7 subprocess(es) terminated.
[36m(TaskRunner pid=80053)[0m [Shutdown] 4 subprocess(es) terminated.
[36m(TaskRunner pid=80053)[0m Training Progress:  20%|██        | 4/20 [10:39<41:01, 153.83s/it]
[36m(TaskRunner pid=80053)[0m <string>:1: SymPyDeprecationWarning: 
[36m(TaskRunner pid=80053)[0m 
[36m(TaskRunner pid=80053)[0m Using non-Expr arguments in Pow is deprecated (in this case, one of the
[36m(TaskRunner pid=80053)[0m arguments is of type 'FiniteSet').
[36m(TaskRunner pid=80053)[0m 
[36m(TaskRunner pid=80053)[0m If you really did intend to construct a power with this base, use the **
[36m(TaskRunner pid=80053)[0m operator instead.
[36m(TaskRunner pid=80053)[0m 
[36m(TaskRunner pid=80053)[0m See https://docs.sympy.org/latest/explanation/active-deprecations.html#non-expr-args-deprecated
[36m(TaskRunner pid=80053)[0m for details.
[36m(TaskRunner pid=80053)[0m 
[36m(TaskRunner pid=80053)[0m This has been deprecated since SymPy version 1.7. It
[36m(TaskRunner pid=80053)[0m will be removed in a future version of SymPy.
[36m(TaskRunner pid=80053)[0m 
[36m(TaskRunner pid=80053)[0m <string>:1: SymPyDeprecationWarning: 
[36m(TaskRunner pid=80053)[0m 
[36m(TaskRunner pid=80053)[0m Using non-Expr arguments in Pow is deprecated (in this case, one of the
[36m(TaskRunner pid=80053)[0m arguments is of type 'FiniteSet').
[36m(TaskRunner pid=80053)[0m 
[36m(TaskRunner pid=80053)[0m If you really did intend to construct a power with this base, use the **
[36m(TaskRunner pid=80053)[0m operator instead.
[36m(TaskRunner pid=80053)[0m 
[36m(TaskRunner pid=80053)[0m See https://docs.sympy.org/latest/explanation/active-deprecations.html#non-expr-args-deprecated
[36m(TaskRunner pid=80053)[0m for details.
[36m(TaskRunner pid=80053)[0m 
[36m(TaskRunner pid=80053)[0m This has been deprecated since SymPy version 1.7. It
[36m(TaskRunner pid=80053)[0m will be removed in a future version of SymPy.
[36m(TaskRunner pid=80053)[0m 
[36m(TaskRunner pid=80053)[0m <string>:1: SymPyDeprecationWarning: 
[36m(TaskRunner pid=80053)[0m 
[36m(TaskRunner pid=80053)[0m Using non-Expr arguments in Pow is deprecated (in this case, one of the
[36m(TaskRunner pid=80053)[0m arguments is of type 'FiniteSet').
[36m(TaskRunner pid=80053)[0m 
[36m(TaskRunner pid=80053)[0m If you really did intend to construct a power with this base, use the **
[36m(TaskRunner pid=80053)[0m operator instead.
[36m(TaskRunner pid=80053)[0m 
[36m(TaskRunner pid=80053)[0m See https://docs.sympy.org/latest/explanation/active-deprecations.html#non-expr-args-deprecated
[36m(TaskRunner pid=80053)[0m for details.
[36m(TaskRunner pid=80053)[0m 
[36m(TaskRunner pid=80053)[0m This has been deprecated since SymPy version 1.7. It
[36m(TaskRunner pid=80053)[0m will be removed in a future version of SymPy.
[36m(TaskRunner pid=80053)[0m 
[36m(TaskRunner pid=80053)[0m <string>:1: SymPyDeprecationWarning: 
[36m(TaskRunner pid=80053)[0m 
[36m(TaskRunner pid=80053)[0m Using non-Expr arguments in Pow is deprecated (in this case, one of the
[36m(TaskRunner pid=80053)[0m arguments is of type 'FiniteSet').
[36m(TaskRunner pid=80053)[0m 
[36m(TaskRunner pid=80053)[0m If you really did intend to construct a power with this base, use the **
[36m(TaskRunner pid=80053)[0m operator instead.
[36m(TaskRunner pid=80053)[0m 
[36m(TaskRunner pid=80053)[0m See https://docs.sympy.org/latest/explanation/active-deprecations.html#non-expr-args-deprecated
[36m(TaskRunner pid=80053)[0m for details.
[36m(TaskRunner pid=80053)[0m 
[36m(TaskRunner pid=80053)[0m This has been deprecated since SymPy version 1.7. It
[36m(TaskRunner pid=80053)[0m will be removed in a future version of SymPy.
[36m(TaskRunner pid=80053)[0m 
[36m(TaskRunner pid=80053)[0m <string>:1: SymPyDeprecationWarning: 
[36m(TaskRunner pid=80053)[0m 
[36m(TaskRunner pid=80053)[0m Using non-Expr arguments in Pow is deprecated (in this case, one of the
[36m(TaskRunner pid=80053)[0m arguments is of type 'FiniteSet').
[36m(TaskRunner pid=80053)[0m 
[36m(TaskRunner pid=80053)[0m If you really did intend to construct a power with this base, use the **
[36m(TaskRunner pid=80053)[0m operator instead.
[36m(TaskRunner pid=80053)[0m 
[36m(TaskRunner pid=80053)[0m See https://docs.sympy.org/latest/explanation/active-deprecations.html#non-expr-args-deprecated
[36m(TaskRunner pid=80053)[0m for details.
[36m(TaskRunner pid=80053)[0m 
[36m(TaskRunner pid=80053)[0m This has been deprecated since SymPy version 1.7. It
[36m(TaskRunner pid=80053)[0m will be removed in a future version of SymPy.
[36m(TaskRunner pid=80053)[0m 
[36m(TaskRunner pid=80053)[0m Training Progress:  25%|██▌       | 5/20 [12:52<36:36, 146.44s/it]
[36m(TaskRunner pid=80053)[0m <string>:1: SymPyDeprecationWarning: 
[36m(TaskRunner pid=80053)[0m 
[36m(TaskRunner pid=80053)[0m Using non-Expr arguments in Pow is deprecated (in this case, one of the
[36m(TaskRunner pid=80053)[0m arguments is of type 'FiniteSet').
[36m(TaskRunner pid=80053)[0m 
[36m(TaskRunner pid=80053)[0m If you really did intend to construct a power with this base, use the **
[36m(TaskRunner pid=80053)[0m operator instead.
[36m(TaskRunner pid=80053)[0m 
[36m(TaskRunner pid=80053)[0m See https://docs.sympy.org/latest/explanation/active-deprecations.html#non-expr-args-deprecated
[36m(TaskRunner pid=80053)[0m for details.
[36m(TaskRunner pid=80053)[0m 
[36m(TaskRunner pid=80053)[0m This has been deprecated since SymPy version 1.7. It
[36m(TaskRunner pid=80053)[0m will be removed in a future version of SymPy.
[36m(TaskRunner pid=80053)[0m 
[36m(TaskRunner pid=80053)[0m <string>:1: SymPyDeprecationWarning: 
[36m(TaskRunner pid=80053)[0m 
[36m(TaskRunner pid=80053)[0m Using non-Expr arguments in Mul is deprecated (in this case, one of
[36m(TaskRunner pid=80053)[0m the arguments has type 'Tuple').
[36m(TaskRunner pid=80053)[0m 
[36m(TaskRunner pid=80053)[0m If you really did intend to use a multiplication or addition operation with
[36m(TaskRunner pid=80053)[0m this object, use the * or + operator instead.
[36m(TaskRunner pid=80053)[0m 
[36m(TaskRunner pid=80053)[0m See https://docs.sympy.org/latest/explanation/active-deprecations.html#non-expr-args-deprecated
[36m(TaskRunner pid=80053)[0m for details.
[36m(TaskRunner pid=80053)[0m 
[36m(TaskRunner pid=80053)[0m This has been deprecated since SymPy version 1.7. It
[36m(TaskRunner pid=80053)[0m will be removed in a future version of SymPy.
[36m(TaskRunner pid=80053)[0m 
[36m(TaskRunner pid=80053)[0m <string>:1: SymPyDeprecationWarning: 
[36m(TaskRunner pid=80053)[0m 
[36m(TaskRunner pid=80053)[0m Using non-Expr arguments in Pow is deprecated (in this case, one of the
[36m(TaskRunner pid=80053)[0m arguments is of type 'FiniteSet').
[36m(TaskRunner pid=80053)[0m 
[36m(TaskRunner pid=80053)[0m If you really did intend to construct a power with this base, use the **
[36m(TaskRunner pid=80053)[0m operator instead.
[36m(TaskRunner pid=80053)[0m 
[36m(TaskRunner pid=80053)[0m See https://docs.sympy.org/latest/explanation/active-deprecations.html#non-expr-args-deprecated
[36m(TaskRunner pid=80053)[0m for details.
[36m(TaskRunner pid=80053)[0m 
[36m(TaskRunner pid=80053)[0m This has been deprecated since SymPy version 1.7. It
[36m(TaskRunner pid=80053)[0m will be removed in a future version of SymPy.
[36m(TaskRunner pid=80053)[0m 
[36m(TaskRunner pid=80053)[0m /usr/local/lib/python3.11/dist-packages/sympy/simplify/radsimp.py:1138: SymPyDeprecationWarning: 
[36m(TaskRunner pid=80053)[0m 
[36m(TaskRunner pid=80053)[0m Using non-Expr arguments in Mul is deprecated (in this case, one of
[36m(TaskRunner pid=80053)[0m the arguments has type 'Tuple').
[36m(TaskRunner pid=80053)[0m 
[36m(TaskRunner pid=80053)[0m If you really did intend to use a multiplication or addition operation with
[36m(TaskRunner pid=80053)[0m this object, use the * or + operator instead.
[36m(TaskRunner pid=80053)[0m 
[36m(TaskRunner pid=80053)[0m See https://docs.sympy.org/latest/explanation/active-deprecations.html#non-expr-args-deprecated
[36m(TaskRunner pid=80053)[0m for details.
[36m(TaskRunner pid=80053)[0m 
[36m(TaskRunner pid=80053)[0m This has been deprecated since SymPy version 1.7. It
[36m(TaskRunner pid=80053)[0m will be removed in a future version of SymPy.
[36m(TaskRunner pid=80053)[0m 
[36m(TaskRunner pid=80053)[0m   return Mul(*numer, evaluate=not exact), Mul(*denom, evaluate=not exact)
[36m(TaskRunner pid=80053)[0m <string>:1: SymPyDeprecationWarning: 
[36m(TaskRunner pid=80053)[0m 
[36m(TaskRunner pid=80053)[0m Using non-Expr arguments in Pow is deprecated (in this case, one of the
[36m(TaskRunner pid=80053)[0m arguments is of type 'FiniteSet').
[36m(TaskRunner pid=80053)[0m 
[36m(TaskRunner pid=80053)[0m If you really did intend to construct a power with this base, use the **
[36m(TaskRunner pid=80053)[0m operator instead.
[36m(TaskRunner pid=80053)[0m 
[36m(TaskRunner pid=80053)[0m See https://docs.sympy.org/latest/explanation/active-deprecations.html#non-expr-args-deprecated
[36m(TaskRunner pid=80053)[0m for details.
[36m(TaskRunner pid=80053)[0m 
[36m(TaskRunner pid=80053)[0m This has been deprecated since SymPy version 1.7. It
[36m(TaskRunner pid=80053)[0m will be removed in a future version of SymPy.
[36m(TaskRunner pid=80053)[0m 
[36m(TaskRunner pid=80053)[0m <string>:1: SymPyDeprecationWarning: 
[36m(TaskRunner pid=80053)[0m 
[36m(TaskRunner pid=80053)[0m Using non-Expr arguments in Mul is deprecated (in this case, one of
[36m(TaskRunner pid=80053)[0m the arguments has type 'Tuple').
[36m(TaskRunner pid=80053)[0m 
[36m(TaskRunner pid=80053)[0m If you really did intend to use a multiplication or addition operation with
[36m(TaskRunner pid=80053)[0m this object, use the * or + operator instead.
[36m(TaskRunner pid=80053)[0m 
[36m(TaskRunner pid=80053)[0m See https://docs.sympy.org/latest/explanation/active-deprecations.html#non-expr-args-deprecated
[36m(TaskRunner pid=80053)[0m for details.
[36m(TaskRunner pid=80053)[0m 
[36m(TaskRunner pid=80053)[0m This has been deprecated since SymPy version 1.7. It
[36m(TaskRunner pid=80053)[0m will be removed in a future version of SymPy.
[36m(TaskRunner pid=80053)[0m 
[36m(TaskRunner pid=80053)[0m /usr/local/lib/python3.11/dist-packages/sympy/simplify/radsimp.py:1138: SymPyDeprecationWarning: 
[36m(TaskRunner pid=80053)[0m 
[36m(TaskRunner pid=80053)[0m Using non-Expr arguments in Mul is deprecated (in this case, one of
[36m(TaskRunner pid=80053)[0m the arguments has type 'Tuple').
[36m(TaskRunner pid=80053)[0m 
[36m(TaskRunner pid=80053)[0m If you really did intend to use a multiplication or addition operation with
[36m(TaskRunner pid=80053)[0m this object, use the * or + operator instead.
[36m(TaskRunner pid=80053)[0m 
[36m(TaskRunner pid=80053)[0m See https://docs.sympy.org/latest/explanation/active-deprecations.html#non-expr-args-deprecated
[36m(TaskRunner pid=80053)[0m for details.
[36m(TaskRunner pid=80053)[0m 
[36m(TaskRunner pid=80053)[0m This has been deprecated since SymPy version 1.7. It
[36m(TaskRunner pid=80053)[0m will be removed in a future version of SymPy.
[36m(TaskRunner pid=80053)[0m 
[36m(TaskRunner pid=80053)[0m   return Mul(*numer, evaluate=not exact), Mul(*denom, evaluate=not exact)
[36m(TaskRunner pid=80053)[0m <string>:1: SymPyDeprecationWarning: 
[36m(TaskRunner pid=80053)[0m 
[36m(TaskRunner pid=80053)[0m Using non-Expr arguments in Pow is deprecated (in this case, one of the
[36m(TaskRunner pid=80053)[0m arguments is of type 'FiniteSet').
[36m(TaskRunner pid=80053)[0m 
[36m(TaskRunner pid=80053)[0m If you really did intend to construct a power with this base, use the **
[36m(TaskRunner pid=80053)[0m operator instead.
[36m(TaskRunner pid=80053)[0m 
[36m(TaskRunner pid=80053)[0m See https://docs.sympy.org/latest/explanation/active-deprecations.html#non-expr-args-deprecated
[36m(TaskRunner pid=80053)[0m for details.
[36m(TaskRunner pid=80053)[0m 
[36m(TaskRunner pid=80053)[0m This has been deprecated since SymPy version 1.7. It
[36m(TaskRunner pid=80053)[0m will be removed in a future version of SymPy.
[36m(TaskRunner pid=80053)[0m 
[36m(TaskRunner pid=80053)[0m Training Progress:  30%|███       | 6/20 [15:04<33:01, 141.53s/it]
[36m(TaskRunner pid=80053)[0m step:4 - global_seqlen/min:101586.000 - global_seqlen/max:174995.000 - global_seqlen/minmax_diff:73409.000 - global_seqlen/balanced_min:136185.000 - global_seqlen/balanced_max:136186.000 - global_seqlen/mean:136185.750 - training/rollout_probs_diff_max:0.000 - training/rollout_probs_diff_mean:0.000 - training/rollout_probs_diff_std:0.000 - train/sharpened_reward:0.532 - train/sharpened_coverage:0.750 - train/sharpened_top_prob:0.599 - train/sharpened_entropy:0.064 - train/sharpened_negative_rate:0.000 - train/sharpened_label_hit:0.719 - train/sharpened_negative_hit:0.000 - actor/pg_loss:0.155 - actor/pg_clipfrac:0.001 - actor/ppo_kl:0.001 - actor/pg_clipfrac_lower:0.000 - actor/kl_loss:0.001 - actor/kl_coef:0.001 - actor/grad_norm:2.711 - perf/mfu/actor:0.089 - perf/max_memory_allocated_gb:74.738 - perf/max_memory_reserved_gb:90.396 - perf/cpu_memory_used_gb:330.868 - actor/lr:0.000 - train/label_accuracy:0.781 - train/reward_accuracy:0.746 - train/majority_voting_reward:0.532 - train/ground_truth_reward:0.496 - train/pass@32:0.875 - train/majority_ratio:0.539 - training/global_step:4.000 - training/epoch:0.000 - critic/score/mean:0.532 - critic/score/max:1.000 - critic/score/min:0.000 - critic/rewards/mean:0.532 - critic/rewards/max:1.000 - critic/rewards/min:0.000 - critic/advantages/mean:-0.289 - critic/advantages/max:3.812 - critic/advantages/min:-2.604 - critic/returns/mean:-0.289 - critic/returns/max:3.812 - critic/returns/min:-2.604 - response_length/mean:964.670 - response_length/max:3072.000 - response_length/min:6.000 - response_length/clip_ratio:0.066 - prompt_length/mean:99.281 - prompt_length/max:488.000 - prompt_length/min:40.000 - prompt_length/clip_ratio:0.000 - timing_s/generate_sequences:27.590 - timing_s/reshard:0.614 - timing_s/gen:35.669 - timing_s/reward:5.549 - timing_s/old_log_prob:0.051 - timing_s/ref:22.324 - timing_s/adv:0.029 - timing_s/update_actor:74.358 - timing_s/step:149.659 - timing_per_token_ms/ref:0.020 - timing_per_token_ms/adv:0.000 - timing_per_token_ms/update_actor:0.068 - timing_per_token_ms/gen:0.036 - perf/total_num_tokens:1089486.000 - perf/time_per_step:149.659 - perf/throughput:909.974
[36m(TaskRunner pid=80053)[0m [Shutdown] 6 subprocess(es) terminated.
[36m(TaskRunner pid=80053)[0m [Shutdown] 6 subprocess(es) terminated.
[36m(TaskRunner pid=80053)[0m step:5 - global_seqlen/min:86885.000 - global_seqlen/max:165677.000 - global_seqlen/minmax_diff:78792.000 - global_seqlen/balanced_min:119298.000 - global_seqlen/balanced_max:119299.000 - global_seqlen/mean:119298.375 - training/rollout_probs_diff_max:0.000 - training/rollout_probs_diff_mean:0.000 - training/rollout_probs_diff_std:0.000 - train/sharpened_reward:0.587 - train/sharpened_coverage:0.781 - train/sharpened_top_prob:0.639 - train/sharpened_entropy:0.069 - train/sharpened_negative_rate:0.000 - train/sharpened_label_hit:0.656 - train/sharpened_negative_hit:0.000 - actor/pg_loss:-0.052 - actor/pg_clipfrac:0.002 - actor/ppo_kl:0.001 - actor/pg_clipfrac_lower:0.000 - actor/kl_loss:0.003 - actor/kl_coef:0.001 - actor/grad_norm:2.566 - perf/mfu/actor:0.087 - perf/max_memory_allocated_gb:74.738 - perf/max_memory_reserved_gb:90.396 - perf/cpu_memory_used_gb:330.771 - actor/lr:0.000 - train/label_accuracy:0.781 - train/reward_accuracy:0.736 - train/majority_voting_reward:0.587 - train/ground_truth_reward:0.552 - train/pass@32:0.906 - train/majority_ratio:0.583 - training/global_step:5.000 - training/epoch:0.000 - critic/score/mean:0.587 - critic/score/max:1.000 - critic/score/min:0.000 - critic/rewards/mean:0.587 - critic/rewards/max:1.000 - critic/rewards/min:0.000 - critic/advantages/mean:-0.297 - critic/advantages/max:2.287 - critic/advantages/min:-3.812 - critic/returns/mean:-0.297 - critic/returns/max:2.287 - critic/returns/min:-3.812 - response_length/mean:816.987 - response_length/max:3072.000 - response_length/min:13.000 - response_length/clip_ratio:0.055 - prompt_length/mean:115.031 - prompt_length/max:376.000 - prompt_length/min:41.000 - prompt_length/clip_ratio:0.000 - timing_s/generate_sequences:25.997 - timing_s/reshard:0.621 - timing_s/gen:32.859 - timing_s/reward:4.705 - timing_s/old_log_prob:0.047 - timing_s/ref:20.331 - timing_s/adv:0.027 - timing_s/update_actor:66.300 - timing_s/step:133.261 - timing_per_token_ms/ref:0.021 - timing_per_token_ms/adv:0.000 - timing_per_token_ms/update_actor:0.069 - timing_per_token_ms/gen:0.039 - perf/total_num_tokens:954387.000 - perf/time_per_step:133.261 - perf/throughput:895.224
[36m(TaskRunner pid=80053)[0m [Shutdown] 7 subprocess(es) terminated.
[36m(TaskRunner pid=80053)[0m [Shutdown] 6 subprocess(es) terminated.
[36m(TaskRunner pid=80053)[0m step:6 - global_seqlen/min:97912.000 - global_seqlen/max:138198.000 - global_seqlen/minmax_diff:40286.000 - global_seqlen/balanced_min:118968.000 - global_seqlen/balanced_max:118969.000 - global_seqlen/mean:118968.375 - training/rollout_probs_diff_max:0.000 - training/rollout_probs_diff_mean:0.000 - training/rollout_probs_diff_std:0.000 - train/sharpened_reward:0.561 - train/sharpened_coverage:0.719 - train/sharpened_top_prob:0.592 - train/sharpened_entropy:0.063 - train/sharpened_negative_rate:0.000 - train/sharpened_label_hit:0.625 - train/sharpened_negative_hit:0.000 - actor/pg_loss:0.082 - actor/pg_clipfrac:0.001 - actor/ppo_kl:0.001 - actor/pg_clipfrac_lower:0.000 - actor/kl_loss:0.004 - actor/kl_coef:0.001 - actor/grad_norm:2.348 - perf/mfu/actor:0.088 - perf/max_memory_allocated_gb:74.738 - perf/max_memory_reserved_gb:90.396 - perf/cpu_memory_used_gb:330.833 - actor/lr:0.000 - train/label_accuracy:0.781 - train/reward_accuracy:0.747 - train/majority_voting_reward:0.561 - train/ground_truth_reward:0.535 - train/pass@32:0.969 - train/majority_ratio:0.559 - training/global_step:6.000 - training/epoch:0.000 - critic/score/mean:0.561 - critic/score/max:1.000 - critic/score/min:0.000 - critic/rewards/mean:0.561 - critic/rewards/max:1.000 - critic/rewards/min:0.000 - critic/advantages/mean:-0.287 - critic/advantages/max:3.812 - critic/advantages/min:-3.812 - critic/returns/mean:-0.287 - critic/returns/max:3.812 - critic/returns/min:-3.812 - response_length/mean:845.753 - response_length/max:3072.000 - response_length/min:8.000 - response_length/clip_ratio:0.051 - prompt_length/mean:83.688 - prompt_length/max:279.000 - prompt_length/min:42.000 - prompt_length/clip_ratio:0.000 - timing_s/generate_sequences:25.921 - timing_s/reshard:0.623 - timing_s/gen:31.685 - timing_s/reward:5.204 - timing_s/old_log_prob:0.048 - timing_s/ref:19.688 - timing_s/adv:0.029 - timing_s/update_actor:64.967 - timing_s/step:131.940 - timing_per_token_ms/ref:0.021 - timing_per_token_ms/adv:0.000 - timing_per_token_ms/update_actor:0.068 - timing_per_token_ms/gen:0.037 - perf/total_num_tokens:951747.000 - perf/time_per_step:131.940 - perf/throughput:901.687
[36m(TaskRunner pid=80053)[0m [Shutdown] 8 subprocess(es) terminated.
[36m(TaskRunner pid=80053)[0m [Shutdown] 7 subprocess(es) terminated.
[36m(TaskRunner pid=80053)[0m Training Progress:  35%|███▌      | 7/20 [17:21<30:19, 139.92s/it]
[36m(TaskRunner pid=80053)[0m Training Progress:  40%|████      | 8/20 [19:31<27:23, 137.00s/it]
[36m(TaskRunner pid=80053)[0m <string>:1: SymPyDeprecationWarning: 
[36m(TaskRunner pid=80053)[0m 
[36m(TaskRunner pid=80053)[0m Using non-Expr arguments in Pow is deprecated (in this case, one of the
[36m(TaskRunner pid=80053)[0m arguments is of type 'FiniteSet').
[36m(TaskRunner pid=80053)[0m 
[36m(TaskRunner pid=80053)[0m If you really did intend to construct a power with this base, use the **
[36m(TaskRunner pid=80053)[0m operator instead.
[36m(TaskRunner pid=80053)[0m 
[36m(TaskRunner pid=80053)[0m See https://docs.sympy.org/latest/explanation/active-deprecations.html#non-expr-args-deprecated
[36m(TaskRunner pid=80053)[0m for details.
[36m(TaskRunner pid=80053)[0m 
[36m(TaskRunner pid=80053)[0m This has been deprecated since SymPy version 1.7. It
[36m(TaskRunner pid=80053)[0m will be removed in a future version of SymPy.
[36m(TaskRunner pid=80053)[0m 
[36m(TaskRunner pid=80053)[0m Training Progress:  45%|████▌     | 9/20 [21:44<24:52, 135.72s/it]
[36m(TaskRunner pid=80053)[0m step:7 - global_seqlen/min:82915.000 - global_seqlen/max:174855.000 - global_seqlen/minmax_diff:91940.000 - global_seqlen/balanced_min:110357.000 - global_seqlen/balanced_max:110358.000 - global_seqlen/mean:110357.625 - training/rollout_probs_diff_max:0.000 - training/rollout_probs_diff_mean:0.000 - training/rollout_probs_diff_std:0.000 - train/sharpened_reward:0.649 - train/sharpened_coverage:0.844 - train/sharpened_top_prob:0.681 - train/sharpened_entropy:0.071 - train/sharpened_negative_rate:0.000 - train/sharpened_label_hit:0.750 - train/sharpened_negative_hit:0.000 - actor/pg_loss:0.180 - actor/pg_clipfrac:0.002 - actor/ppo_kl:0.001 - actor/pg_clipfrac_lower:0.000 - actor/kl_loss:0.005 - actor/kl_coef:0.001 - actor/grad_norm:2.318 - perf/mfu/actor:0.082 - perf/max_memory_allocated_gb:74.738 - perf/max_memory_reserved_gb:90.396 - perf/cpu_memory_used_gb:331.153 - actor/lr:0.000 - train/label_accuracy:0.812 - train/reward_accuracy:0.771 - train/majority_voting_reward:0.649 - train/ground_truth_reward:0.628 - train/pass@32:0.938 - train/majority_ratio:0.661 - training/global_step:7.000 - training/epoch:0.000 - critic/score/mean:0.649 - critic/score/max:1.000 - critic/score/min:0.000 - critic/rewards/mean:0.649 - critic/rewards/max:1.000 - critic/rewards/min:0.000 - critic/advantages/mean:-0.349 - critic/advantages/max:3.812 - critic/advantages/min:-5.480 - critic/returns/mean:-0.349 - critic/returns/max:3.812 - critic/returns/min:-5.480 - response_length/mean:775.388 - response_length/max:3072.000 - response_length/min:10.000 - response_length/clip_ratio:0.060 - prompt_length/mean:86.781 - prompt_length/max:229.000 - prompt_length/min:36.000 - prompt_length/clip_ratio:0.000 - timing_s/generate_sequences:25.471 - timing_s/reshard:1.377 - timing_s/gen:35.532 - timing_s/reward:6.418 - timing_s/old_log_prob:0.049 - timing_s/ref:19.692 - timing_s/adv:0.028 - timing_s/update_actor:64.491 - timing_s/step:136.566 - timing_per_token_ms/ref:0.022 - timing_per_token_ms/adv:0.000 - timing_per_token_ms/update_actor:0.073 - timing_per_token_ms/gen:0.045 - perf/total_num_tokens:882861.000 - perf/time_per_step:136.566 - perf/throughput:808.092
[36m(TaskRunner pid=80053)[0m [Shutdown] 4 subprocess(es) terminated.
[36m(TaskRunner pid=80053)[0m [Shutdown] 5 subprocess(es) terminated.
[36m(TaskRunner pid=80053)[0m step:8 - global_seqlen/min:92624.000 - global_seqlen/max:137279.000 - global_seqlen/minmax_diff:44655.000 - global_seqlen/balanced_min:119774.000 - global_seqlen/balanced_max:119775.000 - global_seqlen/mean:119774.625 - training/rollout_probs_diff_max:0.000 - training/rollout_probs_diff_mean:0.000 - training/rollout_probs_diff_std:0.000 - train/sharpened_reward:0.567 - train/sharpened_coverage:0.688 - train/sharpened_top_prob:0.587 - train/sharpened_entropy:0.066 - train/sharpened_negative_rate:0.000 - train/sharpened_label_hit:0.531 - train/sharpened_negative_hit:0.000 - actor/pg_loss:0.075 - actor/pg_clipfrac:0.001 - actor/ppo_kl:0.000 - actor/pg_clipfrac_lower:0.000 - actor/kl_loss:0.003 - actor/kl_coef:0.001 - actor/grad_norm:1.222 - perf/mfu/actor:0.090 - perf/max_memory_allocated_gb:74.738 - perf/max_memory_reserved_gb:90.396 - perf/cpu_memory_used_gb:331.262 - actor/lr:0.000 - train/label_accuracy:0.750 - train/reward_accuracy:0.678 - train/majority_voting_reward:0.567 - train/ground_truth_reward:0.518 - train/pass@32:0.938 - train/majority_ratio:0.574 - training/global_step:8.000 - training/epoch:0.000 - critic/score/mean:0.567 - critic/score/max:1.000 - critic/score/min:0.000 - critic/rewards/mean:0.567 - critic/rewards/max:1.000 - critic/rewards/min:0.000 - critic/advantages/mean:-0.244 - critic/advantages/max:2.287 - critic/advantages/min:-5.480 - critic/returns/mean:-0.244 - critic/returns/max:2.287 - critic/returns/min:-5.480 - response_length/mean:822.177 - response_length/max:3072.000 - response_length/min:42.000 - response_length/clip_ratio:0.051 - prompt_length/mean:113.562 - prompt_length/max:728.000 - prompt_length/min:42.000 - prompt_length/clip_ratio:0.000 - timing_s/generate_sequences:25.750 - timing_s/reshard:1.238 - timing_s/gen:32.279 - timing_s/reward:5.686 - timing_s/old_log_prob:0.049 - timing_s/ref:19.584 - timing_s/adv:0.027 - timing_s/update_actor:63.647 - timing_s/step:130.666 - timing_per_token_ms/ref:0.020 - timing_per_token_ms/adv:0.000 - timing_per_token_ms/update_actor:0.066 - timing_per_token_ms/gen:0.038 - perf/total_num_tokens:958197.000 - perf/time_per_step:130.666 - perf/throughput:916.646
[36m(TaskRunner pid=80053)[0m [Shutdown] 7 subprocess(es) terminated.
[36m(TaskRunner pid=80053)[0m [Shutdown] 3 subprocess(es) terminated.
[36m(TaskRunner pid=80053)[0m step:9 - global_seqlen/min:93830.000 - global_seqlen/max:167490.000 - global_seqlen/minmax_diff:73660.000 - global_seqlen/balanced_min:123242.000 - global_seqlen/balanced_max:123243.000 - global_seqlen/mean:123242.250 - training/rollout_probs_diff_max:0.000 - training/rollout_probs_diff_mean:0.000 - training/rollout_probs_diff_std:0.000 - train/sharpened_reward:0.655 - train/sharpened_coverage:0.875 - train/sharpened_top_prob:0.679 - train/sharpened_entropy:0.078 - train/sharpened_negative_rate:0.000 - train/sharpened_label_hit:0.656 - train/sharpened_negative_hit:0.000 - actor/pg_loss:0.068 - actor/pg_clipfrac:0.001 - actor/ppo_kl:0.000 - actor/pg_clipfrac_lower:0.000 - actor/kl_loss:0.003 - actor/kl_coef:0.001 - actor/grad_norm:1.148 - perf/mfu/actor:0.096 - perf/max_memory_allocated_gb:74.738 - perf/max_memory_reserved_gb:90.396 - perf/cpu_memory_used_gb:331.521 - actor/lr:0.000 - train/label_accuracy:0.719 - train/reward_accuracy:0.734 - train/majority_voting_reward:0.655 - train/ground_truth_reward:0.636 - train/pass@32:0.906 - train/majority_ratio:0.651 - training/global_step:9.000 - training/epoch:0.000 - critic/score/mean:0.655 - critic/score/max:1.000 - critic/score/min:0.000 - critic/rewards/mean:0.655 - critic/rewards/max:1.000 - critic/rewards/min:0.000 - critic/advantages/mean:-0.284 - critic/advantages/max:5.480 - critic/advantages/min:-5.480 - critic/returns/mean:-0.284 - critic/returns/max:5.480 - critic/returns/min:-5.480 - response_length/mean:861.893 - response_length/max:3072.000 - response_length/min:127.000 - response_length/clip_ratio:0.035 - prompt_length/mean:100.938 - prompt_length/max:306.000 - prompt_length/min:44.000 - prompt_length/clip_ratio:0.000 - timing_s/generate_sequences:26.158 - timing_s/reshard:0.637 - timing_s/gen:33.520 - timing_s/reward:6.412 - timing_s/old_log_prob:0.045 - timing_s/ref:19.147 - timing_s/adv:0.027 - timing_s/update_actor:61.982 - timing_s/step:132.849 - timing_per_token_ms/ref:0.019 - timing_per_token_ms/adv:0.000 - timing_per_token_ms/update_actor:0.063 - timing_per_token_ms/gen:0.038 - perf/total_num_tokens:985938.000 - perf/time_per_step:132.849 - perf/throughput:927.686
[36m(TaskRunner pid=80053)[0m [Shutdown] 8 subprocess(es) terminated.
[36m(TaskRunner pid=80053)[0m [Shutdown] 5 subprocess(es) terminated.
[36m(TaskRunner pid=80053)[0m Training Progress:  50%|█████     | 10/20 [23:51<22:10, 133.02s/it]
[36m(TaskRunner pid=80053)[0m <string>:1: SymPyDeprecationWarning: 
[36m(TaskRunner pid=80053)[0m 
[36m(TaskRunner pid=80053)[0m Using non-Expr arguments in Pow is deprecated (in this case, one of the
[36m(TaskRunner pid=80053)[0m arguments is of type 'FiniteSet').
[36m(TaskRunner pid=80053)[0m 
[36m(TaskRunner pid=80053)[0m If you really did intend to construct a power with this base, use the **
[36m(TaskRunner pid=80053)[0m operator instead.
[36m(TaskRunner pid=80053)[0m 
[36m(TaskRunner pid=80053)[0m See https://docs.sympy.org/latest/explanation/active-deprecations.html#non-expr-args-deprecated
[36m(TaskRunner pid=80053)[0m for details.
[36m(TaskRunner pid=80053)[0m 
[36m(TaskRunner pid=80053)[0m This has been deprecated since SymPy version 1.7. It
[36m(TaskRunner pid=80053)[0m will be removed in a future version of SymPy.
[36m(TaskRunner pid=80053)[0m 
[36m(TaskRunner pid=80053)[0m <string>:1: SymPyDeprecationWarning: 
[36m(TaskRunner pid=80053)[0m 
[36m(TaskRunner pid=80053)[0m Using non-Expr arguments in Pow is deprecated (in this case, one of the
[36m(TaskRunner pid=80053)[0m arguments is of type 'FiniteSet').
[36m(TaskRunner pid=80053)[0m 
[36m(TaskRunner pid=80053)[0m If you really did intend to construct a power with this base, use the **
[36m(TaskRunner pid=80053)[0m operator instead.
[36m(TaskRunner pid=80053)[0m 
[36m(TaskRunner pid=80053)[0m See https://docs.sympy.org/latest/explanation/active-deprecations.html#non-expr-args-deprecated
[36m(TaskRunner pid=80053)[0m for details.
[36m(TaskRunner pid=80053)[0m 
[36m(TaskRunner pid=80053)[0m This has been deprecated since SymPy version 1.7. It
[36m(TaskRunner pid=80053)[0m will be removed in a future version of SymPy.
[36m(TaskRunner pid=80053)[0m 
[36m(TaskRunner pid=80053)[0m <string>:1: SymPyDeprecationWarning: 
[36m(TaskRunner pid=80053)[0m 
[36m(TaskRunner pid=80053)[0m Using non-Expr arguments in Pow is deprecated (in this case, one of the
[36m(TaskRunner pid=80053)[0m arguments is of type 'FiniteSet').
[36m(TaskRunner pid=80053)[0m 
[36m(TaskRunner pid=80053)[0m If you really did intend to construct a power with this base, use the **
[36m(TaskRunner pid=80053)[0m operator instead.
[36m(TaskRunner pid=80053)[0m 
[36m(TaskRunner pid=80053)[0m See https://docs.sympy.org/latest/explanation/active-deprecations.html#non-expr-args-deprecated
[36m(TaskRunner pid=80053)[0m for details.
[36m(TaskRunner pid=80053)[0m 
[36m(TaskRunner pid=80053)[0m This has been deprecated since SymPy version 1.7. It
[36m(TaskRunner pid=80053)[0m will be removed in a future version of SymPy.
[36m(TaskRunner pid=80053)[0m 
[36m(TaskRunner pid=80053)[0m Training Progress:  55%|█████▌    | 11/20 [26:01<19:47, 131.96s/it]
[36m(TaskRunner pid=80053)[0m <string>:1: SymPyDeprecationWarning: 
[36m(TaskRunner pid=80053)[0m 
[36m(TaskRunner pid=80053)[0m Using non-Expr arguments in Pow is deprecated (in this case, one of the
[36m(TaskRunner pid=80053)[0m arguments is of type 'FiniteSet').
[36m(TaskRunner pid=80053)[0m 
[36m(TaskRunner pid=80053)[0m If you really did intend to construct a power with this base, use the **
[36m(TaskRunner pid=80053)[0m operator instead.
[36m(TaskRunner pid=80053)[0m 
[36m(TaskRunner pid=80053)[0m See https://docs.sympy.org/latest/explanation/active-deprecations.html#non-expr-args-deprecated
[36m(TaskRunner pid=80053)[0m for details.
[36m(TaskRunner pid=80053)[0m 
[36m(TaskRunner pid=80053)[0m This has been deprecated since SymPy version 1.7. It
[36m(TaskRunner pid=80053)[0m will be removed in a future version of SymPy.
[36m(TaskRunner pid=80053)[0m 
[36m(TaskRunner pid=80053)[0m <string>:1: SymPyDeprecationWarning: 
[36m(TaskRunner pid=80053)[0m 
[36m(TaskRunner pid=80053)[0m Using non-Expr arguments in Pow is deprecated (in this case, one of the
[36m(TaskRunner pid=80053)[0m arguments is of type 'FiniteSet').
[36m(TaskRunner pid=80053)[0m 
[36m(TaskRunner pid=80053)[0m If you really did intend to construct a power with this base, use the **
[36m(TaskRunner pid=80053)[0m operator instead.
[36m(TaskRunner pid=80053)[0m 
[36m(TaskRunner pid=80053)[0m See https://docs.sympy.org/latest/explanation/active-deprecations.html#non-expr-args-deprecated
[36m(TaskRunner pid=80053)[0m for details.
[36m(TaskRunner pid=80053)[0m 
[36m(TaskRunner pid=80053)[0m This has been deprecated since SymPy version 1.7. It
[36m(TaskRunner pid=80053)[0m will be removed in a future version of SymPy.
[36m(TaskRunner pid=80053)[0m 
[36m(TaskRunner pid=80053)[0m Training Progress:  60%|██████    | 12/20 [28:08<17:22, 130.34s/it]
[36m(TaskRunner pid=80053)[0m step:10 - global_seqlen/min:69987.000 - global_seqlen/max:131752.000 - global_seqlen/minmax_diff:61765.000 - global_seqlen/balanced_min:105795.000 - global_seqlen/balanced_max:105796.000 - global_seqlen/mean:105795.375 - training/rollout_probs_diff_max:0.000 - training/rollout_probs_diff_mean:0.000 - training/rollout_probs_diff_std:0.000 - train/sharpened_reward:0.737 - train/sharpened_coverage:0.875 - train/sharpened_top_prob:0.760 - train/sharpened_entropy:0.073 - train/sharpened_negative_rate:0.000 - train/sharpened_label_hit:0.750 - train/sharpened_negative_hit:0.000 - actor/pg_loss:0.025 - actor/pg_clipfrac:0.001 - actor/ppo_kl:0.001 - actor/pg_clipfrac_lower:0.000 - actor/kl_loss:0.006 - actor/kl_coef:0.001 - actor/grad_norm:1.488 - perf/mfu/actor:0.088 - perf/max_memory_allocated_gb:74.738 - perf/max_memory_reserved_gb:90.396 - perf/cpu_memory_used_gb:331.419 - actor/lr:0.000 - train/label_accuracy:0.781 - train/reward_accuracy:0.797 - train/majority_voting_reward:0.737 - train/ground_truth_reward:0.681 - train/pass@32:0.906 - train/majority_ratio:0.732 - training/global_step:10.000 - training/epoch:0.000 - critic/score/mean:0.737 - critic/score/max:1.000 - critic/score/min:0.000 - critic/rewards/mean:0.737 - critic/rewards/max:1.000 - critic/rewards/min:0.000 - critic/advantages/mean:-0.297 - critic/advantages/max:3.812 - critic/advantages/min:-5.480 - critic/returns/mean:-0.297 - critic/returns/max:3.812 - critic/returns/min:-5.480 - response_length/mean:743.933 - response_length/max:3072.000 - response_length/min:6.000 - response_length/clip_ratio:0.023 - prompt_length/mean:82.594 - prompt_length/max:185.000 - prompt_length/min:47.000 - prompt_length/clip_ratio:0.000 - timing_s/generate_sequences:25.051 - timing_s/reshard:0.631 - timing_s/gen:32.599 - timing_s/reward:7.111 - timing_s/old_log_prob:0.050 - timing_s/ref:17.934 - timing_s/adv:0.031 - timing_s/update_actor:57.858 - timing_s/step:126.903 - timing_per_token_ms/ref:0.021 - timing_per_token_ms/adv:0.000 - timing_per_token_ms/update_actor:0.068 - timing_per_token_ms/gen:0.043 - perf/total_num_tokens:846363.000 - perf/time_per_step:126.903 - perf/throughput:833.669
[36m(TaskRunner pid=80053)[0m [Shutdown] 3 subprocess(es) terminated.
[36m(TaskRunner pid=80053)[0m [Shutdown] 9 subprocess(es) terminated.
[36m(TaskRunner pid=80053)[0m step:11 - global_seqlen/min:72065.000 - global_seqlen/max:187747.000 - global_seqlen/minmax_diff:115682.000 - global_seqlen/balanced_min:110418.000 - global_seqlen/balanced_max:110419.000 - global_seqlen/mean:110418.750 - training/rollout_probs_diff_max:0.000 - training/rollout_probs_diff_mean:0.000 - training/rollout_probs_diff_std:0.000 - train/sharpened_reward:0.737 - train/sharpened_coverage:0.906 - train/sharpened_top_prob:0.749 - train/sharpened_entropy:0.078 - train/sharpened_negative_rate:0.000 - train/sharpened_label_hit:0.844 - train/sharpened_negative_hit:0.000 - actor/pg_loss:-0.005 - actor/pg_clipfrac:0.001 - actor/ppo_kl:0.000 - actor/pg_clipfrac_lower:0.000 - actor/kl_loss:0.003 - actor/kl_coef:0.001 - actor/grad_norm:1.180 - perf/mfu/actor:0.095 - perf/max_memory_allocated_gb:74.738 - perf/max_memory_reserved_gb:90.396 - perf/cpu_memory_used_gb:331.964 - actor/lr:0.000 - train/label_accuracy:0.875 - train/reward_accuracy:0.768 - train/majority_voting_reward:0.737 - train/ground_truth_reward:0.724 - train/pass@32:1.000 - train/majority_ratio:0.737 - training/global_step:11.000 - training/epoch:0.000 - critic/score/mean:0.737 - critic/score/max:1.000 - critic/score/min:0.000 - critic/rewards/mean:0.737 - critic/rewards/max:1.000 - critic/rewards/min:0.000 - critic/advantages/mean:-0.212 - critic/advantages/max:2.049 - critic/advantages/min:-5.480 - critic/returns/mean:-0.212 - critic/returns/max:2.049 - critic/returns/min:-5.480 - response_length/mean:751.396 - response_length/max:3072.000 - response_length/min:3.000 - response_length/clip_ratio:0.023 - prompt_length/mean:111.250 - prompt_length/max:819.000 - prompt_length/min:38.000 - prompt_length/clip_ratio:0.000 - timing_s/generate_sequences:24.782 - timing_s/reshard:0.589 - timing_s/gen:36.469 - timing_s/reward:7.848 - timing_s/old_log_prob:0.048 - timing_s/ref:17.503 - timing_s/adv:0.029 - timing_s/update_actor:55.413 - timing_s/step:129.515 - timing_per_token_ms/ref:0.020 - timing_per_token_ms/adv:0.000 - timing_per_token_ms/update_actor:0.063 - timing_per_token_ms/gen:0.047 - perf/total_num_tokens:883350.000 - perf/time_per_step:129.515 - perf/throughput:852.556
[36m(TaskRunner pid=80053)[0m [Shutdown] 25 subprocess(es) terminated.
[36m(TaskRunner pid=80053)[0m [Shutdown] 4 subprocess(es) terminated.
[36m(TaskRunner pid=80053)[0m step:12 - global_seqlen/min:69171.000 - global_seqlen/max:156067.000 - global_seqlen/minmax_diff:86896.000 - global_seqlen/balanced_min:100218.000 - global_seqlen/balanced_max:100219.000 - global_seqlen/mean:100218.375 - training/rollout_probs_diff_max:0.000 - training/rollout_probs_diff_mean:0.000 - training/rollout_probs_diff_std:0.000 - train/sharpened_reward:0.649 - train/sharpened_coverage:0.719 - train/sharpened_top_prob:0.673 - train/sharpened_entropy:0.060 - train/sharpened_negative_rate:0.000 - train/sharpened_label_hit:0.719 - train/sharpened_negative_hit:0.000 - actor/pg_loss:0.032 - actor/pg_clipfrac:0.001 - actor/ppo_kl:0.000 - actor/pg_clipfrac_lower:0.000 - actor/kl_loss:0.006 - actor/kl_coef:0.001 - actor/grad_norm:1.471 - perf/mfu/actor:0.087 - perf/max_memory_allocated_gb:74.738 - perf/max_memory_reserved_gb:90.396 - perf/cpu_memory_used_gb:332.487 - actor/lr:0.000 - train/label_accuracy:0.906 - train/reward_accuracy:0.854 - train/majority_voting_reward:0.649 - train/ground_truth_reward:0.646 - train/pass@32:1.000 - train/majority_ratio:0.653 - training/global_step:12.000 - training/epoch:0.000 - critic/score/mean:0.649 - critic/score/max:1.000 - critic/score/min:0.000 - critic/rewards/mean:0.649 - critic/rewards/max:1.000 - critic/rewards/min:0.000 - critic/advantages/mean:-0.224 - critic/advantages/max:2.604 - critic/advantages/min:-5.480 - critic/returns/mean:-0.224 - critic/returns/max:2.604 - critic/returns/min:-5.480 - response_length/mean:677.675 - response_length/max:3072.000 - response_length/min:4.000 - response_length/clip_ratio:0.030 - prompt_length/mean:105.281 - prompt_length/max:265.000 - prompt_length/min:45.000 - prompt_length/clip_ratio:0.000 - timing_s/generate_sequences:24.416 - timing_s/reshard:0.603 - timing_s/gen:34.400 - timing_s/reward:7.218 - timing_s/old_log_prob:0.045 - timing_s/ref:17.287 - timing_s/adv:0.030 - timing_s/update_actor:55.105 - timing_s/step:126.588 - timing_per_token_ms/ref:0.022 - timing_per_token_ms/adv:0.000 - timing_per_token_ms/update_actor:0.069 - timing_per_token_ms/gen:0.050 - perf/total_num_tokens:801747.000 - perf/time_per_step:126.588 - perf/throughput:791.689
[36m(TaskRunner pid=80053)[0m [Shutdown] 5 subprocess(es) terminated.
[36m(TaskRunner pid=80053)[0m [Shutdown] 3 subprocess(es) terminated.
[36m(TaskRunner pid=80053)[0m Training Progress:  65%|██████▌   | 13/20 [30:09<14:54, 127.79s/it]
[36m(TaskRunner pid=80053)[0m <string>:1: SymPyDeprecationWarning: 
[36m(TaskRunner pid=80053)[0m 
[36m(TaskRunner pid=80053)[0m Using non-Expr arguments in Pow is deprecated (in this case, one of the
[36m(TaskRunner pid=80053)[0m arguments is of type 'FiniteSet').
[36m(TaskRunner pid=80053)[0m 
[36m(TaskRunner pid=80053)[0m If you really did intend to construct a power with this base, use the **
[36m(TaskRunner pid=80053)[0m operator instead.
[36m(TaskRunner pid=80053)[0m 
[36m(TaskRunner pid=80053)[0m See https://docs.sympy.org/latest/explanation/active-deprecations.html#non-expr-args-deprecated
[36m(TaskRunner pid=80053)[0m for details.
[36m(TaskRunner pid=80053)[0m 
[36m(TaskRunner pid=80053)[0m This has been deprecated since SymPy version 1.7. It
[36m(TaskRunner pid=80053)[0m will be removed in a future version of SymPy.
[36m(TaskRunner pid=80053)[0m 
[36m(TaskRunner pid=80053)[0m <string>:1: SymPyDeprecationWarning: 
[36m(TaskRunner pid=80053)[0m 
[36m(TaskRunner pid=80053)[0m Using non-Expr arguments in Pow is deprecated (in this case, one of the
[36m(TaskRunner pid=80053)[0m arguments is of type 'FiniteSet').
[36m(TaskRunner pid=80053)[0m 
[36m(TaskRunner pid=80053)[0m If you really did intend to construct a power with this base, use the **
[36m(TaskRunner pid=80053)[0m operator instead.
[36m(TaskRunner pid=80053)[0m 
[36m(TaskRunner pid=80053)[0m See https://docs.sympy.org/latest/explanation/active-deprecations.html#non-expr-args-deprecated
[36m(TaskRunner pid=80053)[0m for details.
[36m(TaskRunner pid=80053)[0m 
[36m(TaskRunner pid=80053)[0m This has been deprecated since SymPy version 1.7. It
[36m(TaskRunner pid=80053)[0m will be removed in a future version of SymPy.
[36m(TaskRunner pid=80053)[0m 
[36m(TaskRunner pid=80053)[0m Training Progress:  70%|███████   | 14/20 [32:24<12:59, 129.93s/it]
[36m(TaskRunner pid=80053)[0m Training Progress:  75%|███████▌  | 15/20 [34:34<10:49, 129.83s/it]
[36m(TaskRunner pid=80053)[0m step:13 - global_seqlen/min:54672.000 - global_seqlen/max:124883.000 - global_seqlen/minmax_diff:70211.000 - global_seqlen/balanced_min:98022.000 - global_seqlen/balanced_max:98023.000 - global_seqlen/mean:98022.125 - training/rollout_probs_diff_max:0.000 - training/rollout_probs_diff_mean:0.000 - training/rollout_probs_diff_std:0.000 - train/sharpened_reward:0.764 - train/sharpened_coverage:0.844 - train/sharpened_top_prob:0.777 - train/sharpened_entropy:0.069 - train/sharpened_negative_rate:0.000 - train/sharpened_label_hit:0.688 - train/sharpened_negative_hit:0.000 - actor/pg_loss:0.131 - actor/pg_clipfrac:0.000 - actor/ppo_kl:0.000 - actor/pg_clipfrac_lower:0.000 - actor/kl_loss:0.005 - actor/kl_coef:0.001 - actor/grad_norm:0.842 - perf/mfu/actor:0.089 - perf/max_memory_allocated_gb:74.738 - perf/max_memory_reserved_gb:90.396 - perf/cpu_memory_used_gb:332.186 - actor/lr:0.000 - train/label_accuracy:0.719 - train/reward_accuracy:0.858 - train/majority_voting_reward:0.764 - train/ground_truth_reward:0.742 - train/pass@32:0.969 - train/majority_ratio:0.763 - training/global_step:13.000 - training/epoch:0.000 - critic/score/mean:0.764 - critic/score/max:1.000 - critic/score/min:0.000 - critic/rewards/mean:0.764 - critic/rewards/max:1.000 - critic/rewards/min:0.000 - critic/advantages/mean:-0.271 - critic/advantages/max:3.812 - critic/advantages/min:-5.480 - critic/returns/mean:-0.271 - critic/returns/max:3.812 - critic/returns/min:-5.480 - response_length/mean:661.579 - response_length/max:3072.000 - response_length/min:27.000 - response_length/clip_ratio:0.021 - prompt_length/mean:104.219 - prompt_length/max:370.000 - prompt_length/min:42.000 - prompt_length/clip_ratio:0.000 - timing_s/generate_sequences:24.263 - timing_s/reshard:0.613 - timing_s/gen:31.490 - timing_s/reward:7.644 - timing_s/old_log_prob:0.044 - timing_s/ref:17.077 - timing_s/adv:0.030 - timing_s/update_actor:52.735 - timing_s/step:121.872 - timing_per_token_ms/ref:0.022 - timing_per_token_ms/adv:0.000 - timing_per_token_ms/update_actor:0.067 - timing_per_token_ms/gen:0.046 - perf/total_num_tokens:784177.000 - perf/time_per_step:121.872 - perf/throughput:804.304
[36m(TaskRunner pid=80053)[0m [Shutdown] 8 subprocess(es) terminated.
[36m(TaskRunner pid=80053)[0m [Shutdown] 59 subprocess(es) terminated.
[36m(TaskRunner pid=80053)[0m step:14 - global_seqlen/min:52262.000 - global_seqlen/max:144163.000 - global_seqlen/minmax_diff:91901.000 - global_seqlen/balanced_min:90807.000 - global_seqlen/balanced_max:90808.000 - global_seqlen/mean:90807.750 - training/rollout_probs_diff_max:0.000 - training/rollout_probs_diff_mean:0.000 - training/rollout_probs_diff_std:0.000 - train/sharpened_reward:0.720 - train/sharpened_coverage:0.812 - train/sharpened_top_prob:0.736 - train/sharpened_entropy:0.067 - train/sharpened_negative_rate:0.000 - train/sharpened_label_hit:0.812 - train/sharpened_negative_hit:0.000 - actor/pg_loss:0.056 - actor/pg_clipfrac:0.000 - actor/ppo_kl:0.000 - actor/pg_clipfrac_lower:0.000 - actor/kl_loss:0.008 - actor/kl_coef:0.001 - actor/grad_norm:1.083 - perf/mfu/actor:0.086 - perf/max_memory_allocated_gb:74.738 - perf/max_memory_reserved_gb:90.396 - perf/cpu_memory_used_gb:332.351 - actor/lr:0.000 - train/label_accuracy:0.844 - train/reward_accuracy:0.852 - train/majority_voting_reward:0.720 - train/ground_truth_reward:0.707 - train/pass@32:0.938 - train/majority_ratio:0.729 - training/global_step:14.000 - training/epoch:0.000 - critic/score/mean:0.720 - critic/score/max:1.000 - critic/score/min:0.000 - critic/rewards/mean:0.720 - critic/rewards/max:1.000 - critic/rewards/min:0.000 - critic/advantages/mean:-0.268 - critic/advantages/max:3.060 - critic/advantages/min:-5.480 - critic/returns/mean:-0.268 - critic/returns/max:3.060 - critic/returns/min:-5.480 - response_length/mean:610.592 - response_length/max:3072.000 - response_length/min:11.000 - response_length/clip_ratio:0.019 - prompt_length/mean:98.844 - prompt_length/max:274.000 - prompt_length/min:39.000 - prompt_length/clip_ratio:0.000 - timing_s/generate_sequences:23.429 - timing_s/reshard:0.583 - timing_s/gen:40.702 - timing_s/reward:8.038 - timing_s/old_log_prob:0.046 - timing_s/ref:16.255 - timing_s/adv:0.031 - timing_s/update_actor:50.495 - timing_s/step:134.809 - timing_per_token_ms/ref:0.022 - timing_per_token_ms/adv:0.000 - timing_per_token_ms/update_actor:0.070 - timing_per_token_ms/gen:0.065 - perf/total_num_tokens:726462.000 - perf/time_per_step:134.809 - perf/throughput:673.604
[36m(TaskRunner pid=80053)[0m [Shutdown] 6 subprocess(es) terminated.
[36m(TaskRunner pid=80053)[0m [Shutdown] 4 subprocess(es) terminated.
[36m(TaskRunner pid=80053)[0m step:15 - global_seqlen/min:67223.000 - global_seqlen/max:146405.000 - global_seqlen/minmax_diff:79182.000 - global_seqlen/balanced_min:95342.000 - global_seqlen/balanced_max:95343.000 - global_seqlen/mean:95342.500 - training/rollout_probs_diff_max:0.000 - training/rollout_probs_diff_mean:0.000 - training/rollout_probs_diff_std:0.000 - train/sharpened_reward:0.707 - train/sharpened_coverage:0.812 - train/sharpened_top_prob:0.722 - train/sharpened_entropy:0.069 - train/sharpened_negative_rate:0.000 - train/sharpened_label_hit:0.719 - train/sharpened_negative_hit:0.000 - actor/pg_loss:0.042 - actor/pg_clipfrac:0.001 - actor/ppo_kl:0.000 - actor/pg_clipfrac_lower:0.000 - actor/kl_loss:0.006 - actor/kl_coef:0.001 - actor/grad_norm:1.127 - perf/mfu/actor:0.085 - perf/max_memory_allocated_gb:74.738 - perf/max_memory_reserved_gb:90.396 - perf/cpu_memory_used_gb:332.877 - actor/lr:0.000 - train/label_accuracy:0.812 - train/reward_accuracy:0.806 - train/majority_voting_reward:0.707 - train/ground_truth_reward:0.664 - train/pass@32:0.969 - train/majority_ratio:0.708 - training/global_step:15.000 - training/epoch:0.000 - critic/score/mean:0.707 - critic/score/max:1.000 - critic/score/min:0.000 - critic/rewards/mean:0.707 - critic/rewards/max:1.000 - critic/rewards/min:0.000 - critic/advantages/mean:-0.213 - critic/advantages/max:3.812 - critic/advantages/min:-5.480 - critic/returns/mean:-0.213 - critic/returns/max:3.812 - critic/returns/min:-5.480 - response_length/mean:649.832 - response_length/max:3072.000 - response_length/min:8.000 - response_length/clip_ratio:0.020 - prompt_length/mean:95.031 - prompt_length/max:302.000 - prompt_length/min:41.000 - prompt_length/clip_ratio:0.000 - timing_s/generate_sequences:24.208 - timing_s/reshard:0.665 - timing_s/gen:34.914 - timing_s/reward:9.878 - timing_s/old_log_prob:0.047 - timing_s/ref:17.154 - timing_s/adv:0.030 - timing_s/update_actor:53.514 - timing_s/step:129.558 - timing_per_token_ms/ref:0.022 - timing_per_token_ms/adv:0.000 - timing_per_token_ms/update_actor:0.070 - timing_per_token_ms/gen:0.052 - perf/total_num_tokens:762740.000 - perf/time_per_step:129.558 - perf/throughput:735.908
[36m(TaskRunner pid=80053)[0m [Shutdown] 5 subprocess(es) terminated.
[36m(TaskRunner pid=80053)[0m [Shutdown] 7 subprocess(es) terminated.
[36m(TaskRunner pid=80053)[0m Training Progress:  80%|████████  | 16/20 [36:44<08:39, 129.79s/it]
[36m(TaskRunner pid=80053)[0m <string>:1: SymPyDeprecationWarning: 
[36m(TaskRunner pid=80053)[0m 
[36m(TaskRunner pid=80053)[0m Using non-Expr arguments in Pow is deprecated (in this case, one of the
[36m(TaskRunner pid=80053)[0m arguments is of type 'FiniteSet').
[36m(TaskRunner pid=80053)[0m 
[36m(TaskRunner pid=80053)[0m If you really did intend to construct a power with this base, use the **
[36m(TaskRunner pid=80053)[0m operator instead.
[36m(TaskRunner pid=80053)[0m 
[36m(TaskRunner pid=80053)[0m See https://docs.sympy.org/latest/explanation/active-deprecations.html#non-expr-args-deprecated
[36m(TaskRunner pid=80053)[0m for details.
[36m(TaskRunner pid=80053)[0m 
[36m(TaskRunner pid=80053)[0m This has been deprecated since SymPy version 1.7. It
[36m(TaskRunner pid=80053)[0m will be removed in a future version of SymPy.
[36m(TaskRunner pid=80053)[0m 
[36m(TaskRunner pid=80053)[0m Training Progress:  85%|████████▌ | 17/20 [38:50<06:26, 128.78s/it]
[36m(TaskRunner pid=80053)[0m Training Progress:  90%|█████████ | 18/20 [41:12<04:25, 132.71s/it]
[36m(TaskRunner pid=80053)[0m step:16 - global_seqlen/min:61144.000 - global_seqlen/max:167156.000 - global_seqlen/minmax_diff:106012.000 - global_seqlen/balanced_min:100930.000 - global_seqlen/balanced_max:100931.000 - global_seqlen/mean:100930.625 - training/rollout_probs_diff_max:0.000 - training/rollout_probs_diff_mean:0.000 - training/rollout_probs_diff_std:0.000 - train/sharpened_reward:0.824 - train/sharpened_coverage:0.906 - train/sharpened_top_prob:0.843 - train/sharpened_entropy:0.072 - train/sharpened_negative_rate:0.000 - train/sharpened_label_hit:0.781 - train/sharpened_negative_hit:0.000 - actor/pg_loss:0.054 - actor/pg_clipfrac:0.000 - actor/ppo_kl:0.000 - actor/pg_clipfrac_lower:0.000 - actor/kl_loss:0.004 - actor/kl_coef:0.001 - actor/grad_norm:1.071 - perf/mfu/actor:0.091 - perf/max_memory_allocated_gb:74.738 - perf/max_memory_reserved_gb:90.396 - perf/cpu_memory_used_gb:333.757 - actor/lr:0.000 - train/label_accuracy:0.812 - train/reward_accuracy:0.878 - train/majority_voting_reward:0.824 - train/ground_truth_reward:0.795 - train/pass@32:0.938 - train/majority_ratio:0.829 - training/global_step:16.000 - training/epoch:1.000 - critic/score/mean:0.824 - critic/score/max:1.000 - critic/score/min:0.000 - critic/rewards/mean:0.824 - critic/rewards/max:1.000 - critic/rewards/min:0.000 - critic/advantages/mean:-0.306 - critic/advantages/max:5.480 - critic/advantages/min:-5.480 - critic/returns/mean:-0.306 - critic/returns/max:5.480 - critic/returns/min:-5.480 - response_length/mean:709.083 - response_length/max:3072.000 - response_length/min:3.000 - response_length/clip_ratio:0.037 - prompt_length/mean:79.438 - prompt_length/max:145.000 - prompt_length/min:38.000 - prompt_length/clip_ratio:0.000 - timing_s/generate_sequences:24.612 - timing_s/reshard:0.594 - timing_s/gen:35.893 - timing_s/reward:9.133 - timing_s/old_log_prob:0.064 - timing_s/ref:17.115 - timing_s/adv:0.038 - timing_s/update_actor:53.377 - timing_s/step:129.046 - timing_per_token_ms/ref:0.021 - timing_per_token_ms/adv:0.000 - timing_per_token_ms/update_actor:0.066 - timing_per_token_ms/gen:0.049 - perf/total_num_tokens:807445.000 - perf/time_per_step:129.046 - perf/throughput:782.128
[36m(TaskRunner pid=80053)[0m [Shutdown] 5 subprocess(es) terminated.
[36m(TaskRunner pid=80053)[0m [Shutdown] 5 subprocess(es) terminated.
[36m(TaskRunner pid=80053)[0m step:17 - global_seqlen/min:75990.000 - global_seqlen/max:133841.000 - global_seqlen/minmax_diff:57851.000 - global_seqlen/balanced_min:102413.000 - global_seqlen/balanced_max:102414.000 - global_seqlen/mean:102413.125 - training/rollout_probs_diff_max:0.000 - training/rollout_probs_diff_mean:0.000 - training/rollout_probs_diff_std:0.000 - train/sharpened_reward:0.672 - train/sharpened_coverage:0.781 - train/sharpened_top_prob:0.691 - train/sharpened_entropy:0.067 - train/sharpened_negative_rate:0.000 - train/sharpened_label_hit:0.688 - train/sharpened_negative_hit:0.000 - actor/pg_loss:0.040 - actor/pg_clipfrac:0.001 - actor/ppo_kl:0.000 - actor/pg_clipfrac_lower:0.000 - actor/kl_loss:0.006 - actor/kl_coef:0.001 - actor/grad_norm:1.405 - perf/mfu/actor:0.091 - perf/max_memory_allocated_gb:74.738 - perf/max_memory_reserved_gb:90.396 - perf/cpu_memory_used_gb:333.362 - actor/lr:0.000 - train/label_accuracy:0.750 - train/reward_accuracy:0.765 - train/majority_voting_reward:0.672 - train/ground_truth_reward:0.644 - train/pass@32:0.969 - train/majority_ratio:0.671 - training/global_step:17.000 - training/epoch:1.000 - critic/score/mean:0.672 - critic/score/max:1.000 - critic/score/min:0.000 - critic/rewards/mean:0.672 - critic/rewards/max:1.000 - critic/rewards/min:0.000 - critic/advantages/mean:-0.159 - critic/advantages/max:3.812 - critic/advantages/min:-5.480 - critic/returns/mean:-0.159 - critic/returns/max:3.812 - critic/returns/min:-5.480 - response_length/mean:688.978 - response_length/max:3072.000 - response_length/min:60.000 - response_length/clip_ratio:0.020 - prompt_length/mean:111.125 - prompt_length/max:695.000 - prompt_length/min:41.000 - prompt_length/clip_ratio:0.000 - timing_s/generate_sequences:24.401 - timing_s/reshard:0.724 - timing_s/gen:32.715 - timing_s/reward:9.380 - timing_s/old_log_prob:0.047 - timing_s/ref:16.981 - timing_s/adv:0.028 - timing_s/update_actor:53.913 - timing_s/step:126.367 - timing_per_token_ms/ref:0.021 - timing_per_token_ms/adv:0.000 - timing_per_token_ms/update_actor:0.066 - timing_per_token_ms/gen:0.046 - perf/total_num_tokens:819305.000 - perf/time_per_step:126.367 - perf/throughput:810.443
[36m(TaskRunner pid=80053)[0m [Shutdown] 4 subprocess(es) terminated.
[36m(TaskRunner pid=80053)[0m [Shutdown] 4 subprocess(es) terminated.
[36m(TaskRunner pid=80053)[0m step:18 - global_seqlen/min:77340.000 - global_seqlen/max:163849.000 - global_seqlen/minmax_diff:86509.000 - global_seqlen/balanced_min:115011.000 - global_seqlen/balanced_max:115012.000 - global_seqlen/mean:115011.375 - training/rollout_probs_diff_max:0.000 - training/rollout_probs_diff_mean:0.000 - training/rollout_probs_diff_std:0.000 - train/sharpened_reward:0.661 - train/sharpened_coverage:0.719 - train/sharpened_top_prob:0.690 - train/sharpened_entropy:0.059 - train/sharpened_negative_rate:0.000 - train/sharpened_label_hit:0.688 - train/sharpened_negative_hit:0.000 - actor/pg_loss:0.213 - actor/pg_clipfrac:0.001 - actor/ppo_kl:0.000 - actor/pg_clipfrac_lower:0.000 - actor/kl_loss:0.006 - actor/kl_coef:0.001 - actor/grad_norm:1.294 - perf/mfu/actor:0.089 - perf/max_memory_allocated_gb:74.738 - perf/max_memory_reserved_gb:90.396 - perf/cpu_memory_used_gb:334.005 - actor/lr:0.000 - train/label_accuracy:0.750 - train/reward_accuracy:0.818 - train/majority_voting_reward:0.661 - train/ground_truth_reward:0.625 - train/pass@32:0.844 - train/majority_ratio:0.667 - training/global_step:18.000 - training/epoch:1.000 - critic/score/mean:0.661 - critic/score/max:1.000 - critic/score/min:0.000 - critic/rewards/mean:0.661 - critic/rewards/max:1.000 - critic/rewards/min:0.000 - critic/advantages/mean:-0.224 - critic/advantages/max:5.480 - critic/advantages/min:-5.480 - critic/returns/mean:-0.224 - critic/returns/max:5.480 - critic/returns/min:-5.480 - response_length/mean:781.026 - response_length/max:3072.000 - response_length/min:8.000 - response_length/clip_ratio:0.042 - prompt_length/mean:117.500 - prompt_length/max:306.000 - prompt_length/min:44.000 - prompt_length/clip_ratio:0.000 - timing_s/generate_sequences:25.309 - timing_s/reshard:0.798 - timing_s/gen:36.268 - timing_s/reward:9.376 - timing_s/old_log_prob:0.048 - timing_s/ref:19.221 - timing_s/adv:0.030 - timing_s/update_actor:62.450 - timing_s/step:141.794 - timing_per_token_ms/ref:0.021 - timing_per_token_ms/adv:0.000 - timing_per_token_ms/update_actor:0.068 - timing_per_token_ms/gen:0.045 - perf/total_num_tokens:920091.000 - perf/time_per_step:141.794 - perf/throughput:811.114
[36m(TaskRunner pid=80053)[0m [Shutdown] 4 subprocess(es) terminated.
[36m(TaskRunner pid=80053)[0m [Shutdown] 3 subprocess(es) terminated.
[36m(TaskRunner pid=80053)[0m Training Progress:  95%|█████████▌| 19/20 [43:13<02:09, 129.30s/it]
[36m(WorkerDict pid=80054)[0m INFO:2026-08-03 06:18:43,834:[Rank 6] Saved model to /tmp/ttrl_h100/checkpoints/ttrl_sharpened_grpo_b32_r32_v64_20step_h100_restore_mvanchor_soft002_20260803/global_step_20/actor/model_world_size_8_rank_6.pt
[36m(WorkerDict pid=80054)[0m INFO:2026-08-03 06:18:56,548:[Rank 6] Saved optim to /tmp/ttrl_h100/checkpoints/ttrl_sharpened_grpo_b32_r32_v64_20step_h100_restore_mvanchor_soft002_20260803/global_step_20/actor/optim_world_size_8_rank_6.pt
[36m(WorkerDict pid=80054)[0m INFO:2026-08-03 06:18:56,550:[Rank 6] Saved extra_state to /tmp/ttrl_h100/checkpoints/ttrl_sharpened_grpo_b32_r32_v64_20step_h100_restore_mvanchor_soft002_20260803/global_step_20/actor/extra_state_world_size_8_rank_6.pt
[36m(WorkerDict pid=80056)[0m INFO:2026-08-03 06:18:44,127:[Rank 7] Saved model to /tmp/ttrl_h100/checkpoints/ttrl_sharpened_grpo_b32_r32_v64_20step_h100_restore_mvanchor_soft002_20260803/global_step_20/actor/model_world_size_8_rank_7.pt[32m [repeated 7x across cluster][0m
[36m(TaskRunner pid=80053)[0m step:19 - global_seqlen/min:67904.000 - global_seqlen/max:109149.000 - global_seqlen/minmax_diff:41245.000 - global_seqlen/balanced_min:92869.000 - global_seqlen/balanced_max:92870.000 - global_seqlen/mean:92869.500 - training/rollout_probs_diff_max:0.000 - training/rollout_probs_diff_mean:0.000 - training/rollout_probs_diff_std:0.000 - train/sharpened_reward:0.796 - train/sharpened_coverage:0.938 - train/sharpened_top_prob:0.799 - train/sharpened_entropy:0.081 - train/sharpened_negative_rate:0.000 - train/sharpened_label_hit:0.812 - train/sharpened_negative_hit:0.000 - actor/pg_loss:0.084 - actor/pg_clipfrac:0.000 - actor/ppo_kl:0.000 - actor/pg_clipfrac_lower:0.000 - actor/kl_loss:0.005 - actor/kl_coef:0.001 - actor/grad_norm:1.010 - perf/mfu/actor:0.089 - perf/max_memory_allocated_gb:74.738 - perf/max_memory_reserved_gb:90.396 - perf/cpu_memory_used_gb:334.525 - actor/lr:0.000 - train/label_accuracy:0.875 - train/reward_accuracy:0.778 - train/majority_voting_reward:0.796 - train/ground_truth_reward:0.745 - train/pass@32:0.969 - train/majority_ratio:0.782 - training/global_step:19.000 - training/epoch:1.000 - critic/score/mean:0.796 - critic/score/max:1.000 - critic/score/min:0.000 - critic/rewards/mean:0.796 - critic/rewards/max:1.000 - critic/rewards/min:0.000 - critic/advantages/mean:-0.220 - critic/advantages/max:1.705 - critic/advantages/min:-5.480 - critic/returns/mean:-0.220 - critic/returns/max:1.705 - critic/returns/min:-5.480 - response_length/mean:646.293 - response_length/max:3072.000 - response_length/min:101.000 - response_length/clip_ratio:0.021 - prompt_length/mean:79.250 - prompt_length/max:165.000 - prompt_length/min:41.000 - prompt_length/clip_ratio:0.000 - timing_s/generate_sequences:23.952 - timing_s/reshard:0.661 - timing_s/gen:31.973 - timing_s/reward:10.559 - timing_s/old_log_prob:0.043 - timing_s/ref:16.222 - timing_s/adv:0.030 - timing_s/update_actor:49.842 - timing_s/step:121.331 - timing_per_token_ms/ref:0.022 - timing_per_token_ms/adv:0.000 - timing_per_token_ms/update_actor:0.067 - timing_per_token_ms/gen:0.048 - perf/total_num_tokens:742956.000 - perf/time_per_step:121.331 - perf/throughput:765.423
[36m(TaskRunner pid=80053)[0m [Shutdown] 5 subprocess(es) terminated.
[36m(TaskRunner pid=80053)[0m [Shutdown] 5 subprocess(es) terminated.
[36m(TaskRunner pid=80053)[0m test_gen_batch meta info: {'eos_token_id': 151643, 'pad_token_id': 151643, 'recompute_log_prob': False, 'do_sample': True, 'validate': True}
[36m(TaskRunner pid=80053)[0m validation generation end
[36m(TaskRunner pid=80053)[0m validation reward start
[36m(TaskRunner pid=80053)[0m [Shutdown] 4 subprocess(es) terminated.
[36m(TaskRunner pid=80053)[0m validation reward end
[36m(TaskRunner pid=80053)[0m len reward_extra_infos_dict['reward']: 8000
[36m(TaskRunner pid=80053)[0m len reward_extra_infos_dict['score']: 8000
[36m(TaskRunner pid=80053)[0m len reward_extra_infos_dict['format_score']: 8000
[36m(TaskRunner pid=80053)[0m len reward_extra_infos_dict['acc']: 8000
[36m(TaskRunner pid=80053)[0m len reward_extra_infos_dict['extracted_gt']: 8000
[36m(TaskRunner pid=80053)[0m len reward_extra_infos_dict['pred']: 8000
[36m(TaskRunner pid=80053)[0m local_global_step_folder: /tmp/ttrl_h100/checkpoints/ttrl_sharpened_grpo_b32_r32_v64_20step_h100_restore_mvanchor_soft002_20260803/global_step_20
[36m(TaskRunner pid=80053)[0m step:20 - global_seqlen/min:84419.000 - global_seqlen/max:139023.000 - global_seqlen/minmax_diff:54604.000 - global_seqlen/balanced_min:108643.000 - global_seqlen/balanced_max:108644.000 - global_seqlen/mean:108643.875 - training/rollout_probs_diff_max:0.000 - training/rollout_probs_diff_mean:0.000 - training/rollout_probs_diff_std:0.000 - train/sharpened_reward:0.714 - train/sharpened_coverage:0.812 - train/sharpened_top_prob:0.731 - train/sharpened_entropy:0.068 - train/sharpened_negative_rate:0.000 - train/sharpened_label_hit:0.656 - train/sharpened_negative_hit:0.000 - actor/pg_loss:0.089 - actor/pg_clipfrac:0.001 - actor/ppo_kl:0.000 - actor/pg_clipfrac_lower:0.000 - actor/kl_loss:0.004 - actor/kl_coef:0.001 - actor/grad_norm:1.006 - perf/mfu/actor:0.094 - perf/max_memory_allocated_gb:74.738 - perf/max_memory_reserved_gb:90.396 - perf/cpu_memory_used_gb:333.896 - actor/lr:0.000 - train/label_accuracy:0.719 - train/reward_accuracy:0.850 - train/majority_voting_reward:0.714 - train/ground_truth_reward:0.696 - train/pass@32:0.875 - train/majority_ratio:0.716 - val-aux/math/reward/mean@16:0.749 - val-aux/math/reward/std@16:0.165 - val-aux/math/reward/best@2/mean:0.815 - val-aux/math/reward/best@2/std:0.120 - val-aux/math/reward/worst@2/mean:0.682 - val-aux/math/reward/worst@2/std:0.159 - val-aux/math/reward/maj@2/mean:0.749 - val-aux/math/reward/maj@2/std:0.165 - val-aux/math/reward/best@4/mean:0.859 - val-aux/math/reward/best@4/std:0.075 - val-aux/math/reward/worst@4/mean:0.618 - val-aux/math/reward/worst@4/std:0.136 - val-aux/math/reward/maj@4/mean:0.784 - val-aux/math/reward/maj@4/std:0.128 - val-aux/math/reward/best@8/mean:0.886 - val-aux/math/reward/best@8/std:0.045 - val-aux/math/reward/worst@8/mean:0.561 - val-aux/math/reward/worst@8/std:0.106 - val-aux/math/reward/maj@8/mean:0.806 - val-aux/math/reward/maj@8/std:0.088 - val-aux/math/reward/best@16/mean:0.903 - val-aux/math/reward/best@16/std:0.026 - val-aux/math/reward/worst@16/mean:0.518 - val-aux/math/reward/worst@16/std:0.071 - val-aux/math/reward/maj@16/mean:0.819 - val-aux/math/reward/maj@16/std:0.060 - val-aux/math/score/mean@16:0.749 - val-aux/math/score/std@16:0.165 - val-aux/math/score/best@2/mean:0.815 - val-aux/math/score/best@2/std:0.120 - val-aux/math/score/worst@2/mean:0.682 - val-aux/math/score/worst@2/std:0.159 - val-aux/math/score/maj@2/mean:0.749 - val-aux/math/score/maj@2/std:0.165 - val-aux/math/score/best@4/mean:0.859 - val-aux/math/score/best@4/std:0.075 - val-aux/math/score/worst@4/mean:0.618 - val-aux/math/score/worst@4/std:0.136 - val-aux/math/score/maj@4/mean:0.784 - val-aux/math/score/maj@4/std:0.128 - val-aux/math/score/best@8/mean:0.886 - val-aux/math/score/best@8/std:0.045 - val-aux/math/score/worst@8/mean:0.561 - val-aux/math/score/worst@8/std:0.106 - val-aux/math/score/maj@8/mean:0.806 - val-aux/math/score/maj@8/std:0.088 - val-aux/math/score/best@16/mean:0.903 - val-aux/math/score/best@16/std:0.026 - val-aux/math/score/worst@16/mean:0.518 - val-aux/math/score/worst@16/std:0.071 - val-aux/math/score/maj@16/mean:0.819 - val-aux/math/score/maj@16/std:0.060 - val-aux/math/format_score/mean@16:0.969 - val-aux/math/format_score/std@16:0.062 - val-aux/math/format_score/best@2/mean:0.990 - val-aux/math/format_score/best@2/std:0.028 - val-aux/math/format_score/worst@2/mean:0.948 - val-aux/math/format_score/worst@2/std:0.075 - val-aux/math/format_score/maj@2/mean:0.969 - val-aux/math/format_score/maj@2/std:0.062 - val-aux/math/format_score/best@4/mean:0.997 - val-aux/math/format_score/best@4/std:0.008 - val-aux/math/format_score/worst@4/mean:0.918 - val-aux/math/format_score/worst@4/std:0.083 - val-aux/math/format_score/maj@4/mean:0.972 - val-aux/math/format_score/maj@4/std:0.049 - val-aux/math/format_score/best@8/mean:0.999 - val-aux/math/format_score/best@8/std:0.002 - val-aux/math/format_score/worst@8/mean:0.882 - val-aux/math/format_score/worst@8/std:0.081 - val-aux/math/format_score/maj@8/mean:0.972 - val-aux/math/format_score/maj@8/std:0.037 - val-aux/math/format_score/best@16/mean:1.000 - val-aux/math/format_score/best@16/std:0.001 - val-aux/math/format_score/worst@16/mean:0.845 - val-aux/math/format_score/worst@16/std:0.065 - val-aux/math/format_score/maj@16/mean:0.970 - val-aux/math/format_score/maj@16/std:0.026 - val-core/math/acc/mean@16:0.749 - val-aux/math/acc/std@16:0.165 - val-aux/math/acc/best@2/mean:0.815 - val-aux/math/acc/best@2/std:0.120 - val-aux/math/acc/worst@2/mean:0.682 - val-aux/math/acc/worst@2/std:0.159 - val-aux/math/acc/maj@2/mean:0.749 - val-aux/math/acc/maj@2/std:0.165 - val-aux/math/acc/best@4/mean:0.859 - val-aux/math/acc/best@4/std:0.075 - val-aux/math/acc/worst@4/mean:0.618 - val-aux/math/acc/worst@4/std:0.136 - val-aux/math/acc/maj@4/mean:0.784 - val-aux/math/acc/maj@4/std:0.128 - val-aux/math/acc/best@8/mean:0.886 - val-aux/math/acc/best@8/std:0.045 - val-aux/math/acc/worst@8/mean:0.561 - val-aux/math/acc/worst@8/std:0.106 - val-aux/math/acc/maj@8/mean:0.806 - val-aux/math/acc/maj@8/std:0.088 - val-core/math/acc/best@16/mean:0.903 - val-core/math/acc/best@16/std:0.026 - val-aux/math/acc/worst@16/mean:0.518 - val-aux/math/acc/worst@16/std:0.071 - val-core/math/acc/maj@16/mean:0.819 - val-core/math/acc/maj@16/std:0.060 - training/global_step:20.000 - training/epoch:1.000 - critic/score/mean:0.714 - critic/score/max:1.000 - critic/score/min:0.000 - critic/rewards/mean:0.714 - critic/rewards/max:1.000 - critic/rewards/min:0.000 - critic/advantages/mean:-0.115 - critic/advantages/max:5.480 - critic/advantages/min:-5.480 - critic/returns/mean:-0.115 - critic/returns/max:5.480 - critic/returns/min:-5.480 - response_length/mean:753.374 - response_length/max:3072.000 - response_length/min:3.000 - response_length/clip_ratio:0.023 - prompt_length/mean:95.406 - prompt_length/max:252.000 - prompt_length/min:49.000 - prompt_length/clip_ratio:0.000 - timing_s/generate_sequences:24.949 - timing_s/reshard:0.635 - timing_s/gen:33.865 - timing_s/reward:9.616 - timing_s/old_log_prob:0.049 - timing_s/ref:17.481 - timing_s/adv:0.028 - timing_s/update_actor:55.523 - timing_s/testing:305.991 - timing_s/save_checkpoint:19.842 - timing_s/step:457.568 - timing_per_token_ms/ref:0.020 - timing_per_token_ms/adv:0.000 - timing_per_token_ms/update_actor:0.064 - timing_per_token_ms/gen:0.044 - perf/total_num_tokens:869151.000 - perf/time_per_step:457.568 - perf/throughput:237.438
[36m(TaskRunner pid=80053)[0m ("Final validation metrics: {'val-aux/math/reward/mean@16': "
[36m(TaskRunner pid=80053)[0m  "np.float64(0.74875), 'val-aux/math/reward/std@16': "
[36m(TaskRunner pid=80053)[0m  "np.float64(0.1654578839371202), 'val-aux/math/reward/best@2/mean': "
[36m(TaskRunner pid=80053)[0m  "np.float64(0.815118), 'val-aux/math/reward/best@2/std': "
[36m(TaskRunner pid=80053)[0m  "np.float64(0.12033780976731616), 'val-aux/math/reward/worst@2/mean': "
[36m(TaskRunner pid=80053)[0m  "np.float64(0.68222), 'val-aux/math/reward/worst@2/std': "
[36m(TaskRunner pid=80053)[0m  "np.float64(0.15871168928083018), 'val-aux/math/reward/maj@2/mean': "
[36m(TaskRunner pid=80053)[0m  "np.float64(0.74875), 'val-aux/math/reward/maj@2/std': "
[36m(TaskRunner pid=80053)[0m  "np.float64(0.1648547552253508), 'val-aux/math/reward/best@4/mean': "
[36m(TaskRunner pid=80053)[0m  "np.float64(0.858692), 'val-aux/math/reward/best@4/std': "
[36m(TaskRunner pid=80053)[0m  "np.float64(0.0745319158468637), 'val-aux/math/reward/worst@4/mean': "
[36m(TaskRunner pid=80053)[0m  "np.float64(0.6175), 'val-aux/math/reward/worst@4/std': "
[36m(TaskRunner pid=80053)[0m  "np.float64(0.1362287455519022), 'val-aux/math/reward/maj@4/mean': "
[36m(TaskRunner pid=80053)[0m  "np.float64(0.7839100000000001), 'val-aux/math/reward/maj@4/std': "
[36m(TaskRunner pid=80053)[0m  "np.float64(0.12753030299709342), 'val-aux/math/reward/best@8/mean': "
[36m(TaskRunner pid=80053)[0m  "np.float64(0.8855879999999999), 'val-aux/math/reward/best@8/std': "
[36m(TaskRunner pid=80053)[0m  "np.float64(0.04520935301572996), 'val-aux/math/reward/worst@8/mean': "
[36m(TaskRunner pid=80053)[0m  "np.float64(0.5613040000000001), 'val-aux/math/reward/worst@8/std': "
[36m(TaskRunner pid=80053)[0m  "np.float64(0.10597077868531907), 'val-aux/math/reward/maj@8/mean': "
[36m(TaskRunner pid=80053)[0m  "np.float64(0.805906), 'val-aux/math/reward/maj@8/std': "
[36m(TaskRunner pid=80053)[0m  "np.float64(0.08834159969550384), 'val-aux/math/reward/best@16/mean': "
[36m(TaskRunner pid=80053)[0m  "np.float64(0.9026959999999999), 'val-aux/math/reward/best@16/std': "
[36m(TaskRunner pid=80053)[0m  "np.float64(0.025669743197891427), 'val-aux/math/reward/worst@16/mean': "
[36m(TaskRunner pid=80053)[0m  "np.float64(0.517606), 'val-aux/math/reward/worst@16/std': "
[36m(TaskRunner pid=80053)[0m  "np.float64(0.0709004405713928), 'val-aux/math/reward/maj@16/mean': "
[36m(TaskRunner pid=80053)[0m  "np.float64(0.8188599999999999), 'val-aux/math/reward/maj@16/std': "
[36m(TaskRunner pid=80053)[0m  "np.float64(0.059523610399380686), 'val-aux/math/score/mean@16': "
[36m(TaskRunner pid=80053)[0m  "np.float64(0.74875), 'val-aux/math/score/std@16': "
[36m(TaskRunner pid=80053)[0m  "np.float64(0.1654578839371202), 'val-aux/math/score/best@2/mean': "
[36m(TaskRunner pid=80053)[0m  "np.float64(0.815118), 'val-aux/math/score/best@2/std': "
[36m(TaskRunner pid=80053)[0m  "np.float64(0.12033780976731616), 'val-aux/math/score/worst@2/mean': "
[36m(TaskRunner pid=80053)[0m  "np.float64(0.68222), 'val-aux/math/score/worst@2/std': "
[36m(TaskRunner pid=80053)[0m  "np.float64(0.15871168928083018), 'val-aux/math/score/maj@2/mean': "
[36m(TaskRunner pid=80053)[0m  "np.float64(0.74875), 'val-aux/math/score/maj@2/std': "
[36m(TaskRunner pid=80053)[0m  "np.float64(0.1648547552253508), 'val-aux/math/score/best@4/mean': "
[36m(TaskRunner pid=80053)[0m  "np.float64(0.858692), 'val-aux/math/score/best@4/std': "
[36m(TaskRunner pid=80053)[0m  "np.float64(0.0745319158468637), 'val-aux/math/score/worst@4/mean': "
[36m(TaskRunner pid=80053)[0m  "np.float64(0.6175), 'val-aux/math/score/worst@4/std': "
[36m(TaskRunner pid=80053)[0m  "np.float64(0.1362287455519022), 'val-aux/math/score/maj@4/mean': "
[36m(TaskRunner pid=80053)[0m  "np.float64(0.7839100000000001), 'val-aux/math/score/maj@4/std': "
[36m(TaskRunner pid=80053)[0m  "np.float64(0.12753030299709342), 'val-aux/math/score/best@8/mean': "
[36m(TaskRunner pid=80053)[0m  "np.float64(0.8855879999999999), 'val-aux/math/score/best@8/std': "
[36m(TaskRunner pid=80053)[0m  "np.float64(0.04520935301572996), 'val-aux/math/score/worst@8/mean': "
[36m(TaskRunner pid=80053)[0m  "np.float64(0.5613040000000001), 'val-aux/math/score/worst@8/std': "
[36m(TaskRunner pid=80053)[0m  "np.float64(0.10597077868531907), 'val-aux/math/score/maj@8/mean': "
[36m(TaskRunner pid=80053)[0m  "np.float64(0.805906), 'val-aux/math/score/maj@8/std': "
[36m(TaskRunner pid=80053)[0m  "np.float64(0.08834159969550384), 'val-aux/math/score/best@16/mean': "
[36m(TaskRunner pid=80053)[0m  "np.float64(0.9026959999999999), 'val-aux/math/score/best@16/std': "
[36m(TaskRunner pid=80053)[0m  "np.float64(0.025669743197891427), 'val-aux/math/score/worst@16/mean': "
[36m(TaskRunner pid=80053)[0m  "np.float64(0.517606), 'val-aux/math/score/worst@16/std': "
[36m(TaskRunner pid=80053)[0m  "np.float64(0.0709004405713928), 'val-aux/math/score/maj@16/mean': "
[36m(TaskRunner pid=80053)[0m  "np.float64(0.8188599999999999), 'val-aux/math/score/maj@16/std': "
[36m(TaskRunner pid=80053)[0m  "np.float64(0.059523610399380686), 'val-aux/math/format_score/mean@16': "
[36m(TaskRunner pid=80053)[0m  "np.float64(0.96925), 'val-aux/math/format_score/std@16': "
[36m(TaskRunner pid=80053)[0m  "np.float64(0.06217708242524733), 'val-aux/math/format_score/best@2/mean': "
[36m(TaskRunner pid=80053)[0m  "np.float64(0.990364), 'val-aux/math/format_score/best@2/std': "
[36m(TaskRunner pid=80053)[0m  "np.float64(0.028070527878187652), 'val-aux/math/format_score/worst@2/mean': "
[36m(TaskRunner pid=80053)[0m  "np.float64(0.947856), 'val-aux/math/format_score/worst@2/std': "
[36m(TaskRunner pid=80053)[0m  "np.float64(0.07485691233969402), 'val-aux/math/format_score/maj@2/mean': "
[36m(TaskRunner pid=80053)[0m  "np.float64(0.9691579999999999), 'val-aux/math/format_score/maj@2/std': "
[36m(TaskRunner pid=80053)[0m  "np.float64(0.06197382765440044), 'val-aux/math/format_score/best@4/mean': "
[36m(TaskRunner pid=80053)[0m  "np.float64(0.997226), 'val-aux/math/format_score/best@4/std': "
[36m(TaskRunner pid=80053)[0m  "np.float64(0.008271335958389477), 'val-aux/math/format_score/worst@4/mean': "
[36m(TaskRunner pid=80053)[0m  "np.float64(0.918454), 'val-aux/math/format_score/worst@4/std': "
[36m(TaskRunner pid=80053)[0m  "np.float64(0.0826438584903736), 'val-aux/math/format_score/maj@4/mean': "
[36m(TaskRunner pid=80053)[0m  "np.float64(0.9721000000000001), 'val-aux/math/format_score/maj@4/std': "
[36m(TaskRunner pid=80053)[0m  "np.float64(0.049155672047681946), 'val-aux/math/format_score/best@8/mean': "
[36m(TaskRunner pid=80053)[0m  "np.float64(0.9993280000000001), 'val-aux/math/format_score/best@8/std': "
[36m(TaskRunner pid=80053)[0m  "np.float64(0.0024166635756784766), 'val-aux/math/format_score/worst@8/mean': "
[36m(TaskRunner pid=80053)[0m  "np.float64(0.8823759999999999), 'val-aux/math/format_score/worst@8/std': "
[36m(TaskRunner pid=80053)[0m  "np.float64(0.0810145963080174), 'val-aux/math/format_score/maj@8/mean': "
[36m(TaskRunner pid=80053)[0m  "np.float64(0.9720639999999999), 'val-aux/math/format_score/maj@8/std': "
[36m(TaskRunner pid=80053)[0m  "np.float64(0.036598668602426346), 'val-aux/math/format_score/best@16/mean': "
[36m(TaskRunner pid=80053)[0m  "np.float64(0.999888), 'val-aux/math/format_score/best@16/std': "
[36m(TaskRunner pid=80053)[0m  'np.float64(0.0005810628143186346), '
[36m(TaskRunner pid=80053)[0m  "'val-aux/math/format_score/worst@16/mean': np.float64(0.844594), "
[36m(TaskRunner pid=80053)[0m  "'val-aux/math/format_score/worst@16/std': np.float64(0.06509829196277936), "
[36m(TaskRunner pid=80053)[0m  "'val-aux/math/format_score/maj@16/mean': np.float64(0.9704480000000001), "
[36m(TaskRunner pid=80053)[0m  "'val-aux/math/format_score/maj@16/std': np.float64(0.025611130204846323), "
[36m(TaskRunner pid=80053)[0m  "'val-core/math/acc/mean@16': np.float64(0.74875), 'val-aux/math/acc/std@16': "
[36m(TaskRunner pid=80053)[0m  "np.float64(0.1654578839371202), 'val-aux/math/acc/best@2/mean': "
[36m(TaskRunner pid=80053)[0m  "np.float64(0.815118), 'val-aux/math/acc/best@2/std': "
[36m(TaskRunner pid=80053)[0m  "np.float64(0.12033780976731616), 'val-aux/math/acc/worst@2/mean': "
[36m(TaskRunner pid=80053)[0m  "np.float64(0.68222), 'val-aux/math/acc/worst@2/std': "
[36m(TaskRunner pid=80053)[0m  "np.float64(0.15871168928083018), 'val-aux/math/acc/maj@2/mean': "
[36m(TaskRunner pid=80053)[0m  "np.float64(0.74875), 'val-aux/math/acc/maj@2/std': "
[36m(TaskRunner pid=80053)[0m  "np.float64(0.1648547552253508), 'val-aux/math/acc/best@4/mean': "
[36m(TaskRunner pid=80053)[0m  "np.float64(0.858692), 'val-aux/math/acc/best@4/std': "
[36m(TaskRunner pid=80053)[0m  "np.float64(0.0745319158468637), 'val-aux/math/acc/worst@4/mean': "
[36m(TaskRunner pid=80053)[0m  "np.float64(0.6175), 'val-aux/math/acc/worst@4/std': "
[36m(TaskRunner pid=80053)[0m  "np.float64(0.1362287455519022), 'val-aux/math/acc/maj@4/mean': "
[36m(TaskRunner pid=80053)[0m  "np.float64(0.7839100000000001), 'val-aux/math/acc/maj@4/std': "
[36m(TaskRunner pid=80053)[0m  "np.float64(0.12753030299709342), 'val-aux/math/acc/best@8/mean': "
[36m(TaskRunner pid=80053)[0m  "np.float64(0.8855879999999999), 'val-aux/math/acc/best@8/std': "
[36m(TaskRunner pid=80053)[0m  "np.float64(0.04520935301572996), 'val-aux/math/acc/worst@8/mean': "
[36m(TaskRunner pid=80053)[0m  "np.float64(0.5613040000000001), 'val-aux/math/acc/worst@8/std': "
[36m(TaskRunner pid=80053)[0m  "np.float64(0.10597077868531907), 'val-aux/math/acc/maj@8/mean': "
[36m(TaskRunner pid=80053)[0m  "np.float64(0.805906), 'val-aux/math/acc/maj@8/std': "
[36m(TaskRunner pid=80053)[0m  "np.float64(0.08834159969550384), 'val-core/math/acc/best@16/mean': "
[36m(TaskRunner pid=80053)[0m Training Progress: 100%|██████████| 20/20 [50:51<00:00, 227.88s/it]Training Progress: 100%|██████████| 20/20 [50:51<00:00, 152.57s/it]
[36m(WorkerDict pid=80045)[0m INFO:2026-08-03 06:18:57,070:[Rank 0] Saved model config and tokenizer class to /tmp/ttrl_h100/checkpoints/ttrl_sharpened_grpo_b32_r32_v64_20step_h100_restore_mvanchor_soft002_20260803/global_step_20/actor/huggingface
[36m(WorkerDict pid=80056)[0m INFO:2026-08-03 06:18:57,089:[Rank 7] Saved optim to /tmp/ttrl_h100/checkpoints/ttrl_sharpened_grpo_b32_r32_v64_20step_h100_restore_mvanchor_soft002_20260803/global_step_20/actor/optim_world_size_8_rank_7.pt[32m [repeated 7x across cluster][0m
[36m(WorkerDict pid=80056)[0m INFO:2026-08-03 06:18:57,091:[Rank 7] Saved extra_state to /tmp/ttrl_h100/checkpoints/ttrl_sharpened_grpo_b32_r32_v64_20step_h100_restore_mvanchor_soft002_20260803/global_step_20/actor/extra_state_world_size_8_rank_7.pt[32m [repeated 7x across cluster][0m
[36m(TaskRunner pid=80053)[0m  "np.float64(0.9026959999999999), 'val-core/math/acc/best@16/std': "
[36m(TaskRunner pid=80053)[0m  "np.float64(0.025669743197891427), 'val-aux/math/acc/worst@16/mean': "
[36m(TaskRunner pid=80053)[0m  "np.float64(0.517606), 'val-aux/math/acc/worst@16/std': "
[36m(TaskRunner pid=80053)[0m  "np.float64(0.0709004405713928), 'val-core/math/acc/maj@16/mean': "
[36m(TaskRunner pid=80053)[0m  "np.float64(0.8188599999999999), 'val-core/math/acc/maj@16/std': "
[36m(TaskRunner pid=80053)[0m  'np.float64(0.059523610399380686)}')
