MODEL_READY: /models/Qwen2.5-Math-7B
Using python: /mlx_devbox/users/quyanyi/playground/.venvs/ttrl_b200/bin/python
Using model: /models/Qwen2.5-Math-7B
Using data: /mlx_devbox/users/quyanyi/playground/TTRL/verl/data/MATH-TTT
Output directory: /tmp/ttrl_b200/checkpoints/ttrl_chunk_state_powerflow_futuregain_fullcand_mid_c128_probe1536x4_b32_r32_v64_20step_20260801
Actor offload: param=False optimizer=False activation=False
Rollout: free_cache_engine=False enforce_eager=False gpu_memory_utilization=0.86
Critic offload: param=False optimizer=False activation=False
/mlx_devbox/users/quyanyi/playground/TTRL/verl/verl/__init__.py:18: UserWarning: pkg_resources is deprecated as an API. See https://setuptools.pypa.io/en/latest/pkg_resources.html. The pkg_resources package is slated for removal as early as 2025-11-30. Refrain from using this package or pin to Setuptools<81.
  import pkg_resources
/mlx_devbox/users/quyanyi/playground/.venvs/ttrl_b200/lib/python3.11/site-packages/huggingface_hub/constants.py:298: FutureWarning: The `HF_HUB_ENABLE_HF_TRANSFER` environment variable is deprecated as 'hf_transfer' is not used anymore. Please use `HF_XET_HIGH_PERFORMANCE` instead to enable high performance transfer with Xet. Visit https://huggingface.co/docs/huggingface_hub/package_reference/environment_variables#hfxethighperformance for more details.
  warnings.warn(
2026-08-01 23:50:48,213	INFO worker.py:2024 -- Started a local Ray instance.
[36m(pid=3466873)[0m /mlx_devbox/users/quyanyi/playground/TTRL/verl/verl/__init__.py:18: UserWarning: pkg_resources is deprecated as an API. See https://setuptools.pypa.io/en/latest/pkg_resources.html. The pkg_resources package is slated for removal as early as 2025-11-30. Refrain from using this package or pin to Setuptools<81.
[36m(pid=3466873)[0m   import pkg_resources
[36m(pid=3466873)[0m /mlx_devbox/users/quyanyi/playground/.venvs/ttrl_b200/lib/python3.11/site-packages/huggingface_hub/constants.py:298: FutureWarning: The `HF_HUB_ENABLE_HF_TRANSFER` environment variable is deprecated as 'hf_transfer' is not used anymore. Please use `HF_XET_HIGH_PERFORMANCE` instead to enable high performance transfer with Xet. Visit https://huggingface.co/docs/huggingface_hub/package_reference/environment_variables#hfxethighperformance for more details.
[36m(pid=3466873)[0m   warnings.warn(
[36m(TaskRunner pid=3466873)[0m TaskRunner hostname: trial-302172199-trialrun-302172199-worker-0, PID: 3466873
[36m(TaskRunner pid=3466873)[0m {'actor_rollout_ref': {'actor': {'checkpoint': {'load_contents': ['model',
[36m(TaskRunner pid=3466873)[0m                                                                   'optimizer',
[36m(TaskRunner pid=3466873)[0m                                                                   'extra'],
[36m(TaskRunner pid=3466873)[0m                                                 'save_contents': ['model',
[36m(TaskRunner pid=3466873)[0m                                                                   'optimizer',
[36m(TaskRunner pid=3466873)[0m                                                                   'extra']},
[36m(TaskRunner pid=3466873)[0m                                  'chunk_weighted_nll_enable': False,
[36m(TaskRunner pid=3466873)[0m                                  'clip_ratio': 0.2,
[36m(TaskRunner pid=3466873)[0m                                  'clip_ratio_c': 3.0,
[36m(TaskRunner pid=3466873)[0m                                  'clip_ratio_high': 0.2,
[36m(TaskRunner pid=3466873)[0m                                  'clip_ratio_low': 0.2,
[36m(TaskRunner pid=3466873)[0m                                  'entropy_checkpointing': False,
[36m(TaskRunner pid=3466873)[0m                                  'entropy_coeff': 0,
[36m(TaskRunner pid=3466873)[0m                                  'entropy_from_logits_with_chunking': False,
[36m(TaskRunner pid=3466873)[0m                                  'fsdp_config': {'forward_prefetch': False,
[36m(TaskRunner pid=3466873)[0m                                                  'fsdp_size': -1,
[36m(TaskRunner pid=3466873)[0m                                                  'offload_policy': False,
[36m(TaskRunner pid=3466873)[0m                                                  'optimizer_offload': False,
[36m(TaskRunner pid=3466873)[0m                                                  'param_offload': False,
[36m(TaskRunner pid=3466873)[0m                                                  'reshard_after_forward': True,
[36m(TaskRunner pid=3466873)[0m                                                  'wrap_policy': {'min_num_params': 0}},
[36m(TaskRunner pid=3466873)[0m                                  'grad_clip': 1.0,
[36m(TaskRunner pid=3466873)[0m                                  'kl_loss_coef': 0.001,
[36m(TaskRunner pid=3466873)[0m                                  'kl_loss_type': 'low_var_kl',
[36m(TaskRunner pid=3466873)[0m                                  'loss_agg_mode': 'token-mean',
[36m(TaskRunner pid=3466873)[0m                                  'optim': {'lr': 5e-07,
[36m(TaskRunner pid=3466873)[0m                                            'lr_warmup_steps': -1,
[36m(TaskRunner pid=3466873)[0m                                            'lr_warmup_steps_ratio': 0.03,
[36m(TaskRunner pid=3466873)[0m                                            'min_lr_ratio': 0.0,
[36m(TaskRunner pid=3466873)[0m                                            'num_cycles': 0.5,
[36m(TaskRunner pid=3466873)[0m                                            'total_training_steps': -1,
[36m(TaskRunner pid=3466873)[0m                                            'warmup_style': 'cosine',
[36m(TaskRunner pid=3466873)[0m                                            'weight_decay': 0.01},
[36m(TaskRunner pid=3466873)[0m                                  'policy_loss': {'clip_cov_lb': 1.0,
[36m(TaskRunner pid=3466873)[0m                                                  'clip_cov_ratio': 0.0002,
[36m(TaskRunner pid=3466873)[0m                                                  'clip_cov_ub': 5.0,
[36m(TaskRunner pid=3466873)[0m                                                  'kl_cov_ratio': 0.0002,
[36m(TaskRunner pid=3466873)[0m                                                  'loss_mode': 'vanilla',
[36m(TaskRunner pid=3466873)[0m                                                  'ppo_kl_coef': 0.1},
[36m(TaskRunner pid=3466873)[0m                                  'powerflow_beta_coef': 4.0,
[36m(TaskRunner pid=3466873)[0m                                  'powerflow_chunk_loss_mode': 'standard',
[36m(TaskRunner pid=3466873)[0m                                  'powerflow_enable': True,
[36m(TaskRunner pid=3466873)[0m                                  'powerflow_init_ref_log_prob': 0.36,
[36m(TaskRunner pid=3466873)[0m                                  'powerflow_on_policy': False,
[36m(TaskRunner pid=3466873)[0m                                  'powerflow_proj_layers': 3,
[36m(TaskRunner pid=3466873)[0m                                  'powerflow_use_boxed_reward': True,
[36m(TaskRunner pid=3466873)[0m                                  'powerflow_use_chunk_weights': True,
[36m(TaskRunner pid=3466873)[0m                                  'ppo_epochs': 1,
[36m(TaskRunner pid=3466873)[0m                                  'ppo_max_token_len_per_gpu': 8192,
[36m(TaskRunner pid=3466873)[0m                                  'ppo_micro_batch_size': None,
[36m(TaskRunner pid=3466873)[0m                                  'ppo_micro_batch_size_per_gpu': 1,
[36m(TaskRunner pid=3466873)[0m                                  'ppo_mini_batch_size': 8,
[36m(TaskRunner pid=3466873)[0m                                  'profiler': {'all_ranks': False,
[36m(TaskRunner pid=3466873)[0m                                               'discrete': False,
[36m(TaskRunner pid=3466873)[0m                                               'ranks': None},
[36m(TaskRunner pid=3466873)[0m                                  'shuffle': False,
[36m(TaskRunner pid=3466873)[0m                                  'strategy': 'fsdp',
[36m(TaskRunner pid=3466873)[0m                                  'ulysses_sequence_parallel_size': 1,
[36m(TaskRunner pid=3466873)[0m                                  'use_dynamic_bsz': False,
[36m(TaskRunner pid=3466873)[0m                                  'use_kl_loss': False,
[36m(TaskRunner pid=3466873)[0m                                  'use_torch_compile': True},
[36m(TaskRunner pid=3466873)[0m                        'hybrid_engine': True,
[36m(TaskRunner pid=3466873)[0m                        'model': {'attn_implementation': 'sdpa',
[36m(TaskRunner pid=3466873)[0m                                  'custom_chat_template': None,
[36m(TaskRunner pid=3466873)[0m                                  'enable_activation_offload': False,
[36m(TaskRunner pid=3466873)[0m                                  'enable_gradient_checkpointing': True,
[36m(TaskRunner pid=3466873)[0m                                  'exclude_modules': None,
[36m(TaskRunner pid=3466873)[0m                                  'external_lib': None,
[36m(TaskRunner pid=3466873)[0m                                  'fused_kernel_options': {'impl_backend': 'triton'},
[36m(TaskRunner pid=3466873)[0m                                  'lora_alpha': 16,
[36m(TaskRunner pid=3466873)[0m                                  'lora_rank': 0,
[36m(TaskRunner pid=3466873)[0m                                  'override_config': {},
[36m(TaskRunner pid=3466873)[0m                                  'path': '/models/Qwen2.5-Math-7B',
[36m(TaskRunner pid=3466873)[0m                                  'target_modules': 'all-linear',
[36m(TaskRunner pid=3466873)[0m                                  'trust_remote_code': False,
[36m(TaskRunner pid=3466873)[0m                                  'use_fused_kernels': True,
[36m(TaskRunner pid=3466873)[0m                                  'use_liger': False,
[36m(TaskRunner pid=3466873)[0m                                  'use_remove_padding': True,
[36m(TaskRunner pid=3466873)[0m                                  'use_shm': False},
[36m(TaskRunner pid=3466873)[0m                        'ref': {'entropy_checkpointing': False,
[36m(TaskRunner pid=3466873)[0m                                'entropy_from_logits_with_chunking': False,
[36m(TaskRunner pid=3466873)[0m                                'fsdp_config': {'forward_prefetch': False,
[36m(TaskRunner pid=3466873)[0m                                                'param_offload': True,
[36m(TaskRunner pid=3466873)[0m                                                'reshard_after_forward': True,
[36m(TaskRunner pid=3466873)[0m                                                'wrap_policy': {'min_num_params': 0}},
[36m(TaskRunner pid=3466873)[0m                                'log_prob_max_token_len_per_gpu': 8192,
[36m(TaskRunner pid=3466873)[0m                                'log_prob_micro_batch_size': None,
[36m(TaskRunner pid=3466873)[0m                                'log_prob_micro_batch_size_per_gpu': 1,
[36m(TaskRunner pid=3466873)[0m                                'log_prob_use_dynamic_bsz': False,
[36m(TaskRunner pid=3466873)[0m                                'profiler': {'all_ranks': False,
[36m(TaskRunner pid=3466873)[0m                                             'discrete': False,
[36m(TaskRunner pid=3466873)[0m                                             'ranks': None},
[36m(TaskRunner pid=3466873)[0m                                'strategy': 'fsdp',
[36m(TaskRunner pid=3466873)[0m                                'ulysses_sequence_parallel_size': 1,
[36m(TaskRunner pid=3466873)[0m                                'use_torch_compile': True},
[36m(TaskRunner pid=3466873)[0m                        'rollout': {'agent': {'num_workers': 8},
[36m(TaskRunner pid=3466873)[0m                                    'calculate_log_probs': True,
[36m(TaskRunner pid=3466873)[0m                                    'disable_log_stats': True,
[36m(TaskRunner pid=3466873)[0m                                    'do_sample': True,
[36m(TaskRunner pid=3466873)[0m                                    'dtype': 'bfloat16',
[36m(TaskRunner pid=3466873)[0m                                    'enable_chunked_prefill': True,
[36m(TaskRunner pid=3466873)[0m                                    'enforce_eager': False,
[36m(TaskRunner pid=3466873)[0m                                    'engine_kwargs': {'sglang': {'attention_backend': None},
[36m(TaskRunner pid=3466873)[0m                                                      'vllm': {'attention_config': {'backend': 'FLASH_ATTN'},
[36m(TaskRunner pid=3466873)[0m                                                               'disable_mm_preprocessor_cache': False,
[36m(TaskRunner pid=3466873)[0m                                                               'swap_space': None}},
[36m(TaskRunner pid=3466873)[0m                                    'free_cache_engine': False,
[36m(TaskRunner pid=3466873)[0m                                    'gpu_memory_utilization': 0.86,
[36m(TaskRunner pid=3466873)[0m                                    'ignore_eos': False,
[36m(TaskRunner pid=3466873)[0m                                    'layered_summon': False,
[36m(TaskRunner pid=3466873)[0m                                    'load_format': 'dummy_dtensor',
[36m(TaskRunner pid=3466873)[0m                                    'log_prob_max_token_len_per_gpu': 8192,
[36m(TaskRunner pid=3466873)[0m                                    'log_prob_micro_batch_size': None,
[36m(TaskRunner pid=3466873)[0m                                    'log_prob_micro_batch_size_per_gpu': 1,
[36m(TaskRunner pid=3466873)[0m                                    'log_prob_use_dynamic_bsz': False,
[36m(TaskRunner pid=3466873)[0m                                    'logprobs': 1,
[36m(TaskRunner pid=3466873)[0m                                    'max_model_len': 4096,
[36m(TaskRunner pid=3466873)[0m                                    'max_num_batched_tokens': 65536,
[36m(TaskRunner pid=3466873)[0m                                    'max_num_seqs': 1024,
[36m(TaskRunner pid=3466873)[0m                                    'mode': 'sync',
[36m(TaskRunner pid=3466873)[0m                                    'multi_stage_wake_up': False,
[36m(TaskRunner pid=3466873)[0m                                    'multi_turn': {'completion_callback': None,
[36m(TaskRunner pid=3466873)[0m                                                   'enable': False,
[36m(TaskRunner pid=3466873)[0m                                                   'format': 'hermes',
[36m(TaskRunner pid=3466873)[0m                                                   'interaction_config_path': None,
[36m(TaskRunner pid=3466873)[0m                                                   'max_assistant_turns': None,
[36m(TaskRunner pid=3466873)[0m                                                   'max_parallel_calls': 1,
[36m(TaskRunner pid=3466873)[0m                                                   'max_tool_response_length': 256,
[36m(TaskRunner pid=3466873)[0m                                                   'max_user_turns': None,
[36m(TaskRunner pid=3466873)[0m                                                   'tokenization_sanity_check_mode': 'strict',
[36m(TaskRunner pid=3466873)[0m                                                   'tool_config_path': None,
[36m(TaskRunner pid=3466873)[0m                                                   'tool_response_truncate_side': 'middle',
[36m(TaskRunner pid=3466873)[0m                                                   'use_inference_chat_template': False},
[36m(TaskRunner pid=3466873)[0m                                    'n': 32,
[36m(TaskRunner pid=3466873)[0m                                    'name': 'vllm',
[36m(TaskRunner pid=3466873)[0m                                    'profiler': {'all_ranks': False,
[36m(TaskRunner pid=3466873)[0m                                                 'discrete': False,
[36m(TaskRunner pid=3466873)[0m                                                 'ranks': None},
[36m(TaskRunner pid=3466873)[0m                                    'prompt_length': 1024,
[36m(TaskRunner pid=3466873)[0m                                    'response_length': 3072,
[36m(TaskRunner pid=3466873)[0m                                    'temperature': 1.0,
[36m(TaskRunner pid=3466873)[0m                                    'tensor_model_parallel_size': 1,
[36m(TaskRunner pid=3466873)[0m                                    'top_k': -1,
[36m(TaskRunner pid=3466873)[0m                                    'top_p': 1,
[36m(TaskRunner pid=3466873)[0m                                    'use_rollout_log_probs_as_old': True,
[36m(TaskRunner pid=3466873)[0m                                    'val_kwargs': {'do_sample': True,
[36m(TaskRunner pid=3466873)[0m                                                   'n': 16,
[36m(TaskRunner pid=3466873)[0m                                                   'temperature': 0.6,
[36m(TaskRunner pid=3466873)[0m                                                   'top_k': -1,
[36m(TaskRunner pid=3466873)[0m                                                   'top_p': 0.95}}},
[36m(TaskRunner pid=3466873)[0m  'algorithm': {'adv_estimator': 'grpo',
[36m(TaskRunner pid=3466873)[0m                'gamma': 1.0,
[36m(TaskRunner pid=3466873)[0m                'kl_ctrl': {'horizon': 10000,
[36m(TaskRunner pid=3466873)[0m                            'kl_coef': 0.0,
[36m(TaskRunner pid=3466873)[0m                            'target_kl': 0.1,
[36m(TaskRunner pid=3466873)[0m                            'type': 'fixed'},
[36m(TaskRunner pid=3466873)[0m                'kl_penalty': 'kl',
[36m(TaskRunner pid=3466873)[0m                'lam': 1.0,
[36m(TaskRunner pid=3466873)[0m                'norm_adv_by_std_in_grpo': True,
[36m(TaskRunner pid=3466873)[0m                'pf_ppo': {'reweight_method': 'pow', 'weight_pow': 2.0},
[36m(TaskRunner pid=3466873)[0m                'use_kl_in_reward': False,
[36m(TaskRunner pid=3466873)[0m                'use_pf_ppo': False},
[36m(TaskRunner pid=3466873)[0m  'critic': {'checkpoint': {'load_contents': ['model', 'optimizer', 'extra'],
[36m(TaskRunner pid=3466873)[0m                            'save_contents': ['model', 'optimizer', 'extra']},
[36m(TaskRunner pid=3466873)[0m             'cliprange_value': 0.5,
[36m(TaskRunner pid=3466873)[0m             'forward_max_token_len_per_gpu': 32768,
[36m(TaskRunner pid=3466873)[0m             'forward_micro_batch_size': None,
[36m(TaskRunner pid=3466873)[0m             'forward_micro_batch_size_per_gpu': 1,
[36m(TaskRunner pid=3466873)[0m             'grad_clip': 1.0,
[36m(TaskRunner pid=3466873)[0m             'loss_agg_mode': 'token-mean',
[36m(TaskRunner pid=3466873)[0m             'model': {'attn_implementation': 'sdpa',
[36m(TaskRunner pid=3466873)[0m                       'enable_activation_offload': False,
[36m(TaskRunner pid=3466873)[0m                       'enable_gradient_checkpointing': True,
[36m(TaskRunner pid=3466873)[0m                       'external_lib': None,
[36m(TaskRunner pid=3466873)[0m                       'fsdp_config': {'forward_prefetch': False,
[36m(TaskRunner pid=3466873)[0m                                       'fsdp_size': -1,
[36m(TaskRunner pid=3466873)[0m                                       'offload_policy': False,
[36m(TaskRunner pid=3466873)[0m                                       'optimizer_offload': False,
[36m(TaskRunner pid=3466873)[0m                                       'param_offload': False,
[36m(TaskRunner pid=3466873)[0m                                       'reshard_after_forward': True,
[36m(TaskRunner pid=3466873)[0m                                       'wrap_policy': {'min_num_params': 0}},
[36m(TaskRunner pid=3466873)[0m                       'lora_alpha': 16,
[36m(TaskRunner pid=3466873)[0m                       'lora_rank': 0,
[36m(TaskRunner pid=3466873)[0m                       'override_config': {},
[36m(TaskRunner pid=3466873)[0m                       'path': '/models/Qwen2.5-Math-7B',
[36m(TaskRunner pid=3466873)[0m                       'target_modules': 'all-linear',
[36m(TaskRunner pid=3466873)[0m                       'tokenizer_path': '/models/Qwen2.5-Math-7B',
[36m(TaskRunner pid=3466873)[0m                       'trust_remote_code': False,
[36m(TaskRunner pid=3466873)[0m                       'use_remove_padding': True,
[36m(TaskRunner pid=3466873)[0m                       'use_shm': False},
[36m(TaskRunner pid=3466873)[0m             'optim': {'lr': 9e-06,
[36m(TaskRunner pid=3466873)[0m                       'lr_warmup_steps_ratio': 0.0,
[36m(TaskRunner pid=3466873)[0m                       'min_lr_ratio': None,
[36m(TaskRunner pid=3466873)[0m                       'total_training_steps': -1,
[36m(TaskRunner pid=3466873)[0m                       'warmup_style': 'constant',
[36m(TaskRunner pid=3466873)[0m                       'weight_decay': 0.01},
[36m(TaskRunner pid=3466873)[0m             'ppo_epochs': 1,
[36m(TaskRunner pid=3466873)[0m             'ppo_max_token_len_per_gpu': 32768,
[36m(TaskRunner pid=3466873)[0m             'ppo_micro_batch_size': None,
[36m(TaskRunner pid=3466873)[0m             'ppo_micro_batch_size_per_gpu': 1,
[36m(TaskRunner pid=3466873)[0m             'ppo_mini_batch_size': 8,
[36m(TaskRunner pid=3466873)[0m             'profiler': {'all_ranks': False, 'discrete': False, 'ranks': None},
[36m(TaskRunner pid=3466873)[0m             'rollout_n': 32,
[36m(TaskRunner pid=3466873)[0m             'shuffle': False,
[36m(TaskRunner pid=3466873)[0m             'strategy': 'fsdp',
[36m(TaskRunner pid=3466873)[0m             'ulysses_sequence_parallel_size': 1,
[36m(TaskRunner pid=3466873)[0m             'use_dynamic_bsz': False},
[36m(TaskRunner pid=3466873)[0m  'custom_reward_function': {'name': 'reward_func',
[36m(TaskRunner pid=3466873)[0m                             'path': './verl/utils/reward_score/ttrl_math/__init__.py'},
[36m(TaskRunner pid=3466873)[0m  'data': {'custom_cls': {'name': None, 'path': None},
[36m(TaskRunner pid=3466873)[0m           'filter_overlong_prompts': True,
[36m(TaskRunner pid=3466873)[0m           'filter_overlong_prompts_workers': 1,
[36m(TaskRunner pid=3466873)[0m           'image_key': 'images',
[36m(TaskRunner pid=3466873)[0m           'max_prompt_length': 1024,
[36m(TaskRunner pid=3466873)[0m           'max_response_length': 3072,
[36m(TaskRunner pid=3466873)[0m           'prompt_key': 'prompt',
[36m(TaskRunner pid=3466873)[0m           'return_full_prompt': False,
[36m(TaskRunner pid=3466873)[0m           'return_raw_chat': False,
[36m(TaskRunner pid=3466873)[0m           'return_raw_input_ids': False,
[36m(TaskRunner pid=3466873)[0m           'reward_fn_key': 'data_source',
[36m(TaskRunner pid=3466873)[0m           'shuffle': True,
[36m(TaskRunner pid=3466873)[0m           'tokenizer': None,
[36m(TaskRunner pid=3466873)[0m           'train_batch_size': 32,
[36m(TaskRunner pid=3466873)[0m           'train_files': ['/mlx_devbox/users/quyanyi/playground/TTRL/verl/data/MATH-TTT/train.parquet'],
[36m(TaskRunner pid=3466873)[0m           'truncation': 'error',
[36m(TaskRunner pid=3466873)[0m           'trust_remote_code': False,
[36m(TaskRunner pid=3466873)[0m           'use_shm': False,
[36m(TaskRunner pid=3466873)[0m           'val_batch_size': None,
[36m(TaskRunner pid=3466873)[0m           'val_files': ['/mlx_devbox/users/quyanyi/playground/TTRL/verl/data/MATH-TTT/test.parquet'],
[36m(TaskRunner pid=3466873)[0m           'validation_shuffle': False,
[36m(TaskRunner pid=3466873)[0m           'video_key': 'videos'},
[36m(TaskRunner pid=3466873)[0m  'ray_init': {'num_cpus': None, 'timeline_json_file': None},
[36m(TaskRunner pid=3466873)[0m  'reward_model': {'enable': False,
[36m(TaskRunner pid=3466873)[0m                   'forward_max_token_len_per_gpu': 32768,
[36m(TaskRunner pid=3466873)[0m                   'launch_reward_fn_async': False,
[36m(TaskRunner pid=3466873)[0m                   'max_length': None,
[36m(TaskRunner pid=3466873)[0m                   'micro_batch_size': None,
[36m(TaskRunner pid=3466873)[0m                   'micro_batch_size_per_gpu': None,
[36m(TaskRunner pid=3466873)[0m                   'model': {'attn_implementation': 'sdpa',
[36m(TaskRunner pid=3466873)[0m                             'external_lib': None,
[36m(TaskRunner pid=3466873)[0m                             'fsdp_config': {'forward_prefetch': False,
[36m(TaskRunner pid=3466873)[0m                                             'fsdp_size': -1,
[36m(TaskRunner pid=3466873)[0m                                             'param_offload': False,
[36m(TaskRunner pid=3466873)[0m                                             'reshard_after_forward': True,
[36m(TaskRunner pid=3466873)[0m                                             'wrap_policy': {'min_num_params': 0}},
[36m(TaskRunner pid=3466873)[0m                             'input_tokenizer': '/models/Qwen2.5-Math-7B',
[36m(TaskRunner pid=3466873)[0m                             'path': '~/models/FsfairX-LLaMA3-RM-v0.1',
[36m(TaskRunner pid=3466873)[0m                             'trust_remote_code': False,
[36m(TaskRunner pid=3466873)[0m                             'use_fused_kernels': True,
[36m(TaskRunner pid=3466873)[0m                             'use_remove_padding': False,
[36m(TaskRunner pid=3466873)[0m                             'use_shm': False},
[36m(TaskRunner pid=3466873)[0m                   'num_processes': 128,
[36m(TaskRunner pid=3466873)[0m                   'profiler': {'all_ranks': False,
[36m(TaskRunner pid=3466873)[0m                                'discrete': False,
[36m(TaskRunner pid=3466873)[0m                                'ranks': None},
[36m(TaskRunner pid=3466873)[0m                   'reward_manager': 'prime',
[36m(TaskRunner pid=3466873)[0m                   'sandbox_fusion': {'max_concurrent': 64,
[36m(TaskRunner pid=3466873)[0m                                      'memory_limit_mb': 1024,
[36m(TaskRunner pid=3466873)[0m                                      'url': None},
[36m(TaskRunner pid=3466873)[0m                   'strategy': 'fsdp',
[36m(TaskRunner pid=3466873)[0m                   'ulysses_sequence_parallel_size': 1,
[36m(TaskRunner pid=3466873)[0m                   'use_dynamic_bsz': False},
[36m(TaskRunner pid=3466873)[0m  'trainer': {'balance_batch': True,
[36m(TaskRunner pid=3466873)[0m              'controller_nsight_options': {'cuda-graph-trace': 'graph',
[36m(TaskRunner pid=3466873)[0m                                            'cuda-memory-usage': 'true',
[36m(TaskRunner pid=3466873)[0m                                            'trace': 'cuda,nvtx,cublas,ucx'},
[36m(TaskRunner pid=3466873)[0m              'critic_warmup': 0,
[36m(TaskRunner pid=3466873)[0m              'default_hdfs_dir': None,
[36m(TaskRunner pid=3466873)[0m              'default_local_dir': '/tmp/ttrl_b200/checkpoints/ttrl_chunk_state_powerflow_futuregain_fullcand_mid_c128_probe1536x4_b32_r32_v64_20step_20260801',
[36m(TaskRunner pid=3466873)[0m              'del_local_ckpt_after_load': False,
[36m(TaskRunner pid=3466873)[0m              'device': 'cuda',
[36m(TaskRunner pid=3466873)[0m              'esi_redundant_time': 0,
[36m(TaskRunner pid=3466873)[0m              'experiment_name': '0801-ttrl_chunk_state_powerflow_futuregain_fullcand_mid_c128_probe1536x4_b32_r32_v64_20step_20260801-MATH-TTT-Qwen2.5-Math-7B-fullcand-longprobe-20step-gate',
[36m(TaskRunner pid=3466873)[0m              'final_val_enable': True,
[36m(TaskRunner pid=3466873)[0m              'log_val_generations': 0,
[36m(TaskRunner pid=3466873)[0m              'logger': ['console'],
[36m(TaskRunner pid=3466873)[0m              'max_actor_ckpt_to_keep': 0,
[36m(TaskRunner pid=3466873)[0m              'max_critic_ckpt_to_keep': 0,
[36m(TaskRunner pid=3466873)[0m              'n_gpus_per_node': 8,
[36m(TaskRunner pid=3466873)[0m              'nnodes': 1,
[36m(TaskRunner pid=3466873)[0m              'profile_steps': None,
[36m(TaskRunner pid=3466873)[0m              'project_name': 'TTRL-verl-local',
[36m(TaskRunner pid=3466873)[0m              'ray_wait_register_center_timeout': 300,
[36m(TaskRunner pid=3466873)[0m              'resume_from_path': None,
[36m(TaskRunner pid=3466873)[0m              'resume_mode': 'auto',
[36m(TaskRunner pid=3466873)[0m              'rollout_data_dir': None,
[36m(TaskRunner pid=3466873)[0m              'save_freq': -1,
[36m(TaskRunner pid=3466873)[0m              'test_freq': -1,
[36m(TaskRunner pid=3466873)[0m              'total_epochs': 1,
[36m(TaskRunner pid=3466873)[0m              'total_training_steps': 20,
[36m(TaskRunner pid=3466873)[0m              'val_before_train': False,
[36m(TaskRunner pid=3466873)[0m              'val_only': False,
[36m(TaskRunner pid=3466873)[0m              'validation_data_dir': None,
[36m(TaskRunner pid=3466873)[0m              'validation_metric_dump_path': None,
[36m(TaskRunner pid=3466873)[0m              'worker_nsight_options': {'capture-range': 'cudaProfilerApi',
[36m(TaskRunner pid=3466873)[0m                                        'capture-range-end': None,
[36m(TaskRunner pid=3466873)[0m                                        'cuda-graph-trace': 'graph',
[36m(TaskRunner pid=3466873)[0m                                        'cuda-memory-usage': 'true',
[36m(TaskRunner pid=3466873)[0m                                        'kill': 'none',
[36m(TaskRunner pid=3466873)[0m                                        'trace': 'cuda,nvtx,cublas,ucx'}},
[36m(TaskRunner pid=3466873)[0m  'ttrl': {'chunk_state_actor_span': 'chunk',
[36m(TaskRunner pid=3466873)[0m           'chunk_state_alpha': 2.0,
[36m(TaskRunner pid=3466873)[0m           'chunk_state_answer_source_consistency_enable': False,
[36m(TaskRunner pid=3466873)[0m           'chunk_state_answer_support_min_mass': 0.0,
[36m(TaskRunner pid=3466873)[0m           'chunk_state_answer_support_score': 'mass',
[36m(TaskRunner pid=3466873)[0m           'chunk_state_boundaries': [0, 256, 512, 768, 1024],
[36m(TaskRunner pid=3466873)[0m           'chunk_state_boundary_mode': 'mid',
[36m(TaskRunner pid=3466873)[0m           'chunk_state_candidates': 8,
[36m(TaskRunner pid=3466873)[0m           'chunk_state_chunk_size': 128,
[36m(TaskRunner pid=3466873)[0m           'chunk_state_confidence_power': 0.0,
[36m(TaskRunner pid=3466873)[0m           'chunk_state_diag_enable': True,
[36m(TaskRunner pid=3466873)[0m           'chunk_state_diag_jsonl': '/mlx_devbox/users/quyanyi/playground/TTRL/important_experiment_logs/chunk_state_diag/ttrl_chunk_state_powerflow_futuregain_fullcand_mid_c128_probe1536x4_b32_r32_v64_20step_20260801.jsonl',
[36m(TaskRunner pid=3466873)[0m           'chunk_state_enable': True,
[36m(TaskRunner pid=3466873)[0m           'chunk_state_eps': 0.05,
[36m(TaskRunner pid=3466873)[0m           'chunk_state_future_support_baseline_scale': 1.0,
[36m(TaskRunner pid=3466873)[0m           'chunk_state_future_support_gain_slack': 0.125,
[36m(TaskRunner pid=3466873)[0m           'chunk_state_future_support_max_mass_coef': 0.25,
[36m(TaskRunner pid=3466873)[0m           'chunk_state_future_support_max_state_oov': 0.875,
[36m(TaskRunner pid=3466873)[0m           'chunk_state_future_support_min_candidate_coverage': 0.0,
[36m(TaskRunner pid=3466873)[0m           'chunk_state_future_support_min_candidate_mean_mass': 0.0,
[36m(TaskRunner pid=3466873)[0m           'chunk_state_future_support_min_mass': 0.03125,
[36m(TaskRunner pid=3466873)[0m           'chunk_state_future_support_min_positive_margin': 0.0,
[36m(TaskRunner pid=3466873)[0m           'chunk_state_future_support_min_state_coverage': 0.125,
[36m(TaskRunner pid=3466873)[0m           'chunk_state_future_support_min_state_max_mass': 0.03125,
[36m(TaskRunner pid=3466873)[0m           'chunk_state_future_support_min_state_mean_mass': 0.015,
[36m(TaskRunner pid=3466873)[0m           'chunk_state_future_support_min_state_top_margin': 0.001,
[36m(TaskRunner pid=3466873)[0m           'chunk_state_future_support_prior_smoothing': 4.0,
[36m(TaskRunner pid=3466873)[0m           'chunk_state_future_support_score_type': 'smoothed_transport_support_gain',
[36m(TaskRunner pid=3466873)[0m           'chunk_state_future_support_source_prior_weight': 1.0,
[36m(TaskRunner pid=3466873)[0m           'chunk_state_label_consistent_only': False,
[36m(TaskRunner pid=3466873)[0m           'chunk_state_max_prefix_tokens': 1024,
[36m(TaskRunner pid=3466873)[0m           'chunk_state_mid_boundary_max_ratio': 0.75,
[36m(TaskRunner pid=3466873)[0m           'chunk_state_mid_boundary_min_ratio': 0.35,
[36m(TaskRunner pid=3466873)[0m           'chunk_state_min_answer_coverage': 0.125,
[36m(TaskRunner pid=3466873)[0m           'chunk_state_min_boundary': 0,
[36m(TaskRunner pid=3466873)[0m           'chunk_state_min_informative_gap': 0.001,
[36m(TaskRunner pid=3466873)[0m           'chunk_state_min_majority_ratio': 0.0,
[36m(TaskRunner pid=3466873)[0m           'chunk_state_min_prompt_top_mass': 0.35,
[36m(TaskRunner pid=3466873)[0m           'chunk_state_min_source_answer_mass': 0.4,
[36m(TaskRunner pid=3466873)[0m           'chunk_state_powerflow_weight_clip': 4.0,
[36m(TaskRunner pid=3466873)[0m           'chunk_state_powerflow_weight_clip_renorm': True,
[36m(TaskRunner pid=3466873)[0m           'chunk_state_probe_max_tokens': 1536,
[36m(TaskRunner pid=3466873)[0m           'chunk_state_probe_samples': 4,
[36m(TaskRunner pid=3466873)[0m           'chunk_state_prune_zero_weight_samples': True,
[36m(TaskRunner pid=3466873)[0m           'chunk_state_score_mode': 'future_support_gain',
[36m(TaskRunner pid=3466873)[0m           'chunk_state_skip_all_negative': False,
[36m(TaskRunner pid=3466873)[0m           'chunk_state_skip_uniform': False,
[36m(TaskRunner pid=3466873)[0m           'chunk_state_source_chunk_candidate_index': 0,
[36m(TaskRunner pid=3466873)[0m           'chunk_state_source_chunk_enable': True,
[36m(TaskRunner pid=3466873)[0m           'chunk_state_source_mode': 'majority_consistent',
[36m(TaskRunner pid=3466873)[0m           'chunk_state_source_select_by_mass': True,
[36m(TaskRunner pid=3466873)[0m           'chunk_state_staged_probe_enable': False,
[36m(TaskRunner pid=3466873)[0m Setting TOKENIZERS_PARALLELISM=false for forked processes.
[36m(TaskRunner pid=3466873)[0m WARNING:2026-08-01 23:51:20,871:Setting TOKENIZERS_PARALLELISM=false for forked processes.
[36m(TaskRunner pid=3466873)[0m Filtering prompts longer than 1024 tokens (num_proc=1):   0%|          | 0/500 [00:00<?, ? examples/s]
[36m(TaskRunner pid=3466873)[0m Filtering prompts longer than 1024 tokens (num_proc=1): 100%|██████████| 500/500 [00:01<00:00, 292.50 examples/s]
[36m(TaskRunner pid=3466873)[0m Filtering prompts longer than 1024 tokens (num_proc=1): 100%|██████████| 500/500 [00:01<00:00, 273.25 examples/s]
[36m(TaskRunner pid=3466873)[0m Setting TOKENIZERS_PARALLELISM=false for forked processes.
[36m(TaskRunner pid=3466873)[0m WARNING:2026-08-01 23:51:23,826:Setting TOKENIZERS_PARALLELISM=false for forked processes.
[36m(TaskRunner pid=3466873)[0m Filtering prompts longer than 1024 tokens (num_proc=1):   0%|          | 0/500 [00:00<?, ? examples/s]
[36m(TaskRunner pid=3466873)[0m Filtering prompts longer than 1024 tokens (num_proc=1): 100%|██████████| 500/500 [00:01<00:00, 292.60 examples/s]
[36m(TaskRunner pid=3466873)[0m Filtering prompts longer than 1024 tokens (num_proc=1): 100%|██████████| 500/500 [00:01<00:00, 272.49 examples/s]
[36m(TaskRunner pid=3466873)[0m DeprecationWarning: `ray.state.available_resources_per_node` is a private attribute and access will be removed in a future Ray version.
[36m(pid=3466877)[0m /mlx_devbox/users/quyanyi/playground/TTRL/verl/verl/__init__.py:18: UserWarning: pkg_resources is deprecated as an API. See https://setuptools.pypa.io/en/latest/pkg_resources.html. The pkg_resources package is slated for removal as early as 2025-11-30. Refrain from using this package or pin to Setuptools<81.
[36m(pid=3466877)[0m   import pkg_resources
[36m(pid=3466879)[0m /mlx_devbox/users/quyanyi/playground/.venvs/ttrl_b200/lib/python3.11/site-packages/huggingface_hub/constants.py:298: FutureWarning: The `HF_HUB_ENABLE_HF_TRANSFER` environment variable is deprecated as 'hf_transfer' is not used anymore. Please use `HF_XET_HIGH_PERFORMANCE` instead to enable high performance transfer with Xet. Visit https://huggingface.co/docs/huggingface_hub/package_reference/environment_variables#hfxethighperformance for more details.
[36m(pid=3466879)[0m   warnings.warn(
[36m(pid=3466879)[0m /mlx_devbox/users/quyanyi/playground/TTRL/verl/verl/__init__.py:18: UserWarning: pkg_resources is deprecated as an API. See https://setuptools.pypa.io/en/latest/pkg_resources.html. The pkg_resources package is slated for removal as early as 2025-11-30. Refrain from using this package or pin to Setuptools<81.[32m [repeated 7x across cluster] (Ray deduplicates logs by default. Set RAY_DEDUP_LOGS=0 to disable log deduplication, or see https://docs.ray.io/en/master/ray-observability/user-guides/configure-logging.html#log-deduplication for more options.)[0m
[36m(pid=3466879)[0m   import pkg_resources[32m [repeated 7x across cluster][0m
[36m(WorkerDict pid=3466877)[0m WARNING:2026-08-01 23:51:44,745:Initializing torch.distributed: rank=0 world_size=8 init_method=tcp://[fdbd:dc61:ff:f000:ffff:ffff:0:16]:60667 master=fdbd:dc61:ff:f000:ffff:ffff:0:16:60667
[36m(pid=3466880)[0m /mlx_devbox/users/quyanyi/playground/.venvs/ttrl_b200/lib/python3.11/site-packages/huggingface_hub/constants.py:298: FutureWarning: The `HF_HUB_ENABLE_HF_TRANSFER` environment variable is deprecated as 'hf_transfer' is not used anymore. Please use `HF_XET_HIGH_PERFORMANCE` instead to enable high performance transfer with Xet. Visit https://huggingface.co/docs/huggingface_hub/package_reference/environment_variables#hfxethighperformance for more details.[32m [repeated 7x across cluster][0m
[36m(pid=3466880)[0m   warnings.warn([32m [repeated 7x across cluster][0m
[36m(WorkerDict pid=3466881)[0m [W801 23:51:47.155065615 ProcessGroupNCCL.cpp:932] Warning: TORCH_NCCL_AVOID_RECORD_STREAMS is the default now, this environment variable is thus deprecated. (function operator())
[36m(TaskRunner pid=3466873)[0m           'chunk_state_staged_probe_extra_max_tokens': 1536,
[36m(TaskRunner pid=3466873)[0m           'chunk_state_staged_probe_extra_samples': 4,
[36m(TaskRunner pid=3466873)[0m           'chunk_state_staged_probe_merge_mode': 'repeat_base',
[36m(TaskRunner pid=3466873)[0m           'chunk_state_staged_probe_topk': 2,
[36m(TaskRunner pid=3466873)[0m           'chunk_state_states_per_prompt': 1,
[36m(TaskRunner pid=3466873)[0m           'chunk_state_support_anchor_candidate_start': 5,
[36m(TaskRunner pid=3466873)[0m           'chunk_state_support_anchor_count': 3,
[36m(TaskRunner pid=3466873)[0m           'chunk_state_support_anchor_enable': True,
[36m(TaskRunner pid=3466873)[0m           'chunk_state_support_anchor_min_mass': 0.03125,
[36m(TaskRunner pid=3466873)[0m           'chunk_state_support_anchor_min_prefix_match': 0.75,
[36m(TaskRunner pid=3466873)[0m           'chunk_state_support_anchor_prefix_compat_enable': False,
[36m(TaskRunner pid=3466873)[0m           'chunk_state_support_anchor_prefix_compat_tokens': 128,
[36m(TaskRunner pid=3466873)[0m           'chunk_state_support_anchor_skip_source': True,
[36m(TaskRunner pid=3466873)[0m           'chunk_state_support_flow_baseline_scale': 1.0,
[36m(TaskRunner pid=3466873)[0m           'chunk_state_support_flow_gain_slack': 0.0,
[36m(TaskRunner pid=3466873)[0m           'chunk_state_support_flow_min_positive_margin': 0.0,
[36m(TaskRunner pid=3466873)[0m           'chunk_state_support_flow_score_type': 'gain',
[36m(TaskRunner pid=3466873)[0m           'chunk_state_support_flow_source_prior_weight': 1.0,
[36m(TaskRunner pid=3466873)[0m           'chunk_state_target_guard_anchor': True,
[36m(TaskRunner pid=3466873)[0m           'chunk_state_target_guard_bad_probe_ratio': 0.5,
[36m(TaskRunner pid=3466873)[0m           'chunk_state_target_guard_candidate_assistant_marker': True,
[36m(TaskRunner pid=3466873)[0m           'chunk_state_target_guard_candidate_enable': False,
[36m(TaskRunner pid=3466873)[0m           'chunk_state_target_guard_candidate_max_boxed_count': 1,
[36m(TaskRunner pid=3466873)[0m           'chunk_state_target_guard_enable': False,
[36m(TaskRunner pid=3466873)[0m           'chunk_state_target_guard_max_boxed_count': 2,
[36m(TaskRunner pid=3466873)[0m           'chunk_state_target_guard_min_answer_mass': 0.0,
[36m(TaskRunner pid=3466873)[0m           'chunk_state_target_guard_use_distribution_score': False,
[36m(TaskRunner pid=3466873)[0m           'chunk_state_target_guard_use_mass_gain': False,
[36m(TaskRunner pid=3466873)[0m           'chunk_state_teacher_anchor_candidate_index': 0,
[36m(TaskRunner pid=3466873)[0m           'chunk_state_teacher_anchor_enable': False,
[36m(TaskRunner pid=3466873)[0m           'chunk_state_teacher_anchor_score': 1.0,
[36m(TaskRunner pid=3466873)[0m           'chunk_state_zero_inconsistent_candidates': False,
[36m(TaskRunner pid=3466873)[0m           'enable': True,
[36m(TaskRunner pid=3466873)[0m           'majority_vote_num_processes': 64,
[36m(TaskRunner pid=3466873)[0m           'n_samples_per_prompt': 32,
[36m(TaskRunner pid=3466873)[0m           'n_votes_per_prompt': 64,
[36m(TaskRunner pid=3466873)[0m           'powerflow_no_majority': False,
[36m(TaskRunner pid=3466873)[0m           'sharpened_alpha': 2.0,
[36m(TaskRunner pid=3466873)[0m           'sharpened_conf_temperature': 1.0,
[36m(TaskRunner pid=3466873)[0m           'sharpened_enable': False,
[36m(TaskRunner pid=3466873)[0m           'sharpened_negative_enable': True,
[36m(TaskRunner pid=3466873)[0m           'sharpened_negative_reward': -0.25,
[36m(TaskRunner pid=3466873)[0m           'sharpened_reward_mode': 'prob',
[36m(TaskRunner pid=3466873)[0m           'sharpened_soft_coef': 0.25,
[36m(TaskRunner pid=3466873)[0m           'sharpened_tau_low': 0.125,
[36m(TaskRunner pid=3466873)[0m           'sharpened_tau_marg': 0.125,
[36m(TaskRunner pid=3466873)[0m           'sharpened_tau_pos': 0.375,
[36m(TaskRunner pid=3466873)[0m           'sharpened_use_confidence': True}}
[36m(TaskRunner pid=3466873)[0m using customized reward function 'reward_func' from './verl/utils/reward_score/ttrl_math/__init__.py'
[36m(TaskRunner pid=3466873)[0m using customized reward function 'reward_func' from './verl/utils/reward_score/ttrl_math/__init__.py'
[36m(TaskRunner pid=3466873)[0m Using dataset class: RLHFDataset
[36m(TaskRunner pid=3466873)[0m dataset len: 500
[36m(TaskRunner pid=3466873)[0m filter dataset len: 500
[36m(TaskRunner pid=3466873)[0m Using dataset class: RLHFDataset
[36m(TaskRunner pid=3466873)[0m dataset len: 500
[36m(TaskRunner pid=3466873)[0m filter dataset len: 500
[36m(TaskRunner pid=3466873)[0m [validate_config] All configuration checks passed successfully!
[36m(TaskRunner pid=3466873)[0m Size of train dataloader: 15, Size of val dataloader: 1
[36m(TaskRunner pid=3466873)[0m Total training steps: 20
[36m(TaskRunner pid=3466873)[0m colocated worker base class <class 'verl.single_controller.base.worker.Worker'>
[36m(WorkerDict pid=3466877)[0m Model config after override: Qwen2Config {
[36m(WorkerDict pid=3466877)[0m   "architectures": [
[36m(WorkerDict pid=3466877)[0m     "Qwen2ForCausalLM"
[36m(WorkerDict pid=3466877)[0m   ],
[36m(WorkerDict pid=3466877)[0m   "attention_dropout": 0.0,
[36m(WorkerDict pid=3466877)[0m   "bos_token_id": null,
[36m(WorkerDict pid=3466877)[0m   "dtype": "bfloat16",
[36m(WorkerDict pid=3466877)[0m   "eos_token_id": 151643,
[36m(WorkerDict pid=3466877)[0m   "hidden_act": "silu",
[36m(WorkerDict pid=3466877)[0m   "hidden_size": 3584,
[36m(WorkerDict pid=3466877)[0m   "initializer_range": 0.02,
[36m(WorkerDict pid=3466877)[0m   "intermediate_size": 18944,
[36m(WorkerDict pid=3466877)[0m   "layer_types": [
[36m(WorkerDict pid=3466877)[0m     "full_attention",
[36m(WorkerDict pid=3466877)[0m     "full_attention",
[36m(WorkerDict pid=3466877)[0m     "full_attention",
[36m(WorkerDict pid=3466877)[0m     "full_attention",
[36m(WorkerDict pid=3466877)[0m     "full_attention",
[36m(WorkerDict pid=3466877)[0m     "full_attention",
[36m(WorkerDict pid=3466877)[0m     "full_attention",
[36m(WorkerDict pid=3466877)[0m     "full_attention",
[36m(WorkerDict pid=3466877)[0m     "full_attention",
[36m(WorkerDict pid=3466877)[0m     "full_attention",
[36m(WorkerDict pid=3466877)[0m     "full_attention",
[36m(WorkerDict pid=3466877)[0m     "full_attention",
[36m(WorkerDict pid=3466877)[0m     "full_attention",
[36m(WorkerDict pid=3466877)[0m     "full_attention",
[36m(WorkerDict pid=3466877)[0m     "full_attention",
[36m(WorkerDict pid=3466877)[0m     "full_attention",
[36m(WorkerDict pid=3466877)[0m     "full_attention",
[36m(WorkerDict pid=3466877)[0m     "full_attention",
[36m(WorkerDict pid=3466877)[0m     "full_attention",
[36m(WorkerDict pid=3466877)[0m     "full_attention",
[36m(WorkerDict pid=3466877)[0m     "full_attention",
[36m(WorkerDict pid=3466877)[0m     "full_attention",
[36m(WorkerDict pid=3466877)[0m     "full_attention",
[36m(WorkerDict pid=3466877)[0m     "full_attention",
[36m(WorkerDict pid=3466877)[0m     "full_attention",
[36m(WorkerDict pid=3466877)[0m     "full_attention",
[36m(WorkerDict pid=3466877)[0m     "full_attention",
[36m(WorkerDict pid=3466877)[0m     "full_attention"
[36m(WorkerDict pid=3466877)[0m   ],
[36m(WorkerDict pid=3466877)[0m   "max_position_embeddings": 4096,
[36m(WorkerDict pid=3466877)[0m   "max_window_layers": 28,
[36m(WorkerDict pid=3466877)[0m   "model_type": "qwen2",
[36m(WorkerDict pid=3466877)[0m   "num_attention_heads": 28,
[36m(WorkerDict pid=3466877)[0m   "num_hidden_layers": 28,
[36m(WorkerDict pid=3466877)[0m   "num_key_value_heads": 4,
[36m(WorkerDict pid=3466877)[0m   "pad_token_id": 151643,
[36m(WorkerDict pid=3466877)[0m   "rms_norm_eps": 1e-06,
[36m(WorkerDict pid=3466877)[0m   "rope_parameters": {
[36m(WorkerDict pid=3466877)[0m     "rope_theta": 10000,
[36m(WorkerDict pid=3466877)[0m     "rope_type": "default"
[36m(WorkerDict pid=3466877)[0m Loading weights:   0%|          | 0/339 [00:00<?, ?it/s]Loading weights: 100%|██████████| 339/339 [00:00<00:00, 9326.18it/s]
[36m(WorkerDict pid=3466877)[0m   },
[36m(WorkerDict pid=3466877)[0m   "sliding_window": null,
[36m(WorkerDict pid=3466877)[0m   "tie_word_embeddings": false,
[36m(WorkerDict pid=3466877)[0m   "transformers_version": "5.12.1",
[36m(WorkerDict pid=3466877)[0m   "use_cache": true,
[36m(WorkerDict pid=3466877)[0m   "use_mrope": false,
[36m(WorkerDict pid=3466877)[0m   "use_sliding_window": false,
[36m(WorkerDict pid=3466877)[0m   "vocab_size": 152064
[36m(WorkerDict pid=3466877)[0m }
[36m(WorkerDict pid=3466877)[0m 
[36m(WorkerDict pid=3466877)[0m ref attention implementation verified: sdpa
[36m(WorkerDict pid=3466877)[0m Monkey patch _flash_attention_forward in transformers.integrations.flash_attention
[36m(WorkerDict pid=3466877)[0m Using Triton backend for fused kernels in Qwen2ForCausalLM
[36m(WorkerDict pid=3466877)[0m Qwen2ForCausalLM contains 7.62B parameters
[36m(WorkerDict pid=3466877)[0m wrap_policy: functools.partial(<function _or_policy at 0x7f72ac1cb4c0>, policies=[functools.partial(<function transformer_auto_wrap_policy at 0x7f72ac1cb380>, transformer_layer_cls={<class 'transformers.models.qwen2.modeling_qwen2.Qwen2DecoderLayer'>})])
[36m(WorkerDict pid=3466877)[0m trial-302172199-trialrun-302172199-worker-0:3466877:3466877 [0] NCCL INFO ENV/Plugin: Could not find: libnccl-env.so
[36m(WorkerDict pid=3466877)[0m trial-302172199-trialrun-302172199-worker-0:3466877:3466877 [0] NCCL INFO NCCL_SOCKET_FAMILY set by environment to AF_INET6
[36m(WorkerDict pid=3466877)[0m trial-302172199-trialrun-302172199-worker-0:3466877:3466877 [0] NCCL INFO NCCL_SOCKET_IFNAME set by environment to =eth0
[36m(WorkerDict pid=3466877)[0m trial-302172199-trialrun-302172199-worker-0:3466877:3466877 [0] NCCL INFO cudaDriverVersion 13000
[36m(WorkerDict pid=3466877)[0m trial-302172199-trialrun-302172199-worker-0:3466877:3466877 [0] NCCL INFO NCCL version 2.28.9+cuda13.0
[36m(WorkerDict pid=3466877)[0m trial-302172199-trialrun-302172199-worker-0:3466877:3466877 [0] NCCL INFO Comm config Blocking set to 1
[36m(WorkerDict pid=3466877)[0m trial-302172199-trialrun-302172199-worker-0:3466877:3466877 [0] NCCL INFO NCCL_NET_PLUGIN set by environment to none
[36m(WorkerDict pid=3466877)[0m trial-302172199-trialrun-302172199-worker-0:3466877:3466877 [0] NCCL INFO NCCL_SOCKET_FAMILY set by environment to AF_INET6
[36m(WorkerDict pid=3466877)[0m trial-302172199-trialrun-302172199-worker-0:3466877:3466877 [0] NCCL INFO NCCL_SOCKET_IFNAME set by environment to =eth0
[36m(WorkerDict pid=3466877)[0m trial-302172199-trialrun-302172199-worker-0:3466877:3466877 [0] NCCL INFO NET/Socket : Using [0]eth0:fdbd:dc61:ff:f000:ffff:ffff:0:16<0>
[36m(WorkerDict pid=3466877)[0m trial-302172199-trialrun-302172199-worker-0:3466877:3466877 [0] NCCL INFO Initialized NET plugin Socket
[36m(WorkerDict pid=3466877)[0m trial-302172199-trialrun-302172199-worker-0:3466877:3466877 [0] NCCL INFO Assigned NET plugin Socket to comm
[36m(WorkerDict pid=3466877)[0m trial-302172199-trialrun-302172199-worker-0:3466877:3466877 [0] NCCL INFO Using network Socket
[36m(WorkerDict pid=3466877)[0m trial-302172199-trialrun-302172199-worker-0:3466877:3466877 [0] NCCL INFO ncclCommInitRankConfig comm 0x10638430 rank 0 nranks 8 cudaDev 0 nvmlDev 0 busId f000 commId 0xcf3195a3bb48aea2 - Init START
[36m(WorkerDict pid=3466877)[0m trial-302172199-trialrun-302172199-worker-0:3466877:3466877 [0] NCCL INFO RAS client listening socket at ::1<28028>
[36m(WorkerDict pid=3466877)[0m trial-302172199-trialrun-302172199-worker-0:3466877:3466877 [0] NCCL INFO MNNVL busId 0xf000 fabric UUID 0.0 cliqueId 0x0 state 3 healthMask 0x80
[36m(WorkerDict pid=3466877)[0m trial-302172199-trialrun-302172199-worker-0:3466877:3466877 [0] NCCL INFO Could not find real path of /sys/class/pci_bus/fffffff/../../fffffff:ff:f
[36m(WorkerDict pid=3466877)[0m trial-302172199-trialrun-302172199-worker-0:3466877:3466877 [0] NCCL INFO TOPO/NET : Importing network plugins to topology
[36m(WorkerDict pid=3466877)[0m trial-302172199-trialrun-302172199-worker-0:3466877:3466877 [0] NCCL INFO ncclTopoPopulateNics : Filled eth0 in topo with pciPath=(null) keep=1 coll=(null)
[36m(WorkerDict pid=3466877)[0m trial-302172199-trialrun-302172199-worker-0:3466877:3466877 [0] NCCL INFO === System : maxBw 721.8 totalBw 721.8 ===
[36m(WorkerDict pid=3466877)[0m trial-302172199-trialrun-302172199-worker-0:3466877:3466877 [0] NCCL INFO CPU/0-0 (1/1/4)
[36m(WorkerDict pid=3466877)[0m trial-302172199-trialrun-302172199-worker-0:3466877:3466877 [0] NCCL INFO + PCI[5000.0] - NIC/0-0
[36m(WorkerDict pid=3466877)[0m trial-302172199-trialrun-302172199-worker-0:3466877:3466877 [0] NCCL INFO                 + NET[1.2] - NET/0-0 (0/0/0/1.250000)
[36m(WorkerDict pid=3466877)[0m trial-302172199-trialrun-302172199-worker-0:3466877:3466877 [0] NCCL INFO                 + NET[1.2] - NET/0-0 (0/0/0/1.250000)
[36m(WorkerDict pid=3466877)[0m trial-302172199-trialrun-302172199-worker-0:3466877:3466877 [0] NCCL INFO + PCI[48.0] - PCI/0-8000 (1000c0301000ffff)
[36m(WorkerDict pid=3466877)[0m trial-302172199-trialrun-302172199-worker-0:3466877:3466877 [0] NCCL INFO               + PCI[48.0] - GPU/0-f000 (0)
[36m(WorkerDict pid=3466877)[0m trial-302172199-trialrun-302172199-worker-0:3466877:3466877 [0] NCCL INFO                             + NVL[721.8] - NVS/0-0
[36m(WorkerDict pid=3466877)[0m trial-302172199-trialrun-302172199-worker-0:3466877:3466877 [0] NCCL INFO + PCI[48.0] - PCI/0-26000 (1000c0301000ffff)
[36m(WorkerDict pid=3466877)[0m trial-302172199-trialrun-302172199-worker-0:3466877:3466877 [0] NCCL INFO               + PCI[48.0] - GPU/0-2d000 (1)
[36m(WorkerDict pid=3466877)[0m trial-302172199-trialrun-302172199-worker-0:3466877:3466877 [0] NCCL INFO                             + NVL[721.8] - NVS/0-0
[36m(WorkerDict pid=3466877)[0m trial-302172199-trialrun-302172199-worker-0:3466877:3466877 [0] NCCL INFO + PCI[48.0] - PCI/0-3d000 (1000c0301000ffff)
[36m(WorkerDict pid=3466877)[0m trial-302172199-trialrun-302172199-worker-0:3466877:3466877 [0] NCCL INFO               + PCI[48.0] - GPU/0-44000 (2)
[36m(WorkerDict pid=3466877)[0m trial-302172199-trialrun-302172199-worker-0:3466877:3466877 [0] NCCL INFO                             + NVL[721.8] - NVS/0-0
[36m(WorkerDict pid=3466877)[0m trial-302172199-trialrun-302172199-worker-0:3466877:3466877 [0] NCCL INFO + PCI[48.0] - PCI/0-54000 (1000c0301000ffff)
[36m(WorkerDict pid=3466877)[0m trial-302172199-trialrun-302172199-worker-0:3466877:3466877 [0] NCCL INFO               + PCI[48.0] - GPU/0-5b000 (3)
[36m(WorkerDict pid=3466877)[0m trial-302172199-trialrun-302172199-worker-0:3466877:3466877 [0] NCCL INFO                             + NVL[721.8] - NVS/0-0
[36m(WorkerDict pid=3466877)[0m trial-302172199-trialrun-302172199-worker-0:3466877:3466877 [0] NCCL INFO + SYS[40.0] - CPU/0-1
[36m(WorkerDict pid=3466877)[0m trial-302172199-trialrun-302172199-worker-0:3466877:3466877 [0] NCCL INFO CPU/0-1 (1/1/4)
[36m(WorkerDict pid=3466877)[0m trial-302172199-trialrun-302172199-worker-0:3466877:3466877 [0] NCCL INFO + PCI[48.0] - PCI/0-82000 (1000c0301000ffff)
[36m(WorkerDict pid=3466877)[0m trial-302172199-trialrun-302172199-worker-0:3466877:3466877 [0] NCCL INFO               + PCI[48.0] - GPU/0-89000 (4)
[36m(WorkerDict pid=3466877)[0m trial-302172199-trialrun-302172199-worker-0:3466877:3466877 [0] NCCL INFO                             + NVL[721.8] - NVS/0-0
[36m(WorkerDict pid=3466877)[0m trial-302172199-trialrun-302172199-worker-0:3466877:3466877 [0] NCCL INFO + PCI[48.0] - PCI/0-a1000 (1000c0301000ffff)
[36m(WorkerDict pid=3466877)[0m trial-302172199-trialrun-302172199-worker-0:3466877:3466877 [0] NCCL INFO               + PCI[48.0] - GPU/0-a8000 (5)
[36m(WorkerDict pid=3466877)[0m trial-302172199-trialrun-302172199-worker-0:3466877:3466877 [0] NCCL INFO                             + NVL[721.8] - NVS/0-0
[36m(WorkerDict pid=3466877)[0m trial-302172199-trialrun-302172199-worker-0:3466877:3466877 [0] NCCL INFO + PCI[48.0] - PCI/0-b9000 (1000c0301000ffff)
[36m(WorkerDict pid=3466877)[0m trial-302172199-trialrun-302172199-worker-0:3466877:3466877 [0] NCCL INFO               + PCI[48.0] - GPU/0-c0000 (6)
[36m(WorkerDict pid=3466877)[0m trial-302172199-trialrun-302172199-worker-0:3466877:3466877 [0] NCCL INFO                             + NVL[721.8] - NVS/0-0
[36m(WorkerDict pid=3466877)[0m trial-302172199-trialrun-302172199-worker-0:3466877:3466877 [0] NCCL INFO + PCI[48.0] - PCI/0-d1000 (1000c0301000ffff)
[36m(WorkerDict pid=3466877)[0m trial-302172199-trialrun-302172199-worker-0:3466877:3466877 [0] NCCL INFO               + PCI[48.0] - GPU/0-d8000 (7)
[36m(WorkerDict pid=3466877)[0m trial-302172199-trialrun-302172199-worker-0:3466877:3466877 [0] NCCL INFO                             + NVL[721.8] - NVS/0-0
[36m(WorkerDict pid=3466877)[0m trial-302172199-trialrun-302172199-worker-0:3466877:3466877 [0] NCCL INFO + SYS[40.0] - CPU/0-0
[36m(WorkerDict pid=3466877)[0m trial-302172199-trialrun-302172199-worker-0:3466877:3466877 [0] NCCL INFO ==========================================
[36m(WorkerDict pid=3466877)[0m trial-302172199-trialrun-302172199-worker-0:3466877:3466877 [0] NCCL INFO GPU/0-f000 :GPU/0-f000 (0/5000.0/LOC) GPU/0-2d000 (2/721.8/NVL) GPU/0-44000 (2/721.8/NVL) GPU/0-5b000 (2/721.8/NVL) GPU/0-89000 (2/721.8/NVL) GPU/0-a8000 (2/721.8/NVL) GPU/0-c0000 (2/721.8/NVL) GPU/0-d8000 (2/721.8/NVL) NVS/0-0 (1/721.8/NVL) CPU/0-0 (2/48.0/PHB) CPU/0-1 (3/40.0/SYS) NET/0-0 (4/1.2/PHB) NET/0-0 (0/0.0/DIS) 
[36m(WorkerDict pid=3466877)[0m trial-302172199-trialrun-302172199-worker-0:3466877:3466877 [0] NCCL INFO GPU/0-2d000 :GPU/0-f000 (2/721.8/NVL) GPU/0-2d000 (0/5000.0/LOC) GPU/0-44000 (2/721.8/NVL) GPU/0-5b000 (2/721.8/NVL) GPU/0-89000 (2/721.8/NVL) GPU/0-a8000 (2/721.8/NVL) GPU/0-c0000 (2/721.8/NVL) GPU/0-d8000 (2/721.8/NVL) NVS/0-0 (1/721.8/NVL) CPU/0-0 (2/48.0/PHB) CPU/0-1 (3/40.0/SYS) NET/0-0 (4/1.2/PHB) NET/0-0 (0/0.0/DIS) 
[36m(WorkerDict pid=3466877)[0m trial-302172199-trialrun-302172199-worker-0:3466877:3466877 [0] NCCL INFO GPU/0-44000 :GPU/0-f000 (2/721.8/NVL) GPU/0-2d000 (2/721.8/NVL) GPU/0-44000 (0/5000.0/LOC) GPU/0-5b000 (2/721.8/NVL) GPU/0-89000 (2/721.8/NVL) GPU/0-a8000 (2/721.8/NVL) GPU/0-c0000 (2/721.8/NVL) GPU/0-d8000 (2/721.8/NVL) NVS/0-0 (1/721.8/NVL) CPU/0-0 (2/48.0/PHB) CPU/0-1 (3/40.0/SYS) NET/0-0 (4/1.2/PHB) NET/0-0 (0/0.0/DIS) 
[36m(WorkerDict pid=3466877)[0m trial-302172199-trialrun-302172199-worker-0:3466877:3466877 [0] NCCL INFO GPU/0-5b000 :GPU/0-f000 (2/721.8/NVL) GPU/0-2d000 (2/721.8/NVL) GPU/0-44000 (2/721.8/NVL) GPU/0-5b000 (0/5000.0/LOC) GPU/0-89000 (2/721.8/NVL) GPU/0-a8000 (2/721.8/NVL) GPU/0-c0000 (2/721.8/NVL) GPU/0-d8000 (2/721.8/NVL) NVS/0-0 (1/721.8/NVL) CPU/0-0 (2/48.0/PHB) CPU/0-1 (3/40.0/SYS) NET/0-0 (4/1.2/PHB) NET/0-0 (0/0.0/DIS) 
[36m(WorkerDict pid=3466877)[0m trial-302172199-trialrun-302172199-worker-0:3466877:3466877 [0] NCCL INFO GPU/0-89000 :GPU/0-f000 (2/721.8/NVL) GPU/0-2d000 (2/721.8/NVL) GPU/0-44000 (2/721.8/NVL) GPU/0-5b000 (2/721.8/NVL) GPU/0-89000 (0/5000.0/LOC) GPU/0-a8000 (2/721.8/NVL) GPU/0-c0000 (2/721.8/NVL) GPU/0-d8000 (2/721.8/NVL) NVS/0-0 (1/721.8/NVL) CPU/0-0 (3/40.0/SYS) CPU/0-1 (2/48.0/PHB) NET/0-0 (5/1.2/SYS) NET/0-0 (0/0.0/DIS) 
[36m(WorkerDict pid=3466877)[0m trial-302172199-trialrun-302172199-worker-0:3466877:3466877 [0] NCCL INFO GPU/0-a8000 :GPU/0-f000 (2/721.8/NVL) GPU/0-2d000 (2/721.8/NVL) GPU/0-44000 (2/721.8/NVL) GPU/0-5b000 (2/721.8/NVL) GPU/0-89000 (2/721.8/NVL) GPU/0-a8000 (0/5000.0/LOC) GPU/0-c0000 (2/721.8/NVL) GPU/0-d8000 (2/721.8/NVL) NVS/0-0 (1/721.8/NVL) CPU/0-0 (3/40.0/SYS) CPU/0-1 (2/48.0/PHB) NET/0-0 (5/1.2/SYS) NET/0-0 (0/0.0/DIS) 
[36m(WorkerDict pid=3466877)[0m trial-302172199-trialrun-302172199-worker-0:3466877:3466877 [0] NCCL INFO GPU/0-c0000 :GPU/0-f000 (2/721.8/NVL) GPU/0-2d000 (2/721.8/NVL) GPU/0-44000 (2/721.8/NVL) GPU/0-5b000 (2/721.8/NVL) GPU/0-89000 (2/721.8/NVL) GPU/0-a8000 (2/721.8/NVL) GPU/0-c0000 (0/5000.0/LOC) GPU/0-d8000 (2/721.8/NVL) NVS/0-0 (1/721.8/NVL) CPU/0-0 (3/40.0/SYS) CPU/0-1 (2/48.0/PHB) NET/0-0 (5/1.2/SYS) NET/0-0 (0/0.0/DIS) 
[36m(WorkerDict pid=3466877)[0m trial-302172199-trialrun-302172199-worker-0:3466877:3466877 [0] NCCL INFO GPU/0-d8000 :GPU/0-f000 (2/721.8/NVL) GPU/0-2d000 (2/721.8/NVL) GPU/0-44000 (2/721.8/NVL) GPU/0-5b000 (2/721.8/NVL) GPU/0-89000 (2/721.8/NVL) GPU/0-a8000 (2/721.8/NVL) GPU/0-c0000 (2/721.8/NVL) GPU/0-d8000 (0/5000.0/LOC) NVS/0-0 (1/721.8/NVL) CPU/0-0 (3/40.0/SYS) CPU/0-1 (2/48.0/PHB) NET/0-0 (5/1.2/SYS) NET/0-0 (0/0.0/DIS) 
[36m(WorkerDict pid=3466877)[0m trial-302172199-trialrun-302172199-worker-0:3466877:3466877 [0] NCCL INFO NET/0-0 :GPU/0-f000 (4/1.2/PHB) GPU/0-2d000 (4/1.2/PHB) GPU/0-44000 (4/1.2/PHB) GPU/0-5b000 (4/1.2/PHB) GPU/0-89000 (5/1.2/SYS) GPU/0-a8000 (5/1.2/SYS) GPU/0-c0000 (5/1.2/SYS) GPU/0-d8000 (5/1.2/SYS) CPU/0-0 (2/1.2/PHB) CPU/0-1 (3/1.2/SYS) NET/0-0 (0/5000.0/LOC) NET/0-0 (0/0.0/DIS) 
[36m(WorkerDict pid=3466877)[0m trial-302172199-trialrun-302172199-worker-0:3466877:3466877 [0] NCCL INFO NET/0-0 :GPU/0-f000 (4/1.2/PHB) GPU/0-2d000 (4/1.2/PHB) GPU/0-44000 (4/1.2/PHB) GPU/0-5b000 (4/1.2/PHB) GPU/0-89000 (5/1.2/SYS) GPU/0-a8000 (5/1.2/SYS) GPU/0-c0000 (5/1.2/SYS) GPU/0-d8000 (5/1.2/SYS) CPU/0-0 (2/1.2/PHB) CPU/0-1 (3/1.2/SYS) NET/0-0 (0/5000.0/LOC) NET/0-0 (0/0.0/DIS) 
[36m(WorkerDict pid=3466877)[0m trial-302172199-trialrun-302172199-worker-0:3466877:3466877 [0] NCCL INFO ncclTopoGetCpuAffinity: Affinity for GPU 0 is 0-62,128-190. (GPU affinity = 0-63,128-191 ; CPU affinity = 0-62,64-126,128-190,192-254).
[36m(WorkerDict pid=3466877)[0m trial-302172199-trialrun-302172199-worker-0:3466877:3466877 [0] NCCL INFO NCCL_NVLS_ENABLE set by environment to 1.
[36m(WorkerDict pid=3466877)[0m trial-302172199-trialrun-302172199-worker-0:3466877:3466877 [0] NCCL INFO NVLS multicast support is available on dev 0 (NVLS_NCHANNELS 24)
[36m(WorkerDict pid=3466877)[0m trial-302172199-trialrun-302172199-worker-0:3466877:3466877 [0] NCCL INFO Pattern 4, crossNic 0, nChannels 16, bw 45.000000/45.000000, type NVL/PIX, sameChannels 1
[36m(WorkerDict pid=3466877)[0m trial-302172199-trialrun-302172199-worker-0:3466877:3466877 [0] NCCL INFO  0 : GPU/0-f000 GPU/0-2d000 GPU/0-44000 GPU/0-5b000 GPU/0-89000 GPU/0-a8000 GPU/0-c0000 GPU/0-d8000
[36m(WorkerDict pid=3466877)[0m trial-302172199-trialrun-302172199-worker-0:3466877:3466877 [0] NCCL INFO  1 : GPU/0-f000 GPU/0-2d000 GPU/0-44000 GPU/0-5b000 GPU/0-89000 GPU/0-a8000 GPU/0-c0000 GPU/0-d8000
[36m(WorkerDict pid=3466877)[0m trial-302172199-trialrun-302172199-worker-0:3466877:3466877 [0] NCCL INFO  2 : GPU/0-f000 GPU/0-2d000 GPU/0-44000 GPU/0-5b000 GPU/0-89000 GPU/0-a8000 GPU/0-c0000 GPU/0-d8000
[36m(WorkerDict pid=3466877)[0m trial-302172199-trialrun-302172199-worker-0:3466877:3466877 [0] NCCL INFO  3 : GPU/0-f000 GPU/0-2d000 GPU/0-44000 GPU/0-5b000 GPU/0-89000 GPU/0-a8000 GPU/0-c0000 GPU/0-d8000
[36m(WorkerDict pid=3466877)[0m trial-302172199-trialrun-302172199-worker-0:3466877:3466877 [0] NCCL INFO  4 : GPU/0-f000 GPU/0-2d000 GPU/0-44000 GPU/0-5b000 GPU/0-89000 GPU/0-a8000 GPU/0-c0000 GPU/0-d8000
[36m(WorkerDict pid=3466877)[0m trial-302172199-trialrun-302172199-worker-0:3466877:3466877 [0] NCCL INFO  5 : GPU/0-f000 GPU/0-2d000 GPU/0-44000 GPU/0-5b000 GPU/0-89000 GPU/0-a8000 GPU/0-c0000 GPU/0-d8000
[36m(WorkerDict pid=3466877)[0m trial-302172199-trialrun-302172199-worker-0:3466877:3466877 [0] NCCL INFO  6 : GPU/0-f000 GPU/0-2d000 GPU/0-44000 GPU/0-5b000 GPU/0-89000 GPU/0-a8000 GPU/0-c0000 GPU/0-d8000
[36m(WorkerDict pid=3466877)[0m trial-302172199-trialrun-302172199-worker-0:3466877:3466877 [0] NCCL INFO  7 : GPU/0-f000 GPU/0-2d000 GPU/0-44000 GPU/0-5b000 GPU/0-89000 GPU/0-a8000 GPU/0-c0000 GPU/0-d8000
[36m(WorkerDict pid=3466877)[0m trial-302172199-trialrun-302172199-worker-0:3466877:3466877 [0] NCCL INFO  8 : GPU/0-f000 GPU/0-2d000 GPU/0-44000 GPU/0-5b000 GPU/0-89000 GPU/0-a8000 GPU/0-c0000 GPU/0-d8000
[36m(WorkerDict pid=3466877)[0m trial-302172199-trialrun-302172199-worker-0:3466877:3466877 [0] NCCL INFO  9 : GPU/0-f000 GPU/0-2d000 GPU/0-44000 GPU/0-5b000 GPU/0-89000 GPU/0-a8000 GPU/0-c0000 GPU/0-d8000
[36m(WorkerDict pid=3466877)[0m trial-302172199-trialrun-302172199-worker-0:3466877:3466877 [0] NCCL INFO 10 : GPU/0-f000 GPU/0-2d000 GPU/0-44000 GPU/0-5b000 GPU/0-89000 GPU/0-a8000 GPU/0-c0000 GPU/0-d8000
[36m(WorkerDict pid=3466877)[0m trial-302172199-trialrun-302172199-worker-0:3466877:3466877 [0] NCCL INFO 11 : GPU/0-f000 GPU/0-2d000 GPU/0-44000 GPU/0-5b000 GPU/0-89000 GPU/0-a8000 GPU/0-c0000 GPU/0-d8000
[36m(WorkerDict pid=3466877)[0m trial-302172199-trialrun-302172199-worker-0:3466877:3466877 [0] NCCL INFO 12 : GPU/0-f000 GPU/0-2d000 GPU/0-44000 GPU/0-5b000 GPU/0-89000 GPU/0-a8000 GPU/0-c0000 GPU/0-d8000
[36m(WorkerDict pid=3466877)[0m trial-302172199-trialrun-302172199-worker-0:3466877:3466877 [0] NCCL INFO 13 : GPU/0-f000 GPU/0-2d000 GPU/0-44000 GPU/0-5b000 GPU/0-89000 GPU/0-a8000 GPU/0-c0000 GPU/0-d8000
[36m(WorkerDict pid=3466877)[0m trial-302172199-trialrun-302172199-worker-0:3466877:3466877 [0] NCCL INFO 14 : GPU/0-f000 GPU/0-2d000 GPU/0-44000 GPU/0-5b000 GPU/0-89000 GPU/0-a8000 GPU/0-c0000 GPU/0-d8000
[36m(WorkerDict pid=3466877)[0m trial-302172199-trialrun-302172199-worker-0:3466877:3466877 [0] NCCL INFO 15 : GPU/0-f000 GPU/0-2d000 GPU/0-44000 GPU/0-5b000 GPU/0-89000 GPU/0-a8000 GPU/0-c0000 GPU/0-d8000
[36m(WorkerDict pid=3466877)[0m trial-302172199-trialrun-302172199-worker-0:3466877:3466877 [0] NCCL INFO Pattern 1, crossNic 0, nChannels 16, bw 40.000000/40.000000, type NVL/PIX, sameChannels 1
[36m(WorkerDict pid=3466877)[0m trial-302172199-trialrun-302172199-worker-0:3466877:3466877 [0] NCCL INFO  0 : GPU/0-f000 GPU/0-2d000 GPU/0-44000 GPU/0-5b000 GPU/0-89000 GPU/0-a8000 GPU/0-c0000 GPU/0-d8000
[36m(WorkerDict pid=3466877)[0m trial-302172199-trialrun-302172199-worker-0:3466877:3466877 [0] NCCL INFO  1 : GPU/0-f000 GPU/0-2d000 GPU/0-44000 GPU/0-5b000 GPU/0-89000 GPU/0-a8000 GPU/0-c0000 GPU/0-d8000
[36m(WorkerDict pid=3466877)[0m trial-302172199-trialrun-302172199-worker-0:3466877:3466877 [0] NCCL INFO  2 : GPU/0-f000 GPU/0-2d000 GPU/0-44000 GPU/0-5b000 GPU/0-89000 GPU/0-a8000 GPU/0-c0000 GPU/0-d8000
[36m(WorkerDict pid=3466877)[0m trial-302172199-trialrun-302172199-worker-0:3466877:3466877 [0] NCCL INFO  3 : GPU/0-f000 GPU/0-2d000 GPU/0-44000 GPU/0-5b000 GPU/0-89000 GPU/0-a8000 GPU/0-c0000 GPU/0-d8000
[36m(WorkerDict pid=3466877)[0m trial-302172199-trialrun-302172199-worker-0:3466877:3466877 [0] NCCL INFO  4 : GPU/0-f000 GPU/0-2d000 GPU/0-44000 GPU/0-5b000 GPU/0-89000 GPU/0-a8000 GPU/0-c0000 GPU/0-d8000
[36m(WorkerDict pid=3466877)[0m trial-302172199-trialrun-302172199-worker-0:3466877:3466877 [0] NCCL INFO  5 : GPU/0-f000 GPU/0-2d000 GPU/0-44000 GPU/0-5b000 GPU/0-89000 GPU/0-a8000 GPU/0-c0000 GPU/0-d8000
[36m(WorkerDict pid=3466877)[0m trial-302172199-trialrun-302172199-worker-0:3466877:3466877 [0] NCCL INFO  6 : GPU/0-f000 GPU/0-2d000 GPU/0-44000 GPU/0-5b000 GPU/0-89000 GPU/0-a8000 GPU/0-c0000 GPU/0-d8000
[36m(WorkerDict pid=3466877)[0m trial-302172199-trialrun-302172199-worker-0:3466877:3466877 [0] NCCL INFO  7 : GPU/0-f000 GPU/0-2d000 GPU/0-44000 GPU/0-5b000 GPU/0-89000 GPU/0-a8000 GPU/0-c0000 GPU/0-d8000
[36m(WorkerDict pid=3466877)[0m trial-302172199-trialrun-302172199-worker-0:3466877:3466877 [0] NCCL INFO  8 : GPU/0-f000 GPU/0-2d000 GPU/0-44000 GPU/0-5b000 GPU/0-89000 GPU/0-a8000 GPU/0-c0000 GPU/0-d8000
[36m(WorkerDict pid=3466877)[0m trial-302172199-trialrun-302172199-worker-0:3466877:3466877 [0] NCCL INFO  9 : GPU/0-f000 GPU/0-2d000 GPU/0-44000 GPU/0-5b000 GPU/0-89000 GPU/0-a8000 GPU/0-c0000 GPU/0-d8000
[36m(WorkerDict pid=3466877)[0m trial-302172199-trialrun-302172199-worker-0:3466877:3466877 [0] NCCL INFO 10 : GPU/0-f000 GPU/0-2d000 GPU/0-44000 GPU/0-5b000 GPU/0-89000 GPU/0-a8000 GPU/0-c0000 GPU/0-d8000
[36m(WorkerDict pid=3466877)[0m trial-302172199-trialrun-302172199-worker-0:3466877:3466877 [0] NCCL INFO 11 : GPU/0-f000 GPU/0-2d000 GPU/0-44000 GPU/0-5b000 GPU/0-89000 GPU/0-a8000 GPU/0-c0000 GPU/0-d8000
[36m(WorkerDict pid=3466877)[0m trial-302172199-trialrun-302172199-worker-0:3466877:3466877 [0] NCCL INFO 12 : GPU/0-f000 GPU/0-2d000 GPU/0-44000 GPU/0-5b000 GPU/0-89000 GPU/0-a8000 GPU/0-c0000 GPU/0-d8000
[36m(WorkerDict pid=3466877)[0m trial-302172199-trialrun-302172199-worker-0:3466877:3466877 [0] NCCL INFO 13 : GPU/0-f000 GPU/0-2d000 GPU/0-44000 GPU/0-5b000 GPU/0-89000 GPU/0-a8000 GPU/0-c0000 GPU/0-d8000
[36m(WorkerDict pid=3466877)[0m trial-302172199-trialrun-302172199-worker-0:3466877:3466877 [0] NCCL INFO 14 : GPU/0-f000 GPU/0-2d000 GPU/0-44000 GPU/0-5b000 GPU/0-89000 GPU/0-a8000 GPU/0-c0000 GPU/0-d8000
[36m(WorkerDict pid=3466877)[0m trial-302172199-trialrun-302172199-worker-0:3466877:3466877 [0] NCCL INFO 15 : GPU/0-f000 GPU/0-2d000 GPU/0-44000 GPU/0-5b000 GPU/0-89000 GPU/0-a8000 GPU/0-c0000 GPU/0-d8000
[36m(WorkerDict pid=3466877)[0m trial-302172199-trialrun-302172199-worker-0:3466877:3466877 [0] NCCL INFO Pattern 5, crossNic 0, nChannels 8, bw 80.000000/90.000000, type NVL/PIX, sameChannels 0
[36m(WorkerDict pid=3466877)[0m trial-302172199-trialrun-302172199-worker-0:3466877:3466877 [0] NCCL INFO  0 : GPU/0-f000
[36m(WorkerDict pid=3466877)[0m trial-302172199-trialrun-302172199-worker-0:3466877:3466877 [0] NCCL INFO  1 : GPU/0-2d000
[36m(WorkerDict pid=3466877)[0m trial-302172199-trialrun-302172199-worker-0:3466877:3466877 [0] NCCL INFO  2 : GPU/0-44000
[36m(WorkerDict pid=3466877)[0m trial-302172199-trialrun-302172199-worker-0:3466877:3466877 [0] NCCL INFO  3 : GPU/0-5b000
[36m(WorkerDict pid=3466877)[0m trial-302172199-trialrun-302172199-worker-0:3466877:3466877 [0] NCCL INFO  4 : GPU/0-89000
[36m(WorkerDict pid=3466877)[0m trial-302172199-trialrun-302172199-worker-0:3466877:3466877 [0] NCCL INFO  5 : GPU/0-a8000
[36m(WorkerDict pid=3466877)[0m trial-302172199-trialrun-302172199-worker-0:3466877:3466877 [0] NCCL INFO  6 : GPU/0-c0000
[36m(WorkerDict pid=3466877)[0m trial-302172199-trialrun-302172199-worker-0:3466877:3466877 [0] NCCL INFO  7 : GPU/0-d8000
[36m(WorkerDict pid=3466877)[0m trial-302172199-trialrun-302172199-worker-0:3466877:3466877 [0] NCCL INFO comm 0x10638430 rank 0 nRanks 8 nNodes 1 localRanks 8 localRank 0 MNNVL 0
[36m(WorkerDict pid=3466877)[0m trial-302172199-trialrun-302172199-worker-0:3466877:3466877 [0] NCCL INFO Tree 0 : -1 -> 0 -> 1/-1/-1
[36m(WorkerDict pid=3466877)[0m trial-302172199-trialrun-302172199-worker-0:3466877:3466877 [0] NCCL INFO Tree 16 : -1 -> 0 -> 1/-1/-1
[36m(WorkerDict pid=3466877)[0m trial-302172199-trialrun-302172199-worker-0:3466877:3466877 [0] NCCL INFO Tree 1 : -1 -> 0 -> 1/-1/-1
[36m(WorkerDict pid=3466877)[0m trial-302172199-trialrun-302172199-worker-0:3466877:3466877 [0] NCCL INFO Tree 17 : -1 -> 0 -> 1/-1/-1
[36m(WorkerDict pid=3466877)[0m trial-302172199-trialrun-302172199-worker-0:3466877:3466877 [0] NCCL INFO Tree 2 : -1 -> 0 -> 1/-1/-1
[36m(WorkerDict pid=3466877)[0m trial-302172199-trialrun-302172199-worker-0:3466877:3466877 [0] NCCL INFO Tree 18 : -1 -> 0 -> 1/-1/-1
[36m(WorkerDict pid=3466877)[0m trial-302172199-trialrun-302172199-worker-0:3466877:3466877 [0] NCCL INFO Tree 3 : -1 -> 0 -> 1/-1/-1
[36m(WorkerDict pid=3466877)[0m trial-302172199-trialrun-302172199-worker-0:3466877:3466877 [0] NCCL INFO Tree 19 : -1 -> 0 -> 1/-1/-1
[36m(WorkerDict pid=3466877)[0m trial-302172199-trialrun-302172199-worker-0:3466877:3466877 [0] NCCL INFO Tree 4 : -1 -> 0 -> 1/-1/-1
[36m(WorkerDict pid=3466877)[0m trial-302172199-trialrun-302172199-worker-0:3466877:3466877 [0] NCCL INFO Tree 20 : -1 -> 0 -> 1/-1/-1
[36m(WorkerDict pid=3466877)[0m trial-302172199-trialrun-302172199-worker-0:3466877:3466877 [0] NCCL INFO Tree 5 : -1 -> 0 -> 1/-1/-1
[36m(WorkerDict pid=3466877)[0m trial-302172199-trialrun-302172199-worker-0:3466877:3466877 [0] NCCL INFO Tree 21 : -1 -> 0 -> 1/-1/-1
[36m(WorkerDict pid=3466877)[0m trial-302172199-trialrun-302172199-worker-0:3466877:3466877 [0] NCCL INFO Tree 6 : -1 -> 0 -> 1/-1/-1
[36m(WorkerDict pid=3466877)[0m trial-302172199-trialrun-302172199-worker-0:3466877:3466877 [0] NCCL INFO Tree 22 : -1 -> 0 -> 1/-1/-1
[36m(WorkerDict pid=3466877)[0m trial-302172199-trialrun-302172199-worker-0:3466877:3466877 [0] NCCL INFO Tree 7 : -1 -> 0 -> 1/-1/-1
[36m(WorkerDict pid=3466877)[0m trial-302172199-trialrun-302172199-worker-0:3466877:3466877 [0] NCCL INFO Tree 23 : -1 -> 0 -> 1/-1/-1
[36m(WorkerDict pid=3466877)[0m trial-302172199-trialrun-302172199-worker-0:3466877:3466877 [0] NCCL INFO Tree 8 : -1 -> 0 -> 1/-1/-1
[36m(WorkerDict pid=3466877)[0m trial-302172199-trialrun-302172199-worker-0:3466877:3466877 [0] NCCL INFO Tree 24 : -1 -> 0 -> 1/-1/-1
[36m(WorkerDict pid=3466877)[0m trial-302172199-trialrun-302172199-worker-0:3466877:3466877 [0] NCCL INFO Tree 9 : -1 -> 0 -> 1/-1/-1
[36m(WorkerDict pid=3466877)[0m trial-302172199-trialrun-302172199-worker-0:3466877:3466877 [0] NCCL INFO Tree 25 : -1 -> 0 -> 1/-1/-1
[36m(WorkerDict pid=3466877)[0m trial-302172199-trialrun-302172199-worker-0:3466877:3466877 [0] NCCL INFO Tree 10 : -1 -> 0 -> 1/-1/-1
[36m(WorkerDict pid=3466877)[0m trial-302172199-trialrun-302172199-worker-0:3466877:3466877 [0] NCCL INFO Tree 26 : -1 -> 0 -> 1/-1/-1
[36m(WorkerDict pid=3466877)[0m trial-302172199-trialrun-302172199-worker-0:3466877:3466877 [0] NCCL INFO Tree 11 : -1 -> 0 -> 1/-1/-1
[36m(WorkerDict pid=3466877)[0m trial-302172199-trialrun-302172199-worker-0:3466877:3466877 [0] NCCL INFO Tree 27 : -1 -> 0 -> 1/-1/-1
[36m(WorkerDict pid=3466877)[0m trial-302172199-trialrun-302172199-worker-0:3466877:3466877 [0] NCCL INFO Tree 12 : -1 -> 0 -> 1/-1/-1
[36m(WorkerDict pid=3466877)[0m trial-302172199-trialrun-302172199-worker-0:3466877:3466877 [0] NCCL INFO Tree 28 : -1 -> 0 -> 1/-1/-1
[36m(WorkerDict pid=3466877)[0m trial-302172199-trialrun-302172199-worker-0:3466877:3466877 [0] NCCL INFO Tree 13 : -1 -> 0 -> 1/-1/-1
[36m(WorkerDict pid=3466877)[0m trial-302172199-trialrun-302172199-worker-0:3466877:3466877 [0] NCCL INFO Tree 29 : -1 -> 0 -> 1/-1/-1
[36m(WorkerDict pid=3466877)[0m trial-302172199-trialrun-302172199-worker-0:3466877:3466877 [0] NCCL INFO Tree 14 : -1 -> 0 -> 1/-1/-1
[36m(WorkerDict pid=3466877)[0m trial-302172199-trialrun-302172199-worker-0:3466877:3466877 [0] NCCL INFO Tree 30 : -1 -> 0 -> 1/-1/-1
[36m(WorkerDict pid=3466877)[0m trial-302172199-trialrun-302172199-worker-0:3466877:3466877 [0] NCCL INFO Tree 15 : -1 -> 0 -> 1/-1/-1
[36m(WorkerDict pid=3466877)[0m trial-302172199-trialrun-302172199-worker-0:3466877:3466877 [0] NCCL INFO Tree 31 : -1 -> 0 -> 1/-1/-1
[36m(WorkerDict pid=3466877)[0m trial-302172199-trialrun-302172199-worker-0:3466877:3466877 [0] NCCL INFO Channel 00/32 : 0 1 2 3 4 5 6 7
[36m(WorkerDict pid=3466877)[0m trial-302172199-trialrun-302172199-worker-0:3466877:3466877 [0] NCCL INFO Channel 01/32 : 0 1 2 3 4 5 6 7
[36m(WorkerDict pid=3466877)[0m trial-302172199-trialrun-302172199-worker-0:3466877:3466877 [0] NCCL INFO Channel 02/32 : 0 1 2 3 4 5 6 7
[36m(WorkerDict pid=3466877)[0m trial-302172199-trialrun-302172199-worker-0:3466877:3466877 [0] NCCL INFO Channel 03/32 : 0 1 2 3 4 5 6 7
[36m(WorkerDict pid=3466877)[0m trial-302172199-trialrun-302172199-worker-0:3466877:3466877 [0] NCCL INFO Channel 04/32 : 0 1 2 3 4 5 6 7
[36m(WorkerDict pid=3466877)[0m trial-302172199-trialrun-302172199-worker-0:3466877:3466877 [0] NCCL INFO Channel 05/32 : 0 1 2 3 4 5 6 7
[36m(WorkerDict pid=3466877)[0m trial-302172199-trialrun-302172199-worker-0:3466877:3466877 [0] NCCL INFO Channel 06/32 : 0 1 2 3 4 5 6 7
[36m(WorkerDict pid=3466877)[0m trial-302172199-trialrun-302172199-worker-0:3466877:3466877 [0] NCCL INFO Channel 07/32 : 0 1 2 3 4 5 6 7
[36m(WorkerDict pid=3466877)[0m trial-302172199-trialrun-302172199-worker-0:3466877:3466877 [0] NCCL INFO Channel 08/32 : 0 1 2 3 4 5 6 7
[36m(WorkerDict pid=3466877)[0m trial-302172199-trialrun-302172199-worker-0:3466877:3466877 [0] NCCL INFO Channel 09/32 : 0 1 2 3 4 5 6 7
[36m(WorkerDict pid=3466877)[0m trial-302172199-trialrun-302172199-worker-0:3466877:3466877 [0] NCCL INFO Channel 10/32 : 0 1 2 3 4 5 6 7
[36m(WorkerDict pid=3466877)[0m trial-302172199-trialrun-302172199-worker-0:3466877:3466877 [0] NCCL INFO Channel 11/32 : 0 1 2 3 4 5 6 7
[36m(WorkerDict pid=3466877)[0m trial-302172199-trialrun-302172199-worker-0:3466877:3466877 [0] NCCL INFO Channel 12/32 : 0 1 2 3 4 5 6 7
[36m(WorkerDict pid=3466877)[0m trial-302172199-trialrun-302172199-worker-0:3466877:3466877 [0] NCCL INFO Channel 13/32 : 0 1 2 3 4 5 6 7
[36m(WorkerDict pid=3466877)[0m trial-302172199-trialrun-302172199-worker-0:3466877:3466877 [0] NCCL INFO Channel 14/32 : 0 1 2 3 4 5 6 7
[36m(WorkerDict pid=3466877)[0m trial-302172199-trialrun-302172199-worker-0:3466877:3466877 [0] NCCL INFO Channel 15/32 : 0 1 2 3 4 5 6 7
[36m(WorkerDict pid=3466877)[0m trial-302172199-trialrun-302172199-worker-0:3466877:3466877 [0] NCCL INFO Channel 16/32 : 0 1 2 3 4 5 6 7
[36m(WorkerDict pid=3466877)[0m trial-302172199-trialrun-302172199-worker-0:3466877:3466877 [0] NCCL INFO Channel 17/32 : 0 1 2 3 4 5 6 7
[36m(WorkerDict pid=3466877)[0m trial-302172199-trialrun-302172199-worker-0:3466877:3466877 [0] NCCL INFO Channel 18/32 : 0 1 2 3 4 5 6 7
[36m(WorkerDict pid=3466877)[0m trial-302172199-trialrun-302172199-worker-0:3466877:3466877 [0] NCCL INFO Channel 19/32 : 0 1 2 3 4 5 6 7
[36m(WorkerDict pid=3466877)[0m trial-302172199-trialrun-302172199-worker-0:3466877:3466877 [0] NCCL INFO Channel 20/32 : 0 1 2 3 4 5 6 7
[36m(WorkerDict pid=3466877)[0m trial-302172199-trialrun-302172199-worker-0:3466877:3466877 [0] NCCL INFO Channel 21/32 : 0 1 2 3 4 5 6 7
[36m(WorkerDict pid=3466877)[0m trial-302172199-trialrun-302172199-worker-0:3466877:3466877 [0] NCCL INFO Channel 22/32 : 0 1 2 3 4 5 6 7
[36m(WorkerDict pid=3466877)[0m trial-302172199-trialrun-302172199-worker-0:3466877:3466877 [0] NCCL INFO Channel 23/32 : 0 1 2 3 4 5 6 7
[36m(WorkerDict pid=3466877)[0m trial-302172199-trialrun-302172199-worker-0:3466877:3466877 [0] NCCL INFO Channel 24/32 : 0 1 2 3 4 5 6 7
[36m(WorkerDict pid=3466877)[0m trial-302172199-trialrun-302172199-worker-0:3466877:3466877 [0] NCCL INFO Channel 25/32 : 0 1 2 3 4 5 6 7
[36m(WorkerDict pid=3466877)[0m trial-302172199-trialrun-302172199-worker-0:3466877:3466877 [0] NCCL INFO Channel 26/32 : 0 1 2 3 4 5 6 7
[36m(WorkerDict pid=3466877)[0m trial-302172199-trialrun-302172199-worker-0:3466877:3466877 [0] NCCL INFO Channel 27/32 : 0 1 2 3 4 5 6 7
[36m(WorkerDict pid=3466877)[0m trial-302172199-trialrun-302172199-worker-0:3466877:3466877 [0] NCCL INFO Channel 28/32 : 0 1 2 3 4 5 6 7
[36m(WorkerDict pid=3466877)[0m trial-302172199-trialrun-302172199-worker-0:3466877:3466877 [0] NCCL INFO Channel 29/32 : 0 1 2 3 4 5 6 7
[36m(WorkerDict pid=3466877)[0m trial-302172199-trialrun-302172199-worker-0:3466877:3466877 [0] NCCL INFO Channel 30/32 : 0 1 2 3 4 5 6 7
[36m(WorkerDict pid=3466877)[0m trial-302172199-trialrun-302172199-worker-0:3466877:3466877 [0] NCCL INFO Channel 31/32 : 0 1 2 3 4 5 6 7
[36m(WorkerDict pid=3466877)[0m trial-302172199-trialrun-302172199-worker-0:3466877:3466877 [0] NCCL INFO Ring 00 : 7 -> 0 -> 1
[36m(WorkerDict pid=3466877)[0m trial-302172199-trialrun-302172199-worker-0:3466877:3466877 [0] NCCL INFO Ring 01 : 7 -> 0 -> 1
[36m(WorkerDict pid=3466877)[0m trial-302172199-trialrun-302172199-worker-0:3466877:3466877 [0] NCCL INFO Ring 02 : 7 -> 0 -> 1
[36m(WorkerDict pid=3466877)[0m trial-302172199-trialrun-302172199-worker-0:3466877:3466877 [0] NCCL INFO Ring 03 : 7 -> 0 -> 1
[36m(WorkerDict pid=3466877)[0m trial-302172199-trialrun-302172199-worker-0:3466877:3466877 [0] NCCL INFO Ring 04 : 7 -> 0 -> 1
[36m(WorkerDict pid=3466877)[0m trial-302172199-trialrun-302172199-worker-0:3466877:3466877 [0] NCCL INFO Ring 05 : 7 -> 0 -> 1
[36m(WorkerDict pid=3466877)[0m trial-302172199-trialrun-302172199-worker-0:3466877:3466877 [0] NCCL INFO Ring 06 : 7 -> 0 -> 1
[36m(WorkerDict pid=3466877)[0m trial-302172199-trialrun-302172199-worker-0:3466877:3466877 [0] NCCL INFO Ring 07 : 7 -> 0 -> 1
[36m(WorkerDict pid=3466877)[0m trial-302172199-trialrun-302172199-worker-0:3466877:3466877 [0] NCCL INFO Ring 08 : 7 -> 0 -> 1
[36m(WorkerDict pid=3466877)[0m trial-302172199-trialrun-302172199-worker-0:3466877:3466877 [0] NCCL INFO Ring 09 : 7 -> 0 -> 1
[36m(WorkerDict pid=3466877)[0m trial-302172199-trialrun-302172199-worker-0:3466877:3466877 [0] NCCL INFO Ring 10 : 7 -> 0 -> 1
[36m(WorkerDict pid=3466877)[0m trial-302172199-trialrun-302172199-worker-0:3466877:3466877 [0] NCCL INFO Ring 11 : 7 -> 0 -> 1
[36m(WorkerDict pid=3466877)[0m trial-302172199-trialrun-302172199-worker-0:3466877:3466877 [0] NCCL INFO Ring 12 : 7 -> 0 -> 1
[36m(WorkerDict pid=3466877)[0m trial-302172199-trialrun-302172199-worker-0:3466877:3466877 [0] NCCL INFO Ring 13 : 7 -> 0 -> 1
[36m(WorkerDict pid=3466877)[0m trial-302172199-trialrun-302172199-worker-0:3466877:3466877 [0] NCCL INFO Ring 14 : 7 -> 0 -> 1
[36m(WorkerDict pid=3466877)[0m trial-302172199-trialrun-302172199-worker-0:3466877:3466877 [0] NCCL INFO Ring 15 : 7 -> 0 -> 1
[36m(WorkerDict pid=3466877)[0m trial-302172199-trialrun-302172199-worker-0:3466877:3466877 [0] NCCL INFO Ring 16 : 7 -> 0 -> 1
[36m(WorkerDict pid=3466877)[0m trial-302172199-trialrun-302172199-worker-0:3466877:3466877 [0] NCCL INFO Ring 17 : 7 -> 0 -> 1
[36m(WorkerDict pid=3466877)[0m trial-302172199-trialrun-302172199-worker-0:3466877:3466877 [0] NCCL INFO Ring 18 : 7 -> 0 -> 1
[36m(WorkerDict pid=3466877)[0m trial-302172199-trialrun-302172199-worker-0:3466877:3466877 [0] NCCL INFO Ring 19 : 7 -> 0 -> 1
[36m(WorkerDict pid=3466877)[0m trial-302172199-trialrun-302172199-worker-0:3466877:3466877 [0] NCCL INFO Ring 20 : 7 -> 0 -> 1
[36m(WorkerDict pid=3466877)[0m trial-302172199-trialrun-302172199-worker-0:3466877:3466877 [0] NCCL INFO Ring 21 : 7 -> 0 -> 1
[36m(WorkerDict pid=3466877)[0m trial-302172199-trialrun-302172199-worker-0:3466877:3466877 [0] NCCL INFO Ring 22 : 7 -> 0 -> 1
[36m(WorkerDict pid=3466877)[0m trial-302172199-trialrun-302172199-worker-0:3466877:3466877 [0] NCCL INFO Ring 23 : 7 -> 0 -> 1
[36m(WorkerDict pid=3466877)[0m trial-302172199-trialrun-302172199-worker-0:3466877:3466877 [0] NCCL INFO Ring 24 : 7 -> 0 -> 1
[36m(WorkerDict pid=3466877)[0m trial-302172199-trialrun-302172199-worker-0:3466877:3466877 [0] NCCL INFO Ring 25 : 7 -> 0 -> 1
[36m(WorkerDict pid=3466877)[0m trial-302172199-trialrun-302172199-worker-0:3466877:3466877 [0] NCCL INFO Ring 26 : 7 -> 0 -> 1
[36m(WorkerDict pid=3466877)[0m trial-302172199-trialrun-302172199-worker-0:3466877:3466877 [0] NCCL INFO Ring 27 : 7 -> 0 -> 1
[36m(WorkerDict pid=3466877)[0m trial-302172199-trialrun-302172199-worker-0:3466877:3466877 [0] NCCL INFO Ring 28 : 7 -> 0 -> 1
[36m(WorkerDict pid=3466877)[0m trial-302172199-trialrun-302172199-worker-0:3466877:3466877 [0] NCCL INFO Ring 29 : 7 -> 0 -> 1
[36m(WorkerDict pid=3466877)[0m trial-302172199-trialrun-302172199-worker-0:3466877:3466877 [0] NCCL INFO Ring 30 : 7 -> 0 -> 1
[36m(WorkerDict pid=3466877)[0m trial-302172199-trialrun-302172199-worker-0:3466877:3466877 [0] NCCL INFO Ring 31 : 7 -> 0 -> 1
[36m(WorkerDict pid=3466877)[0m trial-302172199-trialrun-302172199-worker-0:3466877:3466877 [0] NCCL INFO Trees [0] 1/-1/-1->0->-1 [1] 1/-1/-1->0->-1 [2] 1/-1/-1->0->-1 [3] 1/-1/-1->0->-1 [4] 1/-1/-1->0->-1 [5] 1/-1/-1->0->-1 [6] 1/-1/-1->0->-1 [7] 1/-1/-1->0->-1 [8] 1/-1/-1->0->-1 [9] 1/-1/-1->0->-1 [10] 1/-1/-1->0->-1 [11] 1/-1/-1->0->-1 [12] 1/-1/-1->0->-1 [13] 1/-1/-1->0->-1 [14] 1/-1/-1->0->-1 [15] 1/-1/-1->0->-1 [16] 1/-1/-1->0->-1 [17] 1/-1/-1->0->-1 [18] 1/-1/-1->0->-1 [19] 1/-1/-1->0->-1 [20] 1/-1/-1->0->-1 [21] 1/-1/-1->0->-1 [22] 1/-1/-1->0->-1 [23] 1/-1/-1->0->-1 [24] 1/-1/-1->0->-1 [25] 1/-1/-1->0->-1 [26] 1/-1/-1->0->-1 [27] 1/-1/-1->0->-1 [28] 1/-1/-1->0->-1 [29] 1/-1/-1->0->-1 [30] 1/-1/-1->0->-1 [31] 1/-1/-1->0->-1
[36m(WorkerDict pid=3466877)[0m trial-302172199-trialrun-302172199-worker-0:3466877:3466877 [0] NCCL INFO P2P Chunksize set to 524288
[36m(WorkerDict pid=3466877)[0m trial-302172199-trialrun-302172199-worker-0:3466877:3466877 [0] NCCL INFO PROFILER/Plugin: Could not find: libnccl-profiler.so
[36m(WorkerDict pid=3466877)[0m trial-302172199-trialrun-302172199-worker-0:3466877:3466877 [0] NCCL INFO Check P2P Type isAllDirectP2p 1 directMode 0 isAllCudaP2p 1
[36m(WorkerDict pid=3466877)[0m trial-302172199-trialrun-302172199-worker-0:3466877:3466877 [0] NCCL INFO ncclP2pSchedule: group size used is 8
[36m(WorkerDict pid=3466877)[0m trial-302172199-trialrun-302172199-worker-0:3466877:3482472 [0] NCCL INFO [Proxy Service] Device 0 CPU core 33
[36m(WorkerDict pid=3466877)[0m trial-302172199-trialrun-302172199-worker-0:3466877:3482476 [0] NCCL INFO [Proxy Service UDS] De
[36m(WorkerDict pid=3466882)[0m trial-302172199-trialrun-302172199-worker-0:3466882:3466882 [6] NC
[36m(WorkerDict pid=3466879)[0m trial-302172199-trialrun-302172199-worker-
[36m(WorkerDict pid=3466874)[0m trial-302172199-trialrun-302172199-worker-0:3466874:3466874 [2] NCCL I
[36m(WorkerDict pid=3466877)[0m vice 0 CPU core 38
[36m(WorkerDict pid=3466877)[0m trial-302172199-trialrun-302172199-worker-0:3466877:3466877 [0] NCCL INFO TUNER/Plugin: Could not find: libnccl-tuner.so
[36m(WorkerDict pid=3466877)[0m trial-302172199-trialrun-302172199-worker-0:3466877:3466877 [0] NCCL INFO threadThresholds 8/8/64 | 64/8/64 | 512 | 512
[36m(WorkerDict pid=3466877)[0m trial-302172199-trialrun-302172199-worker-0:3466877:3466877 [0] NCCL INFO 32 coll channels, 32 collnet channels, 24 nvls channels, 32 p2p channels, 32 p2p channels per peer
[36m(WorkerDict pid=3466877)[0m trial-302172199-trialrun-302172199-worker-0:3466877:3466877 [0] NCCL INFO CC Off, workFifoBytes 1048576
[36m(WorkerDict pid=3466877)[0m trial-302172199-trialrun-302172199-worker-0:3466877:3466877 [0] NCCL INFO ncclCommInitRankConfig comm 0x10638430 rank 0 nranks 8 cudaDev 0 nvmlDev 0 busId f000 commId 0xcf3195a3bb48aea2 - Init COMPLETE
[36m(WorkerDict pid=3466877)[0m trial-302172199-trialrun-302172199-worker-0:3466877:3466877 [0] NCCL INFO Init timings - ncclCommInitRankConfig: rank 0 nranks 8 total 3.25 (kernels 0.29, alloc 0.68, bootstrap 0.27, allgathers 0.00, topo 1.58, graphs 0.03, connections 0.40, rest 0.00)
[36m(WorkerDict pid=3466877)[0m trial-302172199-trialrun-302172199-worker-0:3466877:3466877 [0] NCCL INFO Channel 00/0 : 0[0] -> 1[1] via P2P/CUMEM
[36m(WorkerDict pid=3466877)[0m trial-302172199-trialrun-302172199-worker-0:3466877:3466877 [0] NCCL INFO Channel 01/0 : 0[0] -> 1[1] via P2P/CUMEM
[36m(WorkerDict pid=3466877)[0m trial-302172199-trialrun-302172199-worker-0:3466877:3466877 [0] NCCL INFO Channel 02/0 : 0[0] -> 1[1] via P2P/CUMEM
[36m(WorkerDict pid=3466877)[0m trial-302172199-trialrun-302172199-worker-0:3466877:3466877 [0] NCCL INFO Channel 03/0 : 0[0] -> 1[1] via P2P/CUMEM
[36m(WorkerDict pid=3466877)[0m trial-302172199-trialrun-302172199-worker-0:3466877:3466877 [0] NCCL INFO Channel 04/0 : 0[0] -> 1[1] via P2P/CUMEM
[36m(WorkerDict pid=3466877)[0m trial-302172199-trialrun-302172199-worker-0:3466877:3466877 [0] NCCL INFO Channel 05/0 : 0[0] -> 1[1] via P2P/CUMEM
[36m(WorkerDict pid=3466877)[0m trial-302172199-trialrun-302172199-worker-0:3466877:3466877 [0] NCCL INFO Channel 06/0 : 0[0] -> 1[1] via P2P/CUMEM
[36m(WorkerDict pid=3466877)[0m trial-302172199-trialrun-302172199-worker-0:3466877:3466877 [0] NCCL INFO Channel 07/0 : 0[0] -> 1[1] via P2P/CUMEM
[36m(WorkerDict pid=3466877)[0m trial-302172199-trialrun-302172199-worker-0:3466877:3466877 [0] NCCL INFO Channel 08/0 : 0[0] -> 1[1] via P2P/CUMEM
[36m(WorkerDict pid=3466877)[0m trial-302172199-trialrun-302172199-worker-0:3466877:3466877 [0] NCCL INFO Channel 09/0 : 0[0] -> 1[1] via P2P/CUMEM
[36m(WorkerDict pid=3466877)[0m trial-302172199-trialrun-302172199-worker-0:3466877:3466877 [0] NCCL INFO Channel 10/0 : 0[0] -> 1[1] via P2P/CUMEM
[36m(WorkerDict pid=3466877)[0m trial-302172199-trialrun-302172199-worker-0:3466877:3466877 [0] NCCL INFO Channel 11/0 : 0[0] -> 1[1] via P2P/CUMEM
[36m(WorkerDict pid=3466877)[0m trial-302172199-trialrun-302172199-worker-0:3466877:3466877 [0] NCCL INFO Channel 12/0 : 0[0] -> 1[1] via P2P/CUMEM
[36m(WorkerDict pid=3466877)[0m trial-302172199-trialrun-302172199-worker-0:3466877:3466877 [0] NCCL INFO Channel 13/0 : 0[0] -> 1[1] via P2P/CUMEM
[36m(WorkerDict pid=3466877)[0m trial-302172199-trialrun-302172199-worker-0:3466877:3466877 [0] NCCL INFO Channel 14/0 : 0[0] -> 1[1] via P2P/CUMEM
[36m(WorkerDict pid=3466877)[0m trial-302172199-trialrun-302172199-worker-0:3466877:3466877 [0] NCCL INFO Channel 15/0 : 0[0] -> 1[1] via P2P/CUMEM
[36m(WorkerDict pid=3466877)[0m trial-302172199-trialrun-302172199-worker-0:3466877:3466877 [0] NCCL INFO Channel 16/0 : 0[0] -> 1[1] via P2P/CUMEM
[36m(WorkerDict pid=3466877)[0m trial-302172199-trialrun-302172199-worker-0:3466877:3466877 [0] NCCL INFO Channel 17/0 : 0[0] -> 1[1] via P2P/CUMEM
[36m(WorkerDict pid=3466877)[0m trial-302172199-trialrun-302172199-worker-0:3466877:3466877 [0] NCCL INFO Channel 18/0 : 0[0] -> 1[1] via P2P/CUMEM
[36m(WorkerDict pid=3466877)[0m trial-302172199-trialrun-302172199-worker-0:3466877:3466877 [0] NCCL INFO Channel 19/0 : 0[0] -> 1[1] via P2P/CUMEM
[36m(WorkerDict pid=3466877)[0m trial-302172199-trialrun-302172199-worker-0:3466877:3466877 [0] NCCL INFO Channel 20/0 : 0[0] -> 1[1] via P2P/CUMEM
[36m(WorkerDict pid=3466877)[0m trial-302172199-trialrun-302172199-worker-0:3466877:3466877 [0] NCCL INFO Channel 21/0 : 0[0] -> 1[1] via P2P/CUMEM
[36m(WorkerDict pid=3466877)[0m trial-302172199-trialrun-302172199-worker-0:3466877:3466877 [0] NCCL INFO Channel 22/0 : 0[0] -> 1[1] via P2P/CUMEM
[36m(WorkerDict pid=3466877)[0m trial-302172199-trialrun-302172199-worker-0:3466877:3466877 [0] NCCL INFO Channel 23/0 : 0[0] -> 1[1] via P2P/CUMEM
[36m(WorkerDict pid=3466877)[0m trial-302172199-trialrun-302172199-worker-0:3466877:3466877 [0] NCCL INFO Channel 24/0 : 0[0] -> 1[1] via P2P/CUMEM
[36m(WorkerDict pid=3466877)[0m trial-302172199-trialrun-302172199-worker-0:3466877:3466877 [0] NCCL INFO Channel 25/0 : 0[0] -> 1[1] via P2P/CUMEM
[36m(WorkerDict pid=3466877)[0m trial-302172199-trialrun-302172199-worker-0:3466877:3466877 [0] NCCL INFO Channel 26/0 :
[36m(WorkerDict pid=3466882)[0m CL INFO Ring 30 : 5 -> 6 -> 7
[36m(WorkerDict pid=3466882)[0m trial-302172199-trialrun-302172199-worker-0:3466882:3482470 [0] NCCL INFO [Proxy Service UDS] Device 6 CPU core 230
[36m(WorkerDict pid=3466882)[0m trial-302172199-trialrun-302172199-worker-0:3466882:3466882 [6] NCCL INFO Channel 14/0 : 6[6] ->
[36m(WorkerDict pid=3466881)[0m trial-302172199-trialrun-302172199-worker-0:3466881:3466881 [7] 
[36m(WorkerDict pid=3466879)[0m trial-30217219
[36m(WorkerDict pid=3466874)[0m NFO Ring 30 : 1 -> 2 -> 3
[36m(WorkerDict pid=3466874)[0m trial-302172199-trialrun-302172199-worker-0:3466874:3466874 [2] NCCL INFO Channel 14/0 : 2[2] -> 3[3] v
[36m(WorkerDict pid=3466877)[0m Actor use_remove_padding=True
[36m(WorkerDict pid=3466877)[0m Actor use_fused_kernels=True
[36m(WorkerDict pid=3466878)[0m Monkey patch _flash_attention_forward in transformers.integrations.flash_attention[32m [repeated 7x across cluster][0m
[36m(WorkerDict pid=3466881)[0m Using Triton backend for fused kernels in Qwen2ForCausalLM[32m [repeated 7x across cluster][0m
[36m(WorkerDict pid=3466878)[0m trial-302172199-trialrun-302172199-worker-0:3466878:3466878 [5] NCCL INFO ENV/Plugin: Could not find: libnccl-env.so[32m [repeated 7x across cluster][0m
[36m(WorkerDict pid=3466878)[0m trial-302172199-trialrun-302172199-worker-0:3466878:3466878 [5] NCCL INFO NCCL_SOCKET_FAMILY set by environment to AF_INET6[32m [repeated 14x across cluster][0m
[36m(WorkerDict pid=3466878)[0m trial-302172199-trialrun-302172199-worker-0:3466878:3466878 [5] NCCL INFO NCCL_SOCKET_IFNAME set by environment to =eth0[32m [repeated 14x across cluster][0m
[36m(WorkerDict pid=3466878)[0m trial-302172199-trialrun-302172199-worker-0:3466878:3466878 [5] NCCL INFO cudaDriverVersion 13000[32m [repeated 7x across cluster][0m
[36m(WorkerDict pid=3466878)[0m trial-302172199-trialrun-302172199-worker-0:3466878:3466878 [5] NCCL INFO NCCL version 2.28.9+cuda13.0[32m [repeated 7x across cluster][0m
[36m(WorkerDict pid=3466878)[0m trial-302172199-trialrun-302172199-worker-0:3466878:3466878 [5] NCCL INFO Comm config Blocking set to 1[32m [repeated 7x across cluster][0m
[36m(WorkerDict pid=3466878)[0m trial-302172199-trialrun-302172199-worker-0:3466878:3466878 [5] NCCL INFO NCCL_NET_PLUGIN set by environment to none[32m [repeated 7x across cluster][0m
[36m(WorkerDict pid=3466878)[0m trial-302172199-trialrun-302172199-worker-0:3466878:3466878 [5] NCCL INFO NET/Socket : Using [0]eth0:fdbd:dc61:ff:f000:ffff:ffff:0:16<0>[32m [repeated 7x across cluster][0m
[36m(WorkerDict pid=3466878)[0m trial-302172199-trialrun-302172199-worker-0:3466878:3466878 [5] NCCL INFO Initialized NET plugin Socket[32m [repeated 7x across cluster][0m
[36m(WorkerDict pid=3466878)[0m trial-302172199-trialrun-302172199-worker-0:3466878:3466878 [5] NCCL INFO Assigned NET plugin Socket to comm[32m [repeated 7x across cluster][0m
[36m(WorkerDict pid=3466878)[0m trial-302172199-trialrun-302172199-worker-0:3466878:3466878 [5] NCCL INFO Using network Socket[32m [repeated 7x across cluster][0m
[36m(WorkerDict pid=3466878)[0m trial-302172199-trialrun-302172199-worker-0:3466878:3466878 [5] NCCL INFO ncclCommInitRankConfig comm 0xf8aecf0 rank 5 nranks 8 cudaDev 5 nvmlDev 5 busId a8000 commId 0xcf3195a3bb48aea2 - Init START[32m [repeated 7x across cluster][0m
[36m(WorkerDict pid=3466878)[0m trial-302172199-trialrun-302172199-worker-0:3466878:3466878 [5] NCCL INFO RAS client listening socket at ::1<28028>[32m [repeated 7x across cluster][0m
[36m(WorkerDict pid=3466878)[0m trial-302172199-trialrun-302172199-worker-0:3466878:3466878 [5] NCCL INFO MNNVL busId 0xa8000 fabric UUID 0.0 cliqueId 0x0 state 3 healthMask 0x80[32m [repeated 7x across cluster][0m
[36m(WorkerDict pid=3466878)[0m trial-302172199-trialrun-302172199-worker-0:3466878:3466878 [5] NCCL INFO Could not find real path of /sys/class/pci_bus/fffffff/../../fffffff:ff:f[32m [repeated 7x across cluster][0m
[36m(WorkerDict pid=3466878)[0m trial-302172199-trialrun-302172199-worker-0:3466878:3466878 [5] NCCL INFO TOPO/NET : Importing network plugins to topology[32m [repeated 7x across cluster][0m
[36m(WorkerDict pid=3466878)[0m trial-302172199-trialrun-302172199-worker-0:3466878:3466878 [5] NCCL INFO ncclTopoPopulateNics : Filled eth0 in topo with pciPath=(null) keep=1 coll=(null)[32m [repeated 7x across cluster][0m
[36m(WorkerDict pid=3466878)[0m trial-302172199-trialrun-302172199-worker-0:3466878:3466878 [5] NCCL INFO === System : maxBw 721.8 totalBw 721.8 ===[32m [repeated 7x across cluster][0m
[36m(WorkerDict pid=3466878)[0m trial-302172199-trialrun-302172199-worker-0:3466878:3466878 [5] NCCL INFO NET/0-0 :GPU/0-f000 (4/1.2/PHB) GPU/0-2d000 (4/1.2/PHB) GPU/0-44000 (4/1.2/PHB) GPU/0-5b000 (4/1.2/PHB) GPU/0-89000 (5/1.2/SYS) GPU/0-a8000 (5/1.2/SYS) GPU/0-c0000 (5/1.2/SYS) GPU/0-d8000 (5/1.2/SYS) CPU/0-0 (2/1.2/PHB) CPU/0-1 (3/1.2/SYS) NET/0-0 (0/5000.0/LOC) NET/0-0 (0/0.0/DIS) [32m [repeated 84x across cluster][0m
[36m(WorkerDict pid=3466878)[0m trial-302172199-trialrun-302172199-worker-0:3466878:3466878 [5] NCCL INFO + SYS[40.0] - CPU/0-0[32m [repeated 203x across cluster][0m
[36m(WorkerDict pid=3466878)[0m trial-302172199-trialrun-302172199-worker-0:3466878:3466878 [5] NCCL INFO ==========================================[32m [repeated 7x across cluster][0m
[36m(WorkerDict pid=3466878)[0m trial-302172199-trialrun-302172199-worker-0:3466878:3466878 [5] NCCL INFO ncclTopoGetCpuAffinity: Affinity for GPU 5 is 64-126,192-254. (GPU affinity = 64-127,192-255 ; CPU affinity = 0-62,64-126,128-190,192-254).[32m [repeated 7x across cluster][0m
[36m(WorkerDict pid=3466878)[0m trial-302172199-trialrun-302172199-worker-0:3466878:3466878 [5] NCCL INFO NCCL_NVLS_ENABLE set by environment to 1.[32m [repeated 7x across cluster][0m
[36m(WorkerDict pid=3466878)[0m trial-302172199-trialrun-302172199-worker-0:3466878:3466878 [5] NCCL INFO NVLS multicast support is available on dev 5 (NVLS_NCHANNELS 24)[32m [repeated 7x across cluster][0m
[36m(WorkerDict pid=3466878)[0m trial-302172199-trialrun-302172199-worker-0:3466878:3466878 [5] NCCL INFO Pattern 5, crossNic 0, nChannels 8, bw 80.000000/90.000000, type NVL/PIX, sameChannels 0[32m [repeated 21x across cluster][0m
[36m(WorkerDict pid=3466878)[0m trial-302172199-trialrun-302172199-worker-0:3466878:3466878 [5] NCCL INFO  7 : GPU/0-d8000[32m [repeated 280x across cluster][0m
[36m(WorkerDict pid=3466878)[0m trial-302172199-trialrun-302172199-worker-0:3466878:3466878 [5] NCCL INFO comm 0xf8aecf0 rank 5 nRanks 8 nNodes 1 localRanks 8 localRank 5 MNNVL 0[32m [repeated 7x across cluster][0m
[36m(WorkerDict pid=3466879)[0m trial-302172199-trialrun-302172199-worker-0:3466879:3466879 [1] NCCL INFO Tree 31 : 0 -> 1 -> 2/-1/-1[32m [repeated 32x across cluster][0m
[36m(WorkerDict pid=3466878)[0m trial-302172199-trialrun-302172199-worker-0:3466878:3466878 [5] NCCL INFO Ring 31 : 4 -> 5 -> 6[32m [repeated 218x across cluster][0m
[36m(WorkerDict pid=3466878)[0m trial-302172199-trialrun-302172199-worker-0:3466878:3466878 [5] NCCL INFO Trees [0] 6/-1/-1->5->4 [1] 6/-1/-1->5->4 [2] 6/-1/-1->5->4 [3] 6/-1/-1->5->4 [4] 6/-1/-1->5->4 [5] 6/-1/-1->5->4 [6] 6/-1/-1->5->4 [7] 6/-1/-1->5->4 [8] 6/-1/-1->5->4 [9] 6/-1/-1->5->4 [10] 6/-1/-1->5->4 [11] 6/-1/-1->5->4 [12] 6/-1/-1->5->4 [13] 6/-1/-1->5->4 [14] 6/-1/-1->5->4 [15] 6/-1/-1->5->4 [16] 6/-1/-1->5->4 [17] 6/-1/-1->5->4 [18] 6/-1/-1->5->4 [19] 6/-1/-1->5->4 [20] 6/-1/-1->5->4 [21] 6/-1/-1->5->4 [22] 6/-1/-1->5->4 [23] 6/-1/-1->5->4 [24] 6/-1/-1->5->4 [25] 6/-1/-1->5->4 [26] 6/-1/-1->5->4 [27] 6/-1/-1->5->4 [28] 6/-1/-1->5->4 [29] 6/-1/-1->5->4 [30] 6/-1/-1->5->4 [31] 6/-1/-1->5->4[32m [repeated 7x across cluster][0m
[36m(WorkerDict pid=3466878)[0m trial-302172199-trialrun-302172199-worker-0:3466878:3466878 [5] NCCL INFO P2P Chunksize set to 524288[32m [repeated 7x across cluster][0m
[36m(WorkerDict pid=3466878)[0m trial-302172199-trialrun-302172199-worker-0:3466878:3466878 [5] NCCL INFO PROFILER/Plugin: Could not find: libnccl-profiler.so[32m [repeated 7x across cluster][0m
[36m(WorkerDict pid=3466878)[0m trial-302172199-trialrun-302172199-worker-0:3466878:3466878 [5] NCCL INFO Check P2P Type isAllDirectP2p 1 directMode 0 isAllCudaP2p 1[32m [repeated 7x across cluster][0m
[36m(WorkerDict pid=3466878)[0m trial-302172199-trialrun-302172199-worker-0:3466878:3466878 [5] NCCL INFO ncclP2pSchedule: group size used is 8[32m [repeated 7x across cluster][0m
[36m(WorkerDict pid=3466878)[0m trial-302172199-trialrun-302172199-worker-0:3466878:3482461 [0] NCCL INFO [Proxy Service] Device 5 CPU core 224[32m [repeated 7x across cluster][0m
[36m(WorkerDict pid=3466878)[0m trial-302172199-trialrun-302172199-worker-0:3466878:3466878 [5] NC[32m [repeated 3x across cluster][0m
[36m(WorkerDict pid=3466876)[0m trial-302172199-trialrun-302172199-worker-0:3466876:3466876 [3] NCCL I
[36m(WorkerDict pid=3466878)[0m trial-302172199-trialrun-302172199-worker-0:3466878:3466878 [5] NCCL INFO TUNER/Plugin: Could not find: libnccl-tuner.so[32m [repeated 7x across cluster][0m
[36m(WorkerDict pid=3466878)[0m trial-302172199-trialrun-302172199-worker-0:3466878:3466878 [5] NCCL INFO threadThresholds 8/8/64 | 64/8/64 | 512 | 512[32m [repeated 7x across cluster][0m
[36m(WorkerDict pid=3466878)[0m trial-302172199-trialrun-302172199-worker-0:3466878:3466878 [5] NCCL INFO 32 coll channels, 32 collnet channels, 24 nvls channels, 32 p2p channels, 32 p2p channels per peer[32m [repeated 7x across cluster][0m
[36m(WorkerDict pid=3466878)[0m trial-302172199-trialrun-302172199-worker-0:3466878:3466878 [5] NCCL INFO ncclCommInitRankConfig comm 0xf8aecf0 rank 5 nranks 8 cudaDev 5 nvmlDev 5 busId a8000 commId 0xcf3195a3bb48aea2 - Init COMPLETE[32m [repeated 7x across cluster][0m
[36m(WorkerDict pid=3466878)[0m trial-302172199-trialrun-302172199-worker-0:3466878:3466878 [5] NCCL INFO Init timings - ncclCommInitRankConfig: rank 5 nranks 8 total 3.25 (kernels 0.30, alloc 0.75, bootstrap 0.20, allgathers 0.00, topo 1.58, graphs 0.03, connections 0.40, rest 0.00)[32m [repeated 7x across cluster][0m
[36m(WorkerDict pid=3466878)[0m trial-302172199-trialrun-302172199-worker-0:3466878:3466878 [5] NCCL INFO Channel 13/0 : 5[5] -> 6[6] via P2P/CUMEM[32m [repeated 106x across cluster][0m
[36m(WorkerDict pid=3466878)[0m CL INFO Ring 30 : 4 -> 5 -> 6[32m [repeated 3x across cluster][0m
[36m(WorkerDict pid=3466878)[0m trial-302172199-trialrun-302172199-worker-0:3466878:3482466 [0] NCCL INFO [Proxy Service UDS] Device 5 CPU core 103[32m [repeated 6x across cluster][0m
[36m(WorkerDict pid=3466878)[0m trial-302172199-trialrun-302172199-worker-0:3466878:3466878 [5] NCCL INFO Channel 14/0 : 5[5] ->[32m [repeated 3x across cluster][0m
[36m(WorkerDict pid=3466876)[0m NFO Ring 30 : 2 -> 3 -> 4
[36m(WorkerDict pid=3466877)[0m Model config after override: Qwen2Config {
[36m(WorkerDict pid=3466877)[0m   "architectures": [
[36m(WorkerDict pid=3466877)[0m     "Qwen2ForCausalLM"
[36m(WorkerDict pid=3466877)[0m   ],
[36m(WorkerDict pid=3466877)[0m   "attention_dropout": 0.0,
[36m(WorkerDict pid=3466877)[0m   "bos_token_id": null,
[36m(WorkerDict pid=3466877)[0m   "dtype": "bfloat16",
[36m(WorkerDict pid=3466877)[0m   "eos_token_id": 151643,
[36m(WorkerDict pid=3466877)[0m   "hidden_act": "silu",
[36m(WorkerDict pid=3466877)[0m   "hidden_size": 3584,
[36m(WorkerDict pid=3466877)[0m   "initializer_range": 0.02,
[36m(WorkerDict pid=3466877)[0m   "intermediate_size": 18944,
[36m(WorkerDict pid=3466877)[0m   "layer_types": [
[36m(WorkerDict pid=3466877)[0m     "full_attention",
[36m(WorkerDict pid=3466877)[0m     "full_attention",
[36m(WorkerDict pid=3466877)[0m     "full_attention",
[36m(WorkerDict pid=3466877)[0m     "full_attention",
[36m(WorkerDict pid=3466877)[0m     "full_attention",
[36m(WorkerDict pid=3466877)[0m     "full_attention",
[36m(WorkerDict pid=3466877)[0m     "full_attention",
[36m(WorkerDict pid=3466877)[0m     "full_attention",
[36m(WorkerDict pid=3466877)[0m     "full_attention",
[36m(WorkerDict pid=3466877)[0m     "full_attention",
[36m(WorkerDict pid=3466877)[0m     "full_attention",
[36m(WorkerDict pid=3466877)[0m     "full_attention",
[36m(WorkerDict pid=3466877)[0m     "full_attention",
[36m(WorkerDict pid=3466877)[0m     "full_attention",
[36m(WorkerDict pid=3466877)[0m     "full_attention",
[36m(WorkerDict pid=3466877)[0m     "full_attention",
[36m(WorkerDict pid=3466877)[0m     "full_attention",
[36m(WorkerDict pid=3466877)[0m     "full_attention",
[36m(WorkerDict pid=3466877)[0m     "full_attention",
[36m(WorkerDict pid=3466877)[0m     "full_attention",
[36m(WorkerDict pid=3466877)[0m     "full_attention",
[36m(WorkerDict pid=3466877)[0m     "full_attention",
[36m(WorkerDict pid=3466877)[0m     "full_attention",
[36m(WorkerDict pid=3466877)[0m     "full_attention",
[36m(WorkerDict pid=3466877)[0m     "full_attention",
[36m(WorkerDict pid=3466877)[0m     "full_attention",
[36m(WorkerDict pid=3466877)[0m     "full_attention",
[36m(WorkerDict pid=3466877)[0m     "full_attention"
[36m(WorkerDict pid=3466877)[0m   ],
[36m(WorkerDict pid=3466877)[0m   "max_position_embeddings": 4096,
[36m(WorkerDict pid=3466877)[0m   "max_window_layers": 28,
[36m(WorkerDict pid=3466877)[0m   "model_type": "qwen2",
[36m(WorkerDict pid=3466877)[0m   "num_attention_heads": 28,
[36m(WorkerDict pid=3466877)[0m   "num_hidden_layers": 28,
[36m(WorkerDict pid=3466877)[0m   "num_key_value_heads": 4,
[36m(WorkerDict pid=3466877)[0m   "pad_token_id": 151643,
[36m(WorkerDict pid=3466877)[0m   "rms_norm_eps": 1e-06,
[36m(WorkerDict pid=3466877)[0m   "rope_parameters": {
[36m(WorkerDict pid=3466877)[0m     "rope_theta": 10000,
[36m(WorkerDict pid=3466877)[0m     "rope_type": "default"
[36m(WorkerDict pid=3466877)[0m   },
[36m(WorkerDict pid=3466877)[0m   "sliding_window": null,
[36m(WorkerDict pid=3466877)[0m   "tie_word_embeddings": false,
[36m(WorkerDict pid=3466877)[0m   "transformers_version": "5.12.1",
[36m(WorkerDict pid=3466877)[0m   "use_cache": true,
[36m(WorkerDict pid=3466876)[0m Loading weights:   0%|          | 0/339 [00:00<?, ?it/s]
[36m(WorkerDict pid=3466879)[0m WARNING:2026-08-01 23:51:47,047:Initializing torch.distributed: rank=1 world_size=8 init_method=tcp://[fdbd:dc61:ff:f000:ffff:ffff:0:16]:60667 master=fdbd:dc61:ff:f000:ffff:ffff:0:16:60667[32m [repeated 7x across cluster][0m
[36m(WorkerDict pid=3466874)[0m [W801 23:51:47.255532594 ProcessGroupNCCL.cpp:932] Warning: TORCH_NCCL_AVOID_RECORD_STREAMS is the default now, this environment variable is thus deprecated. (function operator())[32m [repeated 7x across cluster][0m
[36m(WorkerDict pid=3466879)[0m Loading weights:   0%|          | 0/339 [00:00<?, ?it/s]Loading weights: 100%|██████████| 339/339 [00:00<00:00, 11674.66it/s][32m [repeated 7x across cluster][0m
[36m(WorkerDict pid=3466877)[0m Loading weights:   0%|          | 1/339 [00:01<06:19,  1.12s/it]
[36m(WorkerDict pid=3466877)[0m Loading weights:  93%|█████████▎| 316/339 [00:03<00:00, 97.22it/s]
[36m(WorkerDict pid=3466877)[0m Loading weights:  97%|█████████▋| 329/339 [00:04<00:00, 95.20it/s]Loading weights: 100%|██████████| 339/339 [00:04<00:00, 82.13it/s]
[36m(WorkerDict pid=3466878)[0m Loading weights:   0%|          | 0/339 [00:00<?, ?it/s][32m [repeated 7x across cluster][0m
[36m(WorkerDict pid=3466877)[0m WARNING:2026-08-01 23:52:14,169:Dropping unsupported vLLM engine kwargs for this version: ['disable_mm_preprocessor_cache']
[36m(WorkerDict pid=3466878)[0m Loading weights:  87%|████████▋ | 294/339 [00:04<00:00, 69.66it/s][32m [repeated 218x across cluster][0m
[36m(WorkerDict pid=3466878)[0m Loading weights:  95%|█████████▍| 322/339 [00:05<00:00, 85.49it/s][32m [repeated 13x across cluster][0m
[36m(WorkerDict pid=3466878)[0m Loading weights:  98%|█████████▊| 332/339 [00:05<00:00, 82.54it/s]Loading weights: 100%|██████████| 339/339 [00:05<00:00, 63.21it/s][32m [repeated 5x across cluster][0m
[36m(WorkerDict pid=3466876)[0m /mlx_devbox/users/quyanyi/playground/.venvs/ttrl_b200/lib/python3.11/site-packages/nvidia_cutlass_dsl/python_packages/cutlass/cute/core.py:5791: DeprecationWarning: Use explicit `struct.scalar.ptr` for pointer instead.
[36m(WorkerDict pid=3466876)[0m   warnings.warn(
[36m(WorkerDict pid=3466879)[0m WARNING:2026-08-01 23:52:14,169:Dropping unsupported vLLM engine kwargs for this version: ['disable_mm_preprocessor_cache'][32m [repeated 7x across cluster][0m
[36m(WorkerDict pid=3466877)[0m 2026-08-01 23:52:44,158 - INFO - autotuner.py:622 - flashinfer.jit: [Autotuner]: Autotuning process starts ...
[36m(WorkerDict pid=3466877)[0m 2026-08-01 23:52:44,179 - INFO - autotuner.py:641 - flashinfer.jit: [Autotuner]: Autotuning process ends
[36m(WorkerDict pid=3466879)[0m /mlx_devbox/users/quyanyi/playground/.venvs/ttrl_b200/lib/python3.11/site-packages/nvidia_cutlass_dsl/python_packages/cutlass/cute/core.py:5791: DeprecationWarning: Use explicit `struct.scalar.ptr` for pointer instead.[32m [repeated 103x across cluster][0m
[36m(WorkerDict pid=3466879)[0m   warnings.warn([32m [repeated 103x across cluster][0m
[36m(WorkerDict pid=3466877)[0m Capturing CUDA graphs (mixed prefill-decode, PIECEWISE):   0%|          | 0/51 [00:00<?, ?it/s]
[36m(WorkerDict pid=3466877)[0m Capturing CUDA graphs (mixed prefill-decode, PIECEWISE):   8%|▊         | 4/51 [00:00<00:01, 33.38it/s]
[36m(WorkerDict pid=3466877)[0m Capturing CUDA graphs (mixed prefill-decode, PIECEWISE):  16%|█▌        | 8/51 [00:00<00:01, 33.28it/s]
[36m(WorkerDict pid=3466877)[0m Capturing CUDA graphs (mixed prefill-decode, PIECEWISE):  24%|██▎       | 12/51 [00:00<00:01, 28.57it/s]
[36m(WorkerDict pid=3466877)[0m Capturing CUDA graphs (mixed prefill-decode, PIECEWISE):  31%|███▏      | 16/51 [00:00<00:01, 28.27it/s]
[36m(WorkerDict pid=3466877)[0m Capturing CUDA graphs (mixed prefill-decode, PIECEWISE):  39%|███▉      | 20/51 [00:00<00:01, 29.54it/s]
[36m(WorkerDict pid=3466877)[0m Capturing CUDA graphs (mixed prefill-decode, PIECEWISE):  47%|████▋     | 24/51 [00:00<00:00, 30.11it/s]
[36m(WorkerDict pid=3466877)[0m Capturing CUDA graphs (mixed prefill-decode, PIECEWISE):  55%|█████▍    | 28/51 [00:00<00:00, 30.49it/s]
[36m(WorkerDict pid=3466877)[0m Capturing CUDA graphs (mixed prefill-decode, PIECEWISE):  63%|██████▎   | 32/51 [00:01<00:00, 30.12it/s]
[36m(WorkerDict pid=3466877)[0m Capturing CUDA graphs (mixed prefill-decode, PIECEWISE):  71%|███████   | 36/51 [00:01<00:00, 30.21it/s]
[36m(WorkerDict pid=3466877)[0m Capturing CUDA graphs (mixed prefill-decode, PIECEWISE):  78%|███████▊  | 40/51 [00:01<00:00, 29.69it/s]
[36m(WorkerDict pid=3466877)[0m Capturing CUDA graphs (mixed prefill-decode, PIECEWISE):  84%|████████▍ | 43/51 [00:01<00:00, 29.23it/s]
[36m(WorkerDict pid=3466877)[0m Capturing CUDA graphs (mixed prefill-decode, PIECEWISE):  90%|█████████ | 46/51 [00:01<00:00, 29.02it/s]
[36m(WorkerDict pid=3466877)[0m Capturing CUDA graphs (mixed prefill-decode, PIECEWISE):  98%|█████████▊| 50/51 [00:01<00:00, 29.78it/s]
[36m(WorkerDict pid=3466877)[0m Capturing CUDA graphs (mixed prefill-decode, PIECEWISE): 100%|██████████| 51/51 [00:01<00:00, 29.49it/s]
[36m(WorkerDict pid=3466877)[0m Capturing CUDA graphs (decode, FULL):   0%|          | 0/51 [00:00<?, ?it/s]
[36m(WorkerDict pid=3466877)[0m Capturing CUDA graphs (decode, FULL):   8%|▊         | 4/51 [00:00<00:01, 38.66it/s]
[36m(WorkerDict pid=3466877)[0m Capturing CUDA graphs (decode, FULL):  16%|█▌        | 8/51 [00:00<00:01, 38.61it/s]
[36m(WorkerDict pid=3466877)[0m Capturing CUDA graphs (decode, FULL):  24%|██▎       | 12/51 [00:00<00:01, 38.98it/s]
[36m(WorkerDict pid=3466877)[0m Capturing CUDA graphs (decode, FULL):  31%|███▏      | 16/51 [00:00<00:00, 39.22it/s]
[36m(WorkerDict pid=3466877)[0m Capturing CUDA graphs (decode, FULL):  39%|███▉      | 20/51 [00:00<00:00, 35.26it/s]
[36m(WorkerDict pid=3466877)[0m Capturing CUDA graphs (decode, FULL):  47%|████▋     | 24/51 [00:00<00:00, 34.35it/s]
[36m(WorkerDict pid=3466877)[0m Capturing CUDA graphs (decode, FULL):  55%|█████▍    | 28/51 [00:00<00:00, 35.22it/s]
[36m(WorkerDict pid=3466877)[0m Capturing CUDA graphs (decode, FULL):  63%|██████▎   | 32/51 [00:00<00:00, 34.95it/s]
[36m(WorkerDict pid=3466877)[0m Capturing CUDA graphs (decode, FULL):  71%|███████   | 36/51 [00:00<00:00, 35.71it/s]
[36m(WorkerDict pid=3466877)[0m Capturing CUDA graphs (decode, FULL):  78%|███████▊  | 40/51 [00:01<00:00, 36.64it/s]
[36m(WorkerDict pid=3466877)[0m Capturing CUDA graphs (decode, FULL):  86%|████████▋ | 44/51 [00:01<00:00, 37.24it/s]
[36m(WorkerDict pid=3466879)[0m 2026-08-01 23:52:44,158 - INFO - autotuner.py:622 - flashinfer.jit: [Autotuner]: Autotuning process starts ...[32m [repeated 7x across cluster][0m
[36m(WorkerDict pid=3466879)[0m 2026-08-01 23:52:44,179 - INFO - autotuner.py:641 - flashinfer.jit: [Autotuner]: Autotuning process ends[32m [repeated 7x across cluster][0m
[36m(WorkerDict pid=3466877)[0m /mlx_devbox/users/quyanyi/playground/.venvs/ttrl_b200/lib/python3.11/site-packages/nvidia_cutlass_dsl/python_packages/cutlass/cute/core.py:5791: DeprecationWarning: Use explicit `struct.scalar.ptr` for pointer instead.[32m [repeated 3x across cluster][0m
[36m(WorkerDict pid=3466877)[0m   warnings.warn([32m [repeated 3x across cluster][0m
[36m(WorkerDict pid=3466877)[0m Capturing CUDA graphs (decode, FULL):  86%|████████▋ | 44/51 [00:12<00:00, 37.24it/s]
[36m(WorkerDict pid=3466874)[0m /mlx_devbox/users/quyanyi/playground/.venvs/ttrl_b200/lib/python3.11/site-packages/nvidia_cutlass_dsl/python_packages/cutlass/cute/core.py:5791: DeprecationWarning: Use explicit `struct.scalar.ptr` for pointer instead.[32m [repeated 101x across cluster][0m
[36m(WorkerDict pid=3466874)[0m   warnings.warn([32m [repeated 101x across cluster][0m
[36m(WorkerDict pid=3466877)[0m Capturing CUDA graphs (decode, FULL):  92%|█████████▏| 47/51 [00:12<00:03,  1.08it/s]
[36m(WorkerDict pid=3466877)[0m Capturing CUDA graphs (decode, FULL): 100%|██████████| 51/51 [00:12<00:00,  1.56it/s]Capturing CUDA graphs (decode, FULL): 100%|██████████| 51/51 [00:12<00:00,  4.13it/s]
[36m(WorkerDict pid=3466881)[0m /mlx_devbox/users/quyanyi/playground/TTRL/verl/verl/workers/sharding_manager/fsdp_vllm.py:97: FutureWarning: FSDP.state_dict_type() and FSDP.set_state_dict_type() are being deprecated. Please use APIs, get_state_dict() and set_state_dict(), which can support different parallelisms, FSDP1, FSDP2, DDP. API doc: https://pytorch.org/docs/stable/distributed.checkpoint.html#torch.distributed.checkpoint.state_dict.get_state_dict .Tutorial: https://pytorch.org/tutorials/recipes/distributed_checkpoint_recipe.html .
[36m(WorkerDict pid=3466881)[0m   FSDP.set_state_dict_type(
[36m(TaskRunner pid=3466873)[0m Training Progress:   0%|          | 0/20 [00:00<?, ?it/s]
[36m(WorkerDict pid=3466877)[0m /mlx_devbox/users/quyanyi/playground/.venvs/ttrl_b200/lib/python3.11/site-packages/nvidia_cutlass_dsl/python_packages/cutlass/cute/core.py:5791: DeprecationWarning: Use explicit `struct.scalar.ptr` for pointer instead.
[36m(WorkerDict pid=3466877)[0m   warnings.warn(
[36m(WorkerDict pid=3466874)[0m /mlx_devbox/users/quyanyi/playground/TTRL/verl/verl/workers/sharding_manager/fsdp_vllm.py:97: FutureWarning: FSDP.state_dict_type() and FSDP.set_state_dict_type() are being deprecated. Please use APIs, get_state_dict() and set_state_dict(), which can support different parallelisms, FSDP1, FSDP2, DDP. API doc: https://pytorch.org/docs/stable/distributed.checkpoint.html#torch.distributed.checkpoint.state_dict.get_state_dict .Tutorial: https://pytorch.org/tutorials/recipes/distributed_checkpoint_recipe.html .[32m [repeated 7x across cluster][0m
[36m(WorkerDict pid=3466874)[0m   FSDP.set_state_dict_type([32m [repeated 7x across cluster][0m
[36m(WorkerDict pid=3466882)[0m /mlx_devbox/users/quyanyi/playground/.venvs/ttrl_b200/lib/python3.11/site-packages/nvidia_cutlass_dsl/python_packages/cutlass/cute/core.py:5791: DeprecationWarning: Use explicit `struct.scalar.ptr` for pointer instead.
[36m(WorkerDict pid=3466882)[0m   warnings.warn(
[36m(TaskRunner pid=3466873)[0m <string>:1: SymPyDeprecationWarning: 
[36m(TaskRunner pid=3466873)[0m 
[36m(TaskRunner pid=3466873)[0m Using non-Expr arguments in Pow is deprecated (in this case, one of the
[36m(TaskRunner pid=3466873)[0m arguments is of type 'FiniteSet').
[36m(TaskRunner pid=3466873)[0m 
[36m(TaskRunner pid=3466873)[0m If you really did intend to construct a power with this base, use the **
[36m(TaskRunner pid=3466873)[0m operator instead.
[36m(TaskRunner pid=3466873)[0m 
[36m(TaskRunner pid=3466873)[0m See https://docs.sympy.org/latest/explanation/active-deprecations.html#non-expr-args-deprecated
[36m(TaskRunner pid=3466873)[0m for details.
[36m(TaskRunner pid=3466873)[0m 
[36m(TaskRunner pid=3466873)[0m This has been deprecated since SymPy version 1.7. It
[36m(TaskRunner pid=3466873)[0m will be removed in a future version of SymPy.
[36m(TaskRunner pid=3466873)[0m 
[36m(TaskRunner pid=3466873)[0m /mlx_devbox/users/quyanyi/playground/.venvs/ttrl_b200/lib/python3.11/site-packages/sympy/core/basic.py:1949: SymPyDeprecationWarning: 
[36m(TaskRunner pid=3466873)[0m 
[36m(TaskRunner pid=3466873)[0m Using non-Expr arguments in Pow is deprecated (in this case, one of the
[36m(TaskRunner pid=3466873)[0m arguments is of type 'FiniteSet').
[36m(TaskRunner pid=3466873)[0m 
[36m(TaskRunner pid=3466873)[0m If you really did intend to construct a power with this base, use the **
[36m(TaskRunner pid=3466873)[0m operator instead.
[36m(TaskRunner pid=3466873)[0m 
[36m(TaskRunner pid=3466873)[0m See https://docs.sympy.org/latest/explanation/active-deprecations.html#non-expr-args-deprecated
[36m(TaskRunner pid=3466873)[0m for details.
[36m(TaskRunner pid=3466873)[0m 
[36m(TaskRunner pid=3466873)[0m This has been deprecated since SymPy version 1.7. It
[36m(TaskRunner pid=3466873)[0m will be removed in a future version of SymPy.
[36m(TaskRunner pid=3466873)[0m 
[36m(TaskRunner pid=3466873)[0m   return self.func(*terms)
[36m(WorkerDict pid=3466874)[0m /mlx_devbox/users/quyanyi/playground/.venvs/ttrl_b200/lib/python3.11/site-packages/nvidia_cutlass_dsl/python_packages/cutlass/cute/core.py:5791: DeprecationWarning: Use explicit `struct.scalar.ptr` for pointer instead.[32m [repeated 102x across cluster][0m
[36m(WorkerDict pid=3466874)[0m   warnings.warn([32m [repeated 102x across cluster][0m
[36m(TaskRunner pid=3466873)[0m <string>:1: SymPyDeprecationWarning: 
[36m(TaskRunner pid=3466873)[0m 
[36m(TaskRunner pid=3466873)[0m Using non-Expr arguments in Pow is deprecated (in this case, one of the
[36m(TaskRunner pid=3466873)[0m arguments is of type 'FiniteSet').
[36m(TaskRunner pid=3466873)[0m 
[36m(TaskRunner pid=3466873)[0m If you really did intend to construct a power with this base, use the **
[36m(TaskRunner pid=3466873)[0m operator instead.
[36m(TaskRunner pid=3466873)[0m 
[36m(TaskRunner pid=3466873)[0m See https://docs.sympy.org/latest/explanation/active-deprecations.html#non-expr-args-deprecated
[36m(TaskRunner pid=3466873)[0m for details.
[36m(TaskRunner pid=3466873)[0m 
[36m(TaskRunner pid=3466873)[0m This has been deprecated since SymPy version 1.7. It
[36m(TaskRunner pid=3466873)[0m will be removed in a future version of SymPy.
[36m(TaskRunner pid=3466873)[0m 
[36m(TaskRunner pid=3466873)[0m /mlx_devbox/users/quyanyi/playground/.venvs/ttrl_b200/lib/python3.11/site-packages/sympy/core/power.py:1257: SymPyDeprecationWarning: 
[36m(TaskRunner pid=3466873)[0m 
[36m(TaskRunner pid=3466873)[0m Using non-Expr arguments in Pow is deprecated (in this case, one of the
[36m(TaskRunner pid=3466873)[0m arguments is of type 'FiniteSet').
[36m(TaskRunner pid=3466873)[0m 
[36m(TaskRunner pid=3466873)[0m If you really did intend to construct a power with this base, use the **
[36m(TaskRunner pid=3466873)[0m operator instead.
[36m(TaskRunner pid=3466873)[0m 
[36m(TaskRunner pid=3466873)[0m See https://docs.sympy.org/latest/explanation/active-deprecations.html#non-expr-args-deprecated
[36m(TaskRunner pid=3466873)[0m for details.
[36m(TaskRunner pid=3466873)[0m 
[36m(TaskRunner pid=3466873)[0m This has been deprecated since SymPy version 1.7. It
[36m(TaskRunner pid=3466873)[0m will be removed in a future version of SymPy.
[36m(TaskRunner pid=3466873)[0m 
[36m(TaskRunner pid=3466873)[0m   p = self.func(*self.as_base_exp())  # in case it's unevaluated
[36m(TaskRunner pid=3466873)[0m WARNING:2026-08-01 23:53:47,041:Timeout during comparison
[36m(TaskRunner pid=3466873)[0m WARNING:2026-08-01 23:54:40,618:Timeout during comparison
[36m(TaskRunner pid=3466873)[0m WARNING:2026-08-01 23:54:44,279:Timeout during comparison
[36m(TaskRunner pid=3466873)[0m Training Progress:   5%|▌         | 1/20 [01:51<35:13, 111.24s/it]
[36m(WorkerDict pid=3466877)[0m   "use_mrope": false,
[36m(WorkerDict pid=3466877)[0m   "use_sliding_window": false,
[36m(WorkerDict pid=3466877)[0m   "vocab_size": 152064
[36m(WorkerDict pid=3466877)[0m }
[36m(WorkerDict pid=3466877)[0m 
[36m(WorkerDict pid=3466877)[0m actor attention implementation verified: sdpa
[36m(WorkerDict pid=3466877)[0m [PowerFlow] Added proj_z (layers=3, hidden=3584, init_offset=1.08)
[36m(WorkerDict pid=3466877)[0m Monkey patch _flash_attention_forward in transformers.integrations.flash_attention
[36m(WorkerDict pid=3466877)[0m Using Triton backend for fused kernels in Qwen2ForCausalLM
[36m(WorkerDict pid=3466877)[0m Qwen2ForCausalLM contains 7.64B parameters
[36m(WorkerDict pid=3466877)[0m [PowerFlow] Updated auto_wrap_policy to wrap ProjZModule
[36m(WorkerDict pid=3466877)[0m wrap_policy: <function ActorRolloutRefWorker._build_model_optimizer.<locals>.powerflow_wrap_policy at 0x7f700fc75a80>
[36m(WorkerDict pid=3466877)[0m Total steps: 20, num_warmup_steps: 0
[36m(WorkerDict pid=3466877)[0m Actor use_remove_padding=True
[36m(WorkerDict pid=3466877)[0m Actor use_fused_kernels=True
[36m(WorkerDict pid=3466878)[0m Monkey patch _flash_attention_forward in transformers.integrations.flash_attention[32m [repeated 7x across cluster][0m
[36m(WorkerDict pid=3466878)[0m Using Triton backend for fused kernels in Qwen2ForCausalLM[32m [repeated 7x across cluster][0m
[36m(WorkerDict pid=3466881)[0m kwargs: {'n': 1, 'logprobs': 1, 'max_tokens': 3072, 'repetition_penalty': 1.0, 'detokenize': False, 'temperature': 1.0, 'top_k': -1, 'top_p': 1, 'ignore_eos': False}
[36m(TaskRunner pid=3466873)[0m Checkpoint tracker file does not exist: /tmp/ttrl_b200/checkpoints/ttrl_chunk_state_powerflow_futuregain_fullcand_mid_c128_probe1536x4_b32_r32_v64_20step_20260801/latest_checkpointed_iteration.txt
[36m(TaskRunner pid=3466873)[0m Training from scratch
[36m(WorkerDict pid=3466877)[0m WARNING 08-01 23:53:00 [jit_monitor.py:106] Triton kernel JIT compilation during inference: _compute_slot_mapping_kernel. This causes a latency spike; consider extending warmup to cover this shape/config.
[36m(TaskRunner pid=3466873)[0m [Shutdown] 4 subprocess(es) terminated.
[36m(WorkerDict pid=3466874)[0m kwargs: {'n': 1, 'logprobs': 1, 'max_tokens': 3072, 'repetition_penalty': 1.0, 'detokenize': False, 'temperature': 1.0, 'top_k': -1, 'top_p': 1, 'ignore_eos': False}[32m [repeated 7x across cluster][0m
[36m(TaskRunner pid=3466873)[0m [Shutdown] 3 subprocess(es) terminated.
[36m(TaskRunner pid=3466873)[0m [Shutdown] 56 subprocess(es) terminated.
[36m(WorkerDict pid=3466877)[0m WARNING 08-01 23:54:48 [jit_monitor.py:106] Triton kernel JIT compilation during inference: efficient_entropy_kernel_general_mainloop. This causes a latency spike; consider extending warmup to cover this shape/config.
[36m(WorkerDict pid=3466877)[0m WARNING 08-01 23:54:48 [jit_monitor.py:106] Triton kernel JIT compilation during inference: efficient_entropy_triton_kernel_epilogue. This causes a latency spike; consider extending warmup to cover this shape/config.
[36m(WorkerDict pid=3466877)[0m WARNING 08-01 23:54:49 [jit_monitor.py:106] Triton kernel JIT compilation during inference: efficient_entropy_backward_kernel_general_d_logits_split_N. This causes a latency spike; consider extending warmup to cover this shape/config.
[36m(TaskRunner pid=3466873)[0m step:1 - chunk_state_source/selected_original_acc_mean:1.000 - chunk_state_source/prompt_original_pass:0.875 - chunk_state_source/prompt_original_mean:0.344 - chunk_state_source/selected_majority_consistent_mean:1.000 - chunk_state_source/prompt_majority_ratio_mean:0.356 - chunk_state_source/prompt_majority_pass:1.000 - chunk_state_source_chunk/enabled:1.000 - chunk_state_source_chunk/injected_ratio:1.000 - chunk_state_source_chunk/mean_len:128.000 - chunk_state_source_chunk/candidate_index:0.000 - chunk_state_support_anchor/enabled:1.000 - chunk_state_support_anchor/count:3.000 - chunk_state_support_anchor/candidate_start:5.000 - chunk_state_support_anchor/min_mass:0.031 - chunk_state_support_anchor/prefix_compat_enable:0.000 - chunk_state_support_anchor/prefix_compat_tokens:128.000 - chunk_state_support_anchor/min_prefix_match:0.750 - chunk_state_support_anchor/skip_source:1.000 - chunk_state_support_anchor/injected_ratio:1.000 - chunk_state_support_anchor/state_keep_ratio:1.000 - chunk_state_support_anchor/skipped_no_anchor_ratio:0.000 - chunk_state_support_anchor/skipped_by_compat_ratio:0.000 - chunk_state_support_anchor/skipped_source_ratio:0.031 - chunk_state_support_anchor/score_mean:0.097 - chunk_state_support_anchor/positive_candidate_ratio:0.375 - chunk_state_support_anchor/prefix_match_mean:1.000 - chunk_state_support_anchor/prefix_match_min:1.000 - chunk_state_support_anchor/anchor_mass_mean:0.259 - chunk_state_support_anchor/anchor_mass_max:0.808 - chunk_state_support_anchor/anchor_len_mean:110.312 - chunk_state_support_anchor/selected_rank_mean:1.000 - chunk_state_future_support_gain/group_size:32.000 - chunk_state_future_support_gain/min_mass:0.031 - chunk_state_future_support_gain/max_mass_coef:0.250 - chunk_state_future_support_gain/score_type_slack_gain:0.000 - chunk_state_future_support_gain/score_type_positive_gain:0.000 - chunk_state_future_support_gain/score_type_relative_positive_gain:0.000 - chunk_state_future_support_gain/score_type_tv_positive_gain:0.000 - chunk_state_future_support_gain/score_type_relative_tv_positive_gain:0.000 - chunk_state_future_support_gain/score_type_transport_affinity:0.000 - chunk_state_future_support_gain/score_type_transport_positive_gain:0.000 - chunk_state_future_support_gain/score_type_transport_support_gain:0.000 - chunk_state_future_support_gain/score_type_smoothed_transport_affinity:0.000 - chunk_state_future_support_gain/score_type_smoothed_transport_positive_gain:0.000 - chunk_state_future_support_gain/score_type_smoothed_transport_support_gain:1.000 - chunk_state_future_support_gain/gain_slack:0.125 - chunk_state_future_support_gain/baseline_scale:1.000 - chunk_state_future_support_gain/source_prior_weight:1.000 - chunk_state_future_support_gain/prior_smoothing:4.000 - chunk_state_future_support_gain/min_positive_margin:0.000 - chunk_state_future_support_gain/min_state_coverage:0.125 - chunk_state_future_support_gain/max_state_oov:0.875 - chunk_state_future_support_gain/min_state_mean_mass:0.015 - chunk_state_future_support_gain/min_state_max_mass:0.031 - chunk_state_future_support_gain/min_state_top_margin:0.001 - chunk_state_future_support_gain/min_candidate_coverage:0.000 - chunk_state_future_support_gain/min_candidate_mean_mass:0.000 - chunk_state_future_support_gain/source_mass_mean:0.520 - chunk_state_future_support_gain/prompt_top_mass_mean:0.520 - chunk_state_future_support_gain/support_coverage_mean:0.541 - chunk_state_future_support_gain/candidate_coverage_mean:0.541 - chunk_state_future_support_gain/candidate_quality_keep_ratio:1.000 - chunk_state_future_support_gain/mean_mass_mean:0.240 - chunk_state_future_support_gain/max_mass_mean:0.494 - chunk_state_future_support_gain/raw_gain_mean:-0.190 - chunk_state_future_support_gain/source_tv_mean:0.480 - chunk_state_future_support_gain/candidate_tv_mean:0.609 - chunk_state_future_support_gain/source_oov_tv_mean:0.480 - chunk_state_future_support_gain/candidate_oov_tv_mean:0.662 - chunk_state_future_support_gain/transport_affinity_mean:0.338 - chunk_state_future_support_gain/smoothed_candidate_oov_tv_mean:0.331 - chunk_state_future_support_gain/smoothed_transport_affinity_mean:0.669 - chunk_state_future_support_gain/tv_gain_mean:-0.129 - chunk_state_future_support_gain/transport_gain_mean:-0.182 - chunk_state_future_support_gain/smoothed_transport_gain_mean:0.149 - chunk_state_future_support_gain/score_mean_before_candidate_filter:0.130 - chunk_state_future_support_gain/score_mean:0.130 - chunk_state_future_support_gain/label_consistent_ratio_before_candidate_filter:0.844 - chunk_state_future_support_gain/label_consistent_ratio:0.844 - chunk_state_future_support_gain/improved_state_ratio:1.000 - chunk_state_future_support_gain/positive_margin_mean:0.181 - chunk_state_future_support_gain/state_oov_mean:0.459 - chunk_state_future_support_gain/state_mean_mass_mean:0.240 - chunk_state_future_support_gain/state_max_mass_mean:0.494 - chunk_state_future_support_gain/state_top_margin_mean:0.015 - chunk_state_future_support_gain/learnable_state_keep_ratio:0.500 - chunk_state_future_support_gain/state_keep_ratio:0.500 - chunk_state_probe/raw_positive_ratio:0.130 - chunk_state_score/mode_majority_completion:0.000 - chunk_state_score/mode_answer_consensus:0.000 - chunk_state_score/mode_answer_distribution:0.000 - chunk_state_score/mode_answer_value_gain:0.000 - chunk_state_score/mode_answer_value_margin:0.000 - chunk_state_score/mode_answer_support_mass:0.000 - chunk_state_score/mode_future_support_gain:1.000 - chunk_state_score/mode_support_anchor:0.000 - chunk_state_score/mode_support_flow:0.000 - chunk_state_score/mode_answer_source_consistency:0.000 - chunk_state_probe/samples:4.000 - chunk_state_diag/boundary_mean:624.000 - chunk_state_diag/boundary_min:512.000 - chunk_state_diag/boundary_max:768.000 - chunk_state_diag/boundary_zero_ratio:0.000 - chunk_state_diag/skipped_short_sources:0.000 - chunk_state_diag/skipped_support_sources:21.000 - chunk_state_diag/majority_consistent_fallbacks:11.000 - chunk_state_diag/real_state_count:11.000 - chunk_state_diag/pad_state_count:5.000 - chunk_state_diag/loss_weight_mean:0.688 - chunk_state_diag/source_response_len_mean:1344.688 - chunk_state_diag/probe_score_std:0.084 - chunk_state_diag/state_probe_mean_max:0.216 - chunk_state_diag/state_probe_mean_min:0.011 - chunk_state_diag/state_all_positive_ratio:0.688 - chunk_state_diag/state_all_negative_ratio:0.000 - chunk_state_diag/state_mixed_ratio:0.312 - chunk_state_diag/source_majority_consistent_mean:1.000 - chunk_state_diag/source_prompt_majority_ratio_mean:0.426 - chunk_state_diag/source_answer_mass_mean:0.520 - chunk_state_diag/source_answer_mass_min:0.417 - chunk_state_diag/source_prompt_top_mass_mean:0.520 - chunk_state_diag/source_prompt_top_mass_min:0.417 - chunk_state_diag/source_pseudo_acc_mean:0.938 - chunk_state_diag/source_original_acc_mean:1.000 - chunk_state_diag/prompt_pseudo_mean:0.391 - chunk_state_diag/prompt_original_mean:0.430 - chunk_state_diag/prompt_original_pass:1.000 - chunk_state_diag/probe_mean_source_original_correct:0.130 - chunk_state_diag/probe_mean_source_original_wrong:0.000 - chunk_state_diag/source_original_correct_ratio:1.000 - chunk_state_diag/jsonl_rows:16.000 - chunk_state/num_states:16.000 - chunk_state/real_states:11.000 - chunk_state/pad_states:5.000 - chunk_state/num_candidates:128.000 - chunk_state/num_actor_samples:48.000 - chunk_state/loss_weight_mean:1.000 - chunk_state/base_loss_weight_mean:0.688 - chunk_state/zeroed_state_ratio:0.625 - chunk_state/confidence_gate_ratio:0.938 - chunk_state/confidence_weight_mean:1.000 - chunk_state/future_support_keep_ratio:0.500 - chunk_state/majority_ratio_mean:0.520 - chunk_state/answer_coverage_mean:0.541 - chunk_state/positive_ratio:0.130 - chunk_state/label_consistent_only:0.000 - chunk_state/zero_inconsistent_candidates:0.000 - chunk_state/prune_zero_weight_samples:1.000 - chunk_state/prune_padded_to_shards:0.000 - chunk_state/pruned_sample_ratio:0.625 - chunk_state/label_consistent_ratio:0.844 - chunk_state/informative_ratio:1.000 - chunk_state/kept_state_ratio:0.500 - chunk_state/target_entropy:1.886 - chunk_state/target_prior_mean:1.000 - chunk_state/target_prior_max:1.000 - chunk_state/weight_max:0.517 - chunk_state/weight_min:0.011 - chunk_state/powerflow_weight_clip:4.000 - chunk_state/powerflow_weight_clip_renorm:1.000 - chunk_state/powerflow_weight_before_clip_max:4.137 - chunk_state/powerflow_weight_before_clip_mean:1.000 - chunk_state/powerflow_weight_mean:1.000 - chunk_state/powerflow_weight_max:4.000 - chunk_state/powerflow_weight_min:0.087 - chunk_state/boxed_reward_mean:0.109 - chunk_state/boxed_reward_weighted_mean:0.146 - chunk_state/actor_batch_powerflow_weight_nonzero_ratio:1.000 - chunk_state/actor_batch_powerflow_weight_shard0_mean:1.435 - chunk_state/actor_batch_powerflow_weight_shard0_nonzero_ratio:1.000 - chunk_state/actor_batch_powerflow_weight_shard_mean_low:0.822 - chunk_state/actor_batch_powerflow_weight_shard_mean_high:1.435 - chunk_state/actor_batch_powerflow_weight_zero_shard_ratio:0.000 - chunk_state_actor_span/mode_chunk:1.000 - chunk_state_actor_span/response_len_mean:119.062 - chunk_state_actor_span/truncated_ratio:0.000 - actor/pg_loss:2.626 - actor/powerflow_loss:2.626 - actor/log_prob:-0.667 - actor/old_log_prob:0.000 - actor/ref_log_prob:-0.666 - actor/ref_log_prob/std:0.000 - actor/boxed_reward/mean:0.112 - actor/boxed_reward/min:0.000 - actor/boxed_reward/max:0.205 - actor/powerflow_weight/mean:1.435 - actor/powerflow_weight/min:0.192 - actor/powerflow_weight/max:4.000 - actor/powerflow_weight/nonzero_ratio:1.000 - actor/powerflow_local_batch_size:1.000 - actor/log_z:-0.658 - actor/importance_weight:0.800 - actor/powerflow_chunk_loss_target_only:0.000 - actor/ppo_kl:0.667 - actor/ref_kl:0.001 - actor/beta_coef:4.000 - actor/cispo_mask_ratio:0.277 - actor/cispo_dropped_tokens:33.833 - actor/condition_1_count:0.000 - actor/condition_2_count:33.833 - actor/pg_clipfrac:0.000 - actor/pg_clipfrac_lower:0.000 - actor/grad_norm:45.826 - perf/mfu/actor:0.000 - perf/max_memory_allocated_gb:163.206 - perf/max_memory_reserved_gb:176.209 - perf/cpu_memory_used_gb:790.041 - actor/lr:0.000 - timing_s/generate_sequences:29.886 - timing_s/reshard:0.304 - timing_s/gen:43.414 - timing_s/chunk_state_make_states:0.020 - timing_s/chunk_state_chunks/generate_sequences:0.550 - timing_s/chunk_state_chunks/reshard:0.344 - timing_s/chunk_state_chunks:0.943 - timing_s/chunk_state_probe/generate_sequences:6.946 - timing_s/chunk_state_probe/reshard:0.407 - timing_s/chunk_state_probe:7.720 - timing_s/chunk_state_score:10.094 - timing_s/chunk_state_build_actor_batch:0.008 - timing_s/chunk_state_ref:4.500 - timing_s/update_actor:2.145 - timing_per_token_ms/gen:0.043 - timing_per_token_ms/update_actor:0.002[36m(TaskRunner pid=3466873)[0m <string>:1: SymPyDeprecationWarning: 
[36m(TaskRunner pid=3466873)[0m 
[36m(TaskRunner pid=3466873)[0m Using non-Expr arguments in Pow is deprecated (in this case, one of the
[36m(TaskRunner pid=3466873)[0m arguments is of type 'FiniteSet').
[36m(TaskRunner pid=3466873)[0m 
[36m(TaskRunner pid=3466873)[0m If you really did intend to construct a power with this base, use the **
[36m(TaskRunner pid=3466873)[0m operator instead.
[36m(TaskRunner pid=3466873)[0m 
[36m(TaskRunner pid=3466873)[0m See https://docs.sympy.org/latest/explanation/active-deprecations.html#non-expr-args-deprecated
[36m(TaskRunner pid=3466873)[0m for details.
[36m(TaskRunner pid=3466873)[0m 
[36m(TaskRunner pid=3466873)[0m This has been deprecated since SymPy version 1.7. It
[36m(TaskRunner pid=3466873)[0m will be removed in a future version of SymPy.
[36m(TaskRunner pid=3466873)[0m 
[36m(TaskRunner pid=3466873)[0m /mlx_devbox/users/quyanyi/playground/.venvs/ttrl_b200/lib/python3.11/site-packages/sympy/core/power.py:1257: SymPyDeprecationWarning: 
[36m(TaskRunner pid=3466873)[0m 
[36m(TaskRunner pid=3466873)[0m Using non-Expr arguments in Pow is deprecated (in this case, one of the
[36m(TaskRunner pid=3466873)[0m arguments is of type 'FiniteSet').
[36m(TaskRunner pid=3466873)[0m 
[36m(TaskRunner pid=3466873)[0m If you really did intend to construct a power with this base, use the **
[36m(TaskRunner pid=3466873)[0m operator instead.
[36m(TaskRunner pid=3466873)[0m 
[36m(TaskRunner pid=3466873)[0m See https://docs.sympy.org/latest/explanation/active-deprecations.html#non-expr-args-deprecated
[36m(TaskRunner pid=3466873)[0m for details.
[36m(TaskRunner pid=3466873)[0m 
[36m(TaskRunner pid=3466873)[0m This has been deprecated since SymPy version 1.7. It
[36m(TaskRunner pid=3466873)[0m will be removed in a future version of SymPy.
[36m(TaskRunner pid=3466873)[0m 
[36m(TaskRunner pid=3466873)[0m   p = self.func(*self.as_base_exp())  # in case it's unevaluated
[36m(TaskRunner pid=3466873)[0m Training Progress:  10%|█         | 2/20 [02:46<23:33, 78.53s/it] 

[36m(TaskRunner pid=3466873)[0m [Shutdown] 6 subprocess(es) terminated.
[36m(TaskRunner pid=3466873)[0m [Shutdown] 5 subprocess(es) terminated.
[36m(TaskRunner pid=3466873)[0m [Shutdown] 2 subprocess(es) terminated.
[36m(TaskRunner pid=3466873)[0m step:2 - chunk_state_source/selected_original_acc_mean:0.938 - chunk_state_source/prompt_original_pass:0.938 - chunk_state_source/prompt_original_mean:0.328 - chunk_state_source/selected_majority_consistent_mean:1.000 - chunk_state_source/prompt_majority_ratio_mean:0.346 - chunk_state_source/prompt_majority_pass:1.000 - chunk_state_source_chunk/enabled:1.000 - chunk_state_source_chunk/injected_ratio:1.000 - chunk_state_source_chunk/mean_len:128.000 - chunk_state_source_chunk/candidate_index:0.000 - chunk_state_support_anchor/enabled:1.000 - chunk_state_support_anchor/count:3.000 - chunk_state_support_anchor/candidate_start:5.000 - chunk_state_support_anchor/min_mass:0.031 - chunk_state_support_anchor/prefix_compat_enable:0.000 - chunk_state_support_anchor/prefix_compat_tokens:128.000 - chunk_state_support_anchor/min_prefix_match:0.750 - chunk_state_support_anchor/skip_source:1.000 - chunk_state_support_anchor/injected_ratio:0.979 - chunk_state_support_anchor/state_keep_ratio:1.000 - chunk_state_support_anchor/skipped_no_anchor_ratio:0.000 - chunk_state_support_anchor/skipped_by_compat_ratio:0.000 - chunk_state_support_anchor/skipped_source_ratio:0.031 - chunk_state_support_anchor/score_mean:0.116 - chunk_state_support_anchor/positive_candidate_ratio:0.367 - chunk_state_support_anchor/prefix_match_mean:1.000 - chunk_state_support_anchor/prefix_match_min:1.000 - chunk_state_support_anchor/anchor_mass_mean:0.315 - chunk_state_support_anchor/anchor_mass_max:0.656 - chunk_state_support_anchor/anchor_len_mean:119.043 - chunk_state_support_anchor/selected_rank_mean:0.979 - chunk_state_future_support_gain/group_size:32.000 - chunk_state_future_support_gain/min_mass:0.031 - chunk_state_future_support_gain/max_mass_coef:0.250 - chunk_state_future_support_gain/score_type_slack_gain:0.000 - chunk_state_future_support_gain/score_type_positive_gain:0.000 - chunk_state_future_support_gain/score_type_relative_positive_gain:0.000 - chunk_state_future_support_gain/score_type_tv_positive_gain:0.000 - chunk_state_future_support_gain/score_type_relative_tv_positive_gain:0.000 - chunk_state_future_support_gain/score_type_transport_affinity:0.000 - chunk_state_future_support_gain/score_type_transport_positive_gain:0.000 - chunk_state_future_support_gain/score_type_transport_support_gain:0.000 - chunk_state_future_support_gain/score_type_smoothed_transport_affinity:0.000 - chunk_state_future_support_gain/score_type_smoothed_transport_positive_gain:0.000 - chunk_state_future_support_gain/score_type_smoothed_transport_support_gain:1.000 - chunk_state_future_support_gain/gain_slack:0.125 - chunk_state_future_support_gain/baseline_scale:1.000 - chunk_state_future_support_gain/source_prior_weight:1.000 - chunk_state_future_support_gain/prior_smoothing:4.000 - chunk_state_future_support_gain/min_positive_margin:0.000 - chunk_state_future_support_gain/min_state_coverage:0.125 - chunk_state_future_support_gain/max_state_oov:0.875 - chunk_state_future_support_gain/min_state_mean_mass:0.015 - chunk_state_future_support_gain/min_state_max_mass:0.031 - chunk_state_future_support_gain/min_state_top_margin:0.001 - chunk_state_future_support_gain/min_candidate_coverage:0.000 - chunk_state_future_support_gain/min_candidate_mean_mass:0.000 - chunk_state_future_support_gain/source_mass_mean:0.605 - chunk_state_future_support_gain/prompt_top_mass_mean:0.605 - chunk_state_future_support_gain/support_coverage_mean:0.465 - chunk_state_future_support_gain/candidate_coverage_mean:0.465 - chunk_state_future_support_gain/candidate_quality_keep_ratio:1.000 - chunk_state_future_support_gain/mean_mass_mean:0.281 - chunk_state_future_support_gain/max_mass_mean:0.432 - chunk_state_future_support_gain/raw_gain_mean:-0.241 - chunk_state_future_support_gain/source_tv_mean:0.395 - chunk_state_future_support_gain/candidate_tv_mean:0.610 - chunk_state_future_support_gain/source_oov_tv_mean:0.395 - chunk_state_future_support_gain/candidate_oov_tv_mean:0.680 - chunk_state_future_support_gain/transport_affinity_mean:0.320 - chunk_state_future_support_gain/smoothed_candidate_oov_tv_mean:0.340 - chunk_state_future_support_gain/smoothed_transport_affinity_mean:0.660 - chunk_state_future_support_gain/tv_gain_mean:-0.216 - chunk_state_future_support_gain/transport_gain_mean:-0.285 - chunk_state_future_support_gain/smoothed_transport_gain_mean:0.055 - chunk_state_future_support_gain/score_mean_before_candidate_filter:0.077 - chunk_state_future_support_gain/score_mean:0.077 - chunk_state_future_support_gain/label_consistent_ratio_before_candidate_filter:0.555 - chunk_state_future_support_gain/label_consistent_ratio:0.555 - chunk_state_future_support_gain/improved_state_ratio:0.812 - chunk_state_future_support_gain/positive_margin_mean:0.102 - chunk_state_future_support_gain/state_oov_mean:0.535 - chunk_state_future_support_gain/state_mean_mass_mean:0.281 - chunk_state_future_support_gain/state_max_mass_mean:0.432 - chunk_state_future_support_gain/state_top_margin_mean:0.006 - chunk_state_future_support_gain/learnable_state_keep_ratio:0.000 - chunk_state_future_support_gain/state_keep_ratio:0.000 - chunk_state_probe/raw_positive_ratio:0.077 - chunk_state_score/mode_majority_completion:0.000 - chunk_state_score/mode_answer_consensus:0.000 - chunk_state_score/mode_answer_distribution:0.000 - chunk_state_score/mode_answer_value_gain:0.000 - chunk_state_score/mode_answer_value_margin:0.000 - chunk_state_score/mode_answer_support_mass:0.000 - chunk_state_score/mode_future_support_gain:1.000 - chunk_state_score/mode_support_anchor:0.000 - chunk_state_score/mode_support_flow:0.000 - chunk_state_score/mode_answer_source_consistency:0.000 - chunk_state_probe/samples:4.000 - chunk_state_diag/boundary_mean:912.000 - chunk_state_diag/boundary_min:512.000 - chunk_state_diag/boundary_max:1024.000 - chunk_state_diag/boundary_zero_ratio:0.000 - chunk_state_diag/skipped_short_sources:0.000 - chunk_state_diag/skipped_support_sources:23.000 - chunk_state_diag/majority_consistent_fallbacks:7.000 - chunk_state_diag/real_state_count:9.000 - chunk_state_diag/pad_state_count:7.000 - chunk_state_diag/loss_weight_mean:0.562 - chunk_state_diag/source_response_len_mean:1648.375 - chunk_state_diag/probe_score_std:0.074 - chunk_state_diag/state_probe_mean_max:0.180 - chunk_state_diag/state_probe_mean_min:0.000 - chunk_state_diag/state_all_positive_ratio:0.125 - chunk_state_diag/state_all_negative_ratio:0.188 - chunk_state_diag/state_mixed_ratio:0.688 - chunk_state_diag/source_majority_consistent_mean:1.000 - chunk_state_diag/source_prompt_majority_ratio_mean:0.555 - chunk_state_diag/source_answer_mass_mean:0.605 - chunk_state_diag/source_answer_mass_min:0.406 - chunk_state_diag/source_prompt_top_mass_mean:0.605 - chunk_state_diag/source_prompt_top_mass_min:0.406 - chunk_state_diag/source_pseudo_acc_mean:1.000 - chunk_state_diag/source_original_acc_mean:0.938 - chunk_state_diag/prompt_pseudo_mean:0.557 - chunk_state_diag/prompt_original_mean:0.539 - chunk_state_diag/prompt_original_pass:1.000 - chunk_state_diag/probe_mean_source_original_correct:0.075 - chunk_state_diag/probe_mean_source_original_wrong:0.111 - chunk_state_diag/source_original_correct_ratio:0.938 - chunk_state_diag/jsonl_rows:16.000 - chunk_state/num_states:16.000 - chunk_state/real_states:9.000 - chunk_state/pad_states:7.000 - chunk_state/num_candidates:128.000 - chunk_state/num_actor_samples:128.000 - chunk_state/loss_weight_mean:0.000 - chunk_state/base_loss_weight_mean:0.562 - chunk_state/zeroed_state_ratio:1.000 - chunk_state/confidence_gate_ratio:0.688 - chunk_state/confidence_weight_mean:1.000 - chunk_state/future_support_keep_ratio:0.000 - chunk_state/majority_ratio_mean:0.605 - chunk_state/answer_coverage_mean:0.465 - chunk_state/positive_ratio:0.077 - chunk_state/label_consistent_only:0.000 - chunk_state/zero_inconsistent_candidates:0.000 - chunk_state/prune_zero_weight_samples:1.000 - chunk_state/prune_padded_to_shards:0.000 - chunk_state/pruned_sample_ratio:0.000 - chunk_state/label_consistent_ratio:0.555 - chunk_state/informative_ratio:0.812 - chunk_state/kept_state_ratio:0.000 - chunk_state/target_entropy:1.960 - chunk_state/target_prior_mean:1.000 - chunk_state/target_prior_max:1.000 - chunk_state/weight_max:0.484 - chunk_state/weight_min:0.010 - chunk_state/powerflow_weight_clip:4.000 - chunk_state/powerflow_weight_clip_renorm:1.000 - chunk_state/powerflow_weight_before_clip_max:0.000 - chunk_state/powerflow_weight_before_clip_mean:0.000 - chunk_state/powerflow_weight_mean:0.000 - chunk_state/powerflow_weight_max:0.000 - chunk_state/powerflow_weight_min:0.000 - chunk_state/boxed_reward_mean:0.077 - chunk_state/boxed_reward_weighted_mean:0.000 - chunk_state/actor_batch_powerflow_weight_nonzero_ratio:0.000 - chunk_state/actor_batch_powerflow_weight_shard0_mean:0.000 - chunk_state/actor_batch_powerflow_weight_shard0_nonzero_ratio:0.000 - chunk_state/actor_batch_powerflow_weight_shard_mean_low:0.000 - chunk_state/actor_batch_powerflow_weight_shard_mean_high:0.000 - chunk_state/actor_batch_powerflow_weight_zero_shard_ratio:1.000 - chunk_state_actor_span/mode_chunk:1.000 - chunk_state_actor_span/response_len_mean:124.711 - chunk_state_actor_span/truncated_ratio:0.000 - actor/pg_loss:0.000 - actor/powerflow_loss:0.000 - actor/log_prob:-0.113 - actor/old_log_prob:0.000 - actor/ref_log_prob:-0.112 - actor/ref_log_prob/std:0.000 - actor/boxed_reward/mean:0.087 - actor/boxed_reward/min:0.000 - actor/boxed_reward/max:0.181 - actor/powerflow_weight/mean:0.000 - actor/powerflow_weight/min:0.000 - actor/powerflow_weight/max:0.000 - actor/powerflow_weight/nonzero_ratio:0.000 - actor/powerflow_local_batch_size:1.000 - actor/log_z:-1.163 - actor/importance_weight:0.800 - actor/powerflow_chunk_loss_target_only:0.000 - actor/ppo_kl:0.113 - actor/ref_kl:0.000 - actor/beta_coef:4.000 - actor/cispo_mask_ratio:0.089 - actor/cispo_dropped_tokens:11.438 - actor/condition_1_count:0.000 - actor/condition_2_count:11.438 - actor/pg_clipfrac:0.000 - actor/pg_clipfrac_lower:0.000 - actor/grad_norm:0.000 - perf/mfu/actor:0.000 - perf/max_memory_allocated_gb:166.224 - perf/max_memory_reserved_gb:176.209 - perf/cpu_memory_used_gb:790.455 - actor/lr:0.000 - timing_s/generate_sequences:17.922 - timing_s/reshard:0.410 - timing_s/gen:22.895 - timing_s/chunk_state_make_states:0.021 - timing_s/chunk_state_chunks/generate_sequences:0.549 - timing_s/chunk_state_chunks/reshard:0.347 - timing_s/chunk_state_chunks:0.949 - timing_s/chunk_state_probe/generate_sequences:6.958 - timing_s/chunk_state_probe/reshard:0.345 - timing_s/chunk_state_probe:8.054 - timing_s/chunk_state_score:6.404 - timing_s/chunk_state_build_actor_batch:0.008 - timing_s/chunk_state_ref:1.990 - timing_s/update_actor:5.049 - timing_per_token_ms/gen:0.021 - timing_per_token_ms/update_actor:0.004[36m(TaskRunner pid=3466873)[0m <string>:1: SymPyDeprecationWarning: 
[36m(TaskRunner pid=3466873)[0m 
[36m(TaskRunner pid=3466873)[0m Using non-Expr arguments in Pow is deprecated (in this case, one of the
[36m(TaskRunner pid=3466873)[0m arguments is of type 'FiniteSet').
[36m(TaskRunner pid=3466873)[0m 
[36m(TaskRunner pid=3466873)[0m If you really did intend to construct a power with this base, use the **
[36m(TaskRunner pid=3466873)[0m operator instead.
[36m(TaskRunner pid=3466873)[0m 
[36m(TaskRunner pid=3466873)[0m See https://docs.sympy.org/latest/explanation/active-deprecations.html#non-expr-args-deprecated
[36m(TaskRunner pid=3466873)[0m for details.
[36m(TaskRunner pid=3466873)[0m 
[36m(TaskRunner pid=3466873)[0m This has been deprecated since SymPy version 1.7. It
[36m(TaskRunner pid=3466873)[0m will be removed in a future version of SymPy.
[36m(TaskRunner pid=3466873)[0m 
[36m(TaskRunner pid=3466873)[0m /mlx_devbox/users/quyanyi/playground/.venvs/ttrl_b200/lib/python3.11/site-packages/sympy/core/power.py:1257: SymPyDeprecationWarning: 
[36m(TaskRunner pid=3466873)[0m 
[36m(TaskRunner pid=3466873)[0m Using non-Expr arguments in Pow is deprecated (in this case, one of the
[36m(TaskRunner pid=3466873)[0m arguments is of type 'FiniteSet').
[36m(TaskRunner pid=3466873)[0m 
[36m(TaskRunner pid=3466873)[0m If you really did intend to construct a power with this base, use the **
[36m(TaskRunner pid=3466873)[0m operator instead.
[36m(TaskRunner pid=3466873)[0m 
[36m(TaskRunner pid=3466873)[0m See https://docs.sympy.org/latest/explanation/active-deprecations.html#non-expr-args-deprecated
[36m(TaskRunner pid=3466873)[0m for details.
[36m(TaskRunner pid=3466873)[0m 
[36m(TaskRunner pid=3466873)[0m This has been deprecated since SymPy version 1.7. It
[36m(TaskRunner pid=3466873)[0m will be removed in a future version of SymPy.
[36m(TaskRunner pid=3466873)[0m 
[36m(TaskRunner pid=3466873)[0m   p = self.func(*self.as_base_exp())  # in case it's unevaluated
[36m(TaskRunner pid=3466873)[0m Training Progress:  15%|█▌        | 3/20 [03:34<18:11, 64.20s/it]

[36m(TaskRunner pid=3466873)[0m [Shutdown] 3 subprocess(es) terminated.
[36m(TaskRunner pid=3466873)[0m [Shutdown] 2 subprocess(es) terminated.
[36m(TaskRunner pid=3466873)[0m [Shutdown] 6 subprocess(es) terminated.
[36m(TaskRunner pid=3466873)[0m step:3 - chunk_state_source/selected_original_acc_mean:0.875 - chunk_state_source/prompt_original_pass:0.938 - chunk_state_source/prompt_original_mean:0.333 - chunk_state_source/selected_majority_consistent_mean:1.000 - chunk_state_source/prompt_majority_ratio_mean:0.339 - chunk_state_source/prompt_majority_pass:1.000 - chunk_state_source_chunk/enabled:1.000 - chunk_state_source_chunk/injected_ratio:1.000 - chunk_state_source_chunk/mean_len:128.000 - chunk_state_source_chunk/candidate_index:0.000 - chunk_state_support_anchor/enabled:1.000 - chunk_state_support_anchor/count:3.000 - chunk_state_support_anchor/candidate_start:5.000 - chunk_state_support_anchor/min_mass:0.031 - chunk_state_support_anchor/prefix_compat_enable:0.000 - chunk_state_support_anchor/prefix_compat_tokens:128.000 - chunk_state_support_anchor/min_prefix_match:0.750 - chunk_state_support_anchor/skip_source:1.000 - chunk_state_support_anchor/injected_ratio:1.000 - chunk_state_support_anchor/state_keep_ratio:1.000 - chunk_state_support_anchor/skipped_no_anchor_ratio:0.000 - chunk_state_support_anchor/skipped_by_compat_ratio:0.000 - chunk_state_support_anchor/skipped_source_ratio:0.031 - chunk_state_support_anchor/score_mean:0.141 - chunk_state_support_anchor/positive_candidate_ratio:0.375 - chunk_state_support_anchor/prefix_match_mean:1.000 - chunk_state_support_anchor/prefix_match_min:1.000 - chunk_state_support_anchor/anchor_mass_mean:0.376 - chunk_state_support_anchor/anchor_mass_max:0.750 - chunk_state_support_anchor/anchor_len_mean:121.167 - chunk_state_support_anchor/selected_rank_mean:1.000 - chunk_state_future_support_gain/group_size:32.000 - chunk_state_future_support_gain/min_mass:0.031 - chunk_state_future_support_gain/max_mass_coef:0.250 - chunk_state_future_support_gain/score_type_slack_gain:0.000 - chunk_state_future_support_gain/score_type_positive_gain:0.000 - chunk_state_future_support_gain/score_type_relative_positive_gain:0.000 - chunk_state_future_support_gain/score_type_tv_positive_gain:0.000 - chunk_state_future_support_gain/score_type_relative_tv_positive_gain:0.000 - chunk_state_future_support_gain/score_type_transport_affinity:0.000 - chunk_state_future_support_gain/score_type_transport_positive_gain:0.000 - chunk_state_future_support_gain/score_type_transport_support_gain:0.000 - chunk_state_future_support_gain/score_type_smoothed_transport_affinity:0.000 - chunk_state_future_support_gain/score_type_smoothed_transport_positive_gain:0.000 - chunk_state_future_support_gain/score_type_smoothed_transport_support_gain:1.000 - chunk_state_future_support_gain/gain_slack:0.125 - chunk_state_future_support_gain/baseline_scale:1.000 - chunk_state_future_support_gain/source_prior_weight:1.000 - chunk_state_future_support_gain/prior_smoothing:4.000 - chunk_state_future_support_gain/min_positive_margin:0.000 - chunk_state_future_support_gain/min_state_coverage:0.125 - chunk_state_future_support_gain/max_state_oov:0.875 - chunk_state_future_support_gain/min_state_mean_mass:0.015 - chunk_state_future_support_gain/min_state_max_mass:0.031 - chunk_state_future_support_gain/min_state_top_margin:0.001 - chunk_state_future_support_gain/min_candidate_coverage:0.000 - chunk_state_future_support_gain/min_candidate_mean_mass:0.000 - chunk_state_future_support_gain/source_mass_mean:0.616 - chunk_state_future_support_gain/prompt_top_mass_mean:0.616 - chunk_state_future_support_gain/support_coverage_mean:0.367 - chunk_state_future_support_gain/candidate_coverage_mean:0.367 - chunk_state_future_support_gain/candidate_quality_keep_ratio:1.000 - chunk_state_future_support_gain/mean_mass_mean:0.213 - chunk_state_future_support_gain/max_mass_mean:0.400 - chunk_state_future_support_gain/raw_gain_mean:-0.321 - chunk_state_future_support_gain/source_tv_mean:0.384 - chunk_state_future_support_gain/candidate_tv_mean:0.602 - chunk_state_future_support_gain/source_oov_tv_mean:0.384 - chunk_state_future_support_gain/candidate_oov_tv_mean:0.730 - chunk_state_future_support_gain/transport_affinity_mean:0.270 - chunk_state_future_support_gain/smoothed_candidate_oov_tv_mean:0.365 - chunk_state_future_support_gain/smoothed_transport_affinity_mean:0.635 - chunk_state_future_support_gain/tv_gain_mean:-0.218 - chunk_state_future_support_gain/transport_gain_mean:-0.346 - chunk_state_future_support_gain/smoothed_transport_gain_mean:0.019 - chunk_state_future_support_gain/score_mean_before_candidate_filter:0.063 - chunk_state_future_support_gain/score_mean:0.063 - chunk_state_future_support_gain/label_consistent_ratio_before_candidate_filter:0.578 - chunk_state_future_support_gain/label_consistent_ratio:0.578 - chunk_state_future_support_gain/improved_state_ratio:0.625 - chunk_state_future_support_gain/positive_margin_mean:0.085 - chunk_state_future_support_gain/state_oov_mean:0.633 - chunk_state_future_support_gain/state_mean_mass_mean:0.213 - chunk_state_future_support_gain/state_max_mass_mean:0.400 - chunk_state_future_support_gain/state_top_margin_mean:0.002 - chunk_state_future_support_gain/learnable_state_keep_ratio:0.125 - chunk_state_future_support_gain/state_keep_ratio:0.125 - chunk_state_probe/raw_positive_ratio:0.063 - chunk_state_score/mode_majority_completion:0.000 - chunk_state_score/mode_answer_consensus:0.000 - chunk_state_score/mode_answer_distribution:0.000 - chunk_state_score/mode_answer_value_gain:0.000 - chunk_state_score/mode_answer_value_margin:0.000 - chunk_state_score/mode_answer_support_mass:0.000 - chunk_state_score/mode_future_support_gain:1.000 - chunk_state_score/mode_support_anchor:0.000 - chunk_state_score/mode_support_flow:0.000 - chunk_state_score/mode_answer_source_consistency:0.000 - chunk_state_probe/samples:4.000 - chunk_state_diag/boundary_mean:768.000 - chunk_state_diag/boundary_min:512.000 - chunk_state_diag/boundary_max:1024.000 - chunk_state_diag/boundary_zero_ratio:0.000 - chunk_state_diag/skipped_short_sources:0.000 - chunk_state_diag/skipped_support_sources:24.000 - chunk_state_diag/majority_consistent_fallbacks:8.000 - chunk_state_diag/real_state_count:8.000 - chunk_state_diag/pad_state_count:0.000 - chunk_state_diag/loss_weight_mean:1.000 - chunk_state_diag/source_response_len_mean:1600.750 - chunk_state_diag/probe_score_std:0.070 - chunk_state_diag/state_probe_mean_max:0.135 - chunk_state_diag/state_probe_mean_min:0.000 - chunk_state_diag/state_all_positive_ratio:0.250 - chunk_state_diag/state_all_negative_ratio:0.375 - chunk_state_diag/state_mixed_ratio:0.375 - chunk_state_diag/source_majority_consistent_mean:1.000 - chunk_state_diag/source_prompt_majority_ratio_mean:0.520 - chunk_state_diag/source_answer_mass_mean:0.616 - chunk_state_diag/source_answer_mass_min:0.429 - chunk_state_diag/source_prompt_top_mass_mean:0.616 - chunk_state_diag/source_prompt_top_mass_min:0.429 - chunk_state_diag/source_pseudo_acc_mean:1.000 - chunk_state_diag/source_original_acc_mean:0.875 - chunk_state_diag/prompt_pseudo_mean:0.543 - chunk_state_diag/prompt_original_mean:0.527 - chunk_state_diag/prompt_original_pass:1.000 - chunk_state_diag/probe_mean_source_original_correct:0.053 - chunk_state_diag/probe_mean_source_original_wrong:0.135 - chunk_state_diag/source_original_correct_ratio:0.875 - chunk_state_diag/jsonl_rows:8.000 - chunk_state/num_states:8.000 - chunk_state/real_states:8.000 - chunk_state/pad_states:0.000 - chunk_state/num_candidates:64.000 - chunk_state/num_actor_samples:8.000 - chunk_state/loss_weight_mean:1.000 - chunk_state/base_loss_weight_mean:1.000 - chunk_state/zeroed_state_ratio:0.875 - chunk_state/confidence_gate_ratio:0.750 - chunk_state/confidence_weight_mean:1.000 - chunk_state/future_support_keep_ratio:0.125 - chunk_state/majority_ratio_mean:0.616 - chunk_state/answer_coverage_mean:0.367 - chunk_state/positive_ratio:0.063 - chunk_state/label_consistent_only:0.000 - chunk_state/zero_inconsistent_candidates:0.000 - chunk_state/prune_zero_weight_samples:1.000 - chunk_state/prune_padded_to_shards:0.000 - chunk_state/pruned_sample_ratio:0.875 - chunk_state/label_consistent_ratio:0.578 - chunk_state/informative_ratio:0.500 - chunk_state/kept_state_ratio:0.125 - chunk_state/target_entropy:1.995 - chunk_state/target_prior_mean:1.000 - chunk_state/target_prior_max:1.000 - chunk_state/weight_max:0.212 - chunk_state/weight_min:0.010 - chunk_state/powerflow_weight_clip:4.000 - chunk_state/powerflow_weight_clip_renorm:1.000 - chunk_state/powerflow_weight_before_clip_max:1.692 - chunk_state/powerflow_weight_before_clip_mean:1.000 - chunk_state/powerflow_weight_mean:1.000 - chunk_state/powerflow_weight_max:1.692 - chunk_state/powerflow_weight_min:0.079 - chunk_state/boxed_reward_mean:0.116 - chunk_state/boxed_reward_weighted_mean:0.152 - chunk_state/actor_batch_powerflow_weight_nonzero_ratio:1.000 - chunk_state/actor_batch_powerflow_weight_shard0_mean:1.692 - chunk_state/actor_batch_powerflow_weight_shard0_nonzero_ratio:1.000 - chunk_state/actor_batch_powerflow_weight_shard_mean_low:0.079 - chunk_state/actor_batch_powerflow_weight_shard_mean_high:1.692 - chunk_state/actor_batch_powerflow_weight_zero_shard_ratio:0.000 - chunk_state_actor_span/mode_chunk:1.000 - chunk_state_actor_span/response_len_mean:117.672 - chunk_state_actor_span/truncated_ratio:0.000 - actor/pg_loss:0.244 - actor/powerflow_loss:0.244 - actor/log_prob:-0.147 - actor/old_log_prob:0.000 - actor/ref_log_prob:-0.147 - actor/ref_log_prob/std:0.000 - actor/boxed_reward/mean:0.181 - actor/boxed_reward/min:0.181 - actor/boxed_reward/max:0.181 - actor/powerflow_weight/mean:1.692 - actor/powerflow_weight/min:1.692 - actor/powerflow_weight/max:1.692 - actor/powerflow_weight/nonzero_ratio:1.000 - actor/powerflow_local_batch_size:1.000 - actor/log_z:-1.234 - actor/importance_weight:0.800 - actor/powerflow_chunk_loss_target_only:0.000 - actor/ppo_kl:0.147 - actor/ref_kl:0.000 - actor/beta_coef:4.000 - actor/cispo_mask_ratio:0.102 - actor/cispo_dropped_tokens:13.000 - actor/condition_1_count:0.000 - actor/condition_2_count:13.000 - actor/pg_clipfrac:0.000 - actor/pg_clipfrac_lower:0.000 - actor/grad_norm:4.133 - perf/mfu/actor:0.000 - perf/max_memory_allocated_gb:166.224 - perf/max_memory_reserved_gb:176.209 - perf/cpu_memory_used_gb:790.465 - actor/lr:0.000 - timing_s/generate_sequences:17.984 - timing_s/reshard:0.485 - timing_s/gen:22.636 - timing_s/chunk_state_make_states:0.020 - timing_s/chunk_state_chunks/generate_sequences:0.503 - timing_s/chunk_state_chunks/reshard:0.355 - timing_s/chunk_state_chunks:0.933 - timing_s/chunk_state_probe/generate_sequences:6.530 - timing_s/chunk_state_probe/reshard:0.353 - timing_s/chunk_state_probe:7.123 - timing_s/chunk_state_score:6.751 - timing_s/chunk_state_build_actor_batch:0.005 - timing_s/chunk_state_ref:0.145 - timing_s/update_actor:0.520 - timing_per_token_ms/gen:0.022 - timing_per_token_ms/update_actor:0.000[36m(TaskRunner pid=3466873)[0m Training Progress:  20%|██        | 4/20 [04:36<16:56, 63.56s/it]

[36m(TaskRunner pid=3466873)[0m [Shutdown] 8 subprocess(es) terminated.
[36m(TaskRunner pid=3466873)[0m [Shutdown] 4 subprocess(es) terminated.
[36m(TaskRunner pid=3466873)[0m [Shutdown] 3 subprocess(es) terminated.
[36m(TaskRunner pid=3466873)[0m step:4 - chunk_state_source/selected_original_acc_mean:1.000 - chunk_state_source/prompt_original_pass:0.969 - chunk_state_source/prompt_original_mean:0.315 - chunk_state_source/selected_majority_consistent_mean:1.000 - chunk_state_source/prompt_majority_ratio_mean:0.344 - chunk_state_source/prompt_majority_pass:1.000 - chunk_state_source_chunk/enabled:1.000 - chunk_state_source_chunk/injected_ratio:1.000 - chunk_state_source_chunk/mean_len:128.000 - chunk_state_source_chunk/candidate_index:0.000 - chunk_state_support_anchor/enabled:1.000 - chunk_state_support_anchor/count:3.000 - chunk_state_support_anchor/candidate_start:5.000 - chunk_state_support_anchor/min_mass:0.031 - chunk_state_support_anchor/prefix_compat_enable:0.000 - chunk_state_support_anchor/prefix_compat_tokens:128.000 - chunk_state_support_anchor/min_prefix_match:0.750 - chunk_state_support_anchor/skip_source:1.000 - chunk_state_support_anchor/injected_ratio:0.979 - chunk_state_support_anchor/state_keep_ratio:1.000 - chunk_state_support_anchor/skipped_no_anchor_ratio:0.000 - chunk_state_support_anchor/skipped_by_compat_ratio:0.000 - chunk_state_support_anchor/skipped_source_ratio:0.031 - chunk_state_support_anchor/score_mean:0.102 - chunk_state_support_anchor/positive_candidate_ratio:0.367 - chunk_state_support_anchor/prefix_match_mean:1.000 - chunk_state_support_anchor/prefix_match_min:1.000 - chunk_state_support_anchor/anchor_mass_mean:0.278 - chunk_state_support_anchor/anchor_mass_max:0.750 - chunk_state_support_anchor/anchor_len_mean:107.702 - chunk_state_support_anchor/selected_rank_mean:0.979 - chunk_state_future_support_gain/group_size:32.000 - chunk_state_future_support_gain/min_mass:0.031 - chunk_state_future_support_gain/max_mass_coef:0.250 - chunk_state_future_support_gain/score_type_slack_gain:0.000 - chunk_state_future_support_gain/score_type_positive_gain:0.000 - chunk_state_future_support_gain/score_type_relative_positive_gain:0.000 - chunk_state_future_support_gain/score_type_tv_positive_gain:0.000 - chunk_state_future_support_gain/score_type_relative_tv_positive_gain:0.000 - chunk_state_future_support_gain/score_type_transport_affinity:0.000 - chunk_state_future_support_gain/score_type_transport_positive_gain:0.000 - chunk_state_future_support_gain/score_type_transport_support_gain:0.000 - chunk_state_future_support_gain/score_type_smoothed_transport_affinity:0.000 - chunk_state_future_support_gain/score_type_smoothed_transport_positive_gain:0.000 - chunk_state_future_support_gain/score_type_smoothed_transport_support_gain:1.000 - chunk_state_future_support_gain/gain_slack:0.125 - chunk_state_future_support_gain/baseline_scale:1.000 - chunk_state_future_support_gain/source_prior_weight:1.000 - chunk_state_future_support_gain/prior_smoothing:4.000 - chunk_state_future_support_gain/min_positive_margin:0.000 - chunk_state_future_support_gain/min_state_coverage:0.125 - chunk_state_future_support_gain/max_state_oov:0.875 - chunk_state_future_support_gain/min_state_mean_mass:0.015 - chunk_state_future_support_gain/min_state_max_mass:0.031 - chunk_state_future_support_gain/min_state_top_margin:0.001 - chunk_state_future_support_gain/min_candidate_coverage:0.000 - chunk_state_future_support_gain/min_candidate_mean_mass:0.000 - chunk_state_future_support_gain/source_mass_mean:0.620 - chunk_state_future_support_gain/prompt_top_mass_mean:0.620 - chunk_state_future_support_gain/support_coverage_mean:0.324 - chunk_state_future_support_gain/candidate_coverage_mean:0.324 - chunk_state_future_support_gain/candidate_quality_keep_ratio:1.000 - chunk_state_future_support_gain/mean_mass_mean:0.172 - chunk_state_future_support_gain/max_mass_mean:0.485 - chunk_state_future_support_gain/raw_gain_mean:-0.376 - chunk_state_future_support_gain/source_tv_mean:0.380 - chunk_state_future_support_gain/candidate_tv_mean:0.745 - chunk_state_future_support_gain/source_oov_tv_mean:0.380 - chunk_state_future_support_gain/candidate_oov_tv_mean:0.770 - chunk_state_future_support_gain/transport_affinity_mean:0.230 - chunk_state_future_support_gain/smoothed_candidate_oov_tv_mean:0.385 - chunk_state_future_support_gain/smoothed_transport_affinity_mean:0.615 - chunk_state_future_support_gain/tv_gain_mean:-0.365 - chunk_state_future_support_gain/transport_gain_mean:-0.390 - chunk_state_future_support_gain/smoothed_transport_gain_mean:-0.005 - chunk_state_future_support_gain/score_mean_before_candidate_filter:0.052 - chunk_state_future_support_gain/score_mean:0.052 - chunk_state_future_support_gain/label_consistent_ratio_before_candidate_filter:0.508 - chunk_state_future_support_gain/label_consistent_ratio:0.508 - chunk_state_future_support_gain/improved_state_ratio:0.812 - chunk_state_future_support_gain/positive_margin_mean:0.123 - chunk_state_future_support_gain/state_oov_mean:0.676 - chunk_state_future_support_gain/state_mean_mass_mean:0.172 - chunk_state_future_support_gain/state_max_mass_mean:0.485 - chunk_state_future_support_gain/state_top_margin_mean:0.019 - chunk_state_future_support_gain/learnable_state_keep_ratio:0.375 - chunk_state_future_support_gain/state_keep_ratio:0.375 - chunk_state_probe/raw_positive_ratio:0.052 - chunk_state_score/mode_majority_completion:0.000 - chunk_state_score/mode_answer_consensus:0.000 - chunk_state_score/mode_answer_distribution:0.000 - chunk_state_score/mode_answer_value_gain:0.000 - chunk_state_score/mode_answer_value_margin:0.000 - chunk_state_score/mode_answer_support_mass:0.000 - chunk_state_score/mode_future_support_gain:1.000 - chunk_state_score/mode_support_anchor:0.000 - chunk_state_score/mode_support_flow:0.000 - chunk_state_score/mode_answer_source_consistency:0.000 - chunk_state_probe/samples:4.000 - chunk_state_diag/boundary_mean:608.000 - chunk_state_diag/boundary_min:0.000 - chunk_state_diag/boundary_max:1024.000 - chunk_state_diag/boundary_zero_ratio:0.062 - chunk_state_diag/skipped_short_sources:0.000 - chunk_state_diag/skipped_support_sources:23.000 - chunk_state_diag/majority_consistent_fallbacks:6.000 - chunk_state_diag/real_state_count:9.000 - chunk_state_diag/pad_state_count:7.000 - chunk_state_diag/loss_weight_mean:0.562 - chunk_state_diag/source_response_len_mean:1410.875 - chunk_state_diag/probe_score_std:0.068 - chunk_state_diag/state_probe_mean_max:0.115 - chunk_state_diag/state_probe_mean_min:0.000 - chunk_state_diag/state_all_positive_ratio:0.062 - chunk_state_diag/state_all_negative_ratio:0.188 - chunk_state_diag/state_mixed_ratio:0.750 - chunk_state_diag/source_majority_consistent_mean:1.000 - chunk_state_diag/source_prompt_majority_ratio_mean:0.533 - chunk_state_diag/source_answer_mass_mean:0.620 - chunk_state_diag/source_answer_mass_min:0.423 - chunk_state_diag/source_prompt_top_mass_mean:0.620 - chunk_state_diag/source_prompt_top_mass_min:0.423 - chunk_state_diag/source_pseudo_acc_mean:1.000 - chunk_state_diag/source_original_acc_mean:1.000 - chunk_state_diag/prompt_pseudo_mean:0.533 - chunk_state_diag/prompt_original_mean:0.533 - chunk_state_diag/prompt_original_pass:1.000 - chunk_state_diag/probe_mean_source_original_correct:0.052 - chunk_state_diag/probe_mean_source_original_wrong:0.000 - chunk_state_diag/source_original_correct_ratio:1.000 - chunk_state_diag/jsonl_rows:16.000 - chunk_state/num_states:16.000 - chunk_state/real_states:9.000 - chunk_state/pad_states:7.000 - chunk_state/num_candidates:128.000 - chunk_state/num_actor_samples:8.000 - chunk_state/loss_weight_mean:1.000 - chunk_state/base_loss_weight_mean:0.562 - chunk_state/zeroed_state_ratio:0.938 - chunk_state/confidence_gate_ratio:0.812 - chunk_state/confidence_weight_mean:1.000 - chunk_state/future_support_keep_ratio:0.375 - chunk_state/majority_ratio_mean:0.620 - chunk_state/answer_coverage_mean:0.324 - chunk_state/positive_ratio:0.052 - chunk_state/label_consistent_only:0.000 - chunk_state/zero_inconsistent_candidates:0.000 - chunk_state/prune_zero_weight_samples:1.000 - chunk_state/prune_padded_to_shards:0.000 - chunk_state/pruned_sample_ratio:0.938 - chunk_state/label_consistent_ratio:0.508 - chunk_state/informative_ratio:0.812 - chunk_state/kept_state_ratio:0.375 - chunk_state/target_entropy:1.714 - chunk_state/target_prior_mean:1.000 - chunk_state/target_prior_max:1.000 - chunk_state/weight_max:0.693 - chunk_state/weight_min:0.009 - chunk_state/powerflow_weight_clip:4.000 - chunk_state/powerflow_weight_clip_renorm:1.000 - chunk_state/powerflow_weight_before_clip_max:2.114 - chunk_state/powerflow_weight_before_clip_mean:1.000 - chunk_state/powerflow_weight_mean:1.000 - chunk_state/powerflow_weight_max:2.114 - chunk_state/powerflow_weight_min:0.090 - chunk_state/boxed_reward_mean:0.093 - chunk_state/boxed_reward_weighted_mean:0.166 - chunk_state/actor_batch_powerflow_weight_nonzero_ratio:1.000 - chunk_state/actor_batch_powerflow_weight_shard0_mean:2.114 - chunk_state/actor_batch_powerflow_weight_shard0_nonzero_ratio:1.000 - chunk_state/actor_batch_powerflow_weight_shard_mean_low:0.090 - chunk_state/actor_batch_powerflow_weight_shard_mean_high:2.114 - chunk_state/actor_batch_powerflow_weight_zero_shard_ratio:0.000 - chunk_state_actor_span/mode_chunk:1.000 - chunk_state_actor_span/response_len_mean:119.656 - chunk_state_actor_span/truncated_ratio:0.000 - actor/pg_loss:2.168 - actor/powerflow_loss:2.168 - actor/log_prob:-1.253 - actor/old_log_prob:0.000 - actor/ref_log_prob:-1.252 - actor/ref_log_prob/std:0.000 - actor/boxed_reward/mean:0.000 - actor/boxed_reward/min:0.000 - actor/boxed_reward/max:0.000 - actor/powerflow_weight/mean:2.114 - actor/powerflow_weight/min:2.114 - actor/powerflow_weight/max:2.114 - actor/powerflow_weight/nonzero_ratio:1.000 - actor/powerflow_local_batch_size:1.000 - actor/log_z:-0.984 - actor/importance_weight:0.800 - actor/powerflow_chunk_loss_target_only:0.000 - actor/ppo_kl:1.253 - actor/ref_kl:0.001 - actor/beta_coef:4.000 - actor/cispo_mask_ratio:0.492 - actor/cispo_dropped_tokens:63.000 - actor/condition_1_count:0.000 - actor/condition_2_count:63.000 - actor/pg_clipfrac:0.000 - actor/pg_clipfrac_lower:0.000 - actor/grad_norm:5.585 - perf/mfu/actor:0.000 - perf/max_memory_allocated_gb:166.224 - perf/max_memory_reserved_gb:176.209 - perf/cpu_memory_used_gb:790.605 - actor/lr:0.000 - timing_s/generate_sequences:18.478 - timing_s/reshard:0.532 - timing_s/gen:33.232 - timing_s/chunk_state_make_states:0.019 - timing_s/chunk_state_chunks/generate_sequences:0.540 - timing_s/chunk_state_chunks/reshard:0.359 - timing_s/chunk_state_chunks:0.954 - timing_s/chunk_state_probe/generate_sequences:6.960 - timing_s/chunk_state_probe/reshard:0.349 - timing_s/chunk_state_probe:7.975 - timing_s/chunk_state_score:8.088 - timing_s/chunk_state_build_actor_batch:0.007 - timing_s/chunk_state_ref:0.148 - timing_s/update_actor:0.645 - timing_per_token_ms/gen:0.030 - timing_per_token_ms/update_actor:0.001[36m(TaskRunner pid=3466873)[0m <string>:1: SymPyDeprecationWarning: 
[36m(TaskRunner pid=3466873)[0m 
[36m(TaskRunner pid=3466873)[0m Using non-Expr arguments in Pow is deprecated (in this case, one of the
[36m(TaskRunner pid=3466873)[0m arguments is of type 'FiniteSet').
[36m(TaskRunner pid=3466873)[0m 
[36m(TaskRunner pid=3466873)[0m If you really did intend to construct a power with this base, use the **
[36m(TaskRunner pid=3466873)[0m operator instead.
[36m(TaskRunner pid=3466873)[0m 
[36m(TaskRunner pid=3466873)[0m See https://docs.sympy.org/latest/explanation/active-deprecations.html#non-expr-args-deprecated
[36m(TaskRunner pid=3466873)[0m for details.
[36m(TaskRunner pid=3466873)[0m 
[36m(TaskRunner pid=3466873)[0m This has been deprecated since SymPy version 1.7. It
[36m(TaskRunner pid=3466873)[0m will be removed in a future version of SymPy.
[36m(TaskRunner pid=3466873)[0m 
[36m(TaskRunner pid=3466873)[0m <string>:1: SymPyDeprecationWarning: 
[36m(TaskRunner pid=3466873)[0m 
[36m(TaskRunner pid=3466873)[0m Using non-Expr arguments in Pow is deprecated (in this case, one of the
[36m(TaskRunner pid=3466873)[0m arguments is of type 'FiniteSet').
[36m(TaskRunner pid=3466873)[0m 
[36m(TaskRunner pid=3466873)[0m If you really did intend to construct a power with this base, use the **
[36m(TaskRunner pid=3466873)[0m operator instead.
[36m(TaskRunner pid=3466873)[0m 
[36m(TaskRunner pid=3466873)[0m See https://docs.sympy.org/latest/explanation/active-deprecations.html#non-expr-args-deprecated
[36m(TaskRunner pid=3466873)[0m for details.
[36m(TaskRunner pid=3466873)[0m 
[36m(TaskRunner pid=3466873)[0m This has been deprecated since SymPy version 1.7. It
[36m(TaskRunner pid=3466873)[0m will be removed in a future version of SymPy.
[36m(TaskRunner pid=3466873)[0m 
[36m(TaskRunner pid=3466873)[0m Training Progress:  25%|██▌       | 5/20 [05:26<14:40, 58.67s/it]

[36m(TaskRunner pid=3466873)[0m [Shutdown] 6 subprocess(es) terminated.
[36m(TaskRunner pid=3466873)[0m [Shutdown] 4 subprocess(es) terminated.
[36m(TaskRunner pid=3466873)[0m [Shutdown] 4 subprocess(es) terminated.
[36m(TaskRunner pid=3466873)[0m step:5 - chunk_state_source/selected_original_acc_mean:0.938 - chunk_state_source/prompt_original_pass:0.906 - chunk_state_source/prompt_original_mean:0.325 - chunk_state_source/selected_majority_consistent_mean:1.000 - chunk_state_source/prompt_majority_ratio_mean:0.361 - chunk_state_source/prompt_majority_pass:1.000 - chunk_state_source_chunk/enabled:1.000 - chunk_state_source_chunk/injected_ratio:1.000 - chunk_state_source_chunk/mean_len:128.000 - chunk_state_source_chunk/candidate_index:0.000 - chunk_state_support_anchor/enabled:1.000 - chunk_state_support_anchor/count:3.000 - chunk_state_support_anchor/candidate_start:5.000 - chunk_state_support_anchor/min_mass:0.031 - chunk_state_support_anchor/prefix_compat_enable:0.000 - chunk_state_support_anchor/prefix_compat_tokens:128.000 - chunk_state_support_anchor/min_prefix_match:0.750 - chunk_state_support_anchor/skip_source:1.000 - chunk_state_support_anchor/injected_ratio:1.000 - chunk_state_support_anchor/state_keep_ratio:1.000 - chunk_state_support_anchor/skipped_no_anchor_ratio:0.000 - chunk_state_support_anchor/skipped_by_compat_ratio:0.000 - chunk_state_support_anchor/skipped_source_ratio:0.031 - chunk_state_support_anchor/score_mean:0.106 - chunk_state_support_anchor/positive_candidate_ratio:0.375 - chunk_state_support_anchor/prefix_match_mean:1.000 - chunk_state_support_anchor/prefix_match_min:1.000 - chunk_state_support_anchor/anchor_mass_mean:0.283 - chunk_state_support_anchor/anchor_mass_max:0.690 - chunk_state_support_anchor/anchor_len_mean:115.979 - chunk_state_support_anchor/selected_rank_mean:1.000 - chunk_state_future_support_gain/group_size:32.000 - chunk_state_future_support_gain/min_mass:0.031 - chunk_state_future_support_gain/max_mass_coef:0.250 - chunk_state_future_support_gain/score_type_slack_gain:0.000 - chunk_state_future_support_gain/score_type_positive_gain:0.000 - chunk_state_future_support_gain/score_type_relative_positive_gain:0.000 - chunk_state_future_support_gain/score_type_tv_positive_gain:0.000 - chunk_state_future_support_gain/score_type_relative_tv_positive_gain:0.000 - chunk_state_future_support_gain/score_type_transport_affinity:0.000 - chunk_state_future_support_gain/score_type_transport_positive_gain:0.000 - chunk_state_future_support_gain/score_type_transport_support_gain:0.000 - chunk_state_future_support_gain/score_type_smoothed_transport_affinity:0.000 - chunk_state_future_support_gain/score_type_smoothed_transport_positive_gain:0.000 - chunk_state_future_support_gain/score_type_smoothed_transport_support_gain:1.000 - chunk_state_future_support_gain/gain_slack:0.125 - chunk_state_future_support_gain/baseline_scale:1.000 - chunk_state_future_support_gain/source_prior_weight:1.000 - chunk_state_future_support_gain/prior_smoothing:4.000 - chunk_state_future_support_gain/min_positive_margin:0.000 - chunk_state_future_support_gain/min_state_coverage:0.125 - chunk_state_future_support_gain/max_state_oov:0.875 - chunk_state_future_support_gain/min_state_mean_mass:0.015 - chunk_state_future_support_gain/min_state_max_mass:0.031 - chunk_state_future_support_gain/min_state_top_margin:0.001 - chunk_state_future_support_gain/min_candidate_coverage:0.000 - chunk_state_future_support_gain/min_candidate_mean_mass:0.000 - chunk_state_future_support_gain/source_mass_mean:0.541 - chunk_state_future_support_gain/prompt_top_mass_mean:0.541 - chunk_state_future_support_gain/support_coverage_mean:0.375 - chunk_state_future_support_gain/candidate_coverage_mean:0.375 - chunk_state_future_support_gain/candidate_quality_keep_ratio:1.000 - chunk_state_future_support_gain/mean_mass_mean:0.170 - chunk_state_future_support_gain/max_mass_mean:0.358 - chunk_state_future_support_gain/raw_gain_mean:-0.292 - chunk_state_future_support_gain/source_tv_mean:0.459 - chunk_state_future_support_gain/candidate_tv_mean:0.647 - chunk_state_future_support_gain/source_oov_tv_mean:0.459 - chunk_state_future_support_gain/candidate_oov_tv_mean:0.732 - chunk_state_future_support_gain/transport_affinity_mean:0.268 - chunk_state_future_support_gain/smoothed_candidate_oov_tv_mean:0.366 - chunk_state_future_support_gain/smoothed_transport_affinity_mean:0.634 - chunk_state_future_support_gain/tv_gain_mean:-0.188 - chunk_state_future_support_gain/transport_gain_mean:-0.273 - chunk_state_future_support_gain/smoothed_transport_gain_mean:0.093 - chunk_state_future_support_gain/score_mean_before_candidate_filter:0.095 - chunk_state_future_support_gain/score_mean:0.095 - chunk_state_future_support_gain/label_consistent_ratio_before_candidate_filter:0.703 - chunk_state_future_support_gain/label_consistent_ratio:0.703 - chunk_state_future_support_gain/improved_state_ratio:0.812 - chunk_state_future_support_gain/positive_margin_mean:0.142 - chunk_state_future_support_gain/state_oov_mean:0.625 - chunk_state_future_support_gain/state_mean_mass_mean:0.170 - chunk_state_future_support_gain/state_max_mass_mean:0.358 - chunk_state_future_support_gain/state_top_margin_mean:0.013 - chunk_state_future_support_gain/learnable_state_keep_ratio:0.375 - chunk_state_future_support_gain/state_keep_ratio:0.375 - chunk_state_probe/raw_positive_ratio:0.095 - chunk_state_score/mode_majority_completion:0.000 - chunk_state_score/mode_answer_consensus:0.000 - chunk_state_score/mode_answer_distribution:0.000 - chunk_state_score/mode_answer_value_gain:0.000 - chunk_state_score/mode_answer_value_margin:0.000 - chunk_state_score/mode_answer_support_mass:0.000 - chunk_state_score/mode_future_support_gain:1.000 - chunk_state_score/mode_support_anchor:0.000 - chunk_state_score/mode_support_flow:0.000 - chunk_state_score/mode_answer_source_consistency:0.000 - chunk_state_probe/samples:4.000 - chunk_state_diag/boundary_mean:784.000 - chunk_state_diag/boundary_min:512.000 - chunk_state_diag/boundary_max:1024.000 - chunk_state_diag/boundary_zero_ratio:0.000 - chunk_state_diag/skipped_short_sources:0.000 - chunk_state_diag/skipped_support_sources:21.000 - chunk_state_diag/majority_consistent_fallbacks:9.000 - chunk_state_diag/real_state_count:11.000 - chunk_state_diag/pad_state_count:5.000 - chunk_state_diag/loss_weight_mean:0.688 - chunk_state_diag/source_response_len_mean:1909.875 - chunk_state_diag/probe_score_std:0.090 - chunk_state_diag/state_probe_mean_max:0.207 - chunk_state_diag/state_probe_mean_min:0.000 - chunk_state_diag/state_all_positive_ratio:0.438 - chunk_state_diag/state_all_negative_ratio:0.188 - chunk_state_diag/state_mixed_ratio:0.375 - chunk_state_diag/source_majority_consistent_mean:1.000 - chunk_state_diag/source_prompt_majority_ratio_mean:0.439 - chunk_state_diag/source_answer_mass_mean:0.541 - chunk_state_diag/source_answer_mass_min:0.400 - chunk_state_diag/source_prompt_top_mass_mean:0.541 - chunk_state_diag/source_prompt_top_mass_min:0.400 - chunk_state_diag/source_pseudo_acc_mean:1.000 - chunk_state_diag/source_original_acc_mean:0.938 - chunk_state_diag/prompt_pseudo_mean:0.441 - chunk_state_diag/prompt_original_mean:0.438 - chunk_state_diag/prompt_original_pass:1.000 - chunk_state_diag/probe_mean_source_original_correct:0.087 - chunk_state_diag/probe_mean_source_original_wrong:0.207 - chunk_state_diag/source_original_correct_ratio:0.938 - chunk_state_diag/jsonl_rows:16.000 - chunk_state/num_states:16.000 - chunk_state/real_states:11.000 - chunk_state/pad_states:5.000 - chunk_state/num_candidates:128.000 - chunk_state/num_actor_samples:16.000 - chunk_state/loss_weight_mean:1.000 - chunk_state/base_loss_weight_mean:0.688 - chunk_state/zeroed_state_ratio:0.875 - chunk_state/confidence_gate_ratio:0.688 - chunk_state/confidence_weight_mean:1.000 - chunk_state/future_support_keep_ratio:0.375 - chunk_state/majority_ratio_mean:0.541 - chunk_state/answer_coverage_mean:0.375 - chunk_state/positive_ratio:0.095 - chunk_state/label_consistent_only:0.000 - chunk_state/zero_inconsistent_candidates:0.000 - chunk_state/prune_zero_weight_samples:1.000 - chunk_state/prune_padded_to_shards:0.000 - chunk_state/pruned_sample_ratio:0.875 - chunk_state/label_consistent_ratio:0.703 - chunk_state/informative_ratio:0.750 - chunk_state/kept_state_ratio:0.375 - chunk_state/target_entropy:1.943 - chunk_state/target_prior_mean:1.000 - chunk_state/target_prior_max:1.000 - chunk_state/weight_max:0.389 - chunk_state/weight_min:0.009 - chunk_state/powerflow_weight_clip:4.000 - chunk_state/powerflow_weight_clip_renorm:1.000 - chunk_state/powerflow_weight_before_clip_max:3.115 - chunk_state/powerflow_weight_before_clip_mean:1.000 - chunk_state/powerflow_weight_mean:1.000 - chunk_state/powerflow_weight_max:3.115 - chunk_state/powerflow_weight_min:0.126 - chunk_state/boxed_reward_mean:0.125 - chunk_state/boxed_reward_weighted_mean:0.185 - chunk_state/actor_batch_powerflow_weight_nonzero_ratio:1.000 - chunk_state/actor_batch_powerflow_weight_shard0_mean:1.866 - chunk_state/actor_batch_powerflow_weight_shard0_nonzero_ratio:1.000 - chunk_state/actor_batch_powerflow_weight_shard_mean_low:0.438 - chunk_state/actor_batch_powerflow_weight_shard_mean_high:1.866 - chunk_state/actor_batch_powerflow_weight_zero_shard_ratio:0.000 - chunk_state_actor_span/mode_chunk:1.000 - chunk_state_actor_span/response_len_mean:121.961 - chunk_state_actor_span/truncated_ratio:0.000 - actor/pg_loss:0.741 - actor/powerflow_loss:0.741 - actor/log_prob:-0.499 - actor/old_log_prob:0.000 - actor/ref_log_prob:-0.499 - actor/ref_log_prob/std:0.000 - actor/boxed_reward/mean:0.080 - actor/boxed_reward/min:0.030 - actor/boxed_reward/max:0.130 - actor/powerflow_weight/mean:1.866 - actor/powerflow_weight/min:0.617 - actor/powerflow_weight/max:3.115 - actor/powerflow_weight/nonzero_ratio:1.000 - actor/powerflow_local_batch_size:1.000 - actor/log_z:-1.055 - actor/importance_weight:0.800 - actor/powerflow_chunk_loss_target_only:0.000 - actor/ppo_kl:0.499 - actor/ref_kl:-0.001 - actor/beta_coef:4.000 - actor/cispo_mask_ratio:0.312 - actor/cispo_dropped_tokens:40.000 - actor/condition_1_count:0.000 - actor/condition_2_count:40.000 - actor/pg_clipfrac:0.000 - actor/pg_clipfrac_lower:0.000 - actor/grad_norm:7.018 - perf/mfu/actor:0.000 - perf/max_memory_allocated_gb:166.224 - perf/max_memory_reserved_gb:176.209 - perf/cpu_memory_used_gb:790.555 - actor/lr:0.000 - timing_s/generate_sequences:17.569 - timing_s/reshard:0.709 - timing_s/gen:23.105 - timing_s/chunk_state_make_states:0.021 - timing_s/chunk_state_chunks/generate_sequences:0.545 - timing_s/chunk_state_chunks/reshard:0.476 - timing_s/chunk_state_chunks:1.077 - timing_s/chunk_state_probe/generate_sequences:7.172 - timing_s/chunk_state_probe/reshard:0.387 - timing_s/chunk_state_probe:7.863 - timing_s/chunk_state_score:6.501 - timing_s/chunk_state_build_actor_batch:0.007 - timing_s/chunk_state_ref:0.624 - timing_s/update_actor:0.778 - timing_per_token_ms/gen:0.024 - timing_per_token_ms/update_actor:0.001[36m(TaskRunner pid=3466873)[0m <string>:1: SymPyDeprecationWarning: 
[36m(TaskRunner pid=3466873)[0m 
[36m(TaskRunner pid=3466873)[0m Using non-Expr arguments in Pow is deprecated (in this case, one of the
[36m(TaskRunner pid=3466873)[0m arguments is of type 'FiniteSet').
[36m(TaskRunner pid=3466873)[0m 
[36m(TaskRunner pid=3466873)[0m If you really did intend to construct a power with this base, use the **
[36m(TaskRunner pid=3466873)[0m operator instead.
[36m(TaskRunner pid=3466873)[0m 
[36m(TaskRunner pid=3466873)[0m See https://docs.sympy.org/latest/explanation/active-deprecations.html#non-expr-args-deprecated
[36m(TaskRunner pid=3466873)[0m for details.
[36m(TaskRunner pid=3466873)[0m 
[36m(TaskRunner pid=3466873)[0m This has been deprecated since SymPy version 1.7. It
[36m(TaskRunner pid=3466873)[0m will be removed in a future version of SymPy.
[36m(TaskRunner pid=3466873)[0m 
[36m(TaskRunner pid=3466873)[0m WARNING:2026-08-01 23:58:52,463:Timeout during comparison
[36m(TaskRunner pid=3466873)[0m WARNING:2026-08-01 23:59:11,049:Timeout during comparison
[36m(TaskRunner pid=3466873)[0m WARNING:2026-08-01 23:59:14,826:Timeout during comparison
[36m(TaskRunner pid=3466873)[0m Training Progress:  30%|███       | 6/20 [06:15<12:55, 55.41s/it]

[36m(TaskRunner pid=3466873)[0m [Shutdown] 3 subprocess(es) terminated.
[36m(TaskRunner pid=3466873)[0m [Shutdown] 4 subprocess(es) terminated.
[36m(TaskRunner pid=3466873)[0m [Shutdown] 31 subprocess(es) terminated.
[36m(TaskRunner pid=3466873)[0m step:6 - chunk_state_source/selected_original_acc_mean:0.500 - chunk_state_source/prompt_original_pass:0.938 - chunk_state_source/prompt_original_mean:0.236 - chunk_state_source/selected_majority_consistent_mean:1.000 - chunk_state_source/prompt_majority_ratio_mean:0.256 - chunk_state_source/prompt_majority_pass:1.000 - chunk_state_source_chunk/enabled:1.000 - chunk_state_source_chunk/injected_ratio:1.000 - chunk_state_source_chunk/mean_len:128.000 - chunk_state_source_chunk/candidate_index:0.000 - chunk_state_support_anchor/enabled:1.000 - chunk_state_support_anchor/count:3.000 - chunk_state_support_anchor/candidate_start:5.000 - chunk_state_support_anchor/min_mass:0.031 - chunk_state_support_anchor/prefix_compat_enable:0.000 - chunk_state_support_anchor/prefix_compat_tokens:128.000 - chunk_state_support_anchor/min_prefix_match:0.750 - chunk_state_support_anchor/skip_source:1.000 - chunk_state_support_anchor/injected_ratio:1.000 - chunk_state_support_anchor/state_keep_ratio:1.000 - chunk_state_support_anchor/skipped_no_anchor_ratio:0.000 - chunk_state_support_anchor/skipped_by_compat_ratio:0.000 - chunk_state_support_anchor/skipped_source_ratio:0.031 - chunk_state_support_anchor/score_mean:0.083 - chunk_state_support_anchor/positive_candidate_ratio:0.375 - chunk_state_support_anchor/prefix_match_mean:1.000 - chunk_state_support_anchor/prefix_match_min:1.000 - chunk_state_support_anchor/anchor_mass_mean:0.222 - chunk_state_support_anchor/anchor_mass_max:0.609 - chunk_state_support_anchor/anchor_len_mean:123.125 - chunk_state_support_anchor/selected_rank_mean:1.000 - chunk_state_future_support_gain/group_size:32.000 - chunk_state_future_support_gain/min_mass:0.031 - chunk_state_future_support_gain/max_mass_coef:0.250 - chunk_state_future_support_gain/score_type_slack_gain:0.000 - chunk_state_future_support_gain/score_type_positive_gain:0.000 - chunk_state_future_support_gain/score_type_relative_positive_gain:0.000 - chunk_state_future_support_gain/score_type_tv_positive_gain:0.000 - chunk_state_future_support_gain/score_type_relative_tv_positive_gain:0.000 - chunk_state_future_support_gain/score_type_transport_affinity:0.000 - chunk_state_future_support_gain/score_type_transport_positive_gain:0.000 - chunk_state_future_support_gain/score_type_transport_support_gain:0.000 - chunk_state_future_support_gain/score_type_smoothed_transport_affinity:0.000 - chunk_state_future_support_gain/score_type_smoothed_transport_positive_gain:0.000 - chunk_state_future_support_gain/score_type_smoothed_transport_support_gain:1.000 - chunk_state_future_support_gain/gain_slack:0.125 - chunk_state_future_support_gain/baseline_scale:1.000 - chunk_state_future_support_gain/source_prior_weight:1.000 - chunk_state_future_support_gain/prior_smoothing:4.000 - chunk_state_future_support_gain/min_positive_margin:0.000 - chunk_state_future_support_gain/min_state_coverage:0.125 - chunk_state_future_support_gain/max_state_oov:0.875 - chunk_state_future_support_gain/min_state_mean_mass:0.015 - chunk_state_future_support_gain/min_state_max_mass:0.031 - chunk_state_future_support_gain/min_state_top_margin:0.001 - chunk_state_future_support_gain/min_candidate_coverage:0.000 - chunk_state_future_support_gain/min_candidate_mean_mass:0.000 - chunk_state_future_support_gain/source_mass_mean:0.492 - chunk_state_future_support_gain/prompt_top_mass_mean:0.492 - chunk_state_future_support_gain/support_coverage_mean:0.469 - chunk_state_future_support_gain/candidate_coverage_mean:0.469 - chunk_state_future_support_gain/candidate_quality_keep_ratio:1.000 - chunk_state_future_support_gain/mean_mass_mean:0.172 - chunk_state_future_support_gain/max_mass_mean:0.417 - chunk_state_future_support_gain/raw_gain_mean:-0.243 - chunk_state_future_support_gain/source_tv_mean:0.508 - chunk_state_future_support_gain/candidate_tv_mean:0.676 - chunk_state_future_support_gain/source_oov_tv_mean:0.508 - chunk_state_future_support_gain/candidate_oov_tv_mean:0.735 - chunk_state_future_support_gain/transport_affinity_mean:0.265 - chunk_state_future_support_gain/smoothed_candidate_oov_tv_mean:0.367 - chunk_state_future_support_gain/smoothed_transport_affinity_mean:0.633 - chunk_state_future_support_gain/tv_gain_mean:-0.168 - chunk_state_future_support_gain/transport_gain_mean:-0.227 - chunk_state_future_support_gain/smoothed_transport_gain_mean:0.141 - chunk_state_future_support_gain/score_mean_before_candidate_filter:0.109 - chunk_state_future_support_gain/score_mean:0.109 - chunk_state_future_support_gain/label_consistent_ratio_before_candidate_filter:0.828 - chunk_state_future_support_gain/label_consistent_ratio:0.828 - chunk_state_future_support_gain/improved_state_ratio:0.875 - chunk_state_future_support_gain/positive_margin_mean:0.174 - chunk_state_future_support_gain/state_oov_mean:0.531 - chunk_state_future_support_gain/state_mean_mass_mean:0.172 - chunk_state_future_support_gain/state_max_mass_mean:0.417 - chunk_state_future_support_gain/state_top_margin_mean:0.007 - chunk_state_future_support_gain/learnable_state_keep_ratio:0.125 - chunk_state_future_support_gain/state_keep_ratio:0.125 - chunk_state_probe/raw_positive_ratio:0.109 - chunk_state_score/mode_majority_completion:0.000 - chunk_state_score/mode_answer_consensus:0.000 - chunk_state_score/mode_answer_distribution:0.000 - chunk_state_score/mode_answer_value_gain:0.000 - chunk_state_score/mode_answer_value_margin:0.000 - chunk_state_score/mode_answer_support_mass:0.000 - chunk_state_score/mode_future_support_gain:1.000 - chunk_state_score/mode_support_anchor:0.000 - chunk_state_score/mode_support_flow:0.000 - chunk_state_score/mode_answer_source_consistency:0.000 - chunk_state_probe/samples:4.000 - chunk_state_diag/boundary_mean:768.000 - chunk_state_diag/boundary_min:256.000 - chunk_state_diag/boundary_max:1024.000 - chunk_state_diag/boundary_zero_ratio:0.000 - chunk_state_diag/skipped_short_sources:0.000 - chunk_state_diag/skipped_support_sources:27.000 - chunk_state_diag/majority_consistent_fallbacks:5.000 - chunk_state_diag/real_state_count:5.000 - chunk_state_diag/pad_state_count:3.000 - chunk_state_diag/loss_weight_mean:0.625 - chunk_state_diag/source_response_len_mean:1772.250 - chunk_state_diag/probe_score_std:0.077 - chunk_state_diag/state_probe_mean_max:0.181 - chunk_state_diag/state_probe_mean_min:0.000 - chunk_state_diag/state_all_positive_ratio:0.750 - chunk_state_diag/state_all_negative_ratio:0.125 - chunk_state_diag/state_mixed_ratio:0.125 - chunk_state_diag/source_majority_consistent_mean:1.000 - chunk_state_diag/source_prompt_majority_ratio_mean:0.434 - chunk_state_diag/source_answer_mass_mean:0.492 - chunk_state_diag/source_answer_mass_min:0.400 - chunk_state_diag/source_prompt_top_mass_mean:0.492 - chunk_state_diag/source_prompt_top_mass_min:0.400 - chunk_state_diag/source_pseudo_acc_mean:1.000 - chunk_state_diag/source_original_acc_mean:0.500 - chunk_state_diag/prompt_pseudo_mean:0.441 - chunk_state_diag/prompt_original_mean:0.270 - chunk_state_diag/prompt_original_pass:1.000 - chunk_state_diag/probe_mean_source_original_correct:0.090 - chunk_state_diag/probe_mean_source_original_wrong:0.127 - chunk_state_diag/source_original_correct_ratio:0.500 - chunk_state_diag/jsonl_rows:8.000 - chunk_state/num_states:8.000 - chunk_state/real_states:5.000 - chunk_state/pad_states:3.000 - chunk_state/num_candidates:64.000 - chunk_state/num_actor_samples:8.000 - chunk_state/loss_weight_mean:1.000 - chunk_state/base_loss_weight_mean:0.625 - chunk_state/zeroed_state_ratio:0.875 - chunk_state/confidence_gate_ratio:0.875 - chunk_state/confidence_weight_mean:1.000 - chunk_state/future_support_keep_ratio:0.125 - chunk_state/majority_ratio_mean:0.492 - chunk_state/answer_coverage_mean:0.469 - chunk_state/positive_ratio:0.109 - chunk_state/label_consistent_only:0.000 - chunk_state/zero_inconsistent_candidates:0.000 - chunk_state/prune_zero_weight_samples:1.000 - chunk_state/prune_padded_to_shards:0.000 - chunk_state/pruned_sample_ratio:0.875 - chunk_state/label_consistent_ratio:0.828 - chunk_state/informative_ratio:0.875 - chunk_state/kept_state_ratio:0.125 - chunk_state/target_entropy:1.870 - chunk_state/target_prior_mean:1.000 - chunk_state/target_prior_max:1.000 - chunk_state/weight_max:0.368 - chunk_state/weight_min:0.014 - chunk_state/powerflow_weight_clip:4.000 - chunk_state/powerflow_weight_clip_renorm:1.000 - chunk_state/powerflow_weight_before_clip_max:2.947 - chunk_state/powerflow_weight_before_clip_mean:1.000 - chunk_state/powerflow_weight_mean:1.000 - chunk_state/powerflow_weight_max:2.947 - chunk_state/powerflow_weight_min:0.115 - chunk_state/boxed_reward_mean:0.078 - chunk_state/boxed_reward_weighted_mean:0.147 - chunk_state/actor_batch_powerflow_weight_nonzero_ratio:1.000 - chunk_state/actor_batch_powerflow_weight_shard0_mean:2.947 - chunk_state/actor_batch_powerflow_weight_shard0_nonzero_ratio:1.000 - chunk_state/actor_batch_powerflow_weight_shard_mean_low:0.115 - chunk_state/actor_batch_powerflow_weight_shard_mean_high:2.947 - chunk_state/actor_batch_powerflow_weight_zero_shard_ratio:0.000 - chunk_state_actor_span/mode_chunk:1.000 - chunk_state_actor_span/response_len_mean:124.125 - chunk_state_actor_span/truncated_ratio:0.000 - actor/pg_loss:1.357 - actor/powerflow_loss:1.357 - actor/log_prob:-0.085 - actor/old_log_prob:0.000 - actor/ref_log_prob:-0.084 - actor/ref_log_prob/std:0.000 - actor/boxed_reward/mean:0.203 - actor/boxed_reward/min:0.203 - actor/boxed_reward/max:0.203 - actor/powerflow_weight/mean:2.947 - actor/powerflow_weight/min:2.947 - actor/powerflow_weight/max:2.947 - actor/powerflow_weight/nonzero_ratio:1.000 - actor/powerflow_local_batch_size:1.000 - actor/log_z:-0.844 - actor/importance_weight:0.800 - actor/powerflow_chunk_loss_target_only:0.000 - actor/ppo_kl:0.085 - actor/ref_kl:0.001 - actor/beta_coef:4.000 - actor/cispo_mask_ratio:0.047 - actor/cispo_dropped_tokens:6.000 - actor/condition_1_count:0.000 - actor/condition_2_count:6.000 - actor/pg_clipfrac:0.000 - actor/pg_clipfrac_lower:0.000 - actor/grad_norm:9.426 - perf/mfu/actor:0.000 - perf/max_memory_allocated_gb:166.224 - perf/max_memory_reserved_gb:176.209 - perf/cpu_memory_used_gb:790.605 - actor/lr:0.000 - timing_s/generate_sequences:18.212 - timing_s/reshard:0.472 - timing_s/gen:22.306 - timing_s/chunk_state_make_states:0.019 - timing_s/chunk_state_chunks/generate_sequences:0.530 - timing_s/chunk_state_chunks/reshard:0.484 - timing_s/chunk_state_chunks:1.058 - timing_s/chunk_state_probe/generate_sequences:6.147 - timing_s/chunk_state_probe/reshard:0.348 - timing_s/chunk_state_probe:6.942 - timing_s/chunk_state_score:8.224 - timing_s/chunk_state_build_actor_batch:0.005 - timing_s/chunk_state_ref:0.132 - timing_s/update_actor:0.388 - timing_per_token_ms/gen:0.021 - timing_per_token_ms/update_actor:0.000[36m(TaskRunner pid=3466873)[0m <string>:1: SymPyDeprecationWarning: 
[36m(TaskRunner pid=3466873)[0m 
[36m(TaskRunner pid=3466873)[0m Using non-Expr arguments in Mul is deprecated (in this case, one of
[36m(TaskRunner pid=3466873)[0m the arguments has type 'Tuple').
[36m(TaskRunner pid=3466873)[0m 
[36m(TaskRunner pid=3466873)[0m If you really did intend to use a multiplication or addition operation with
[36m(TaskRunner pid=3466873)[0m this object, use the * or + operator instead.
[36m(TaskRunner pid=3466873)[0m 
[36m(TaskRunner pid=3466873)[0m See https://docs.sympy.org/latest/explanation/active-deprecations.html#non-expr-args-deprecated
[36m(TaskRunner pid=3466873)[0m for details.
[36m(TaskRunner pid=3466873)[0m 
[36m(TaskRunner pid=3466873)[0m This has been deprecated since SymPy version 1.7. It
[36m(TaskRunner pid=3466873)[0m will be removed in a future version of SymPy.
[36m(TaskRunner pid=3466873)[0m 
[36m(TaskRunner pid=3466873)[0m <string>:1: SymPyDeprecationWarning: 
[36m(TaskRunner pid=3466873)[0m 
[36m(TaskRunner pid=3466873)[0m Using non-Expr arguments in Pow is deprecated (in this case, one of the
[36m(TaskRunner pid=3466873)[0m arguments is of type 'FiniteSet').
[36m(TaskRunner pid=3466873)[0m 
[36m(TaskRunner pid=3466873)[0m If you really did intend to construct a power with this base, use the **
[36m(TaskRunner pid=3466873)[0m operator instead.
[36m(TaskRunner pid=3466873)[0m 
[36m(TaskRunner pid=3466873)[0m See https://docs.sympy.org/latest/explanation/active-deprecations.html#non-expr-args-deprecated
[36m(TaskRunner pid=3466873)[0m for details.
[36m(TaskRunner pid=3466873)[0m 
[36m(TaskRunner pid=3466873)[0m This has been deprecated since SymPy version 1.7. It
[36m(TaskRunner pid=3466873)[0m will be removed in a future version of SymPy.
[36m(TaskRunner pid=3466873)[0m 
[36m(TaskRunner pid=3466873)[0m <string>:1: SymPyDeprecationWarning: 
[36m(TaskRunner pid=3466873)[0m 
[36m(TaskRunner pid=3466873)[0m Using non-Expr arguments in Pow is deprecated (in this case, one of the
[36m(TaskRunner pid=3466873)[0m arguments is of type 'FiniteSet').
[36m(TaskRunner pid=3466873)[0m 
[36m(TaskRunner pid=3466873)[0m If you really did intend to construct a power with this base, use the **
[36m(TaskRunner pid=3466873)[0m operator instead.
[36m(TaskRunner pid=3466873)[0m 
[36m(TaskRunner pid=3466873)[0m See https://docs.sympy.org/latest/explanation/active-deprecations.html#non-expr-args-deprecated
[36m(TaskRunner pid=3466873)[0m for details.
[36m(TaskRunner pid=3466873)[0m 
[36m(TaskRunner pid=3466873)[0m This has been deprecated since SymPy version 1.7. It
[36m(TaskRunner pid=3466873)[0m will be removed in a future version of SymPy.
[36m(TaskRunner pid=3466873)[0m 
[36m(TaskRunner pid=3466873)[0m <string>:1: SymPyDeprecationWarning: 
[36m(TaskRunner pid=3466873)[0m 
[36m(TaskRunner pid=3466873)[0m Using non-Expr arguments in Pow is deprecated (in this case, one of the
[36m(TaskRunner pid=3466873)[0m arguments is of type 'FiniteSet').
[36m(TaskRunner pid=3466873)[0m 
[36m(TaskRunner pid=3466873)[0m If you really did intend to construct a power with this base, use the **
[36m(TaskRunner pid=3466873)[0m operator instead.
[36m(TaskRunner pid=3466873)[0m 
[36m(TaskRunner pid=3466873)[0m See https://docs.sympy.org/latest/explanation/active-deprecations.html#non-expr-args-deprecated
[36m(TaskRunner pid=3466873)[0m for details.
[36m(TaskRunner pid=3466873)[0m 
[36m(TaskRunner pid=3466873)[0m This has been deprecated since SymPy version 1.7. It
[36m(TaskRunner pid=3466873)[0m will be removed in a future version of SymPy.
[36m(TaskRunner pid=3466873)[0m 
[36m(TaskRunner pid=3466873)[0m Training Progress:  35%|███▌      | 7/20 [07:04<11:31, 53.23s/it]

[36m(TaskRunner pid=3466873)[0m [Shutdown] 5 subprocess(es) terminated.
[36m(TaskRunner pid=3466873)[0m [Shutdown] 2 subprocess(es) terminated.
[36m(TaskRunner pid=3466873)[0m [Shutdown] 39 subprocess(es) terminated.
[36m(TaskRunner pid=3466873)[0m step:7 - chunk_state_source/selected_original_acc_mean:0.875 - chunk_state_source/prompt_original_pass:0.906 - chunk_state_source/prompt_original_mean:0.304 - chunk_state_source/selected_majority_consistent_mean:1.000 - chunk_state_source/prompt_majority_ratio_mean:0.327 - chunk_state_source/prompt_majority_pass:1.000 - chunk_state_source_chunk/enabled:1.000 - chunk_state_source_chunk/injected_ratio:1.000 - chunk_state_source_chunk/mean_len:128.000 - chunk_state_source_chunk/candidate_index:0.000 - chunk_state_support_anchor/enabled:1.000 - chunk_state_support_anchor/count:3.000 - chunk_state_support_anchor/candidate_start:5.000 - chunk_state_support_anchor/min_mass:0.031 - chunk_state_support_anchor/prefix_compat_enable:0.000 - chunk_state_support_anchor/prefix_compat_tokens:128.000 - chunk_state_support_anchor/min_prefix_match:0.750 - chunk_state_support_anchor/skip_source:1.000 - chunk_state_support_anchor/injected_ratio:1.000 - chunk_state_support_anchor/state_keep_ratio:1.000 - chunk_state_support_anchor/skipped_no_anchor_ratio:0.000 - chunk_state_support_anchor/skipped_by_compat_ratio:0.000 - chunk_state_support_anchor/skipped_source_ratio:0.031 - chunk_state_support_anchor/score_mean:0.072 - chunk_state_support_anchor/positive_candidate_ratio:0.375 - chunk_state_support_anchor/prefix_match_mean:1.000 - chunk_state_support_anchor/prefix_match_min:1.000 - chunk_state_support_anchor/anchor_mass_mean:0.192 - chunk_state_support_anchor/anchor_mass_max:0.643 - chunk_state_support_anchor/anchor_len_mean:123.917 - chunk_state_support_anchor/selected_rank_mean:1.000 - chunk_state_future_support_gain/group_size:32.000 - chunk_state_future_support_gain/min_mass:0.031 - chunk_state_future_support_gain/max_mass_coef:0.250 - chunk_state_future_support_gain/score_type_slack_gain:0.000 - chunk_state_future_support_gain/score_type_positive_gain:0.000 - chunk_state_future_support_gain/score_type_relative_positive_gain:0.000 - chunk_state_future_support_gain/score_type_tv_positive_gain:0.000 - chunk_state_future_support_gain/score_type_relative_tv_positive_gain:0.000 - chunk_state_future_support_gain/score_type_transport_affinity:0.000 - chunk_state_future_support_gain/score_type_transport_positive_gain:0.000 - chunk_state_future_support_gain/score_type_transport_support_gain:0.000 - chunk_state_future_support_gain/score_type_smoothed_transport_affinity:0.000 - chunk_state_future_support_gain/score_type_smoothed_transport_positive_gain:0.000 - chunk_state_future_support_gain/score_type_smoothed_transport_support_gain:1.000 - chunk_state_future_support_gain/gain_slack:0.125 - chunk_state_future_support_gain/baseline_scale:1.000 - chunk_state_future_support_gain/source_prior_weight:1.000 - chunk_state_future_support_gain/prior_smoothing:4.000 - chunk_state_future_support_gain/min_positive_margin:0.000 - chunk_state_future_support_gain/min_state_coverage:0.125 - chunk_state_future_support_gain/max_state_oov:0.875 - chunk_state_future_support_gain/min_state_mean_mass:0.015 - chunk_state_future_support_gain/min_state_max_mass:0.031 - chunk_state_future_support_gain/min_state_top_margin:0.001 - chunk_state_future_support_gain/min_candidate_coverage:0.000 - chunk_state_future_support_gain/min_candidate_mean_mass:0.000 - chunk_state_future_support_gain/source_mass_mean:0.543 - chunk_state_future_support_gain/prompt_top_mass_mean:0.543 - chunk_state_future_support_gain/support_coverage_mean:0.480 - chunk_state_future_support_gain/candidate_coverage_mean:0.480 - chunk_state_future_support_gain/candidate_quality_keep_ratio:1.000 - chunk_state_future_support_gain/mean_mass_mean:0.231 - chunk_state_future_support_gain/max_mass_mean:0.491 - chunk_state_future_support_gain/raw_gain_mean:-0.231 - chunk_state_future_support_gain/source_tv_mean:0.457 - chunk_state_future_support_gain/candidate_tv_mean:0.660 - chunk_state_future_support_gain/source_oov_tv_mean:0.457 - chunk_state_future_support_gain/candidate_oov_tv_mean:0.708 - chunk_state_future_support_gain/transport_affinity_mean:0.292 - chunk_state_future_support_gain/smoothed_candidate_oov_tv_mean:0.354 - chunk_state_future_support_gain/smoothed_transport_affinity_mean:0.646 - chunk_state_future_support_gain/tv_gain_mean:-0.202 - chunk_state_future_support_gain/transport_gain_mean:-0.251 - chunk_state_future_support_gain/smoothed_transport_gain_mean:0.103 - chunk_state_future_support_gain/score_mean_before_candidate_filter:0.091 - chunk_state_future_support_gain/score_mean:0.091 - chunk_state_future_support_gain/label_consistent_ratio_before_candidate_filter:0.812 - chunk_state_future_support_gain/label_consistent_ratio:0.812 - chunk_state_future_support_gain/improved_state_ratio:1.000 - chunk_state_future_support_gain/positive_margin_mean:0.158 - chunk_state_future_support_gain/state_oov_mean:0.520 - chunk_state_future_support_gain/state_mean_mass_mean:0.231 - chunk_state_future_support_gain/state_max_mass_mean:0.491 - chunk_state_future_support_gain/state_top_margin_mean:0.006 - chunk_state_future_support_gain/learnable_state_keep_ratio:0.125 - chunk_state_future_support_gain/state_keep_ratio:0.125 - chunk_state_probe/raw_positive_ratio:0.091 - chunk_state_score/mode_majority_completion:0.000 - chunk_state_score/mode_answer_consensus:0.000 - chunk_state_score/mode_answer_distribution:0.000 - chunk_state_score/mode_answer_value_gain:0.000 - chunk_state_score/mode_answer_value_margin:0.000 - chunk_state_score/mode_answer_support_mass:0.000 - chunk_state_score/mode_future_support_gain:1.000 - chunk_state_score/mode_support_anchor:0.000 - chunk_state_score/mode_support_flow:0.000 - chunk_state_score/mode_answer_source_consistency:0.000 - chunk_state_probe/samples:4.000 - chunk_state_diag/boundary_mean:576.000 - chunk_state_diag/boundary_min:512.000 - chunk_state_diag/boundary_max:768.000 - chunk_state_diag/boundary_zero_ratio:0.000 - chunk_state_diag/skipped_short_sources:0.000 - chunk_state_diag/skipped_support_sources:26.000 - chunk_state_diag/majority_consistent_fallbacks:9.000 - chunk_state_diag/real_state_count:6.000 - chunk_state_diag/pad_state_count:2.000 - chunk_state_diag/loss_weight_mean:0.750 - chunk_state_diag/source_response_len_mean:2196.875 - chunk_state_diag/probe_score_std:0.077 - chunk_state_diag/state_probe_mean_max:0.145 - chunk_state_diag/state_probe_mean_min:0.012 - chunk_state_diag/state_all_positive_ratio:0.500 - chunk_state_diag/state_all_negative_ratio:0.000 - chunk_state_diag/state_mixed_ratio:0.500 - chunk_state_diag/source_majority_consistent_mean:1.000 - chunk_state_diag/source_prompt_majority_ratio_mean:0.480 - chunk_state_diag/source_answer_mass_mean:0.543 - chunk_state_diag/source_answer_mass_min:0.429 - chunk_state_diag/source_prompt_top_mass_mean:0.543 - chunk_state_diag/source_prompt_top_mass_min:0.429 - chunk_state_diag/source_pseudo_acc_mean:1.000 - chunk_state_diag/source_original_acc_mean:0.875 - chunk_state_diag/prompt_pseudo_mean:0.488 - chunk_state_diag/prompt_original_mean:0.445 - chunk_state_diag/prompt_original_pass:1.000 - chunk_state_diag/probe_mean_source_original_correct:0.102 - chunk_state_diag/probe_mean_source_original_wrong:0.012 - chunk_state_diag/source_original_correct_ratio:0.875 - chunk_state_diag/jsonl_rows:8.000 - chunk_state/num_states:8.000 - chunk_state/real_states:6.000 - chunk_state/pad_states:2.000 - chunk_state/num_candidates:64.000 - chunk_state/num_actor_samples:8.000 - chunk_state/loss_weight_mean:1.000 - chunk_state/base_loss_weight_mean:0.750 - chunk_state/zeroed_state_ratio:0.875 - chunk_state/confidence_gate_ratio:0.875 - chunk_state/confidence_weight_mean:1.000 - chunk_state/future_support_keep_ratio:0.125 - chunk_state/majority_ratio_mean:0.543 - chunk_state/answer_coverage_mean:0.480 - chunk_state/positive_ratio:0.091 - chunk_state/label_consistent_only:0.000 - chunk_state/zero_inconsistent_candidates:0.000 - chunk_state/prune_zero_weight_samples:1.000 - chunk_state/prune_padded_to_shards:0.000 - chunk_state/pruned_sample_ratio:0.875 - chunk_state/label_consistent_ratio:0.812 - chunk_state/informative_ratio:1.000 - chunk_state/kept_state_ratio:0.125 - chunk_state/target_entropy:1.778 - chunk_state/target_prior_mean:1.000 - chunk_state/target_prior_max:1.000 - chunk_state/weight_max:0.445 - chunk_state/weight_min:0.010 - chunk_state/powerflow_weight_clip:4.000 - chunk_state/powerflow_weight_clip_renorm:1.000 - chunk_state/powerflow_weight_before_clip_max:3.558 - chunk_state/powerflow_weight_before_clip_mean:1.000 - chunk_state/powerflow_weight_mean:1.000 - chunk_state/powerflow_weight_max:3.558 - chunk_state/powerflow_weight_min:0.163 - chunk_state/boxed_reward_mean:0.051 - chunk_state/boxed_reward_weighted_mean:0.139 - chunk_state/actor_batch_powerflow_weight_nonzero_ratio:1.000 - chunk_state/actor_batch_powerflow_weight_shard0_mean:3.558 - chunk_state/actor_batch_powerflow_weight_shard0_nonzero_ratio:1.000 - chunk_state/actor_batch_powerflow_weight_shard_mean_low:0.163 - chunk_state/actor_batch_powerflow_weight_shard_mean_high:3.558 - chunk_state/actor_batch_powerflow_weight_zero_shard_ratio:0.000 - chunk_state_actor_span/mode_chunk:1.000 - chunk_state_actor_span/response_len_mean:125.500 - chunk_state_actor_span/truncated_ratio:0.000 - actor/pg_loss:1.325 - actor/powerflow_loss:1.325 - actor/log_prob:-0.443 - actor/old_log_prob:0.000 - actor/ref_log_prob:-0.444 - actor/ref_log_prob/std:0.000 - actor/boxed_reward/mean:0.000 - actor/boxed_reward/min:0.000 - actor/boxed_reward/max:0.000 - actor/powerflow_weight/mean:3.558 - actor/powerflow_weight/min:3.558 - actor/powerflow_weight/max:3.558 - actor/powerflow_weight/nonzero_ratio:1.000 - actor/powerflow_local_batch_size:1.000 - actor/log_z:-1.352 - actor/importance_weight:0.800 - actor/powerflow_chunk_loss_target_only:0.000 - actor/ppo_kl:0.443 - actor/ref_kl:-0.001 - actor/beta_coef:4.000 - actor/cispo_mask_ratio:0.203 - actor/cispo_dropped_tokens:26.000 - actor/condition_1_count:0.000 - actor/condition_2_count:26.000 - actor/pg_clipfrac:0.000 - actor/pg_clipfrac_lower:0.000 - actor/grad_norm:4.351 - perf/mfu/actor:0.000 - perf/max_memory_allocated_gb:166.224 - perf/max_memory_reserved_gb:176.209 - perf/cpu_memory_used_gb:790.370 - actor/lr:0.000 - timing_s/generate_sequences:17.969 - timing_s/reshard:0.457 - timing_s/gen:23.880 - timing_s/chunk_state_make_states:0.018 - timing_s/chunk_state_chunks/generate_sequences:0.529 - timing_s/chunk_state_chunks/reshard:0.353 - timing_s/chunk_state_chunks:0.924 - timing_s/chunk_state_probe/generate_sequences:6.387 - timing_s/chunk_state_probe/reshard:0.346 - timing_s/chunk_state_probe:7.032 - timing_s/chunk_state_score:6.356 - timing_s/chunk_state_build_actor_batch:0.005 - timing_s/chunk_state_ref:0.134 - timing_s/update_actor:0.408 - timing_per_token_ms/gen:0.023 - timing_per_token_ms/update_actor:0.000[36m(TaskRunner pid=3466873)[0m <string>:1: SymPyDeprecationWarning: 
[36m(TaskRunner pid=3466873)[0m 
[36m(TaskRunner pid=3466873)[0m Using non-Expr arguments in Pow is deprecated (in this case, one of the
[36m(TaskRunner pid=3466873)[0m arguments is of type 'FiniteSet').
[36m(TaskRunner pid=3466873)[0m 
[36m(TaskRunner pid=3466873)[0m If you really did intend to construct a power with this base, use the **
[36m(TaskRunner pid=3466873)[0m operator instead.
[36m(TaskRunner pid=3466873)[0m 
[36m(TaskRunner pid=3466873)[0m See https://docs.sympy.org/latest/explanation/active-deprecations.html#non-expr-args-deprecated
[36m(TaskRunner pid=3466873)[0m for details.
[36m(TaskRunner pid=3466873)[0m 
[36m(TaskRunner pid=3466873)[0m This has been deprecated since SymPy version 1.7. It
[36m(TaskRunner pid=3466873)[0m will be removed in a future version of SymPy.
[36m(TaskRunner pid=3466873)[0m 
[36m(TaskRunner pid=3466873)[0m /mlx_devbox/users/quyanyi/playground/.venvs/ttrl_b200/lib/python3.11/site-packages/sympy/core/basic.py:1774: SymPyDeprecationWarning: 
[36m(TaskRunner pid=3466873)[0m 
[36m(TaskRunner pid=3466873)[0m Using non-Expr arguments in Pow is deprecated (in this case, one of the
[36m(TaskRunner pid=3466873)[0m arguments is of type 'FiniteSet').
[36m(TaskRunner pid=3466873)[0m 
[36m(TaskRunner pid=3466873)[0m If you really did intend to construct a power with this base, use the **
[36m(TaskRunner pid=3466873)[0m operator instead.
[36m(TaskRunner pid=3466873)[0m 
[36m(TaskRunner pid=3466873)[0m See https://docs.sympy.org/latest/explanation/active-deprecations.html#non-expr-args-deprecated
[36m(TaskRunner pid=3466873)[0m for details.
[36m(TaskRunner pid=3466873)[0m 
[36m(TaskRunner pid=3466873)[0m This has been deprecated since SymPy version 1.7. It
[36m(TaskRunner pid=3466873)[0m will be removed in a future version of SymPy.
[36m(TaskRunner pid=3466873)[0m 
[36m(TaskRunner pid=3466873)[0m   rv = rv.func(*newargs)
[36m(TaskRunner pid=3466873)[0m <string>:1: SymPyDeprecationWarning: 
[36m(TaskRunner pid=3466873)[0m 
[36m(TaskRunner pid=3466873)[0m Using non-Expr arguments in Pow is deprecated (in this case, one of the
[36m(TaskRunner pid=3466873)[0m arguments is of type 'FiniteSet').
[36m(TaskRunner pid=3466873)[0m 
[36m(TaskRunner pid=3466873)[0m If you really did intend to construct a power with this base, use the **
[36m(TaskRunner pid=3466873)[0m operator instead.
[36m(TaskRunner pid=3466873)[0m 
[36m(TaskRunner pid=3466873)[0m See https://docs.sympy.org/latest/explanation/active-deprecations.html#non-expr-args-deprecated
[36m(TaskRunner pid=3466873)[0m for details.
[36m(TaskRunner pid=3466873)[0m 
[36m(TaskRunner pid=3466873)[0m This has been deprecated since SymPy version 1.7. It
[36m(TaskRunner pid=3466873)[0m will be removed in a future version of SymPy.
[36m(TaskRunner pid=3466873)[0m 
[36m(TaskRunner pid=3466873)[0m WARNING:2026-08-02 00:00:40,087:Timeout during comparison
[36m(TaskRunner pid=3466873)[0m WARNING:2026-08-02 00:01:30,324:Timeout during comparison
[36m(TaskRunner pid=3466873)[0m WARNING:2026-08-02 00:01:34,387:Timeout during comparison
[36m(TaskRunner pid=3466873)[0m Training Progress:  40%|████      | 8/20 [08:35<13:03, 65.28s/it]

[36m(TaskRunner pid=3466873)[0m [Shutdown] 5 subprocess(es) terminated.
[36m(TaskRunner pid=3466873)[0m [Shutdown] 4 subprocess(es) terminated.
[36m(TaskRunner pid=3466873)[0m [Shutdown] 53 subprocess(es) terminated.
[36m(TaskRunner pid=3466873)[0m step:8 - chunk_state_source/selected_original_acc_mean:0.938 - chunk_state_source/prompt_original_pass:0.875 - chunk_state_source/prompt_original_mean:0.313 - chunk_state_source/selected_majority_consistent_mean:1.000 - chunk_state_source/prompt_majority_ratio_mean:0.352 - chunk_state_source/prompt_majority_pass:1.000 - chunk_state_source_chunk/enabled:1.000 - chunk_state_source_chunk/injected_ratio:1.000 - chunk_state_source_chunk/mean_len:128.000 - chunk_state_source_chunk/candidate_index:0.000 - chunk_state_support_anchor/enabled:1.000 - chunk_state_support_anchor/count:3.000 - chunk_state_support_anchor/candidate_start:5.000 - chunk_state_support_anchor/min_mass:0.031 - chunk_state_support_anchor/prefix_compat_enable:0.000 - chunk_state_support_anchor/prefix_compat_tokens:128.000 - chunk_state_support_anchor/min_prefix_match:0.750 - chunk_state_support_anchor/skip_source:1.000 - chunk_state_support_anchor/injected_ratio:1.000 - chunk_state_support_anchor/state_keep_ratio:1.000 - chunk_state_support_anchor/skipped_no_anchor_ratio:0.000 - chunk_state_support_anchor/skipped_by_compat_ratio:0.000 - chunk_state_support_anchor/skipped_source_ratio:0.031 - chunk_state_support_anchor/score_mean:0.123 - chunk_state_support_anchor/positive_candidate_ratio:0.375 - chunk_state_support_anchor/prefix_match_mean:1.000 - chunk_state_support_anchor/prefix_match_min:1.000 - chunk_state_support_anchor/anchor_mass_mean:0.327 - chunk_state_support_anchor/anchor_mass_max:0.931 - chunk_state_support_anchor/anchor_len_mean:108.354 - chunk_state_support_anchor/selected_rank_mean:1.000 - chunk_state_future_support_gain/group_size:32.000 - chunk_state_future_support_gain/min_mass:0.031 - chunk_state_future_support_gain/max_mass_coef:0.250 - chunk_state_future_support_gain/score_type_slack_gain:0.000 - chunk_state_future_support_gain/score_type_positive_gain:0.000 - chunk_state_future_support_gain/score_type_relative_positive_gain:0.000 - chunk_state_future_support_gain/score_type_tv_positive_gain:0.000 - chunk_state_future_support_gain/score_type_relative_tv_positive_gain:0.000 - chunk_state_future_support_gain/score_type_transport_affinity:0.000 - chunk_state_future_support_gain/score_type_transport_positive_gain:0.000 - chunk_state_future_support_gain/score_type_transport_support_gain:0.000 - chunk_state_future_support_gain/score_type_smoothed_transport_affinity:0.000 - chunk_state_future_support_gain/score_type_smoothed_transport_positive_gain:0.000 - chunk_state_future_support_gain/score_type_smoothed_transport_support_gain:1.000 - chunk_state_future_support_gain/gain_slack:0.125 - chunk_state_future_support_gain/baseline_scale:1.000 - chunk_state_future_support_gain/source_prior_weight:1.000 - chunk_state_future_support_gain/prior_smoothing:4.000 - chunk_state_future_support_gain/min_positive_margin:0.000 - chunk_state_future_support_gain/min_state_coverage:0.125 - chunk_state_future_support_gain/max_state_oov:0.875 - chunk_state_future_support_gain/min_state_mean_mass:0.015 - chunk_state_future_support_gain/min_state_max_mass:0.031 - chunk_state_future_support_gain/min_state_top_margin:0.001 - chunk_state_future_support_gain/min_candidate_coverage:0.000 - chunk_state_future_support_gain/min_candidate_mean_mass:0.000 - chunk_state_future_support_gain/source_mass_mean:0.597 - chunk_state_future_support_gain/prompt_top_mass_mean:0.597 - chunk_state_future_support_gain/support_coverage_mean:0.469 - chunk_state_future_support_gain/candidate_coverage_mean:0.469 - chunk_state_future_support_gain/candidate_quality_keep_ratio:1.000 - chunk_state_future_support_gain/mean_mass_mean:0.244 - chunk_state_future_support_gain/max_mass_mean:0.528 - chunk_state_future_support_gain/raw_gain_mean:-0.258 - chunk_state_future_support_gain/source_tv_mean:0.403 - chunk_state_future_support_gain/candidate_tv_mean:0.606 - chunk_state_future_support_gain/source_oov_tv_mean:0.403 - chunk_state_future_support_gain/candidate_oov_tv_mean:0.669 - chunk_state_future_support_gain/transport_affinity_mean:0.331 - chunk_state_future_support_gain/smoothed_candidate_oov_tv_mean:0.334 - chunk_state_future_support_gain/smoothed_transport_affinity_mean:0.666 - chunk_state_future_support_gain/tv_gain_mean:-0.203 - chunk_state_future_support_gain/transport_gain_mean:-0.266 - chunk_state_future_support_gain/smoothed_transport_gain_mean:0.068 - chunk_state_future_support_gain/score_mean_before_candidate_filter:0.090 - chunk_state_future_support_gain/score_mean:0.090 - chunk_state_future_support_gain/label_consistent_ratio_before_candidate_filter:0.609 - chunk_state_future_support_gain/label_consistent_ratio:0.609 - chunk_state_future_support_gain/improved_state_ratio:0.812 - chunk_state_future_support_gain/positive_margin_mean:0.151 - chunk_state_future_support_gain/state_oov_mean:0.531 - chunk_state_future_support_gain/state_mean_mass_mean:0.244 - chunk_state_future_support_gain/state_max_mass_mean:0.528 - chunk_state_future_support_gain/state_top_margin_mean:0.006 - chunk_state_future_support_gain/learnable_state_keep_ratio:0.125 - chunk_state_future_support_gain/state_keep_ratio:0.125 - chunk_state_probe/raw_positive_ratio:0.090 - chunk_state_score/mode_majority_completion:0.000 - chunk_state_score/mode_answer_consensus:0.000 - chunk_state_score/mode_answer_distribution:0.000 - chunk_state_score/mode_answer_value_gain:0.000 - chunk_state_score/mode_answer_value_margin:0.000 - chunk_state_score/mode_answer_support_mass:0.000 - chunk_state_score/mode_future_support_gain:1.000 - chunk_state_score/mode_support_anchor:0.000 - chunk_state_score/mode_support_flow:0.000 - chunk_state_score/mode_answer_source_consistency:0.000 - chunk_state_probe/samples:4.000 - chunk_state_diag/boundary_mean:704.000 - chunk_state_diag/boundary_min:0.000 - chunk_state_diag/boundary_max:1024.000 - chunk_state_diag/boundary_zero_ratio:0.062 - chunk_state_diag/skipped_short_sources:0.000 - chunk_state_diag/skipped_support_sources:21.000 - chunk_state_diag/majority_consistent_fallbacks:8.000 - chunk_state_diag/real_state_count:11.000 - chunk_state_diag/pad_state_count:5.000 - chunk_state_diag/loss_weight_mean:0.688 - chunk_state_diag/source_response_len_mean:1605.500 - chunk_state_diag/probe_score_std:0.087 - chunk_state_diag/state_probe_mean_max:0.223 - chunk_state_diag/state_probe_mean_min:0.000 - chunk_state_diag/state_all_positive_ratio:0.188 - chunk_state_diag/state_all_negative_ratio:0.188 - chunk_state_diag/state_mixed_ratio:0.625 - chunk_state_diag/source_majority_consistent_mean:1.000 - chunk_state_diag/source_prompt_majority_ratio_mean:0.512 - chunk_state_diag/source_answer_mass_mean:0.597 - chunk_state_diag/source_answer_mass_min:0.407 - chunk_state_diag/source_prompt_top_mass_mean:0.597 - chunk_state_diag/source_prompt_top_mass_min:0.407 - chunk_state_diag/source_pseudo_acc_mean:1.000 - chunk_state_diag/source_original_acc_mean:0.938 - chunk_state_diag/prompt_pseudo_mean:0.518 - chunk_state_diag/prompt_original_mean:0.494 - chunk_state_diag/prompt_original_pass:0.938 - chunk_state_diag/probe_mean_source_original_correct:0.086 - chunk_state_diag/probe_mean_source_original_wrong:0.155 - chunk_state_diag/source_original_correct_ratio:0.938 - chunk_state_diag/jsonl_rows:16.000 - chunk_state/num_states:16.000 - chunk_state/real_states:11.000 - chunk_state/pad_states:5.000 - chunk_state/num_candidates:128.000 - chunk_state/num_actor_samples:8.000 - chunk_state/loss_weight_mean:1.000 - chunk_state/base_loss_weight_mean:0.688 - chunk_state/zeroed_state_ratio:0.938 - chunk_state/confidence_gate_ratio:0.875 - chunk_state/confidence_weight_mean:1.000 - chunk_state/future_support_keep_ratio:0.125 - chunk_state/majority_ratio_mean:0.597 - chunk_state/answer_coverage_mean:0.469 - chunk_state/positive_ratio:0.090 - chunk_state/label_consistent_only:0.000 - chunk_state/zero_inconsistent_candidates:0.000 - chunk_state/prune_zero_weight_samples:1.000 - chunk_state/prune_padded_to_shards:0.000 - chunk_state/pruned_sample_ratio:0.938 - chunk_state/label_consistent_ratio:0.609 - chunk_state/informative_ratio:0.812 - chunk_state/kept_state_ratio:0.125 - chunk_state/target_entropy:1.823 - chunk_state/target_prior_mean:1.000 - chunk_state/target_prior_max:1.000 - chunk_state/weight_max:0.326 - chunk_state/weight_min:0.009 - chunk_state/powerflow_weight_clip:4.000 - chunk_state/powerflow_weight_clip_renorm:1.000 - chunk_state/powerflow_weight_before_clip_max:2.336 - chunk_state/powerflow_weight_before_clip_mean:1.000 - chunk_state/powerflow_weight_mean:1.000 - chunk_state/powerflow_weight_max:2.336 - chunk_state/powerflow_weight_min:0.199 - chunk_state/boxed_reward_mean:0.223 - chunk_state/boxed_reward_weighted_mean:0.280 - chunk_state/actor_batch_powerflow_weight_nonzero_ratio:1.000 - chunk_state/actor_batch_powerflow_weight_shard0_mean:2.336 - chunk_state/actor_batch_powerflow_weight_shard0_nonzero_ratio:1.000 - chunk_state/actor_batch_powerflow_weight_shard_mean_low:0.199 - chunk_state/actor_batch_powerflow_weight_shard_mean_high:2.336 - chunk_state/actor_batch_powerflow_weight_zero_shard_ratio:0.000 - chunk_state_actor_span/mode_chunk:1.000 - chunk_state_actor_span/response_len_mean:116.797 - chunk_state_actor_span/truncated_ratio:0.000 - actor/pg_loss:0.397 - actor/powerflow_loss:0.397 - actor/log_prob:-0.056 - actor/old_log_prob:0.000 - actor/ref_log_prob:-0.056 - actor/ref_log_prob/std:0.000 - actor/boxed_reward/mean:0.389 - actor/boxed_reward/min:0.389 - actor/boxed_reward/max:0.389 - actor/powerflow_weight/mean:2.336 - actor/powerflow_weight/min:2.336 - actor/powerflow_weight/max:2.336 - actor/powerflow_weight/nonzero_ratio:1.000 - actor/powerflow_local_batch_size:1.000 - actor/log_z:-1.703 - actor/importance_weight:0.800 - actor/powerflow_chunk_loss_target_only:0.000 - actor/ppo_kl:0.056 - actor/ref_kl:0.000 - actor/beta_coef:4.000 - actor/cispo_mask_ratio:0.086 - actor/cispo_dropped_tokens:11.000 - actor/condition_1_count:0.000 - actor/condition_2_count:11.000 - actor/pg_clipfrac:0.000 - actor/pg_clipfrac_lower:0.000 - actor/grad_norm:1.934 - perf/mfu/actor:0.000 - perf/max_memory_allocated_gb:166.224 - perf/max_memory_reserved_gb:176.209 - perf/cpu_memory_used_gb:790.621 - actor/lr:0.000 - timing_s/generate_sequences:17.573 - timing_s/reshard:0.587 - timing_s/gen:31.966 - timing_s/chunk_state_make_states:0.011 - timing_s/chunk_state_chunks/generate_sequences:0.540 - timing_s/chunk_state_chunks/reshard:0.401 - timing_s/chunk_state_chunks:0.989 - timing_s/chunk_state_probe/generate_sequences:6.970 - timing_s/chunk_state_probe/reshard:0.379 - timing_s/chunk_state_probe:7.759 - timing_s/chunk_state_score:9.374 - timing_s/chunk_state_build_actor_batch:0.007 - timing_s/chunk_state_ref:0.146 - timing_s/update_actor:0.588 - timing_per_token_ms/gen:0.033 - timing_per_token_ms/update_actor:0.001[36m(TaskRunner pid=3466873)[0m <string>:1: SymPyDeprecationWarning: 
[36m(TaskRunner pid=3466873)[0m 
[36m(TaskRunner pid=3466873)[0m Using non-Expr arguments in Pow is deprecated (in this case, one of the
[36m(TaskRunner pid=3466873)[0m arguments is of type 'FiniteSet').
[36m(TaskRunner pid=3466873)[0m 
[36m(TaskRunner pid=3466873)[0m If you really did intend to construct a power with this base, use the **
[36m(TaskRunner pid=3466873)[0m operator instead.
[36m(TaskRunner pid=3466873)[0m 
[36m(TaskRunner pid=3466873)[0m See https://docs.sympy.org/latest/explanation/active-deprecations.html#non-expr-args-deprecated
[36m(TaskRunner pid=3466873)[0m for details.
[36m(TaskRunner pid=3466873)[0m 
[36m(TaskRunner pid=3466873)[0m This has been deprecated since SymPy version 1.7. It
[36m(TaskRunner pid=3466873)[0m will be removed in a future version of SymPy.
[36m(TaskRunner pid=3466873)[0m 
[36m(TaskRunner pid=3466873)[0m <string>:1: SymPyDeprecationWarning: 
[36m(TaskRunner pid=3466873)[0m 
[36m(TaskRunner pid=3466873)[0m Using non-Expr arguments in Pow is deprecated (in this case, one of the
[36m(TaskRunner pid=3466873)[0m arguments is of type 'FiniteSet').
[36m(TaskRunner pid=3466873)[0m 
[36m(TaskRunner pid=3466873)[0m If you really did intend to construct a power with this base, use the **
[36m(TaskRunner pid=3466873)[0m operator instead.
[36m(TaskRunner pid=3466873)[0m 
[36m(TaskRunner pid=3466873)[0m See https://docs.sympy.org/latest/explanation/active-deprecations.html#non-expr-args-deprecated
[36m(TaskRunner pid=3466873)[0m for details.
[36m(TaskRunner pid=3466873)[0m 
[36m(TaskRunner pid=3466873)[0m This has been deprecated since SymPy version 1.7. It
[36m(TaskRunner pid=3466873)[0m will be removed in a future version of SymPy.
[36m(TaskRunner pid=3466873)[0m 
[36m(TaskRunner pid=3466873)[0m <string>:1: SymPyDeprecationWarning: 
[36m(TaskRunner pid=3466873)[0m 
[36m(TaskRunner pid=3466873)[0m Using non-Expr arguments in Mul is deprecated (in this case, one of
[36m(TaskRunner pid=3466873)[0m the arguments has type 'Tuple').
[36m(TaskRunner pid=3466873)[0m 
[36m(TaskRunner pid=3466873)[0m If you really did intend to use a multiplication or addition operation with
[36m(TaskRunner pid=3466873)[0m this object, use the * or + operator instead.
[36m(TaskRunner pid=3466873)[0m 
[36m(TaskRunner pid=3466873)[0m See https://docs.sympy.org/latest/explanation/active-deprecations.html#non-expr-args-deprecated
[36m(TaskRunner pid=3466873)[0m for details.
[36m(TaskRunner pid=3466873)[0m 
[36m(TaskRunner pid=3466873)[0m This has been deprecated since SymPy version 1.7. It
[36m(TaskRunner pid=3466873)[0m will be removed in a future version of SymPy.
[36m(TaskRunner pid=3466873)[0m 
[36m(TaskRunner pid=3466873)[0m /mlx_devbox/users/quyanyi/playground/.venvs/ttrl_b200/lib/python3.11/site-packages/sympy/simplify/radsimp.py:1138: SymPyDeprecationWarning: 
[36m(TaskRunner pid=3466873)[0m 
[36m(TaskRunner pid=3466873)[0m Using non-Expr arguments in Mul is deprecated (in this case, one of
[36m(TaskRunner pid=3466873)[0m the arguments has type 'Tuple').
[36m(TaskRunner pid=3466873)[0m 
[36m(TaskRunner pid=3466873)[0m If you really did intend to use a multiplication or addition operation with
[36m(TaskRunner pid=3466873)[0m this object, use the * or + operator instead.
[36m(TaskRunner pid=3466873)[0m 
[36m(TaskRunner pid=3466873)[0m See https://docs.sympy.org/latest/explanation/active-deprecations.html#non-expr-args-deprecated
[36m(TaskRunner pid=3466873)[0m for details.
[36m(TaskRunner pid=3466873)[0m 
[36m(TaskRunner pid=3466873)[0m This has been deprecated since SymPy version 1.7. It
[36m(TaskRunner pid=3466873)[0m will be removed in a future version of SymPy.
[36m(TaskRunner pid=3466873)[0m 
[36m(TaskRunner pid=3466873)[0m   return Mul(*numer, evaluate=not exact), Mul(*denom, evaluate=not exact)
[36m(TaskRunner pid=3466873)[0m <string>:1: SymPyDeprecationWarning: 
[36m(TaskRunner pid=3466873)[0m 
[36m(TaskRunner pid=3466873)[0m Using non-Expr arguments in Pow is deprecated (in this case, one of the
[36m(TaskRunner pid=3466873)[0m arguments is of type 'FiniteSet').
[36m(TaskRunner pid=3466873)[0m 
[36m(TaskRunner pid=3466873)[0m If you really did intend to construct a power with this base, use the **
[36m(TaskRunner pid=3466873)[0m operator instead.
[36m(TaskRunner pid=3466873)[0m 
[36m(TaskRunner pid=3466873)[0m See https://docs.sympy.org/latest/explanation/active-deprecations.html#non-expr-args-deprecated
[36m(TaskRunner pid=3466873)[0m for details.
[36m(TaskRunner pid=3466873)[0m 
[36m(TaskRunner pid=3466873)[0m This has been deprecated since SymPy version 1.7. It
[36m(TaskRunner pid=3466873)[0m will be removed in a future version of SymPy.
[36m(TaskRunner pid=3466873)[0m 
[36m(TaskRunner pid=3466873)[0m <string>:1: SymPyDeprecationWarning: 
[36m(TaskRunner pid=3466873)[0m 
[36m(TaskRunner pid=3466873)[0m Using non-Expr arguments in Pow is deprecated (in this case, one of the
[36m(TaskRunner pid=3466873)[0m arguments is of type 'FiniteSet').
[36m(TaskRunner pid=3466873)[0m 
[36m(TaskRunner pid=3466873)[0m If you really did intend to construct a power with this base, use the **
[36m(TaskRunner pid=3466873)[0m operator instead.
[36m(TaskRunner pid=3466873)[0m 
[36m(TaskRunner pid=3466873)[0m See https://docs.sympy.org/latest/explanation/active-deprecations.html#non-expr-args-deprecated
[36m(TaskRunner pid=3466873)[0m for details.
[36m(TaskRunner pid=3466873)[0m 
[36m(TaskRunner pid=3466873)[0m This has been deprecated since SymPy version 1.7. It
[36m(TaskRunner pid=3466873)[0m will be removed in a future version of SymPy.
[36m(TaskRunner pid=3466873)[0m 
[36m(TaskRunner pid=3466873)[0m <string>:1: SymPyDeprecationWarning: 
[36m(TaskRunner pid=3466873)[0m 
[36m(TaskRunner pid=3466873)[0m Using non-Expr arguments in Pow is deprecated (in this case, one of the
[36m(TaskRunner pid=3466873)[0m arguments is of type 'FiniteSet').
[36m(TaskRunner pid=3466873)[0m 
[36m(TaskRunner pid=3466873)[0m If you really did intend to construct a power with this base, use the **
[36m(TaskRunner pid=3466873)[0m operator instead.
[36m(TaskRunner pid=3466873)[0m 
[36m(TaskRunner pid=3466873)[0m See https://docs.sympy.org/latest/explanation/active-deprecations.html#non-expr-args-deprecated
[36m(TaskRunner pid=3466873)[0m for details.
[36m(TaskRunner pid=3466873)[0m 
[36m(TaskRunner pid=3466873)[0m This has been deprecated since SymPy version 1.7. It
[36m(TaskRunner pid=3466873)[0m will be removed in a future version of SymPy.
[36m(TaskRunner pid=3466873)[0m 
[36m(TaskRunner pid=3466873)[0m <string>:1: SymPyDeprecationWarning: 
[36m(TaskRunner pid=3466873)[0m 
[36m(TaskRunner pid=3466873)[0m Using non-Expr arguments in Pow is deprecated (in this case, one of the
[36m(TaskRunner pid=3466873)[0m arguments is of type 'FiniteSet').
[36m(TaskRunner pid=3466873)[0m 
[36m(TaskRunner pid=3466873)[0m If you really did intend to construct a power with this base, use the **
[36m(TaskRunner pid=3466873)[0m operator instead.
[36m(TaskRunner pid=3466873)[0m 
[36m(TaskRunner pid=3466873)[0m See https://docs.sympy.org/latest/explanation/active-deprecations.html#non-expr-args-deprecated
[36m(TaskRunner pid=3466873)[0m for details.
[36m(TaskRunner pid=3466873)[0m 
[36m(TaskRunner pid=3466873)[0m This has been deprecated since SymPy version 1.7. It
[36m(TaskRunner pid=3466873)[0m will be removed in a future version of SymPy.
[36m(TaskRunner pid=3466873)[0m 
[36m(TaskRunner pid=3466873)[0m <string>:1: SymPyDeprecationWarning: 
[36m(TaskRunner pid=3466873)[0m 
[36m(TaskRunner pid=3466873)[0m Using non-Expr arguments in Pow is deprecated (in this case, one of the
[36m(TaskRunner pid=3466873)[0m arguments is of type 'FiniteSet').
[36m(TaskRunner pid=3466873)[0m 
[36m(TaskRunner pid=3466873)[0m If you really did intend to construct a power with this base, use the **
[36m(TaskRunner pid=3466873)[0m operator instead.
[36m(TaskRunner pid=3466873)[0m 
[36m(TaskRunner pid=3466873)[0m See https://docs.sympy.org/latest/explanation/active-deprecations.html#non-expr-args-deprecated
[36m(TaskRunner pid=3466873)[0m for details.
[36m(TaskRunner pid=3466873)[0m 
[36m(TaskRunner pid=3466873)[0m This has been deprecated since SymPy version 1.7. It
[36m(TaskRunner pid=3466873)[0m will be removed in a future version of SymPy.
[36m(TaskRunner pid=3466873)[0m 
[36m(TaskRunner pid=3466873)[0m <string>:1: SymPyDeprecationWarning: 
[36m(TaskRunner pid=3466873)[0m 
[36m(TaskRunner pid=3466873)[0m Using non-Expr arguments in Pow is deprecated (in this case, one of the
[36m(TaskRunner pid=3466873)[0m arguments is of type 'FiniteSet').
[36m(TaskRunner pid=3466873)[0m 
[36m(TaskRunner pid=3466873)[0m If you really did intend to construct a power with this base, use the **
[36m(TaskRunner pid=3466873)[0m operator instead.
[36m(TaskRunner pid=3466873)[0m 
[36m(TaskRunner pid=3466873)[0m See https://docs.sympy.org/latest/explanation/active-deprecations.html#non-expr-args-deprecated
[36m(TaskRunner pid=3466873)[0m for details.
[36m(TaskRunner pid=3466873)[0m 
[36m(TaskRunner pid=3466873)[0m This has been deprecated since SymPy version 1.7. It
[36m(TaskRunner pid=3466873)[0m will be removed in a future version of SymPy.
[36m(TaskRunner pid=3466873)[0m 
[36m(TaskRunner pid=3466873)[0m <string>:1: SymPyDeprecationWarning: 
[36m(TaskRunner pid=3466873)[0m 
[36m(TaskRunner pid=3466873)[0m Using non-Expr arguments in Pow is deprecated (in this case, one of the
[36m(TaskRunner pid=3466873)[0m arguments is of type 'FiniteSet').
[36m(TaskRunner pid=3466873)[0m 
[36m(TaskRunner pid=3466873)[0m If you really did intend to construct a power with this base, use the **
[36m(TaskRunner pid=3466873)[0m operator instead.
[36m(TaskRunner pid=3466873)[0m 
[36m(TaskRunner pid=3466873)[0m See https://docs.sympy.org/latest/explanation/active-deprecations.html#non-expr-args-deprecated
[36m(TaskRunner pid=3466873)[0m for details.
[36m(TaskRunner pid=3466873)[0m 
[36m(TaskRunner pid=3466873)[0m This has been deprecated since SymPy version 1.7. It
[36m(TaskRunner pid=3466873)[0m will be removed in a future version of SymPy.
[36m(TaskRunner pid=3466873)[0m 
[36m(TaskRunner pid=3466873)[0m Training Progress:  45%|████▌     | 9/20 [09:38<11:51, 64.67s/it]

[36m(TaskRunner pid=3466873)[0m [Shutdown] 8 subprocess(es) terminated.
[36m(TaskRunner pid=3466873)[0m [Shutdown] 59 subprocess(es) terminated.
[36m(TaskRunner pid=3466873)[0m [Shutdown] 4 subprocess(es) terminated.
[36m(TaskRunner pid=3466873)[0m step:9 - chunk_state_source/selected_original_acc_mean:1.000 - chunk_state_source/prompt_original_pass:0.906 - chunk_state_source/prompt_original_mean:0.324 - chunk_state_source/selected_majority_consistent_mean:1.000 - chunk_state_source/prompt_majority_ratio_mean:0.335 - chunk_state_source/prompt_majority_pass:1.000 - chunk_state_source_chunk/enabled:1.000 - chunk_state_source_chunk/injected_ratio:1.000 - chunk_state_source_chunk/mean_len:128.000 - chunk_state_source_chunk/candidate_index:0.000 - chunk_state_support_anchor/enabled:1.000 - chunk_state_support_anchor/count:3.000 - chunk_state_support_anchor/candidate_start:5.000 - chunk_state_support_anchor/min_mass:0.031 - chunk_state_support_anchor/prefix_compat_enable:0.000 - chunk_state_support_anchor/prefix_compat_tokens:128.000 - chunk_state_support_anchor/min_prefix_match:0.750 - chunk_state_support_anchor/skip_source:1.000 - chunk_state_support_anchor/injected_ratio:0.958 - chunk_state_support_anchor/state_keep_ratio:1.000 - chunk_state_support_anchor/skipped_no_anchor_ratio:0.000 - chunk_state_support_anchor/skipped_by_compat_ratio:0.000 - chunk_state_support_anchor/skipped_source_ratio:0.031 - chunk_state_support_anchor/score_mean:0.136 - chunk_state_support_anchor/positive_candidate_ratio:0.359 - chunk_state_support_anchor/prefix_match_mean:1.000 - chunk_state_support_anchor/prefix_match_min:1.000 - chunk_state_support_anchor/anchor_mass_mean:0.378 - chunk_state_support_anchor/anchor_mass_max:0.833 - chunk_state_support_anchor/anchor_len_mean:107.891 - chunk_state_support_anchor/selected_rank_mean:0.978 - chunk_state_future_support_gain/group_size:32.000 - chunk_state_future_support_gain/min_mass:0.031 - chunk_state_future_support_gain/max_mass_coef:0.250 - chunk_state_future_support_gain/score_type_slack_gain:0.000 - chunk_state_future_support_gain/score_type_positive_gain:0.000 - chunk_state_future_support_gain/score_type_relative_positive_gain:0.000 - chunk_state_future_support_gain/score_type_tv_positive_gain:0.000 - chunk_state_future_support_gain/score_type_relative_tv_positive_gain:0.000 - chunk_state_future_support_gain/score_type_transport_affinity:0.000 - chunk_state_future_support_gain/score_type_transport_positive_gain:0.000 - chunk_state_future_support_gain/score_type_transport_support_gain:0.000 - chunk_state_future_support_gain/score_type_smoothed_transport_affinity:0.000 - chunk_state_future_support_gain/score_type_smoothed_transport_positive_gain:0.000 - chunk_state_future_support_gain/score_type_smoothed_transport_support_gain:1.000 - chunk_state_future_support_gain/gain_slack:0.125 - chunk_state_future_support_gain/baseline_scale:1.000 - chunk_state_future_support_gain/source_prior_weight:1.000 - chunk_state_future_support_gain/prior_smoothing:4.000 - chunk_state_future_support_gain/min_positive_margin:0.000 - chunk_state_future_support_gain/min_state_coverage:0.125 - chunk_state_future_support_gain/max_state_oov:0.875 - chunk_state_future_support_gain/min_state_mean_mass:0.015 - chunk_state_future_support_gain/min_state_max_mass:0.031 - chunk_state_future_support_gain/min_state_top_margin:0.001 - chunk_state_future_support_gain/min_candidate_coverage:0.000 - chunk_state_future_support_gain/min_candidate_mean_mass:0.000 - chunk_state_future_support_gain/source_mass_mean:0.671 - chunk_state_future_support_gain/prompt_top_mass_mean:0.671 - chunk_state_future_support_gain/support_coverage_mean:0.484 - chunk_state_future_support_gain/candidate_coverage_mean:0.484 - chunk_state_future_support_gain/candidate_quality_keep_ratio:1.000 - chunk_state_future_support_gain/mean_mass_mean:0.324 - chunk_state_future_support_gain/max_mass_mean:0.626 - chunk_state_future_support_gain/raw_gain_mean:-0.233 - chunk_state_future_support_gain/source_tv_mean:0.329 - chunk_state_future_support_gain/candidate_tv_mean:0.591 - chunk_state_future_support_gain/source_oov_tv_mean:0.329 - chunk_state_future_support_gain/candidate_oov_tv_mean:0.622 - chunk_state_future_support_gain/transport_affinity_mean:0.378 - chunk_state_future_support_gain/smoothed_candidate_oov_tv_mean:0.311 - chunk_state_future_support_gain/smoothed_transport_affinity_mean:0.689 - chunk_state_future_support_gain/tv_gain_mean:-0.262 - chunk_state_future_support_gain/transport_gain_mean:-0.293 - chunk_state_future_support_gain/smoothed_transport_gain_mean:0.018 - chunk_state_future_support_gain/score_mean_before_candidate_filter:0.063 - chunk_state_future_support_gain/score_mean:0.063 - chunk_state_future_support_gain/label_consistent_ratio_before_candidate_filter:0.680 - chunk_state_future_support_gain/label_consistent_ratio:0.680 - chunk_state_future_support_gain/improved_state_ratio:0.875 - chunk_state_future_support_gain/positive_margin_mean:0.114 - chunk_state_future_support_gain/state_oov_mean:0.516 - chunk_state_future_support_gain/state_mean_mass_mean:0.324 - chunk_state_future_support_gain/state_max_mass_mean:0.626 - chunk_state_future_support_gain/state_top_margin_mean:0.025 - chunk_state_future_support_gain/learnable_state_keep_ratio:0.250 - chunk_state_future_support_gain/state_keep_ratio:0.250 - chunk_state_probe/raw_positive_ratio:0.063 - chunk_state_score/mode_majority_completion:0.000 - chunk_state_score/mode_answer_consensus:0.000 - chunk_state_score/mode_answer_distribution:0.000 - chunk_state_score/mode_answer_value_gain:0.000 - chunk_state_score/mode_answer_value_margin:0.000 - chunk_state_score/mode_answer_support_mass:0.000 - chunk_state_score/mode_future_support_gain:1.000 - chunk_state_score/mode_support_anchor:0.000 - chunk_state_score/mode_support_flow:0.000 - chunk_state_score/mode_answer_source_consistency:0.000 - chunk_state_probe/samples:4.000 - chunk_state_diag/boundary_mean:656.000 - chunk_state_diag/boundary_min:512.000 - chunk_state_diag/boundary_max:1024.000 - chunk_state_diag/boundary_zero_ratio:0.000 - chunk_state_diag/skipped_short_sources:0.000 - chunk_state_diag/skipped_support_sources:20.000 - chunk_state_diag/majority_consistent_fallbacks:5.000 - chunk_state_diag/real_state_count:12.000 - chunk_state_diag/pad_state_count:4.000 - chunk_state_diag/loss_weight_mean:0.750 - chunk_state_diag/source_response_len_mean:1395.438 - chunk_state_diag/probe_score_std:0.072 - chunk_state_diag/state_probe_mean_max:0.196 - chunk_state_diag/state_probe_mean_min:0.000 - chunk_state_diag/state_all_positive_ratio:0.375 - chunk_state_diag/state_all_negative_ratio:0.125 - chunk_state_diag/state_mixed_ratio:0.500 - chunk_state_diag/source_majority_consistent_mean:1.000 - chunk_state_diag/source_prompt_majority_ratio_mean:0.611 - chunk_state_diag/source_answer_mass_mean:0.671 - chunk_state_diag/source_answer_mass_min:0.400 - chunk_state_diag/source_prompt_top_mass_mean:0.671 - chunk_state_diag/source_prompt_top_mass_min:0.400 - chunk_state_diag/source_pseudo_acc_mean:0.938 - chunk_state_diag/source_original_acc_mean:1.000 - chunk_state_diag/prompt_pseudo_mean:0.592 - chunk_state_diag/prompt_original_mean:0.617 - chunk_state_diag/prompt_original_pass:1.000 - chunk_state_diag/probe_mean_source_original_correct:0.063 - chunk_state_diag/probe_mean_source_original_wrong:0.000 - chunk_state_diag/source_original_correct_ratio:1.000 - chunk_state_diag/jsonl_rows:16.000 - chunk_state/num_states:16.000 - chunk_state/real_states:12.000 - chunk_state/pad_states:4.000 - chunk_state/num_candidates:128.000 - chunk_state/num_actor_samples:32.000 - chunk_state/loss_weight_mean:1.000 - chunk_state/base_loss_weight_mean:0.750 - chunk_state/zeroed_state_ratio:0.750 - chunk_state/confidence_gate_ratio:0.812 - chunk_state/confidence_weight_mean:1.000 - chunk_state/future_support_keep_ratio:0.250 - chunk_state/majority_ratio_mean:0.671 - chunk_state/answer_coverage_mean:0.484 - chunk_state/positive_ratio:0.063 - chunk_state/label_consistent_only:0.000 - chunk_state/zero_inconsistent_candidates:0.000 - chunk_state/prune_zero_weight_samples:1.000 - chunk_state/prune_padded_to_shards:0.000 - chunk_state/pruned_sample_ratio:0.750 - chunk_state/label_consistent_ratio:0.680 - chunk_state/informative_ratio:0.875 - chunk_state/kept_state_ratio:0.250 - chunk_state/target_entropy:1.881 - chunk_state/target_prior_mean:1.000 - chunk_state/target_prior_max:1.000 - chunk_state/weight_max:0.479 - chunk_state/weight_min:0.013 - chunk_state/powerflow_weight_clip:4.000 - chunk_state/powerflow_weight_clip_renorm:1.000 - chunk_state/powerflow_weight_before_clip_max:3.835 - chunk_state/powerflow_weight_before_clip_mean:1.000 - chunk_state/powerflow_weight_mean:1.000 - chunk_state/powerflow_weight_max:3.835 - chunk_state/powerflow_weight_min:0.104 - chunk_state/boxed_reward_mean:0.106 - chunk_state/boxed_reward_weighted_mean:0.142 - chunk_state/actor_batch_powerflow_weight_nonzero_ratio:1.000 - chunk_state/actor_batch_powerflow_weight_shard0_mean:1.524 - chunk_state/actor_batch_powerflow_weight_shard0_nonzero_ratio:1.000 - chunk_state/actor_batch_powerflow_weight_shard_mean_low:0.632 - chunk_state/actor_batch_powerflow_weight_shard_mean_high:1.524 - chunk_state/actor_batch_powerflow_weight_zero_shard_ratio:0.000 - chunk_state_actor_span/mode_chunk:1.000 - chunk_state_actor_span/response_len_mean:118.680 - chunk_state_actor_span/truncated_ratio:0.000 - actor/pg_loss:0.508 - actor/powerflow_loss:0.508 - actor/log_prob:-0.522 - actor/old_log_prob:0.000 - actor/ref_log_prob:-0.520 - actor/ref_log_prob/std:0.000 - actor/boxed_reward/mean:0.086 - actor/boxed_reward/min:0.000 - actor/boxed_reward/max:0.210 - actor/powerflow_weight/mean:1.524 - actor/powerflow_weight/min:0.453 - actor/powerflow_weight/max:3.835 - actor/powerflow_weight/nonzero_ratio:1.000 - actor/powerflow_local_batch_size:1.000 - actor/log_z:-1.123 - actor/importance_weight:0.800 - actor/powerflow_chunk_loss_target_only:0.000 - actor/ppo_kl:0.522 - actor/ref_kl:0.002 - actor/beta_coef:4.000 - actor/cispo_mask_ratio:0.260 - actor/cispo_dropped_tokens:33.250 - actor/condition_1_count:0.000 - actor/condition_2_count:33.250 - actor/pg_clipfrac:0.000 - actor/pg_clipfrac_lower:0.000 - actor/grad_norm:15.433 - perf/mfu/actor:0.000 - perf/max_memory_allocated_gb:166.224 - perf/max_memory_reserved_gb:176.209 - perf/cpu_memory_used_gb:790.659 - actor/lr:0.000 - timing_s/generate_sequences:18.104 - timing_s/reshard:0.650 - timing_s/gen:32.921 - timing_s/chunk_state_make_states:0.019 - timing_s/chunk_state_chunks/generate_sequences:0.539 - timing_s/chunk_state_chunks/reshard:0.359 - timing_s/chunk_state_chunks:0.948 - timing_s/chunk_state_probe/generate_sequences:7.015 - timing_s/chunk_state_probe/reshard:0.350 - timing_s/chunk_state_probe:8.159 - timing_s/chunk_state_score:9.267 - timing_s/chunk_state_build_actor_batch:0.008 - timing_s/chunk_state_ref:0.496 - timing_s/update_actor:1.425 - timing_per_token_ms/gen:0.031 - timing_per_token_ms/update_actor:0.001[36m(TaskRunner pid=3466873)[0m <string>:1: SymPyDeprecationWarning: 
[36m(TaskRunner pid=3466873)[0m 
[36m(TaskRunner pid=3466873)[0m Using non-Expr arguments in Pow is deprecated (in this case, one of the
[36m(TaskRunner pid=3466873)[0m arguments is of type 'FiniteSet').
[36m(TaskRunner pid=3466873)[0m 
[36m(TaskRunner pid=3466873)[0m If you really did intend to construct a power with this base, use the **
[36m(TaskRunner pid=3466873)[0m operator instead.
[36m(TaskRunner pid=3466873)[0m 
[36m(TaskRunner pid=3466873)[0m See https://docs.sympy.org/latest/explanation/active-deprecations.html#non-expr-args-deprecated
[36m(TaskRunner pid=3466873)[0m for details.
[36m(TaskRunner pid=3466873)[0m 
[36m(TaskRunner pid=3466873)[0m This has been deprecated since SymPy version 1.7. It
[36m(TaskRunner pid=3466873)[0m will be removed in a future version of SymPy.
[36m(TaskRunner pid=3466873)[0m 
[36m(TaskRunner pid=3466873)[0m <string>:1: SymPyDeprecationWarning: 
[36m(TaskRunner pid=3466873)[0m 
[36m(TaskRunner pid=3466873)[0m Using non-Expr arguments in Pow is deprecated (in this case, one of the
[36m(TaskRunner pid=3466873)[0m arguments is of type 'FiniteSet').
[36m(TaskRunner pid=3466873)[0m 
[36m(TaskRunner pid=3466873)[0m If you really did intend to construct a power with this base, use the **
[36m(TaskRunner pid=3466873)[0m operator instead.
[36m(TaskRunner pid=3466873)[0m 
[36m(TaskRunner pid=3466873)[0m See https://docs.sympy.org/latest/explanation/active-deprecations.html#non-expr-args-deprecated
[36m(TaskRunner pid=3466873)[0m for details.
[36m(TaskRunner pid=3466873)[0m 
[36m(TaskRunner pid=3466873)[0m This has been deprecated since SymPy version 1.7. It
[36m(TaskRunner pid=3466873)[0m will be removed in a future version of SymPy.
[36m(TaskRunner pid=3466873)[0m 
[36m(TaskRunner pid=3466873)[0m <string>:1: SymPyDeprecationWarning: 
[36m(TaskRunner pid=3466873)[0m 
[36m(TaskRunner pid=3466873)[0m Using non-Expr arguments in Pow is deprecated (in this case, one of the
[36m(TaskRunner pid=3466873)[0m arguments is of type 'FiniteSet').
[36m(TaskRunner pid=3466873)[0m 
[36m(TaskRunner pid=3466873)[0m If you really did intend to construct a power with this base, use the **
[36m(TaskRunner pid=3466873)[0m operator instead.
[36m(TaskRunner pid=3466873)[0m 
[36m(TaskRunner pid=3466873)[0m See https://docs.sympy.org/latest/explanation/active-deprecations.html#non-expr-args-deprecated
[36m(TaskRunner pid=3466873)[0m for details.
[36m(TaskRunner pid=3466873)[0m 
[36m(TaskRunner pid=3466873)[0m This has been deprecated since SymPy version 1.7. It
[36m(TaskRunner pid=3466873)[0m will be removed in a future version of SymPy.
[36m(TaskRunner pid=3466873)[0m 
[36m(TaskRunner pid=3466873)[0m <string>:1: SymPyDeprecationWarning: 
[36m(TaskRunner pid=3466873)[0m 
[36m(TaskRunner pid=3466873)[0m Using non-Expr arguments in Pow is deprecated (in this case, one of the
[36m(TaskRunner pid=3466873)[0m arguments is of type 'FiniteSet').
[36m(TaskRunner pid=3466873)[0m 
[36m(TaskRunner pid=3466873)[0m If you really did intend to construct a power with this base, use the **
[36m(TaskRunner pid=3466873)[0m operator instead.
[36m(TaskRunner pid=3466873)[0m 
[36m(TaskRunner pid=3466873)[0m See https://docs.sympy.org/latest/explanation/active-deprecations.html#non-expr-args-deprecated
[36m(TaskRunner pid=3466873)[0m for details.
[36m(TaskRunner pid=3466873)[0m 
[36m(TaskRunner pid=3466873)[0m This has been deprecated since SymPy version 1.7. It
[36m(TaskRunner pid=3466873)[0m will be removed in a future version of SymPy.
[36m(TaskRunner pid=3466873)[0m 
[36m(TaskRunner pid=3466873)[0m <string>:1: SymPyDeprecationWarning: 
[36m(TaskRunner pid=3466873)[0m 
[36m(TaskRunner pid=3466873)[0m Using non-Expr arguments in Pow is deprecated (in this case, one of the
[36m(TaskRunner pid=3466873)[0m arguments is of type 'FiniteSet').
[36m(TaskRunner pid=3466873)[0m 
[36m(TaskRunner pid=3466873)[0m If you really did intend to construct a power with this base, use the **
[36m(TaskRunner pid=3466873)[0m operator instead.
[36m(TaskRunner pid=3466873)[0m 
[36m(TaskRunner pid=3466873)[0m See https://docs.sympy.org/latest/explanation/active-deprecations.html#non-expr-args-deprecated
[36m(TaskRunner pid=3466873)[0m for details.
[36m(TaskRunner pid=3466873)[0m 
[36m(TaskRunner pid=3466873)[0m This has been deprecated since SymPy version 1.7. It
[36m(TaskRunner pid=3466873)[0m will be removed in a future version of SymPy.
[36m(TaskRunner pid=3466873)[0m 
[36m(TaskRunner pid=3466873)[0m <string>:1: SymPyDeprecationWarning: 
[36m(TaskRunner pid=3466873)[0m 
[36m(TaskRunner pid=3466873)[0m Using non-Expr arguments in Pow is deprecated (in this case, one of the
[36m(TaskRunner pid=3466873)[0m arguments is of type 'FiniteSet').
[36m(TaskRunner pid=3466873)[0m 
[36m(TaskRunner pid=3466873)[0m If you really did intend to construct a power with this base, use the **
[36m(TaskRunner pid=3466873)[0m operator instead.
[36m(TaskRunner pid=3466873)[0m 
[36m(TaskRunner pid=3466873)[0m See https://docs.sympy.org/latest/explanation/active-deprecations.html#non-expr-args-deprecated
[36m(TaskRunner pid=3466873)[0m for details.
[36m(TaskRunner pid=3466873)[0m 
[36m(TaskRunner pid=3466873)[0m This has been deprecated since SymPy version 1.7. It
[36m(TaskRunner pid=3466873)[0m will be removed in a future version of SymPy.
[36m(TaskRunner pid=3466873)[0m 
[36m(TaskRunner pid=3466873)[0m <string>:1: SymPyDeprecationWarning: 
[36m(TaskRunner pid=3466873)[0m 
[36m(TaskRunner pid=3466873)[0m Using non-Expr arguments in Pow is deprecated (in this case, one of the
[36m(TaskRunner pid=3466873)[0m arguments is of type 'FiniteSet').
[36m(TaskRunner pid=3466873)[0m 
[36m(TaskRunner pid=3466873)[0m If you really did intend to construct a power with this base, use the **
[36m(TaskRunner pid=3466873)[0m operator instead.
[36m(TaskRunner pid=3466873)[0m 
[36m(TaskRunner pid=3466873)[0m See https://docs.sympy.org/latest/explanation/active-deprecations.html#non-expr-args-deprecated
[36m(TaskRunner pid=3466873)[0m for details.
[36m(TaskRunner pid=3466873)[0m 
[36m(TaskRunner pid=3466873)[0m This has been deprecated since SymPy version 1.7. It
[36m(TaskRunner pid=3466873)[0m will be removed in a future version of SymPy.
[36m(TaskRunner pid=3466873)[0m 
[36m(TaskRunner pid=3466873)[0m <string>:1: SymPyDeprecationWarning: 
[36m(TaskRunner pid=3466873)[0m 
[36m(TaskRunner pid=3466873)[0m Using non-Expr arguments in Pow is deprecated (in this case, one of the
[36m(TaskRunner pid=3466873)[0m arguments is of type 'FiniteSet').
[36m(TaskRunner pid=3466873)[0m 
[36m(TaskRunner pid=3466873)[0m If you really did intend to construct a power with this base, use the **
[36m(TaskRunner pid=3466873)[0m operator instead.
[36m(TaskRunner pid=3466873)[0m 
[36m(TaskRunner pid=3466873)[0m See https://docs.sympy.org/latest/explanation/active-deprecations.html#non-expr-args-deprecated
[36m(TaskRunner pid=3466873)[0m for details.
[36m(TaskRunner pid=3466873)[0m 
[36m(TaskRunner pid=3466873)[0m This has been deprecated since SymPy version 1.7. It
[36m(TaskRunner pid=3466873)[0m will be removed in a future version of SymPy.
[36m(TaskRunner pid=3466873)[0m 
[36m(TaskRunner pid=3466873)[0m <string>:1: SymPyDeprecationWarning: 
[36m(TaskRunner pid=3466873)[0m 
[36m(TaskRunner pid=3466873)[0m Using non-Expr arguments in Pow is deprecated (in this case, one of the
[36m(TaskRunner pid=3466873)[0m arguments is of type 'FiniteSet').
[36m(TaskRunner pid=3466873)[0m 
[36m(TaskRunner pid=3466873)[0m If you really did intend to construct a power with this base, use the **
[36m(TaskRunner pid=3466873)[0m operator instead.
[36m(TaskRunner pid=3466873)[0m 
[36m(TaskRunner pid=3466873)[0m See https://docs.sympy.org/latest/explanation/active-deprecations.html#non-expr-args-deprecated
[36m(TaskRunner pid=3466873)[0m for details.
[36m(TaskRunner pid=3466873)[0m 
[36m(TaskRunner pid=3466873)[0m This has been deprecated since SymPy version 1.7. It
[36m(TaskRunner pid=3466873)[0m will be removed in a future version of SymPy.
[36m(TaskRunner pid=3466873)[0m 
[36m(TaskRunner pid=3466873)[0m <string>:1: SymPyDeprecationWarning: 
[36m(TaskRunner pid=3466873)[0m 
[36m(TaskRunner pid=3466873)[0m Using non-Expr arguments in Pow is deprecated (in this case, one of the
[36m(TaskRunner pid=3466873)[0m arguments is of type 'FiniteSet').
[36m(TaskRunner pid=3466873)[0m 
[36m(TaskRunner pid=3466873)[0m If you really did intend to construct a power with this base, use the **
[36m(TaskRunner pid=3466873)[0m operator instead.
[36m(TaskRunner pid=3466873)[0m 
[36m(TaskRunner pid=3466873)[0m See https://docs.sympy.org/latest/explanation/active-deprecations.html#non-expr-args-deprecated
[36m(TaskRunner pid=3466873)[0m for details.
[36m(TaskRunner pid=3466873)[0m 
[36m(TaskRunner pid=3466873)[0m This has been deprecated since SymPy version 1.7. It
[36m(TaskRunner pid=3466873)[0m will be removed in a future version of SymPy.
[36m(TaskRunner pid=3466873)[0m 
[36m(TaskRunner pid=3466873)[0m <string>:1: SymPyDeprecationWarning: 
[36m(TaskRunner pid=3466873)[0m 
[36m(TaskRunner pid=3466873)[0m Using non-Expr arguments in Pow is deprecated (in this case, one of the
[36m(TaskRunner pid=3466873)[0m arguments is of type 'FiniteSet').
[36m(TaskRunner pid=3466873)[0m 
[36m(TaskRunner pid=3466873)[0m If you really did intend to construct a power with this base, use the **
[36m(TaskRunner pid=3466873)[0m operator instead.
[36m(TaskRunner pid=3466873)[0m 
[36m(TaskRunner pid=3466873)[0m See https://docs.sympy.org/latest/explanation/active-deprecations.html#non-expr-args-deprecated
[36m(TaskRunner pid=3466873)[0m for details.
[36m(TaskRunner pid=3466873)[0m 
[36m(TaskRunner pid=3466873)[0m This has been deprecated since SymPy version 1.7. It
[36m(TaskRunner pid=3466873)[0m will be removed in a future version of SymPy.
[36m(TaskRunner pid=3466873)[0m 
[36m(TaskRunner pid=3466873)[0m <string>:1: SymPyDeprecationWarning: 
[36m(TaskRunner pid=3466873)[0m 
[36m(TaskRunner pid=3466873)[0m Using non-Expr arguments in Pow is deprecated (in this case, one of the
[36m(TaskRunner pid=3466873)[0m arguments is of type 'FiniteSet').
[36m(TaskRunner pid=3466873)[0m 
[36m(TaskRunner pid=3466873)[0m If you really did intend to construct a power with this base, use the **
[36m(TaskRunner pid=3466873)[0m operator instead.
[36m(TaskRunner pid=3466873)[0m 
[36m(TaskRunner pid=3466873)[0m See https://docs.sympy.org/latest/explanation/active-deprecations.html#non-expr-args-deprecated
[36m(TaskRunner pid=3466873)[0m for details.
[36m(TaskRunner pid=3466873)[0m 
[36m(TaskRunner pid=3466873)[0m This has been deprecated since SymPy version 1.7. It
[36m(TaskRunner pid=3466873)[0m will be removed in a future version of SymPy.
[36m(TaskRunner pid=3466873)[0m 
[36m(TaskRunner pid=3466873)[0m <string>:1: SymPyDeprecationWarning: 
[36m(TaskRunner pid=3466873)[0m 
[36m(TaskRunner pid=3466873)[0m Using non-Expr arguments in Pow is deprecated (in this case, one of the
[36m(TaskRunner pid=3466873)[0m arguments is of type 'FiniteSet').
[36m(TaskRunner pid=3466873)[0m 
[36m(TaskRunner pid=3466873)[0m If you really did intend to construct a power with this base, use the **
[36m(TaskRunner pid=3466873)[0m operator instead.
[36m(TaskRunner pid=3466873)[0m 
[36m(TaskRunner pid=3466873)[0m See https://docs.sympy.org/latest/explanation/active-deprecations.html#non-expr-args-deprecated
[36m(TaskRunner pid=3466873)[0m for details.
[36m(TaskRunner pid=3466873)[0m 
[36m(TaskRunner pid=3466873)[0m This has been deprecated since SymPy version 1.7. It
[36m(TaskRunner pid=3466873)[0m will be removed in a future version of SymPy.
[36m(TaskRunner pid=3466873)[0m 
[36m(TaskRunner pid=3466873)[0m <string>:1: SymPyDeprecationWarning: 
[36m(TaskRunner pid=3466873)[0m 
[36m(TaskRunner pid=3466873)[0m Using non-Expr arguments in Pow is deprecated (in this case, one of the
[36m(TaskRunner pid=3466873)[0m arguments is of type 'FiniteSet').
[36m(TaskRunner pid=3466873)[0m 
[36m(TaskRunner pid=3466873)[0m If you really did intend to construct a power with this base, use the **
[36m(TaskRunner pid=3466873)[0m operator instead.
[36m(TaskRunner pid=3466873)[0m 
[36m(TaskRunner pid=3466873)[0m See https://docs.sympy.org/latest/explanation/active-deprecations.html#non-expr-args-deprecated
[36m(TaskRunner pid=3466873)[0m for details.
[36m(TaskRunner pid=3466873)[0m 
[36m(TaskRunner pid=3466873)[0m This has been deprecated since SymPy version 1.7. It
[36m(TaskRunner pid=3466873)[0m will be removed in a future version of SymPy.
[36m(TaskRunner pid=3466873)[0m 
[36m(TaskRunner pid=3466873)[0m <string>:1: SymPyDeprecationWarning: 
[36m(TaskRunner pid=3466873)[0m 
[36m(TaskRunner pid=3466873)[0m Using non-Expr arguments in Pow is deprecated (in this case, one of the
[36m(TaskRunner pid=3466873)[0m arguments is of type 'FiniteSet').
[36m(TaskRunner pid=3466873)[0m 
[36m(TaskRunner pid=3466873)[0m If you really did intend to construct a power with this base, use the **
[36m(TaskRunner pid=3466873)[0m operator instead.
[36m(TaskRunner pid=3466873)[0m 
[36m(TaskRunner pid=3466873)[0m See https://docs.sympy.org/latest/explanation/active-deprecations.html#non-expr-args-deprecated
[36m(TaskRunner pid=3466873)[0m for details.
[36m(TaskRunner pid=3466873)[0m 
[36m(TaskRunner pid=3466873)[0m This has been deprecated since SymPy version 1.7. It
[36m(TaskRunner pid=3466873)[0m will be removed in a future version of SymPy.
[36m(TaskRunner pid=3466873)[0m 
[36m(TaskRunner pid=3466873)[0m <string>:1: SymPyDeprecationWarning: 
[36m(TaskRunner pid=3466873)[0m 
[36m(TaskRunner pid=3466873)[0m Using non-Expr arguments in Pow is deprecated (in this case, one of the
[36m(TaskRunner pid=3466873)[0m arguments is of type 'FiniteSet').
[36m(TaskRunner pid=3466873)[0m 
[36m(TaskRunner pid=3466873)[0m If you really did intend to construct a power with this base, use the **
[36m(TaskRunner pid=3466873)[0m operator instead.
[36m(TaskRunner pid=3466873)[0m 
[36m(TaskRunner pid=3466873)[0m See https://docs.sympy.org/latest/explanation/active-deprecations.html#non-expr-args-deprecated
[36m(TaskRunner pid=3466873)[0m for details.
[36m(TaskRunner pid=3466873)[0m 
[36m(TaskRunner pid=3466873)[0m This has been deprecated since SymPy version 1.7. It
[36m(TaskRunner pid=3466873)[0m will be removed in a future version of SymPy.
[36m(TaskRunner pid=3466873)[0m 
[36m(TaskRunner pid=3466873)[0m <string>:1: SymPyDeprecationWarning: 
[36m(TaskRunner pid=3466873)[0m 
[36m(TaskRunner pid=3466873)[0m Using non-Expr arguments in Pow is deprecated (in this case, one of the
[36m(TaskRunner pid=3466873)[0m arguments is of type 'FiniteSet').
[36m(TaskRunner pid=3466873)[0m 
[36m(TaskRunner pid=3466873)[0m If you really did intend to construct a power with this base, use the **
[36m(TaskRunner pid=3466873)[0m operator instead.
[36m(TaskRunner pid=3466873)[0m 
[36m(TaskRunner pid=3466873)[0m See https://docs.sympy.org/latest/explanation/active-deprecations.html#non-expr-args-deprecated
[36m(TaskRunner pid=3466873)[0m for details.
[36m(TaskRunner pid=3466873)[0m 
[36m(TaskRunner pid=3466873)[0m This has been deprecated since SymPy version 1.7. It
[36m(TaskRunner pid=3466873)[0m will be removed in a future version of SymPy.
[36m(TaskRunner pid=3466873)[0m 
[36m(TaskRunner pid=3466873)[0m <string>:1: SymPyDeprecationWarning: 
[36m(TaskRunner pid=3466873)[0m 
[36m(TaskRunner pid=3466873)[0m Using non-Expr arguments in Pow is deprecated (in this case, one of the
[36m(TaskRunner pid=3466873)[0m arguments is of type 'FiniteSet').
[36m(TaskRunner pid=3466873)[0m 
[36m(TaskRunner pid=3466873)[0m If you really did intend to construct a power with this base, use the **
[36m(TaskRunner pid=3466873)[0m operator instead.
[36m(TaskRunner pid=3466873)[0m 
[36m(TaskRunner pid=3466873)[0m See https://docs.sympy.org/latest/explanation/active-deprecations.html#non-expr-args-deprecated
[36m(TaskRunner pid=3466873)[0m for details.
[36m(TaskRunner pid=3466873)[0m 
[36m(TaskRunner pid=3466873)[0m This has been deprecated since SymPy version 1.7. It
[36m(TaskRunner pid=3466873)[0m will be removed in a future version of SymPy.
[36m(TaskRunner pid=3466873)[0m 
[36m(TaskRunner pid=3466873)[0m Training Progress:  50%|█████     | 10/20 [10:31<10:09, 60.97s/it]

[36m(TaskRunner pid=3466873)[0m [Shutdown] 6 subprocess(es) terminated.
[36m(TaskRunner pid=3466873)[0m [Shutdown] 5 subprocess(es) terminated.
[36m(TaskRunner pid=3466873)[0m [Shutdown] 6 subprocess(es) terminated.
[36m(TaskRunner pid=3466873)[0m step:10 - chunk_state_source/selected_original_acc_mean:0.938 - chunk_state_source/prompt_original_pass:0.875 - chunk_state_source/prompt_original_mean:0.300 - chunk_state_source/selected_majority_consistent_mean:1.000 - chunk_state_source/prompt_majority_ratio_mean:0.335 - chunk_state_source/prompt_majority_pass:1.000 - chunk_state_source_chunk/enabled:1.000 - chunk_state_source_chunk/injected_ratio:1.000 - chunk_state_source_chunk/mean_len:128.000 - chunk_state_source_chunk/candidate_index:0.000 - chunk_state_support_anchor/enabled:1.000 - chunk_state_support_anchor/count:3.000 - chunk_state_support_anchor/candidate_start:5.000 - chunk_state_support_anchor/min_mass:0.031 - chunk_state_support_anchor/prefix_compat_enable:0.000 - chunk_state_support_anchor/prefix_compat_tokens:128.000 - chunk_state_support_anchor/min_prefix_match:0.750 - chunk_state_support_anchor/skip_source:1.000 - chunk_state_support_anchor/injected_ratio:0.958 - chunk_state_support_anchor/state_keep_ratio:1.000 - chunk_state_support_anchor/skipped_no_anchor_ratio:0.000 - chunk_state_support_anchor/skipped_by_compat_ratio:0.000 - chunk_state_support_anchor/skipped_source_ratio:0.031 - chunk_state_support_anchor/score_mean:0.059 - chunk_state_support_anchor/positive_candidate_ratio:0.359 - chunk_state_support_anchor/prefix_match_mean:1.000 - chunk_state_support_anchor/prefix_match_min:1.000 - chunk_state_support_anchor/anchor_mass_mean:0.165 - chunk_state_support_anchor/anchor_mass_max:0.710 - chunk_state_support_anchor/anchor_len_mean:122.935 - chunk_state_support_anchor/selected_rank_mean:0.978 - chunk_state_future_support_gain/group_size:32.000 - chunk_state_future_support_gain/min_mass:0.031 - chunk_state_future_support_gain/max_mass_coef:0.250 - chunk_state_future_support_gain/score_type_slack_gain:0.000 - chunk_state_future_support_gain/score_type_positive_gain:0.000 - chunk_state_future_support_gain/score_type_relative_positive_gain:0.000 - chunk_state_future_support_gain/score_type_tv_positive_gain:0.000 - chunk_state_future_support_gain/score_type_relative_tv_positive_gain:0.000 - chunk_state_future_support_gain/score_type_transport_affinity:0.000 - chunk_state_future_support_gain/score_type_transport_positive_gain:0.000 - chunk_state_future_support_gain/score_type_transport_support_gain:0.000 - chunk_state_future_support_gain/score_type_smoothed_transport_affinity:0.000 - chunk_state_future_support_gain/score_type_smoothed_transport_positive_gain:0.000 - chunk_state_future_support_gain/score_type_smoothed_transport_support_gain:1.000 - chunk_state_future_support_gain/gain_slack:0.125 - chunk_state_future_support_gain/baseline_scale:1.000 - chunk_state_future_support_gain/source_prior_weight:1.000 - chunk_state_future_support_gain/prior_smoothing:4.000 - chunk_state_future_support_gain/min_positive_margin:0.000 - chunk_state_future_support_gain/min_state_coverage:0.125 - chunk_state_future_support_gain/max_state_oov:0.875 - chunk_state_future_support_gain/min_state_mean_mass:0.015 - chunk_state_future_support_gain/min_state_max_mass:0.031 - chunk_state_future_support_gain/min_state_top_margin:0.001 - chunk_state_future_support_gain/min_candidate_coverage:0.000 - chunk_state_future_support_gain/min_candidate_mean_mass:0.000 - chunk_state_future_support_gain/source_mass_mean:0.529 - chunk_state_future_support_gain/prompt_top_mass_mean:0.529 - chunk_state_future_support_gain/support_coverage_mean:0.414 - chunk_state_future_support_gain/candidate_coverage_mean:0.414 - chunk_state_future_support_gain/candidate_quality_keep_ratio:1.000 - chunk_state_future_support_gain/mean_mass_mean:0.183 - chunk_state_future_support_gain/max_mass_mean:0.414 - chunk_state_future_support_gain/raw_gain_mean:-0.275 - chunk_state_future_support_gain/source_tv_mean:0.471 - chunk_state_future_support_gain/candidate_tv_mean:0.722 - chunk_state_future_support_gain/source_oov_tv_mean:0.471 - chunk_state_future_support_gain/candidate_oov_tv_mean:0.751 - chunk_state_future_support_gain/transport_affinity_mean:0.249 - chunk_state_future_support_gain/smoothed_candidate_oov_tv_mean:0.375 - chunk_state_future_support_gain/smoothed_transport_affinity_mean:0.625 - chunk_state_future_support_gain/tv_gain_mean:-0.251 - chunk_state_future_support_gain/transport_gain_mean:-0.279 - chunk_state_future_support_gain/smoothed_transport_gain_mean:0.096 - chunk_state_future_support_gain/score_mean_before_candidate_filter:0.094 - chunk_state_future_support_gain/score_mean:0.094 - chunk_state_future_support_gain/label_consistent_ratio_before_candidate_filter:0.672 - chunk_state_future_support_gain/label_consistent_ratio:0.672 - chunk_state_future_support_gain/improved_state_ratio:0.812 - chunk_state_future_support_gain/positive_margin_mean:0.147 - chunk_state_future_support_gain/state_oov_mean:0.586 - chunk_state_future_support_gain/state_mean_mass_mean:0.183 - chunk_state_future_support_gain/state_max_mass_mean:0.414 - chunk_state_future_support_gain/state_top_margin_mean:0.014 - chunk_state_future_support_gain/learnable_state_keep_ratio:0.188 - chunk_state_future_support_gain/state_keep_ratio:0.188 - chunk_state_probe/raw_positive_ratio:0.094 - chunk_state_score/mode_majority_completion:0.000 - chunk_state_score/mode_answer_consensus:0.000 - chunk_state_score/mode_answer_distribution:0.000 - chunk_state_score/mode_answer_value_gain:0.000 - chunk_state_score/mode_answer_value_margin:0.000 - chunk_state_score/mode_answer_support_mass:0.000 - chunk_state_score/mode_future_support_gain:1.000 - chunk_state_score/mode_support_anchor:0.000 - chunk_state_score/mode_support_flow:0.000 - chunk_state_score/mode_answer_source_consistency:0.000 - chunk_state_probe/samples:4.000 - chunk_state_diag/boundary_mean:624.000 - chunk_state_diag/boundary_min:256.000 - chunk_state_diag/boundary_max:1024.000 - chunk_state_diag/boundary_zero_ratio:0.000 - chunk_state_diag/skipped_short_sources:0.000 - chunk_state_diag/skipped_support_sources:22.000 - chunk_state_diag/majority_consistent_fallbacks:7.000 - chunk_state_diag/real_state_count:10.000 - chunk_state_diag/pad_state_count:6.000 - chunk_state_diag/loss_weight_mean:0.625 - chunk_state_diag/source_response_len_mean:1627.250 - chunk_state_diag/probe_score_std:0.088 - chunk_state_diag/state_probe_mean_max:0.179 - chunk_state_diag/state_probe_mean_min:0.000 - chunk_state_diag/state_all_positive_ratio:0.500 - chunk_state_diag/state_all_negative_ratio:0.188 - chunk_state_diag/state_mixed_ratio:0.312 - chunk_state_diag/source_majority_consistent_mean:1.000 - chunk_state_diag/source_prompt_majority_ratio_mean:0.465 - chunk_state_diag/source_answer_mass_mean:0.529 - chunk_state_diag/source_answer_mass_min:0.414 - chunk_state_diag/source_prompt_top_mass_mean:0.529 - chunk_state_diag/source_prompt_top_mass_min:0.414 - chunk_state_diag/source_pseudo_acc_mean:1.000 - chunk_state_diag/source_original_acc_mean:0.938 - chunk_state_diag/prompt_pseudo_mean:0.480 - chunk_state_diag/prompt_original_mean:0.443 - chunk_state_diag/prompt_original_pass:0.938 - chunk_state_diag/probe_mean_source_original_correct:0.094 - chunk_state_diag/probe_mean_source_original_wrong:0.107 - chunk_state_diag/source_original_correct_ratio:0.938 - chunk_state_diag/jsonl_rows:16.000 - chunk_state/num_states:16.000 - chunk_state/real_states:10.000 - chunk_state/pad_states:6.000 - chunk_state/num_candidates:128.000 - chunk_state/num_actor_samples:16.000 - chunk_state/loss_weight_mean:1.000 - chunk_state/base_loss_weight_mean:0.625 - chunk_state/zeroed_state_ratio:0.875 - chunk_state/confidence_gate_ratio:0.875 - chunk_state/confidence_weight_mean:1.000 - chunk_state/future_support_keep_ratio:0.188 - chunk_state/majority_ratio_mean:0.529 - chunk_state/answer_coverage_mean:0.414 - chunk_state/positive_ratio:0.094 - chunk_state/label_consistent_only:0.000 - chunk_state/zero_inconsistent_candidates:0.000 - chunk_state/prune_zero_weight_samples:1.000 - chunk_state/prune_padded_to_shards:0.000 - chunk_state/pruned_sample_ratio:0.875 - chunk_state/label_consistent_ratio:0.672 - chunk_state/informative_ratio:0.812 - chunk_state/kept_state_ratio:0.188 - chunk_state/target_entropy:1.848 - chunk_state/target_prior_mean:1.000 - chunk_state/target_prior_max:1.000 - chunk_state/weight_max:0.661 - chunk_state/weight_min:0.010 - chunk_state/powerflow_weight_clip:4.000 - chunk_state/powerflow_weight_clip_renorm:1.000 - chunk_state/powerflow_weight_before_clip_max:5.288 - chunk_state/powerflow_weight_before_clip_mean:1.000 - chunk_state/powerflow_weight_mean:0.978 - chunk_state/powerflow_weight_max:4.000 - chunk_state/powerflow_weight_min:0.087 - chunk_state/boxed_reward_mean:0.078 - chunk_state/boxed_reward_weighted_mean:0.162 - chunk_state/actor_batch_powerflow_weight_nonzero_ratio:1.000 - chunk_state/actor_batch_powerflow_weight_shard0_mean:2.128 - chunk_state/actor_batch_powerflow_weight_shard0_nonzero_ratio:1.000 - chunk_state/actor_batch_powerflow_weight_shard_mean_low:0.282 - chunk_state/actor_batch_powerflow_weight_shard_mean_high:2.128 - chunk_state/actor_batch_powerflow_weight_zero_shard_ratio:0.000 - chunk_state_actor_span/mode_chunk:1.000 - chunk_state_actor_span/response_len_mean:123.477 - chunk_state_actor_span/truncated_ratio:0.000 - actor/pg_loss:0.280 - actor/powerflow_loss:0.280 - actor/log_prob:-0.606 - actor/old_log_prob:0.000 - actor/ref_log_prob:-0.603 - actor/ref_log_prob/std:0.000 - actor/boxed_reward/mean:0.122 - actor/boxed_reward/min:0.010 - actor/boxed_reward/max:0.234 - actor/powerflow_weight/mean:2.128 - actor/powerflow_weight/min:0.257 - actor/powerflow_weight/max:4.000 - actor/powerflow_weight/nonzero_ratio:1.000 - actor/powerflow_local_batch_size:1.000 - actor/log_z:-1.031 - actor/importance_weight:0.800 - actor/powerflow_chunk_loss_target_only:0.000 - actor/ppo_kl:0.606 - actor/ref_kl:0.003 - actor/beta_coef:4.000 - actor/cispo_mask_ratio:0.215 - actor/cispo_dropped_tokens:27.500 - actor/condition_1_count:0.000 - actor/condition_2_count:27.500 - actor/pg_clipfrac:0.000 - actor/pg_clipfrac_lower:0.000 - actor/grad_norm:6.405 - perf/mfu/actor:0.000 - perf/max_memory_allocated_gb:166.224 - perf/max_memory_reserved_gb:176.209 - perf/cpu_memory_used_gb:790.894 - actor/lr:0.000 - timing_s/generate_sequences:18.159 - timing_s/reshard:0.638 - timing_s/gen:23.216 - timing_s/chunk_state_make_states:0.018 - timing_s/chunk_state_chunks/generate_sequences:0.539 - timing_s/chunk_state_chunks/reshard:0.363 - timing_s/chunk_state_chunks:0.964 - timing_s/chunk_state_probe/generate_sequences:7.110 - timing_s/chunk_state_probe/reshard:0.378 - timing_s/chunk_state_probe:8.015 - timing_s/chunk_state_score:9.282 - timing_s/chunk_state_build_actor_batch:0.007 - timing_s/chunk_state_ref:0.251 - timing_s/update_actor:0.704 - timing_per_token_ms/gen:0.021 - timing_per_token_ms/update_actor:0.001[36m(TaskRunner pid=3466873)[0m Training Progress:  55%|█████▌    | 11/20 [11:23<08:43, 58.21s/it]

[36m(TaskRunner pid=3466873)[0m [Shutdown] 5 subprocess(es) terminated.
[36m(TaskRunner pid=3466873)[0m [Shutdown] 2 subprocess(es) terminated.
[36m(TaskRunner pid=3466873)[0m [Shutdown] 6 subprocess(es) terminated.
[36m(TaskRunner pid=3466873)[0m step:11 - chunk_state_source/selected_original_acc_mean:0.938 - chunk_state_source/prompt_original_pass:0.938 - chunk_state_source/prompt_original_mean:0.369 - chunk_state_source/selected_majority_consistent_mean:1.000 - chunk_state_source/prompt_majority_ratio_mean:0.383 - chunk_state_source/prompt_majority_pass:1.000 - chunk_state_source_chunk/enabled:1.000 - chunk_state_source_chunk/injected_ratio:1.000 - chunk_state_source_chunk/mean_len:128.000 - chunk_state_source_chunk/candidate_index:0.000 - chunk_state_support_anchor/enabled:1.000 - chunk_state_support_anchor/count:3.000 - chunk_state_support_anchor/candidate_start:5.000 - chunk_state_support_anchor/min_mass:0.031 - chunk_state_support_anchor/prefix_compat_enable:0.000 - chunk_state_support_anchor/prefix_compat_tokens:128.000 - chunk_state_support_anchor/min_prefix_match:0.750 - chunk_state_support_anchor/skip_source:1.000 - chunk_state_support_anchor/injected_ratio:1.000 - chunk_state_support_anchor/state_keep_ratio:1.000 - chunk_state_support_anchor/skipped_no_anchor_ratio:0.000 - chunk_state_support_anchor/skipped_by_compat_ratio:0.000 - chunk_state_support_anchor/skipped_source_ratio:0.031 - chunk_state_support_anchor/score_mean:0.117 - chunk_state_support_anchor/positive_candidate_ratio:0.375 - chunk_state_support_anchor/prefix_match_mean:1.000 - chunk_state_support_anchor/prefix_match_min:1.000 - chunk_state_support_anchor/anchor_mass_mean:0.312 - chunk_state_support_anchor/anchor_mass_max:0.808 - chunk_state_support_anchor/anchor_len_mean:110.312 - chunk_state_support_anchor/selected_rank_mean:1.000 - chunk_state_future_support_gain/group_size:32.000 - chunk_state_future_support_gain/min_mass:0.031 - chunk_state_future_support_gain/max_mass_coef:0.250 - chunk_state_future_support_gain/score_type_slack_gain:0.000 - chunk_state_future_support_gain/score_type_positive_gain:0.000 - chunk_state_future_support_gain/score_type_relative_positive_gain:0.000 - chunk_state_future_support_gain/score_type_tv_positive_gain:0.000 - chunk_state_future_support_gain/score_type_relative_tv_positive_gain:0.000 - chunk_state_future_support_gain/score_type_transport_affinity:0.000 - chunk_state_future_support_gain/score_type_transport_positive_gain:0.000 - chunk_state_future_support_gain/score_type_transport_support_gain:0.000 - chunk_state_future_support_gain/score_type_smoothed_transport_affinity:0.000 - chunk_state_future_support_gain/score_type_smoothed_transport_positive_gain:0.000 - chunk_state_future_support_gain/score_type_smoothed_transport_support_gain:1.000 - chunk_state_future_support_gain/gain_slack:0.125 - chunk_state_future_support_gain/baseline_scale:1.000 - chunk_state_future_support_gain/source_prior_weight:1.000 - chunk_state_future_support_gain/prior_smoothing:4.000 - chunk_state_future_support_gain/min_positive_margin:0.000 - chunk_state_future_support_gain/min_state_coverage:0.125 - chunk_state_future_support_gain/max_state_oov:0.875 - chunk_state_future_support_gain/min_state_mean_mass:0.015 - chunk_state_future_support_gain/min_state_max_mass:0.031 - chunk_state_future_support_gain/min_state_top_margin:0.001 - chunk_state_future_support_gain/min_candidate_coverage:0.000 - chunk_state_future_support_gain/min_candidate_mean_mass:0.000 - chunk_state_future_support_gain/source_mass_mean:0.598 - chunk_state_future_support_gain/prompt_top_mass_mean:0.598 - chunk_state_future_support_gain/support_coverage_mean:0.398 - chunk_state_future_support_gain/candidate_coverage_mean:0.398 - chunk_state_future_support_gain/candidate_quality_keep_ratio:1.000 - chunk_state_future_support_gain/mean_mass_mean:0.209 - chunk_state_future_support_gain/max_mass_mean:0.545 - chunk_state_future_support_gain/raw_gain_mean:-0.303 - chunk_state_future_support_gain/source_tv_mean:0.402 - chunk_state_future_support_gain/candidate_tv_mean:0.698 - chunk_state_future_support_gain/source_oov_tv_mean:0.402 - chunk_state_future_support_gain/candidate_oov_tv_mean:0.736 - chunk_state_future_support_gain/transport_affinity_mean:0.264 - chunk_state_future_support_gain/smoothed_candidate_oov_tv_mean:0.368 - chunk_state_future_support_gain/smoothed_transport_affinity_mean:0.632 - chunk_state_future_support_gain/tv_gain_mean:-0.296 - chunk_state_future_support_gain/transport_gain_mean:-0.333 - chunk_state_future_support_gain/smoothed_transport_gain_mean:0.035 - chunk_state_future_support_gain/score_mean_before_candidate_filter:0.062 - chunk_state_future_support_gain/score_mean:0.062 - chunk_state_future_support_gain/label_consistent_ratio_before_candidate_filter:0.625 - chunk_state_future_support_gain/label_consistent_ratio:0.625 - chunk_state_future_support_gain/improved_state_ratio:0.938 - chunk_state_future_support_gain/positive_margin_mean:0.118 - chunk_state_future_support_gain/state_oov_mean:0.602 - chunk_state_future_support_gain/state_mean_mass_mean:0.209 - chunk_state_future_support_gain/state_max_mass_mean:0.545 - chunk_state_future_support_gain/state_top_margin_mean:0.013 - chunk_state_future_support_gain/learnable_state_keep_ratio:0.250 - chunk_state_future_support_gain/state_keep_ratio:0.250 - chunk_state_probe/raw_positive_ratio:0.062 - chunk_state_score/mode_majority_completion:0.000 - chunk_state_score/mode_answer_consensus:0.000 - chunk_state_score/mode_answer_distribution:0.000 - chunk_state_score/mode_answer_value_gain:0.000 - chunk_state_score/mode_answer_value_margin:0.000 - chunk_state_score/mode_answer_support_mass:0.000 - chunk_state_score/mode_future_support_gain:1.000 - chunk_state_score/mode_support_anchor:0.000 - chunk_state_score/mode_support_flow:0.000 - chunk_state_score/mode_answer_source_consistency:0.000 - chunk_state_probe/samples:4.000 - chunk_state_diag/boundary_mean:608.000 - chunk_state_diag/boundary_min:256.000 - chunk_state_diag/boundary_max:1024.000 - chunk_state_diag/boundary_zero_ratio:0.000 - chunk_state_diag/skipped_short_sources:0.000 - chunk_state_diag/skipped_support_sources:20.000 - chunk_state_diag/majority_consistent_fallbacks:7.000 - chunk_state_diag/real_state_count:12.000 - chunk_state_diag/pad_state_count:4.000 - chunk_state_diag/loss_weight_mean:0.750 - chunk_state_diag/source_response_len_mean:1282.625 - chunk_state_diag/probe_score_std:0.072 - chunk_state_diag/state_probe_mean_max:0.157 - chunk_state_diag/state_probe_mean_min:0.000 - chunk_state_diag/state_all_positive_ratio:0.312 - chunk_state_diag/state_all_negative_ratio:0.062 - chunk_state_diag/state_mixed_ratio:0.625 - chunk_state_diag/source_majority_consistent_mean:1.000 - chunk_state_diag/source_prompt_majority_ratio_mean:0.521 - chunk_state_diag/source_answer_mass_mean:0.598 - chunk_state_diag/source_answer_mass_min:0.400 - chunk_state_diag/source_prompt_top_mass_mean:0.598 - chunk_state_diag/source_prompt_top_mass_min:0.400 - chunk_state_diag/source_pseudo_acc_mean:1.000 - chunk_state_diag/source_original_acc_mean:0.938 - chunk_state_diag/prompt_pseudo_mean:0.541 - chunk_state_diag/prompt_original_mean:0.514 - chunk_state_diag/prompt_original_pass:1.000 - chunk_state_diag/probe_mean_source_original_correct:0.064 - chunk_state_diag/probe_mean_source_original_wrong:0.039 - chunk_state_diag/source_original_correct_ratio:0.938 - chunk_state_diag/jsonl_rows:16.000 - chunk_state/num_states:16.000 - chunk_state/real_states:12.000 - chunk_state/pad_states:4.000 - chunk_state/num_candidates:128.000 - chunk_state/num_actor_samples:32.000 - chunk_state/loss_weight_mean:1.000 - chunk_state/base_loss_weight_mean:0.750 - chunk_state/zeroed_state_ratio:0.750 - chunk_state/confidence_gate_ratio:0.812 - chunk_state/confidence_weight_mean:1.000 - chunk_state/future_support_keep_ratio:0.250 - chunk_state/majority_ratio_mean:0.598 - chunk_state/answer_coverage_mean:0.398 - chunk_state/positive_ratio:0.062 - chunk_state/label_consistent_only:0.000 - chunk_state/zero_inconsistent_candidates:0.000 - chunk_state/prune_zero_weight_samples:1.000 - chunk_state/prune_padded_to_shards:0.000 - chunk_state/pruned_sample_ratio:0.750 - chunk_state/label_consistent_ratio:0.625 - chunk_state/informative_ratio:0.938 - chunk_state/kept_state_ratio:0.250 - chunk_state/target_entropy:1.799 - chunk_state/target_prior_mean:1.000 - chunk_state/target_prior_max:1.000 - chunk_state/weight_max:0.517 - chunk_state/weight_min:0.009 - chunk_state/powerflow_weight_clip:4.000 - chunk_state/powerflow_weight_clip_renorm:1.000 - chunk_state/powerflow_weight_before_clip_max:4.137 - chunk_state/powerflow_weight_before_clip_mean:1.000 - chunk_state/powerflow_weight_mean:0.999 - chunk_state/powerflow_weight_max:4.000 - chunk_state/powerflow_weight_min:0.224 - chunk_state/boxed_reward_mean:0.045 - chunk_state/boxed_reward_weighted_mean:0.086 - chunk_state/actor_batch_powerflow_weight_nonzero_ratio:1.000 - chunk_state/actor_batch_powerflow_weight_shard0_mean:1.561 - chunk_state/actor_batch_powerflow_weight_shard0_nonzero_ratio:1.000 - chunk_state/actor_batch_powerflow_weight_shard_mean_low:0.617 - chunk_state/actor_batch_powerflow_weight_shard_mean_high:1.561 - chunk_state/actor_batch_powerflow_weight_zero_shard_ratio:0.000 - chunk_state_actor_span/mode_chunk:1.000 - chunk_state_actor_span/response_len_mean:118.266 - chunk_state_actor_span/truncated_ratio:0.000 - actor/pg_loss:1.352 - actor/powerflow_loss:1.352 - actor/log_prob:-0.526 - actor/old_log_prob:0.000 - actor/ref_log_prob:-0.525 - actor/ref_log_prob/std:0.000 - actor/boxed_reward/mean:0.022 - actor/boxed_reward/min:0.000 - actor/boxed_reward/max:0.087 - actor/powerflow_weight/mean:1.561 - actor/powerflow_weight/min:0.389 - actor/powerflow_weight/max:4.000 - actor/powerflow_weight/nonzero_ratio:1.000 - actor/powerflow_local_batch_size:1.000 - actor/log_z:-1.087 - actor/importance_weight:0.800 - actor/powerflow_chunk_loss_target_only:0.000 - actor/ppo_kl:0.526 - actor/ref_kl:0.000 - actor/beta_coef:4.000 - actor/cispo_mask_ratio:0.223 - actor/cispo_dropped_tokens:28.500 - actor/condition_1_count:0.000 - actor/condition_2_count:28.500 - actor/pg_clipfrac:0.000 - actor/pg_clipfrac_lower:0.000 - actor/grad_norm:23.708 - perf/mfu/actor:0.000 - perf/max_memory_allocated_gb:166.224 - perf/max_memory_reserved_gb:176.209 - perf/cpu_memory_used_gb:790.352 - actor/lr:0.000 - timing_s/generate_sequences:17.866 - timing_s/reshard:0.604 - timing_s/gen:22.818 - timing_s/chunk_state_make_states:0.021 - timing_s/chunk_state_chunks/generate_sequences:0.539 - timing_s/chunk_state_chunks/reshard:0.401 - timing_s/chunk_state_chunks:0.987 - timing_s/chunk_state_probe/generate_sequences:6.927 - timing_s/chunk_state_probe/reshard:0.348 - timing_s/chunk_state_probe:8.081 - timing_s/chunk_state_score:7.835 - timing_s/chunk_state_build_actor_batch:0.007 - timing_s/chunk_state_ref:0.483 - timing_s/update_actor:1.264 - timing_per_token_ms/gen:0.022 - timing_per_token_ms/update_actor:0.001[36m(TaskRunner pid=3466873)[0m <string>:1: SymPyDeprecationWarning: 
[36m(TaskRunner pid=3466873)[0m 
[36m(TaskRunner pid=3466873)[0m Using non-Expr arguments in Pow is deprecated (in this case, one of the
[36m(TaskRunner pid=3466873)[0m arguments is of type 'FiniteSet').
[36m(TaskRunner pid=3466873)[0m 
[36m(TaskRunner pid=3466873)[0m If you really did intend to construct a power with this base, use the **
[36m(TaskRunner pid=3466873)[0m operator instead.
[36m(TaskRunner pid=3466873)[0m 
[36m(TaskRunner pid=3466873)[0m See https://docs.sympy.org/latest/explanation/active-deprecations.html#non-expr-args-deprecated
[36m(TaskRunner pid=3466873)[0m for details.
[36m(TaskRunner pid=3466873)[0m 
[36m(TaskRunner pid=3466873)[0m This has been deprecated since SymPy version 1.7. It
[36m(TaskRunner pid=3466873)[0m will be removed in a future version of SymPy.
[36m(TaskRunner pid=3466873)[0m 
[36m(TaskRunner pid=3466873)[0m <string>:1: SymPyDeprecationWarning: 
[36m(TaskRunner pid=3466873)[0m 
[36m(TaskRunner pid=3466873)[0m Using non-Expr arguments in Pow is deprecated (in this case, one of the
[36m(TaskRunner pid=3466873)[0m arguments is of type 'FiniteSet').
[36m(TaskRunner pid=3466873)[0m 
[36m(TaskRunner pid=3466873)[0m If you really did intend to construct a power with this base, use the **
[36m(TaskRunner pid=3466873)[0m operator instead.
[36m(TaskRunner pid=3466873)[0m 
[36m(TaskRunner pid=3466873)[0m See https://docs.sympy.org/latest/explanation/active-deprecations.html#non-expr-args-deprecated
[36m(TaskRunner pid=3466873)[0m for details.
[36m(TaskRunner pid=3466873)[0m 
[36m(TaskRunner pid=3466873)[0m This has been deprecated since SymPy version 1.7. It
[36m(TaskRunner pid=3466873)[0m will be removed in a future version of SymPy.
[36m(TaskRunner pid=3466873)[0m 
[36m(TaskRunner pid=3466873)[0m <string>:1: SymPyDeprecationWarning: 
[36m(TaskRunner pid=3466873)[0m 
[36m(TaskRunner pid=3466873)[0m Using non-Expr arguments in Pow is deprecated (in this case, one of the
[36m(TaskRunner pid=3466873)[0m arguments is of type 'FiniteSet').
[36m(TaskRunner pid=3466873)[0m 
[36m(TaskRunner pid=3466873)[0m If you really did intend to construct a power with this base, use the **
[36m(TaskRunner pid=3466873)[0m operator instead.
[36m(TaskRunner pid=3466873)[0m 
[36m(TaskRunner pid=3466873)[0m See https://docs.sympy.org/latest/explanation/active-deprecations.html#non-expr-args-deprecated
[36m(TaskRunner pid=3466873)[0m for details.
[36m(TaskRunner pid=3466873)[0m 
[36m(TaskRunner pid=3466873)[0m This has been deprecated since SymPy version 1.7. It
[36m(TaskRunner pid=3466873)[0m will be removed in a future version of SymPy.
[36m(TaskRunner pid=3466873)[0m 
[36m(TaskRunner pid=3466873)[0m <string>:1: SymPyDeprecationWarning: 
[36m(TaskRunner pid=3466873)[0m 
[36m(TaskRunner pid=3466873)[0m Using non-Expr arguments in Pow is deprecated (in this case, one of the
[36m(TaskRunner pid=3466873)[0m arguments is of type 'FiniteSet').
[36m(TaskRunner pid=3466873)[0m 
[36m(TaskRunner pid=3466873)[0m If you really did intend to construct a power with this base, use the **
[36m(TaskRunner pid=3466873)[0m operator instead.
[36m(TaskRunner pid=3466873)[0m 
[36m(TaskRunner pid=3466873)[0m See https://docs.sympy.org/latest/explanation/active-deprecations.html#non-expr-args-deprecated
[36m(TaskRunner pid=3466873)[0m for details.
[36m(TaskRunner pid=3466873)[0m 
[36m(TaskRunner pid=3466873)[0m This has been deprecated since SymPy version 1.7. It
[36m(TaskRunner pid=3466873)[0m will be removed in a future version of SymPy.
[36m(TaskRunner pid=3466873)[0m 
[36m(TaskRunner pid=3466873)[0m <string>:1: SymPyDeprecationWarning: 
[36m(TaskRunner pid=3466873)[0m 
[36m(TaskRunner pid=3466873)[0m Using non-Expr arguments in Pow is deprecated (in this case, one of the
[36m(TaskRunner pid=3466873)[0m arguments is of type 'FiniteSet').
[36m(TaskRunner pid=3466873)[0m 
[36m(TaskRunner pid=3466873)[0m If you really did intend to construct a power with this base, use the **
[36m(TaskRunner pid=3466873)[0m operator instead.
[36m(TaskRunner pid=3466873)[0m 
[36m(TaskRunner pid=3466873)[0m See https://docs.sympy.org/latest/explanation/active-deprecations.html#non-expr-args-deprecated
[36m(TaskRunner pid=3466873)[0m for details.
[36m(TaskRunner pid=3466873)[0m 
[36m(TaskRunner pid=3466873)[0m This has been deprecated since SymPy version 1.7. It
[36m(TaskRunner pid=3466873)[0m will be removed in a future version of SymPy.
[36m(TaskRunner pid=3466873)[0m 
[36m(TaskRunner pid=3466873)[0m <string>:1: SymPyDeprecationWarning: 
[36m(TaskRunner pid=3466873)[0m 
[36m(TaskRunner pid=3466873)[0m Using non-Expr arguments in Pow is deprecated (in this case, one of the
[36m(TaskRunner pid=3466873)[0m arguments is of type 'FiniteSet').
[36m(TaskRunner pid=3466873)[0m 
[36m(TaskRunner pid=3466873)[0m If you really did intend to construct a power with this base, use the **
[36m(TaskRunner pid=3466873)[0m operator instead.
[36m(TaskRunner pid=3466873)[0m 
[36m(TaskRunner pid=3466873)[0m See https://docs.sympy.org/latest/explanation/active-deprecations.html#non-expr-args-deprecated
[36m(TaskRunner pid=3466873)[0m for details.
[36m(TaskRunner pid=3466873)[0m 
[36m(TaskRunner pid=3466873)[0m This has been deprecated since SymPy version 1.7. It
[36m(TaskRunner pid=3466873)[0m will be removed in a future version of SymPy.
[36m(TaskRunner pid=3466873)[0m 
[36m(TaskRunner pid=3466873)[0m <string>:1: SymPyDeprecationWarning: 
[36m(TaskRunner pid=3466873)[0m 
[36m(TaskRunner pid=3466873)[0m Using non-Expr arguments in Pow is deprecated (in this case, one of the
[36m(TaskRunner pid=3466873)[0m arguments is of type 'FiniteSet').
[36m(TaskRunner pid=3466873)[0m 
[36m(TaskRunner pid=3466873)[0m If you really did intend to construct a power with this base, use the **
[36m(TaskRunner pid=3466873)[0m operator instead.
[36m(TaskRunner pid=3466873)[0m 
[36m(TaskRunner pid=3466873)[0m See https://docs.sympy.org/latest/explanation/active-deprecations.html#non-expr-args-deprecated
[36m(TaskRunner pid=3466873)[0m for details.
[36m(TaskRunner pid=3466873)[0m 
[36m(TaskRunner pid=3466873)[0m This has been deprecated since SymPy version 1.7. It
[36m(TaskRunner pid=3466873)[0m will be removed in a future version of SymPy.
[36m(TaskRunner pid=3466873)[0m 
[36m(TaskRunner pid=3466873)[0m <string>:1: SymPyDeprecationWarning: 
[36m(TaskRunner pid=3466873)[0m 
[36m(TaskRunner pid=3466873)[0m Using non-Expr arguments in Pow is deprecated (in this case, one of the
[36m(TaskRunner pid=3466873)[0m arguments is of type 'FiniteSet').
[36m(TaskRunner pid=3466873)[0m 
[36m(TaskRunner pid=3466873)[0m If you really did intend to construct a power with this base, use the **
[36m(TaskRunner pid=3466873)[0m operator instead.
[36m(TaskRunner pid=3466873)[0m 
[36m(TaskRunner pid=3466873)[0m See https://docs.sympy.org/latest/explanation/active-deprecations.html#non-expr-args-deprecated
[36m(TaskRunner pid=3466873)[0m for details.
[36m(TaskRunner pid=3466873)[0m 
[36m(TaskRunner pid=3466873)[0m This has been deprecated since SymPy version 1.7. It
[36m(TaskRunner pid=3466873)[0m will be removed in a future version of SymPy.
[36m(TaskRunner pid=3466873)[0m 
[36m(TaskRunner pid=3466873)[0m <string>:1: SymPyDeprecationWarning: 
[36m(TaskRunner pid=3466873)[0m 
[36m(TaskRunner pid=3466873)[0m Using non-Expr arguments in Pow is deprecated (in this case, one of the
[36m(TaskRunner pid=3466873)[0m arguments is of type 'FiniteSet').
[36m(TaskRunner pid=3466873)[0m 
[36m(TaskRunner pid=3466873)[0m If you really did intend to construct a power with this base, use the **
[36m(TaskRunner pid=3466873)[0m operator instead.
[36m(TaskRunner pid=3466873)[0m 
[36m(TaskRunner pid=3466873)[0m See https://docs.sympy.org/latest/explanation/active-deprecations.html#non-expr-args-deprecated
[36m(TaskRunner pid=3466873)[0m for details.
[36m(TaskRunner pid=3466873)[0m 
[36m(TaskRunner pid=3466873)[0m This has been deprecated since SymPy version 1.7. It
[36m(TaskRunner pid=3466873)[0m will be removed in a future version of SymPy.
[36m(TaskRunner pid=3466873)[0m 
[36m(TaskRunner pid=3466873)[0m Training Progress:  60%|██████    | 12/20 [12:27<08:00, 60.08s/it]

[36m(TaskRunner pid=3466873)[0m [Shutdown] 3 subprocess(es) terminated.
[36m(TaskRunner pid=3466873)[0m [Shutdown] 65 subprocess(es) terminated.
[36m(TaskRunner pid=3466873)[0m [Shutdown] 5 subprocess(es) terminated.
[36m(TaskRunner pid=3466873)[0m step:12 - chunk_state_source/selected_original_acc_mean:1.000 - chunk_state_source/prompt_original_pass:0.938 - chunk_state_source/prompt_original_mean:0.297 - chunk_state_source/selected_majority_consistent_mean:1.000 - chunk_state_source/prompt_majority_ratio_mean:0.302 - chunk_state_source/prompt_majority_pass:1.000 - chunk_state_source_chunk/enabled:1.000 - chunk_state_source_chunk/injected_ratio:1.000 - chunk_state_source_chunk/mean_len:128.000 - chunk_state_source_chunk/candidate_index:0.000 - chunk_state_support_anchor/enabled:1.000 - chunk_state_support_anchor/count:3.000 - chunk_state_support_anchor/candidate_start:5.000 - chunk_state_support_anchor/min_mass:0.031 - chunk_state_support_anchor/prefix_compat_enable:0.000 - chunk_state_support_anchor/prefix_compat_tokens:128.000 - chunk_state_support_anchor/min_prefix_match:0.750 - chunk_state_support_anchor/skip_source:1.000 - chunk_state_support_anchor/injected_ratio:1.000 - chunk_state_support_anchor/state_keep_ratio:1.000 - chunk_state_support_anchor/skipped_no_anchor_ratio:0.000 - chunk_state_support_anchor/skipped_by_compat_ratio:0.000 - chunk_state_support_anchor/skipped_source_ratio:0.031 - chunk_state_support_anchor/score_mean:0.048 - chunk_state_support_anchor/positive_candidate_ratio:0.375 - chunk_state_support_anchor/prefix_match_mean:1.000 - chunk_state_support_anchor/prefix_match_min:1.000 - chunk_state_support_anchor/anchor_mass_mean:0.127 - chunk_state_support_anchor/anchor_mass_max:0.677 - chunk_state_support_anchor/anchor_len_mean:117.958 - chunk_state_support_anchor/selected_rank_mean:1.000 - chunk_state_future_support_gain/group_size:32.000 - chunk_state_future_support_gain/min_mass:0.031 - chunk_state_future_support_gain/max_mass_coef:0.250 - chunk_state_future_support_gain/score_type_slack_gain:0.000 - chunk_state_future_support_gain/score_type_positive_gain:0.000 - chunk_state_future_support_gain/score_type_relative_positive_gain:0.000 - chunk_state_future_support_gain/score_type_tv_positive_gain:0.000 - chunk_state_future_support_gain/score_type_relative_tv_positive_gain:0.000 - chunk_state_future_support_gain/score_type_transport_affinity:0.000 - chunk_state_future_support_gain/score_type_transport_positive_gain:0.000 - chunk_state_future_support_gain/score_type_transport_support_gain:0.000 - chunk_state_future_support_gain/score_type_smoothed_transport_affinity:0.000 - chunk_state_future_support_gain/score_type_smoothed_transport_positive_gain:0.000 - chunk_state_future_support_gain/score_type_smoothed_transport_support_gain:1.000 - chunk_state_future_support_gain/gain_slack:0.125 - chunk_state_future_support_gain/baseline_scale:1.000 - chunk_state_future_support_gain/source_prior_weight:1.000 - chunk_state_future_support_gain/prior_smoothing:4.000 - chunk_state_future_support_gain/min_positive_margin:0.000 - chunk_state_future_support_gain/min_state_coverage:0.125 - chunk_state_future_support_gain/max_state_oov:0.875 - chunk_state_future_support_gain/min_state_mean_mass:0.015 - chunk_state_future_support_gain/min_state_max_mass:0.031 - chunk_state_future_support_gain/min_state_top_margin:0.001 - chunk_state_future_support_gain/min_candidate_coverage:0.000 - chunk_state_future_support_gain/min_candidate_mean_mass:0.000 - chunk_state_future_support_gain/source_mass_mean:0.592 - chunk_state_future_support_gain/prompt_top_mass_mean:0.592 - chunk_state_future_support_gain/support_coverage_mean:0.414 - chunk_state_future_support_gain/candidate_coverage_mean:0.414 - chunk_state_future_support_gain/candidate_quality_keep_ratio:1.000 - chunk_state_future_support_gain/mean_mass_mean:0.200 - chunk_state_future_support_gain/max_mass_mean:0.438 - chunk_state_future_support_gain/raw_gain_mean:-0.313 - chunk_state_future_support_gain/source_tv_mean:0.408 - chunk_state_future_support_gain/candidate_tv_mean:0.699 - chunk_state_future_support_gain/source_oov_tv_mean:0.408 - chunk_state_future_support_gain/candidate_oov_tv_mean:0.738 - chunk_state_future_support_gain/transport_affinity_mean:0.262 - chunk_state_future_support_gain/smoothed_candidate_oov_tv_mean:0.369 - chunk_state_future_support_gain/smoothed_transport_affinity_mean:0.631 - chunk_state_future_support_gain/tv_gain_mean:-0.291 - chunk_state_future_support_gain/transport_gain_mean:-0.330 - chunk_state_future_support_gain/smoothed_transport_gain_mean:0.039 - chunk_state_future_support_gain/score_mean_before_candidate_filter:0.063 - chunk_state_future_support_gain/score_mean:0.063 - chunk_state_future_support_gain/label_consistent_ratio_before_candidate_filter:0.547 - chunk_state_future_support_gain/label_consistent_ratio:0.547 - chunk_state_future_support_gain/improved_state_ratio:0.875 - chunk_state_future_support_gain/positive_margin_mean:0.121 - chunk_state_future_support_gain/state_oov_mean:0.586 - chunk_state_future_support_gain/state_mean_mass_mean:0.200 - chunk_state_future_support_gain/state_max_mass_mean:0.438 - chunk_state_future_support_gain/state_top_margin_mean:0.030 - chunk_state_future_support_gain/learnable_state_keep_ratio:0.500 - chunk_state_future_support_gain/state_keep_ratio:0.500 - chunk_state_probe/raw_positive_ratio:0.063 - chunk_state_score/mode_majority_completion:0.000 - chunk_state_score/mode_answer_consensus:0.000 - chunk_state_score/mode_answer_distribution:0.000 - chunk_state_score/mode_answer_value_gain:0.000 - chunk_state_score/mode_answer_value_margin:0.000 - chunk_state_score/mode_answer_support_mass:0.000 - chunk_state_score/mode_future_support_gain:1.000 - chunk_state_score/mode_support_anchor:0.000 - chunk_state_score/mode_support_flow:0.000 - chunk_state_score/mode_answer_source_consistency:0.000 - chunk_state_probe/samples:4.000 - chunk_state_diag/boundary_mean:608.000 - chunk_state_diag/boundary_min:512.000 - chunk_state_diag/boundary_max:768.000 - chunk_state_diag/boundary_zero_ratio:0.000 - chunk_state_diag/skipped_short_sources:0.000 - chunk_state_diag/skipped_support_sources:26.000 - chunk_state_diag/majority_consistent_fallbacks:8.000 - chunk_state_diag/real_state_count:6.000 - chunk_state_diag/pad_state_count:2.000 - chunk_state_diag/loss_weight_mean:0.750 - chunk_state_diag/source_response_len_mean:1379.750 - chunk_state_diag/probe_score_std:0.069 - chunk_state_diag/state_probe_mean_max:0.138 - chunk_state_diag/state_probe_mean_min:0.000 - chunk_state_diag/state_all_positive_ratio:0.250 - chunk_state_diag/state_all_negative_ratio:0.125 - chunk_state_diag/state_mixed_ratio:0.625 - chunk_state_diag/source_majority_consistent_mean:1.000 - chunk_state_diag/source_prompt_majority_ratio_mean:0.492 - chunk_state_diag/source_answer_mass_mean:0.592 - chunk_state_diag/source_answer_mass_min:0.400 - chunk_state_diag/source_prompt_top_mass_mean:0.592 - chunk_state_diag/source_prompt_top_mass_min:0.400 - chunk_state_diag/source_pseudo_acc_mean:1.000 - chunk_state_diag/source_original_acc_mean:1.000 - chunk_state_diag/prompt_pseudo_mean:0.496 - chunk_state_diag/prompt_original_mean:0.496 - chunk_state_diag/prompt_original_pass:1.000 - chunk_state_diag/probe_mean_source_original_correct:0.063 - chunk_state_diag/probe_mean_source_original_wrong:0.000 - chunk_state_diag/source_original_correct_ratio:1.000 - chunk_state_diag/jsonl_rows:8.000 - chunk_state/num_states:8.000 - chunk_state/real_states:6.000 - chunk_state/pad_states:2.000 - chunk_state/num_candidates:64.000 - chunk_state/num_actor_samples:24.000 - chunk_state/loss_weight_mean:1.000 - chunk_state/base_loss_weight_mean:0.750 - chunk_state/zeroed_state_ratio:0.625 - chunk_state/confidence_gate_ratio:0.750 - chunk_state/confidence_weight_mean:1.000 - chunk_state/future_support_keep_ratio:0.500 - chunk_state/majority_ratio_mean:0.592 - chunk_state/answer_coverage_mean:0.414 - chunk_state/positive_ratio:0.063 - chunk_state/label_consistent_only:0.000 - chunk_state/zero_inconsistent_candidates:0.000 - chunk_state/prune_zero_weight_samples:1.000 - chunk_state/prune_padded_to_shards:0.000 - chunk_state/pruned_sample_ratio:0.625 - chunk_state/label_consistent_ratio:0.547 - chunk_state/informative_ratio:0.875 - chunk_state/kept_state_ratio:0.500 - chunk_state/target_entropy:1.812 - chunk_state/target_prior_mean:1.000 - chunk_state/target_prior_max:1.000 - chunk_state/weight_max:0.586 - chunk_state/weight_min:0.011 - chunk_state/powerflow_weight_clip:4.000 - chunk_state/powerflow_weight_clip_renorm:1.000 - chunk_state/powerflow_weight_before_clip_max:4.691 - chunk_state/powerflow_weight_before_clip_mean:1.000 - chunk_state/powerflow_weight_mean:0.982 - chunk_state/powerflow_weight_max:4.000 - chunk_state/powerflow_weight_min:0.227 - chunk_state/boxed_reward_mean:0.053 - chunk_state/boxed_reward_weighted_mean:0.107 - chunk_state/actor_batch_powerflow_weight_nonzero_ratio:1.000 - chunk_state/actor_batch_powerflow_weight_shard0_mean:1.653 - chunk_state/actor_batch_powerflow_weight_shard0_nonzero_ratio:1.000 - chunk_state/actor_batch_powerflow_weight_shard_mean_low:0.459 - chunk_state/actor_batch_powerflow_weight_shard_mean_high:1.653 - chunk_state/actor_batch_powerflow_weight_zero_shard_ratio:0.000 - chunk_state_actor_span/mode_chunk:1.000 - chunk_state_actor_span/response_len_mean:120.109 - chunk_state_actor_span/truncated_ratio:0.000 - actor/pg_loss:1.046 - actor/powerflow_loss:1.046 - actor/log_prob:-1.060 - actor/old_log_prob:0.000 - actor/ref_log_prob:-1.058 - actor/ref_log_prob/std:0.000 - actor/boxed_reward/mean:0.000 - actor/boxed_reward/min:0.000 - actor/boxed_reward/max:0.000 - actor/powerflow_weight/mean:1.653 - actor/powerflow_weight/min:0.350 - actor/powerflow_weight/max:4.000 - actor/powerflow_weight/nonzero_ratio:1.000 - actor/powerflow_local_batch_size:1.000 - actor/log_z:-1.255 - actor/importance_weight:0.800 - actor/powerflow_chunk_loss_target_only:0.000 - actor/ppo_kl:1.060 - actor/ref_kl:0.002 - actor/beta_coef:4.000 - actor/cispo_mask_ratio:0.438 - actor/cispo_dropped_tokens:45.000 - actor/condition_1_count:0.000 - actor/condition_2_count:45.000 - actor/pg_clipfrac:0.000 - actor/pg_clipfrac_lower:0.000 - actor/grad_norm:14.962 - perf/mfu/actor:0.000 - perf/max_memory_allocated_gb:166.224 - perf/max_memory_reserved_gb:176.209 - perf/cpu_memory_used_gb:790.709 - actor/lr:0.000 - timing_s/generate_sequences:17.510 - timing_s/reshard:0.472 - timing_s/gen:22.393 - timing_s/chunk_state_make_states:0.020 - timing_s/chunk_state_chunks/generate_sequences:0.528 - timing_s/chunk_state_chunks/reshard:0.499 - timing_s/chunk_state_chunks:1.067 - timing_s/chunk_state_probe/generate_sequences:6.612 - timing_s/chunk_state_probe/reshard:0.484 - timing_s/chunk_state_probe:7.825 - timing_s/chunk_state_score:20.948 - timing_s/chunk_state_build_actor_batch:0.006 - timing_s/chunk_state_ref:0.379 - timing_s/update_actor:0.977 - timing_per_token_ms/gen:0.024 - timing_per_token_ms/update_actor:0.001[36m(TaskRunner pid=3466873)[0m <string>:1: SymPyDeprecationWarning: 
[36m(TaskRunner pid=3466873)[0m 
[36m(TaskRunner pid=3466873)[0m Using non-Expr arguments in Mul is deprecated (in this case, one of
[36m(TaskRunner pid=3466873)[0m the arguments has type 'Tuple').
[36m(TaskRunner pid=3466873)[0m 
[36m(TaskRunner pid=3466873)[0m If you really did intend to use a multiplication or addition operation with
[36m(TaskRunner pid=3466873)[0m this object, use the * or + operator instead.
[36m(TaskRunner pid=3466873)[0m 
[36m(TaskRunner pid=3466873)[0m See https://docs.sympy.org/latest/explanation/active-deprecations.html#non-expr-args-deprecated
[36m(TaskRunner pid=3466873)[0m for details.
[36m(TaskRunner pid=3466873)[0m 
[36m(TaskRunner pid=3466873)[0m This has been deprecated since SymPy version 1.7. It
[36m(TaskRunner pid=3466873)[0m will be removed in a future version of SymPy.
[36m(TaskRunner pid=3466873)[0m 
[36m(TaskRunner pid=3466873)[0m <string>:1: SymPyDeprecationWarning: 
[36m(TaskRunner pid=3466873)[0m 
[36m(TaskRunner pid=3466873)[0m Using non-Expr arguments in Pow is deprecated (in this case, one of the
[36m(TaskRunner pid=3466873)[0m arguments is of type 'FiniteSet').
[36m(TaskRunner pid=3466873)[0m 
[36m(TaskRunner pid=3466873)[0m If you really did intend to construct a power with this base, use the **
[36m(TaskRunner pid=3466873)[0m operator instead.
[36m(TaskRunner pid=3466873)[0m 
[36m(TaskRunner pid=3466873)[0m See https://docs.sympy.org/latest/explanation/active-deprecations.html#non-expr-args-deprecated
[36m(TaskRunner pid=3466873)[0m for details.
[36m(TaskRunner pid=3466873)[0m 
[36m(TaskRunner pid=3466873)[0m This has been deprecated since SymPy version 1.7. It
[36m(TaskRunner pid=3466873)[0m will be removed in a future version of SymPy.
[36m(TaskRunner pid=3466873)[0m 
[36m(TaskRunner pid=3466873)[0m <string>:1: SymPyDeprecationWarning: 
[36m(TaskRunner pid=3466873)[0m 
[36m(TaskRunner pid=3466873)[0m Using non-Expr arguments in Pow is deprecated (in this case, one of the
[36m(TaskRunner pid=3466873)[0m arguments is of type 'FiniteSet').
[36m(TaskRunner pid=3466873)[0m 
[36m(TaskRunner pid=3466873)[0m If you really did intend to construct a power with this base, use the **
[36m(TaskRunner pid=3466873)[0m operator instead.
[36m(TaskRunner pid=3466873)[0m 
[36m(TaskRunner pid=3466873)[0m See https://docs.sympy.org/latest/explanation/active-deprecations.html#non-expr-args-deprecated
[36m(TaskRunner pid=3466873)[0m for details.
[36m(TaskRunner pid=3466873)[0m 
[36m(TaskRunner pid=3466873)[0m This has been deprecated since SymPy version 1.7. It
[36m(TaskRunner pid=3466873)[0m will be removed in a future version of SymPy.
[36m(TaskRunner pid=3466873)[0m 
[36m(TaskRunner pid=3466873)[0m <string>:1: SymPyDeprecationWarning: 
[36m(TaskRunner pid=3466873)[0m 
[36m(TaskRunner pid=3466873)[0m Using non-Expr arguments in Mul is deprecated (in this case, one of
[36m(TaskRunner pid=3466873)[0m the arguments has type 'Tuple').
[36m(TaskRunner pid=3466873)[0m 
[36m(TaskRunner pid=3466873)[0m If you really did intend to use a multiplication or addition operation with
[36m(TaskRunner pid=3466873)[0m this object, use the * or + operator instead.
[36m(TaskRunner pid=3466873)[0m 
[36m(TaskRunner pid=3466873)[0m See https://docs.sympy.org/latest/explanation/active-deprecations.html#non-expr-args-deprecated
[36m(TaskRunner pid=3466873)[0m for details.
[36m(TaskRunner pid=3466873)[0m 
[36m(TaskRunner pid=3466873)[0m This has been deprecated since SymPy version 1.7. It
[36m(TaskRunner pid=3466873)[0m will be removed in a future version of SymPy.
[36m(TaskRunner pid=3466873)[0m 
[36m(TaskRunner pid=3466873)[0m <string>:1: SymPyDeprecationWarning: 
[36m(TaskRunner pid=3466873)[0m 
[36m(TaskRunner pid=3466873)[0m Using non-Expr arguments in Mul is deprecated (in this case, one of
[36m(TaskRunner pid=3466873)[0m the arguments has type 'Tuple').
[36m(TaskRunner pid=3466873)[0m 
[36m(TaskRunner pid=3466873)[0m If you really did intend to use a multiplication or addition operation with
[36m(TaskRunner pid=3466873)[0m this object, use the * or + operator instead.
[36m(TaskRunner pid=3466873)[0m 
[36m(TaskRunner pid=3466873)[0m See https://docs.sympy.org/latest/explanation/active-deprecations.html#non-expr-args-deprecated
[36m(TaskRunner pid=3466873)[0m for details.
[36m(TaskRunner pid=3466873)[0m 
[36m(TaskRunner pid=3466873)[0m This has been deprecated since SymPy version 1.7. It
[36m(TaskRunner pid=3466873)[0m will be removed in a future version of SymPy.
[36m(TaskRunner pid=3466873)[0m 
[36m(TaskRunner pid=3466873)[0m <string>:1: SymPyDeprecationWarning: 
[36m(TaskRunner pid=3466873)[0m 
[36m(TaskRunner pid=3466873)[0m Using non-Expr arguments in Pow is deprecated (in this case, one of the
[36m(TaskRunner pid=3466873)[0m arguments is of type 'FiniteSet').
[36m(TaskRunner pid=3466873)[0m 
[36m(TaskRunner pid=3466873)[0m If you really did intend to construct a power with this base, use the **
[36m(TaskRunner pid=3466873)[0m operator instead.
[36m(TaskRunner pid=3466873)[0m 
[36m(TaskRunner pid=3466873)[0m See https://docs.sympy.org/latest/explanation/active-deprecations.html#non-expr-args-deprecated
[36m(TaskRunner pid=3466873)[0m for details.
[36m(TaskRunner pid=3466873)[0m 
[36m(TaskRunner pid=3466873)[0m This has been deprecated since SymPy version 1.7. It
[36m(TaskRunner pid=3466873)[0m will be removed in a future version of SymPy.
[36m(TaskRunner pid=3466873)[0m 
[36m(TaskRunner pid=3466873)[0m <string>:1: SymPyDeprecationWarning: 
[36m(TaskRunner pid=3466873)[0m 
[36m(TaskRunner pid=3466873)[0m Using non-Expr arguments in Pow is deprecated (in this case, one of the
[36m(TaskRunner pid=3466873)[0m arguments is of type 'FiniteSet').
[36m(TaskRunner pid=3466873)[0m 
[36m(TaskRunner pid=3466873)[0m If you really did intend to construct a power with this base, use the **
[36m(TaskRunner pid=3466873)[0m operator instead.
[36m(TaskRunner pid=3466873)[0m 
[36m(TaskRunner pid=3466873)[0m See https://docs.sympy.org/latest/explanation/active-deprecations.html#non-expr-args-deprecated
[36m(TaskRunner pid=3466873)[0m for details.
[36m(TaskRunner pid=3466873)[0m 
[36m(TaskRunner pid=3466873)[0m This has been deprecated since SymPy version 1.7. It
[36m(TaskRunner pid=3466873)[0m will be removed in a future version of SymPy.
[36m(TaskRunner pid=3466873)[0m 
[36m(TaskRunner pid=3466873)[0m Training Progress:  65%|██████▌   | 13/20 [13:19<06:42, 57.55s/it]

[36m(TaskRunner pid=3466873)[0m [Shutdown] 64 subprocess(es) terminated.
[36m(TaskRunner pid=3466873)[0m [Shutdown] 4 subprocess(es) terminated.
[36m(TaskRunner pid=3466873)[0m [Shutdown] 5 subprocess(es) terminated.
[36m(TaskRunner pid=3466873)[0m step:13 - chunk_state_source/selected_original_acc_mean:1.000 - chunk_state_source/prompt_original_pass:0.875 - chunk_state_source/prompt_original_mean:0.357 - chunk_state_source/selected_majority_consistent_mean:1.000 - chunk_state_source/prompt_majority_ratio_mean:0.389 - chunk_state_source/prompt_majority_pass:1.000 - chunk_state_source_chunk/enabled:1.000 - chunk_state_source_chunk/injected_ratio:1.000 - chunk_state_source_chunk/mean_len:128.000 - chunk_state_source_chunk/candidate_index:0.000 - chunk_state_support_anchor/enabled:1.000 - chunk_state_support_anchor/count:3.000 - chunk_state_support_anchor/candidate_start:5.000 - chunk_state_support_anchor/min_mass:0.031 - chunk_state_support_anchor/prefix_compat_enable:0.000 - chunk_state_support_anchor/prefix_compat_tokens:128.000 - chunk_state_support_anchor/min_prefix_match:0.750 - chunk_state_support_anchor/skip_source:1.000 - chunk_state_support_anchor/injected_ratio:1.000 - chunk_state_support_anchor/state_keep_ratio:1.000 - chunk_state_support_anchor/skipped_no_anchor_ratio:0.000 - chunk_state_support_anchor/skipped_by_compat_ratio:0.000 - chunk_state_support_anchor/skipped_source_ratio:0.031 - chunk_state_support_anchor/score_mean:0.094 - chunk_state_support_anchor/positive_candidate_ratio:0.375 - chunk_state_support_anchor/prefix_match_mean:1.000 - chunk_state_support_anchor/prefix_match_min:1.000 - chunk_state_support_anchor/anchor_mass_mean:0.251 - chunk_state_support_anchor/anchor_mass_max:0.800 - chunk_state_support_anchor/anchor_len_mean:123.167 - chunk_state_support_anchor/selected_rank_mean:1.000 - chunk_state_future_support_gain/group_size:32.000 - chunk_state_future_support_gain/min_mass:0.031 - chunk_state_future_support_gain/max_mass_coef:0.250 - chunk_state_future_support_gain/score_type_slack_gain:0.000 - chunk_state_future_support_gain/score_type_positive_gain:0.000 - chunk_state_future_support_gain/score_type_relative_positive_gain:0.000 - chunk_state_future_support_gain/score_type_tv_positive_gain:0.000 - chunk_state_future_support_gain/score_type_relative_tv_positive_gain:0.000 - chunk_state_future_support_gain/score_type_transport_affinity:0.000 - chunk_state_future_support_gain/score_type_transport_positive_gain:0.000 - chunk_state_future_support_gain/score_type_transport_support_gain:0.000 - chunk_state_future_support_gain/score_type_smoothed_transport_affinity:0.000 - chunk_state_future_support_gain/score_type_smoothed_transport_positive_gain:0.000 - chunk_state_future_support_gain/score_type_smoothed_transport_support_gain:1.000 - chunk_state_future_support_gain/gain_slack:0.125 - chunk_state_future_support_gain/baseline_scale:1.000 - chunk_state_future_support_gain/source_prior_weight:1.000 - chunk_state_future_support_gain/prior_smoothing:4.000 - chunk_state_future_support_gain/min_positive_margin:0.000 - chunk_state_future_support_gain/min_state_coverage:0.125 - chunk_state_future_support_gain/max_state_oov:0.875 - chunk_state_future_support_gain/min_state_mean_mass:0.015 - chunk_state_future_support_gain/min_state_max_mass:0.031 - chunk_state_future_support_gain/min_state_top_margin:0.001 - chunk_state_future_support_gain/min_candidate_coverage:0.000 - chunk_state_future_support_gain/min_candidate_mean_mass:0.000 - chunk_state_future_support_gain/source_mass_mean:0.658 - chunk_state_future_support_gain/prompt_top_mass_mean:0.658 - chunk_state_future_support_gain/support_coverage_mean:0.455 - chunk_state_future_support_gain/candidate_coverage_mean:0.455 - chunk_state_future_support_gain/candidate_quality_keep_ratio:1.000 - chunk_state_future_support_gain/mean_mass_mean:0.277 - chunk_state_future_support_gain/max_mass_mean:0.619 - chunk_state_future_support_gain/raw_gain_mean:-0.281 - chunk_state_future_support_gain/source_tv_mean:0.342 - chunk_state_future_support_gain/candidate_tv_mean:0.595 - chunk_state_future_support_gain/source_oov_tv_mean:0.342 - chunk_state_future_support_gain/candidate_oov_tv_mean:0.657 - chunk_state_future_support_gain/transport_affinity_mean:0.343 - chunk_state_future_support_gain/smoothed_candidate_oov_tv_mean:0.329 - chunk_state_future_support_gain/smoothed_transport_affinity_mean:0.671 - chunk_state_future_support_gain/tv_gain_mean:-0.253 - chunk_state_future_support_gain/transport_gain_mean:-0.315 - chunk_state_future_support_gain/smoothed_transport_gain_mean:0.013 - chunk_state_future_support_gain/score_mean_before_candidate_filter:0.060 - chunk_state_future_support_gain/score_mean:0.060 - chunk_state_future_support_gain/label_consistent_ratio_before_candidate_filter:0.562 - chunk_state_future_support_gain/label_consistent_ratio:0.562 - chunk_state_future_support_gain/improved_state_ratio:0.875 - chunk_state_future_support_gain/positive_margin_mean:0.113 - chunk_state_future_support_gain/state_oov_mean:0.545 - chunk_state_future_support_gain/state_mean_mass_mean:0.277 - chunk_state_future_support_gain/state_max_mass_mean:0.619 - chunk_state_future_support_gain/state_top_margin_mean:0.017 - chunk_state_future_support_gain/learnable_state_keep_ratio:0.188 - chunk_state_future_support_gain/state_keep_ratio:0.188 - chunk_state_probe/raw_positive_ratio:0.060 - chunk_state_score/mode_majority_completion:0.000 - chunk_state_score/mode_answer_consensus:0.000 - chunk_state_score/mode_answer_distribution:0.000 - chunk_state_score/mode_answer_value_gain:0.000 - chunk_state_score/mode_answer_value_margin:0.000 - chunk_state_score/mode_answer_support_mass:0.000 - chunk_state_score/mode_future_support_gain:1.000 - chunk_state_score/mode_support_anchor:0.000 - chunk_state_score/mode_support_flow:0.000 - chunk_state_score/mode_answer_source_consistency:0.000 - chunk_state_probe/samples:4.000 - chunk_state_diag/boundary_mean:720.000 - chunk_state_diag/boundary_min:512.000 - chunk_state_diag/boundary_max:1024.000 - chunk_state_diag/boundary_zero_ratio:0.000 - chunk_state_diag/skipped_short_sources:0.000 - chunk_state_diag/skipped_support_sources:23.000 - chunk_state_diag/majority_consistent_fallbacks:12.000 - chunk_state_diag/real_state_count:9.000 - chunk_state_diag/pad_state_count:7.000 - chunk_state_diag/loss_weight_mean:0.562 - chunk_state_diag/source_response_len_mean:1208.438 - chunk_state_diag/probe_score_std:0.062 - chunk_state_diag/state_probe_mean_max:0.106 - chunk_state_diag/state_probe_mean_min:0.000 - chunk_state_diag/state_all_positive_ratio:0.062 - chunk_state_diag/state_all_negative_ratio:0.125 - chunk_state_diag/state_mixed_ratio:0.812 - chunk_state_diag/source_majority_consistent_mean:1.000 - chunk_state_diag/source_prompt_majority_ratio_mean:0.584 - chunk_state_diag/source_answer_mass_mean:0.658 - chunk_state_diag/source_answer_mass_min:0.458 - chunk_state_diag/source_prompt_top_mass_mean:0.658 - chunk_state_diag/source_prompt_top_mass_min:0.458 - chunk_state_diag/source_pseudo_acc_mean:0.875 - chunk_state_diag/source_original_acc_mean:1.000 - chunk_state_diag/prompt_pseudo_mean:0.490 - chunk_state_diag/prompt_original_mean:0.584 - chunk_state_diag/prompt_original_pass:1.000 - chunk_state_diag/probe_mean_source_original_correct:0.060 - chunk_state_diag/probe_mean_source_original_wrong:0.000 - chunk_state_diag/source_original_correct_ratio:1.000 - chunk_state_diag/jsonl_rows:16.000 - chunk_state/num_states:16.000 - chunk_state/real_states:9.000 - chunk_state/pad_states:7.000 - chunk_state/num_candidates:128.000 - chunk_state/num_actor_samples:24.000 - chunk_state/loss_weight_mean:1.000 - chunk_state/base_loss_weight_mean:0.562 - chunk_state/zeroed_state_ratio:0.812 - chunk_state/confidence_gate_ratio:0.812 - chunk_state/confidence_weight_mean:1.000 - chunk_state/future_support_keep_ratio:0.188 - chunk_state/majority_ratio_mean:0.658 - chunk_state/answer_coverage_mean:0.455 - chunk_state/positive_ratio:0.060 - chunk_state/label_consistent_only:0.000 - chunk_state/zero_inconsistent_candidates:0.000 - chunk_state/prune_zero_weight_samples:1.000 - chunk_state/prune_padded_to_shards:0.000 - chunk_state/pruned_sample_ratio:0.812 - chunk_state/label_consistent_ratio:0.562 - chunk_state/informative_ratio:0.875 - chunk_state/kept_state_ratio:0.188 - chunk_state/target_entropy:1.815 - chunk_state/target_prior_mean:1.000 - chunk_state/target_prior_max:1.000 - chunk_state/weight_max:0.661 - chunk_state/weight_min:0.011 - chunk_state/powerflow_weight_clip:4.000 - chunk_state/powerflow_weight_clip_renorm:1.000 - chunk_state/powerflow_weight_before_clip_max:5.291 - chunk_state/powerflow_weight_before_clip_mean:1.000 - chunk_state/powerflow_weight_mean:0.991 - chunk_state/powerflow_weight_max:4.000 - chunk_state/powerflow_weight_min:0.090 - chunk_state/boxed_reward_mean:0.042 - chunk_state/boxed_reward_weighted_mean:0.080 - chunk_state/actor_batch_powerflow_weight_nonzero_ratio:1.000 - chunk_state/actor_batch_powerflow_weight_shard0_mean:1.766 - chunk_state/actor_batch_powerflow_weight_shard0_nonzero_ratio:1.000 - chunk_state/actor_batch_powerflow_weight_shard_mean_low:0.463 - chunk_state/actor_batch_powerflow_weight_shard_mean_high:1.766 - chunk_state/actor_batch_powerflow_weight_zero_shard_ratio:0.000 - chunk_state_actor_span/mode_chunk:1.000 - chunk_state_actor_span/response_len_mean:124.906 - chunk_state_actor_span/truncated_ratio:0.000 - actor/pg_loss:0.172 - actor/powerflow_loss:0.172 - actor/log_prob:-0.656 - actor/old_log_prob:0.000 - actor/ref_log_prob:-0.655 - actor/ref_log_prob/std:0.000 - actor/boxed_reward/mean:0.045 - actor/boxed_reward/min:0.000 - actor/boxed_reward/max:0.135 - actor/powerflow_weight/mean:1.766 - actor/powerflow_weight/min:0.409 - actor/powerflow_weight/max:4.000 - actor/powerflow_weight/nonzero_ratio:1.000 - actor/powerflow_local_batch_size:1.000 - actor/log_z:-1.557 - actor/importance_weight:0.800 - actor/powerflow_chunk_loss_target_only:0.000 - actor/ppo_kl:0.656 - actor/ref_kl:0.001 - actor/beta_coef:4.000 - actor/cispo_mask_ratio:0.305 - actor/cispo_dropped_tokens:39.000 - actor/condition_1_count:0.000 - actor/condition_2_count:39.000 - actor/pg_clipfrac:0.000 - actor/pg_clipfrac_lower:0.000 - actor/grad_norm:5.944 - perf/mfu/actor:0.000 - perf/max_memory_allocated_gb:166.224 - perf/max_memory_reserved_gb:176.209 - perf/cpu_memory_used_gb:790.435 - actor/lr:0.000 - timing_s/generate_sequences:17.657 - timing_s/reshard:0.495 - timing_s/gen:22.857 - timing_s/chunk_state_make_states:0.021 - timing_s/chunk_state_chunks/generate_sequences:0.546 - timing_s/chunk_state_chunks/reshard:0.506 - timing_s/chunk_state_chunks:1.103 - timing_s/chunk_state_probe/generate_sequences:6.993 - timing_s/chunk_state_probe/reshard:0.411 - timing_s/chunk_state_probe:8.128 - timing_s/chunk_state_score:8.436 - timing_s/chunk_state_build_actor_batch:0.007 - timing_s/chunk_state_ref:0.378 - timing_s/update_actor:1.014 - timing_per_token_ms/gen:0.022 - timing_per_token_ms/update_actor:0.001[36m(TaskRunner pid=3466873)[0m <string>:1: SymPyDeprecationWarning: 
[36m(TaskRunner pid=3466873)[0m 
[36m(TaskRunner pid=3466873)[0m Using non-Expr arguments in Pow is deprecated (in this case, one of the
[36m(TaskRunner pid=3466873)[0m arguments is of type 'FiniteSet').
[36m(TaskRunner pid=3466873)[0m 
[36m(TaskRunner pid=3466873)[0m If you really did intend to construct a power with this base, use the **
[36m(TaskRunner pid=3466873)[0m operator instead.
[36m(TaskRunner pid=3466873)[0m 
[36m(TaskRunner pid=3466873)[0m See https://docs.sympy.org/latest/explanation/active-deprecations.html#non-expr-args-deprecated
[36m(TaskRunner pid=3466873)[0m for details.
[36m(TaskRunner pid=3466873)[0m 
[36m(TaskRunner pid=3466873)[0m This has been deprecated since SymPy version 1.7. It
[36m(TaskRunner pid=3466873)[0m will be removed in a future version of SymPy.
[36m(TaskRunner pid=3466873)[0m 
[36m(TaskRunner pid=3466873)[0m <string>:1: SyntaxWarning: 'set' object is not callable; perhaps you missed a comma?
[36m(TaskRunner pid=3466873)[0m <string>:1: SymPyDeprecationWarning: 
[36m(TaskRunner pid=3466873)[0m 
[36m(TaskRunner pid=3466873)[0m Using non-Expr arguments in Pow is deprecated (in this case, one of the
[36m(TaskRunner pid=3466873)[0m arguments is of type 'FiniteSet').
[36m(TaskRunner pid=3466873)[0m 
[36m(TaskRunner pid=3466873)[0m If you really did intend to construct a power with this base, use the **
[36m(TaskRunner pid=3466873)[0m operator instead.
[36m(TaskRunner pid=3466873)[0m 
[36m(TaskRunner pid=3466873)[0m See https://docs.sympy.org/latest/explanation/active-deprecations.html#non-expr-args-deprecated
[36m(TaskRunner pid=3466873)[0m for details.
[36m(TaskRunner pid=3466873)[0m 
[36m(TaskRunner pid=3466873)[0m This has been deprecated since SymPy version 1.7. It
[36m(TaskRunner pid=3466873)[0m will be removed in a future version of SymPy.
[36m(TaskRunner pid=3466873)[0m 
[36m(TaskRunner pid=3466873)[0m <string>:1: SymPyDeprecationWarning: 
[36m(TaskRunner pid=3466873)[0m 
[36m(TaskRunner pid=3466873)[0m Using non-Expr arguments in Pow is deprecated (in this case, one of the
[36m(TaskRunner pid=3466873)[0m arguments is of type 'FiniteSet').
[36m(TaskRunner pid=3466873)[0m 
[36m(TaskRunner pid=3466873)[0m If you really did intend to construct a power with this base, use the **
[36m(TaskRunner pid=3466873)[0m operator instead.
[36m(TaskRunner pid=3466873)[0m 
[36m(TaskRunner pid=3466873)[0m See https://docs.sympy.org/latest/explanation/active-deprecations.html#non-expr-args-deprecated
[36m(TaskRunner pid=3466873)[0m for details.
[36m(TaskRunner pid=3466873)[0m 
[36m(TaskRunner pid=3466873)[0m This has been deprecated since SymPy version 1.7. It
[36m(TaskRunner pid=3466873)[0m will be removed in a future version of SymPy.
[36m(TaskRunner pid=3466873)[0m 
[36m(TaskRunner pid=3466873)[0m <string>:1: SyntaxWarning: 'set' object is not callable; perhaps you missed a comma?
[36m(TaskRunner pid=3466873)[0m <string>:1: SymPyDeprecationWarning: 
[36m(TaskRunner pid=3466873)[0m 
[36m(TaskRunner pid=3466873)[0m Using non-Expr arguments in Pow is deprecated (in this case, one of the
[36m(TaskRunner pid=3466873)[0m arguments is of type 'FiniteSet').
[36m(TaskRunner pid=3466873)[0m 
[36m(TaskRunner pid=3466873)[0m If you really did intend to construct a power with this base, use the **
[36m(TaskRunner pid=3466873)[0m operator instead.
[36m(TaskRunner pid=3466873)[0m 
[36m(TaskRunner pid=3466873)[0m See https://docs.sympy.org/latest/explanation/active-deprecations.html#non-expr-args-deprecated
[36m(TaskRunner pid=3466873)[0m for details.
[36m(TaskRunner pid=3466873)[0m 
[36m(TaskRunner pid=3466873)[0m This has been deprecated since SymPy version 1.7. It
[36m(TaskRunner pid=3466873)[0m will be removed in a future version of SymPy.
[36m(TaskRunner pid=3466873)[0m 
[36m(TaskRunner pid=3466873)[0m <string>:1: SymPyDeprecationWarning: 
[36m(TaskRunner pid=3466873)[0m 
[36m(TaskRunner pid=3466873)[0m Using non-Expr arguments in Pow is deprecated (in this case, one of the
[36m(TaskRunner pid=3466873)[0m arguments is of type 'FiniteSet').
[36m(TaskRunner pid=3466873)[0m 
[36m(TaskRunner pid=3466873)[0m If you really did intend to construct a power with this base, use the **
[36m(TaskRunner pid=3466873)[0m operator instead.
[36m(TaskRunner pid=3466873)[0m 
[36m(TaskRunner pid=3466873)[0m See https://docs.sympy.org/latest/explanation/active-deprecations.html#non-expr-args-deprecated
[36m(TaskRunner pid=3466873)[0m for details.
[36m(TaskRunner pid=3466873)[0m 
[36m(TaskRunner pid=3466873)[0m This has been deprecated since SymPy version 1.7. It
[36m(TaskRunner pid=3466873)[0m will be removed in a future version of SymPy.
[36m(TaskRunner pid=3466873)[0m 
[36m(TaskRunner pid=3466873)[0m <string>:1: SyntaxWarning: 'set' object is not callable; perhaps you missed a comma?
[36m(TaskRunner pid=3466873)[0m <string>:1: SymPyDeprecationWarning: 
[36m(TaskRunner pid=3466873)[0m 
[36m(TaskRunner pid=3466873)[0m Using non-Expr arguments in Pow is deprecated (in this case, one of the
[36m(TaskRunner pid=3466873)[0m arguments is of type 'FiniteSet').
[36m(TaskRunner pid=3466873)[0m 
[36m(TaskRunner pid=3466873)[0m If you really did intend to construct a power with this base, use the **
[36m(TaskRunner pid=3466873)[0m operator instead.
[36m(TaskRunner pid=3466873)[0m 
[36m(TaskRunner pid=3466873)[0m See https://docs.sympy.org/latest/explanation/active-deprecations.html#non-expr-args-deprecated
[36m(TaskRunner pid=3466873)[0m for details.
[36m(TaskRunner pid=3466873)[0m 
[36m(TaskRunner pid=3466873)[0m This has been deprecated since SymPy version 1.7. It
[36m(TaskRunner pid=3466873)[0m will be removed in a future version of SymPy.
[36m(TaskRunner pid=3466873)[0m 
[36m(TaskRunner pid=3466873)[0m <string>:1: SymPyDeprecationWarning: 
[36m(TaskRunner pid=3466873)[0m 
[36m(TaskRunner pid=3466873)[0m Using non-Expr arguments in Pow is deprecated (in this case, one of the
[36m(TaskRunner pid=3466873)[0m arguments is of type 'FiniteSet').
[36m(TaskRunner pid=3466873)[0m 
[36m(TaskRunner pid=3466873)[0m If you really did intend to construct a power with this base, use the **
[36m(TaskRunner pid=3466873)[0m operator instead.
[36m(TaskRunner pid=3466873)[0m 
[36m(TaskRunner pid=3466873)[0m See https://docs.sympy.org/latest/explanation/active-deprecations.html#non-expr-args-deprecated
[36m(TaskRunner pid=3466873)[0m for details.
[36m(TaskRunner pid=3466873)[0m 
[36m(TaskRunner pid=3466873)[0m This has been deprecated since SymPy version 1.7. It
[36m(TaskRunner pid=3466873)[0m will be removed in a future version of SymPy.
[36m(TaskRunner pid=3466873)[0m 
[36m(TaskRunner pid=3466873)[0m <string>:1: SyntaxWarning: 'set' object is not callable; perhaps you missed a comma?
[36m(TaskRunner pid=3466873)[0m <string>:1: SymPyDeprecationWarning: 
[36m(TaskRunner pid=3466873)[0m 
[36m(TaskRunner pid=3466873)[0m Using non-Expr arguments in Pow is deprecated (in this case, one of the
[36m(TaskRunner pid=3466873)[0m arguments is of type 'FiniteSet').
[36m(TaskRunner pid=3466873)[0m 
[36m(TaskRunner pid=3466873)[0m If you really did intend to construct a power with this base, use the **
[36m(TaskRunner pid=3466873)[0m operator instead.
[36m(TaskRunner pid=3466873)[0m 
[36m(TaskRunner pid=3466873)[0m See https://docs.sympy.org/latest/explanation/active-deprecations.html#non-expr-args-deprecated
[36m(TaskRunner pid=3466873)[0m for details.
[36m(TaskRunner pid=3466873)[0m 
[36m(TaskRunner pid=3466873)[0m This has been deprecated since SymPy version 1.7. It
[36m(TaskRunner pid=3466873)[0m will be removed in a future version of SymPy.
[36m(TaskRunner pid=3466873)[0m 
[36m(TaskRunner pid=3466873)[0m <string>:1: SymPyDeprecationWarning: 
[36m(TaskRunner pid=3466873)[0m 
[36m(TaskRunner pid=3466873)[0m Using non-Expr arguments in Pow is deprecated (in this case, one of the
[36m(TaskRunner pid=3466873)[0m arguments is of type 'FiniteSet').
[36m(TaskRunner pid=3466873)[0m 
[36m(TaskRunner pid=3466873)[0m If you really did intend to construct a power with this base, use the **
[36m(TaskRunner pid=3466873)[0m operator instead.
[36m(TaskRunner pid=3466873)[0m 
[36m(TaskRunner pid=3466873)[0m See https://docs.sympy.org/latest/explanation/active-deprecations.html#non-expr-args-deprecated
[36m(TaskRunner pid=3466873)[0m for details.
[36m(TaskRunner pid=3466873)[0m 
[36m(TaskRunner pid=3466873)[0m This has been deprecated since SymPy version 1.7. It
[36m(TaskRunner pid=3466873)[0m will be removed in a future version of SymPy.
[36m(TaskRunner pid=3466873)[0m 
[36m(TaskRunner pid=3466873)[0m Training Progress:  70%|███████   | 14/20 [14:05<05:24, 54.14s/it]

[36m(TaskRunner pid=3466873)[0m [Shutdown] 5 subprocess(es) terminated.
[36m(TaskRunner pid=3466873)[0m [Shutdown] 3 subprocess(es) terminated.
[36m(TaskRunner pid=3466873)[0m [Shutdown] 6 subprocess(es) terminated.
[36m(TaskRunner pid=3466873)[0m step:14 - chunk_state_source/selected_original_acc_mean:1.000 - chunk_state_source/prompt_original_pass:0.938 - chunk_state_source/prompt_original_mean:0.316 - chunk_state_source/selected_majority_consistent_mean:1.000 - chunk_state_source/prompt_majority_ratio_mean:0.322 - chunk_state_source/prompt_majority_pass:1.000 - chunk_state_source_chunk/enabled:1.000 - chunk_state_source_chunk/injected_ratio:1.000 - chunk_state_source_chunk/mean_len:128.000 - chunk_state_source_chunk/candidate_index:0.000 - chunk_state_support_anchor/enabled:1.000 - chunk_state_support_anchor/count:3.000 - chunk_state_support_anchor/candidate_start:5.000 - chunk_state_support_anchor/min_mass:0.031 - chunk_state_support_anchor/prefix_compat_enable:0.000 - chunk_state_support_anchor/prefix_compat_tokens:128.000 - chunk_state_support_anchor/min_prefix_match:0.750 - chunk_state_support_anchor/skip_source:1.000 - chunk_state_support_anchor/injected_ratio:1.000 - chunk_state_support_anchor/state_keep_ratio:1.000 - chunk_state_support_anchor/skipped_no_anchor_ratio:0.000 - chunk_state_support_anchor/skipped_by_compat_ratio:0.000 - chunk_state_support_anchor/skipped_source_ratio:0.031 - chunk_state_support_anchor/score_mean:0.037 - chunk_state_support_anchor/positive_candidate_ratio:0.375 - chunk_state_support_anchor/prefix_match_mean:1.000 - chunk_state_support_anchor/prefix_match_min:1.000 - chunk_state_support_anchor/anchor_mass_mean:0.100 - chunk_state_support_anchor/anchor_mass_max:0.542 - chunk_state_support_anchor/anchor_len_mean:126.792 - chunk_state_support_anchor/selected_rank_mean:1.000 - chunk_state_future_support_gain/group_size:32.000 - chunk_state_future_support_gain/min_mass:0.031 - chunk_state_future_support_gain/max_mass_coef:0.250 - chunk_state_future_support_gain/score_type_slack_gain:0.000 - chunk_state_future_support_gain/score_type_positive_gain:0.000 - chunk_state_future_support_gain/score_type_relative_positive_gain:0.000 - chunk_state_future_support_gain/score_type_tv_positive_gain:0.000 - chunk_state_future_support_gain/score_type_relative_tv_positive_gain:0.000 - chunk_state_future_support_gain/score_type_transport_affinity:0.000 - chunk_state_future_support_gain/score_type_transport_positive_gain:0.000 - chunk_state_future_support_gain/score_type_transport_support_gain:0.000 - chunk_state_future_support_gain/score_type_smoothed_transport_affinity:0.000 - chunk_state_future_support_gain/score_type_smoothed_transport_positive_gain:0.000 - chunk_state_future_support_gain/score_type_smoothed_transport_support_gain:1.000 - chunk_state_future_support_gain/gain_slack:0.125 - chunk_state_future_support_gain/baseline_scale:1.000 - chunk_state_future_support_gain/source_prior_weight:1.000 - chunk_state_future_support_gain/prior_smoothing:4.000 - chunk_state_future_support_gain/min_positive_margin:0.000 - chunk_state_future_support_gain/min_state_coverage:0.125 - chunk_state_future_support_gain/max_state_oov:0.875 - chunk_state_future_support_gain/min_state_mean_mass:0.015 - chunk_state_future_support_gain/min_state_max_mass:0.031 - chunk_state_future_support_gain/min_state_top_margin:0.001 - chunk_state_future_support_gain/min_candidate_coverage:0.000 - chunk_state_future_support_gain/min_candidate_mean_mass:0.000 - chunk_state_future_support_gain/source_mass_mean:0.575 - chunk_state_future_support_gain/prompt_top_mass_mean:0.575 - chunk_state_future_support_gain/support_coverage_mean:0.387 - chunk_state_future_support_gain/candidate_coverage_mean:0.387 - chunk_state_future_support_gain/candidate_quality_keep_ratio:1.000 - chunk_state_future_support_gain/mean_mass_mean:0.192 - chunk_state_future_support_gain/max_mass_mean:0.381 - chunk_state_future_support_gain/raw_gain_mean:-0.317 - chunk_state_future_support_gain/source_tv_mean:0.425 - chunk_state_future_support_gain/candidate_tv_mean:0.682 - chunk_state_future_support_gain/source_oov_tv_mean:0.425 - chunk_state_future_support_gain/candidate_oov_tv_mean:0.763 - chunk_state_future_support_gain/transport_affinity_mean:0.237 - chunk_state_future_support_gain/smoothed_candidate_oov_tv_mean:0.381 - chunk_state_future_support_gain/smoothed_transport_affinity_mean:0.619 - chunk_state_future_support_gain/tv_gain_mean:-0.257 - chunk_state_future_support_gain/transport_gain_mean:-0.338 - chunk_state_future_support_gain/smoothed_transport_gain_mean:0.043 - chunk_state_future_support_gain/score_mean_before_candidate_filter:0.064 - chunk_state_future_support_gain/score_mean:0.064 - chunk_state_future_support_gain/label_consistent_ratio_before_candidate_filter:0.578 - chunk_state_future_support_gain/label_consistent_ratio:0.578 - chunk_state_future_support_gain/improved_state_ratio:0.750 - chunk_state_future_support_gain/positive_margin_mean:0.103 - chunk_state_future_support_gain/state_oov_mean:0.613 - chunk_state_future_support_gain/state_mean_mass_mean:0.192 - chunk_state_future_support_gain/state_max_mass_mean:0.381 - chunk_state_future_support_gain/state_top_margin_mean:0.012 - chunk_state_future_support_gain/learnable_state_keep_ratio:0.125 - chunk_state_future_support_gain/state_keep_ratio:0.125 - chunk_state_probe/raw_positive_ratio:0.064 - chunk_state_score/mode_majority_completion:0.000 - chunk_state_score/mode_answer_consensus:0.000 - chunk_state_score/mode_answer_distribution:0.000 - chunk_state_score/mode_answer_value_gain:0.000 - chunk_state_score/mode_answer_value_margin:0.000 - chunk_state_score/mode_answer_support_mass:0.000 - chunk_state_score/mode_future_support_gain:1.000 - chunk_state_score/mode_support_anchor:0.000 - chunk_state_score/mode_support_flow:0.000 - chunk_state_score/mode_answer_source_consistency:0.000 - chunk_state_probe/samples:4.000 - chunk_state_diag/boundary_mean:736.000 - chunk_state_diag/boundary_min:0.000 - chunk_state_diag/boundary_max:1024.000 - chunk_state_diag/boundary_zero_ratio:0.125 - chunk_state_diag/skipped_short_sources:0.000 - chunk_state_diag/skipped_support_sources:25.000 - chunk_state_diag/majority_consistent_fallbacks:10.000 - chunk_state_diag/real_state_count:7.000 - chunk_state_diag/pad_state_count:1.000 - chunk_state_diag/loss_weight_mean:0.875 - chunk_state_diag/source_response_len_mean:1689.250 - chunk_state_diag/probe_score_std:0.075 - chunk_state_diag/state_probe_mean_max:0.172 - chunk_state_diag/state_probe_mean_min:0.000 - chunk_state_diag/state_all_positive_ratio:0.375 - chunk_state_diag/state_all_negative_ratio:0.250 - chunk_state_diag/state_mixed_ratio:0.375 - chunk_state_diag/source_majority_consistent_mean:1.000 - chunk_state_diag/source_prompt_majority_ratio_mean:0.496 - chunk_state_diag/source_answer_mass_mean:0.575 - chunk_state_diag/source_answer_mass_min:0.440 - chunk_state_diag/source_prompt_top_mass_mean:0.575 - chunk_state_diag/source_prompt_top_mass_min:0.440 - chunk_state_diag/source_pseudo_acc_mean:1.000 - chunk_state_diag/source_original_acc_mean:1.000 - chunk_state_diag/prompt_pseudo_mean:0.500 - chunk_state_diag/prompt_original_mean:0.500 - chunk_state_diag/prompt_original_pass:1.000 - chunk_state_diag/probe_mean_source_original_correct:0.064 - chunk_state_diag/probe_mean_source_original_wrong:0.000 - chunk_state_diag/source_original_correct_ratio:1.000 - chunk_state_diag/jsonl_rows:8.000 - chunk_state/num_states:8.000 - chunk_state/real_states:7.000 - chunk_state/pad_states:1.000 - chunk_state/num_candidates:64.000 - chunk_state/num_actor_samples:8.000 - chunk_state/loss_weight_mean:1.000 - chunk_state/base_loss_weight_mean:0.875 - chunk_state/zeroed_state_ratio:0.875 - chunk_state/confidence_gate_ratio:0.625 - chunk_state/confidence_weight_mean:1.000 - chunk_state/future_support_keep_ratio:0.125 - chunk_state/majority_ratio_mean:0.575 - chunk_state/answer_coverage_mean:0.387 - chunk_state/positive_ratio:0.064 - chunk_state/label_consistent_only:0.000 - chunk_state/zero_inconsistent_candidates:0.000 - chunk_state/prune_zero_weight_samples:1.000 - chunk_state/prune_padded_to_shards:0.000 - chunk_state/pruned_sample_ratio:0.875 - chunk_state/label_consistent_ratio:0.578 - chunk_state/informative_ratio:0.750 - chunk_state/kept_state_ratio:0.125 - chunk_state/target_entropy:1.888 - chunk_state/target_prior_mean:1.000 - chunk_state/target_prior_max:1.000 - chunk_state/weight_max:0.507 - chunk_state/weight_min:0.016 - chunk_state/powerflow_weight_clip:4.000 - chunk_state/powerflow_weight_clip_renorm:1.000 - chunk_state/powerflow_weight_before_clip_max:4.059 - chunk_state/powerflow_weight_before_clip_mean:1.000 - chunk_state/powerflow_weight_mean:0.996 - chunk_state/powerflow_weight_max:4.000 - chunk_state/powerflow_weight_min:0.334 - chunk_state/boxed_reward_mean:0.027 - chunk_state/boxed_reward_weighted_mean:0.073 - chunk_state/actor_batch_powerflow_weight_nonzero_ratio:1.000 - chunk_state/actor_batch_powerflow_weight_shard0_mean:4.000 - chunk_state/actor_batch_powerflow_weight_shard0_nonzero_ratio:1.000 - chunk_state/actor_batch_powerflow_weight_shard_mean_low:0.334 - chunk_state/actor_batch_powerflow_weight_shard_mean_high:4.000 - chunk_state/actor_batch_powerflow_weight_zero_shard_ratio:0.000 - chunk_state_actor_span/mode_chunk:1.000 - chunk_state_actor_span/response_len_mean:127.547 - chunk_state_actor_span/truncated_ratio:0.000 - actor/pg_loss:1.423 - actor/powerflow_loss:1.423 - actor/log_prob:-0.169 - actor/old_log_prob:0.000 - actor/ref_log_prob:-0.168 - actor/ref_log_prob/std:0.000 - actor/boxed_reward/mean:0.125 - actor/boxed_reward/min:0.125 - actor/boxed_reward/max:0.125 - actor/powerflow_weight/mean:4.000 - actor/powerflow_weight/min:4.000 - actor/powerflow_weight/max:4.000 - actor/powerflow_weight/nonzero_ratio:1.000 - actor/powerflow_local_batch_size:1.000 - actor/log_z:-1.133 - actor/importance_weight:0.800 - actor/powerflow_chunk_loss_target_only:0.000 - actor/ppo_kl:0.169 - actor/ref_kl:0.001 - actor/beta_coef:4.000 - actor/cispo_mask_ratio:0.148 - actor/cispo_dropped_tokens:19.000 - actor/condition_1_count:0.000 - actor/condition_2_count:19.000 - actor/pg_clipfrac:0.000 - actor/pg_clipfrac_lower:0.000 - actor/grad_norm:5.629 - perf/mfu/actor:0.000 - perf/max_memory_allocated_gb:166.224 - perf/max_memory_reserved_gb:176.209 - perf/cpu_memory_used_gb:790.424 - actor/lr:0.000 - timing_s/generate_sequences:17.800 - timing_s/reshard:0.478 - timing_s/gen:22.865 - timing_s/chunk_state_make_states:0.021 - timing_s/chunk_state_chunks/generate_sequences:0.522 - timing_s/chunk_state_chunks/reshard:0.364 - timing_s/chunk_state_chunks:0.938 - timing_s/chunk_state_probe/generate_sequences:6.473 - timing_s/chunk_state_probe/reshard:0.341 - timing_s/chunk_state_probe:7.158 - timing_s/chunk_state_score:6.513 - timing_s/chunk_state_build_actor_batch:0.005 - timing_s/chunk_state_ref:0.144 - timing_s/update_actor:0.453 - timing_per_token_ms/gen:0.022 - timing_per_token_ms/update_actor:0.000[36m(TaskRunner pid=3466873)[0m <string>:1: SymPyDeprecationWarning: 
[36m(TaskRunner pid=3466873)[0m 
[36m(TaskRunner pid=3466873)[0m Using non-Expr arguments in Pow is deprecated (in this case, one of the
[36m(TaskRunner pid=3466873)[0m arguments is of type 'FiniteSet').
[36m(TaskRunner pid=3466873)[0m 
[36m(TaskRunner pid=3466873)[0m If you really did intend to construct a power with this base, use the **
[36m(TaskRunner pid=3466873)[0m operator instead.
[36m(TaskRunner pid=3466873)[0m 
[36m(TaskRunner pid=3466873)[0m See https://docs.sympy.org/latest/explanation/active-deprecations.html#non-expr-args-deprecated
[36m(TaskRunner pid=3466873)[0m for details.
[36m(TaskRunner pid=3466873)[0m 
[36m(TaskRunner pid=3466873)[0m This has been deprecated since SymPy version 1.7. It
[36m(TaskRunner pid=3466873)[0m will be removed in a future version of SymPy.
[36m(TaskRunner pid=3466873)[0m 
[36m(TaskRunner pid=3466873)[0m <string>:1: SymPyDeprecationWarning: 
[36m(TaskRunner pid=3466873)[0m 
[36m(TaskRunner pid=3466873)[0m Using non-Expr arguments in Pow is deprecated (in this case, one of the
[36m(TaskRunner pid=3466873)[0m arguments is of type 'FiniteSet').
[36m(TaskRunner pid=3466873)[0m 
[36m(TaskRunner pid=3466873)[0m If you really did intend to construct a power with this base, use the **
[36m(TaskRunner pid=3466873)[0m operator instead.
[36m(TaskRunner pid=3466873)[0m 
[36m(TaskRunner pid=3466873)[0m See https://docs.sympy.org/latest/explanation/active-deprecations.html#non-expr-args-deprecated
[36m(TaskRunner pid=3466873)[0m for details.
[36m(TaskRunner pid=3466873)[0m 
[36m(TaskRunner pid=3466873)[0m This has been deprecated since SymPy version 1.7. It
[36m(TaskRunner pid=3466873)[0m will be removed in a future version of SymPy.
[36m(TaskRunner pid=3466873)[0m 
[36m(TaskRunner pid=3466873)[0m Training Progress:  75%|███████▌  | 15/20 [14:58<04:27, 53.59s/it]Training Progress:  75%|███████▌  | 15/20 [14:58<04:59, 59.88s/it]

[36m(TaskRunner pid=3466873)[0m [Shutdown] 4 subprocess(es) terminated.
[36m(TaskRunner pid=3466873)[0m [Shutdown] 46 subprocess(es) terminated.
[36m(TaskRunner pid=3466873)[0m [Shutdown] 4 subprocess(es) terminated.
[36m(TaskRunner pid=3466873)[0m step:15 - chunk_state_source/selected_original_acc_mean:1.000 - chunk_state_source/prompt_original_pass:0.906 - chunk_state_source/prompt_original_mean:0.330 - chunk_state_source/selected_majority_consistent_mean:1.000 - chunk_state_source/prompt_majority_ratio_mean:0.346 - chunk_state_source/prompt_majority_pass:1.000 - chunk_state_source_chunk/enabled:1.000 - chunk_state_source_chunk/injected_ratio:1.000 - chunk_state_source_chunk/mean_len:128.000 - chunk_state_source_chunk/candidate_index:0.000 - chunk_state_support_anchor/enabled:1.000 - chunk_state_support_anchor/count:3.000 - chunk_state_support_anchor/candidate_start:5.000 - chunk_state_support_anchor/min_mass:0.031 - chunk_state_support_anchor/prefix_compat_enable:0.000 - chunk_state_support_anchor/prefix_compat_tokens:128.000 - chunk_state_support_anchor/min_prefix_match:0.750 - chunk_state_support_anchor/skip_source:1.000 - chunk_state_support_anchor/injected_ratio:1.000 - chunk_state_support_anchor/state_keep_ratio:1.000 - chunk_state_support_anchor/skipped_no_anchor_ratio:0.000 - chunk_state_support_anchor/skipped_by_compat_ratio:0.000 - chunk_state_support_anchor/skipped_source_ratio:0.031 - chunk_state_support_anchor/score_mean:0.128 - chunk_state_support_anchor/positive_candidate_ratio:0.375 - chunk_state_support_anchor/prefix_match_mean:1.000 - chunk_state_support_anchor/prefix_match_min:1.000 - chunk_state_support_anchor/anchor_mass_mean:0.341 - chunk_state_support_anchor/anchor_mass_max:0.821 - chunk_state_support_anchor/anchor_len_mean:106.875 - chunk_state_support_anchor/selected_rank_mean:1.000 - chunk_state_future_support_gain/group_size:32.000 - chunk_state_future_support_gain/min_mass:0.031 - chunk_state_future_support_gain/max_mass_coef:0.250 - chunk_state_future_support_gain/score_type_slack_gain:0.000 - chunk_state_future_support_gain/score_type_positive_gain:0.000 - chunk_state_future_support_gain/score_type_relative_positive_gain:0.000 - chunk_state_future_support_gain/score_type_tv_positive_gain:0.000 - chunk_state_future_support_gain/score_type_relative_tv_positive_gain:0.000 - chunk_state_future_support_gain/score_type_transport_affinity:0.000 - chunk_state_future_support_gain/score_type_transport_positive_gain:0.000 - chunk_state_future_support_gain/score_type_transport_support_gain:0.000 - chunk_state_future_support_gain/score_type_smoothed_transport_affinity:0.000 - chunk_state_future_support_gain/score_type_smoothed_transport_positive_gain:0.000 - chunk_state_future_support_gain/score_type_smoothed_transport_support_gain:1.000 - chunk_state_future_support_gain/gain_slack:0.125 - chunk_state_future_support_gain/baseline_scale:1.000 - chunk_state_future_support_gain/source_prior_weight:1.000 - chunk_state_future_support_gain/prior_smoothing:4.000 - chunk_state_future_support_gain/min_positive_margin:0.000 - chunk_state_future_support_gain/min_state_coverage:0.125 - chunk_state_future_support_gain/max_state_oov:0.875 - chunk_state_future_support_gain/min_state_mean_mass:0.015 - chunk_state_future_support_gain/min_state_max_mass:0.031 - chunk_state_future_support_gain/min_state_top_margin:0.001 - chunk_state_future_support_gain/min_candidate_coverage:0.000 - chunk_state_future_support_gain/min_candidate_mean_mass:0.000 - chunk_state_future_support_gain/source_mass_mean:0.632 - chunk_state_future_support_gain/prompt_top_mass_mean:0.632 - chunk_state_future_support_gain/support_coverage_mean:0.246 - chunk_state_future_support_gain/candidate_coverage_mean:0.246 - chunk_state_future_support_gain/candidate_quality_keep_ratio:1.000 - chunk_state_future_support_gain/mean_mass_mean:0.134 - chunk_state_future_support_gain/max_mass_mean:0.577 - chunk_state_future_support_gain/raw_gain_mean:-0.446 - chunk_state_future_support_gain/source_tv_mean:0.368 - chunk_state_future_support_gain/candidate_tv_mean:0.723 - chunk_state_future_support_gain/source_oov_tv_mean:0.368 - chunk_state_future_support_gain/candidate_oov_tv_mean:0.823 - chunk_state_future_support_gain/transport_affinity_mean:0.177 - chunk_state_future_support_gain/smoothed_candidate_oov_tv_mean:0.412 - chunk_state_future_support_gain/smoothed_transport_affinity_mean:0.588 - chunk_state_future_support_gain/tv_gain_mean:-0.355 - chunk_state_future_support_gain/transport_gain_mean:-0.456 - chunk_state_future_support_gain/smoothed_transport_gain_mean:-0.044 - chunk_state_future_support_gain/score_mean_before_candidate_filter:0.039 - chunk_state_future_support_gain/score_mean:0.039 - chunk_state_future_support_gain/label_consistent_ratio_before_candidate_filter:0.516 - chunk_state_future_support_gain/label_consistent_ratio:0.516 - chunk_state_future_support_gain/improved_state_ratio:0.875 - chunk_state_future_support_gain/positive_margin_mean:0.083 - chunk_state_future_support_gain/state_oov_mean:0.754 - chunk_state_future_support_gain/state_mean_mass_mean:0.134 - chunk_state_future_support_gain/state_max_mass_mean:0.577 - chunk_state_future_support_gain/state_top_margin_mean:0.029 - chunk_state_future_support_gain/learnable_state_keep_ratio:0.250 - chunk_state_future_support_gain/state_keep_ratio:0.250 - chunk_state_probe/raw_positive_ratio:0.039 - chunk_state_score/mode_majority_completion:0.000 - chunk_state_score/mode_answer_consensus:0.000 - chunk_state_score/mode_answer_distribution:0.000 - chunk_state_score/mode_answer_value_gain:0.000 - chunk_state_score/mode_answer_value_margin:0.000 - chunk_state_score/mode_answer_support_mass:0.000 - chunk_state_score/mode_future_support_gain:1.000 - chunk_state_score/mode_support_anchor:0.000 - chunk_state_score/mode_support_flow:0.000 - chunk_state_score/mode_answer_source_consistency:0.000 - chunk_state_probe/samples:4.000 - chunk_state_diag/boundary_mean:832.000 - chunk_state_diag/boundary_min:512.000 - chunk_state_diag/boundary_max:1024.000 - chunk_state_diag/boundary_zero_ratio:0.000 - chunk_state_diag/skipped_short_sources:0.000 - chunk_state_diag/skipped_support_sources:25.000 - chunk_state_diag/majority_consistent_fallbacks:10.000 - chunk_state_diag/real_state_count:7.000 - chunk_state_diag/pad_state_count:1.000 - chunk_state_diag/loss_weight_mean:0.875 - chunk_state_diag/source_response_len_mean:1907.750 - chunk_state_diag/probe_score_std:0.063 - chunk_state_diag/state_probe_mean_max:0.128 - chunk_state_diag/state_probe_mean_min:0.000 - chunk_state_diag/state_all_positive_ratio:0.250 - chunk_state_diag/state_all_negative_ratio:0.125 - chunk_state_diag/state_mixed_ratio:0.625 - chunk_state_diag/source_majority_consistent_mean:1.000 - chunk_state_diag/source_prompt_majority_ratio_mean:0.562 - chunk_state_diag/source_answer_mass_mean:0.632 - chunk_state_diag/source_answer_mass_min:0.481 - chunk_state_diag/source_prompt_top_mass_mean:0.632 - chunk_state_diag/source_prompt_top_mass_min:0.481 - chunk_state_diag/source_pseudo_acc_mean:1.000 - chunk_state_diag/source_original_acc_mean:1.000 - chunk_state_diag/prompt_pseudo_mean:0.582 - chunk_state_diag/prompt_original_mean:0.582 - chunk_state_diag/prompt_original_pass:1.000 - chunk_state_diag/probe_mean_source_original_correct:0.039 - chunk_state_diag/probe_mean_source_original_wrong:0.000 - chunk_state_diag/source_original_correct_ratio:1.000 - chunk_state_diag/jsonl_rows:8.000 - chunk_state/num_states:8.000 - chunk_state/real_states:7.000 - chunk_state/pad_states:1.000 - chunk_state/num_candidates:64.000 - chunk_state/num_actor_samples:16.000 - chunk_state/loss_weight_mean:1.000 - chunk_state/base_loss_weight_mean:0.875 - chunk_state/zeroed_state_ratio:0.750 - chunk_state/confidence_gate_ratio:0.500 - chunk_state/confidence_weight_mean:1.000 - chunk_state/future_support_keep_ratio:0.250 - chunk_state/majority_ratio_mean:0.632 - chunk_state/answer_coverage_mean:0.246 - chunk_state/positive_ratio:0.039 - chunk_state/label_consistent_only:0.000 - chunk_state/zero_inconsistent_candidates:0.000 - chunk_state/prune_zero_weight_samples:1.000 - chunk_state/prune_padded_to_shards:0.000 - chunk_state/pruned_sample_ratio:0.750 - chunk_state/label_consistent_ratio:0.516 - chunk_state/informative_ratio:0.875 - chunk_state/kept_state_ratio:0.250 - chunk_state/target_entropy:1.877 - chunk_state/target_prior_mean:1.000 - chunk_state/target_prior_max:1.000 - chunk_state/weight_max:0.522 - chunk_state/weight_min:0.009 - chunk_state/powerflow_weight_clip:4.000 - chunk_state/powerflow_weight_clip_renorm:1.000 - chunk_state/powerflow_weight_before_clip_max:1.549 - chunk_state/powerflow_weight_before_clip_mean:1.000 - chunk_state/powerflow_weight_mean:1.000 - chunk_state/powerflow_weight_max:1.549 - chunk_state/powerflow_weight_min:0.070 - chunk_state/boxed_reward_mean:0.126 - chunk_state/boxed_reward_weighted_mean:0.158 - chunk_state/actor_batch_powerflow_weight_nonzero_ratio:1.000 - chunk_state/actor_batch_powerflow_weight_shard0_mean:1.314 - chunk_state/actor_batch_powerflow_weight_shard0_nonzero_ratio:1.000 - chunk_state/actor_batch_powerflow_weight_shard_mean_low:0.688 - chunk_state/actor_batch_powerflow_weight_shard_mean_high:1.314 - chunk_state/actor_batch_powerflow_weight_zero_shard_ratio:0.000 - chunk_state_actor_span/mode_chunk:1.000 - chunk_state_actor_span/response_len_mean:120.078 - chunk_state_actor_span/truncated_ratio:0.000 - actor/pg_loss:0.915 - actor/powerflow_loss:0.915 - actor/log_prob:-0.296 - actor/old_log_prob:0.000 - actor/ref_log_prob:-0.297 - actor/ref_log_prob/std:0.000 - actor/boxed_reward/mean:0.163 - actor/boxed_reward/min:0.146 - actor/boxed_reward/max:0.181 - actor/powerflow_weight/mean:1.314 - actor/powerflow_weight/min:1.078 - actor/powerflow_weight/max:1.549 - actor/powerflow_weight/nonzero_ratio:1.000 - actor/powerflow_local_batch_size:1.000 - actor/log_z:-0.836 - actor/importance_weight:0.800 - actor/powerflow_chunk_loss_target_only:0.000 - actor/ppo_kl:0.296 - actor/ref_kl:-0.000 - actor/beta_coef:4.000 - actor/cispo_mask_ratio:0.262 - actor/cispo_dropped_tokens:33.500 - actor/condition_1_count:0.000 - actor/condition_2_count:33.500 - actor/pg_clipfrac:0.000 - actor/pg_clipfrac_lower:0.000 - actor/grad_norm:18.321 - perf/mfu/actor:0.000 - perf/max_memory_allocated_gb:166.224 - perf/max_memory_reserved_gb:176.209 - perf/cpu_memory_used_gb:790.550 - actor/lr:0.000 - timing_s/generate_sequences:17.365 - timing_s/reshard:0.463 - timing_s/gen:21.976 - timing_s/chunk_state_make_states:0.021 - timing_s/chunk_state_chunks/generate_sequences:0.529 - timing_s/chunk_state_chunks/reshard:0.357 - timing_s/chunk_state_chunks:0.929 - timing_s/chunk_state_probe/generate_sequences:6.593 - timing_s/chunk_state_probe/reshard:0.402 - timing_s/chunk_state_probe:7.239 - timing_s/chunk_state_score:9.399 - timing_s/chunk_state_build_actor_batch:0.005 - timing_s/chunk_state_ref:0.257 - timing_s/update_actor:0.697 - timing_per_token_ms/gen:0.023 - timing_per_token_ms/update_actor:0.001
