MODEL_READY: /models/Qwen2.5-Math-7B
Using python: /mlx_devbox/users/quyanyi/playground/.venvs/ttrl_b200/bin/python
Using model: /models/Qwen2.5-Math-7B
Using data: /mlx_devbox/users/quyanyi/playground/TTRL/verl/data/MATH-TTT
Output directory: /tmp/ttrl_b200/checkpoints/ttrl_chunk_state_powerflow_anchor_standard3_mid_c128_probe4_b32_r32_v64_20260801
Actor offload: param=False optimizer=False activation=False
Rollout: free_cache_engine=False enforce_eager=False gpu_memory_utilization=0.82
Critic offload: param=False optimizer=False activation=False
/mlx_devbox/users/quyanyi/playground/TTRL/verl/verl/__init__.py:18: UserWarning: pkg_resources is deprecated as an API. See https://setuptools.pypa.io/en/latest/pkg_resources.html. The pkg_resources package is slated for removal as early as 2025-11-30. Refrain from using this package or pin to Setuptools<81.
  import pkg_resources
/mlx_devbox/users/quyanyi/playground/.venvs/ttrl_b200/lib/python3.11/site-packages/huggingface_hub/constants.py:298: FutureWarning: The `HF_HUB_ENABLE_HF_TRANSFER` environment variable is deprecated as 'hf_transfer' is not used anymore. Please use `HF_XET_HIGH_PERFORMANCE` instead to enable high performance transfer with Xet. Visit https://huggingface.co/docs/huggingface_hub/package_reference/environment_variables#hfxethighperformance for more details.
  warnings.warn(
2026-08-01 09:34:55,787	INFO worker.py:2024 -- Started a local Ray instance.
[36m(pid=1475453)[0m /mlx_devbox/users/quyanyi/playground/TTRL/verl/verl/__init__.py:18: UserWarning: pkg_resources is deprecated as an API. See https://setuptools.pypa.io/en/latest/pkg_resources.html. The pkg_resources package is slated for removal as early as 2025-11-30. Refrain from using this package or pin to Setuptools<81.
[36m(pid=1475453)[0m   import pkg_resources
[36m(pid=1475453)[0m /mlx_devbox/users/quyanyi/playground/.venvs/ttrl_b200/lib/python3.11/site-packages/huggingface_hub/constants.py:298: FutureWarning: The `HF_HUB_ENABLE_HF_TRANSFER` environment variable is deprecated as 'hf_transfer' is not used anymore. Please use `HF_XET_HIGH_PERFORMANCE` instead to enable high performance transfer with Xet. Visit https://huggingface.co/docs/huggingface_hub/package_reference/environment_variables#hfxethighperformance for more details.
[36m(pid=1475453)[0m   warnings.warn(
[36m(TaskRunner pid=1475453)[0m TaskRunner hostname: trial-302172199-trialrun-302172199-worker-0, PID: 1475453
[36m(TaskRunner pid=1475453)[0m {'actor_rollout_ref': {'actor': {'checkpoint': {'load_contents': ['model',
[36m(TaskRunner pid=1475453)[0m                                                                   'optimizer',
[36m(TaskRunner pid=1475453)[0m                                                                   'extra'],
[36m(TaskRunner pid=1475453)[0m                                                 'save_contents': ['model',
[36m(TaskRunner pid=1475453)[0m                                                                   'optimizer',
[36m(TaskRunner pid=1475453)[0m                                                                   'extra']},
[36m(TaskRunner pid=1475453)[0m                                  'chunk_weighted_nll_enable': False,
[36m(TaskRunner pid=1475453)[0m                                  'clip_ratio': 0.2,
[36m(TaskRunner pid=1475453)[0m                                  'clip_ratio_c': 3.0,
[36m(TaskRunner pid=1475453)[0m                                  'clip_ratio_high': 0.2,
[36m(TaskRunner pid=1475453)[0m                                  'clip_ratio_low': 0.2,
[36m(TaskRunner pid=1475453)[0m                                  'entropy_checkpointing': False,
[36m(TaskRunner pid=1475453)[0m                                  'entropy_coeff': 0,
[36m(TaskRunner pid=1475453)[0m                                  'entropy_from_logits_with_chunking': False,
[36m(TaskRunner pid=1475453)[0m                                  'fsdp_config': {'forward_prefetch': False,
[36m(TaskRunner pid=1475453)[0m                                                  'fsdp_size': -1,
[36m(TaskRunner pid=1475453)[0m                                                  'offload_policy': False,
[36m(TaskRunner pid=1475453)[0m                                                  'optimizer_offload': False,
[36m(TaskRunner pid=1475453)[0m                                                  'param_offload': False,
[36m(TaskRunner pid=1475453)[0m                                                  'reshard_after_forward': True,
[36m(TaskRunner pid=1475453)[0m                                                  'wrap_policy': {'min_num_params': 0}},
[36m(TaskRunner pid=1475453)[0m                                  'grad_clip': 1.0,
[36m(TaskRunner pid=1475453)[0m                                  'kl_loss_coef': 0.001,
[36m(TaskRunner pid=1475453)[0m                                  'kl_loss_type': 'low_var_kl',
[36m(TaskRunner pid=1475453)[0m                                  'loss_agg_mode': 'token-mean',
[36m(TaskRunner pid=1475453)[0m                                  'optim': {'lr': 5e-07,
[36m(TaskRunner pid=1475453)[0m                                            'lr_warmup_steps': -1,
[36m(TaskRunner pid=1475453)[0m                                            'lr_warmup_steps_ratio': 0.03,
[36m(TaskRunner pid=1475453)[0m                                            'min_lr_ratio': 0.0,
[36m(TaskRunner pid=1475453)[0m                                            'num_cycles': 0.5,
[36m(TaskRunner pid=1475453)[0m                                            'total_training_steps': -1,
[36m(TaskRunner pid=1475453)[0m                                            'warmup_style': 'cosine',
[36m(TaskRunner pid=1475453)[0m                                            'weight_decay': 0.01},
[36m(TaskRunner pid=1475453)[0m                                  'policy_loss': {'clip_cov_lb': 1.0,
[36m(TaskRunner pid=1475453)[0m                                                  'clip_cov_ratio': 0.0002,
[36m(TaskRunner pid=1475453)[0m                                                  'clip_cov_ub': 5.0,
[36m(TaskRunner pid=1475453)[0m                                                  'kl_cov_ratio': 0.0002,
[36m(TaskRunner pid=1475453)[0m                                                  'loss_mode': 'vanilla',
[36m(TaskRunner pid=1475453)[0m                                                  'ppo_kl_coef': 0.1},
[36m(TaskRunner pid=1475453)[0m                                  'powerflow_beta_coef': 4.0,
[36m(TaskRunner pid=1475453)[0m                                  'powerflow_chunk_loss_mode': 'standard',
[36m(TaskRunner pid=1475453)[0m                                  'powerflow_enable': True,
[36m(TaskRunner pid=1475453)[0m                                  'powerflow_init_ref_log_prob': 0.36,
[36m(TaskRunner pid=1475453)[0m                                  'powerflow_on_policy': False,
[36m(TaskRunner pid=1475453)[0m                                  'powerflow_proj_layers': 3,
[36m(TaskRunner pid=1475453)[0m                                  'powerflow_use_boxed_reward': True,
[36m(TaskRunner pid=1475453)[0m                                  'powerflow_use_chunk_weights': True,
[36m(TaskRunner pid=1475453)[0m                                  'ppo_epochs': 1,
[36m(TaskRunner pid=1475453)[0m                                  'ppo_max_token_len_per_gpu': 2048,
[36m(TaskRunner pid=1475453)[0m                                  'ppo_micro_batch_size': None,
[36m(TaskRunner pid=1475453)[0m                                  'ppo_micro_batch_size_per_gpu': 4,
[36m(TaskRunner pid=1475453)[0m                                  'ppo_mini_batch_size': 32,
[36m(TaskRunner pid=1475453)[0m                                  'profiler': {'all_ranks': False,
[36m(TaskRunner pid=1475453)[0m                                               'discrete': False,
[36m(TaskRunner pid=1475453)[0m                                               'ranks': None},
[36m(TaskRunner pid=1475453)[0m                                  'shuffle': False,
[36m(TaskRunner pid=1475453)[0m                                  'strategy': 'fsdp',
[36m(TaskRunner pid=1475453)[0m                                  'ulysses_sequence_parallel_size': 1,
[36m(TaskRunner pid=1475453)[0m                                  'use_dynamic_bsz': False,
[36m(TaskRunner pid=1475453)[0m                                  'use_kl_loss': False,
[36m(TaskRunner pid=1475453)[0m                                  'use_torch_compile': True},
[36m(TaskRunner pid=1475453)[0m                        'hybrid_engine': True,
[36m(TaskRunner pid=1475453)[0m                        'model': {'attn_implementation': 'sdpa',
[36m(TaskRunner pid=1475453)[0m                                  'custom_chat_template': None,
[36m(TaskRunner pid=1475453)[0m                                  'enable_activation_offload': False,
[36m(TaskRunner pid=1475453)[0m                                  'enable_gradient_checkpointing': True,
[36m(TaskRunner pid=1475453)[0m                                  'exclude_modules': None,
[36m(TaskRunner pid=1475453)[0m                                  'external_lib': None,
[36m(TaskRunner pid=1475453)[0m                                  'fused_kernel_options': {'impl_backend': 'triton'},
[36m(TaskRunner pid=1475453)[0m                                  'lora_alpha': 16,
[36m(TaskRunner pid=1475453)[0m                                  'lora_rank': 0,
[36m(TaskRunner pid=1475453)[0m                                  'override_config': {},
[36m(TaskRunner pid=1475453)[0m                                  'path': '/models/Qwen2.5-Math-7B',
[36m(TaskRunner pid=1475453)[0m                                  'target_modules': 'all-linear',
[36m(TaskRunner pid=1475453)[0m                                  'trust_remote_code': False,
[36m(TaskRunner pid=1475453)[0m                                  'use_fused_kernels': True,
[36m(TaskRunner pid=1475453)[0m                                  'use_liger': False,
[36m(TaskRunner pid=1475453)[0m                                  'use_remove_padding': True,
[36m(TaskRunner pid=1475453)[0m                                  'use_shm': False},
[36m(TaskRunner pid=1475453)[0m                        'ref': {'entropy_checkpointing': False,
[36m(TaskRunner pid=1475453)[0m                                'entropy_from_logits_with_chunking': False,
[36m(TaskRunner pid=1475453)[0m                                'fsdp_config': {'forward_prefetch': False,
[36m(TaskRunner pid=1475453)[0m                                                'param_offload': True,
[36m(TaskRunner pid=1475453)[0m                                                'reshard_after_forward': True,
[36m(TaskRunner pid=1475453)[0m                                                'wrap_policy': {'min_num_params': 0}},
[36m(TaskRunner pid=1475453)[0m                                'log_prob_max_token_len_per_gpu': 2048,
[36m(TaskRunner pid=1475453)[0m                                'log_prob_micro_batch_size': None,
[36m(TaskRunner pid=1475453)[0m                                'log_prob_micro_batch_size_per_gpu': 4,
[36m(TaskRunner pid=1475453)[0m                                'log_prob_use_dynamic_bsz': False,
[36m(TaskRunner pid=1475453)[0m                                'profiler': {'all_ranks': False,
[36m(TaskRunner pid=1475453)[0m                                             'discrete': False,
[36m(TaskRunner pid=1475453)[0m                                             'ranks': None},
[36m(TaskRunner pid=1475453)[0m                                'strategy': 'fsdp',
[36m(TaskRunner pid=1475453)[0m                                'ulysses_sequence_parallel_size': 1,
[36m(TaskRunner pid=1475453)[0m                                'use_torch_compile': True},
[36m(TaskRunner pid=1475453)[0m                        'rollout': {'agent': {'num_workers': 8},
[36m(TaskRunner pid=1475453)[0m                                    'calculate_log_probs': True,
[36m(TaskRunner pid=1475453)[0m                                    'disable_log_stats': True,
[36m(TaskRunner pid=1475453)[0m                                    'do_sample': True,
[36m(TaskRunner pid=1475453)[0m                                    'dtype': 'bfloat16',
[36m(TaskRunner pid=1475453)[0m                                    'enable_chunked_prefill': True,
[36m(TaskRunner pid=1475453)[0m                                    'enforce_eager': False,
[36m(TaskRunner pid=1475453)[0m                                    'engine_kwargs': {'sglang': {'attention_backend': None},
[36m(TaskRunner pid=1475453)[0m                                                      'vllm': {'attention_config': {'backend': 'FLASH_ATTN'},
[36m(TaskRunner pid=1475453)[0m                                                               'disable_mm_preprocessor_cache': False,
[36m(TaskRunner pid=1475453)[0m                                                               'swap_space': None}},
[36m(TaskRunner pid=1475453)[0m                                    'free_cache_engine': False,
[36m(TaskRunner pid=1475453)[0m                                    'gpu_memory_utilization': 0.82,
[36m(TaskRunner pid=1475453)[0m                                    'ignore_eos': False,
[36m(TaskRunner pid=1475453)[0m                                    'layered_summon': False,
[36m(TaskRunner pid=1475453)[0m                                    'load_format': 'dummy_dtensor',
[36m(TaskRunner pid=1475453)[0m                                    'log_prob_max_token_len_per_gpu': 2048,
[36m(TaskRunner pid=1475453)[0m                                    'log_prob_micro_batch_size': None,
[36m(TaskRunner pid=1475453)[0m                                    'log_prob_micro_batch_size_per_gpu': 4,
[36m(TaskRunner pid=1475453)[0m                                    'log_prob_use_dynamic_bsz': False,
[36m(TaskRunner pid=1475453)[0m                                    'logprobs': 1,
[36m(TaskRunner pid=1475453)[0m                                    'max_model_len': 4096,
[36m(TaskRunner pid=1475453)[0m                                    'max_num_batched_tokens': 32768,
[36m(TaskRunner pid=1475453)[0m                                    'max_num_seqs': 1024,
[36m(TaskRunner pid=1475453)[0m                                    'mode': 'sync',
[36m(TaskRunner pid=1475453)[0m                                    'multi_stage_wake_up': False,
[36m(TaskRunner pid=1475453)[0m                                    'multi_turn': {'completion_callback': None,
[36m(TaskRunner pid=1475453)[0m                                                   'enable': False,
[36m(TaskRunner pid=1475453)[0m                                                   'format': 'hermes',
[36m(TaskRunner pid=1475453)[0m                                                   'interaction_config_path': None,
[36m(TaskRunner pid=1475453)[0m                                                   'max_assistant_turns': None,
[36m(TaskRunner pid=1475453)[0m                                                   'max_parallel_calls': 1,
[36m(TaskRunner pid=1475453)[0m                                                   'max_tool_response_length': 256,
[36m(TaskRunner pid=1475453)[0m                                                   'max_user_turns': None,
[36m(TaskRunner pid=1475453)[0m                                                   'tokenization_sanity_check_mode': 'strict',
[36m(TaskRunner pid=1475453)[0m                                                   'tool_config_path': None,
[36m(TaskRunner pid=1475453)[0m                                                   'tool_response_truncate_side': 'middle',
[36m(TaskRunner pid=1475453)[0m                                                   'use_inference_chat_template': False},
[36m(TaskRunner pid=1475453)[0m                                    'n': 32,
[36m(TaskRunner pid=1475453)[0m                                    'name': 'vllm',
[36m(TaskRunner pid=1475453)[0m                                    'profiler': {'all_ranks': False,
[36m(TaskRunner pid=1475453)[0m                                                 'discrete': False,
[36m(TaskRunner pid=1475453)[0m                                                 'ranks': None},
[36m(TaskRunner pid=1475453)[0m                                    'prompt_length': 1024,
[36m(TaskRunner pid=1475453)[0m                                    'response_length': 3072,
[36m(TaskRunner pid=1475453)[0m                                    'temperature': 1.0,
[36m(TaskRunner pid=1475453)[0m                                    'tensor_model_parallel_size': 1,
[36m(TaskRunner pid=1475453)[0m                                    'top_k': -1,
[36m(TaskRunner pid=1475453)[0m                                    'top_p': 1,
[36m(TaskRunner pid=1475453)[0m                                    'use_rollout_log_probs_as_old': True,
[36m(TaskRunner pid=1475453)[0m                                    'val_kwargs': {'do_sample': True,
[36m(TaskRunner pid=1475453)[0m                                                   'n': 16,
[36m(TaskRunner pid=1475453)[0m                                                   'temperature': 0.6,
[36m(TaskRunner pid=1475453)[0m                                                   'top_k': -1,
[36m(TaskRunner pid=1475453)[0m                                                   'top_p': 0.95}}},
[36m(TaskRunner pid=1475453)[0m  'algorithm': {'adv_estimator': 'grpo',
[36m(TaskRunner pid=1475453)[0m                'gamma': 1.0,
[36m(TaskRunner pid=1475453)[0m                'kl_ctrl': {'horizon': 10000,
[36m(TaskRunner pid=1475453)[0m                            'kl_coef': 0.0,
[36m(TaskRunner pid=1475453)[0m                            'target_kl': 0.1,
[36m(TaskRunner pid=1475453)[0m                            'type': 'fixed'},
[36m(TaskRunner pid=1475453)[0m                'kl_penalty': 'kl',
[36m(TaskRunner pid=1475453)[0m                'lam': 1.0,
[36m(TaskRunner pid=1475453)[0m                'norm_adv_by_std_in_grpo': True,
[36m(TaskRunner pid=1475453)[0m                'pf_ppo': {'reweight_method': 'pow', 'weight_pow': 2.0},
[36m(TaskRunner pid=1475453)[0m                'use_kl_in_reward': False,
[36m(TaskRunner pid=1475453)[0m                'use_pf_ppo': False},
[36m(TaskRunner pid=1475453)[0m  'critic': {'checkpoint': {'load_contents': ['model', 'optimizer', 'extra'],
[36m(TaskRunner pid=1475453)[0m                            'save_contents': ['model', 'optimizer', 'extra']},
[36m(TaskRunner pid=1475453)[0m             'cliprange_value': 0.5,
[36m(TaskRunner pid=1475453)[0m             'forward_max_token_len_per_gpu': 32768,
[36m(TaskRunner pid=1475453)[0m             'forward_micro_batch_size': None,
[36m(TaskRunner pid=1475453)[0m             'forward_micro_batch_size_per_gpu': 4,
[36m(TaskRunner pid=1475453)[0m             'grad_clip': 1.0,
[36m(TaskRunner pid=1475453)[0m             'loss_agg_mode': 'token-mean',
[36m(TaskRunner pid=1475453)[0m             'model': {'attn_implementation': 'sdpa',
[36m(TaskRunner pid=1475453)[0m                       'enable_activation_offload': False,
[36m(TaskRunner pid=1475453)[0m                       'enable_gradient_checkpointing': True,
[36m(TaskRunner pid=1475453)[0m                       'external_lib': None,
[36m(TaskRunner pid=1475453)[0m                       'fsdp_config': {'forward_prefetch': False,
[36m(TaskRunner pid=1475453)[0m                                       'fsdp_size': -1,
[36m(TaskRunner pid=1475453)[0m                                       'offload_policy': False,
[36m(TaskRunner pid=1475453)[0m                                       'optimizer_offload': False,
[36m(TaskRunner pid=1475453)[0m                                       'param_offload': False,
[36m(TaskRunner pid=1475453)[0m                                       'reshard_after_forward': True,
[36m(TaskRunner pid=1475453)[0m                                       'wrap_policy': {'min_num_params': 0}},
[36m(TaskRunner pid=1475453)[0m                       'lora_alpha': 16,
[36m(TaskRunner pid=1475453)[0m                       'lora_rank': 0,
[36m(TaskRunner pid=1475453)[0m                       'override_config': {},
[36m(TaskRunner pid=1475453)[0m                       'path': '/models/Qwen2.5-Math-7B',
[36m(TaskRunner pid=1475453)[0m                       'target_modules': 'all-linear',
[36m(TaskRunner pid=1475453)[0m                       'tokenizer_path': '/models/Qwen2.5-Math-7B',
[36m(TaskRunner pid=1475453)[0m                       'trust_remote_code': False,
[36m(TaskRunner pid=1475453)[0m                       'use_remove_padding': True,
[36m(TaskRunner pid=1475453)[0m                       'use_shm': False},
[36m(TaskRunner pid=1475453)[0m             'optim': {'lr': 9e-06,
[36m(TaskRunner pid=1475453)[0m                       'lr_warmup_steps_ratio': 0.0,
[36m(TaskRunner pid=1475453)[0m                       'min_lr_ratio': None,
[36m(TaskRunner pid=1475453)[0m                       'total_training_steps': -1,
[36m(TaskRunner pid=1475453)[0m                       'warmup_style': 'constant',
[36m(TaskRunner pid=1475453)[0m                       'weight_decay': 0.01},
[36m(TaskRunner pid=1475453)[0m             'ppo_epochs': 1,
[36m(TaskRunner pid=1475453)[0m             'ppo_max_token_len_per_gpu': 32768,
[36m(TaskRunner pid=1475453)[0m             'ppo_micro_batch_size': None,
[36m(TaskRunner pid=1475453)[0m             'ppo_micro_batch_size_per_gpu': 4,
[36m(TaskRunner pid=1475453)[0m             'ppo_mini_batch_size': 32,
[36m(TaskRunner pid=1475453)[0m             'profiler': {'all_ranks': False, 'discrete': False, 'ranks': None},
[36m(TaskRunner pid=1475453)[0m             'rollout_n': 32,
[36m(TaskRunner pid=1475453)[0m             'shuffle': False,
[36m(TaskRunner pid=1475453)[0m             'strategy': 'fsdp',
[36m(TaskRunner pid=1475453)[0m             'ulysses_sequence_parallel_size': 1,
[36m(TaskRunner pid=1475453)[0m             'use_dynamic_bsz': False},
[36m(TaskRunner pid=1475453)[0m  'custom_reward_function': {'name': 'reward_func',
[36m(TaskRunner pid=1475453)[0m                             'path': './verl/utils/reward_score/ttrl_math/__init__.py'},
[36m(TaskRunner pid=1475453)[0m  'data': {'custom_cls': {'name': None, 'path': None},
[36m(TaskRunner pid=1475453)[0m           'filter_overlong_prompts': True,
[36m(TaskRunner pid=1475453)[0m           'filter_overlong_prompts_workers': 1,
[36m(TaskRunner pid=1475453)[0m           'image_key': 'images',
[36m(TaskRunner pid=1475453)[0m           'max_prompt_length': 1024,
[36m(TaskRunner pid=1475453)[0m           'max_response_length': 3072,
[36m(TaskRunner pid=1475453)[0m           'prompt_key': 'prompt',
[36m(TaskRunner pid=1475453)[0m           'return_full_prompt': False,
[36m(TaskRunner pid=1475453)[0m           'return_raw_chat': False,
[36m(TaskRunner pid=1475453)[0m           'return_raw_input_ids': False,
[36m(TaskRunner pid=1475453)[0m           'reward_fn_key': 'data_source',
[36m(TaskRunner pid=1475453)[0m           'shuffle': True,
[36m(TaskRunner pid=1475453)[0m           'tokenizer': None,
[36m(TaskRunner pid=1475453)[0m           'train_batch_size': 32,
[36m(TaskRunner pid=1475453)[0m           'train_files': ['/mlx_devbox/users/quyanyi/playground/TTRL/verl/data/MATH-TTT/train.parquet'],
[36m(TaskRunner pid=1475453)[0m           'truncation': 'error',
[36m(TaskRunner pid=1475453)[0m           'trust_remote_code': False,
[36m(TaskRunner pid=1475453)[0m           'use_shm': False,
[36m(TaskRunner pid=1475453)[0m           'val_batch_size': None,
[36m(TaskRunner pid=1475453)[0m           'val_files': ['/mlx_devbox/users/quyanyi/playground/TTRL/verl/data/MATH-TTT/test.parquet'],
[36m(TaskRunner pid=1475453)[0m           'validation_shuffle': False,
[36m(TaskRunner pid=1475453)[0m           'video_key': 'videos'},
[36m(TaskRunner pid=1475453)[0m  'ray_init': {'num_cpus': None, 'timeline_json_file': None},
[36m(TaskRunner pid=1475453)[0m  'reward_model': {'enable': False,
[36m(TaskRunner pid=1475453)[0m                   'forward_max_token_len_per_gpu': 32768,
[36m(TaskRunner pid=1475453)[0m                   'launch_reward_fn_async': False,
[36m(TaskRunner pid=1475453)[0m                   'max_length': None,
[36m(TaskRunner pid=1475453)[0m                   'micro_batch_size': None,
[36m(TaskRunner pid=1475453)[0m                   'micro_batch_size_per_gpu': None,
[36m(TaskRunner pid=1475453)[0m                   'model': {'attn_implementation': 'sdpa',
[36m(TaskRunner pid=1475453)[0m                             'external_lib': None,
[36m(TaskRunner pid=1475453)[0m                             'fsdp_config': {'forward_prefetch': False,
[36m(TaskRunner pid=1475453)[0m                                             'fsdp_size': -1,
[36m(TaskRunner pid=1475453)[0m                                             'param_offload': False,
[36m(TaskRunner pid=1475453)[0m                                             'reshard_after_forward': True,
[36m(TaskRunner pid=1475453)[0m                                             'wrap_policy': {'min_num_params': 0}},
[36m(TaskRunner pid=1475453)[0m                             'input_tokenizer': '/models/Qwen2.5-Math-7B',
[36m(TaskRunner pid=1475453)[0m                             'path': '~/models/FsfairX-LLaMA3-RM-v0.1',
[36m(TaskRunner pid=1475453)[0m                             'trust_remote_code': False,
[36m(TaskRunner pid=1475453)[0m                             'use_fused_kernels': True,
[36m(TaskRunner pid=1475453)[0m                             'use_remove_padding': False,
[36m(TaskRunner pid=1475453)[0m                             'use_shm': False},
[36m(TaskRunner pid=1475453)[0m                   'num_processes': 128,
[36m(TaskRunner pid=1475453)[0m                   'profiler': {'all_ranks': False,
[36m(TaskRunner pid=1475453)[0m                                'discrete': False,
[36m(TaskRunner pid=1475453)[0m                                'ranks': None},
[36m(TaskRunner pid=1475453)[0m                   'reward_manager': 'prime',
[36m(TaskRunner pid=1475453)[0m                   'sandbox_fusion': {'max_concurrent': 64,
[36m(TaskRunner pid=1475453)[0m                                      'memory_limit_mb': 1024,
[36m(TaskRunner pid=1475453)[0m                                      'url': None},
[36m(TaskRunner pid=1475453)[0m                   'strategy': 'fsdp',
[36m(TaskRunner pid=1475453)[0m                   'ulysses_sequence_parallel_size': 1,
[36m(TaskRunner pid=1475453)[0m                   'use_dynamic_bsz': False},
[36m(TaskRunner pid=1475453)[0m  'trainer': {'balance_batch': True,
[36m(TaskRunner pid=1475453)[0m              'controller_nsight_options': {'cuda-graph-trace': 'graph',
[36m(TaskRunner pid=1475453)[0m                                            'cuda-memory-usage': 'true',
[36m(TaskRunner pid=1475453)[0m                                            'trace': 'cuda,nvtx,cublas,ucx'},
[36m(TaskRunner pid=1475453)[0m              'critic_warmup': 0,
[36m(TaskRunner pid=1475453)[0m              'default_hdfs_dir': None,
[36m(TaskRunner pid=1475453)[0m              'default_local_dir': '/tmp/ttrl_b200/checkpoints/ttrl_chunk_state_powerflow_anchor_standard3_mid_c128_probe4_b32_r32_v64_20260801',
[36m(TaskRunner pid=1475453)[0m              'del_local_ckpt_after_load': False,
[36m(TaskRunner pid=1475453)[0m              'device': 'cuda',
[36m(TaskRunner pid=1475453)[0m              'esi_redundant_time': 0,
[36m(TaskRunner pid=1475453)[0m              'experiment_name': '0801-ttrl_chunk_state_powerflow_anchor_standard3_mid_c128_probe4_b32_r32_v64_20260801-MATH-TTT-Qwen2.5-Math-7B-answer-value-margin-top2-mid-c128-powerflow',
[36m(TaskRunner pid=1475453)[0m              'final_val_enable': False,
[36m(TaskRunner pid=1475453)[0m              'log_val_generations': 0,
[36m(TaskRunner pid=1475453)[0m              'logger': ['console'],
[36m(TaskRunner pid=1475453)[0m              'max_actor_ckpt_to_keep': 0,
[36m(TaskRunner pid=1475453)[0m              'max_critic_ckpt_to_keep': 0,
[36m(TaskRunner pid=1475453)[0m              'n_gpus_per_node': 8,
[36m(TaskRunner pid=1475453)[0m              'nnodes': 1,
[36m(TaskRunner pid=1475453)[0m              'profile_steps': None,
[36m(TaskRunner pid=1475453)[0m              'project_name': 'TTRL-verl-local',
[36m(TaskRunner pid=1475453)[0m              'ray_wait_register_center_timeout': 300,
[36m(TaskRunner pid=1475453)[0m              'resume_from_path': None,
[36m(TaskRunner pid=1475453)[0m              'resume_mode': 'disable',
[36m(TaskRunner pid=1475453)[0m              'rollout_data_dir': None,
[36m(TaskRunner pid=1475453)[0m              'save_freq': 2000000,
[36m(TaskRunner pid=1475453)[0m              'test_freq': 2000000,
[36m(TaskRunner pid=1475453)[0m              'total_epochs': 10,
[36m(TaskRunner pid=1475453)[0m              'total_training_steps': 3,
[36m(TaskRunner pid=1475453)[0m              'val_before_train': False,
[36m(TaskRunner pid=1475453)[0m              'val_only': False,
[36m(TaskRunner pid=1475453)[0m              'validation_data_dir': None,
[36m(TaskRunner pid=1475453)[0m              'worker_nsight_options': {'capture-range': 'cudaProfilerApi',
[36m(TaskRunner pid=1475453)[0m                                        'capture-range-end': None,
[36m(TaskRunner pid=1475453)[0m                                        'cuda-graph-trace': 'graph',
[36m(TaskRunner pid=1475453)[0m                                        'cuda-memory-usage': 'true',
[36m(TaskRunner pid=1475453)[0m                                        'kill': 'none',
[36m(TaskRunner pid=1475453)[0m                                        'trace': 'cuda,nvtx,cublas,ucx'}},
[36m(TaskRunner pid=1475453)[0m  'ttrl': {'chunk_state_actor_span': 'chunk',
[36m(TaskRunner pid=1475453)[0m           'chunk_state_alpha': 2.0,
[36m(TaskRunner pid=1475453)[0m           'chunk_state_boundaries': [0,
[36m(TaskRunner pid=1475453)[0m                                      128,
[36m(TaskRunner pid=1475453)[0m                                      256,
[36m(TaskRunner pid=1475453)[0m                                      384,
[36m(TaskRunner pid=1475453)[0m                                      512,
[36m(TaskRunner pid=1475453)[0m                                      640,
[36m(TaskRunner pid=1475453)[0m                                      768,
[36m(TaskRunner pid=1475453)[0m                                      896,
[36m(TaskRunner pid=1475453)[0m                                      1024],
[36m(TaskRunner pid=1475453)[0m           'chunk_state_boundary_mode': 'mid',
[36m(TaskRunner pid=1475453)[0m           'chunk_state_candidates': 8,
[36m(TaskRunner pid=1475453)[0m           'chunk_state_chunk_size': 128,
[36m(TaskRunner pid=1475453)[0m           'chunk_state_confidence_power': 0.0,
[36m(TaskRunner pid=1475453)[0m           'chunk_state_diag_enable': True,
[36m(TaskRunner pid=1475453)[0m           'chunk_state_diag_jsonl': '/mlx_devbox/users/quyanyi/playground/TTRL/important_experiment_logs/chunk_state_diag/ttrl_chunk_state_powerflow_anchor_standard3_mid_c128_probe4_b32_r32_v64_20260801.jsonl',
[36m(TaskRunner pid=1475453)[0m           'chunk_state_enable': True,
[36m(TaskRunner pid=1475453)[0m           'chunk_state_eps': 0.05,
[36m(TaskRunner pid=1475453)[0m           'chunk_state_format_guard': True,
[36m(TaskRunner pid=1475453)[0m           'chunk_state_label_consistent_only': True,
[36m(TaskRunner pid=1475453)[0m           'chunk_state_majority_num_processes': 16,
[36m(TaskRunner pid=1475453)[0m           'chunk_state_max_answer_chars': 128,
[36m(TaskRunner pid=1475453)[0m           'chunk_state_max_boxed_count': 8,
[36m(TaskRunner pid=1475453)[0m           'chunk_state_max_prefix_tokens': 1024,
[36m(TaskRunner pid=1475453)[0m           'chunk_state_mid_boundary_max_ratio': 0.8,
[36m(TaskRunner pid=1475453)[0m           'chunk_state_mid_boundary_min_ratio': 0.25,
[36m(TaskRunner pid=1475453)[0m           'chunk_state_min_answer_coverage': 0.6,
[36m(TaskRunner pid=1475453)[0m           'chunk_state_min_boundary': 0,
[36m(TaskRunner pid=1475453)[0m           'chunk_state_min_informative_gap': 0.0,
[36m(TaskRunner pid=1475453)[0m           'chunk_state_min_majority_ratio': 0.2,
[36m(TaskRunner pid=1475453)[0m           'chunk_state_probe_max_tokens': 1024,
[36m(TaskRunner pid=1475453)[0m           'chunk_state_probe_samples': 4,
[36m(TaskRunner pid=1475453)[0m           'chunk_state_score_mode': 'answer_value_margin',
[36m(TaskRunner pid=1475453)[0m           'chunk_state_skip_all_negative': True,
[36m(TaskRunner pid=1475453)[0m           'chunk_state_skip_uniform': True,
[36m(TaskRunner pid=1475453)[0m           'chunk_state_source_chunk_candidate_index': 0,
[36m(TaskRunner pid=1475453)[0m           'chunk_state_source_chunk_enable': True,
[36m(TaskRunner pid=1475453)[0m           'chunk_state_source_mode': 'majority_consistent',
[36m(TaskRunner pid=1475453)[0m           'chunk_state_states_per_prompt': 1,
[36m(TaskRunner pid=1475453)[0m           'chunk_state_teacher_anchor_candidate_index': 0,
[36m(TaskRunner pid=1475453)[0m           'chunk_state_teacher_anchor_enable': True,
[36m(TaskRunner pid=1475453)[0m           'chunk_state_teacher_anchor_score': 0.5,
[36m(TaskRunner pid=1475453)[0m           'chunk_state_value_margin': 0.125,
[36m(TaskRunner pid=1475453)[0m           'chunk_state_value_topk': 2,
[36m(TaskRunner pid=1475453)[0m           'enable': True,
[36m(TaskRunner pid=1475453)[0m           'majority_vote_num_processes': 64,
[36m(TaskRunner pid=1475453)[0m           'n_samples_per_prompt': 32,
[36m(TaskRunner pid=1475453)[0m           'n_votes_per_prompt': 64,
[36m(TaskRunner pid=1475453)[0m           'powerflow_no_majority': False,
[36m(TaskRunner pid=1475453)[0m           'sharpened_alpha': 2.0,
[36m(TaskRunner pid=1475453)[0m           'sharpened_conf_temperature': 1.0,
[36m(TaskRunner pid=1475453)[0m           'sharpened_enable': False,
[36m(TaskRunner pid=1475453)[0m           'sharpened_negative_enable': True,
[36m(TaskRunner pid=1475453)[0m           'sharpened_negative_reward': -0.25,
[36m(TaskRunner pid=1475453)[0m           'sharpened_reward_mode': 'prob',
[36m(TaskRunner pid=1475453)[0m           'sharpened_soft_coef': 0.25,
[36m(TaskRunner pid=1475453)[0m           'sharpened_tau_low': 0.125,
[36m(TaskRunner pid=1475453)[0m           'sharpened_tau_marg': 0.125,
[36m(TaskRunner pid=1475453)[0m           'sharpened_tau_pos': 0.375,
[36m(TaskRunner pid=1475453)[0m Generating train split: 0 examples [00:00, ? examples/s]Generating train split: 500 examples [00:00, 143926.43 examples/s]
[36m(TaskRunner pid=1475453)[0m Setting TOKENIZERS_PARALLELISM=false for forked processes.
[36m(TaskRunner pid=1475453)[0m WARNING:2026-08-01 09:35:29,378:Setting TOKENIZERS_PARALLELISM=false for forked processes.
[36m(TaskRunner pid=1475453)[0m Filtering prompts longer than 1024 tokens (num_proc=1):   0%|          | 0/500 [00:00<?, ? examples/s]
[36m(TaskRunner pid=1475453)[0m Filtering prompts longer than 1024 tokens (num_proc=1): 100%|██████████| 500/500 [00:01<00:00, 292.88 examples/s]
[36m(TaskRunner pid=1475453)[0m Filtering prompts longer than 1024 tokens (num_proc=1): 100%|██████████| 500/500 [00:01<00:00, 273.52 examples/s]
[36m(TaskRunner pid=1475453)[0m Generating train split: 0 examples [00:00, ? examples/s]Generating train split: 500 examples [00:00, 149828.68 examples/s]
[36m(TaskRunner pid=1475453)[0m Setting TOKENIZERS_PARALLELISM=false for forked processes.
[36m(TaskRunner pid=1475453)[0m WARNING:2026-08-01 09:35:32,337:Setting TOKENIZERS_PARALLELISM=false for forked processes.
[36m(TaskRunner pid=1475453)[0m Filtering prompts longer than 1024 tokens (num_proc=1):   0%|          | 0/500 [00:00<?, ? examples/s]
[36m(TaskRunner pid=1475453)[0m Filtering prompts longer than 1024 tokens (num_proc=1): 100%|██████████| 500/500 [00:01<00:00, 295.45 examples/s]
[36m(TaskRunner pid=1475453)[0m Filtering prompts longer than 1024 tokens (num_proc=1): 100%|██████████| 500/500 [00:01<00:00, 272.10 examples/s]
[36m(TaskRunner pid=1475453)[0m DeprecationWarning: `ray.state.available_resources_per_node` is a private attribute and access will be removed in a future Ray version.
[36m(pid=1475455)[0m /mlx_devbox/users/quyanyi/playground/TTRL/verl/verl/__init__.py:18: UserWarning: pkg_resources is deprecated as an API. See https://setuptools.pypa.io/en/latest/pkg_resources.html. The pkg_resources package is slated for removal as early as 2025-11-30. Refrain from using this package or pin to Setuptools<81.
[36m(pid=1475455)[0m   import pkg_resources
[36m(pid=1475455)[0m /mlx_devbox/users/quyanyi/playground/.venvs/ttrl_b200/lib/python3.11/site-packages/huggingface_hub/constants.py:298: FutureWarning: The `HF_HUB_ENABLE_HF_TRANSFER` environment variable is deprecated as 'hf_transfer' is not used anymore. Please use `HF_XET_HIGH_PERFORMANCE` instead to enable high performance transfer with Xet. Visit https://huggingface.co/docs/huggingface_hub/package_reference/environment_variables#hfxethighperformance for more details.
[36m(pid=1475455)[0m   warnings.warn(
[36m(pid=1475456)[0m /mlx_devbox/users/quyanyi/playground/TTRL/verl/verl/__init__.py:18: UserWarning: pkg_resources is deprecated as an API. See https://setuptools.pypa.io/en/latest/pkg_resources.html. The pkg_resources package is slated for removal as early as 2025-11-30. Refrain from using this package or pin to Setuptools<81.[32m [repeated 7x across cluster] (Ray deduplicates logs by default. Set RAY_DEDUP_LOGS=0 to disable log deduplication, or see https://docs.ray.io/en/master/ray-observability/user-guides/configure-logging.html#log-deduplication for more options.)[0m
[36m(pid=1475456)[0m   import pkg_resources[32m [repeated 7x across cluster][0m
[36m(WorkerDict pid=1475455)[0m WARNING:2026-08-01 09:35:54,331:Initializing torch.distributed: rank=0 world_size=8 init_method=tcp://[fdbd:dc61:ff:f000:ffff:ffff:0:16]:55371 master=fdbd:dc61:ff:f000:ffff:ffff:0:16:55371
[36m(pid=1475456)[0m /mlx_devbox/users/quyanyi/playground/.venvs/ttrl_b200/lib/python3.11/site-packages/huggingface_hub/constants.py:298: FutureWarning: The `HF_HUB_ENABLE_HF_TRANSFER` environment variable is deprecated as 'hf_transfer' is not used anymore. Please use `HF_XET_HIGH_PERFORMANCE` instead to enable high performance transfer with Xet. Visit https://huggingface.co/docs/huggingface_hub/package_reference/environment_variables#hfxethighperformance for more details.[32m [repeated 7x across cluster][0m
[36m(pid=1475456)[0m   warnings.warn([32m [repeated 7x across cluster][0m
[36m(WorkerDict pid=1475455)[0m [W801 09:35:56.583517596 ProcessGroupNCCL.cpp:932] Warning: TORCH_NCCL_AVOID_RECORD_STREAMS is the default now, this environment variable is thus deprecated. (function operator())
[36m(WorkerDict pid=1475461)[0m Loading weights:   0%|          | 0/339 [00:00<?, ?it/s]
[36m(WorkerDict pid=1475461)[0m Loading weights: 100%|██████████| 339/339 [00:00<00:00, 12817.71it/s]
[36m(WorkerDict pid=1475460)[0m Loading weights:   0%|          | 0/339 [00:00<?, ?it/s]Loading weights: 100%|██████████| 339/339 [00:00<00:00, 11690.79it/s]
[36m(TaskRunner pid=1475453)[0m           'sharpened_use_confidence': True}}
[36m(TaskRunner pid=1475453)[0m using customized reward function 'reward_func' from './verl/utils/reward_score/ttrl_math/__init__.py'
[36m(TaskRunner pid=1475453)[0m using customized reward function 'reward_func' from './verl/utils/reward_score/ttrl_math/__init__.py'
[36m(TaskRunner pid=1475453)[0m Using dataset class: RLHFDataset
[36m(TaskRunner pid=1475453)[0m dataset len: 500
[36m(TaskRunner pid=1475453)[0m filter dataset len: 500
[36m(TaskRunner pid=1475453)[0m Using dataset class: RLHFDataset
[36m(TaskRunner pid=1475453)[0m dataset len: 500
[36m(TaskRunner pid=1475453)[0m filter dataset len: 500
[36m(TaskRunner pid=1475453)[0m [validate_config] All configuration checks passed successfully!
[36m(TaskRunner pid=1475453)[0m Size of train dataloader: 15, Size of val dataloader: 1
[36m(TaskRunner pid=1475453)[0m Total training steps: 3
[36m(TaskRunner pid=1475453)[0m colocated worker base class <class 'verl.single_controller.base.worker.Worker'>
[36m(WorkerDict pid=1475455)[0m Model config after override: Qwen2Config {
[36m(WorkerDict pid=1475455)[0m   "architectures": [
[36m(WorkerDict pid=1475455)[0m     "Qwen2ForCausalLM"
[36m(WorkerDict pid=1475455)[0m   ],
[36m(WorkerDict pid=1475455)[0m   "attention_dropout": 0.0,
[36m(WorkerDict pid=1475455)[0m   "bos_token_id": null,
[36m(WorkerDict pid=1475455)[0m   "dtype": "bfloat16",
[36m(WorkerDict pid=1475455)[0m   "eos_token_id": 151643,
[36m(WorkerDict pid=1475455)[0m   "hidden_act": "silu",
[36m(WorkerDict pid=1475455)[0m   "hidden_size": 3584,
[36m(WorkerDict pid=1475455)[0m   "initializer_range": 0.02,
[36m(WorkerDict pid=1475455)[0m   "intermediate_size": 18944,
[36m(WorkerDict pid=1475455)[0m   "layer_types": [
[36m(WorkerDict pid=1475455)[0m     "full_attention",
[36m(WorkerDict pid=1475455)[0m     "full_attention",
[36m(WorkerDict pid=1475455)[0m     "full_attention",
[36m(WorkerDict pid=1475455)[0m     "full_attention",
[36m(WorkerDict pid=1475455)[0m     "full_attention",
[36m(WorkerDict pid=1475455)[0m     "full_attention",
[36m(WorkerDict pid=1475455)[0m     "full_attention",
[36m(WorkerDict pid=1475455)[0m     "full_attention",
[36m(WorkerDict pid=1475455)[0m     "full_attention",
[36m(WorkerDict pid=1475455)[0m     "full_attention",
[36m(WorkerDict pid=1475455)[0m     "full_attention",
[36m(WorkerDict pid=1475455)[0m     "full_attention",
[36m(WorkerDict pid=1475455)[0m     "full_attention",
[36m(WorkerDict pid=1475455)[0m     "full_attention",
[36m(WorkerDict pid=1475455)[0m     "full_attention",
[36m(WorkerDict pid=1475455)[0m     "full_attention",
[36m(WorkerDict pid=1475455)[0m     "full_attention",
[36m(WorkerDict pid=1475455)[0m     "full_attention",
[36m(WorkerDict pid=1475455)[0m     "full_attention",
[36m(WorkerDict pid=1475455)[0m     "full_attention",
[36m(WorkerDict pid=1475455)[0m     "full_attention",
[36m(WorkerDict pid=1475455)[0m     "full_attention",
[36m(WorkerDict pid=1475455)[0m     "full_attention",
[36m(WorkerDict pid=1475455)[0m     "full_attention",
[36m(WorkerDict pid=1475455)[0m     "full_attention",
[36m(WorkerDict pid=1475455)[0m     "full_attention",
[36m(WorkerDict pid=1475455)[0m     "full_attention",
[36m(WorkerDict pid=1475455)[0m     "full_attention"
[36m(WorkerDict pid=1475455)[0m   ],
[36m(WorkerDict pid=1475455)[0m   "max_position_embeddings": 4096,
[36m(WorkerDict pid=1475455)[0m   "max_window_layers": 28,
[36m(WorkerDict pid=1475455)[0m   "model_type": "qwen2",
[36m(WorkerDict pid=1475455)[0m   "num_attention_heads": 28,
[36m(WorkerDict pid=1475455)[0m   "num_hidden_layers": 28,
[36m(WorkerDict pid=1475455)[0m   "num_key_value_heads": 4,
[36m(WorkerDict pid=1475455)[0m   "pad_token_id": 151643,
[36m(WorkerDict pid=1475455)[0m   "rms_norm_eps": 1e-06,
[36m(WorkerDict pid=1475455)[0m   "rope_parameters": {
[36m(WorkerDict pid=1475455)[0m     "rope_theta": 10000,
[36m(WorkerDict pid=1475455)[0m     "rope_type": "default"
[36m(WorkerDict pid=1475455)[0m   },
[36m(WorkerDict pid=1475455)[0m   "sliding_window": null,
[36m(WorkerDict pid=1475455)[0m   "tie_word_embeddings": false,
[36m(WorkerDict pid=1475455)[0m   "transformers_version": "5.12.1",
[36m(WorkerDict pid=1475455)[0m   "use_cache": true,
[36m(WorkerDict pid=1475455)[0m   "use_mrope": false,
[36m(WorkerDict pid=1475455)[0m   "use_sliding_window": false,
[36m(WorkerDict pid=1475455)[0m   "vocab_size": 152064
[36m(WorkerDict pid=1475455)[0m }
[36m(WorkerDict pid=1475455)[0m 
[36m(WorkerDict pid=1475461)[0m Monkey patch _flash_attention_forward in transformers.integrations.flash_attention
[36m(WorkerDict pid=1475461)[0m Using Triton backend for fused kernels in Qwen2ForCausalLM
[36m(WorkerDict pid=1475455)[0m ref attention implementation verified: sdpa
[36m(WorkerDict pid=1475455)[0m Qwen2ForCausalLM contains 7.62B parameters
[36m(WorkerDict pid=1475455)[0m wrap_policy: functools.partial(<function _or_policy at 0x7f967e68b420>, policies=[functools.partial(<function transformer_auto_wrap_policy at 0x7f967e68b2e0>, transformer_layer_cls={<class 'transformers.models.qwen2.modeling_qwen2.Qwen2DecoderLayer'>})])
[36m(WorkerDict pid=1475455)[0m trial-302172199-trialrun-302172199-worker-0:1475455:1475455 [0] NCCL INFO ENV/Plugin: Could not find: libnccl-env.so
[36m(WorkerDict pid=1475455)[0m trial-302172199-trialrun-302172199-worker-0:1475455:1475455 [0] NCCL INFO NCCL_SOCKET_FAMILY set by environment to AF_INET6
[36m(WorkerDict pid=1475455)[0m trial-302172199-trialrun-302172199-worker-0:1475455:1475455 [0] NCCL INFO NCCL_SOCKET_IFNAME set by environment to =eth0
[36m(WorkerDict pid=1475455)[0m trial-302172199-trialrun-302172199-worker-0:1475455:1475455 [0] NCCL INFO cudaDriverVersion 13000
[36m(WorkerDict pid=1475455)[0m trial-302172199-trialrun-302172199-worker-0:1475455:1475455 [0] NCCL INFO NCCL version 2.28.9+cuda13.0
[36m(WorkerDict pid=1475455)[0m trial-302172199-trialrun-302172199-worker-0:1475455:1475455 [0] NCCL INFO Comm config Blocking set to 1
[36m(WorkerDict pid=1475455)[0m trial-302172199-trialrun-302172199-worker-0:1475455:1475455 [0] NCCL INFO NCCL_NET_PLUGIN set by environment to none
[36m(WorkerDict pid=1475455)[0m trial-302172199-trialrun-302172199-worker-0:1475455:1475455 [0] NCCL INFO NCCL_SOCKET_FAMILY set by environment to AF_INET6
[36m(WorkerDict pid=1475455)[0m trial-302172199-trialrun-302172199-worker-0:1475455:1475455 [0] NCCL INFO NCCL_SOCKET_IFNAME set by environment to =eth0
[36m(WorkerDict pid=1475455)[0m trial-302172199-trialrun-302172199-worker-0:1475455:1475455 [0] NCCL INFO NET/Socket : Using [0]eth0:fdbd:dc61:ff:f000:ffff:ffff:0:16<0>
[36m(WorkerDict pid=1475455)[0m trial-302172199-trialrun-302172199-worker-0:1475455:1475455 [0] NCCL INFO Initialized NET plugin Socket
[36m(WorkerDict pid=1475455)[0m trial-302172199-trialrun-302172199-worker-0:1475455:1475455 [0] NCCL INFO Assigned NET plugin Socket to comm
[36m(WorkerDict pid=1475455)[0m trial-302172199-trialrun-302172199-worker-0:1475455:1475455 [0] NCCL INFO Using network Socket
[36m(WorkerDict pid=1475455)[0m trial-302172199-trialrun-302172199-worker-0:1475455:1475455 [0] NCCL INFO ncclCommInitRankConfig comm 0x1017e3d0 rank 0 nranks 8 cudaDev 0 nvmlDev 0 busId f000 commId 0xb67e9ff262bb1936 - Init START
[36m(WorkerDict pid=1475455)[0m trial-302172199-trialrun-302172199-worker-0:1475455:1475455 [0] NCCL INFO RAS client listening socket at ::1<28028>
[36m(WorkerDict pid=1475455)[0m trial-302172199-trialrun-302172199-worker-0:1475455:1475455 [0] NCCL INFO MNNVL busId 0xf000 fabric UUID 0.0 cliqueId 0x0 state 3 healthMask 0x80
[36m(WorkerDict pid=1475455)[0m trial-302172199-trialrun-302172199-worker-0:1475455:1475455 [0] NCCL INFO Could not find real path of /sys/class/pci_bus/fffffff/../../fffffff:ff:f
[36m(WorkerDict pid=1475455)[0m trial-302172199-trialrun-302172199-worker-0:1475455:1475455 [0] NCCL INFO TOPO/NET : Importing network plugins to topology
[36m(WorkerDict pid=1475455)[0m trial-302172199-trialrun-302172199-worker-0:1475455:1475455 [0] NCCL INFO ncclTopoPopulateNics : Filled eth0 in topo with pciPath=(null) keep=1 coll=(null)
[36m(WorkerDict pid=1475455)[0m trial-302172199-trialrun-302172199-worker-0:1475455:1475455 [0] NCCL INFO === System : maxBw 721.8 totalBw 721.8 ===
[36m(WorkerDict pid=1475455)[0m trial-302172199-trialrun-302172199-worker-0:1475455:1475455 [0] NCCL INFO CPU/0-0 (1/1/4)
[36m(WorkerDict pid=1475455)[0m trial-302172199-trialrun-302172199-worker-0:1475455:1475455 [0] NCCL INFO + PCI[5000.0] - NIC/0-0
[36m(WorkerDict pid=1475455)[0m trial-302172199-trialrun-302172199-worker-0:1475455:1475455 [0] NCCL INFO                 + NET[1.2] - NET/0-0 (0/0/0/1.250000)
[36m(WorkerDict pid=1475455)[0m trial-302172199-trialrun-302172199-worker-0:1475455:1475455 [0] NCCL INFO                 + NET[1.2] - NET/0-0 (0/0/0/1.250000)
[36m(WorkerDict pid=1475455)[0m trial-302172199-trialrun-302172199-worker-0:1475455:1475455 [0] NCCL INFO + PCI[48.0] - PCI/0-8000 (1000c0301000ffff)
[36m(WorkerDict pid=1475455)[0m trial-302172199-trialrun-302172199-worker-0:1475455:1475455 [0] NCCL INFO               + PCI[48.0] - GPU/0-f000 (0)
[36m(WorkerDict pid=1475455)[0m trial-302172199-trialrun-302172199-worker-0:1475455:1475455 [0] NCCL INFO                             + NVL[721.8] - NVS/0-0
[36m(WorkerDict pid=1475455)[0m trial-302172199-trialrun-302172199-worker-0:1475455:1475455 [0] NCCL INFO + PCI[48.0] - PCI/0-26000 (1000c0301000ffff)
[36m(WorkerDict pid=1475455)[0m trial-302172199-trialrun-302172199-worker-0:1475455:1475455 [0] NCCL INFO               + PCI[48.0] - GPU/0-2d000 (1)
[36m(WorkerDict pid=1475455)[0m trial-302172199-trialrun-302172199-worker-0:1475455:1475455 [0] NCCL INFO                             + NVL[721.8] - NVS/0-0
[36m(WorkerDict pid=1475455)[0m trial-302172199-trialrun-302172199-worker-0:1475455:1475455 [0] NCCL INFO + PCI[48.0] - PCI/0-3d000 (1000c0301000ffff)
[36m(WorkerDict pid=1475455)[0m trial-302172199-trialrun-302172199-worker-0:1475455:1475455 [0] NCCL INFO               + PCI[48.0] - GPU/0-44000 (2)
[36m(WorkerDict pid=1475455)[0m trial-302172199-trialrun-302172199-worker-0:1475455:1475455 [0] NCCL INFO                             + NVL[721.8] - NVS/0-0
[36m(WorkerDict pid=1475455)[0m trial-302172199-trialrun-302172199-worker-0:1475455:1475455 [0] NCCL INFO + PCI[48.0] - PCI/0-54000 (1000c0301000ffff)
[36m(WorkerDict pid=1475455)[0m trial-302172199-trialrun-302172199-worker-0:1475455:1475455 [0] NCCL INFO               + PCI[48.0] - GPU/0-5b000 (3)
[36m(WorkerDict pid=1475455)[0m trial-302172199-trialrun-302172199-worker-0:1475455:1475455 [0] NCCL INFO                             + NVL[721.8] - NVS/0-0
[36m(WorkerDict pid=1475455)[0m trial-302172199-trialrun-302172199-worker-0:1475455:1475455 [0] NCCL INFO + SYS[40.0] - CPU/0-1
[36m(WorkerDict pid=1475455)[0m trial-302172199-trialrun-302172199-worker-0:1475455:1475455 [0] NCCL INFO CPU/0-1 (1/1/4)
[36m(WorkerDict pid=1475455)[0m trial-302172199-trialrun-302172199-worker-0:1475455:1475455 [0] NCCL INFO + PCI[48.0] - PCI/0-82000 (1000c0301000ffff)
[36m(WorkerDict pid=1475455)[0m trial-302172199-trialrun-302172199-worker-0:1475455:1475455 [0] NCCL INFO               + PCI[48.0] - GPU/0-89000 (4)
[36m(WorkerDict pid=1475455)[0m trial-302172199-trialrun-302172199-worker-0:1475455:1475455 [0] NCCL INFO                             + NVL[721.8] - NVS/0-0
[36m(WorkerDict pid=1475455)[0m trial-302172199-trialrun-302172199-worker-0:1475455:1475455 [0] NCCL INFO + PCI[48.0] - PCI/0-a1000 (1000c0301000ffff)
[36m(WorkerDict pid=1475455)[0m trial-302172199-trialrun-302172199-worker-0:1475455:1475455 [0] NCCL INFO               + PCI[48.0] - GPU/0-a8000 (5)
[36m(WorkerDict pid=1475455)[0m trial-302172199-trialrun-302172199-worker-0:1475455:1475455 [0] NCCL INFO                             + NVL[721.8] - NVS/0-0
[36m(WorkerDict pid=1475455)[0m trial-302172199-trialrun-302172199-worker-0:1475455:1475455 [0] NCCL INFO + PCI[48.0] - PCI/0-b9000 (1000c0301000ffff)
[36m(WorkerDict pid=1475455)[0m trial-302172199-trialrun-302172199-worker-0:1475455:1475455 [0] NCCL INFO               + PCI[48.0] - GPU/0-c0000 (6)
[36m(WorkerDict pid=1475455)[0m trial-302172199-trialrun-302172199-worker-0:1475455:1475455 [0] NCCL INFO                             + NVL[721.8] - NVS/0-0
[36m(WorkerDict pid=1475455)[0m trial-302172199-trialrun-302172199-worker-0:1475455:1475455 [0] NCCL INFO + PCI[48.0] - PCI/0-d1000 (1000c0301000ffff)
[36m(WorkerDict pid=1475455)[0m trial-302172199-trialrun-302172199-worker-0:1475455:1475455 [0] NCCL INFO               + PCI[48.0] - GPU/0-d8000 (7)
[36m(WorkerDict pid=1475455)[0m trial-302172199-trialrun-302172199-worker-0:1475455:1475455 [0] NCCL INFO                             + NVL[721.8] - NVS/0-0
[36m(WorkerDict pid=1475455)[0m trial-302172199-trialrun-302172199-worker-0:1475455:1475455 [0] NCCL INFO + SYS[40.0] - CPU/0-0
[36m(WorkerDict pid=1475455)[0m trial-302172199-trialrun-302172199-worker-0:1475455:1475455 [0] NCCL INFO ==========================================
[36m(WorkerDict pid=1475455)[0m trial-302172199-trialrun-302172199-worker-0:1475455:1475455 [0] NCCL INFO GPU/0-f000 :GPU/0-f000 (0/5000.0/LOC) GPU/0-2d000 (2/721.8/NVL) GPU/0-44000 (2/721.8/NVL) GPU/0-5b000 (2/721.8/NVL) GPU/0-89000 (2/721.8/NVL) GPU/0-a8000 (2/721.8/NVL) GPU/0-c0000 (2/721.8/NVL) GPU/0-d8000 (2/721.8/NVL) NVS/0-0 (1/721.8/NVL) CPU/0-0 (2/48.0/PHB) CPU/0-1 (3/40.0/SYS) NET/0-0 (4/1.2/PHB) NET/0-0 (0/0.0/DIS) 
[36m(WorkerDict pid=1475455)[0m trial-302172199-trialrun-302172199-worker-0:1475455:1475455 [0] NCCL INFO GPU/0-2d000 :GPU/0-f000 (2/721.8/NVL) GPU/0-2d000 (0/5000.0/LOC) GPU/0-44000 (2/721.8/NVL) GPU/0-5b000 (2/721.8/NVL) GPU/0-89000 (2/721.8/NVL) GPU/0-a8000 (2/721.8/NVL) GPU/0-c0000 (2/721.8/NVL) GPU/0-d8000 (2/721.8/NVL) NVS/0-0 (1/721.8/NVL) CPU/0-0 (2/48.0/PHB) CPU/0-1 (3/40.0/SYS) NET/0-0 (4/1.2/PHB) NET/0-0 (0/0.0/DIS) 
[36m(WorkerDict pid=1475455)[0m trial-302172199-trialrun-302172199-worker-0:1475455:1475455 [0] NCCL INFO GPU/0-44000 :GPU/0-f000 (2/721.8/NVL) GPU/0-2d000 (2/721.8/NVL) GPU/0-44000 (0/5000.0/LOC) GPU/0-5b000 (2/721.8/NVL) GPU/0-89000 (2/721.8/NVL) GPU/0-a8000 (2/721.8/NVL) GPU/0-c0000 (2/721.8/NVL) GPU/0-d8000 (2/721.8/NVL) NVS/0-0 (1/721.8/NVL) CPU/0-0 (2/48.0/PHB) CPU/0-1 (3/40.0/SYS) NET/0-0 (4/1.2/PHB) NET/0-0 (0/0.0/DIS) 
[36m(WorkerDict pid=1475455)[0m trial-302172199-trialrun-302172199-worker-0:1475455:1475455 [0] NCCL INFO GPU/0-5b000 :GPU/0-f000 (2/721.8/NVL) GPU/0-2d000 (2/721.8/NVL) GPU/0-44000 (2/721.8/NVL) GPU/0-5b000 (0/5000.0/LOC) GPU/0-89000 (2/721.8/NVL) GPU/0-a8000 (2/721.8/NVL) GPU/0-c0000 (2/721.8/NVL) GPU/0-d8000 (2/721.8/NVL) NVS/0-0 (1/721.8/NVL) CPU/0-0 (2/48.0/PHB) CPU/0-1 (3/40.0/SYS) NET/0-0 (4/1.2/PHB) NET/0-0 (0/0.0/DIS) 
[36m(WorkerDict pid=1475455)[0m trial-302172199-trialrun-302172199-worker-0:1475455:1475455 [0] NCCL INFO GPU/0-89000 :GPU/0-f000 (2/721.8/NVL) GPU/0-2d000 (2/721.8/NVL) GPU/0-44000 (2/721.8/NVL) GPU/0-5b000 (2/721.8/NVL) GPU/0-89000 (0/5000.0/LOC) GPU/0-a8000 (2/721.8/NVL) GPU/0-c0000 (2/721.8/NVL) GPU/0-d8000 (2/721.8/NVL) NVS/0-0 (1/721.8/NVL) CPU/0-0 (3/40.0/SYS) CPU/0-1 (2/48.0/PHB) NET/0-0 (5/1.2/SYS) NET/0-0 (0/0.0/DIS) 
[36m(WorkerDict pid=1475455)[0m trial-302172199-trialrun-302172199-worker-0:1475455:1475455 [0] NCCL INFO GPU/0-a8000 :GPU/0-f000 (2/721.8/NVL) GPU/0-2d000 (2/721.8/NVL) GPU/0-44000 (2/721.8/NVL) GPU/0-5b000 (2/721.8/NVL) GPU/0-89000 (2/721.8/NVL) GPU/0-a8000 (0/5000.0/LOC) GPU/0-c0000 (2/721.8/NVL) GPU/0-d8000 (2/721.8/NVL) NVS/0-0 (1/721.8/NVL) CPU/0-0 (3/40.0/SYS) CPU/0-1 (2/48.0/PHB) NET/0-0 (5/1.2/SYS) NET/0-0 (0/0.0/DIS) 
[36m(WorkerDict pid=1475455)[0m trial-302172199-trialrun-302172199-worker-0:1475455:1475455 [0] NCCL INFO GPU/0-c0000 :GPU/0-f000 (2/721.8/NVL) GPU/0-2d000 (2/721.8/NVL) GPU/0-44000 (2/721.8/NVL) GPU/0-5b000 (2/721.8/NVL) GPU/0-89000 (2/721.8/NVL) GPU/0-a8000 (2/721.8/NVL) GPU/0-c0000 (0/5000.0/LOC) GPU/0-d8000 (2/721.8/NVL) NVS/0-0 (1/721.8/NVL) CPU/0-0 (3/40.0/SYS) CPU/0-1 (2/48.0/PHB) NET/0-0 (5/1.2/SYS) NET/0-0 (0/0.0/DIS) 
[36m(WorkerDict pid=1475455)[0m trial-302172199-trialrun-302172199-worker-0:1475455:1475455 [0] NCCL INFO GPU/0-d8000 :GPU/0-f000 (2/721.8/NVL) GPU/0-2d000 (2/721.8/NVL) GPU/0-44000 (2/721.8/NVL) GPU/0-5b000 (2/721.8/NVL) GPU/0-89000 (2/721.8/NVL) GPU/0-a8000 (2/721.8/NVL) GPU/0-c0000 (2/721.8/NVL) GPU/0-d8000 (0/5000.0/LOC) NVS/0-0 (1/721.8/NVL) CPU/0-0 (3/40.0/SYS) CPU/0-1 (2/48.0/PHB) NET/0-0 (5/1.2/SYS) NET/0-0 (0/0.0/DIS) 
[36m(WorkerDict pid=1475455)[0m trial-302172199-trialrun-302172199-worker-0:1475455:1475455 [0] NCCL INFO NET/0-0 :GPU/0-f000 (4/1.2/PHB) GPU/0-2d000 (4/1.2/PHB) GPU/0-44000 (4/1.2/PHB) GPU/0-5b000 (4/1.2/PHB) GPU/0-89000 (5/1.2/SYS) GPU/0-a8000 (5/1.2/SYS) GPU/0-c0000 (5/1.2/SYS) GPU/0-d8000 (5/1.2/SYS) CPU/0-0 (2/1.2/PHB) CPU/0-1 (3/1.2/SYS) NET/0-0 (0/5000.0/LOC) NET/0-0 (0/0.0/DIS) 
[36m(WorkerDict pid=1475455)[0m trial-302172199-trialrun-302172199-worker-0:1475455:1475455 [0] NCCL INFO NET/0-0 :GPU/0-f000 (4/1.2/PHB) GPU/0-2d000 (4/1.2/PHB) GPU/0-44000 (4/1.2/PHB) GPU/0-5b000 (4/1.2/PHB) GPU/0-89000 (5/1.2/SYS) GPU/0-a8000 (5/1.2/SYS) GPU/0-c0000 (5/1.2/SYS) GPU/0-d8000 (5/1.2/SYS) CPU/0-0 (2/1.2/PHB) CPU/0-1 (3/1.2/SYS) NET/0-0 (0/5000.0/LOC) NET/0-0 (0/0.0/DIS) 
[36m(WorkerDict pid=1475455)[0m trial-302172199-trialrun-302172199-worker-0:1475455:1475455 [0] NCCL INFO ncclTopoGetCpuAffinity: Affinity for GPU 0 is 0-62,128-190. (GPU affinity = 0-63,128-191 ; CPU affinity = 0-62,64-126,128-190,192-254).
[36m(WorkerDict pid=1475455)[0m trial-302172199-trialrun-302172199-worker-0:1475455:1475455 [0] NCCL INFO NCCL_NVLS_ENABLE set by environment to 1.
[36m(WorkerDict pid=1475455)[0m trial-302172199-trialrun-302172199-worker-0:1475455:1475455 [0] NCCL INFO NVLS multicast support is available on dev 0 (NVLS_NCHANNELS 24)
[36m(WorkerDict pid=1475455)[0m trial-302172199-trialrun-302172199-worker-0:1475455:1475455 [0] NCCL INFO Pattern 4, crossNic 0, nChannels 16, bw 45.000000/45.000000, type NVL/PIX, sameChannels 1
[36m(WorkerDict pid=1475455)[0m trial-302172199-trialrun-302172199-worker-0:1475455:1475455 [0] NCCL INFO  0 : GPU/0-f000 GPU/0-2d000 GPU/0-44000 GPU/0-5b000 GPU/0-89000 GPU/0-a8000 GPU/0-c0000 GPU/0-d8000
[36m(WorkerDict pid=1475455)[0m trial-302172199-trialrun-302172199-worker-0:1475455:1475455 [0] NCCL INFO  1 : GPU/0-f000 GPU/0-2d000 GPU/0-44000 GPU/0-5b000 GPU/0-89000 GPU/0-a8000 GPU/0-c0000 GPU/0-d8000
[36m(WorkerDict pid=1475455)[0m trial-302172199-trialrun-302172199-worker-0:1475455:1475455 [0] NCCL INFO  2 : GPU/0-f000 GPU/0-2d000 GPU/0-44000 GPU/0-5b000 GPU/0-89000 GPU/0-a8000 GPU/0-c0000 GPU/0-d8000
[36m(WorkerDict pid=1475455)[0m trial-302172199-trialrun-302172199-worker-0:1475455:1475455 [0] NCCL INFO  3 : GPU/0-f000 GPU/0-2d000 GPU/0-44000 GPU/0-5b000 GPU/0-89000 GPU/0-a8000 GPU/0-c0000 GPU/0-d8000
[36m(WorkerDict pid=1475455)[0m trial-302172199-trialrun-302172199-worker-0:1475455:1475455 [0] NCCL INFO  4 : GPU/0-f000 GPU/0-2d000 GPU/0-44000 GPU/0-5b000 GPU/0-89000 GPU/0-a8000 GPU/0-c0000 GPU/0-d8000
[36m(WorkerDict pid=1475455)[0m trial-302172199-trialrun-302172199-worker-0:1475455:1475455 [0] NCCL INFO  5 : GPU/0-f000 GPU/0-2d000 GPU/0-44000 GPU/0-5b000 GPU/0-89000 GPU/0-a8000 GPU/0-c0000 GPU/0-d8000
[36m(WorkerDict pid=1475455)[0m trial-302172199-trialrun-302172199-worker-0:1475455:1475455 [0] NCCL INFO  6 : GPU/0-f000 GPU/0-2d000 GPU/0-44000 GPU/0-5b000 GPU/0-89000 GPU/0-a8000 GPU/0-c0000 GPU/0-d8000
[36m(WorkerDict pid=1475455)[0m trial-302172199-trialrun-302172199-worker-0:1475455:1475455 [0] NCCL INFO  7 : GPU/0-f000 GPU/0-2d000 GPU/0-44000 GPU/0-5b000 GPU/0-89000 GPU/0-a8000 GPU/0-c0000 GPU/0-d8000
[36m(WorkerDict pid=1475455)[0m trial-302172199-trialrun-302172199-worker-0:1475455:1475455 [0] NCCL INFO  8 : GPU/0-f000 GPU/0-2d000 GPU/0-44000 GPU/0-5b000 GPU/0-8900
[36m(WorkerDict pid=1475460)[0m trial-302172199-trialrun-302172199-worker-0:1475460:1475460 [
[36m(WorkerDict pid=1475462)[0m trial-302172199-trialrun-302172199-worker-0:1475462:1475462 [1] N
[36m(WorkerDict pid=1475454)[0m trial-302172199-trialrun-302172199-worker-0:1475454:1475454 [2] 
[36m(WorkerDict pid=1475455)[0m 0 GPU/0-a8000 GPU/0-c0000 GPU/0-d8000
[36m(WorkerDict pid=1475455)[0m trial-302172199-trialrun-302172199-worker-0:1475455:1475455 [0] NCCL INFO comm 0x1017e3d0 rank 0 nRanks 8 nNodes 1 localRanks 8 localRank 0 MNNVL 0
[36m(WorkerDict pid=1475455)[0m trial-302172199-trialrun-302172199-worker-0:1475455:1475455 [0] NCCL INFO Tree 0 : -1 -> 0 -> 1/-1/-1
[36m(WorkerDict pid=1475455)[0m trial-302172199-trialrun-302172199-worker-0:1475455:1475455 [0] NCCL INFO Tree 16 : -1 -> 0 -> 1/-1/-1
[36m(WorkerDict pid=1475455)[0m trial-302172199-trialrun-302172199-worker-0:1475455:1475455 [0] NCCL INFO Tree 1 : -1 -> 0 -> 1/-1/-1
[36m(WorkerDict pid=1475455)[0m trial-302172199-trialrun-302172199-worker-0:1475455:1475455 [0] NCCL INFO Tree 17 : -1 -> 0 -> 1/-1/-1
[36m(WorkerDict pid=1475455)[0m trial-302172199-trialrun-302172199-worker-0:1475455:1475455 [0] NCCL INFO Tree 2 : -1 -> 0 -> 1/-1/-1
[36m(WorkerDict pid=1475455)[0m trial-302172199-trialrun-302172199-worker-0:1475455:1475455 [0] NCCL INFO Tree 18 : -1 -> 0 -> 1/-1/-1
[36m(WorkerDict pid=1475455)[0m trial-302172199-trialrun-302172199-worker-0:1475455:1475455 [0] NCCL INFO Tree 3 : -1 -> 0 -> 1/-1/-1
[36m(WorkerDict pid=1475455)[0m trial-302172199-trialrun-302172199-worker-0:1475455:1475455 [0] NCCL INFO Tree 19 : -1 -> 0 -> 1/-1/-1
[36m(WorkerDict pid=1475455)[0m trial-302172199-trialrun-302172199-worker-0:1475455:1475455 [0] NCCL INFO Tree 4 : -1 -> 0 -> 1/-1/-1
[36m(WorkerDict pid=1475455)[0m trial-302172199-trialrun-302172199-worker-0:1475455:1475455 [0] NCCL INFO Tree 20 : -1 -> 0 -> 1/-1/-1
[36m(WorkerDict pid=1475455)[0m trial-302172199-trialrun-302172199-worker-0:1475455:1475455 [0] NCCL INFO Tree 5 : -1 -> 0 -> 1/-1/-1
[36m(WorkerDict pid=1475455)[0m trial-302172199-trialrun-302172199-worker-0:1475455:1475455 [0] NCCL INFO Tree 21 : -1 -> 0 -> 1/-1/-1
[36m(WorkerDict pid=1475455)[0m trial-302172199-trialrun-302172199-worker-0:1475455:1475455 [0] NCCL INFO Tree 6 : -1 -> 0 -> 1/-1/-1
[36m(WorkerDict pid=1475455)[0m trial-302172199-trialrun-302172199-worker-0:1475455:1475455 [0] NCCL INFO Tree 22 : -1 -> 0 -> 1/-1/-1
[36m(WorkerDict pid=1475455)[0m trial-302172199-trialrun-302172199-worker-0:1475455:1475455 [0] NCCL INFO Tree 7 : -1 -> 0 -> 1/-1/-1
[36m(WorkerDict pid=1475455)[0m trial-302172199-trialrun-302172199-worker-0:1475455:1475455 [0] NCCL INFO Tree 23 : -1 -> 0 -> 1/-1/-1
[36m(WorkerDict pid=1475455)[0m trial-302172199-trialrun-302172199-worker-0:1475455:1475455 [0] NCCL INFO Tree 8 : -1 -> 0 -> 1/-1/-1
[36m(WorkerDict pid=1475455)[0m trial-302172199-trialrun-302172199-worker-0:1475455:1475455 [0] NCCL INFO Tree 24 : -1 -> 0 -> 1/-1/-1
[36m(WorkerDict pid=1475455)[0m trial-302172199-trialrun-302172199-worker-0:1475455:1475455 [0] NCCL INFO Tree 9 : -1 -> 0 -> 1/-1/-1
[36m(WorkerDict pid=1475455)[0m trial-302172199-trialrun-302172199-worker-0:1475455:1475455 [0] NCCL INFO Tree 25 : -1 -> 0 -> 1/-1/-1
[36m(WorkerDict pid=1475455)[0m trial-302172199-trialrun-302172199-worker-0:1475455:1475455 [0] NCCL INFO Tree 10 : -1 -> 0 -> 1/-1/-1
[36m(WorkerDict pid=1475455)[0m trial-302172199-trialrun-302172199-worker-0:1475455:1475455 [0] NCCL INFO Tree 26 : -1 -> 0 -> 1/-1/-1
[36m(WorkerDict pid=1475455)[0m trial-302172199-trialrun-302172199-worker-0:1475455:1475455 [0] NCCL INFO Tree 11 : -1 -> 0 -> 1/-1/-1
[36m(WorkerDict pid=1475455)[0m trial-302172199-trialrun-302172199-worker-0:1475455:1475455 [0] NCCL INFO Tree 27 : -1 -> 0 -> 1/-1/-1
[36m(WorkerDict pid=1475455)[0m trial-302172199-trialrun-302172199-worker-0:1475455:1475455 [0] NCCL INFO Tree 12 : -1 -> 0 -> 1/-1/-1
[36m(WorkerDict pid=1475455)[0m trial-302172199-trialrun-302172199-worker-0:1475455:1475455 [0] NCCL INFO Tree 28 : -1 -> 0 -> 1/-1/-1
[36m(WorkerDict pid=1475455)[0m trial-302172199-trialrun-302172199-worker-0:1475455:1475455 [0] NCCL INFO Tree 13 : -1 -> 0 -> 1/-1/-1
[36m(WorkerDict pid=1475455)[0m trial-302172199-trialrun-302172199-worker-0:1475455:1475455 [0] NCCL INFO Tree 29 : -1 -> 0 -> 1/-1/-1
[36m(WorkerDict pid=1475455)[0m trial-302172199-trialrun-302172199-worker-0:1475455:1475455 [0] NCCL INFO Tree 14 : -1 -> 0 -> 1/-1/-1
[36m(WorkerDict pid=1475455)[0m trial-302172199-trialrun-302172199-worker-0:1475455:1475455 [0] NCCL INFO Tree 30 : -1 -> 0 -> 1/-1/-1
[36m(WorkerDict pid=1475455)[0m trial-302172199-trialrun-302172199-worker-0:1475455:1475455 [0] NCCL INFO Tree 15 : -1 -> 0 -> 1/-1/-1
[36m(WorkerDict pid=1475455)[0m trial-302172199-trialrun-302172199-worker-0:1475455:1475455 [0] NCCL INFO Tree 31 : -1 -> 0 -> 1/-1/-1
[36m(WorkerDict pid=1475455)[0m trial-302172199-trialrun-302172199-worker-0:1475455:1475455 [0] NCCL INFO Channel 00/32 : 0 1 2 3 4 5 6 7
[36m(WorkerDict pid=1475455)[0m trial-302172199-trialrun-302172199-worker-0:1475455:1475455 [0] NCCL INFO Channel 01/32 : 0 1 2 3 4 5 6 7
[36m(WorkerDict pid=1475455)[0m trial-302172199-trialrun-302172199-worker-0:1475455:1475455 [0] NCCL INFO Channel 02/32 : 0 1 2 3 4 5 6 7
[36m(WorkerDict pid=1475455)[0m trial-302172199-trialrun-302172199-worker-0:1475455:1475455 [0] NCCL INFO Channel 03/32 : 0 1 2 3 4 5 6 7
[36m(WorkerDict pid=1475455)[0m trial-302172199-trialrun-302172199-worker-0:1475455:1475455 [0] NCCL INFO Channel 04/32 : 0 1 2 3 4 5 6 7
[36m(WorkerDict pid=1475455)[0m trial-302172199-trialrun-302172199-worker-0:1475455:1475455 [0] NCCL INFO Channel 05/32 : 0 1 2 3 4 5 6 7
[36m(WorkerDict pid=1475455)[0m trial-302172199-trialrun-302172199-worker-0:1475455:1475455 [0] NCCL INFO Channel 06/32 : 0 1 2 3 4 5 6 7
[36m(WorkerDict pid=1475455)[0m trial-302172199-trialrun-302172199-worker-0:1475455:1475455 [0] NCCL INFO Channel 07/32 : 0 1 2 3 4 5 6 7
[36m(WorkerDict pid=1475455)[0m trial-302172199-trialrun-302172199-worker-0:1475455:1475455 [0] NCCL INFO Channel 08/32 : 0 1 2 3 4 5 6 7
[36m(WorkerDict pid=1475455)[0m trial-302172199-trialrun-302172199-worker-0:1475455:1475455 [0] NCCL INFO Channel 09/32 : 0 1 2 3 4 5 6 7
[36m(WorkerDict pid=1475455)[0m trial-302172199-trialrun-302172199-worker-0:1475455:1475455 [0] NCCL INFO Channel 10/32 : 0 1 2 3 4 5 6 7
[36m(WorkerDict pid=1475455)[0m trial-302172199-trialrun-302172199-worker-0:1475455:1475455 [0] NCCL INFO Channel 11/32 : 0 1 2 3 4 5 6 7
[36m(WorkerDict pid=1475455)[0m trial-302172199-trialrun-302172199-worker-0:1475455:1475455 [0] NCCL INFO Channel 12/32 : 0 1 2 3 4 5 6 7
[36m(WorkerDict pid=1475455)[0m trial-302172199-trialrun-302172199-worker-0:1475455:1475455 [0] NCCL INFO Channel 13/32 : 0 1 2 3 4 5 6 7
[36m(WorkerDict pid=1475455)[0m trial-302172199-trialrun-302172199-worker-0:1475455:1475455 [0] NCCL INFO Channel 14/32 : 0 1 2 3 4 5 6 7
[36m(WorkerDict pid=1475455)[0m trial-302172199-trialrun-302172199-worker-0:1475455:1475455 [0] NCCL INFO Channel 15/32 : 0 1 2 3 4 5 6 7
[36m(WorkerDict pid=1475455)[0m trial-302172199-trialrun-302172199-worker-0:1475455:1475455 [0] NCCL INFO Channel 16/32 : 0 1 2 3 4 5 6 7
[36m(WorkerDict pid=1475455)[0m trial-302172199-trialrun-302172199-worker-0:1475455:1475455 [0] NCCL INFO Channel 17/32 : 0 1 2 3 4 5 6 7
[36m(WorkerDict pid=1475455)[0m trial-302172199-trialrun-302172199-worker-0:1475455:1475455 [0] NCCL INFO Channel 18/32 : 0 1 2 3 4 5 6 7
[36m(WorkerDict pid=1475455)[0m trial-302172199-trialrun-302172199-worker-0:1475455:1475455 [0] NCCL INFO Channel 19/32 : 0 1 2 3 4 5 6 7
[36m(WorkerDict pid=1475455)[0m trial-302172199-trialrun-302172199-worker-0:1475455:1475455 [0] NCCL INFO Channel 20/32 : 0 1 2 3 4 5 6 7
[36m(WorkerDict pid=1475455)[0m trial-302172199-trialrun-302172199-worker-0:1475455:1475455 [0] NCCL INFO Channel 21/32 : 0 1 2 3 4 5 6 7
[36m(WorkerDict pid=1475455)[0m trial-302172199-trialrun-302172199-worker-0:1475455:1475455 [0] NCCL INFO Channel 22/32 : 0 1 2 3 4 5 6 7
[36m(WorkerDict pid=1475455)[0m trial-302172199-trialrun-302172199-worker-0:1475455:1475455 [0] NCCL INFO Channel 23/32 : 0 1 2 3 4 5 6 7
[36m(WorkerDict pid=1475455)[0m trial-302172199-trialrun-302172199-worker-0:1475455:1475455 [0] NCCL INFO Channel 24/32 : 0 1 2 3 4 5 6 7
[36m(WorkerDict pid=1475455)[0m trial-302172199-trialrun-302172199-worker-0:1475455:1475455 [0] NCCL INFO Channel 25/32 : 0 1 2 3 4 5 6 7
[36m(WorkerDict pid=1475455)[0m trial-302172199-trialrun-302172199-worker-0:1475455:1475455 [0] NCCL INFO Channel 26/32 : 0 1 2 3 4 5 6 7
[36m(WorkerDict pid=1475455)[0m trial-302172199-trialrun-302172199-worker-0:1475455:1475455 [0] NCCL INFO Channel 27/32 : 0 1 2 3 4 5 6 7
[36m(WorkerDict pid=1475455)[0m trial-302172199-trialrun-302172199-worker-0:1475455:1475455 [0] NCCL INFO Channel 28/32 : 0 1 2 3 4 5 6 7
[36m(WorkerDict pid=1475455)[0m trial-302172199-trialrun-302172199-worker-0:1475455:1475455 [0] NCCL INFO Channel 29/32 : 0 1 2 3 4 5 6 7
[36m(WorkerDict pid=1475455)[0m trial-302172199-trialrun-302172199-worker-0:1475455:1475455 [0] NCCL INFO Channel 30/32 : 0 1 2 3 4 5 6 7
[36m(WorkerDict pid=1475455)[0m trial-302172199-trialrun-302172199-worker-0:1475455:1475455 [0] NCCL INFO Channel 31/32 : 0 1 2 3 4 5 6 7
[36m(WorkerDict pid=1475455)[0m trial-302172199-trialrun-302172199-worker-0:1475455:1475455 [0] NCCL INFO Ring 00 : 7 -> 0 -> 1
[36m(WorkerDict pid=1475455)[0m trial-302172199-trialrun-302172199-worker-0:1475455:1475455 [0] NCCL INFO Ring 01 : 7 -> 0 -> 1
[36m(WorkerDict pid=1475455)[0m trial-302172199-trialrun-302172199-worker-0:1475455:1475455 [0] NCCL INFO Ring 02 : 7 -> 0 -> 1
[36m(WorkerDict pid=1475455)[0m trial-302172199-trialrun-302172199-worker-0:1475455:1475455 [0] NCCL INFO Ring 03 : 7 -> 0 -> 1
[36m(WorkerDict pid=1475455)[0m trial-302172199-trialrun-302172199-worker-0:1475455:1475455 [0] NCCL INFO Ring 04 : 7 -> 0 -> 1
[36m(WorkerDict pid=1475455)[0m trial-302172199-trialrun-302172199-worker-0:1475455:1475455 [0] NCCL INFO Ring 05 : 7 -> 0 -> 1
[36m(WorkerDict pid=1475455)[0m trial-302172199-trialrun-302172199-worker-0:1475455:1475455 [0] NCCL INFO Ring 06 : 7 -> 0 -> 1
[36m(WorkerDict pid=1475455)[0m trial-302172199-trialrun-302172199-worker-0:1475455:1475455 [0] NCCL INFO Ring 07 : 7 -> 0 -> 1
[36m(WorkerDict pid=1475455)[0m trial-302172199-trialrun-302172199-worker-0:1475455:1475455 [0] NCCL INFO Ring 08 : 7 -> 0 -> 1
[36m(WorkerDict pid=1475455)[0m trial-302172199-trialrun-302172199-worker-0:1475455:1475455 [0] NCCL INFO Ring 09 : 7 -> 0 -> 1
[36m(WorkerDict pid=1475455)[0m trial-302172199-trialrun-302172199-worker-0:1475455:1475455 [0] NCCL INFO Ring 10 : 7 -> 0 -> 1
[36m(WorkerDict pid=1475455)[0m trial-302172199-trialrun-302172199-worker-0:1475455:1475455 [0] NCCL INFO Ring 11 : 7 -> 0 -> 1
[36m(WorkerDict pid=1475455)[0m trial-302172199-trialrun-302172199-worker-0:1475455:1475455 [0] NCCL INFO Ring 12 : 7 -> 0 -> 1
[36m(WorkerDict pid=1475455)[0m trial-302172199-trialrun-302172199-worker-0:1475455:1475455 [0] NCCL INFO Ring 13 : 7 -> 0 -> 1
[36m(WorkerDict pid=1475455)[0m trial-302172199-trialrun-302172199-worker-0:1475455:1475455 [0] NCCL INFO Ring 14 : 7 -> 0 -> 1
[36m(WorkerDict pid=1475455)[0m trial-302172199-trialrun-302172199-worker-0:1475455:1475455 [0] NCCL INFO Ring 15 : 7 -> 0 -> 1
[36m(WorkerDict pid=1475455)[0m trial-302172199-trialrun-302172199-worker-0:1475455:1475455 [0] NCCL INFO Ring 16 : 7 -> 0 -> 1
[36m(WorkerDict pid=1475455)[0m trial-302172199-trialrun-302172199-worker-0:1475455:1475455 [0] NCCL INFO Ring 17 : 7 -> 0 -> 1
[36m(WorkerDict pid=1475455)[0m trial-302172199-trialrun-302172199-worker-0:1475455:1475455 [0] NCCL INFO Ring 18 : 7 -> 0 -> 1
[36m(WorkerDict pid=1475455)[0m trial-302172199-trialrun-302172199-worker-0:1475455:1475455 [0] NCCL INFO Ring 19 : 7 -> 0 -> 1
[36m(WorkerDict pid=1475455)[0m trial-302172199-trialrun-302172199-worker-0:1475455:1475455 [0] NCCL INFO Ring 20 : 7 -> 0 -> 1
[36m(WorkerDict pid=1475455)[0m trial-302172199-trialrun-302172199-worker-0:1475455:1475455 [0] NCCL INFO Ring 21 : 7 -> 0 -> 1
[36m(WorkerDict pid=1475455)[0m trial-302172199-trialrun-302172199-worker-0:1475455:1475455 [0] NCCL INFO Ring 22 : 7 -> 0 -> 1
[36m(WorkerDict pid=1475455)[0m trial-302172199-trialrun-302172199-worker-0:1475455:1475455 [0] NCCL INFO Ring 23 : 7 -> 0 -> 1
[36m(WorkerDict pid=1475455)[0m trial-302172199-trialrun-302172199-worker-0:1475455:1475455 [0] NCCL INFO Ring 24 : 7 -> 0 -> 1
[36m(WorkerDict pid=1475455)[0m trial-302172199-trialrun-302172199-worker-0:1475455:1475455 [0] NCCL INFO Ring 25 : 7 -> 0 -> 1
[36m(WorkerDict pid=1475455)[0m trial-302172199-trialrun-302172199-worker-0:1475455:1475455 [0] NCCL INFO Ring 26 : 7 -> 0 -> 1
[36m(WorkerDict pid=1475455)[0m trial-302172199-trialrun-302172199-worker-0:1475455:1475455 [0] NCCL INFO Ring 27 : 7 -> 0 -> 1
[36m(WorkerDict pid=1475455)[0m trial-302172199-trialrun-302172199-worker-0:1475455:1475455 [0] NCCL INFO Ring 28 : 7 -> 0 -> 1
[36m(WorkerDict pid=1475455)[0m trial-302172199-trialrun-302172199-worker-0:1475455:1475455 [0] NCCL INFO Ring 29 : 7 -> 0 -> 1
[36m(WorkerDict pid=1475455)[0m trial-302172199-trialrun-302172199-worker-0:1475455:1475455 [0] NCCL INFO Ring 30 : 7 -> 0 -> 1
[36m(WorkerDict pid=1475455)[0m trial-302172199-trialrun-302172199-worker-0:1475455:1475455 [0] NCCL INFO Ring 31 : 7 -> 0 -> 1
[36m(WorkerDict pid=1475455)[0m trial-302172199-trialrun-302172199-worker-0:1475455:1475455 [0] NCCL INFO Trees [0] 1/-1/-1->0->-1 [1] 1/-1/-1->0->-1 [2] 1/-1/-1->0->-1 [3] 1/-1/-1->0->-1 [4] 1/-1/-1->0->-1 [5] 1/-1/-1->0->-1 [6] 1/-1/-1->0->-1 [7] 1/-1/-1->0->-1 [8] 1/-1/-1->0->-1 [9] 1/-1/-1->0->-1 [10] 1/-1/-1->0->-1 [11] 1/-1/-1->0->-1 [12] 1/-1/-1->0->-1 [13] 1/-1/-1->0->-1 [14] 1/-1/-1->0->-1 [15] 1/-1/-1->0->-1 [16] 1/-1/-1->0->-1 [17] 1/-1/-1->0->-1 [18] 1/-1/-1->0->-1 [19] 1/-1/-1->0->-1 [20] 1/-1/-1->0->-1 [21] 1/-1/-1->0->-1 [22] 1/-1/-1->0->-1 [23] 1/-1/-1->0->-1 [24] 1/-1/-1->0->-1 [25] 1/-1/-1->0->-1 [26] 1/-1/-1->0->-1 [27] 1/-1/-1->0->-1 [28] 1/-1/-1->0->-1 [29] 1/-1/-1->0->-1 [30] 1/-1/-1->0->-1 [31] 1/-1/-1->0->-1
[36m(WorkerDict pid=1475455)[0m trial-302172199-trialrun-302172199-worker-0:1475455:1475455 [0] NCCL INFO P2P Chunksize set to 524288
[36m(WorkerDict pid=1475455)[0m trial-302172199-trialrun-302172199-worker-0:1475455:1475455 [0] NCCL INFO PROFILER/Plugin: Could not find: libnccl-profiler.so
[36m(WorkerDict pid=1475455)[0m trial-302172199-trialrun-302172199-worker-0:1475455:1475455 [0] NCCL INFO Check P2P Type isAllDirectP2p 1 directMode 0 isAllCudaP2p 1
[36m(WorkerDict pid=1475455)[0m trial-302172199-trialrun-302172199-worker-0:1475455:1475455 [0] NCCL INFO ncclP2pSchedule: group size used is 8
[36m(WorkerDict pid=1475455)[0m trial-302172199-trialrun-302172199-worker-0:1475455:1491055 [0] NCCL INFO [Proxy Service] Device 0 CPU core 133
[36m(WorkerDict pid=1475455)[0m trial-302172199-trialrun-302172199-worker-0:1475455:1491057 [0] NCCL INFO [Proxy Service UDS] D
[36m(WorkerDict pid=1475460)[0m trial-302172199-trialrun-302172199-worker-0:1475460:1475460 [5] NC
[36m(WorkerDict pid=1475459)[0m 000 GPU/0-a8000 GPU/0-c0000 GPU/0-d8000
[36m(WorkerDict pid=1475459)[0m trial-302172199-trialrun-302172199-worker-0:1475459:1475459 [3] NCCL
[36m(WorkerDict pid=1475462)[0m CCL INFO 15 : GPU/0-f000 GPU/0-2d000 GPU/0-44000 GPU/0-5b000 GPU/0-89000 GPU/0-a8000 GPU/0-c0000 GPU/0-d8000
[36m(WorkerDict pid=1475462)[0m trial-302172199-trialrun-302172199-worker-
[36m(WorkerDict pid=1475455)[0m evice 0 CPU core 142
[36m(WorkerDict pid=1475455)[0m trial-302172199-trialrun-302172199-worker-0:1475455:1475455 [0] NCCL INFO TUNER/Plugin: Could not find: libnccl-tuner.so
[36m(WorkerDict pid=1475455)[0m trial-302172199-trialrun-302172199-worker-0:1475455:1475455 [0] NCCL INFO threadThresholds 8/8/64 | 64/8/64 | 512 | 512
[36m(WorkerDict pid=1475455)[0m trial-302172199-trialrun-302172199-worker-0:1475455:1475455 [0] NCCL INFO 32 coll channels, 32 collnet channels, 24 nvls channels, 32 p2p channels, 32 p2p channels per peer
[36m(WorkerDict pid=1475455)[0m trial-302172199-trialrun-302172199-worker-0:1475455:1475455 [0] NCCL INFO CC Off, workFifoBytes 1048576
[36m(WorkerDict pid=1475455)[0m trial-302172199-trialrun-302172199-worker-0:1475455:1475455 [0] NCCL INFO ncclCommInitRankConfig comm 0x1017e3d0 rank 0 nranks 8 cudaDev 0 nvmlDev 0 busId f000 commId 0xb67e9ff262bb1936 - Init COMPLETE
[36m(WorkerDict pid=1475455)[0m trial-302172199-trialrun-302172199-worker-0:1475455:1475455 [0] NCCL INFO Init timings - ncclCommInitRankConfig: rank 0 nranks 8 total 3.30 (kernels 0.28, alloc 0.82, bootstrap 0.21, allgathers 0.00, topo 1.48, graphs 0.05, connections 0.45, rest 0.01)
[36m(WorkerDict pid=1475455)[0m trial-302172199-trialrun-302172199-worker-0:1475455:1475455 [0] NCCL INFO Channel 00/0 : 0[0] -> 1[1] via P2P/CUMEM
[36m(WorkerDict pid=1475455)[0m trial-302172199-trialrun-302172199-worker-0:1475455:1475455 [0] NCCL INFO Channel 01/0 : 0[0] -> 1[1] via P2P/CUMEM
[36m(WorkerDict pid=1475455)[0m trial-302172199-trialrun-302172199-worker-0:1475455:1475455 [0] NCCL INFO Channel 02/0 : 0[0] -> 1[1] via P2P/CUMEM
[36m(WorkerDict pid=1475455)[0m trial-302172199-trialrun-302172199-worker-0:1475455:1475455 [0] NCCL INFO Channel 03/0 : 0[0] -> 1[1] via P2P/CUMEM
[36m(WorkerDict pid=1475455)[0m trial-302172199-trialrun-302172199-worker-0:1475455:1475455 [0] NCCL INFO Channel 04/0 : 0[0] -> 1[1] via P2P/CUMEM
[36m(WorkerDict pid=1475455)[0m trial-302172199-trialrun-302172199-worker-0:1475455:1475455 [0] NCCL INFO Channel 05/0 : 0[0] -> 1[1] via P2P/CUMEM
[36m(WorkerDict pid=1475455)[0m trial-302172199-trialrun-302172199-worker-0:1475455:1475455 [0] NCCL INFO Channel 06/0 : 0[0] -> 1[1] via P2P/CUMEM
[36m(WorkerDict pid=1475455)[0m trial-302172199-trialrun-302172199-worker-0:1475455:1475455 [0] NCCL INFO Channel 07/0 : 0[0] -> 1[1] via P2P/CUMEM
[36m(WorkerDict pid=1475455)[0m trial-302172199-trialrun-302172199-worker-0:1475455:1475455 [0] NCCL INFO Channel 08/0 : 0[0] -> 1[1] via P2P/CUMEM
[36m(WorkerDict pid=1475455)[0m trial-302172199-trialrun-302172199-worker-0:1475455:1475455 [0] NCCL INFO Channel 09/0 : 0[0] -> 1[1] via P2P/CUMEM
[36m(WorkerDict pid=1475455)[0m trial-302172199-trialrun-302172199-worker-0:1475455:1475455 [0] NCCL INFO Channel 10/0 : 0[0] -> 1[1] via P2P/CUMEM
[36m(WorkerDict pid=1475455)[0m trial-302172199-trialrun-302172199-worker-0:1475455:1475455 [0] NCCL INFO Channel 11/0 : 0[0] -> 1[1] via P2P/CUMEM
[36m(WorkerDict pid=1475455)[0m trial-302172199-trialrun-302172199-worker-0:1475455:1475455 [0] NCCL INFO Channel 12/0 : 0[0] -> 1[1] via P2P/CUMEM
[36m(WorkerDict pid=1475455)[0m trial-302172199-trialrun-302172199-worker-0:1475455:1475455 [0] NCCL INFO Channel 13/0 : 0[0] -> 1[1] via P2P/CUMEM
[36m(WorkerDict pid=1475455)[0m trial-302172199-trialrun-302172199-worker-0:1475455:1475455 [0] NCCL INFO Channel 14/0 : 0[0] -> 1[1] via P2P/CUMEM
[36m(WorkerDict pid=1475455)[0m trial-302172199-trialrun-302172199-worker-0:1475455:1475455 [0] NCCL INFO Channel 15/0 : 0[0] -> 1[1] via P2P/CUMEM
[36m(WorkerDict pid=1475455)[0m trial-302172199-trialrun-302172199-worker-0:1475455:1475455 [0] NCCL INFO Channel 16/0 : 0[0] -> 1[1] via P2P/CUMEM
[36m(WorkerDict pid=1475455)[0m trial-302172199-trialrun-302172199-worker-0:1475455:1475455 [0] NCCL INFO Channel 17/0 : 0[0] -> 1[1] via P2P/CUMEM
[36m(WorkerDict pid=1475455)[0m trial-302172199-trialrun-302172199-worker-0:1475455:1475455 [0] NCCL INFO Channel 18/0 : 0[0] -> 1[1] via P2P/CUMEM
[36m(WorkerDict pid=1475455)[0m trial-302172199-trialrun-302172199-worker-0:1475455:1475455 [0] NCCL INFO Channel 19/0 : 0[0] -> 1[1] via P2P/CUMEM
[36m(WorkerDict pid=1475455)[0m trial-302172199-trialrun-302172199-worker-0:1475455:1475455 [0] NCCL INFO Channel 20/0 : 0[0] -> 1[1] via P2P/CUMEM
[36m(WorkerDict pid=1475455)[0m trial-302172199-trialrun-302172199-worker-0:1475455:1475455 [0] NCCL INFO Channel 21/0 : 0[0] -> 1[1] via P2P/CUMEM
[36m(WorkerDict pid=1475455)[0m trial-302172199-trialrun-302172199-worker-0:1475455:1475455 [0] NCCL INFO Channel 22/0 : 0[0] -> 1[1] via P2P/CUMEM
[36m(WorkerDict pid=1475455)[0m trial-302172199-trialrun-302172199-worker-0:1475455:1475455 [0] NCCL INFO Channel 23/0 : 0[0] -> 1[1] via P2P/CUMEM
[36m(WorkerDict pid=1475455)[0m trial-302172199-trialrun-302172199-worker-0:1475455:1475455 [0] NCCL INFO Channel 24/0 : 0[0] -> 1[1] via P2P/CUMEM
[36m(WorkerDict pid=1475455)[0m trial-302172199-trialrun-302172199-worker-0:1475455:1475455 [0] NCCL INFO Channel 25/0 : 0[0] -> 1[1] via P2P/CUMEM
[36m(WorkerDict pid=1475455)[0m trial-302172199-trialrun-302172199-worker-0:1475455:1475455 [0] NCCL INFO Channel 26/0
[36m(WorkerDict pid=1475460)[0m CL INFO Ring 30 : 4 -> 5 -> 6
[36m(WorkerDict pid=1475460)[0m trial-302172199-trialrun-302172199-worker-0:1475460:1491052 [0] NCCL INFO [Proxy Service UDS] Device 5 CPU core 220
[36m(WorkerDict pid=1475460)[0m trial-302172199-trialrun-302172199-worker-0:1475460:1475460 [5] NCCL INFO Channel 14/0 : 5[5] ->
[36m(WorkerDict pid=1475459)[0m  INFO Ring 30 : 2 -> 3 -> 4
[36m(WorkerDict pid=1475462)[0m trial-30217219
[36m(WorkerDict pid=1475463)[0m trial-302172199-trialrun-302172199-worker-0:1475463:1475463 [7] 
[36m(WorkerDict pid=1475455)[0m Actor use_remove_padding=True
[36m(WorkerDict pid=1475455)[0m Actor use_fused_kernels=True
[36m(WorkerDict pid=1475454)[0m Monkey patch _flash_attention_forward in transformers.integrations.flash_attention[32m [repeated 7x across cluster][0m
[36m(WorkerDict pid=1475454)[0m Using Triton backend for fused kernels in Qwen2ForCausalLM[32m [repeated 7x across cluster][0m
[36m(WorkerDict pid=1475454)[0m trial-302172199-trialrun-302172199-worker-0:1475454:1475454 [2] NCCL INFO ENV/Plugin: Could not find: libnccl-env.so[32m [repeated 7x across cluster][0m
[36m(WorkerDict pid=1475454)[0m trial-302172199-trialrun-302172199-worker-0:1475454:1475454 [2] NCCL INFO NCCL_SOCKET_FAMILY set by environment to AF_INET6[32m [repeated 14x across cluster][0m
[36m(WorkerDict pid=1475454)[0m trial-302172199-trialrun-302172199-worker-0:1475454:1475454 [2] NCCL INFO NCCL_SOCKET_IFNAME set by environment to =eth0[32m [repeated 14x across cluster][0m
[36m(WorkerDict pid=1475454)[0m trial-302172199-trialrun-302172199-worker-0:1475454:1475454 [2] NCCL INFO cudaDriverVersion 13000[32m [repeated 7x across cluster][0m
[36m(WorkerDict pid=1475454)[0m trial-302172199-trialrun-302172199-worker-0:1475454:1475454 [2] NCCL INFO NCCL version 2.28.9+cuda13.0[32m [repeated 7x across cluster][0m
[36m(WorkerDict pid=1475454)[0m trial-302172199-trialrun-302172199-worker-0:1475454:1475454 [2] NCCL INFO Comm config Blocking set to 1[32m [repeated 7x across cluster][0m
[36m(WorkerDict pid=1475454)[0m trial-302172199-trialrun-302172199-worker-0:1475454:1475454 [2] NCCL INFO NCCL_NET_PLUGIN set by environment to none[32m [repeated 7x across cluster][0m
[36m(WorkerDict pid=1475454)[0m trial-302172199-trialrun-302172199-worker-0:1475454:1475454 [2] NCCL INFO NET/Socket : Using [0]eth0:fdbd:dc61:ff:f000:ffff:ffff:0:16<0>[32m [repeated 7x across cluster][0m
[36m(WorkerDict pid=1475454)[0m trial-302172199-trialrun-302172199-worker-0:1475454:1475454 [2] NCCL INFO Initialized NET plugin Socket[32m [repeated 7x across cluster][0m
[36m(WorkerDict pid=1475454)[0m trial-302172199-trialrun-302172199-worker-0:1475454:1475454 [2] NCCL INFO Assigned NET plugin Socket to comm[32m [repeated 7x across cluster][0m
[36m(WorkerDict pid=1475454)[0m trial-302172199-trialrun-302172199-worker-0:1475454:1475454 [2] NCCL INFO Using network Socket[32m [repeated 7x across cluster][0m
[36m(WorkerDict pid=1475454)[0m trial-302172199-trialrun-302172199-worker-0:1475454:1475454 [2] NCCL INFO ncclCommInitRankConfig comm 0x10237680 rank 2 nranks 8 cudaDev 2 nvmlDev 2 busId 44000 commId 0xb67e9ff262bb1936 - Init START[32m [repeated 7x across cluster][0m
[36m(WorkerDict pid=1475454)[0m trial-302172199-trialrun-302172199-worker-0:1475454:1475454 [2] NCCL INFO RAS client listening socket at ::1<28028>[32m [repeated 7x across cluster][0m
[36m(WorkerDict pid=1475454)[0m trial-302172199-trialrun-302172199-worker-0:1475454:1475454 [2] NCCL INFO MNNVL busId 0x44000 fabric UUID 0.0 cliqueId 0x0 state 3 healthMask 0x80[32m [repeated 7x across cluster][0m
[36m(WorkerDict pid=1475454)[0m trial-302172199-trialrun-302172199-worker-0:1475454:1475454 [2] NCCL INFO Could not find real path of /sys/class/pci_bus/fffffff/../../fffffff:ff:f[32m [repeated 7x across cluster][0m
[36m(WorkerDict pid=1475454)[0m trial-302172199-trialrun-302172199-worker-0:1475454:1475454 [2] NCCL INFO TOPO/NET : Importing network plugins to topology[32m [repeated 7x across cluster][0m
[36m(WorkerDict pid=1475454)[0m trial-302172199-trialrun-302172199-worker-0:1475454:1475454 [2] NCCL INFO ncclTopoPopulateNics : Filled eth0 in topo with pciPath=(null) keep=1 coll=(null)[32m [repeated 7x across cluster][0m
[36m(WorkerDict pid=1475454)[0m trial-302172199-trialrun-302172199-worker-0:1475454:1475454 [2] NCCL INFO === System : maxBw 721.8 totalBw 721.8 ===[32m [repeated 7x across cluster][0m
[36m(WorkerDict pid=1475454)[0m trial-302172199-trialrun-302172199-worker-0:1475454:1475454 [2] NCCL INFO NET/0-0 :GPU/0-f000 (4/1.2/PHB) GPU/0-2d000 (4/1.2/PHB) GPU/0-44000 (4/1.2/PHB) GPU/0-5b000 (4/1.2/PHB) GPU/0-89000 (5/1.2/SYS) GPU/0-a8000 (5/1.2/SYS) GPU/0-c0000 (5/1.2/SYS) GPU/0-d8000 (5/1.2/SYS) CPU/0-0 (2/1.2/PHB) CPU/0-1 (3/1.2/SYS) NET/0-0 (0/5000.0/LOC) NET/0-0 (0/0.0/DIS) [32m [repeated 84x across cluster][0m
[36m(WorkerDict pid=1475454)[0m trial-302172199-trialrun-302172199-worker-0:1475454:1475454 [2] NCCL INFO + SYS[40.0] - CPU/0-0[32m [repeated 203x across cluster][0m
[36m(WorkerDict pid=1475454)[0m trial-302172199-trialrun-302172199-worker-0:1475454:1475454 [2] NCCL INFO ==========================================[32m [repeated 7x across cluster][0m
[36m(WorkerDict pid=1475454)[0m trial-302172199-trialrun-302172199-worker-0:1475454:1475454 [2] NCCL INFO ncclTopoGetCpuAffinity: Affinity for GPU 2 is 0-62,128-190. (GPU affinity = 0-63,128-191 ; CPU affinity = 0-62,64-126,128-190,192-254).[32m [repeated 7x across cluster][0m
[36m(WorkerDict pid=1475454)[0m trial-302172199-trialrun-302172199-worker-0:1475454:1475454 [2] NCCL INFO NCCL_NVLS_ENABLE set by environment to 1.[32m [repeated 7x across cluster][0m
[36m(WorkerDict pid=1475454)[0m trial-302172199-trialrun-302172199-worker-0:1475454:1475454 [2] NCCL INFO NVLS multicast support is available on dev 2 (NVLS_NCHANNELS 24)[32m [repeated 7x across cluster][0m
[36m(WorkerDict pid=1475454)[0m trial-302172199-trialrun-302172199-worker-0:1475454:1475454 [2] NCCL INFO Pattern 5, crossNic 0, nChannels 8, bw 80.000000/90.000000, type NVL/PIX, sameChannels 0[32m [repeated 23x across cluster][0m
[36m(WorkerDict pid=1475454)[0m trial-302172199-trialrun-302172199-worker-0:1475454:1475454 [2] NCCL INFO  7 : GPU/0-d8000[32m [repeated 310x across cluster][0m
[36m(WorkerDict pid=1475456)[0m trial-302172199-trialrun-302172199-worker-0:1475456:1475456 [[32m [repeated 3x across cluster][0m
[36m(WorkerDict pid=1475454)[0m trial-302172199-trialrun-302172199-worker-0:1475454:1475454 [2] NCCL INFO comm 0x10237680 rank 2 nRanks 8 nNodes 1 localRanks 8 localRank 2 MNNVL 0[32m [repeated 7x across cluster][0m
[36m(WorkerDict pid=1475462)[0m trial-302172199-trialrun-302172199-worker-0:1475462:1475462 [1] NCCL INFO Tree 31 : 0 -> 1 -> 2/-1/-1[32m [repeated 32x across cluster][0m
[36m(WorkerDict pid=1475454)[0m trial-302172199-trialrun-302172199-worker-0:1475454:1475454 [2] NCCL INFO Ring 31 : 1 -> 2 -> 3[32m [repeated 218x across cluster][0m
[36m(WorkerDict pid=1475456)[0m WARNING:2026-08-01 09:35:56,478:Initializing torch.distributed: rank=6 world_size=8 init_method=tcp://[fdbd:dc61:ff:f000:ffff:ffff:0:16]:55371 master=fdbd:dc61:ff:f000:ffff:ffff:0:16:55371[32m [repeated 7x across cluster][0m
[36m(WorkerDict pid=1475463)[0m [W801 09:35:56.684644237 ProcessGroupNCCL.cpp:932] Warning: TORCH_NCCL_AVOID_RECORD_STREAMS is the default now, this environment variable is thus deprecated. (function operator())[32m [repeated 7x across cluster][0m
[36m(WorkerDict pid=1475455)[0m Loading weights:   0%|          | 0/339 [00:00<?, ?it/s][32m [repeated 3x across cluster][0m
[36m(WorkerDict pid=1475462)[0m Loading weights: 100%|██████████| 339/339 [00:00<00:00, 20533.29it/s][32m [repeated 2x across cluster][0m
[36m(WorkerDict pid=1475456)[0m Loading weights:   0%|          | 0/339 [00:00<?, ?it/s]Loading weights: 100%|██████████| 339/339 [00:00<00:00, 11414.86it/s][32m [repeated 4x across cluster][0m
[36m(WorkerDict pid=1475455)[0m Loading weights:   0%|          | 1/339 [00:01<06:03,  1.08s/it]
[36m(WorkerDict pid=1475455)[0m Loading weights:  97%|█████████▋| 329/339 [00:03<00:00, 102.40it/s]Loading weights: 100%|██████████| 339/339 [00:03<00:00, 87.20it/s] 
[36m(WorkerDict pid=1475463)[0m Loading weights:   0%|          | 0/339 [00:00<?, ?it/s][32m [repeated 7x across cluster][0m
[36m(WorkerDict pid=1475459)[0m Loading weights:  94%|█████████▎| 317/339 [00:04<00:00, 92.38it/s][32m [repeated 4x across cluster][0m
[36m(WorkerDict pid=1475454)[0m trial-302172199-trialrun-302172199-worker-0:1475454:1475454 [2] NCCL INFO Trees [0] 3/-1/-1->2->1 [1] 3/-1/-1->2->1 [2] 3/-1/-1->2->1 [3] 3/-1/-1->2->1 [4] 3/-1/-1->2->1 [5] 3/-1/-1->2->1 [6] 3/-1/-1->2->1 [7] 3/-1/-1->2->1 [8] 3/-1/-1->2->1 [9] 3/-1/-1->2->1 [10] 3/-1/-1->2->1 [11] 3/-1/-1->2->1 [12] 3/-1/-1->2->1 [13] 3/-1/-1->2->1 [14] 3/-1/-1->2->1 [15] 3/-1/-1->2->1 [16] 3/-1/-1->2->1 [17] 3/-1/-1->2->1 [18] 3/-1/-1->2->1 [19] 3/-1/-1->2->1 [20] 3/-1/-1->2->1 [21] 3/-1/-1->2->1 [22] 3/-1/-1->2->1 [23] 3/-1/-1->2->1 [24] 3/-1/-1->2->1 [25] 3/-1/-1->2->1 [26] 3/-1/-1->2->1 [27] 3/-1/-1->2->1 [28] 3/-1/-1->2->1 [29] 3/-1/-1->2->1 [30] 3/-1/-1->2->1 [31] 3/-1/-1->2->1[32m [repeated 7x across cluster][0m
[36m(WorkerDict pid=1475454)[0m trial-302172199-trialrun-302172199-worker-0:1475454:1475454 [2] NCCL INFO P2P Chunksize set to 524288[32m [repeated 7x across cluster][0m
[36m(WorkerDict pid=1475454)[0m trial-302172199-trialrun-302172199-worker-0:1475454:1475454 [2] NCCL INFO PROFILER/Plugin: Could not find: libnccl-profiler.so[32m [repeated 7x across cluster][0m
[36m(WorkerDict pid=1475454)[0m trial-302172199-trialrun-302172199-worker-0:1475454:1475454 [2] NCCL INFO Check P2P Type isAllDirectP2p 1 directMode 0 isAllCudaP2p 1[32m [repeated 7x across cluster][0m
[36m(WorkerDict pid=1475454)[0m trial-302172199-trialrun-302172199-worker-0:1475454:1475454 [2] NCCL INFO ncclP2pSchedule: group size used is 8[32m [repeated 7x across cluster][0m
[36m(WorkerDict pid=1475454)[0m trial-302172199-trialrun-302172199-worker-0:1475454:1491043 [0] NCCL INFO [Proxy Service] Device 2 CPU core 26[32m [repeated 7x across cluster][0m
[36m(WorkerDict pid=1475456)[0m trial-302172199-trialrun-302172199-worker-0:1475456:1475456 [6] NC[32m [repeated 3x across cluster][0m
[36m(WorkerDict pid=1475454)[0m trial-302172199-trialrun-302172199-worker-0:1475454:1475454 [2] NCCL
[36m(WorkerDict pid=1475454)[0m trial-302172199-trialrun-302172199-worker-0:1475454:1475454 [2] NCCL INFO TUNER/Plugin: Could not find: libnccl-tuner.so[32m [repeated 7x across cluster][0m
[36m(WorkerDict pid=1475454)[0m trial-302172199-trialrun-302172199-worker-0:1475454:1475454 [2] NCCL INFO threadThresholds 8/8/64 | 64/8/64 | 512 | 512[32m [repeated 7x across cluster][0m
[36m(WorkerDict pid=1475454)[0m trial-302172199-trialrun-302172199-worker-0:1475454:1475454 [2] NCCL INFO 32 coll channels, 32 collnet channels, 24 nvls channels, 32 p2p channels, 32 p2p channels per peer[32m [repeated 7x across cluster][0m
[36m(WorkerDict pid=1475454)[0m trial-302172199-trialrun-302172199-worker-0:1475454:1475454 [2] NCCL INFO ncclCommInitRankConfig comm 0x10237680 rank 2 nranks 8 cudaDev 2 nvmlDev 2 busId 44000 commId 0xb67e9ff262bb1936 - Init COMPLETE[32m [repeated 7x across cluster][0m
[36m(WorkerDict pid=1475454)[0m trial-302172199-trialrun-302172199-worker-0:1475454:1475454 [2] NCCL INFO Init timings - ncclCommInitRankConfig: rank 2 nranks 8 total 3.30 (kernels 0.28, alloc 0.82, bootstrap 0.20, allgathers 0.02, topo 1.48, graphs 0.03, connections 0.44, rest 0.01)[32m [repeated 7x across cluster][0m
[36m(WorkerDict pid=1475454)[0m trial-302172199-trialrun-302172199-worker-0:1475454:1475454 [2] NCCL INFO Channel 13/0 : 2[2] -> 3[3] via P2P/CUMEM[32m [repeated 106x across cluster][0m
[36m(WorkerDict pid=1475456)[0m CL INFO Ring 30 : 5 -> 6 -> 7[32m [repeated 3x across cluster][0m
[36m(WorkerDict pid=1475454)[0m trial-302172199-trialrun-302172199-worker-0:1475454:1491045 [0] NCCL INFO [Proxy Service UDS] Device 2 CPU core 138[32m [repeated 6x across cluster][0m
[36m(WorkerDict pid=1475454)[0m trial-302172199-trialrun-302172199-worker-0:1475454:1475454 [2] NCCL INFO Channel 14/0 : 2[2] -> 3[32m [repeated 4x across cluster][0m
[36m(WorkerDict pid=1475454)[0m  INFO Ring 30 : 1 -> 2 -> 3
[36m(WorkerDict pid=1475455)[0m Model config after override: Qwen2Config {
[36m(WorkerDict pid=1475455)[0m   "architectures": [
[36m(WorkerDict pid=1475455)[0m     "Qwen2ForCausalLM"
[36m(WorkerDict pid=1475455)[0m   ],
[36m(WorkerDict pid=1475455)[0m   "attention_dropout": 0.0,
[36m(WorkerDict pid=1475455)[0m   "bos_token_id": null,
[36m(WorkerDict pid=1475455)[0m   "dtype": "bfloat16",
[36m(WorkerDict pid=1475455)[0m   "eos_token_id": 151643,
[36m(WorkerDict pid=1475455)[0m   "hidden_act": "silu",
[36m(WorkerDict pid=1475455)[0m   "hidden_size": 3584,
[36m(WorkerDict pid=1475455)[0m   "initializer_range": 0.02,
[36m(WorkerDict pid=1475455)[0m   "intermediate_size": 18944,
[36m(WorkerDict pid=1475455)[0m   "layer_types": [
[36m(WorkerDict pid=1475455)[0m     "full_attention",
[36m(WorkerDict pid=1475455)[0m     "full_attention",
[36m(WorkerDict pid=1475455)[0m     "full_attention",
[36m(WorkerDict pid=1475455)[0m     "full_attention",
[36m(WorkerDict pid=1475455)[0m     "full_attention",
[36m(WorkerDict pid=1475455)[0m     "full_attention",
[36m(WorkerDict pid=1475455)[0m     "full_attention",
[36m(WorkerDict pid=1475455)[0m     "full_attention",
[36m(WorkerDict pid=1475455)[0m     "full_attention",
[36m(WorkerDict pid=1475455)[0m     "full_attention",
[36m(WorkerDict pid=1475455)[0m     "full_attention",
[36m(WorkerDict pid=1475455)[0m     "full_attention",
[36m(WorkerDict pid=1475455)[0m     "full_attention",
[36m(WorkerDict pid=1475455)[0m     "full_attention",
[36m(WorkerDict pid=1475455)[0m     "full_attention",
[36m(WorkerDict pid=1475455)[0m     "full_attention",
[36m(WorkerDict pid=1475455)[0m     "full_attention",
[36m(WorkerDict pid=1475455)[0m     "full_attention",
[36m(WorkerDict pid=1475455)[0m     "full_attention",
[36m(WorkerDict pid=1475455)[0m     "full_attention",
[36m(WorkerDict pid=1475455)[0m     "full_attention",
[36m(WorkerDict pid=1475455)[0m     "full_attention",
[36m(WorkerDict pid=1475455)[0m     "full_attention",
[36m(WorkerDict pid=1475455)[0m     "full_attention",
[36m(WorkerDict pid=1475455)[0m     "full_attention",
[36m(WorkerDict pid=1475455)[0m     "full_attention",
[36m(WorkerDict pid=1475455)[0m     "full_attention",
[36m(WorkerDict pid=1475455)[0m     "full_attention"
[36m(WorkerDict pid=1475455)[0m   ],
[36m(WorkerDict pid=1475455)[0m   "max_position_embeddings": 4096,
[36m(WorkerDict pid=1475455)[0m   "max_window_layers": 28,
[36m(WorkerDict pid=1475455)[0m   "model_type": "qwen2",
[36m(WorkerDict pid=1475455)[0m   "num_attention_heads": 28,
[36m(WorkerDict pid=1475455)[0m   "num_hidden_layers": 28,
[36m(WorkerDict pid=1475455)[0m   "num_key_value_heads": 4,
[36m(WorkerDict pid=1475455)[0m   "pad_token_id": 151643,
[36m(WorkerDict pid=1475455)[0m   "rms_norm_eps": 1e-06,
[36m(WorkerDict pid=1475455)[0m   "rope_parameters": {
[36m(WorkerDict pid=1475455)[0m     "rope_theta": 10000,
[36m(WorkerDict pid=1475455)[0m     "rope_type": "default"
[36m(WorkerDict pid=1475455)[0m   },
[36m(WorkerDict pid=1475455)[0m   "sliding_window": null,
[36m(WorkerDict pid=1475455)[0m   "tie_word_embeddings": false,
[36m(WorkerDict pid=1475455)[0m   "transformers_version": "5.12.1",
[36m(WorkerDict pid=1475455)[0m   "use_cache": true,
[36m(WorkerDict pid=1475455)[0m   "use_mrope": false,
[36m(WorkerDict pid=1475455)[0m   "use_sliding_window": false,
[36m(WorkerDict pid=1475455)[0m   "vocab_size": 152064
[36m(WorkerDict pid=1475455)[0m }
[36m(WorkerDict pid=1475455)[0m 
[36m(WorkerDict pid=1475455)[0m actor attention implementation verified: sdpa
[36m(WorkerDict pid=1475455)[0m [PowerFlow] Added proj_z (layers=3, hidden=3584, init_offset=1.08)
[36m(WorkerDict pid=1475455)[0m Monkey patch _flash_attention_forward in transformers.integrations.flash_attention
[36m(WorkerDict pid=1475455)[0m Using Triton backend for fused kernels in Qwen2ForCausalLM
[36m(WorkerDict pid=1475455)[0m Qwen2ForCausalLM contains 7.64B parameters
[36m(WorkerDict pid=1475455)[0m [PowerFlow] Updated auto_wrap_policy to wrap ProjZModule
[36m(WorkerDict pid=1475455)[0m wrap_policy: <function ActorRolloutRefWorker._build_model_optimizer.<locals>.powerflow_wrap_policy at 0x7f93d9a95a80>
[36m(WorkerDict pid=1475455)[0m WARNING:2026-08-01 09:36:24,187:Dropping unsupported vLLM engine kwargs for this version: ['disable_mm_preprocessor_cache']
[36m(WorkerDict pid=1475456)[0m Loading weights:  91%|█████████ | 307/339 [00:04<00:00, 72.34it/s][32m [repeated 210x across cluster][0m
[36m(WorkerDict pid=1475456)[0m Loading weights:  99%|█████████▉| 337/339 [00:05<00:00, 82.71it/s]Loading weights: 100%|██████████| 339/339 [00:05<00:00, 63.67it/s][32m [repeated 7x across cluster][0m
[36m(WorkerDict pid=1475456)[0m Loading weights:  97%|█████████▋| 328/339 [00:05<00:00, 81.68it/s][32m [repeated 6x across cluster][0m
[36m(WorkerDict pid=1475460)[0m /mlx_devbox/users/quyanyi/playground/.venvs/ttrl_b200/lib/python3.11/site-packages/nvidia_cutlass_dsl/python_packages/cutlass/cute/core.py:5791: DeprecationWarning: Use explicit `struct.scalar.ptr` for pointer instead.
[36m(WorkerDict pid=1475460)[0m   warnings.warn(
[36m(WorkerDict pid=1475456)[0m WARNING:2026-08-01 09:36:24,185:Dropping unsupported vLLM engine kwargs for this version: ['disable_mm_preprocessor_cache'][32m [repeated 7x across cluster][0m
[36m(WorkerDict pid=1475455)[0m 2026-08-01 09:36:53,776 - INFO - autotuner.py:622 - flashinfer.jit: [Autotuner]: Autotuning process starts ...
[36m(WorkerDict pid=1475456)[0m /mlx_devbox/users/quyanyi/playground/.venvs/ttrl_b200/lib/python3.11/site-packages/nvidia_cutlass_dsl/python_packages/cutlass/cute/core.py:5791: DeprecationWarning: Use explicit `struct.scalar.ptr` for pointer instead.[32m [repeated 103x across cluster][0m
[36m(WorkerDict pid=1475456)[0m   warnings.warn([32m [repeated 103x across cluster][0m
[36m(WorkerDict pid=1475455)[0m 2026-08-01 09:36:53,791 - INFO - autotuner.py:641 - flashinfer.jit: [Autotuner]: Autotuning process ends
[36m(WorkerDict pid=1475455)[0m Capturing CUDA graphs (mixed prefill-decode, PIECEWISE):   0%|          | 0/51 [00:00<?, ?it/s]
[36m(WorkerDict pid=1475455)[0m Capturing CUDA graphs (mixed prefill-decode, PIECEWISE):   6%|▌         | 3/51 [00:00<00:01, 27.80it/s]
[36m(WorkerDict pid=1475455)[0m Capturing CUDA graphs (mixed prefill-decode, PIECEWISE):  12%|█▏        | 6/51 [00:00<00:01, 27.20it/s]
[36m(WorkerDict pid=1475455)[0m Capturing CUDA graphs (mixed prefill-decode, PIECEWISE):  20%|█▉        | 10/51 [00:00<00:01, 29.52it/s]Capturing CUDA graphs (mixed prefill-decode, PIECEWISE):  25%|██▌       | 13/51 [00:00<00:01, 29.67it/s]
[36m(WorkerDict pid=1475455)[0m Capturing CUDA graphs (mixed prefill-decode, PIECEWISE):  31%|███▏      | 16/51 [00:00<00:01, 29.31it/s]
[36m(WorkerDict pid=1475455)[0m Capturing CUDA graphs (mixed prefill-decode, PIECEWISE):  39%|███▉      | 20/51 [00:00<00:01, 29.98it/s]
[36m(WorkerDict pid=1475455)[0m Capturing CUDA graphs (mixed prefill-decode, PIECEWISE):  47%|████▋     | 24/51 [00:00<00:00, 30.16it/s]
[36m(WorkerDict pid=1475455)[0m Capturing CUDA graphs (mixed prefill-decode, PIECEWISE):  55%|█████▍    | 28/51 [00:00<00:00, 30.20it/s]
[36m(WorkerDict pid=1475455)[0m Capturing CUDA graphs (mixed prefill-decode, PIECEWISE):  63%|██████▎   | 32/51 [00:01<00:00, 29.47it/s]
[36m(WorkerDict pid=1475455)[0m Capturing CUDA graphs (mixed prefill-decode, PIECEWISE):  69%|██████▊   | 35/51 [00:01<00:00, 29.44it/s]
[36m(WorkerDict pid=1475455)[0m Capturing CUDA graphs (mixed prefill-decode, PIECEWISE):  75%|███████▍  | 38/51 [00:01<00:00, 29.17it/s]
[36m(WorkerDict pid=1475455)[0m Capturing CUDA graphs (mixed prefill-decode, PIECEWISE):  80%|████████  | 41/51 [00:01<00:00, 28.81it/s]
[36m(WorkerDict pid=1475455)[0m Capturing CUDA graphs (mixed prefill-decode, PIECEWISE):  86%|████████▋ | 44/51 [00:01<00:00, 28.74it/s]
[36m(WorkerDict pid=1475455)[0m Capturing CUDA graphs (mixed prefill-decode, PIECEWISE):  92%|█████████▏| 47/51 [00:01<00:00, 28.36it/s]
[36m(WorkerDict pid=1475455)[0m Capturing CUDA graphs (mixed prefill-decode, PIECEWISE): 100%|██████████| 51/51 [00:01<00:00, 27.73it/s]Capturing CUDA graphs (mixed prefill-decode, PIECEWISE): 100%|██████████| 51/51 [00:01<00:00, 28.91it/s]
[36m(WorkerDict pid=1475455)[0m Capturing CUDA graphs (decode, FULL):   0%|          | 0/51 [00:00<?, ?it/s]
[36m(WorkerDict pid=1475455)[0m Capturing CUDA graphs (decode, FULL):   6%|▌         | 3/51 [00:00<00:02, 23.99it/s]
[36m(WorkerDict pid=1475455)[0m Capturing CUDA graphs (decode, FULL):  14%|█▎        | 7/51 [00:00<00:01, 29.40it/s]
[36m(WorkerDict pid=1475455)[0m Capturing CUDA graphs (decode, FULL):  22%|██▏       | 11/51 [00:00<00:01, 33.28it/s]
[36m(WorkerDict pid=1475455)[0m Capturing CUDA graphs (decode, FULL):  29%|██▉       | 15/51 [00:00<00:01, 35.12it/s]
[36m(WorkerDict pid=1475455)[0m Capturing CUDA graphs (decode, FULL):  37%|███▋      | 19/51 [00:00<00:00, 36.23it/s]
[36m(WorkerDict pid=1475455)[0m Capturing CUDA graphs (decode, FULL):  45%|████▌     | 23/51 [00:00<00:00, 36.93it/s]
[36m(WorkerDict pid=1475455)[0m Capturing CUDA graphs (decode, FULL):  53%|█████▎    | 27/51 [00:00<00:00, 37.38it/s]
[36m(WorkerDict pid=1475455)[0m Capturing CUDA graphs (decode, FULL):  61%|██████    | 31/51 [00:00<00:00, 37.00it/s]
[36m(WorkerDict pid=1475455)[0m Capturing CUDA graphs (decode, FULL):  69%|██████▊   | 35/51 [00:00<00:00, 36.75it/s]
[36m(WorkerDict pid=1475455)[0m Capturing CUDA graphs (decode, FULL):  76%|███████▋  | 39/51 [00:01<00:00, 36.84it/s]
[36m(WorkerDict pid=1475455)[0m Capturing CUDA graphs (decode, FULL):  84%|████████▍ | 43/51 [00:01<00:00, 37.06it/s]
[36m(WorkerDict pid=1475456)[0m 2026-08-01 09:36:53,777 - INFO - autotuner.py:622 - flashinfer.jit: [Autotuner]: Autotuning process starts ...[32m [repeated 7x across cluster][0m
[36m(WorkerDict pid=1475455)[0m /mlx_devbox/users/quyanyi/playground/.venvs/ttrl_b200/lib/python3.11/site-packages/nvidia_cutlass_dsl/python_packages/cutlass/cute/core.py:5791: DeprecationWarning: Use explicit `struct.scalar.ptr` for pointer instead.[32m [repeated 3x across cluster][0m
[36m(WorkerDict pid=1475455)[0m   warnings.warn([32m [repeated 3x across cluster][0m
[36m(WorkerDict pid=1475456)[0m 2026-08-01 09:36:53,791 - INFO - autotuner.py:641 - flashinfer.jit: [Autotuner]: Autotuning process ends[32m [repeated 7x across cluster][0m
[36m(WorkerDict pid=1475455)[0m Capturing CUDA graphs (decode, FULL):  84%|████████▍ | 43/51 [00:11<00:00, 37.06it/s]
[36m(WorkerDict pid=1475456)[0m /mlx_devbox/users/quyanyi/playground/.venvs/ttrl_b200/lib/python3.11/site-packages/nvidia_cutlass_dsl/python_packages/cutlass/cute/core.py:5791: DeprecationWarning: Use explicit `struct.scalar.ptr` for pointer instead.[32m [repeated 101x across cluster][0m
[36m(WorkerDict pid=1475456)[0m   warnings.warn([32m [repeated 101x across cluster][0m
[36m(WorkerDict pid=1475455)[0m Capturing CUDA graphs (decode, FULL):  92%|█████████▏| 47/51 [00:12<00:03,  1.15it/s]
[36m(WorkerDict pid=1475455)[0m Capturing CUDA graphs (decode, FULL): 100%|██████████| 51/51 [00:12<00:00,  1.63it/s]Capturing CUDA graphs (decode, FULL): 100%|██████████| 51/51 [00:12<00:00,  4.09it/s]
[36m(WorkerDict pid=1475454)[0m /mlx_devbox/users/quyanyi/playground/TTRL/verl/verl/workers/sharding_manager/fsdp_vllm.py:97: FutureWarning: FSDP.state_dict_type() and FSDP.set_state_dict_type() are being deprecated. Please use APIs, get_state_dict() and set_state_dict(), which can support different parallelisms, FSDP1, FSDP2, DDP. API doc: https://pytorch.org/docs/stable/distributed.checkpoint.html#torch.distributed.checkpoint.state_dict.get_state_dict .Tutorial: https://pytorch.org/tutorials/recipes/distributed_checkpoint_recipe.html .
[36m(WorkerDict pid=1475454)[0m   FSDP.set_state_dict_type(
[36m(TaskRunner pid=1475453)[0m Training Progress:   0%|          | 0/3 [00:00<?, ?it/s]
[36m(WorkerDict pid=1475455)[0m /mlx_devbox/users/quyanyi/playground/.venvs/ttrl_b200/lib/python3.11/site-packages/nvidia_cutlass_dsl/python_packages/cutlass/cute/core.py:5791: DeprecationWarning: Use explicit `struct.scalar.ptr` for pointer instead.[32m [repeated 3x across cluster][0m
[36m(WorkerDict pid=1475455)[0m   warnings.warn([32m [repeated 3x across cluster][0m
[36m(WorkerDict pid=1475459)[0m /mlx_devbox/users/quyanyi/playground/TTRL/verl/verl/workers/sharding_manager/fsdp_vllm.py:97: FutureWarning: FSDP.state_dict_type() and FSDP.set_state_dict_type() are being deprecated. Please use APIs, get_state_dict() and set_state_dict(), which can support different parallelisms, FSDP1, FSDP2, DDP. API doc: https://pytorch.org/docs/stable/distributed.checkpoint.html#torch.distributed.checkpoint.state_dict.get_state_dict .Tutorial: https://pytorch.org/tutorials/recipes/distributed_checkpoint_recipe.html .[32m [repeated 7x across cluster][0m
[36m(WorkerDict pid=1475459)[0m   FSDP.set_state_dict_type([32m [repeated 7x across cluster][0m
[36m(TaskRunner pid=1475453)[0m <string>:1: SyntaxWarning: 'set' object is not callable; perhaps you missed a comma?
[36m(WorkerDict pid=1475456)[0m /mlx_devbox/users/quyanyi/playground/.venvs/ttrl_b200/lib/python3.11/site-packages/nvidia_cutlass_dsl/python_packages/cutlass/cute/core.py:5791: DeprecationWarning: Use explicit `struct.scalar.ptr` for pointer instead.[32m [repeated 101x across cluster][0m
[36m(WorkerDict pid=1475456)[0m   warnings.warn([32m [repeated 101x across cluster][0m
[36m(TaskRunner pid=1475453)[0m <string>:1: SyntaxWarning: 'set' object is not callable; perhaps you missed a comma?
[36m(TaskRunner pid=1475453)[0m <string>:1: SyntaxWarning: 'set' object is not callable; perhaps you missed a comma?
[36m(TaskRunner pid=1475453)[0m WARNING:2026-08-01 09:38:21,335:WARNING: Error in configuration: macro '\frac' failed its substitution!
[36m(TaskRunner pid=1475453)[0m Training Progress:  33%|███▎      | 1/3 [01:32<03:05, 92.68s/it]
[36m(TaskRunner pid=1475453)[0m <string>:1: SymPyDeprecationWarning: 
[36m(TaskRunner pid=1475453)[0m 
[36m(TaskRunner pid=1475453)[0m Using non-Expr arguments in Pow is deprecated (in this case, one of the
[36m(TaskRunner pid=1475453)[0m arguments is of type 'FiniteSet').
[36m(TaskRunner pid=1475453)[0m 
[36m(TaskRunner pid=1475453)[0m If you really did intend to construct a power with this base, use the **
[36m(TaskRunner pid=1475453)[0m operator instead.
[36m(TaskRunner pid=1475453)[0m 
[36m(TaskRunner pid=1475453)[0m See https://docs.sympy.org/latest/explanation/active-deprecations.html#non-expr-args-deprecated
[36m(TaskRunner pid=1475453)[0m for details.
[36m(TaskRunner pid=1475453)[0m 
[36m(TaskRunner pid=1475453)[0m This has been deprecated since SymPy version 1.7. It
[36m(TaskRunner pid=1475453)[0m will be removed in a future version of SymPy.
[36m(TaskRunner pid=1475453)[0m 
[36m(TaskRunner pid=1475453)[0m /mlx_devbox/users/quyanyi/playground/.venvs/ttrl_b200/lib/python3.11/site-packages/sympy/core/power.py:1257: SymPyDeprecationWarning: 
[36m(TaskRunner pid=1475453)[0m 
[36m(TaskRunner pid=1475453)[0m Using non-Expr arguments in Pow is deprecated (in this case, one of the
[36m(TaskRunner pid=1475453)[0m arguments is of type 'FiniteSet').
[36m(TaskRunner pid=1475453)[0m 
[36m(TaskRunner pid=1475453)[0m If you really did intend to construct a power with this base, use the **
[36m(TaskRunner pid=1475453)[0m operator instead.
[36m(TaskRunner pid=1475453)[0m 
[36m(TaskRunner pid=1475453)[0m See https://docs.sympy.org/latest/explanation/active-deprecations.html#non-expr-args-deprecated
[36m(TaskRunner pid=1475453)[0m for details.
[36m(TaskRunner pid=1475453)[0m 
[36m(TaskRunner pid=1475453)[0m This has been deprecated since SymPy version 1.7. It
[36m(TaskRunner pid=1475453)[0m will be removed in a future version of SymPy.
[36m(TaskRunner pid=1475453)[0m 
[36m(TaskRunner pid=1475453)[0m   p = self.func(*self.as_base_exp())  # in case it's unevaluated
[36m(TaskRunner pid=1475453)[0m <string>:1: SymPyDeprecationWarning: 
[36m(TaskRunner pid=1475453)[0m 
[36m(TaskRunner pid=1475453)[0m Using non-Expr arguments in Pow is deprecated (in this case, one of the
[36m(TaskRunner pid=1475453)[0m arguments is of type 'FiniteSet').
[36m(TaskRunner pid=1475453)[0m 
[36m(TaskRunner pid=1475453)[0m If you really did intend to construct a power with this base, use the **
[36m(TaskRunner pid=1475453)[0m operator instead.
[36m(TaskRunner pid=1475453)[0m 
[36m(TaskRunner pid=1475453)[0m See https://docs.sympy.org/latest/explanation/active-deprecations.html#non-expr-args-deprecated
[36m(TaskRunner pid=1475453)[0m for details.
[36m(TaskRunner pid=1475453)[0m 
[36m(TaskRunner pid=1475453)[0m This has been deprecated since SymPy version 1.7. It
[36m(TaskRunner pid=1475453)[0m will be removed in a future version of SymPy.
[36m(TaskRunner pid=1475453)[0m 
[36m(TaskRunner pid=1475453)[0m /mlx_devbox/users/quyanyi/playground/.venvs/ttrl_b200/lib/python3.11/site-packages/sympy/core/power.py:1257: SymPyDeprecationWarning: 
[36m(TaskRunner pid=1475453)[0m 
[36m(TaskRunner pid=1475453)[0m Using non-Expr arguments in Pow is deprecated (in this case, one of the
[36m(TaskRunner pid=1475453)[0m arguments is of type 'FiniteSet').
[36m(TaskRunner pid=1475453)[0m 
[36m(TaskRunner pid=1475453)[0m If you really did intend to construct a power with this base, use the **
[36m(TaskRunner pid=1475453)[0m operator instead.
[36m(TaskRunner pid=1475453)[0m 
[36m(TaskRunner pid=1475453)[0m See https://docs.sympy.org/latest/explanation/active-deprecations.html#non-expr-args-deprecated
[36m(TaskRunner pid=1475453)[0m for details.
[36m(TaskRunner pid=1475453)[0m 
[36m(TaskRunner pid=1475453)[0m This has been deprecated since SymPy version 1.7. It
[36m(TaskRunner pid=1475453)[0m will be removed in a future version of SymPy.
[36m(TaskRunner pid=1475453)[0m 
[36m(TaskRunner pid=1475453)[0m   p = self.func(*self.as_base_exp())  # in case it's unevaluated
[36m(TaskRunner pid=1475453)[0m <string>:1: SymPyDeprecationWarning: 
[36m(TaskRunner pid=1475453)[0m 
[36m(TaskRunner pid=1475453)[0m Using non-Expr arguments in Pow is deprecated (in this case, one of the
[36m(TaskRunner pid=1475453)[0m arguments is of type 'FiniteSet').
[36m(TaskRunner pid=1475453)[0m 
[36m(TaskRunner pid=1475453)[0m If you really did intend to construct a power with this base, use the **
[36m(TaskRunner pid=1475453)[0m operator instead.
[36m(TaskRunner pid=1475453)[0m 
[36m(TaskRunner pid=1475453)[0m See https://docs.sympy.org/latest/explanation/active-deprecations.html#non-expr-args-deprecated
[36m(TaskRunner pid=1475453)[0m for details.
[36m(TaskRunner pid=1475453)[0m 
[36m(TaskRunner pid=1475453)[0m This has been deprecated since SymPy version 1.7. It
[36m(TaskRunner pid=1475453)[0m will be removed in a future version of SymPy.
[36m(TaskRunner pid=1475453)[0m 
[36m(TaskRunner pid=1475453)[0m /mlx_devbox/users/quyanyi/playground/.venvs/ttrl_b200/lib/python3.11/site-packages/sympy/core/power.py:1257: SymPyDeprecationWarning: 
[36m(TaskRunner pid=1475453)[0m 
[36m(TaskRunner pid=1475453)[0m Using non-Expr arguments in Pow is deprecated (in this case, one of the
[36m(TaskRunner pid=1475453)[0m arguments is of type 'FiniteSet').
[36m(TaskRunner pid=1475453)[0m 
[36m(TaskRunner pid=1475453)[0m If you really did intend to construct a power with this base, use the **
[36m(TaskRunner pid=1475453)[0m operator instead.
[36m(TaskRunner pid=1475453)[0m 
[36m(TaskRunner pid=1475453)[0m See https://docs.sympy.org/latest/explanation/active-deprecations.html#non-expr-args-deprecated
[36m(TaskRunner pid=1475453)[0m for details.
[36m(TaskRunner pid=1475453)[0m 
[36m(TaskRunner pid=1475453)[0m This has been deprecated since SymPy version 1.7. It
[36m(TaskRunner pid=1475453)[0m will be removed in a future version of SymPy.
[36m(TaskRunner pid=1475453)[0m 
[36m(TaskRunner pid=1475453)[0m   p = self.func(*self.as_base_exp())  # in case it's unevaluated
[36m(TaskRunner pid=1475453)[0m <string>:1: SymPyDeprecationWarning: 
[36m(TaskRunner pid=1475453)[0m 
[36m(TaskRunner pid=1475453)[0m Using non-Expr arguments in Pow is deprecated (in this case, one of the
[36m(TaskRunner pid=1475453)[0m arguments is of type 'FiniteSet').
[36m(TaskRunner pid=1475453)[0m 
[36m(TaskRunner pid=1475453)[0m If you really did intend to construct a power with this base, use the **
[36m(TaskRunner pid=1475453)[0m operator instead.
[36m(TaskRunner pid=1475453)[0m 
[36m(TaskRunner pid=1475453)[0m See https://docs.sympy.org/latest/explanation/active-deprecations.html#non-expr-args-deprecated
[36m(TaskRunner pid=1475453)[0m for details.
[36m(TaskRunner pid=1475453)[0m 
[36m(TaskRunner pid=1475453)[0m This has been deprecated since SymPy version 1.7. It
[36m(TaskRunner pid=1475453)[0m will be removed in a future version of SymPy.
[36m(TaskRunner pid=1475453)[0m 
[36m(TaskRunner pid=1475453)[0m /mlx_devbox/users/quyanyi/playground/.venvs/ttrl_b200/lib/python3.11/site-packages/sympy/core/power.py:1257: SymPyDeprecationWarning: 
[36m(TaskRunner pid=1475453)[0m 
[36m(TaskRunner pid=1475453)[0m Using non-Expr arguments in Pow is deprecated (in this case, one of the
[36m(TaskRunner pid=1475453)[0m arguments is of type 'FiniteSet').
[36m(TaskRunner pid=1475453)[0m 
[36m(TaskRunner pid=1475453)[0m If you really did intend to construct a power with this base, use the **
[36m(TaskRunner pid=1475453)[0m operator instead.
[36m(TaskRunner pid=1475453)[0m 
[36m(TaskRunner pid=1475453)[0m See https://docs.sympy.org/latest/explanation/active-deprecations.html#non-expr-args-deprecated
[36m(TaskRunner pid=1475453)[0m for details.
[36m(TaskRunner pid=1475453)[0m 
[36m(TaskRunner pid=1475453)[0m This has been deprecated since SymPy version 1.7. It
[36m(TaskRunner pid=1475453)[0m will be removed in a future version of SymPy.
[36m(TaskRunner pid=1475453)[0m 
[36m(TaskRunner pid=1475453)[0m   p = self.func(*self.as_base_exp())  # in case it's unevaluated
[36m(TaskRunner pid=1475453)[0m <string>:1: SymPyDeprecationWarning: 
[36m(TaskRunner pid=1475453)[0m 
[36m(TaskRunner pid=1475453)[0m Using non-Expr arguments in Pow is deprecated (in this case, one of the
[36m(TaskRunner pid=1475453)[0m arguments is of type 'FiniteSet').
[36m(TaskRunner pid=1475453)[0m 
[36m(TaskRunner pid=1475453)[0m If you really did intend to construct a power with this base, use the **
[36m(TaskRunner pid=1475453)[0m operator instead.
[36m(TaskRunner pid=1475453)[0m 
[36m(TaskRunner pid=1475453)[0m See https://docs.sympy.org/latest/explanation/active-deprecations.html#non-expr-args-deprecated
[36m(TaskRunner pid=1475453)[0m for details.
[36m(TaskRunner pid=1475453)[0m 
[36m(TaskRunner pid=1475453)[0m This has been deprecated since SymPy version 1.7. It
[36m(TaskRunner pid=1475453)[0m will be removed in a future version of SymPy.
[36m(TaskRunner pid=1475453)[0m 
[36m(TaskRunner pid=1475453)[0m /mlx_devbox/users/quyanyi/playground/.venvs/ttrl_b200/lib/python3.11/site-packages/sympy/core/power.py:1257: SymPyDeprecationWarning: 
[36m(TaskRunner pid=1475453)[0m 
[36m(TaskRunner pid=1475453)[0m Using non-Expr arguments in Pow is deprecated (in this case, one of the
[36m(TaskRunner pid=1475453)[0m arguments is of type 'FiniteSet').
[36m(TaskRunner pid=1475453)[0m 
[36m(TaskRunner pid=1475453)[0m If you really did intend to construct a power with this base, use the **
[36m(TaskRunner pid=1475453)[0m operator instead.
[36m(TaskRunner pid=1475453)[0m 
[36m(TaskRunner pid=1475453)[0m See https://docs.sympy.org/latest/explanation/active-deprecations.html#non-expr-args-deprecated
[36m(TaskRunner pid=1475453)[0m for details.
[36m(TaskRunner pid=1475453)[0m 
[36m(TaskRunner pid=1475453)[0m This has been deprecated since SymPy version 1.7. It
[36m(TaskRunner pid=1475453)[0m will be removed in a future version of SymPy.
[36m(TaskRunner pid=1475453)[0m 
[36m(TaskRunner pid=1475453)[0m   p = self.func(*self.as_base_exp())  # in case it's unevaluated
[36m(TaskRunner pid=1475453)[0m <string>:1: SymPyDeprecationWarning: 
[36m(TaskRunner pid=1475453)[0m 
[36m(TaskRunner pid=1475453)[0m Using non-Expr arguments in Pow is deprecated (in this case, one of the
[36m(TaskRunner pid=1475453)[0m arguments is of type 'FiniteSet').
[36m(TaskRunner pid=1475453)[0m 
[36m(TaskRunner pid=1475453)[0m If you really did intend to construct a power with this base, use the **
[36m(TaskRunner pid=1475453)[0m operator instead.
[36m(TaskRunner pid=1475453)[0m 
[36m(TaskRunner pid=1475453)[0m See https://docs.sympy.org/latest/explanation/active-deprecations.html#non-expr-args-deprecated
[36m(TaskRunner pid=1475453)[0m for details.
[36m(TaskRunner pid=1475453)[0m 
[36m(TaskRunner pid=1475453)[0m This has been deprecated since SymPy version 1.7. It
[36m(TaskRunner pid=1475453)[0m will be removed in a future version of SymPy.
[36m(TaskRunner pid=1475453)[0m 
[36m(TaskRunner pid=1475453)[0m <string>:1: SymPyDeprecationWarning: 
[36m(TaskRunner pid=1475453)[0m 
[36m(TaskRunner pid=1475453)[0m Using non-Expr arguments in Pow is deprecated (in this case, one of the
[36m(TaskRunner pid=1475453)[0m arguments is of type 'FiniteSet').
[36m(TaskRunner pid=1475453)[0m 
[36m(TaskRunner pid=1475453)[0m If you really did intend to construct a power with this base, use the **
[36m(TaskRunner pid=1475453)[0m operator instead.
[36m(TaskRunner pid=1475453)[0m 
[36m(TaskRunner pid=1475453)[0m See https://docs.sympy.org/latest/explanation/active-deprecations.html#non-expr-args-deprecated
[36m(TaskRunner pid=1475453)[0m for details.
[36m(TaskRunner pid=1475453)[0m 
[36m(TaskRunner pid=1475453)[0m This has been deprecated since SymPy version 1.7. It
[36m(TaskRunner pid=1475453)[0m will be removed in a future version of SymPy.
[36m(TaskRunner pid=1475453)[0m 
[36m(TaskRunner pid=1475453)[0m /mlx_devbox/users/quyanyi/playground/.venvs/ttrl_b200/lib/python3.11/site-packages/sympy/simplify/simplify.py:1766: SymPyDeprecationWarning: 
[36m(TaskRunner pid=1475453)[0m 
[36m(TaskRunner pid=1475453)[0m Using non-Expr arguments in Pow is deprecated (in this case, one of the
[36m(TaskRunner pid=1475453)[0m arguments is of type 'FiniteSet').
[36m(TaskRunner pid=1475453)[0m 
[36m(TaskRunner pid=1475453)[0m If you really did intend to construct a power with this base, use the **
[36m(TaskRunner pid=1475453)[0m operator instead.
[36m(TaskRunner pid=1475453)[0m 
[36m(TaskRunner pid=1475453)[0m See https://docs.sympy.org/latest/explanation/active-deprecations.html#non-expr-args-deprecated
[36m(TaskRunner pid=1475453)[0m for details.
[36m(TaskRunner pid=1475453)[0m 
[36m(TaskRunner pid=1475453)[0m This has been deprecated since SymPy version 1.7. It
[36m(TaskRunner pid=1475453)[0m will be removed in a future version of SymPy.
[36m(TaskRunner pid=1475453)[0m 
[36m(TaskRunner pid=1475453)[0m   return _Pow(nc_simplify(args[0]), args[1]).doit()
[36m(TaskRunner pid=1475453)[0m <string>:1: SymPyDeprecationWarning: 
[36m(TaskRunner pid=1475453)[0m 
[36m(TaskRunner pid=1475453)[0m Using non-Expr arguments in Pow is deprecated (in this case, one of the
[36m(TaskRunner pid=1475453)[0m arguments is of type 'FiniteSet').
[36m(TaskRunner pid=1475453)[0m 
[36m(TaskRunner pid=1475453)[0m If you really did intend to construct a power with this base, use the **
[36m(TaskRunner pid=1475453)[0m operator instead.
[36m(TaskRunner pid=1475453)[0m 
[36m(TaskRunner pid=1475453)[0m See https://docs.sympy.org/latest/explanation/active-deprecations.html#non-expr-args-deprecated
[36m(TaskRunner pid=1475453)[0m for details.
[36m(TaskRunner pid=1475453)[0m 
[36m(TaskRunner pid=1475453)[0m This has been deprecated since SymPy version 1.7. It
[36m(TaskRunner pid=1475453)[0m will be removed in a future version of SymPy.
[36m(TaskRunner pid=1475453)[0m 
[36m(TaskRunner pid=1475453)[0m /mlx_devbox/users/quyanyi/playground/.venvs/ttrl_b200/lib/python3.11/site-packages/sympy/core/power.py:1257: SymPyDeprecationWarning: 
[36m(TaskRunner pid=1475453)[0m 
[36m(TaskRunner pid=1475453)[0m Using non-Expr arguments in Pow is deprecated (in this case, one of the
[36m(TaskRunner pid=1475453)[0m arguments is of type 'FiniteSet').
[36m(TaskRunner pid=1475453)[0m 
[36m(TaskRunner pid=1475453)[0m If you really did intend to construct a power with this base, use the **
[36m(TaskRunner pid=1475453)[0m operator instead.
[36m(TaskRunner pid=1475453)[0m 
[36m(TaskRunner pid=1475453)[0m See https://docs.sympy.org/latest/explanation/active-deprecations.html#non-expr-args-deprecated
[36m(TaskRunner pid=1475453)[0m for details.
[36m(TaskRunner pid=1475453)[0m 
[36m(TaskRunner pid=1475453)[0m This has been deprecated since SymPy version 1.7. It
[36m(TaskRunner pid=1475453)[0m will be removed in a future version of SymPy.
[36m(TaskRunner pid=1475453)[0m 
[36m(TaskRunner pid=1475453)[0m   p = self.func(*self.as_base_exp())  # in case it's unevaluated
[36m(TaskRunner pid=1475453)[0m <string>:1: SymPyDeprecationWarning: 
[36m(TaskRunner pid=1475453)[0m 
[36m(TaskRunner pid=1475453)[0m Using non-Expr arguments in Pow is deprecated (in this case, one of the
[36m(TaskRunner pid=1475453)[0m arguments is of type 'FiniteSet').
[36m(TaskRunner pid=1475453)[0m 
[36m(TaskRunner pid=1475453)[0m If you really did intend to construct a power with this base, use the **
[36m(TaskRunner pid=1475453)[0m operator instead.
[36m(TaskRunner pid=1475453)[0m 
[36m(TaskRunner pid=1475453)[0m See https://docs.sympy.org/latest/explanation/active-deprecations.html#non-expr-args-deprecated
[36m(TaskRunner pid=1475453)[0m for details.
[36m(TaskRunner pid=1475453)[0m 
[36m(TaskRunner pid=1475453)[0m This has been deprecated since SymPy version 1.7. It
[36m(TaskRunner pid=1475453)[0m will be removed in a future version of SymPy.
[36m(TaskRunner pid=1475453)[0m 
[36m(TaskRunner pid=1475453)[0m <string>:1: SymPyDeprecationWarning: 
[36m(TaskRunner pid=1475453)[0m 
[36m(TaskRunner pid=1475453)[0m Using non-Expr arguments in Pow is deprecated (in this case, one of the
[36m(TaskRunner pid=1475453)[0m arguments is of type 'FiniteSet').
[36m(TaskRunner pid=1475453)[0m 
[36m(TaskRunner pid=1475453)[0m If you really did intend to construct a power with this base, use the **
[36m(TaskRunner pid=1475453)[0m operator instead.
[36m(TaskRunner pid=1475453)[0m 
[36m(TaskRunner pid=1475453)[0m See https://docs.sympy.org/latest/explanation/active-deprecations.html#non-expr-args-deprecated
[36m(TaskRunner pid=1475453)[0m for details.
[36m(TaskRunner pid=1475453)[0m 
[36m(TaskRunner pid=1475453)[0m This has been deprecated since SymPy version 1.7. It
[36m(TaskRunner pid=1475453)[0m will be removed in a future version of SymPy.
[36m(TaskRunner pid=1475453)[0m 
[36m(TaskRunner pid=1475453)[0m <string>:1: SymPyDeprecationWarning: 
[36m(TaskRunner pid=1475453)[0m 
[36m(TaskRunner pid=1475453)[0m Using non-Expr arguments in Pow is deprecated (in this case, one of the
[36m(TaskRunner pid=1475453)[0m arguments is of type 'FiniteSet').
[36m(TaskRunner pid=1475453)[0m 
[36m(TaskRunner pid=1475453)[0m If you really did intend to construct a power with this base, use the **
[36m(TaskRunner pid=1475453)[0m operator instead.
[36m(TaskRunner pid=1475453)[0m 
[36m(TaskRunner pid=1475453)[0m See https://docs.sympy.org/latest/explanation/active-deprecations.html#non-expr-args-deprecated
[36m(TaskRunner pid=1475453)[0m for details.
[36m(TaskRunner pid=1475453)[0m 
[36m(TaskRunner pid=1475453)[0m This has been deprecated since SymPy version 1.7. It
[36m(TaskRunner pid=1475453)[0m will be removed in a future version of SymPy.
[36m(TaskRunner pid=1475453)[0m 
[36m(TaskRunner pid=1475453)[0m <string>:1: SymPyDeprecationWarning: 
[36m(TaskRunner pid=1475453)[0m 
[36m(TaskRunner pid=1475453)[0m Using non-Expr arguments in Pow is deprecated (in this case, one of the
[36m(TaskRunner pid=1475453)[0m arguments is of type 'FiniteSet').
[36m(TaskRunner pid=1475453)[0m 
[36m(TaskRunner pid=1475453)[0m If you really did intend to construct a power with this base, use the **
[36m(TaskRunner pid=1475453)[0m operator instead.
[36m(TaskRunner pid=1475453)[0m 
[36m(TaskRunner pid=1475453)[0m See https://docs.sympy.org/latest/explanation/active-deprecations.html#non-expr-args-deprecated
[36m(TaskRunner pid=1475453)[0m for details.
[36m(TaskRunner pid=1475453)[0m 
[36m(TaskRunner pid=1475453)[0m This has been deprecated since SymPy version 1.7. It
[36m(TaskRunner pid=1475453)[0m will be removed in a future version of SymPy.
[36m(TaskRunner pid=1475453)[0m 
[36m(TaskRunner pid=1475453)[0m <string>:1: SymPyDeprecationWarning: 
[36m(TaskRunner pid=1475453)[0m 
[36m(TaskRunner pid=1475453)[0m Using non-Expr arguments in Pow is deprecated (in this case, one of the
[36m(TaskRunner pid=1475453)[0m arguments is of type 'FiniteSet').
[36m(TaskRunner pid=1475453)[0m 
[36m(TaskRunner pid=1475453)[0m If you really did intend to construct a power with this base, use the **
[36m(TaskRunner pid=1475453)[0m operator instead.
[36m(TaskRunner pid=1475453)[0m 
[36m(TaskRunner pid=1475453)[0m See https://docs.sympy.org/latest/explanation/active-deprecations.html#non-expr-args-deprecated
[36m(TaskRunner pid=1475453)[0m for details.
[36m(TaskRunner pid=1475453)[0m 
[36m(TaskRunner pid=1475453)[0m This has been deprecated since SymPy version 1.7. It
[36m(TaskRunner pid=1475453)[0m will be removed in a future version of SymPy.
[36m(TaskRunner pid=1475453)[0m 
[36m(TaskRunner pid=1475453)[0m /mlx_devbox/users/quyanyi/playground/.venvs/ttrl_b200/lib/python3.11/site-packages/sympy/simplify/simplify.py:1766: SymPyDeprecationWarning: 
[36m(TaskRunner pid=1475453)[0m 
[36m(TaskRunner pid=1475453)[0m Using non-Expr arguments in Pow is deprecated (in this case, one of the
[36m(TaskRunner pid=1475453)[0m arguments is of type 'FiniteSet').
[36m(TaskRunner pid=1475453)[0m 
[36m(TaskRunner pid=1475453)[0m If you really did intend to construct a power with this base, use the **
[36m(TaskRunner pid=1475453)[0m operator instead.
[36m(TaskRunner pid=1475453)[0m 
[36m(TaskRunner pid=1475453)[0m See https://docs.sympy.org/latest/explanation/active-deprecations.html#non-expr-args-deprecated
[36m(TaskRunner pid=1475453)[0m for details.
[36m(TaskRunner pid=1475453)[0m 
[36m(TaskRunner pid=1475453)[0m This has been deprecated since SymPy version 1.7. It
[36m(TaskRunner pid=1475453)[0m will be removed in a future version of SymPy.
[36m(TaskRunner pid=1475453)[0m 
[36m(TaskRunner pid=1475453)[0m   return _Pow(nc_simplify(args[0]), args[1]).doit()
[36m(TaskRunner pid=1475453)[0m <string>:1: SymPyDeprecationWarning: 
[36m(TaskRunner pid=1475453)[0m 
[36m(TaskRunner pid=1475453)[0m Using non-Expr arguments in Pow is deprecated (in this case, one of the
[36m(TaskRunner pid=1475453)[0m arguments is of type 'FiniteSet').
[36m(TaskRunner pid=1475453)[0m 
[36m(TaskRunner pid=1475453)[0m If you really did intend to construct a power with this base, use the **
[36m(TaskRunner pid=1475453)[0m operator instead.
[36m(TaskRunner pid=1475453)[0m 
[36m(TaskRunner pid=1475453)[0m See https://docs.sympy.org/latest/explanation/active-deprecations.html#non-expr-args-deprecated
[36m(TaskRunner pid=1475453)[0m for details.
[36m(TaskRunner pid=1475453)[0m 
[36m(TaskRunner pid=1475453)[0m This has been deprecated since SymPy version 1.7. It
[36m(TaskRunner pid=1475453)[0m will be removed in a future version of SymPy.
[36m(TaskRunner pid=1475453)[0m 
[36m(TaskRunner pid=1475453)[0m <string>:1: SymPyDeprecationWarning: 
[36m(TaskRunner pid=1475453)[0m 
[36m(TaskRunner pid=1475453)[0m Using non-Expr arguments in Pow is deprecated (in this case, one of the
[36m(TaskRunner pid=1475453)[0m arguments is of type 'FiniteSet').
[36m(TaskRunner pid=1475453)[0m 
[36m(TaskRunner pid=1475453)[0m If you really did intend to construct a power with this base, use the **
[36m(TaskRunner pid=1475453)[0m operator instead.
[36m(TaskRunner pid=1475453)[0m 
[36m(TaskRunner pid=1475453)[0m See https://docs.sympy.org/latest/explanation/active-deprecations.html#non-expr-args-deprecated
[36m(TaskRunner pid=1475453)[0m for details.
[36m(TaskRunner pid=1475453)[0m 
[36m(TaskRunner pid=1475453)[0m This has been deprecated since SymPy version 1.7. It
[36m(TaskRunner pid=1475453)[0m will be removed in a future version of SymPy.
[36m(TaskRunner pid=1475453)[0m 
[36m(TaskRunner pid=1475453)[0m <string>:1: SymPyDeprecationWarning: 
[36m(TaskRunner pid=1475453)[0m 
[36m(TaskRunner pid=1475453)[0m Using non-Expr arguments in Pow is deprecated (in this case, one of the
[36m(TaskRunner pid=1475453)[0m arguments is of type 'FiniteSet').
[36m(TaskRunner pid=1475453)[0m 
[36m(TaskRunner pid=1475453)[0m If you really did intend to construct a power with this base, use the **
[36m(TaskRunner pid=1475453)[0m operator instead.
[36m(TaskRunner pid=1475453)[0m 
[36m(TaskRunner pid=1475453)[0m See https://docs.sympy.org/latest/explanation/active-deprecations.html#non-expr-args-deprecated
[36m(TaskRunner pid=1475453)[0m for details.
[36m(TaskRunner pid=1475453)[0m 
[36m(TaskRunner pid=1475453)[0m This has been deprecated since SymPy version 1.7. It
[36m(TaskRunner pid=1475453)[0m will be removed in a future version of SymPy.
[36m(TaskRunner pid=1475453)[0m 
[36m(TaskRunner pid=1475453)[0m Training Progress:  67%|██████▋   | 2/3 [02:47<01:22, 82.43s/it]
[36m(WorkerDict pid=1475455)[0m Total steps: 3, num_warmup_steps: 0
[36m(WorkerDict pid=1475455)[0m Actor use_remove_padding=True
[36m(WorkerDict pid=1475455)[0m Actor use_fused_kernels=True
[36m(WorkerDict pid=1475456)[0m Monkey patch _flash_attention_forward in transformers.integrations.flash_attention[32m [repeated 7x across cluster][0m
[36m(WorkerDict pid=1475456)[0m Using Triton backend for fused kernels in Qwen2ForCausalLM[32m [repeated 7x across cluster][0m
[36m(WorkerDict pid=1475462)[0m kwargs: {'n': 1, 'logprobs': 1, 'max_tokens': 3072, 'repetition_penalty': 1.0, 'detokenize': False, 'temperature': 1.0, 'top_k': -1, 'top_p': 1, 'ignore_eos': False}
[36m(WorkerDict pid=1475455)[0m WARNING 08-01 09:37:12 [jit_monitor.py:106] Triton kernel JIT compilation during inference: _compute_slot_mapping_kernel. This causes a latency spike; consider extending warmup to cover this shape/config.
[36m(TaskRunner pid=1475453)[0m [Shutdown] 2 subprocess(es) terminated.
[36m(WorkerDict pid=1475463)[0m kwargs: {'n': 1, 'logprobs': 1, 'max_tokens': 3072, 'repetition_penalty': 1.0, 'detokenize': False, 'temperature': 1.0, 'top_k': -1, 'top_p': 1, 'ignore_eos': False}[32m [repeated 7x across cluster][0m
[36m(TaskRunner pid=1475453)[0m [Shutdown] 6 subprocess(es) terminated.
[36m(TaskRunner pid=1475453)[0m [Shutdown] 3 subprocess(es) terminated.
[36m(WorkerDict pid=1475455)[0m WARNING 08-01 09:38:34 [jit_monitor.py:106] Triton kernel JIT compilation during inference: efficient_entropy_kernel_general_mainloop. This causes a latency spike; consider extending warmup to cover this shape/config.
[36m(WorkerDict pid=1475455)[0m WARNING 08-01 09:38:34 [jit_monitor.py:106] Triton kernel JIT compilation during inference: efficient_entropy_triton_kernel_epilogue. This causes a latency spike; consider extending warmup to cover this shape/config.
[36m(WorkerDict pid=1475455)[0m WARNING 08-01 09:38:36 [jit_monitor.py:106] Triton kernel JIT compilation during inference: efficient_entropy_backward_kernel_general_d_logits_split_N. This causes a latency spike; consider extending warmup to cover this shape/config.
[36m(TaskRunner pid=1475453)[0m step:1 - chunk_state_source/selected_original_acc_mean:0.844 - chunk_state_source/prompt_original_pass:0.906 - chunk_state_source/prompt_original_mean:0.334 - chunk_state_source/selected_majority_consistent_mean:1.000 - chunk_state_source/prompt_majority_ratio_mean:0.343 - chunk_state_source/prompt_majority_pass:1.000 - chunk_state_source_chunk/enabled:1.000 - chunk_state_source_chunk/injected_ratio:1.000 - chunk_state_source_chunk/mean_len:124.094 - chunk_state_source_chunk/candidate_index:0.000 - chunk_state_teacher_anchor/enabled:1.000 - chunk_state_teacher_anchor/replaced_ratio:1.000 - chunk_state_teacher_anchor/mean_len:124.094 - chunk_state_teacher_anchor/candidate_index:0.000 - chunk_state_answer_value_margin/group_size:32.000 - chunk_state_answer_value_margin/baseline_ratio_mean:0.343 - chunk_state_answer_value_margin/answer_coverage_mean:0.707 - chunk_state_answer_value_margin/hit_rate_mean:0.437 - chunk_state_answer_value_margin/format_rate_mean:0.707 - chunk_state_answer_value_margin/margin_mean:0.246 - chunk_state_answer_value_margin/score_mean:0.086 - chunk_state_answer_value_margin/max_margin_mean:0.373 - chunk_state_answer_value_margin/improved_state_ratio:0.625 - chunk_state_answer_value_margin/label_consistent_ratio:0.148 - chunk_state_answer_value_margin/min_margin:0.125 - chunk_state_answer_value_margin/topk:2.000 - chunk_state_answer_value_margin/format_guard:1.000 - chunk_state_probe/raw_positive_ratio:0.086 - chunk_state_score/mode_majority_completion:0.000 - chunk_state_score/mode_answer_consensus:0.000 - chunk_state_score/mode_answer_distribution:0.000 - chunk_state_score/mode_answer_value_gain:0.000 - chunk_state_score/mode_answer_value_margin:1.000 - chunk_state_probe/samples:4.000 - chunk_state_teacher_anchor/score_floor:0.500 - chunk_state_teacher_anchor/label_consistent_forced:1.000 - chunk_state_diag/boundary_mean:624.000 - chunk_state_diag/boundary_min:128.000 - chunk_state_diag/boundary_max:1024.000 - chunk_state_diag/boundary_zero_ratio:0.000 - chunk_state_diag/skipped_short_sources:0.000 - chunk_state_diag/majority_consistent_fallbacks:0.000 - chunk_state_diag/real_state_count:32.000 - chunk_state_diag/pad_state_count:0.000 - chunk_state_diag/loss_weight_mean:1.000 - chunk_state_diag/source_response_len_mean:1342.750 - chunk_state_diag/probe_score_std:0.251 - chunk_state_diag/state_probe_mean_max:0.273 - chunk_state_diag/state_probe_mean_min:0.062 - chunk_state_diag/state_all_positive_ratio:0.000 - chunk_state_diag/state_all_negative_ratio:0.000 - chunk_state_diag/state_mixed_ratio:1.000 - chunk_state_diag/source_majority_consistent_mean:1.000 - chunk_state_diag/source_prompt_majority_ratio_mean:0.343 - chunk_state_diag/source_pseudo_acc_mean:0.844 - chunk_state_diag/source_original_acc_mean:0.844 - chunk_state_diag/prompt_pseudo_mean:0.323 - chunk_state_diag/prompt_original_mean:0.334 - chunk_state_diag/prompt_original_pass:0.906 - chunk_state_diag/probe_mean_source_original_correct:0.150 - chunk_state_diag/probe_mean_source_original_wrong:0.076 - chunk_state_diag/source_original_correct_ratio:0.844 - chunk_state_diag/jsonl_rows:32.000 - chunk_state/num_states:32.000 - chunk_state/real_states:32.000 - chunk_state/pad_states:0.000 - chunk_state/num_candidates:256.000 - chunk_state/num_actor_samples:256.000 - chunk_state/loss_weight_mean:0.531 - chunk_state/base_loss_weight_mean:1.000 - chunk_state/zeroed_state_ratio:0.469 - chunk_state/confidence_gate_ratio:0.531 - chunk_state/confidence_weight_mean:1.000 - chunk_state/majority_ratio_mean:0.343 - chunk_state/answer_coverage_mean:0.707 - chunk_state/positive_ratio:0.139 - chunk_state/label_consistent_only:1.000 - chunk_state/label_consistent_ratio:0.250 - chunk_state/informative_ratio:1.000 - chunk_state/kept_state_ratio:0.531 - chunk_state/target_entropy:0.725 - chunk_state/weight_max:0.945 - chunk_state/weight_min:0.001 - chunk_state/powerflow_weight_mean:0.531 - chunk_state/powerflow_weight_max:7.563 - chunk_state/powerflow_weight_min:0.000 - chunk_state/actor_batch_powerflow_weight_nonzero_ratio:0.531 - chunk_state/actor_batch_powerflow_weight_shard0_mean:0.644 - chunk_state/actor_batch_powerflow_weight_shard0_nonzero_ratio:0.531 - chunk_state/actor_batch_powerflow_weight_shard_mean_low:0.439 - chunk_state/actor_batch_powerflow_weight_shard_mean_high:0.644 - chunk_state/actor_batch_powerflow_weight_zero_shard_ratio:0.000 - chunk_state_actor_span/mode_chunk:1.000 - chunk_state_actor_span/response_len_mean:122.121 - chunk_state_actor_span/truncated_ratio:0.000 - actor/pg_loss:0.369 - actor/powerflow_loss:0.369 - actor/log_prob:-0.227 - actor/old_log_prob:0.000 - actor/ref_log_prob:-0.227 - actor/ref_log_prob/std:0.219 - actor/boxed_reward/mean:0.131 - actor/boxed_reward/min:0.000 - actor/boxed_reward/max:0.812 - actor/powerflow_weight/mean:0.644 - actor/powerflow_weight/min:0.000 - actor/powerflow_weight/max:7.563 - actor/powerflow_weight/nonzero_ratio:0.531 - actor/powerflow_local_batch_size:4.000 - actor/log_z:-0.998 - actor/importance_weight:0.819 - actor/powerflow_chunk_loss_target_only:0.000 - actor/ppo_kl:0.227 - actor/ref_kl:0.000 - actor/beta_coef:4.000 - actor/cispo_mask_ratio:0.151 - actor/cispo_dropped_tokens:74.750 - actor/condition_1_count:0.000 - actor/condition_2_count:74.750 - actor/pg_clipfrac:0.000 - actor/pg_clipfrac_lower:0.000 - actor/grad_norm:21.184 - perf/mfu/actor:0.000 - perf/max_memory_allocated_gb:159.968 - perf/max_memory_reserved_gb:175.662 - perf/cpu_memory_used_gb:787.792 - actor/lr:0.000 - timing_s/generate_sequences:29.779 - timing_s/reshard:2.278 - timing_s/gen:53.577 - timing_s/chunk_state_make_states:0.022 - timing_s/chunk_state_chunks/generate_sequences:0.558 - timing_s/chunk_state_chunks/reshard:0.324 - timing_s/chunk_state_chunks:1.065 - timing_s/chunk_state_probe/generate_sequences:5.526 - timing_s/chunk_state_probe/reshard:0.358 - timing_s/chunk_state_probe:6.552 - timing_s/chunk_state_score:9.167 - timing_s/chunk_state_build_actor_batch:0.013 - timing_s/chunk_state_ref:5.693 - timing_s/update_actor:6.215 - timing_per_token_ms/update_actor:0.005 - timing_per_token_ms/gen:0.051
[36m(TaskRunner pid=1475453)[0m [Shutdown] 3 subprocess(es) terminated.
[36m(TaskRunner pid=1475453)[0m [Shutdown] 4 subprocess(es) terminated.
[36m(TaskRunner pid=1475453)[0m [Shutdown] 4 subprocess(es) terminated.
[36m(TaskRunner pid=1475453)[0m <string>:1: SymPyDeprecationWarning: 
[36m(TaskRunner pid=1475453)[0m 
[36m(TaskRunner pid=1475453)[0m Using non-Expr arguments in Mul is deprecated (in this case, one of
[36m(TaskRunner pid=1475453)[0m the arguments has type 'Tuple').
[36m(TaskRunner pid=1475453)[0m 
[36m(TaskRunner pid=1475453)[0m If you really did intend to use a multiplication or addition operation with
[36m(TaskRunner pid=1475453)[0m this object, use the * or + operator instead.
[36m(TaskRunner pid=1475453)[0m 
[36m(TaskRunner pid=1475453)[0m See https://docs.sympy.org/latest/explanation/active-deprecations.html#non-expr-args-deprecated
[36m(TaskRunner pid=1475453)[0m for details.
[36m(TaskRunner pid=1475453)[0m 
[36m(TaskRunner pid=1475453)[0m This has been deprecated since SymPy version 1.7. It
[36m(TaskRunner pid=1475453)[0m will be removed in a future version of SymPy.
[36m(TaskRunner pid=1475453)[0m 
[36m(TaskRunner pid=1475453)[0m /mlx_devbox/users/quyanyi/playground/.venvs/ttrl_b200/lib/python3.11/site-packages/sympy/simplify/radsimp.py:1138: SymPyDeprecationWarning: 
[36m(TaskRunner pid=1475453)[0m 
[36m(TaskRunner pid=1475453)[0m Using non-Expr arguments in Mul is deprecated (in this case, one of
[36m(TaskRunner pid=1475453)[0m the arguments has type 'Tuple').
[36m(TaskRunner pid=1475453)[0m 
[36m(TaskRunner pid=1475453)[0m If you really did intend to use a multiplication or addition operation with
[36m(TaskRunner pid=1475453)[0m this object, use the * or + operator instead.
[36m(TaskRunner pid=1475453)[0m 
[36m(TaskRunner pid=1475453)[0m See https://docs.sympy.org/latest/explanation/active-deprecations.html#non-expr-args-deprecated
[36m(TaskRunner pid=1475453)[0m for details.
[36m(TaskRunner pid=1475453)[0m 
[36m(TaskRunner pid=1475453)[0m This has been deprecated since SymPy version 1.7. It
[36m(TaskRunner pid=1475453)[0m will be removed in a future version of SymPy.
[36m(TaskRunner pid=1475453)[0m 
[36m(TaskRunner pid=1475453)[0m   return Mul(*numer, evaluate=not exact), Mul(*denom, evaluate=not exact)
[36m(TaskRunner pid=1475453)[0m <string>:1: SymPyDeprecationWarning: 
[36m(TaskRunner pid=1475453)[0m 
[36m(TaskRunner pid=1475453)[0m Using non-Expr arguments in Pow is deprecated (in this case, one of the
[36m(TaskRunner pid=1475453)[0m arguments is of type 'FiniteSet').
[36m(TaskRunner pid=1475453)[0m 
[36m(TaskRunner pid=1475453)[0m If you really did intend to construct a power with this base, use the **
[36m(TaskRunner pid=1475453)[0m operator instead.
[36m(TaskRunner pid=1475453)[0m 
[36m(TaskRunner pid=1475453)[0m See https://docs.sympy.org/latest/explanation/active-deprecations.html#non-expr-args-deprecated
[36m(TaskRunner pid=1475453)[0m for details.
[36m(TaskRunner pid=1475453)[0m 
[36m(TaskRunner pid=1475453)[0m This has been deprecated since SymPy version 1.7. It
[36m(TaskRunner pid=1475453)[0m will be removed in a future version of SymPy.
[36m(TaskRunner pid=1475453)[0m 
[36m(TaskRunner pid=1475453)[0m <string>:1: SymPyDeprecationWarning: 
[36m(TaskRunner pid=1475453)[0m 
[36m(TaskRunner pid=1475453)[0m Using non-Expr arguments in Pow is deprecated (in this case, one of the
[36m(TaskRunner pid=1475453)[0m arguments is of type 'FiniteSet').
[36m(TaskRunner pid=1475453)[0m 
[36m(TaskRunner pid=1475453)[0m If you really did intend to construct a power with this base, use the **
[36m(TaskRunner pid=1475453)[0m operator instead.
[36m(TaskRunner pid=1475453)[0m 
[36m(TaskRunner pid=1475453)[0m See https://docs.sympy.org/latest/explanation/active-deprecations.html#non-expr-args-deprecated
[36m(TaskRunner pid=1475453)[0m for details.
[36m(TaskRunner pid=1475453)[0m 
[36m(TaskRunner pid=1475453)[0m This has been deprecated since SymPy version 1.7. It
[36m(TaskRunner pid=1475453)[0m will be removed in a future version of SymPy.
[36m(TaskRunner pid=1475453)[0m 
[36m(TaskRunner pid=1475453)[0m <string>:1: SymPyDeprecationWarning: 
[36m(TaskRunner pid=1475453)[0m 
[36m(TaskRunner pid=1475453)[0m Using non-Expr arguments in Mul is deprecated (in this case, one of
[36m(TaskRunner pid=1475453)[0m the arguments has type 'Tuple').
[36m(TaskRunner pid=1475453)[0m 
[36m(TaskRunner pid=1475453)[0m If you really did intend to use a multiplication or addition operation with
[36m(TaskRunner pid=1475453)[0m this object, use the * or + operator instead.
[36m(TaskRunner pid=1475453)[0m 
[36m(TaskRunner pid=1475453)[0m See https://docs.sympy.org/latest/explanation/active-deprecations.html#non-expr-args-deprecated
[36m(TaskRunner pid=1475453)[0m for details.
[36m(TaskRunner pid=1475453)[0m 
[36m(TaskRunner pid=1475453)[0m This has been deprecated since SymPy version 1.7. It
[36m(TaskRunner pid=1475453)[0m will be removed in a future version of SymPy.
[36m(TaskRunner pid=1475453)[0m 
[36m(TaskRunner pid=1475453)[0m /mlx_devbox/users/quyanyi/playground/.venvs/ttrl_b200/lib/python3.11/site-packages/sympy/simplify/radsimp.py:1138: SymPyDeprecationWarning: 
[36m(TaskRunner pid=1475453)[0m 
[36m(TaskRunner pid=1475453)[0m Using non-Expr arguments in Mul is deprecated (in this case, one of
[36m(TaskRunner pid=1475453)[0m the arguments has type 'Tuple').
[36m(TaskRunner pid=1475453)[0m 
[36m(TaskRunner pid=1475453)[0m If you really did intend to use a multiplication or addition operation with
[36m(TaskRunner pid=1475453)[0m this object, use the * or + operator instead.
[36m(TaskRunner pid=1475453)[0m 
[36m(TaskRunner pid=1475453)[0m See https://docs.sympy.org/latest/explanation/active-deprecations.html#non-expr-args-deprecated
[36m(TaskRunner pid=1475453)[0m for details.
[36m(TaskRunner pid=1475453)[0m 
[36m(TaskRunner pid=1475453)[0m This has been deprecated since SymPy version 1.7. It
[36m(TaskRunner pid=1475453)[0m will be removed in a future version of SymPy.
[36m(TaskRunner pid=1475453)[0m 
[36m(TaskRunner pid=1475453)[0m   return Mul(*numer, evaluate=not exact), Mul(*denom, evaluate=not exact)
[36m(TaskRunner pid=1475453)[0m <string>:1: SymPyDeprecationWarning: 
[36m(TaskRunner pid=1475453)[0m 
[36m(TaskRunner pid=1475453)[0m Using non-Expr arguments in Mul is deprecated (in this case, one of
[36m(TaskRunner pid=1475453)[0m the arguments has type 'Tuple').
[36m(TaskRunner pid=1475453)[0m 
[36m(TaskRunner pid=1475453)[0m If you really did intend to use a multiplication or addition operation with
[36m(TaskRunner pid=1475453)[0m this object, use the * or + operator instead.
[36m(TaskRunner pid=1475453)[0m 
[36m(TaskRunner pid=1475453)[0m See https://docs.sympy.org/latest/explanation/active-deprecations.html#non-expr-args-deprecated
[36m(TaskRunner pid=1475453)[0m for details.
[36m(TaskRunner pid=1475453)[0m 
[36m(TaskRunner pid=1475453)[0m This has been deprecated since SymPy version 1.7. It
[36m(TaskRunner pid=1475453)[0m will be removed in a future version of SymPy.
[36m(TaskRunner pid=1475453)[0m 
[36m(TaskRunner pid=1475453)[0m /mlx_devbox/users/quyanyi/playground/.venvs/ttrl_b200/lib/python3.11/site-packages/sympy/simplify/radsimp.py:1138: SymPyDeprecationWarning: 
[36m(TaskRunner pid=1475453)[0m 
[36m(TaskRunner pid=1475453)[0m Using non-Expr arguments in Mul is deprecated (in this case, one of
[36m(TaskRunner pid=1475453)[0m the arguments has type 'Tuple').
[36m(TaskRunner pid=1475453)[0m 
[36m(TaskRunner pid=1475453)[0m If you really did intend to use a multiplication or addition operation with
[36m(TaskRunner pid=1475453)[0m this object, use the * or + operator instead.
[36m(TaskRunner pid=1475453)[0m 
[36m(TaskRunner pid=1475453)[0m See https://docs.sympy.org/latest/explanation/active-deprecations.html#non-expr-args-deprecated
[36m(TaskRunner pid=1475453)[0m for details.
[36m(TaskRunner pid=1475453)[0m 
[36m(TaskRunner pid=1475453)[0m This has been deprecated since SymPy version 1.7. It
[36m(TaskRunner pid=1475453)[0m will be removed in a future version of SymPy.
[36m(TaskRunner pid=1475453)[0m 
[36m(TaskRunner pid=1475453)[0m   return Mul(*numer, evaluate=not exact), Mul(*denom, evaluate=not exact)
[36m(TaskRunner pid=1475453)[0m <string>:1: SymPyDeprecationWarning: 
[36m(TaskRunner pid=1475453)[0m 
[36m(TaskRunner pid=1475453)[0m Using non-Expr arguments in Mul is deprecated (in this case, one of
[36m(TaskRunner pid=1475453)[0m the arguments has type 'Tuple').
[36m(TaskRunner pid=1475453)[0m 
[36m(TaskRunner pid=1475453)[0m If you really did intend to use a multiplication or addition operation with
[36m(TaskRunner pid=1475453)[0m this object, use the * or + operator instead.
[36m(TaskRunner pid=1475453)[0m 
[36m(TaskRunner pid=1475453)[0m See https://docs.sympy.org/latest/explanation/active-deprecations.html#non-expr-args-deprecated
[36m(TaskRunner pid=1475453)[0m for details.
[36m(TaskRunner pid=1475453)[0m 
[36m(TaskRunner pid=1475453)[0m This has been deprecated since SymPy version 1.7. It
[36m(TaskRunner pid=1475453)[0m will be removed in a future version of SymPy.
[36m(TaskRunner pid=1475453)[0m 
[36m(TaskRunner pid=1475453)[0m <string>:1: SymPyDeprecationWarning: 
[36m(TaskRunner pid=1475453)[0m 
[36m(TaskRunner pid=1475453)[0m Using non-Expr arguments in Pow is deprecated (in this case, one of the
[36m(TaskRunner pid=1475453)[0m arguments is of type 'FiniteSet').
[36m(TaskRunner pid=1475453)[0m 
[36m(TaskRunner pid=1475453)[0m If you really did intend to construct a power with this base, use the **
[36m(TaskRunner pid=1475453)[0m operator instead.
[36m(TaskRunner pid=1475453)[0m 
[36m(TaskRunner pid=1475453)[0m See https://docs.sympy.org/latest/explanation/active-deprecations.html#non-expr-args-deprecated
[36m(TaskRunner pid=1475453)[0m for details.
[36m(TaskRunner pid=1475453)[0m 
[36m(TaskRunner pid=1475453)[0m This has been deprecated since SymPy version 1.7. It
[36m(TaskRunner pid=1475453)[0m will be removed in a future version of SymPy.
[36m(TaskRunner pid=1475453)[0m 
[36m(TaskRunner pid=1475453)[0m <string>:1: SymPyDeprecationWarning: 
[36m(TaskRunner pid=1475453)[0m 
[36m(TaskRunner pid=1475453)[0m Using non-Expr arguments in Mul is deprecated (in this case, one of
[36m(TaskRunner pid=1475453)[0m the arguments has type 'Tuple').
[36m(TaskRunner pid=1475453)[0m 
[36m(TaskRunner pid=1475453)[0m If you really did intend to use a multiplication or addition operation with
[36m(TaskRunner pid=1475453)[0m this object, use the * or + operator instead.
[36m(TaskRunner pid=1475453)[0m 
[36m(TaskRunner pid=1475453)[0m See https://docs.sympy.org/latest/explanation/active-deprecations.html#non-expr-args-deprecated
[36m(TaskRunner pid=1475453)[0m for details.
[36m(TaskRunner pid=1475453)[0m 
[36m(TaskRunner pid=1475453)[0m This has been deprecated since SymPy version 1.7. It
[36m(TaskRunner pid=1475453)[0m will be removed in a future version of SymPy.
[36m(TaskRunner pid=1475453)[0m 
[36m(TaskRunner pid=1475453)[0m <string>:1: SymPyDeprecationWarning: 
[36m(TaskRunner pid=1475453)[0m 
[36m(TaskRunner pid=1475453)[0m Using non-Expr arguments in Pow is deprecated (in this case, one of the
[36m(TaskRunner pid=1475453)[0m arguments is of type 'FiniteSet').
[36m(TaskRunner pid=1475453)[0m 
[36m(TaskRunner pid=1475453)[0m If you really did intend to construct a power with this base, use the **
[36m(TaskRunner pid=1475453)[0m operator instead.
[36m(TaskRunner pid=1475453)[0m 
[36m(TaskRunner pid=1475453)[0m See https://docs.sympy.org/latest/explanation/active-deprecations.html#non-expr-args-deprecated
[36m(TaskRunner pid=1475453)[0m for details.
[36m(TaskRunner pid=1475453)[0m 
[36m(TaskRunner pid=1475453)[0m This has been deprecated since SymPy version 1.7. It
[36m(TaskRunner pid=1475453)[0m will be removed in a future version of SymPy.
[36m(TaskRunner pid=1475453)[0m 
[36m(TaskRunner pid=1475453)[0m <string>:1: SymPyDeprecationWarning: 
[36m(TaskRunner pid=1475453)[0m 
[36m(TaskRunner pid=1475453)[0m Using non-Expr arguments in Mul is deprecated (in this case, one of
[36m(TaskRunner pid=1475453)[0m the arguments has type 'Tuple').
[36m(TaskRunner pid=1475453)[0m 
[36m(TaskRunner pid=1475453)[0m If you really did intend to use a multiplication or addition operation with
[36m(TaskRunner pid=1475453)[0m this object, use the * or + operator instead.
[36m(TaskRunner pid=1475453)[0m 
[36m(TaskRunner pid=1475453)[0m See https://docs.sympy.org/latest/explanation/active-deprecations.html#non-expr-args-deprecated
[36m(TaskRunner pid=1475453)[0m for details.
[36m(TaskRunner pid=1475453)[0m 
[36m(TaskRunner pid=1475453)[0m This has been deprecated since SymPy version 1.7. It
[36m(TaskRunner pid=1475453)[0m will be removed in a future version of SymPy.
[36m(TaskRunner pid=1475453)[0m 
[36m(TaskRunner pid=1475453)[0m WARNING:2026-08-01 09:40:42,928:Timeout during comparison
[36m(TaskRunner pid=1475453)[0m Training Progress:  67%|██████▋   | 2/3 [03:45<01:52, 112.65s/it]
[36m(TaskRunner pid=1475453)[0m step:2 - chunk_state_source/selected_original_acc_mean:0.719 - chunk_state_source/prompt_original_pass:0.938 - chunk_state_source/prompt_original_mean:0.326 - chunk_state_source/selected_majority_consistent_mean:1.000 - chunk_state_source/prompt_majority_ratio_mean:0.348 - chunk_state_source/prompt_majority_pass:1.000 - chunk_state_source_chunk/enabled:1.000 - chunk_state_source_chunk/injected_ratio:1.000 - chunk_state_source_chunk/mean_len:122.312 - chunk_state_source_chunk/candidate_index:0.000 - chunk_state_teacher_anchor/enabled:1.000 - chunk_state_teacher_anchor/replaced_ratio:1.000 - chunk_state_teacher_anchor/mean_len:122.312 - chunk_state_teacher_anchor/candidate_index:0.000 - chunk_state_answer_value_margin/group_size:32.000 - chunk_state_answer_value_margin/baseline_ratio_mean:0.348 - chunk_state_answer_value_margin/answer_coverage_mean:0.750 - chunk_state_answer_value_margin/hit_rate_mean:0.334 - chunk_state_answer_value_margin/format_rate_mean:0.750 - chunk_state_answer_value_margin/margin_mean:0.135 - chunk_state_answer_value_margin/score_mean:0.066 - chunk_state_answer_value_margin/max_margin_mean:0.370 - chunk_state_answer_value_margin/improved_state_ratio:0.719 - chunk_state_answer_value_margin/label_consistent_ratio:0.141 - chunk_state_answer_value_margin/min_margin:0.125 - chunk_state_answer_value_margin/topk:2.000 - chunk_state_answer_value_margin/format_guard:1.000 - chunk_state_probe/raw_positive_ratio:0.066 - chunk_state_score/mode_majority_completion:0.000 - chunk_state_score/mode_answer_consensus:0.000 - chunk_state_score/mode_answer_distribution:0.000 - chunk_state_score/mode_answer_value_gain:0.000 - chunk_state_score/mode_answer_value_margin:1.000 - chunk_state_probe/samples:4.000 - chunk_state_teacher_anchor/score_floor:0.500 - chunk_state_teacher_anchor/label_consistent_forced:1.000 - chunk_state_diag/boundary_mean:516.000 - chunk_state_diag/boundary_min:0.000 - chunk_state_diag/boundary_max:1024.000 - chunk_state_diag/boundary_zero_ratio:0.031 - chunk_state_diag/skipped_short_sources:0.000 - chunk_state_diag/majority_consistent_fallbacks:0.000 - chunk_state_diag/real_state_count:32.000 - chunk_state_diag/pad_state_count:0.000 - chunk_state_diag/loss_weight_mean:1.000 - chunk_state_diag/source_response_len_mean:1290.625 - chunk_state_diag/probe_score_std:0.221 - chunk_state_diag/state_probe_mean_max:0.242 - chunk_state_diag/state_probe_mean_min:0.062 - chunk_state_diag/state_all_positive_ratio:0.000 - chunk_state_diag/state_all_negative_ratio:0.000 - chunk_state_diag/state_mixed_ratio:1.000 - chunk_state_diag/source_majority_consistent_mean:1.000 - chunk_state_diag/source_prompt_majority_ratio_mean:0.348 - chunk_state_diag/source_pseudo_acc_mean:0.906 - chunk_state_diag/source_original_acc_mean:0.719 - chunk_state_diag/prompt_pseudo_mean:0.328 - chunk_state_diag/prompt_original_mean:0.326 - chunk_state_diag/prompt_original_pass:0.938 - chunk_state_diag/probe_mean_source_original_correct:0.111 - chunk_state_diag/probe_mean_source_original_wrong:0.115 - chunk_state_diag/source_original_correct_ratio:0.719 - chunk_state_diag/jsonl_rows:32.000 - chunk_state/num_states:32.000 - chunk_state/real_states:32.000 - chunk_state/pad_states:0.000 - chunk_state/num_candidates:256.000 - chunk_state/num_actor_samples:256.000 - chunk_state/loss_weight_mean:0.500 - chunk_state/base_loss_weight_mean:1.000 - chunk_state/zeroed_state_ratio:0.500 - chunk_state/confidence_gate_ratio:0.500 - chunk_state/confidence_weight_mean:1.000 - chunk_state/majority_ratio_mean:0.348 - chunk_state/answer_coverage_mean:0.750 - chunk_state/positive_ratio:0.112 - chunk_state/label_consistent_only:1.000 - chunk_state/label_consistent_ratio:0.227 - chunk_state/informative_ratio:1.000 - chunk_state/kept_state_ratio:0.500 - chunk_state/target_entropy:0.640 - chunk_state/weight_max:0.981 - chunk_state/weight_min:0.002 - chunk_state/powerflow_weight_mean:0.500 - chunk_state/powerflow_weight_max:7.563 - chunk_state/powerflow_weight_min:0.000 - chunk_state/actor_batch_powerflow_weight_nonzero_ratio:0.500 - chunk_state/actor_batch_powerflow_weight_shard0_mean:0.623 - chunk_state/actor_batch_powerflow_weight_shard0_nonzero_ratio:0.500 - chunk_state/actor_batch_powerflow_weight_shard_mean_low:0.397 - chunk_state/actor_batch_powerflow_weight_shard_mean_high:0.623 - chunk_state/actor_batch_powerflow_weight_zero_shard_ratio:0.000 - chunk_state_actor_span/mode_chunk:1.000 - chunk_state_actor_span/response_len_mean:119.590 - chunk_state_actor_span/truncated_ratio:0.000 - actor/pg_loss:0.227 - actor/powerflow_loss:0.227 - actor/log_prob:-0.311 - actor/old_log_prob:0.000 - actor/ref_log_prob:-0.311 - actor/ref_log_prob/std:0.241 - actor/boxed_reward/mean:0.031 - actor/boxed_reward/min:0.000 - actor/boxed_reward/max:0.500 - actor/powerflow_weight/mean:0.623 - actor/powerflow_weight/min:0.000 - actor/powerflow_weight/max:7.563 - actor/powerflow_weight/nonzero_ratio:0.500 - actor/powerflow_local_batch_size:4.000 - actor/log_z:-1.202 - actor/importance_weight:0.801 - actor/powerflow_chunk_loss_target_only:0.000 - actor/ppo_kl:0.311 - actor/ref_kl:-0.000 - actor/beta_coef:4.000 - actor/cispo_mask_ratio:0.206 - actor/cispo_dropped_tokens:96.375 - actor/condition_1_count:0.000 - actor/condition_2_count:96.375 - actor/pg_clipfrac:0.000 - actor/pg_clipfrac_lower:0.000 - actor/grad_norm:8.865 - perf/mfu/actor:0.000 - perf/max_memory_allocated_gb:162.985 - perf/max_memory_reserved_gb:175.820 - perf/cpu_memory_used_gb:788.292 - actor/lr:0.000 - timing_s/generate_sequences:18.096 - timing_s/reshard:0.483 - timing_s/gen:32.351 - timing_s/chunk_state_make_states:0.024 - timing_s/chunk_state_chunks/generate_sequences:0.546 - timing_s/chunk_state_chunks/reshard:0.360 - timing_s/chunk_state_chunks:0.968 - timing_s/chunk_state_probe/generate_sequences:5.595 - timing_s/chunk_state_probe/reshard:0.389 - timing_s/chunk_state_probe:6.719 - timing_s/chunk_state_score:19.346 - timing_s/chunk_state_build_actor_batch:0.014 - timing_s/chunk_state_ref:1.788 - timing_s/update_actor:5.441 - timing_per_token_ms/update_actor:0.005 - timing_per_token_ms/gen:0.030
[36m(TaskRunner pid=1475453)[0m [Shutdown] 5 subprocess(es) terminated.
[36m(TaskRunner pid=1475453)[0m [Shutdown] 5 subprocess(es) terminated.
[36m(TaskRunner pid=1475453)[0m [Shutdown] 4 subprocess(es) terminated.
[36m(TaskRunner pid=1475453)[0m step:3 - chunk_state_source/selected_original_acc_mean:0.781 - chunk_state_source/prompt_original_pass:0.938 - chunk_state_source/prompt_original_mean:0.352 - chunk_state_source/selected_majority_consistent_mean:1.000 - chunk_state_source/prompt_majority_ratio_mean:0.350 - chunk_state_source/prompt_majority_pass:1.000 - chunk_state_source_chunk/enabled:1.000 - chunk_state_source_chunk/injected_ratio:1.000 - chunk_state_source_chunk/mean_len:125.281 - chunk_state_source_chunk/candidate_index:0.000 - chunk_state_teacher_anchor/enabled:1.000 - chunk_state_teacher_anchor/replaced_ratio:1.000 - chunk_state_teacher_anchor/mean_len:125.281 - chunk_state_teacher_anchor/candidate_index:0.000 - chunk_state_answer_value_margin/group_size:32.000 - chunk_state_answer_value_margin/baseline_ratio_mean:0.350 - chunk_state_answer_value_margin/answer_coverage_mean:0.667 - chunk_state_answer_value_margin/hit_rate_mean:0.360 - chunk_state_answer_value_margin/format_rate_mean:0.667 - chunk_state_answer_value_margin/margin_mean:0.175 - chunk_state_answer_value_margin/score_mean:0.076 - chunk_state_answer_value_margin/max_margin_mean:0.356 - chunk_state_answer_value_margin/improved_state_ratio:0.625 - chunk_state_answer_value_margin/label_consistent_ratio:0.141 - chunk_state_answer_value_margin/min_margin:0.125 - chunk_state_answer_value_margin/topk:2.000 - chunk_state_answer_value_margin/format_guard:1.000 - chunk_state_probe/raw_positive_ratio:0.076 - chunk_state_score/mode_majority_completion:0.000 - chunk_state_score/mode_answer_consensus:0.000 - chunk_state_score/mode_answer_distribution:0.000 - chunk_state_score/mode_answer_value_gain:0.000 - chunk_state_score/mode_answer_value_margin:1.000 - chunk_state_probe/samples:4.000 - chunk_state_teacher_anchor/score_floor:0.500 - chunk_state_teacher_anchor/label_consistent_forced:1.000 - chunk_state_diag/boundary_mean:584.000 - chunk_state_diag/boundary_min:128.000 - chunk_state_diag/boundary_max:1024.000 - chunk_state_diag/boundary_zero_ratio:0.000 - chunk_state_diag/skipped_short_sources:0.000 - chunk_state_diag/majority_consistent_fallbacks:0.000 - chunk_state_diag/real_state_count:32.000 - chunk_state_diag/pad_state_count:0.000 - chunk_state_diag/loss_weight_mean:1.000 - chunk_state_diag/source_response_len_mean:1227.031 - chunk_state_diag/probe_score_std:0.231 - chunk_state_diag/state_probe_mean_max:0.242 - chunk_state_diag/state_probe_mean_min:0.062 - chunk_state_diag/state_all_positive_ratio:0.000 - chunk_state_diag/state_all_negative_ratio:0.000 - chunk_state_diag/state_mixed_ratio:1.000 - chunk_state_diag/source_majority_consistent_mean:1.000 - chunk_state_diag/source_prompt_majority_ratio_mean:0.350 - chunk_state_diag/source_pseudo_acc_mean:0.781 - chunk_state_diag/source_original_acc_mean:0.781 - chunk_state_diag/prompt_pseudo_mean:0.347 - chunk_state_diag/prompt_original_mean:0.352 - chunk_state_diag/prompt_original_pass:0.938 - chunk_state_diag/probe_mean_source_original_correct:0.131 - chunk_state_diag/probe_mean_source_original_wrong:0.100 - chunk_state_diag/source_original_correct_ratio:0.781 - chunk_state_diag/jsonl_rows:32.000 - chunk_state/num_states:32.000 - chunk_state/real_states:32.000 - chunk_state/pad_states:0.000 - chunk_state/num_candidates:256.000 - chunk_state/num_actor_samples:256.000 - chunk_state/loss_weight_mean:0.500 - chunk_state/base_loss_weight_mean:1.000 - chunk_state/zeroed_state_ratio:0.500 - chunk_state/confidence_gate_ratio:0.500 - chunk_state/confidence_weight_mean:1.000 - chunk_state/majority_ratio_mean:0.350 - chunk_state/answer_coverage_mean:0.667 - chunk_state/positive_ratio:0.125 - chunk_state/label_consistent_only:1.000 - chunk_state/label_consistent_ratio:0.234 - chunk_state/informative_ratio:1.000 - chunk_state/kept_state_ratio:0.500 - chunk_state/target_entropy:0.683 - chunk_state/weight_max:0.966 - chunk_state/weight_min:0.002 - chunk_state/powerflow_weight_mean:0.500 - chunk_state/powerflow_weight_max:7.563 - chunk_state/powerflow_weight_min:0.000 - chunk_state/actor_batch_powerflow_weight_nonzero_ratio:0.500 - chunk_state/actor_batch_powerflow_weight_shard0_mean:0.612 - chunk_state/actor_batch_powerflow_weight_shard0_nonzero_ratio:0.500 - chunk_state/actor_batch_powerflow_weight_shard_mean_low:0.379 - chunk_state/actor_batch_powerflow_weight_shard_mean_high:0.612 - chunk_state/actor_batch_powerflow_weight_zero_shard_ratio:0.000 - chunk_state_actor_span/mode_chunk:1.000 - chunk_state_actor_span/response_len_mean:125.523 - chunk_state_actor_span/truncated_ratio:0.000 - actor/pg_loss:0.084 - actor/powerflow_loss:0.084 - actor/log_prob:-0.343 - actor/old_log_prob:0.000 - actor/ref_log_prob:-0.343 - actor/ref_log_prob/std:0.270 - actor/boxed_reward/mean:0.100 - actor/boxed_reward/min:0.000 - actor/boxed_reward/max:0.625 - actor/powerflow_weight/mean:0.612 - actor/powerflow_weight/min:0.000 - actor/powerflow_weight/max:7.563 - actor/powerflow_weight/nonzero_ratio:0.500 - actor/powerflow_local_batch_size:4.000 - actor/log_z:-1.189 - actor/importance_weight:0.811 - actor/powerflow_chunk_loss_target_only:0.000 - actor/ppo_kl:0.343 - actor/ref_kl:-0.000 - actor/beta_coef:4.000 - actor/cispo_mask_ratio:0.207 - actor/cispo_dropped_tokens:105.875 - actor/condition_1_count:0.000 - actor/condition_2_count:105.875 - actor/pg_clipfrac:0.000 - actor/pg_clipfrac_lower:0.000 - actor/grad_norm:4.272 - perf/mfu/actor:0.000 - perf/max_memory_allocated_gb:162.985 - perf/max_memory_reserved_gb:175.820 - perf/cpu_memory_used_gb:788.363 - actor/lr:0.000 - timing_s/generate_sequences:17.798 - timing_s/reshard:0.473 - timing_s/gen:22.230 - timing_s/chunk_state_make_states:0.023 - timing_s/chunk_state_chunks/generate_sequences:0.551 - timing_s/chunk_state_chunks/reshard:0.484 - timing_s/chunk_state_chunks:1.102 - timing_s/chunk_state_probe/generate_sequences:5.494 - timing_s/chunk_state_probe/reshard:0.374 - timing_s/chunk_state_probe:6.260 - timing_s/chunk_state_score:11.090 - timing_s/chunk_state_build_actor_batch:0.013 - timing_s/chunk_state_ref:1.906 - timing_s/update_actor:6.047 - timing_per_token_ms/update_actor:0.005 - timing_per_token_ms/gen:0.021
[36m(TaskRunner pid=1475453)[0m 'Final validation skipped'
