MODEL_READY: /models/Qwen2.5-Math-7B
Using python: /mlx_devbox/users/quyanyi/playground/.venvs/ttrl_b200/bin/python
Using model: /models/Qwen2.5-Math-7B
Using data: /mlx_devbox/users/quyanyi/playground/TTRL/verl/data/MATH-TTT
Output directory: /tmp/ttrl_b200/checkpoints/ttrl_full_rollout_powerflow_b7_top1cluster_gate_nll_b32_r32_20step_20260803
Actor offload: param=False optimizer=False activation=False
Rollout: free_cache_engine=False enforce_eager=False gpu_memory_utilization=0.86
Critic offload: param=False optimizer=False activation=False
/mlx_devbox/users/quyanyi/playground/TTRL/verl/verl/__init__.py:18: UserWarning: pkg_resources is deprecated as an API. See https://setuptools.pypa.io/en/latest/pkg_resources.html. The pkg_resources package is slated for removal as early as 2025-11-30. Refrain from using this package or pin to Setuptools<81.
  import pkg_resources
/mlx_devbox/users/quyanyi/playground/.venvs/ttrl_b200/lib/python3.11/site-packages/huggingface_hub/constants.py:298: FutureWarning: The `HF_HUB_ENABLE_HF_TRANSFER` environment variable is deprecated as 'hf_transfer' is not used anymore. Please use `HF_XET_HIGH_PERFORMANCE` instead to enable high performance transfer with Xet. Visit https://huggingface.co/docs/huggingface_hub/package_reference/environment_variables#hfxethighperformance for more details.
  warnings.warn(
2026-08-03 01:57:28,262	INFO worker.py:2024 -- Started a local Ray instance.
[36m(pid=2663854)[0m /mlx_devbox/users/quyanyi/playground/TTRL/verl/verl/__init__.py:18: UserWarning: pkg_resources is deprecated as an API. See https://setuptools.pypa.io/en/latest/pkg_resources.html. The pkg_resources package is slated for removal as early as 2025-11-30. Refrain from using this package or pin to Setuptools<81.
[36m(pid=2663854)[0m   import pkg_resources
[36m(pid=2663854)[0m /mlx_devbox/users/quyanyi/playground/.venvs/ttrl_b200/lib/python3.11/site-packages/huggingface_hub/constants.py:298: FutureWarning: The `HF_HUB_ENABLE_HF_TRANSFER` environment variable is deprecated as 'hf_transfer' is not used anymore. Please use `HF_XET_HIGH_PERFORMANCE` instead to enable high performance transfer with Xet. Visit https://huggingface.co/docs/huggingface_hub/package_reference/environment_variables#hfxethighperformance for more details.
[36m(pid=2663854)[0m   warnings.warn(
[36m(TaskRunner pid=2663854)[0m TaskRunner hostname: trial-302172199-trialrun-302172199-worker-0, PID: 2663854
[36m(TaskRunner pid=2663854)[0m {'actor_rollout_ref': {'actor': {'checkpoint': {'load_contents': ['model',
[36m(TaskRunner pid=2663854)[0m                                                                   'optimizer',
[36m(TaskRunner pid=2663854)[0m                                                                   'extra'],
[36m(TaskRunner pid=2663854)[0m                                                 'save_contents': ['model',
[36m(TaskRunner pid=2663854)[0m                                                                   'optimizer',
[36m(TaskRunner pid=2663854)[0m                                                                   'extra']},
[36m(TaskRunner pid=2663854)[0m                                  'chunk_weighted_nll_enable': True,
[36m(TaskRunner pid=2663854)[0m                                  'clip_ratio': 0.2,
[36m(TaskRunner pid=2663854)[0m                                  'clip_ratio_c': 3.0,
[36m(TaskRunner pid=2663854)[0m                                  'clip_ratio_high': 0.2,
[36m(TaskRunner pid=2663854)[0m                                  'clip_ratio_low': 0.2,
[36m(TaskRunner pid=2663854)[0m                                  'entropy_checkpointing': False,
[36m(TaskRunner pid=2663854)[0m                                  'entropy_coeff': 0,
[36m(TaskRunner pid=2663854)[0m                                  'entropy_from_logits_with_chunking': False,
[36m(TaskRunner pid=2663854)[0m                                  'fsdp_config': {'forward_prefetch': False,
[36m(TaskRunner pid=2663854)[0m                                                  'fsdp_size': -1,
[36m(TaskRunner pid=2663854)[0m                                                  'offload_policy': False,
[36m(TaskRunner pid=2663854)[0m                                                  'optimizer_offload': False,
[36m(TaskRunner pid=2663854)[0m                                                  'param_offload': False,
[36m(TaskRunner pid=2663854)[0m                                                  'reshard_after_forward': True,
[36m(TaskRunner pid=2663854)[0m                                                  'wrap_policy': {'min_num_params': 0}},
[36m(TaskRunner pid=2663854)[0m                                  'grad_clip': 1.0,
[36m(TaskRunner pid=2663854)[0m                                  'kl_loss_coef': 0.001,
[36m(TaskRunner pid=2663854)[0m                                  'kl_loss_type': 'low_var_kl',
[36m(TaskRunner pid=2663854)[0m                                  'loss_agg_mode': 'token-mean',
[36m(TaskRunner pid=2663854)[0m                                  'optim': {'lr': 5e-07,
[36m(TaskRunner pid=2663854)[0m                                            'lr_warmup_steps': -1,
[36m(TaskRunner pid=2663854)[0m                                            'lr_warmup_steps_ratio': 0.03,
[36m(TaskRunner pid=2663854)[0m                                            'min_lr_ratio': 0.0,
[36m(TaskRunner pid=2663854)[0m                                            'num_cycles': 0.5,
[36m(TaskRunner pid=2663854)[0m                                            'total_training_steps': -1,
[36m(TaskRunner pid=2663854)[0m                                            'warmup_style': 'cosine',
[36m(TaskRunner pid=2663854)[0m                                            'weight_decay': 0.01},
[36m(TaskRunner pid=2663854)[0m                                  'policy_loss': {'clip_cov_lb': 1.0,
[36m(TaskRunner pid=2663854)[0m                                                  'clip_cov_ratio': 0.0002,
[36m(TaskRunner pid=2663854)[0m                                                  'clip_cov_ub': 5.0,
[36m(TaskRunner pid=2663854)[0m                                                  'kl_cov_ratio': 0.0002,
[36m(TaskRunner pid=2663854)[0m                                                  'loss_mode': 'vanilla',
[36m(TaskRunner pid=2663854)[0m                                                  'ppo_kl_coef': 0.1},
[36m(TaskRunner pid=2663854)[0m                                  'powerflow_beta_coef': 4.0,
[36m(TaskRunner pid=2663854)[0m                                  'powerflow_chunk_loss_mode': 'target_only',
[36m(TaskRunner pid=2663854)[0m                                  'powerflow_enable': False,
[36m(TaskRunner pid=2663854)[0m                                  'powerflow_init_ref_log_prob': 0.36,
[36m(TaskRunner pid=2663854)[0m                                  'powerflow_on_policy': False,
[36m(TaskRunner pid=2663854)[0m                                  'powerflow_proj_layers': 3,
[36m(TaskRunner pid=2663854)[0m                                  'powerflow_use_boxed_reward': False,
[36m(TaskRunner pid=2663854)[0m                                  'powerflow_use_chunk_weights': True,
[36m(TaskRunner pid=2663854)[0m                                  'ppo_epochs': 1,
[36m(TaskRunner pid=2663854)[0m                                  'ppo_max_token_len_per_gpu': 8192,
[36m(TaskRunner pid=2663854)[0m                                  'ppo_micro_batch_size': None,
[36m(TaskRunner pid=2663854)[0m                                  'ppo_micro_batch_size_per_gpu': 1,
[36m(TaskRunner pid=2663854)[0m                                  'ppo_mini_batch_size': 8,
[36m(TaskRunner pid=2663854)[0m                                  'profiler': {'all_ranks': False,
[36m(TaskRunner pid=2663854)[0m                                               'discrete': False,
[36m(TaskRunner pid=2663854)[0m                                               'ranks': None},
[36m(TaskRunner pid=2663854)[0m                                  'shuffle': False,
[36m(TaskRunner pid=2663854)[0m                                  'strategy': 'fsdp',
[36m(TaskRunner pid=2663854)[0m                                  'ulysses_sequence_parallel_size': 1,
[36m(TaskRunner pid=2663854)[0m                                  'use_dynamic_bsz': False,
[36m(TaskRunner pid=2663854)[0m                                  'use_kl_loss': False,
[36m(TaskRunner pid=2663854)[0m                                  'use_torch_compile': True},
[36m(TaskRunner pid=2663854)[0m                        'hybrid_engine': True,
[36m(TaskRunner pid=2663854)[0m                        'model': {'attn_implementation': 'sdpa',
[36m(TaskRunner pid=2663854)[0m                                  'custom_chat_template': None,
[36m(TaskRunner pid=2663854)[0m                                  'enable_activation_offload': False,
[36m(TaskRunner pid=2663854)[0m                                  'enable_gradient_checkpointing': True,
[36m(TaskRunner pid=2663854)[0m                                  'exclude_modules': None,
[36m(TaskRunner pid=2663854)[0m                                  'external_lib': None,
[36m(TaskRunner pid=2663854)[0m                                  'fused_kernel_options': {'impl_backend': 'triton'},
[36m(TaskRunner pid=2663854)[0m                                  'lora_alpha': 16,
[36m(TaskRunner pid=2663854)[0m                                  'lora_rank': 0,
[36m(TaskRunner pid=2663854)[0m                                  'override_config': {},
[36m(TaskRunner pid=2663854)[0m                                  'path': '/models/Qwen2.5-Math-7B',
[36m(TaskRunner pid=2663854)[0m                                  'target_modules': 'all-linear',
[36m(TaskRunner pid=2663854)[0m                                  'trust_remote_code': False,
[36m(TaskRunner pid=2663854)[0m                                  'use_fused_kernels': True,
[36m(TaskRunner pid=2663854)[0m                                  'use_liger': False,
[36m(TaskRunner pid=2663854)[0m                                  'use_remove_padding': True,
[36m(TaskRunner pid=2663854)[0m                                  'use_shm': False},
[36m(TaskRunner pid=2663854)[0m                        'ref': {'entropy_checkpointing': False,
[36m(TaskRunner pid=2663854)[0m                                'entropy_from_logits_with_chunking': False,
[36m(TaskRunner pid=2663854)[0m                                'fsdp_config': {'forward_prefetch': False,
[36m(TaskRunner pid=2663854)[0m                                                'param_offload': True,
[36m(TaskRunner pid=2663854)[0m                                                'reshard_after_forward': True,
[36m(TaskRunner pid=2663854)[0m                                                'wrap_policy': {'min_num_params': 0}},
[36m(TaskRunner pid=2663854)[0m                                'log_prob_max_token_len_per_gpu': 8192,
[36m(TaskRunner pid=2663854)[0m                                'log_prob_micro_batch_size': None,
[36m(TaskRunner pid=2663854)[0m                                'log_prob_micro_batch_size_per_gpu': 1,
[36m(TaskRunner pid=2663854)[0m                                'log_prob_use_dynamic_bsz': False,
[36m(TaskRunner pid=2663854)[0m                                'profiler': {'all_ranks': False,
[36m(TaskRunner pid=2663854)[0m                                             'discrete': False,
[36m(TaskRunner pid=2663854)[0m                                             'ranks': None},
[36m(TaskRunner pid=2663854)[0m                                'strategy': 'fsdp',
[36m(TaskRunner pid=2663854)[0m                                'ulysses_sequence_parallel_size': 1,
[36m(TaskRunner pid=2663854)[0m                                'use_torch_compile': True},
[36m(TaskRunner pid=2663854)[0m                        'rollout': {'agent': {'num_workers': 8},
[36m(TaskRunner pid=2663854)[0m                                    'calculate_log_probs': True,
[36m(TaskRunner pid=2663854)[0m                                    'disable_log_stats': True,
[36m(TaskRunner pid=2663854)[0m                                    'do_sample': True,
[36m(TaskRunner pid=2663854)[0m                                    'dtype': 'bfloat16',
[36m(TaskRunner pid=2663854)[0m                                    'enable_chunked_prefill': True,
[36m(TaskRunner pid=2663854)[0m                                    'enforce_eager': False,
[36m(TaskRunner pid=2663854)[0m                                    'engine_kwargs': {'sglang': {'attention_backend': None},
[36m(TaskRunner pid=2663854)[0m                                                      'vllm': {'attention_config': {'backend': 'FLASH_ATTN'},
[36m(TaskRunner pid=2663854)[0m                                                               'disable_mm_preprocessor_cache': False,
[36m(TaskRunner pid=2663854)[0m                                                               'swap_space': None}},
[36m(TaskRunner pid=2663854)[0m                                    'free_cache_engine': False,
[36m(TaskRunner pid=2663854)[0m                                    'gpu_memory_utilization': 0.86,
[36m(TaskRunner pid=2663854)[0m                                    'ignore_eos': False,
[36m(TaskRunner pid=2663854)[0m                                    'layered_summon': False,
[36m(TaskRunner pid=2663854)[0m                                    'load_format': 'dummy_dtensor',
[36m(TaskRunner pid=2663854)[0m                                    'log_prob_max_token_len_per_gpu': 8192,
[36m(TaskRunner pid=2663854)[0m                                    'log_prob_micro_batch_size': None,
[36m(TaskRunner pid=2663854)[0m                                    'log_prob_micro_batch_size_per_gpu': 1,
[36m(TaskRunner pid=2663854)[0m                                    'log_prob_use_dynamic_bsz': False,
[36m(TaskRunner pid=2663854)[0m                                    'logprobs': 1,
[36m(TaskRunner pid=2663854)[0m                                    'max_model_len': 4096,
[36m(TaskRunner pid=2663854)[0m                                    'max_num_batched_tokens': 65536,
[36m(TaskRunner pid=2663854)[0m                                    'max_num_seqs': 1024,
[36m(TaskRunner pid=2663854)[0m                                    'mode': 'sync',
[36m(TaskRunner pid=2663854)[0m                                    'multi_stage_wake_up': False,
[36m(TaskRunner pid=2663854)[0m                                    'multi_turn': {'completion_callback': None,
[36m(TaskRunner pid=2663854)[0m                                                   'enable': False,
[36m(TaskRunner pid=2663854)[0m                                                   'format': 'hermes',
[36m(TaskRunner pid=2663854)[0m                                                   'interaction_config_path': None,
[36m(TaskRunner pid=2663854)[0m                                                   'max_assistant_turns': None,
[36m(TaskRunner pid=2663854)[0m                                                   'max_parallel_calls': 1,
[36m(TaskRunner pid=2663854)[0m                                                   'max_tool_response_length': 256,
[36m(TaskRunner pid=2663854)[0m                                                   'max_user_turns': None,
[36m(TaskRunner pid=2663854)[0m                                                   'tokenization_sanity_check_mode': 'strict',
[36m(TaskRunner pid=2663854)[0m                                                   'tool_config_path': None,
[36m(TaskRunner pid=2663854)[0m                                                   'tool_response_truncate_side': 'middle',
[36m(TaskRunner pid=2663854)[0m                                                   'use_inference_chat_template': False},
[36m(TaskRunner pid=2663854)[0m                                    'n': 32,
[36m(TaskRunner pid=2663854)[0m                                    'name': 'vllm',
[36m(TaskRunner pid=2663854)[0m                                    'profiler': {'all_ranks': False,
[36m(TaskRunner pid=2663854)[0m                                                 'discrete': False,
[36m(TaskRunner pid=2663854)[0m                                                 'ranks': None},
[36m(TaskRunner pid=2663854)[0m                                    'prompt_length': 1024,
[36m(TaskRunner pid=2663854)[0m                                    'response_length': 3072,
[36m(TaskRunner pid=2663854)[0m                                    'temperature': 1.0,
[36m(TaskRunner pid=2663854)[0m                                    'tensor_model_parallel_size': 1,
[36m(TaskRunner pid=2663854)[0m                                    'top_k': -1,
[36m(TaskRunner pid=2663854)[0m                                    'top_p': 1,
[36m(TaskRunner pid=2663854)[0m                                    'use_rollout_log_probs_as_old': True,
[36m(TaskRunner pid=2663854)[0m                                    'val_kwargs': {'do_sample': True,
[36m(TaskRunner pid=2663854)[0m                                                   'n': 16,
[36m(TaskRunner pid=2663854)[0m                                                   'temperature': 0.6,
[36m(TaskRunner pid=2663854)[0m                                                   'top_k': -1,
[36m(TaskRunner pid=2663854)[0m                                                   'top_p': 0.95}}},
[36m(TaskRunner pid=2663854)[0m  'algorithm': {'adv_estimator': 'grpo',
[36m(TaskRunner pid=2663854)[0m                'gamma': 1.0,
[36m(TaskRunner pid=2663854)[0m                'kl_ctrl': {'horizon': 10000,
[36m(TaskRunner pid=2663854)[0m                            'kl_coef': 0.0,
[36m(TaskRunner pid=2663854)[0m                            'target_kl': 0.1,
[36m(TaskRunner pid=2663854)[0m                            'type': 'fixed'},
[36m(TaskRunner pid=2663854)[0m                'kl_penalty': 'kl',
[36m(TaskRunner pid=2663854)[0m                'lam': 1.0,
[36m(TaskRunner pid=2663854)[0m                'norm_adv_by_std_in_grpo': True,
[36m(TaskRunner pid=2663854)[0m                'pf_ppo': {'reweight_method': 'pow', 'weight_pow': 2.0},
[36m(TaskRunner pid=2663854)[0m                'use_kl_in_reward': False,
[36m(TaskRunner pid=2663854)[0m                'use_pf_ppo': False},
[36m(TaskRunner pid=2663854)[0m  'critic': {'checkpoint': {'load_contents': ['model', 'optimizer', 'extra'],
[36m(TaskRunner pid=2663854)[0m                            'save_contents': ['model', 'optimizer', 'extra']},
[36m(TaskRunner pid=2663854)[0m             'cliprange_value': 0.5,
[36m(TaskRunner pid=2663854)[0m             'forward_max_token_len_per_gpu': 32768,
[36m(TaskRunner pid=2663854)[0m             'forward_micro_batch_size': None,
[36m(TaskRunner pid=2663854)[0m             'forward_micro_batch_size_per_gpu': 1,
[36m(TaskRunner pid=2663854)[0m             'grad_clip': 1.0,
[36m(TaskRunner pid=2663854)[0m             'loss_agg_mode': 'token-mean',
[36m(TaskRunner pid=2663854)[0m             'model': {'attn_implementation': 'sdpa',
[36m(TaskRunner pid=2663854)[0m                       'enable_activation_offload': False,
[36m(TaskRunner pid=2663854)[0m                       'enable_gradient_checkpointing': True,
[36m(TaskRunner pid=2663854)[0m                       'external_lib': None,
[36m(TaskRunner pid=2663854)[0m                       'fsdp_config': {'forward_prefetch': False,
[36m(TaskRunner pid=2663854)[0m                                       'fsdp_size': -1,
[36m(TaskRunner pid=2663854)[0m                                       'offload_policy': False,
[36m(TaskRunner pid=2663854)[0m                                       'optimizer_offload': False,
[36m(TaskRunner pid=2663854)[0m                                       'param_offload': False,
[36m(TaskRunner pid=2663854)[0m                                       'reshard_after_forward': True,
[36m(TaskRunner pid=2663854)[0m                                       'wrap_policy': {'min_num_params': 0}},
[36m(TaskRunner pid=2663854)[0m                       'lora_alpha': 16,
[36m(TaskRunner pid=2663854)[0m                       'lora_rank': 0,
[36m(TaskRunner pid=2663854)[0m                       'override_config': {},
[36m(TaskRunner pid=2663854)[0m                       'path': '/models/Qwen2.5-Math-7B',
[36m(TaskRunner pid=2663854)[0m                       'target_modules': 'all-linear',
[36m(TaskRunner pid=2663854)[0m                       'tokenizer_path': '/models/Qwen2.5-Math-7B',
[36m(TaskRunner pid=2663854)[0m                       'trust_remote_code': False,
[36m(TaskRunner pid=2663854)[0m                       'use_remove_padding': True,
[36m(TaskRunner pid=2663854)[0m                       'use_shm': False},
[36m(TaskRunner pid=2663854)[0m             'optim': {'lr': 9e-06,
[36m(TaskRunner pid=2663854)[0m                       'lr_warmup_steps_ratio': 0.0,
[36m(TaskRunner pid=2663854)[0m                       'min_lr_ratio': None,
[36m(TaskRunner pid=2663854)[0m                       'total_training_steps': -1,
[36m(TaskRunner pid=2663854)[0m                       'warmup_style': 'constant',
[36m(TaskRunner pid=2663854)[0m                       'weight_decay': 0.01},
[36m(TaskRunner pid=2663854)[0m             'ppo_epochs': 1,
[36m(TaskRunner pid=2663854)[0m             'ppo_max_token_len_per_gpu': 32768,
[36m(TaskRunner pid=2663854)[0m             'ppo_micro_batch_size': None,
[36m(TaskRunner pid=2663854)[0m             'ppo_micro_batch_size_per_gpu': 1,
[36m(TaskRunner pid=2663854)[0m             'ppo_mini_batch_size': 8,
[36m(TaskRunner pid=2663854)[0m             'profiler': {'all_ranks': False, 'discrete': False, 'ranks': None},
[36m(TaskRunner pid=2663854)[0m             'rollout_n': 32,
[36m(TaskRunner pid=2663854)[0m             'shuffle': False,
[36m(TaskRunner pid=2663854)[0m             'strategy': 'fsdp',
[36m(TaskRunner pid=2663854)[0m             'ulysses_sequence_parallel_size': 1,
[36m(TaskRunner pid=2663854)[0m             'use_dynamic_bsz': False},
[36m(TaskRunner pid=2663854)[0m  'custom_reward_function': {'name': 'reward_func',
[36m(TaskRunner pid=2663854)[0m                             'path': './verl/utils/reward_score/ttrl_math/__init__.py'},
[36m(TaskRunner pid=2663854)[0m  'data': {'custom_cls': {'name': None, 'path': None},
[36m(TaskRunner pid=2663854)[0m           'filter_overlong_prompts': True,
[36m(TaskRunner pid=2663854)[0m           'filter_overlong_prompts_workers': 1,
[36m(TaskRunner pid=2663854)[0m           'image_key': 'images',
[36m(TaskRunner pid=2663854)[0m           'max_prompt_length': 1024,
[36m(TaskRunner pid=2663854)[0m           'max_response_length': 3072,
[36m(TaskRunner pid=2663854)[0m           'prompt_key': 'prompt',
[36m(TaskRunner pid=2663854)[0m           'return_full_prompt': False,
[36m(TaskRunner pid=2663854)[0m           'return_raw_chat': False,
[36m(TaskRunner pid=2663854)[0m           'return_raw_input_ids': False,
[36m(TaskRunner pid=2663854)[0m           'reward_fn_key': 'data_source',
[36m(TaskRunner pid=2663854)[0m           'shuffle': True,
[36m(TaskRunner pid=2663854)[0m           'tokenizer': None,
[36m(TaskRunner pid=2663854)[0m           'train_batch_size': 32,
[36m(TaskRunner pid=2663854)[0m           'train_files': ['/mlx_devbox/users/quyanyi/playground/TTRL/verl/data/MATH-TTT/train.parquet'],
[36m(TaskRunner pid=2663854)[0m           'truncation': 'error',
[36m(TaskRunner pid=2663854)[0m           'trust_remote_code': False,
[36m(TaskRunner pid=2663854)[0m           'use_shm': False,
[36m(TaskRunner pid=2663854)[0m           'val_batch_size': None,
[36m(TaskRunner pid=2663854)[0m           'val_files': ['/mlx_devbox/users/quyanyi/playground/TTRL/verl/data/MATH-TTT/test.parquet'],
[36m(TaskRunner pid=2663854)[0m           'validation_shuffle': False,
[36m(TaskRunner pid=2663854)[0m           'video_key': 'videos'},
[36m(TaskRunner pid=2663854)[0m  'ray_init': {'num_cpus': None, 'timeline_json_file': None},
[36m(TaskRunner pid=2663854)[0m  'reward_model': {'enable': False,
[36m(TaskRunner pid=2663854)[0m                   'forward_max_token_len_per_gpu': 32768,
[36m(TaskRunner pid=2663854)[0m                   'launch_reward_fn_async': False,
[36m(TaskRunner pid=2663854)[0m                   'max_length': None,
[36m(TaskRunner pid=2663854)[0m                   'micro_batch_size': None,
[36m(TaskRunner pid=2663854)[0m                   'micro_batch_size_per_gpu': None,
[36m(TaskRunner pid=2663854)[0m                   'model': {'attn_implementation': 'sdpa',
[36m(TaskRunner pid=2663854)[0m                             'external_lib': None,
[36m(TaskRunner pid=2663854)[0m                             'fsdp_config': {'forward_prefetch': False,
[36m(TaskRunner pid=2663854)[0m                                             'fsdp_size': -1,
[36m(TaskRunner pid=2663854)[0m                                             'param_offload': False,
[36m(TaskRunner pid=2663854)[0m                                             'reshard_after_forward': True,
[36m(TaskRunner pid=2663854)[0m                                             'wrap_policy': {'min_num_params': 0}},
[36m(TaskRunner pid=2663854)[0m                             'input_tokenizer': '/models/Qwen2.5-Math-7B',
[36m(TaskRunner pid=2663854)[0m                             'path': '~/models/FsfairX-LLaMA3-RM-v0.1',
[36m(TaskRunner pid=2663854)[0m                             'trust_remote_code': False,
[36m(TaskRunner pid=2663854)[0m                             'use_fused_kernels': True,
[36m(TaskRunner pid=2663854)[0m                             'use_remove_padding': False,
[36m(TaskRunner pid=2663854)[0m                             'use_shm': False},
[36m(TaskRunner pid=2663854)[0m                   'num_processes': 128,
[36m(TaskRunner pid=2663854)[0m                   'profiler': {'all_ranks': False,
[36m(TaskRunner pid=2663854)[0m                                'discrete': False,
[36m(TaskRunner pid=2663854)[0m                                'ranks': None},
[36m(TaskRunner pid=2663854)[0m                   'reward_manager': 'prime',
[36m(TaskRunner pid=2663854)[0m                   'sandbox_fusion': {'max_concurrent': 64,
[36m(TaskRunner pid=2663854)[0m                                      'memory_limit_mb': 1024,
[36m(TaskRunner pid=2663854)[0m                                      'url': None},
[36m(TaskRunner pid=2663854)[0m                   'strategy': 'fsdp',
[36m(TaskRunner pid=2663854)[0m                   'ulysses_sequence_parallel_size': 1,
[36m(TaskRunner pid=2663854)[0m                   'use_dynamic_bsz': False},
[36m(TaskRunner pid=2663854)[0m  'trainer': {'balance_batch': False,
[36m(TaskRunner pid=2663854)[0m              'controller_nsight_options': {'cuda-graph-trace': 'graph',
[36m(TaskRunner pid=2663854)[0m                                            'cuda-memory-usage': 'true',
[36m(TaskRunner pid=2663854)[0m                                            'trace': 'cuda,nvtx,cublas,ucx'},
[36m(TaskRunner pid=2663854)[0m              'critic_warmup': 0,
[36m(TaskRunner pid=2663854)[0m              'default_hdfs_dir': None,
[36m(TaskRunner pid=2663854)[0m              'default_local_dir': '/tmp/ttrl_b200/checkpoints/ttrl_full_rollout_powerflow_b7_top1cluster_gate_nll_b32_r32_20step_20260803',
[36m(TaskRunner pid=2663854)[0m              'del_local_ckpt_after_load': False,
[36m(TaskRunner pid=2663854)[0m              'device': 'cuda',
[36m(TaskRunner pid=2663854)[0m              'esi_redundant_time': 0,
[36m(TaskRunner pid=2663854)[0m              'experiment_name': '0803-ttrl_full_rollout_powerflow_b7_top1cluster_gate_nll_b32_r32_20step_20260803-MATH-TTT-Qwen2.5-Math-7B-fullrollout-b7-top1cluster-gate-nll-20step',
[36m(TaskRunner pid=2663854)[0m              'final_val_enable': True,
[36m(TaskRunner pid=2663854)[0m              'log_val_generations': 0,
[36m(TaskRunner pid=2663854)[0m              'logger': ['console'],
[36m(TaskRunner pid=2663854)[0m              'max_actor_ckpt_to_keep': 0,
[36m(TaskRunner pid=2663854)[0m              'max_critic_ckpt_to_keep': 0,
[36m(TaskRunner pid=2663854)[0m              'n_gpus_per_node': 8,
[36m(TaskRunner pid=2663854)[0m              'nnodes': 1,
[36m(TaskRunner pid=2663854)[0m              'profile_steps': None,
[36m(TaskRunner pid=2663854)[0m              'project_name': 'TTRL-verl-local',
[36m(TaskRunner pid=2663854)[0m              'ray_wait_register_center_timeout': 300,
[36m(TaskRunner pid=2663854)[0m              'resume_from_path': None,
[36m(TaskRunner pid=2663854)[0m              'resume_mode': 'auto',
[36m(TaskRunner pid=2663854)[0m              'rollout_data_dir': None,
[36m(TaskRunner pid=2663854)[0m              'save_freq': -1,
[36m(TaskRunner pid=2663854)[0m              'test_freq': 20,
[36m(TaskRunner pid=2663854)[0m              'total_epochs': 2,
[36m(TaskRunner pid=2663854)[0m              'total_training_steps': 20,
[36m(TaskRunner pid=2663854)[0m              'val_before_train': False,
[36m(TaskRunner pid=2663854)[0m              'val_only': False,
[36m(TaskRunner pid=2663854)[0m              'validation_data_dir': None,
[36m(TaskRunner pid=2663854)[0m              'validation_metric_dump_path': None,
[36m(TaskRunner pid=2663854)[0m              'worker_nsight_options': {'capture-range': 'cudaProfilerApi',
[36m(TaskRunner pid=2663854)[0m                                        'capture-range-end': None,
[36m(TaskRunner pid=2663854)[0m                                        'cuda-graph-trace': 'graph',
[36m(TaskRunner pid=2663854)[0m                                        'cuda-memory-usage': 'true',
[36m(TaskRunner pid=2663854)[0m                                        'kill': 'none',
[36m(TaskRunner pid=2663854)[0m                                        'trace': 'cuda,nvtx,cublas,ucx'}},
[36m(TaskRunner pid=2663854)[0m  'ttrl': {'chunk_state_actor_span': 'chunk',
[36m(TaskRunner pid=2663854)[0m           'chunk_state_alpha': 2.0,
[36m(TaskRunner pid=2663854)[0m           'chunk_state_answer_source_consistency_enable': False,
[36m(TaskRunner pid=2663854)[0m           'chunk_state_answer_support_min_mass': 0.0,
[36m(TaskRunner pid=2663854)[0m           'chunk_state_answer_support_score': 'mass',
[36m(TaskRunner pid=2663854)[0m           'chunk_state_boundaries': [0, 256, 512, 768, 1024],
[36m(TaskRunner pid=2663854)[0m           'chunk_state_boundary_mode': 'cycle',
[36m(TaskRunner pid=2663854)[0m           'chunk_state_candidates': 8,
[36m(TaskRunner pid=2663854)[0m           'chunk_state_chunk_size': 256,
[36m(TaskRunner pid=2663854)[0m           'chunk_state_confidence_power': 0.0,
[36m(TaskRunner pid=2663854)[0m           'chunk_state_diag_enable': False,
[36m(TaskRunner pid=2663854)[0m           'chunk_state_diag_jsonl': None,
[36m(TaskRunner pid=2663854)[0m           'chunk_state_enable': False,
[36m(TaskRunner pid=2663854)[0m           'chunk_state_eps': 0.05,
[36m(TaskRunner pid=2663854)[0m           'chunk_state_full_rollout_guard_assistant_marker': True,
[36m(TaskRunner pid=2663854)[0m           'chunk_state_full_rollout_guard_asy_repeat': True,
[36m(TaskRunner pid=2663854)[0m           'chunk_state_full_rollout_guard_document_marker': True,
[36m(TaskRunner pid=2663854)[0m           'chunk_state_full_rollout_guard_empty_boxed': True,
[36m(TaskRunner pid=2663854)[0m           'chunk_state_full_rollout_guard_enable': False,
[36m(TaskRunner pid=2663854)[0m           'chunk_state_full_rollout_guard_human_marker': True,
[36m(TaskRunner pid=2663854)[0m           'chunk_state_full_rollout_guard_max_boxed_count': 4,
[36m(TaskRunner pid=2663854)[0m           'chunk_state_full_rollout_guard_ngram_max_count': 4,
[36m(TaskRunner pid=2663854)[0m           'chunk_state_full_rollout_guard_ngram_repeat': True,
[36m(TaskRunner pid=2663854)[0m           'chunk_state_full_rollout_guard_ngram_size': 12,
[36m(TaskRunner pid=2663854)[0m           'chunk_state_full_rollout_guard_prompt_copy': True,
[36m(TaskRunner pid=2663854)[0m           'chunk_state_full_rollout_guard_prompt_copy_min_count': 2,
[36m(TaskRunner pid=2663854)[0m           'chunk_state_full_rollout_guard_source_only_clean': False,
[36m(TaskRunner pid=2663854)[0m           'chunk_state_future_support_anchor_prior_power': 1.0,
[36m(TaskRunner pid=2663854)[0m           'chunk_state_future_support_anchor_prior_weight': 0.0,
[36m(TaskRunner pid=2663854)[0m           'chunk_state_future_support_baseline_scale': 1.0,
[36m(TaskRunner pid=2663854)[0m           'chunk_state_future_support_gain_slack': 0.125,
[36m(TaskRunner pid=2663854)[0m           'chunk_state_future_support_keep_mode': 'hard',
[36m(TaskRunner pid=2663854)[0m           'chunk_state_future_support_max_mass_coef': 0.25,
[36m(TaskRunner pid=2663854)[0m           'chunk_state_future_support_max_state_oov': 1.0,
[36m(TaskRunner pid=2663854)[0m           'chunk_state_future_support_min_candidate_coverage': 0.0,
[36m(TaskRunner pid=2663854)[0m           'chunk_state_future_support_min_candidate_mean_mass': 0.0,
[36m(TaskRunner pid=2663854)[0m           'chunk_state_future_support_min_mass': 0.03125,
[36m(TaskRunner pid=2663854)[0m           'chunk_state_future_support_min_positive_margin': 0.0,
[36m(TaskRunner pid=2663854)[0m           'chunk_state_future_support_min_state_coverage': 0.0,
[36m(TaskRunner pid=2663854)[0m           'chunk_state_future_support_min_state_max_mass': 0.0,
[36m(TaskRunner pid=2663854)[0m           'chunk_state_future_support_min_state_mean_mass': 0.0,
[36m(TaskRunner pid=2663854)[0m           'chunk_state_future_support_min_state_top_margin': 0.0,
[36m(TaskRunner pid=2663854)[0m           'chunk_state_future_support_prior_smoothing': 0.0,
[36m(TaskRunner pid=2663854)[0m           'chunk_state_future_support_score_type': 'slack_gain',
[36m(TaskRunner pid=2663854)[0m           'chunk_state_future_support_soft_weight_floor': 0.0,
[36m(TaskRunner pid=2663854)[0m           'chunk_state_future_support_source_prior_weight': 2.0,
[36m(TaskRunner pid=2663854)[0m           'chunk_state_label_consistent_only': False,
[36m(TaskRunner pid=2663854)[0m           'chunk_state_max_prefix_tokens': 1024,
[36m(TaskRunner pid=2663854)[0m           'chunk_state_max_prompt_answer_entropy': 0.0,
[36m(TaskRunner pid=2663854)[0m           'chunk_state_mid_boundary_max_ratio': 0.8,
[36m(TaskRunner pid=2663854)[0m           'chunk_state_mid_boundary_min_ratio': 0.25,
[36m(TaskRunner pid=2663854)[0m           'chunk_state_mid_require_nonzero_boundary': False,
[36m(TaskRunner pid=2663854)[0m           'chunk_state_min_answer_coverage': 0.0,
[36m(TaskRunner pid=2663854)[0m           'chunk_state_min_boundary': 0,
[36m(TaskRunner pid=2663854)[0m           'chunk_state_min_informative_gap': 0.0,
[36m(TaskRunner pid=2663854)[0m           'chunk_state_min_majority_ratio': 0.0,
[36m(TaskRunner pid=2663854)[0m           'chunk_state_min_prompt_top_margin': 0.0,
[36m(TaskRunner pid=2663854)[0m           'chunk_state_min_prompt_top_mass': 0.0,
[36m(TaskRunner pid=2663854)[0m           'chunk_state_min_prompt_valid_answer_coverage': 0.0,
[36m(TaskRunner pid=2663854)[0m           'chunk_state_min_source_answer_mass': 0.0,
[36m(TaskRunner pid=2663854)[0m           'chunk_state_min_state_positive_margin': -1.0,
[36m(TaskRunner pid=2663854)[0m           'chunk_state_powerflow_weight_clip': 0.0,
[36m(TaskRunner pid=2663854)[0m           'chunk_state_powerflow_weight_clip_renorm': True,
[36m(TaskRunner pid=2663854)[0m           'chunk_state_probe_max_tokens': 3072,
[36m(TaskRunner pid=2663854)[0m           'chunk_state_probe_samples': 1,
[36m(TaskRunner pid=2663854)[0m           'chunk_state_prune_zero_weight_samples': False,
[36m(TaskRunner pid=2663854)[0m           'chunk_state_score_mode': 'probe_reward',
[36m(TaskRunner pid=2663854)[0m           'chunk_state_skip_all_negative': False,
[36m(TaskRunner pid=2663854)[0m           'chunk_state_skip_empty_state_batch': False,
[36m(TaskRunner pid=2663854)[0m           'chunk_state_skip_uniform': False,
[36m(TaskRunner pid=2663854)[0m           'chunk_state_source_chunk_candidate_index': 0,
[36m(TaskRunner pid=2663854)[0m           'chunk_state_source_chunk_enable': False,
[36m(TaskRunner pid=2663854)[0m           'chunk_state_source_low_max_answer_mass': 0.35,
[36m(TaskRunner pid=2663854)[0m           'chunk_state_source_min_valid_answer_mass': 0.03125,
[36m(TaskRunner pid=2663854)[0m           'chunk_state_source_mixed_low_ratio': 0.75,
[36m(TaskRunner pid=2663854)[0m           'chunk_state_source_mode': 'random',
[36m(TaskRunner pid=2663854)[0m           'chunk_state_source_quality_max_entropy': 0.0,
[36m(TaskRunner pid=2663854)[0m           'chunk_state_source_quality_weight_floor': 0.0,
[36m(TaskRunner pid=2663854)[0m           'chunk_state_source_quality_weight_mode': 'off',
[36m(TaskRunner pid=2663854)[0m           'chunk_state_source_quality_weight_power': 1.0,
[36m(TaskRunner pid=2663854)[0m           'chunk_state_source_select_by_mass': False,
[36m(TaskRunner pid=2663854)[0m           'chunk_state_staged_probe_enable': False,
[36m(TaskRunner pid=2663854)[0m           'chunk_state_staged_probe_extra_max_tokens': 3072,
[36m(TaskRunner pid=2663854)[0m           'chunk_state_staged_probe_extra_samples': 4,
[36m(TaskRunner pid=2663854)[0m           'chunk_state_staged_probe_merge_mode': 'repeat_base',
[36m(TaskRunner pid=2663854)[0m           'chunk_state_staged_probe_topk': 2,
[36m(TaskRunner pid=2663854)[0m           'chunk_state_states_per_prompt': 1,
[36m(TaskRunner pid=2663854)[0m           'chunk_state_suffix_max_tokens': 3072,
[36m(TaskRunner pid=2663854)[0m           'chunk_state_suffix_support_answer_aggregate': False,
[36m(TaskRunner pid=2663854)[0m           'chunk_state_suffix_support_answer_representatives': 1,
[36m(TaskRunner pid=2663854)[0m           'chunk_state_suffix_support_answer_split_power': 1.0,
[36m(TaskRunner pid=2663854)[0m           'chunk_state_suffix_support_baseline_scale': 1.0,
[36m(TaskRunner pid=2663854)[0m           'chunk_state_suffix_support_gain_slack': 0.0,
[36m(TaskRunner pid=2663854)[0m           'chunk_state_suffix_support_min_mass': 0.03125,
[36m(TaskRunner pid=2663854)[0m           'chunk_state_suffix_support_min_positive_margin': 0.0,
[36m(TaskRunner pid=2663854)[0m           'chunk_state_suffix_support_score_type': 'gain',
[36m(TaskRunner pid=2663854)[0m           'chunk_state_suffix_support_split_duplicates': False,
[36m(TaskRunner pid=2663854)[0m           'chunk_state_support_anchor_candidate_start': 0,
[36m(TaskRunner pid=2663854)[0m           'chunk_state_support_anchor_count': 4,
[36m(TaskRunner pid=2663854)[0m           'chunk_state_support_anchor_enable': False,
[36m(TaskRunner pid=2663854)[0m           'chunk_state_support_anchor_min_mass': 0.03125,
[36m(TaskRunner pid=2663854)[0m           'chunk_state_support_anchor_min_prefix_match': 0.75,
[36m(TaskRunner pid=2663854)[0m           'chunk_state_support_anchor_prefix_compat_enable': False,
[36m(TaskRunner pid=2663854)[0m           'chunk_state_support_anchor_prefix_compat_mode': 'hard',
[36m(TaskRunner pid=2663854)[0m           'chunk_state_support_anchor_prefix_compat_tokens': 128,
[36m(TaskRunner pid=2663854)[0m           'chunk_state_support_anchor_prefix_score_power': 1.0,
[36m(TaskRunner pid=2663854)[0m           'chunk_state_support_anchor_selection_mode': 'mass_ranked',
[36m(TaskRunner pid=2663854)[0m           'chunk_state_support_anchor_skip_source': True,
[36m(TaskRunner pid=2663854)[0m           'chunk_state_support_flow_answer_split_power': 1.0,
[36m(TaskRunner pid=2663854)[0m           'chunk_state_support_flow_baseline_scale': 1.0,
[36m(TaskRunner pid=2663854)[0m           'chunk_state_support_flow_gain_slack': 0.0,
[36m(TaskRunner pid=2663854)[0m           'chunk_state_support_flow_min_positive_margin': 0.0,
[36m(TaskRunner pid=2663854)[0m           'chunk_state_support_flow_posterior_split_duplicates': True,
[36m(TaskRunner pid=2663854)[0m           'chunk_state_support_flow_score_type': 'gain',
[36m(TaskRunner pid=2663854)[0m           'chunk_state_support_flow_softplus_temperature': 0.125,
[36m(TaskRunner pid=2663854)[0m           'chunk_state_support_flow_source_prior_weight': 1.0,
[36m(TaskRunner pid=2663854)[0m           'chunk_state_support_flow_split_mass_by_answer': False,
[36m(TaskRunner pid=2663854)[0m           'chunk_state_target_guard_anchor': True,
[36m(TaskRunner pid=2663854)[0m           'chunk_state_target_guard_bad_probe_ratio': 0.5,
[36m(TaskRunner pid=2663854)[0m           'chunk_state_target_guard_candidate_assistant_marker': True,
[36m(TaskRunner pid=2663854)[0m           'chunk_state_target_guard_candidate_asy_repeat': True,
[36m(TaskRunner pid=2663854)[0m           'chunk_state_target_guard_candidate_document_marker': True,
[36m(TaskRunner pid=2663854)[0m           'chunk_state_target_guard_candidate_empty_boxed': True,
[36m(TaskRunner pid=2663854)[0m           'chunk_state_target_guard_candidate_enable': False,
[36m(TaskRunner pid=2663854)[0m           'chunk_state_target_guard_candidate_human_marker': True,
[36m(TaskRunner pid=2663854)[0m           'chunk_state_target_guard_candidate_max_boxed_count': 1,
[36m(TaskRunner pid=2663854)[0m           'chunk_state_target_guard_candidate_ngram_max_count': 4,
[36m(TaskRunner pid=2663854)[0m           'chunk_state_target_guard_candidate_ngram_repeat': True,
[36m(TaskRunner pid=2663854)[0m           'chunk_state_target_guard_candidate_ngram_size': 8,
[36m(TaskRunner pid=2663854)[0m           'chunk_state_target_guard_candidate_prompt_copy': True,
[36m(TaskRunner pid=2663854)[0m           'chunk_state_target_guard_candidate_prompt_copy_min_chars': 160,
[36m(TaskRunner pid=2663854)[0m           'chunk_state_target_guard_candidate_prompt_copy_min_overlap': 1,
[36m(TaskRunner pid=2663854)[0m           'chunk_state_target_guard_candidate_prompt_copy_ngram_size': 24,
[36m(TaskRunner pid=2663854)[0m           'chunk_state_target_guard_enable': False,
[36m(TaskRunner pid=2663854)[0m           'chunk_state_target_guard_max_boxed_count': 2,
[36m(TaskRunner pid=2663854)[0m           'chunk_state_target_guard_min_answer_mass': 0.0,
[36m(TaskRunner pid=2663854)[0m           'chunk_state_target_guard_use_distribution_score': False,
[36m(TaskRunner pid=2663854)[0m           'chunk_state_target_guard_use_mass_gain': False,
[36m(TaskRunner pid=2663854)[0m           'chunk_state_teacher_anchor_candidate_index': 0,
[36m(TaskRunner pid=2663854)[0m           'chunk_state_teacher_anchor_enable': False,
[36m(TaskRunner pid=2663854)[0m Generating train split: 0 examples [00:00, ? examples/s]Generating train split: 500 examples [00:00, 146071.74 examples/s]
[36m(TaskRunner pid=2663854)[0m Setting TOKENIZERS_PARALLELISM=false for forked processes.
[36m(TaskRunner pid=2663854)[0m WARNING:2026-08-03 01:58:02,175:Setting TOKENIZERS_PARALLELISM=false for forked processes.
[36m(TaskRunner pid=2663854)[0m Filtering prompts longer than 1024 tokens (num_proc=1):   0%|          | 0/500 [00:00<?, ? examples/s]
[36m(TaskRunner pid=2663854)[0m Filtering prompts longer than 1024 tokens (num_proc=1): 100%|██████████| 500/500 [00:01<00:00, 291.30 examples/s]
[36m(TaskRunner pid=2663854)[0m Filtering prompts longer than 1024 tokens (num_proc=1): 100%|██████████| 500/500 [00:01<00:00, 270.74 examples/s]
[36m(TaskRunner pid=2663854)[0m Generating train split: 0 examples [00:00, ? examples/s]Generating train split: 500 examples [00:00, 157704.32 examples/s]
[36m(TaskRunner pid=2663854)[0m Setting TOKENIZERS_PARALLELISM=false for forked processes.
[36m(TaskRunner pid=2663854)[0m WARNING:2026-08-03 01:58:05,153:Setting TOKENIZERS_PARALLELISM=false for forked processes.
[36m(TaskRunner pid=2663854)[0m Filtering prompts longer than 1024 tokens (num_proc=1):   0%|          | 0/500 [00:00<?, ? examples/s]
[36m(TaskRunner pid=2663854)[0m Filtering prompts longer than 1024 tokens (num_proc=1): 100%|██████████| 500/500 [00:01<00:00, 292.09 examples/s]
[36m(TaskRunner pid=2663854)[0m Filtering prompts longer than 1024 tokens (num_proc=1): 100%|██████████| 500/500 [00:01<00:00, 271.17 examples/s]
[36m(TaskRunner pid=2663854)[0m DeprecationWarning: `ray.state.available_resources_per_node` is a private attribute and access will be removed in a future Ray version.
[36m(pid=2663853)[0m /mlx_devbox/users/quyanyi/playground/TTRL/verl/verl/__init__.py:18: UserWarning: pkg_resources is deprecated as an API. See https://setuptools.pypa.io/en/latest/pkg_resources.html. The pkg_resources package is slated for removal as early as 2025-11-30. Refrain from using this package or pin to Setuptools<81.
[36m(pid=2663853)[0m   import pkg_resources
[36m(pid=2663863)[0m /mlx_devbox/users/quyanyi/playground/.venvs/ttrl_b200/lib/python3.11/site-packages/huggingface_hub/constants.py:298: FutureWarning: The `HF_HUB_ENABLE_HF_TRANSFER` environment variable is deprecated as 'hf_transfer' is not used anymore. Please use `HF_XET_HIGH_PERFORMANCE` instead to enable high performance transfer with Xet. Visit https://huggingface.co/docs/huggingface_hub/package_reference/environment_variables#hfxethighperformance for more details.
[36m(pid=2663863)[0m   warnings.warn(
[36m(pid=2663858)[0m /mlx_devbox/users/quyanyi/playground/TTRL/verl/verl/__init__.py:18: UserWarning: pkg_resources is deprecated as an API. See https://setuptools.pypa.io/en/latest/pkg_resources.html. The pkg_resources package is slated for removal as early as 2025-11-30. Refrain from using this package or pin to Setuptools<81.[32m [repeated 7x across cluster] (Ray deduplicates logs by default. Set RAY_DEDUP_LOGS=0 to disable log deduplication, or see https://docs.ray.io/en/master/ray-observability/user-guides/configure-logging.html#log-deduplication for more options.)[0m
[36m(pid=2663858)[0m   import pkg_resources[32m [repeated 7x across cluster][0m
[36m(WorkerDict pid=2663853)[0m WARNING:2026-08-03 01:58:27,214:Initializing torch.distributed: rank=0 world_size=8 init_method=tcp://[fdbd:dc61:ff:f000:ffff:ffff:0:16]:52667 master=fdbd:dc61:ff:f000:ffff:ffff:0:16:52667
[36m(pid=2663856)[0m /mlx_devbox/users/quyanyi/playground/.venvs/ttrl_b200/lib/python3.11/site-packages/huggingface_hub/constants.py:298: FutureWarning: The `HF_HUB_ENABLE_HF_TRANSFER` environment variable is deprecated as 'hf_transfer' is not used anymore. Please use `HF_XET_HIGH_PERFORMANCE` instead to enable high performance transfer with Xet. Visit https://huggingface.co/docs/huggingface_hub/package_reference/environment_variables#hfxethighperformance for more details.[32m [repeated 7x across cluster][0m
[36m(pid=2663856)[0m   warnings.warn([32m [repeated 7x across cluster][0m
[36m(WorkerDict pid=2663853)[0m [W803 01:58:29.474054503 ProcessGroupNCCL.cpp:932] Warning: TORCH_NCCL_AVOID_RECORD_STREAMS is the default now, this environment variable is thus deprecated. (function operator())
[36m(TaskRunner pid=2663854)[0m           'chunk_state_teacher_anchor_score': 1.0,
[36m(TaskRunner pid=2663854)[0m           'chunk_state_zero_inconsistent_candidates': False,
[36m(TaskRunner pid=2663854)[0m           'enable': True,
[36m(TaskRunner pid=2663854)[0m           'full_rollout_powerflow_alpha': 6.0,
[36m(TaskRunner pid=2663854)[0m           'full_rollout_powerflow_assistant_marker': True,
[36m(TaskRunner pid=2663854)[0m           'full_rollout_powerflow_asy_repeat': True,
[36m(TaskRunner pid=2663854)[0m           'full_rollout_powerflow_beta': 4.0,
[36m(TaskRunner pid=2663854)[0m           'full_rollout_powerflow_document_marker': True,
[36m(TaskRunner pid=2663854)[0m           'full_rollout_powerflow_empty_boxed': True,
[36m(TaskRunner pid=2663854)[0m           'full_rollout_powerflow_enable': True,
[36m(TaskRunner pid=2663854)[0m           'full_rollout_powerflow_eps': 0.0,
[36m(TaskRunner pid=2663854)[0m           'full_rollout_powerflow_human_marker': True,
[36m(TaskRunner pid=2663854)[0m           'full_rollout_powerflow_invalid_weight': 0.0,
[36m(TaskRunner pid=2663854)[0m           'full_rollout_powerflow_margin_tau': 0.25,
[36m(TaskRunner pid=2663854)[0m           'full_rollout_powerflow_max_boxed_count': 4,
[36m(TaskRunner pid=2663854)[0m           'full_rollout_powerflow_min_margin': 0.25,
[36m(TaskRunner pid=2663854)[0m           'full_rollout_powerflow_min_top_mass': 0.55,
[36m(TaskRunner pid=2663854)[0m           'full_rollout_powerflow_min_valid_answer_coverage': 0.75,
[36m(TaskRunner pid=2663854)[0m           'full_rollout_powerflow_mode': 'top1_answer_cluster',
[36m(TaskRunner pid=2663854)[0m           'full_rollout_powerflow_ngram_max_count': 4,
[36m(TaskRunner pid=2663854)[0m           'full_rollout_powerflow_ngram_repeat': True,
[36m(TaskRunner pid=2663854)[0m           'full_rollout_powerflow_ngram_size': 12,
[36m(TaskRunner pid=2663854)[0m           'full_rollout_powerflow_pollution_guard_enable': True,
[36m(TaskRunner pid=2663854)[0m           'full_rollout_powerflow_prompt_copy': True,
[36m(TaskRunner pid=2663854)[0m           'full_rollout_powerflow_prompt_copy_min_count': 2,
[36m(TaskRunner pid=2663854)[0m           'full_rollout_powerflow_prompt_weight_floor': 0.2,
[36m(TaskRunner pid=2663854)[0m           'full_rollout_powerflow_quality_gate_enable': True,
[36m(TaskRunner pid=2663854)[0m           'full_rollout_powerflow_representatives_per_answer': 2,
[36m(TaskRunner pid=2663854)[0m           'full_rollout_powerflow_slack': 0.02,
[36m(TaskRunner pid=2663854)[0m           'full_rollout_powerflow_top_k_answers': 2,
[36m(TaskRunner pid=2663854)[0m           'full_rollout_powerflow_weight_clip': 4.0,
[36m(TaskRunner pid=2663854)[0m           'full_rollout_powerflow_weight_clip_renorm': True,
[36m(TaskRunner pid=2663854)[0m           'majority_vote_num_processes': 64,
[36m(TaskRunner pid=2663854)[0m           'n_samples_per_prompt': 32,
[36m(TaskRunner pid=2663854)[0m           'n_votes_per_prompt': 32,
[36m(TaskRunner pid=2663854)[0m           'powerflow_no_majority': True,
[36m(TaskRunner pid=2663854)[0m           'sharpened_alpha': 2.0,
[36m(TaskRunner pid=2663854)[0m           'sharpened_conf_temperature': 1.0,
[36m(TaskRunner pid=2663854)[0m           'sharpened_enable': False,
[36m(TaskRunner pid=2663854)[0m           'sharpened_negative_enable': True,
[36m(TaskRunner pid=2663854)[0m           'sharpened_negative_reward': -0.25,
[36m(TaskRunner pid=2663854)[0m           'sharpened_reward_mode': 'prob',
[36m(TaskRunner pid=2663854)[0m           'sharpened_soft_coef': 0.25,
[36m(TaskRunner pid=2663854)[0m           'sharpened_tau_low': 0.125,
[36m(TaskRunner pid=2663854)[0m           'sharpened_tau_marg': 0.125,
[36m(TaskRunner pid=2663854)[0m           'sharpened_tau_pos': 0.375,
[36m(TaskRunner pid=2663854)[0m           'sharpened_use_confidence': True}}
[36m(TaskRunner pid=2663854)[0m using customized reward function 'reward_func' from './verl/utils/reward_score/ttrl_math/__init__.py'
[36m(TaskRunner pid=2663854)[0m using customized reward function 'reward_func' from './verl/utils/reward_score/ttrl_math/__init__.py'
[36m(TaskRunner pid=2663854)[0m Using dataset class: RLHFDataset
[36m(TaskRunner pid=2663854)[0m dataset len: 500
[36m(TaskRunner pid=2663854)[0m filter dataset len: 500
[36m(TaskRunner pid=2663854)[0m Using dataset class: RLHFDataset
[36m(TaskRunner pid=2663854)[0m dataset len: 500
[36m(TaskRunner pid=2663854)[0m filter dataset len: 500
[36m(TaskRunner pid=2663854)[0m [validate_config] All configuration checks passed successfully!
[36m(TaskRunner pid=2663854)[0m Size of train dataloader: 15, Size of val dataloader: 1
[36m(TaskRunner pid=2663854)[0m Total training steps: 20
[36m(TaskRunner pid=2663854)[0m colocated worker base class <class 'verl.single_controller.base.worker.Worker'>
[36m(WorkerDict pid=2663853)[0m Model config after override: Qwen2Config {
[36m(WorkerDict pid=2663853)[0m   "architectures": [
[36m(WorkerDict pid=2663853)[0m     "Qwen2ForCausalLM"
[36m(WorkerDict pid=2663853)[0m   ],
[36m(WorkerDict pid=2663853)[0m   "attention_dropout": 0.0,
[36m(WorkerDict pid=2663853)[0m   "bos_token_id": null,
[36m(WorkerDict pid=2663853)[0m   "dtype": "bfloat16",
[36m(WorkerDict pid=2663853)[0m   "eos_token_id": 151643,
[36m(WorkerDict pid=2663853)[0m   "hidden_act": "silu",
[36m(WorkerDict pid=2663853)[0m   "hidden_size": 3584,
[36m(WorkerDict pid=2663853)[0m   "initializer_range": 0.02,
[36m(WorkerDict pid=2663853)[0m   "intermediate_size": 18944,
[36m(WorkerDict pid=2663853)[0m   "layer_types": [
[36m(WorkerDict pid=2663853)[0m     "full_attention",
[36m(WorkerDict pid=2663853)[0m     "full_attention",
[36m(WorkerDict pid=2663853)[0m     "full_attention",
[36m(WorkerDict pid=2663853)[0m     "full_attention",
[36m(WorkerDict pid=2663853)[0m     "full_attention",
[36m(WorkerDict pid=2663853)[0m     "full_attention",
[36m(WorkerDict pid=2663853)[0m     "full_attention",
[36m(WorkerDict pid=2663853)[0m     "full_attention",
[36m(WorkerDict pid=2663853)[0m     "full_attention",
[36m(WorkerDict pid=2663853)[0m     "full_attention",
[36m(WorkerDict pid=2663853)[0m     "full_attention",
[36m(WorkerDict pid=2663853)[0m     "full_attention",
[36m(WorkerDict pid=2663853)[0m     "full_attention",
[36m(WorkerDict pid=2663853)[0m     "full_attention",
[36m(WorkerDict pid=2663853)[0m     "full_attention",
[36m(WorkerDict pid=2663853)[0m     "full_attention",
[36m(WorkerDict pid=2663853)[0m     "full_attention",
[36m(WorkerDict pid=2663853)[0m     "full_attention",
[36m(WorkerDict pid=2663853)[0m     "full_attention",
[36m(WorkerDict pid=2663853)[0m     "full_attention",
[36m(WorkerDict pid=2663853)[0m     "full_attention",
[36m(WorkerDict pid=2663853)[0m     "full_attention",
[36m(WorkerDict pid=2663853)[0m     "full_attention",
[36m(WorkerDict pid=2663853)[0m     "full_attention",
[36m(WorkerDict pid=2663853)[0m     "full_attention",
[36m(WorkerDict pid=2663853)[0m     "full_attention",
[36m(WorkerDict pid=2663853)[0m     "full_attention",
[36m(WorkerDict pid=2663853)[0m     "full_attention"
[36m(WorkerDict pid=2663853)[0m   ],
[36m(WorkerDict pid=2663853)[0m   "max_position_embeddings": 4096,
[36m(WorkerDict pid=2663853)[0m   "max_window_layers": 28,
[36m(WorkerDict pid=2663853)[0m   "model_type": "qwen2",
[36m(WorkerDict pid=2663853)[0m   "num_attention_heads": 28,
[36m(WorkerDict pid=2663853)[0m   "num_hidden_layers": 28,
[36m(WorkerDict pid=2663853)[0m   "num_key_value_heads": 4,
[36m(WorkerDict pid=2663853)[0m   "pad_token_id": 151643,
[36m(WorkerDict pid=2663853)[0m   "rms_norm_eps": 1e-06,
[36m(WorkerDict pid=2663853)[0m   "rope_parameters": {
[36m(WorkerDict pid=2663853)[0m     "rope_theta": 10000,
[36m(WorkerDict pid=2663853)[0m     "rope_type": "default"
[36m(WorkerDict pid=2663853)[0m   },
[36m(WorkerDict pid=2663853)[0m   "sliding_window": null,
[36m(WorkerDict pid=2663853)[0m   "tie_word_embeddings": false,
[36m(WorkerDict pid=2663861)[0m Loading weights:   0%|          | 0/339 [00:00<?, ?it/s]
[36m(WorkerDict pid=2663861)[0m Loading weights:   0%|          | 1/339 [00:01<06:18,  1.12s/it]
[36m(WorkerDict pid=2663858)[0m WARNING:2026-08-03 01:58:29,355:Initializing torch.distributed: rank=7 world_size=8 init_method=tcp://[fdbd:dc61:ff:f000:ffff:ffff:0:16]:52667 master=fdbd:dc61:ff:f000:ffff:ffff:0:16:52667[32m [repeated 7x across cluster][0m
[36m(WorkerDict pid=2663856)[0m [W803 01:58:29.676416353 ProcessGroupNCCL.cpp:932] Warning: TORCH_NCCL_AVOID_RECORD_STREAMS is the default now, this environment variable is thus deprecated. (function operator())[32m [repeated 7x across cluster][0m
[36m(WorkerDict pid=2663853)[0m Loading weights:  93%|█████████▎| 316/339 [00:04<00:00, 95.67it/s]
[36m(WorkerDict pid=2663853)[0m Loading weights:  97%|█████████▋| 329/339 [00:04<00:00, 94.28it/s]Loading weights: 100%|██████████| 339/339 [00:04<00:00, 78.95it/s]
[36m(WorkerDict pid=2663856)[0m Loading weights:   0%|          | 0/339 [00:00<?, ?it/s][32m [repeated 7x across cluster][0m
[36m(WorkerDict pid=2663853)[0m   "transformers_version": "5.12.1",
[36m(WorkerDict pid=2663853)[0m   "use_cache": true,
[36m(WorkerDict pid=2663853)[0m   "use_mrope": false,
[36m(WorkerDict pid=2663853)[0m   "use_sliding_window": false,
[36m(WorkerDict pid=2663853)[0m   "vocab_size": 152064
[36m(WorkerDict pid=2663853)[0m }
[36m(WorkerDict pid=2663853)[0m 
[36m(WorkerDict pid=2663853)[0m actor attention implementation verified: sdpa
[36m(WorkerDict pid=2663853)[0m Monkey patch _flash_attention_forward in transformers.integrations.flash_attention
[36m(WorkerDict pid=2663853)[0m Using Triton backend for fused kernels in Qwen2ForCausalLM
[36m(WorkerDict pid=2663853)[0m Qwen2ForCausalLM contains 7.62B parameters
[36m(WorkerDict pid=2663853)[0m wrap_policy: functools.partial(<function _or_policy at 0x7f0e54807420>, policies=[functools.partial(<function transformer_auto_wrap_policy at 0x7f0e548072e0>, transformer_layer_cls={<class 'transformers.models.qwen2.modeling_qwen2.Qwen2DecoderLayer'>})])
[36m(WorkerDict pid=2663853)[0m trial-302172199-trialrun-302172199-worker-0:2663853:2663853 [0] NCCL INFO ENV/Plugin: Could not find: libnccl-env.so
[36m(WorkerDict pid=2663853)[0m trial-302172199-trialrun-302172199-worker-0:2663853:2663853 [0] NCCL INFO NCCL_SOCKET_FAMILY set by environment to AF_INET6
[36m(WorkerDict pid=2663853)[0m trial-302172199-trialrun-302172199-worker-0:2663853:2663853 [0] NCCL INFO NCCL_SOCKET_IFNAME set by environment to =eth0
[36m(WorkerDict pid=2663853)[0m trial-302172199-trialrun-302172199-worker-0:2663853:2663853 [0] NCCL INFO cudaDriverVersion 13000
[36m(WorkerDict pid=2663853)[0m trial-302172199-trialrun-302172199-worker-0:2663853:2663853 [0] NCCL INFO NCCL version 2.28.9+cuda13.0
[36m(WorkerDict pid=2663853)[0m trial-302172199-trialrun-302172199-worker-0:2663853:2663853 [0] NCCL INFO Comm config Blocking set to 1
[36m(WorkerDict pid=2663853)[0m trial-302172199-trialrun-302172199-worker-0:2663853:2663853 [0] NCCL INFO NCCL_NET_PLUGIN set by environment to none
[36m(WorkerDict pid=2663853)[0m trial-302172199-trialrun-302172199-worker-0:2663853:2663853 [0] NCCL INFO NCCL_SOCKET_FAMILY set by environment to AF_INET6
[36m(WorkerDict pid=2663853)[0m trial-302172199-trialrun-302172199-worker-0:2663853:2663853 [0] NCCL INFO NCCL_SOCKET_IFNAME set by environment to =eth0
[36m(WorkerDict pid=2663853)[0m trial-302172199-trialrun-302172199-worker-0:2663853:2663853 [0] NCCL INFO NET/Socket : Using [0]eth0:fdbd:dc61:ff:f000:ffff:ffff:0:16<0>
[36m(WorkerDict pid=2663853)[0m trial-302172199-trialrun-302172199-worker-0:2663853:2663853 [0] NCCL INFO Initialized NET plugin Socket
[36m(WorkerDict pid=2663853)[0m trial-302172199-trialrun-302172199-worker-0:2663853:2663853 [0] NCCL INFO Assigned NET plugin Socket to comm
[36m(WorkerDict pid=2663853)[0m trial-302172199-trialrun-302172199-worker-0:2663853:2663853 [0] NCCL INFO Using network Socket
[36m(WorkerDict pid=2663853)[0m trial-302172199-trialrun-302172199-worker-0:2663853:2663853 [0] NCCL INFO ncclCommInitRankConfig comm 0xfd615d0 rank 0 nranks 8 cudaDev 0 nvmlDev 0 busId f000 commId 0x8ecd06e345f26b16 - Init START
[36m(WorkerDict pid=2663853)[0m trial-302172199-trialrun-302172199-worker-0:2663853:2663853 [0] NCCL INFO RAS client listening socket at ::1<28028>
[36m(WorkerDict pid=2663853)[0m trial-302172199-trialrun-302172199-worker-0:2663853:2663853 [0] NCCL INFO MNNVL busId 0xf000 fabric UUID 0.0 cliqueId 0x0 state 3 healthMask 0x80
[36m(WorkerDict pid=2663853)[0m trial-302172199-trialrun-302172199-worker-0:2663853:2663853 [0] NCCL INFO Could not find real path of /sys/class/pci_bus/fffffff/../../fffffff:ff:f
[36m(WorkerDict pid=2663853)[0m trial-302172199-trialrun-302172199-worker-0:2663853:2663853 [0] NCCL INFO TOPO/NET : Importing network plugins to topology
[36m(WorkerDict pid=2663853)[0m trial-302172199-trialrun-302172199-worker-0:2663853:2663853 [0] NCCL INFO ncclTopoPopulateNics : Filled eth0 in topo with pciPath=(null) keep=1 coll=(null)
[36m(WorkerDict pid=2663853)[0m trial-302172199-trialrun-302172199-worker-0:2663853:2663853 [0] NCCL INFO === System : maxBw 721.8 totalBw 721.8 ===
[36m(WorkerDict pid=2663853)[0m trial-302172199-trialrun-302172199-worker-0:2663853:2663853 [0] NCCL INFO CPU/0-0 (1/1/4)
[36m(WorkerDict pid=2663853)[0m trial-302172199-trialrun-302172199-worker-0:2663853:2663853 [0] NCCL INFO + PCI[5000.0] - NIC/0-0
[36m(WorkerDict pid=2663853)[0m trial-302172199-trialrun-302172199-worker-0:2663853:2663853 [0] NCCL INFO                 + NET[1.2] - NET/0-0 (0/0/0/1.250000)
[36m(WorkerDict pid=2663853)[0m trial-302172199-trialrun-302172199-worker-0:2663853:2663853 [0] NCCL INFO                 + NET[1.2] - NET/0-0 (0/0/0/1.250000)
[36m(WorkerDict pid=2663853)[0m trial-302172199-trialrun-302172199-worker-0:2663853:2663853 [0] NCCL INFO + PCI[48.0] - PCI/0-8000 (1000c0301000ffff)
[36m(WorkerDict pid=2663853)[0m trial-302172199-trialrun-302172199-worker-0:2663853:2663853 [0] NCCL INFO               + PCI[48.0] - GPU/0-f000 (0)
[36m(WorkerDict pid=2663853)[0m trial-302172199-trialrun-302172199-worker-0:2663853:2663853 [0] NCCL INFO                             + NVL[721.8] - NVS/0-0
[36m(WorkerDict pid=2663853)[0m trial-302172199-trialrun-302172199-worker-0:2663853:2663853 [0] NCCL INFO + PCI[48.0] - PCI/0-26000 (1000c0301000ffff)
[36m(WorkerDict pid=2663853)[0m trial-302172199-trialrun-302172199-worker-0:2663853:2663853 [0] NCCL INFO               + PCI[48.0] - GPU/0-2d000 (1)
[36m(WorkerDict pid=2663853)[0m trial-302172199-trialrun-302172199-worker-0:2663853:2663853 [0] NCCL INFO                             + NVL[721.8] - NVS/0-0
[36m(WorkerDict pid=2663853)[0m trial-302172199-trialrun-302172199-worker-0:2663853:2663853 [0] NCCL INFO + PCI[48.0] - PCI/0-3d000 (1000c0301000ffff)
[36m(WorkerDict pid=2663853)[0m trial-302172199-trialrun-302172199-worker-0:2663853:2663853 [0] NCCL INFO               + PCI[48.0] - GPU/0-44000 (2)
[36m(WorkerDict pid=2663853)[0m trial-302172199-trialrun-302172199-worker-0:2663853:2663853 [0] NCCL INFO                             + NVL[721.8] - NVS/0-0
[36m(WorkerDict pid=2663853)[0m trial-302172199-trialrun-302172199-worker-0:2663853:2663853 [0] NCCL INFO + PCI[48.0] - PCI/0-54000 (1000c0301000ffff)
[36m(WorkerDict pid=2663853)[0m trial-302172199-trialrun-302172199-worker-0:2663853:2663853 [0] NCCL INFO               + PCI[48.0] - GPU/0-5b000 (3)
[36m(WorkerDict pid=2663853)[0m trial-302172199-trialrun-302172199-worker-0:2663853:2663853 [0] NCCL INFO                             + NVL[721.8] - NVS/0-0
[36m(WorkerDict pid=2663853)[0m trial-302172199-trialrun-302172199-worker-0:2663853:2663853 [0] NCCL INFO + SYS[40.0] - CPU/0-1
[36m(WorkerDict pid=2663853)[0m trial-302172199-trialrun-302172199-worker-0:2663853:2663853 [0] NCCL INFO CPU/0-1 (1/1/4)
[36m(WorkerDict pid=2663853)[0m trial-302172199-trialrun-302172199-worker-0:2663853:2663853 [0] NCCL INFO + PCI[48.0] - PCI/0-82000 (1000c0301000ffff)
[36m(WorkerDict pid=2663853)[0m trial-302172199-trialrun-302172199-worker-0:2663853:2663853 [0] NCCL INFO               + PCI[48.0] - GPU/0-89000 (4)
[36m(WorkerDict pid=2663853)[0m trial-302172199-trialrun-302172199-worker-0:2663853:2663853 [0] NCCL INFO                             + NVL[721.8] - NVS/0-0
[36m(WorkerDict pid=2663853)[0m trial-302172199-trialrun-302172199-worker-0:2663853:2663853 [0] NCCL INFO + PCI[48.0] - PCI/0-a1000 (1000c0301000ffff)
[36m(WorkerDict pid=2663853)[0m trial-302172199-trialrun-302172199-worker-0:2663853:2663853 [0] NCCL INFO               + PCI[48.0] - GPU/0-a8000 (5)
[36m(WorkerDict pid=2663853)[0m trial-302172199-trialrun-302172199-worker-0:2663853:2663853 [0] NCCL INFO                             + NVL[721.8] - NVS/0-0
[36m(WorkerDict pid=2663853)[0m trial-302172199-trialrun-302172199-worker-0:2663853:2663853 [0] NCCL INFO + PCI[48.0] - PCI/0-b9000 (1000c0301000ffff)
[36m(WorkerDict pid=2663853)[0m trial-302172199-trialrun-302172199-worker-0:2663853:2663853 [0] NCCL INFO               + PCI[48.0] - GPU/0-c0000 (6)
[36m(WorkerDict pid=2663853)[0m trial-302172199-trialrun-302172199-worker-0:2663853:2663853 [0] NCCL INFO                             + NVL[721.8] - NVS/0-0
[36m(WorkerDict pid=2663853)[0m trial-302172199-trialrun-302172199-worker-0:2663853:2663853 [0] NCCL INFO + PCI[48.0] - PCI/0-d1000 (1000c0301000ffff)
[36m(WorkerDict pid=2663853)[0m trial-302172199-trialrun-302172199-worker-0:2663853:2663853 [0] NCCL INFO               + PCI[48.0] - GPU/0-d8000 (7)
[36m(WorkerDict pid=2663853)[0m trial-302172199-trialrun-302172199-worker-0:2663853:2663853 [0] NCCL INFO                             + NVL[721.8] - NVS/0-0
[36m(WorkerDict pid=2663853)[0m trial-302172199-trialrun-302172199-worker-0:2663853:2663853 [0] NCCL INFO + SYS[40.0] - CPU/0-0
[36m(WorkerDict pid=2663853)[0m trial-302172199-trialrun-302172199-worker-0:2663853:2663853 [0] NCCL INFO ==========================================
[36m(WorkerDict pid=2663853)[0m trial-302172199-trialrun-302172199-worker-0:2663853:2663853 [0] NCCL INFO GPU/0-f000 :GPU/0-f000 (0/5000.0/LOC) GPU/0-2d000 (2/721.8/NVL) GPU/0-44000 (2/721.8/NVL) GPU/0-5b000 (2/721.8/NVL) GPU/0-89000 (2/721.8/NVL) GPU/0-a8000 (2/721.8/NVL) GPU/0-c0000 (2/721.8/NVL) GPU/0-d8000 (2/721.8/NVL) NVS/0-0 (1/721.8/NVL) CPU/0-0 (2/48.0/PHB) CPU/0-1 (3/40.0/SYS) NET/0-0 (4/1.2/PHB) NET/0-0 (0/0.0/DIS) 
[36m(WorkerDict pid=2663853)[0m trial-302172199-trialrun-302172199-worker-0:2663853:2663853 [0] NCCL INFO GPU/0-2d000 :GPU/0-f000 (2/721.8/NVL) GPU/0-2d000 (0/5000.0/LOC) GPU/0-44000 (2/721.8/NVL) GPU/0-5b000 (2/721.8/NVL) GPU/0-89000 (2/721.8/NVL) GPU/0-a8000 (2/721.8/NVL) GPU/0-c0000 (2/721.8/NVL) GPU/0-d8000 (2/721.8/NVL) NVS/0-0 (1/721.8/NVL) CPU/0-0 (2/48.0/PHB) CPU/0-1 (3/40.0/SYS) NET/0-0 (4/1.2/PHB) NET/0-0 (0/0.0/DIS) 
[36m(WorkerDict pid=2663853)[0m trial-302172199-trialrun-302172199-worker-0:2663853:2663853 [0] NCCL INFO GPU/0-44000 :GPU/0-f000 (2/721.8/NVL) GPU/0-2d000 (2/721.8/NVL) GPU/0-44000 (0/5000.0/LOC) GPU/0-5b000 (2/721.8/NVL) GPU/0-89000 (2/721.8/NVL) GPU/0-a8000 (2/721.8/NVL) GPU/0-c0000 (2/721.8/NVL) GPU/0-d8000 (2/721.8/NVL) NVS/0-0 (1/721.8/NVL) CPU/0-0 (2/48.0/PHB) CPU/0-1 (3/40.0/SYS) NET/0-0 (4/1.2/PHB) NET/0-0 (0/0.0/DIS) 
[36m(WorkerDict pid=2663853)[0m trial-302172199-trialrun-302172199-worker-0:2663853:2663853 [0] NCCL INFO GPU/0-5b000 :GPU/0-f000 (2/721.8/NVL) GPU/0-2d000 (2/721.8/NVL) GPU/0-44000 (2/721.8/NVL) GPU/0-5b000 (0/5000.0/LOC) GPU/0-89000 (2/721.8/NVL) GPU/0-a8000 (2/721.8/NVL) GPU/0-c0000 (2/721.8/NVL) GPU/0-d8000 (2/721.8/NVL) NVS/0-0 (1/721.8/NVL) CPU/0-0 (2/48.0/PHB) CPU/0-1 (3/40.0/SYS) NET/0-0 (4/1.2/PHB) NET/0-0 (0/0.0/DIS) 
[36m(WorkerDict pid=2663853)[0m trial-302172199-trialrun-302172199-worker-0:2663853:2663853 [0] NCCL INFO GPU/0-89000 :GPU/0-f000 (2/721.8/NVL) GPU/0-2d000 (2/721.8/NVL) GPU/0-44000 (2/721.8/NVL) GPU/0-5b000 (2/721.8/NVL) GPU/0-89000 (0/5000.0/LOC) GPU/0-a8000 (2/721.8/NVL) GPU/0-c0000 (2/721.8/NVL) GPU/0-d8000 (2/721.8/NVL) NVS/0-0 (1/721.8/NVL) CPU/0-0 (3/40.0/SYS) CPU/0-1 (2/48.0/PHB) NET/0-0 (5/1.2/SYS) NET/0-0 (0/0.0/DIS) 
[36m(WorkerDict pid=2663853)[0m trial-302172199-trialrun-302172199-worker-0:2663853:2663853 [0] NCCL INFO GPU/0-a8000 :GPU/0-f000 (2/721.8/NVL) GPU/0-2d000 (2/721.8/NVL) GPU/0-44000 (2/721.8/NVL) GPU/0-5b000 (2/721.8/NVL) GPU/0-89000 (2/721.8/NVL) GPU/0-a8000 (0/5000.0/LOC) GPU/0-c0000 (2/721.8/NVL) GPU/0-d8000 (2/721.8/NVL) NVS/0-0 (1/721.8/NVL) CPU/0-0 (3/40.0/SYS) CPU/0-1 (2/48.0/PHB) NET/0-0 (5/1.2/SYS) NET/0-0 (0/0.0/DIS) 
[36m(WorkerDict pid=2663853)[0m trial-302172199-trialrun-302172199-worker-0:2663853:2663853 [0] NCCL INFO GPU/0-c0000 :GPU/0-f000 (2/721.8/NVL) GPU/0-2d000 (2/721.8/NVL) GPU/0-44000 (2/721.8/NVL) GPU/0-5b000 (2/721.8/NVL) GPU/0-89000 (2/721.8/NVL) GPU/0-a8000 (2/721.8/NVL) GPU/0-c0000 (0/5000.0/LOC) GPU/0-d8000 (2/721.8/NVL) NVS/0-0 (1/721.8/NVL) CPU/0-0 (3/40.0/SYS) CPU/0-1 (2/48.0/PHB) NET/0-0 (5/1.2/SYS) NET/0-0 (0/0.0/DIS) 
[36m(WorkerDict pid=2663853)[0m trial-302172199-trialrun-302172199-worker-0:2663853:2663853 [0] NCCL INFO GPU/0-d8000 :GPU/0-f000 (2/721.8/NVL) GPU/0-2d000 (2/721.8/NVL) GPU/0-44000 (2/721.8/NVL) GPU/0-5b000 (2/721.8/NVL) GPU/0-89000 (2/721.8/NVL) GPU/0-a8000 (2/721.8/NVL) GPU/0-c0000 (2/721.8/NVL) GPU/0-d8000 (0/5000.0/LOC) NVS/0-0 (1/721.8/NVL) CPU/0-0 (3/40.0/SYS) CPU/0-1 (2/48.0/PHB) NET/0-0 (5/1.2/SYS) NET/0-0 (0/0.0/DIS) 
[36m(WorkerDict pid=2663853)[0m trial-302172199-trialrun-302172199-worker-0:2663853:2663853 [0] NCCL INFO NET/0-0 :GPU/0-f000 (4/1.2/PHB) GPU/0-2d000 (4/1.2/PHB) GPU/0-44000 (4/1.2/PHB) GPU/0-5b000 (4/1.2/PHB) GPU/0-89000 (5/1.2/SYS) GPU/0-a8000 (5/1.2/SYS) GPU/0-c0000 (5/1.2/SYS) GPU/0-d8000 (5/1.2/SYS) CPU/0-0 (2/1.2/PHB) CPU/0-1 (3/1.2/SYS) NET/0-0 (0/5000.0/LOC) NET/0-0 (0/0.0/DIS) 
[36m(WorkerDict pid=2663853)[0m trial-302172199-trialrun-302172199-worker-0:2663853:2663853 [0] NCCL INFO NET/0-0 :GPU/0-f000 (4/1.2/PHB) GPU/0-2d000 (4/1.2/PHB) GPU/0-44000 (4/1.2/PHB) GPU/0-5b000 (4/1.2/PHB) GPU/0-89000 (5/1.2/SYS) GPU/0-a8000 (5/1.2/SYS) GPU/0-c0000 (5/1.2/SYS) GPU/0-d8000 (5/1.2/SYS) CPU/0-0 (2/1.2/PHB) CPU/0-1 (3/1.2/SYS) NET/0-0 (0/5000.0/LOC) NET/0-0 (0/0.0/DIS) 
[36m(WorkerDict pid=2663853)[0m trial-302172199-trialrun-302172199-worker-0:2663853:2663853 [0] NCCL INFO ncclTopoGetCpuAffinity: Affinity for GPU 0 is 0-62,128-190. (GPU affinity = 0-63,128-191 ; CPU affinity = 0-62,64-126,128-190,192-254).
[36m(WorkerDict pid=2663853)[0m trial-302172199-trialrun-302172199-worker-0:2663853:2663853 [0] NCCL INFO NCCL_NVLS_ENABLE set by environment to 1.
[36m(WorkerDict pid=2663853)[0m trial-302172199-trialrun-302172199-worker-0:2663853:2663853 [0] NCCL INFO NVLS multicast support is available on dev 0 (NVLS_NCHANNELS 24)
[36m(WorkerDict pid=2663853)[0m trial-302172199-trialrun-302172199-worker-0:2663853:2663853 [0] NCCL INFO Pattern 4, crossNic 0, nChannels 16, bw 45.000000/45.000000, type NVL/PIX, sameChannels 1
[36m(WorkerDict pid=2663853)[0m trial-302172199-trialrun-302172199-worker-0:2663853:2663853 [0] NCCL INFO  0 : GPU/0-f000 GPU/0-2d000 GPU/0-44000 GPU/0-5b000 GPU/0-89000 GPU/0-a8000 GPU/0-c0000 GPU/0-d8000
[36m(WorkerDict pid=2663853)[0m trial-302172199-trialrun-302172199-worker-0:2663853:2663853 [0] NCCL INFO  1 : GPU/0-f000 GPU/0-2d000 GPU/0-44000 GPU/0-5b000 GPU/0-89000 GPU/0-a8000 GPU/0-c0000 GPU/0-d8000
[36m(WorkerDict pid=2663853)[0m trial-302172199-trialrun-302172199-worker-0:2663853:2663853 [0] NCCL INFO  2 : GPU/0-f000 GPU/0-2d000 GPU/0-44000 GPU/0-5b000 GPU/0-89000 GPU/0-a8000 GPU/0-c0000 GPU/0-d8000
[36m(WorkerDict pid=2663853)[0m trial-302172199-trialrun-302172199-worker-0:2663853:2663853 [0] NCCL INFO  3 : GPU/0-f000 GPU/0-2d000 GPU/0-44000 GPU/0-5b000 GPU/0-89000 GPU/0-a8000 GPU/0-c0000 GPU/0-d8000
[36m(WorkerDict pid=2663853)[0m trial-302172199-trialrun-302172199-worker-0:2663853:2663853 [0] NCCL INFO  4 : GPU/0-f000 GPU/0-2d000 GPU/0-44000 GPU/0-5b000 GPU/0-89000 GPU/0-a8000 GPU/0-c0000 GPU/0-d8000
[36m(WorkerDict pid=2663853)[0m trial-302172199-trialrun-302172199-worker-0:2663853:2663853 [0] NCCL INFO  5 : GPU/0-f000 GPU/0-2d000 GPU/0-44000 GPU/0-5b000 GPU/0-89000 GPU/0-a8000 GPU/0-c0000 GPU/0-d8000
[36m(WorkerDict pid=2663853)[0m trial-302172199-trialrun-302172199-worker-0:2663853:2663853 [0] NCCL INFO  6 : GPU/0-f000 GPU/0-2d000 GPU/0-44000 GPU/0-5b000 GPU/0-89000 GPU/0-a8000 GPU/0-c0000 GPU/0-d8000
[36m(WorkerDict pid=2663853)[0m trial-302172199-trialrun-302172199-worker-0:2663853:2663853 [0] NCCL INFO  7 : GPU/0-f000 GPU/0-2d000 GPU/0-44000 GPU/0-5b000 GPU/0-89000 GPU/0-a8000 GPU/0-c0000 GPU/0-d8000
[36m(WorkerDict pid=2663853)[0m trial-302172199-trialrun-302172199-worker-0:2663853:2663853 [0] NCCL INFO  8 : GPU/0-f000 GPU/0-2d000 GPU/0-44000 GPU/0-5b000 GPU/0-89000 GPU/0-a8000 GPU/0-c0000 GPU/0-d8000
[36m(WorkerDict pid=2663853)[0m trial-302172199-trialrun-302172199-worker-0:2663853:2663853 [0] NCCL INFO  9 : GPU/0-f000 GPU/0-2d000 GPU/0-44000 GPU/0-5b000 GPU/0-89000 GPU/0-a8000 GPU/0-c0000 GPU/0-d8000
[36m(WorkerDict pid=2663853)[0m trial-302172199-trialrun-302172199-worker-0:2663853:2663853 [0] NCCL INFO 10 : GPU/0-f000 GPU/0-2d000 GPU/0-44000 GPU/0-5b000 GPU/0-89000 GPU/0-a8000 GPU/0-c0000 GPU/0-d8000
[36m(WorkerDict pid=2663853)[0m trial-302172199-trialrun-302172199-worker-0:2663853:2663853 [0] NCCL INFO 11 : GPU/0-f000 GPU/0-2d000 GPU/0-44000 GPU/0-5b000 GPU/0-89000 GPU/0-a8000 GPU/0-c0000 GPU/0-d8000
[36m(WorkerDict pid=2663853)[0m trial-302172199-trialrun-302172199-worker-0:2663853:2663853 [0] NCCL INFO 12 : GPU/0-f000 GPU/0-2d000 GPU/0-44000 GPU/0-5b000 GPU/0-89000 GPU/0-a8000 GPU/0-c0000 GPU/0-d8000
[36m(WorkerDict pid=2663853)[0m trial-302172199-trialrun-302172199-worker-0:2663853:2663853 [0] NCCL INFO 13 : GPU/0-f000 GPU/0-2d000 GPU/0-44000 GPU/0-5b000 GPU/0-89000 GPU/0-a8000 GPU/0-c0000 GPU/0-d8000
[36m(WorkerDict pid=2663853)[0m trial-302172199-trialrun-302172199-worker-0:2663853:2663853 [0] NCCL INFO 14 : GPU/0-f000 GPU/0-2d000 GPU/0-44000 GPU/0-5b000 GPU/0-89000 GPU/0-a8000 GPU/0-c0000 GPU/0-d8000
[36m(WorkerDict pid=2663853)[0m trial-302172199-trialrun-302172199-worker-0:2663853:2663853 [0] NCCL INFO 15 : GPU/0-f000 GPU/0-2d000 GPU/0-44000 GPU/0-5b000 GPU/0-89000 GPU/0-a8000 GPU/0-c0000 GPU/0-d8000
[36m(WorkerDict pid=2663853)[0m trial-302172199-trialrun-302172199-worker-0:2663853:2663853 [0] NCCL INFO Pattern 1, crossNic 0, nChannels 16, bw 40.000000/40.000000, type NVL/PIX, sameChannels 1
[36m(WorkerDict pid=2663853)[0m trial-302172199-trialrun-302172199-worker-0:2663853:2663853 [0] NCCL INFO  0 : GPU/0-f000 GPU/0-2d000 GPU/0-44000 GPU/0-5b000 GPU/0-89000 GPU/0-a8000 GPU/0-c0000 GPU/0-d8000
[36m(WorkerDict pid=2663853)[0m trial-302172199-trialrun-302172199-worker-0:2663853:2663853 [0] NCCL INFO  1 : GPU/0-f000 GPU/0-2d000 GPU/0-44000 GPU/0-5b000 GPU/0-89000 GPU/0-a8000 GPU/0-c0000 GPU/0-d8000
[36m(WorkerDict pid=2663853)[0m trial-302172199-trialrun-302172199-worker-0:2663853:2663853 [0] NCCL INFO  2 : GPU/0-f000 GPU/0-2d000 GPU/0-44000 GPU/0-5b000 GPU/0-89000 GPU/0-a8000 GPU/0-c0000 GPU/0-d8000
[36m(WorkerDict pid=2663853)[0m trial-302172199-trialrun-302172199-worker-0:2663853:2663853 [0] NCCL INFO  3 : GPU/0-f000 GPU/0-2d000 GPU/0-44000 GPU/0-5b000 GPU/0-89000 GPU/0-a8000 GPU/0-c0000 GPU/0-d8000
[36m(WorkerDict pid=2663853)[0m trial-302172199-trialrun-302172199-worker-0:2663853:2663853 [0] NCCL INFO  4 : GPU/0-f000 GPU/0-2d000 GPU/0-44000 GPU/0-5b000 GPU/0-89000 GPU/0-a8000 GPU/0-c0000 GPU/0-d8000
[36m(WorkerDict pid=2663853)[0m trial-302172199-trialrun-302172199-worker-0:2663853:2663853 [0] NCCL INFO  5 : GPU/0-f000 GPU/0-2d000 GPU/0-44000 GPU/0-5b000 GPU/0-89000 GPU/0-a8000 GPU/0-c0000 GPU/0-d8000
[36m(WorkerDict pid=2663853)[0m trial-302172199-trialrun-302172199-worker-0:2663853:2663853 [0] NCCL INFO  6 : GPU/0-f000 GPU/0-2d000 GPU/0-44000 GPU/0-5b000 GPU/0-89000 GPU/0-a8000 GPU/0-c0000 GPU/0-d8000
[36m(WorkerDict pid=2663853)[0m trial-302172199-trialrun-302172199-worker-0:2663853:2663853 [0] NCCL INFO  7 : GPU/0-f000 GPU/0-2d000 GPU/0-44000 GPU/0-5b000 GPU/0-89000 GPU/0-a8000 GPU/0-c0000 GPU/0-d8000
[36m(WorkerDict pid=2663853)[0m trial-302172199-trialrun-302172199-worker-0:2663853:2663853 [0] NCCL INFO  8 : GPU/0-f000 GPU/0-2d000 GPU/0-44000 GPU/0-5b000 GPU/0-89000 GPU/0-a8000 GPU/0-c0000 GPU/0-d8000
[36m(WorkerDict pid=2663853)[0m trial-302172199-trialrun-302172199-worker-0:2663853:2663853 [0] NCCL INFO  9 : GPU/0-f000 GPU/0-2d000 GPU/0-44000 GPU/0-5b000 GPU/0-89000 GPU/0-a8000 GPU/0-c0000 GPU/0-d8000
[36m(WorkerDict pid=2663853)[0m trial-302172199-trialrun-302172199-worker-0:2663853:2663853 [0] NCCL INFO 10 : GPU/0-f000 GPU/0-2d000 GPU/0-44000 GPU/0-5b000 GPU/0-89000 GPU/0-a8000 GPU/0-c0000 GPU/0-d8000
[36m(WorkerDict pid=2663853)[0m trial-302172199-trialrun-302172199-worker-0:2663853:2663853 [0] NCCL INFO 11 : GPU/0-f000 GPU/0-2d000 GPU/0-44000 GPU/0-5b000 GPU/0-89000 GPU/0-a8000 GPU/0-c0000 GPU/0-d8000
[36m(WorkerDict pid=2663853)[0m trial-302172199-trialrun-302172199-worker-0:2663853:2663853 [0] NCCL INFO 12 : GPU/0-f000 GPU/0-2d000 GPU/0-44000 GPU/0-5b000 GPU/0-89000 GPU/0-a8000 GPU/0-c0000 GPU/0-d8000
[36m(WorkerDict pid=2663853)[0m trial-302172199-trialrun-302172199-worker-0:2663853:2663853 [0] NCCL INFO 13 : GPU/0-f000 GPU/0-2d000 GPU/0-44000 GPU/0-5b000 GPU/0-89000 GPU/0-a8000 GPU/0-c0000 GPU/0-d8000
[36m(WorkerDict pid=2663853)[0m trial-302172199-trialrun-302172199-worker-0:2663853:2663853 [0] NCCL INFO 14 : GPU/0-f000 GPU/0-2d000 GPU/0-44000 GPU/0-5b000 GPU/0-89000 GPU/0-a8000 GPU/0-c0000 GPU/0-d8000
[36m(WorkerDict pid=2663853)[0m trial-302172199-trialrun-302172199-worker-0:2663853:2663853 [0] NCCL INFO 15 : GPU/0-f000 GPU/0-2d000 GPU/0-44000 GPU/0-5b000 GPU/0-89000 GPU/0-a8000 GPU/0-c0000 GPU/0-d8000
[36m(WorkerDict pid=2663853)[0m trial-302172199-trialrun-302172199-worker-0:2663853:2663853 [0] NCCL INFO Pattern 5, crossNic 0, nChannels 8, bw 80.000000/90.000000, type NVL/PIX, sameChannels 0
[36m(WorkerDict pid=2663853)[0m trial-302172199-trialrun-302172199-worker-0:2663853:2663853 [0] NCCL INFO  0 : GPU/0-f000
[36m(WorkerDict pid=2663853)[0m trial-302172199-trialrun-302172199-worker-0:2663853:2663853 [0] NCCL INFO  1 : GPU/0-2d000
[36m(WorkerDict pid=2663853)[0m trial-302172199-trialrun-302172199-worker-0:2663853:2663853 [0] NCCL INFO  2 : GPU/0-44000
[36m(WorkerDict pid=2663853)[0m trial-302172199-trialrun-302172199-worker-0:2663853:2663853 [0] NCCL INFO  3 : GPU/0-5b000
[36m(WorkerDict pid=2663853)[0m trial-302172199-trialrun-302172199-worker-0:2663853:2663853 [0] NCCL INFO  4 : GPU/0-89000
[36m(WorkerDict pid=2663853)[0m trial-302172199-trialrun-302172199-worker-0:2663853:2663853 [0] NCCL INFO  5 : GPU/0-a8000
[36m(WorkerDict pid=2663853)[0m trial-302172199-trialrun-302172199-worker-0:2663853:2663853 [0] NCCL INFO  6 : GPU/0-c0000
[36m(WorkerDict pid=2663853)[0m trial-302172199-trialrun-302172199-worker-0:2663853:2663853 [0] NCCL INFO  7 : GPU/0-d8000
[36m(WorkerDict pid=2663853)[0m trial-302172199-trialrun-302172199-worker-0:2663853:2663853 [0] NCCL INFO comm 0xfd615d0 rank 0 nRanks 8 nNodes 1 localRanks 8 localRank 0 MNNVL 0
[36m(WorkerDict pid=2663853)[0m trial-302172199-trialrun-302172199-worker-0:2663853:2663853 [0] NCCL INFO Tree 0 : -1 -> 0 -> 1/-1/-1
[36m(WorkerDict pid=2663853)[0m trial-302172199-trialrun-302172199-worker-0:2663853:2663853 [0] NCCL INFO Tree 16 : -1 -> 0 -> 1/-1/-1
[36m(WorkerDict pid=2663853)[0m trial-302172199-trialrun-302172199-worker-0:2663853:2663853 [0] NCCL INFO Tree 1 : -1 -> 0 -> 1/-1/-1
[36m(WorkerDict pid=2663853)[0m trial-302172199-trialrun-302172199-worker-0:2663853:2663853 [0] NCCL INFO Tree 17 : -1 -> 0 -> 1/-1/-1
[36m(WorkerDict pid=2663853)[0m trial-302172199-trialrun-302172199-worker-0:2663853:2663853 [0] NCCL INFO Tree 2 : -1 -> 0 -> 1/-1/-1
[36m(WorkerDict pid=2663853)[0m trial-302172199-trialrun-302172199-worker-0:2663853:2663853 [0] NCCL INFO Tree 18 : -1 -> 0 -> 1/-1/-1
[36m(WorkerDict pid=2663853)[0m trial-302172199-trialrun-302172199-worker-0:2663853:2663853 [0] NCCL INFO Tree 3 : -1 -> 0 -> 1/-1/-1
[36m(WorkerDict pid=2663853)[0m trial-302172199-trialrun-302172199-worker-0:2663853:2663853 [0] NCCL INFO Tree 19 : -1 -> 0 -> 1/-1/-1
[36m(WorkerDict pid=2663853)[0m trial-302172199-trialrun-302172199-worker-0:2663853:2663853 [0] NCCL INFO Tree 4 : -1 -> 0 -> 1/-1/-1
[36m(WorkerDict pid=2663853)[0m trial-302172199-trialrun-302172199-worker-0:2663853:2663853 [0] NCCL INFO Tree 20 : -1 -> 0 -> 1/-1/-1
[36m(WorkerDict pid=2663853)[0m trial-302172199-trialrun-302172199-worker-0:2663853:2663853 [0] NCCL INFO Tree 5 : -1 -> 0 -> 1/-1/-1
[36m(WorkerDict pid=2663853)[0m trial-302172199-trialrun-302172199-worker-0:2663853:2663853 [0] NCCL INFO Tree 21 : -1 -> 0 -> 1/-1/-1
[36m(WorkerDict pid=2663853)[0m trial-302172199-trialrun-302172199-worker-0:2663853:2663853 [0] NCCL INFO Tree 6 : -1 -> 0 -> 1/-1/-1
[36m(WorkerDict pid=2663853)[0m trial-302172199-trialrun-302172199-worker-0:2663853:2663853 [0] NCCL INFO Tree 22 : -1 -> 0 -> 1/-1/-1
[36m(WorkerDict pid=2663853)[0m trial-302172199-trialrun-302172199-worker-0:2663853:2663853 [0] NCCL INFO Tree 7 : -1 -> 0 -> 1/-1/-1
[36m(WorkerDict pid=2663853)[0m trial-302172199-trialrun-302172199-worker-0:2663853:2663853 [0] NCCL INFO Tree 23 : -1 -> 0 -> 1/-1/-1
[36m(WorkerDict pid=2663853)[0m trial-302172199-trialrun-302172199-worker-0:2663853:2663853 [0] NCCL INFO Tree 8 : -1 -> 0 -> 1/-1/-1
[36m(WorkerDict pid=2663853)[0m trial-302172199-trialrun-302172199-worker-0:2663853:2663853 [0] NCCL INFO Tree 24 : -1 -> 0 -> 1/-1/-1
[36m(WorkerDict pid=2663853)[0m trial-302172199-trialrun-302172199-worker-0:2663853:2663853 [0] NCCL INFO Tree 9 : -1 -> 0 -> 1/-1/-1
[36m(WorkerDict pid=2663853)[0m trial-302172199-trialrun-302172199-worker-0:2663853:2663853 [0] NCCL INFO Tree 25 : -1 -> 0 -> 1/-1/-1
[36m(WorkerDict pid=2663853)[0m trial-302172199-trialrun-302172199-worker-0:2663853:2663853 [0] NCCL INFO Tree 10 : -1 -> 0 -> 1/-1/-1
[36m(WorkerDict pid=2663853)[0m trial-302172199-trialrun-302172199-worker-0:2663853:2663853 [0] NCCL INFO Tree 26 : -1 -> 0 -> 1/-1/-1
[36m(WorkerDict pid=2663853)[0m trial-302172199-trialrun-302172199-worker-0:2663853:2663853 [0] NCCL INFO Tree 11 : -1 -> 0 -> 1/-1/-1
[36m(WorkerDict pid=2663853)[0m trial-302172199-trialrun-302172199-worker-0:2663853:2663853 [0] NCCL INFO Tree 27 : -1 -> 0 -> 1/-1/-1
[36m(WorkerDict pid=2663853)[0m trial-302172199-trialrun-302172199-worker-0:2663853:2663853 [0] NCCL INFO Tree 12 : -1 -> 0 -> 1/-1/-1
[36m(WorkerDict pid=2663853)[0m trial-302172199-trialrun-302172199-worker-0:2663853:2663853 [0] NCCL INFO Tree 28 : -1 -> 0 -> 1/-1/-1
[36m(WorkerDict pid=2663853)[0m trial-302172199-trialrun-302172199-worker-0:2663853:2663853 [0] NCCL INFO Tree 13 : -1 -> 0 -> 1/-1/-1
[36m(WorkerDict pid=2663853)[0m trial-302172199-trialrun-302172199-worker-0:2663853:2663853 [0] NCCL INFO Tree 29 : -1 -> 0 -> 1/-1/-1
[36m(WorkerDict pid=2663853)[0m trial-302172199-trialrun-302172199-worker-0:2663853:2663853 [0] NCCL INFO Tree 14 : -1 -> 0 -> 1/-1/-1
[36m(WorkerDict pid=2663853)[0m trial-302172199-trialrun-302172199-worker-0:2663853:2663853 [0] NCCL INFO Tree 30 : -1 -> 0 -> 1/-1/-1
[36m(WorkerDict pid=2663853)[0m trial-302172199-trialrun-302172199-worker-0:2663853:2663853 [0] NCCL INFO Tree 15 : -1 -> 0 -> 1/-1/-1
[36m(WorkerDict pid=2663853)[0m trial-302172199-trialrun-302172199-worker-0:2663853:2663853 [0] NCCL INFO Tree 31 : -1 -> 0 -> 1/-1/-1
[36m(WorkerDict pid=2663853)[0m trial-302172199-trialrun-302172199-worker-0:2663853:2663853 [0] NCCL INFO Channel 00/32 : 0 1 2 3 4 5 6 7
[36m(WorkerDict pid=2663853)[0m trial-302172199-trialrun-302172199-worker-0:2663853:2663853 [0] NCCL INFO Channel 01/32 : 0 1 2 3 4 5 6 7
[36m(WorkerDict pid=2663853)[0m trial-302172199-trialrun-302172199-worker-0:2663853:2663853 [0] NCCL INFO Channel 02/32 : 0 1 2 3 4 5 6 7
[36m(WorkerDict pid=2663853)[0m trial-302172199-trialrun-302172199-worker-0:2663853:2663853 [0] NCCL INFO Channel 03/32 : 0 1 2 3 4 5 6 7
[36m(WorkerDict pid=2663853)[0m trial-302172199-trialrun-302172199-worker-0:2663853:2663853 [0] NCCL INFO Channel 04/32 : 0 1 2 3 4 5 6 7
[36m(WorkerDict pid=2663853)[0m trial-302172199-trialrun-302172199-worker-0:2663853:2663853 [0] NCCL INFO Channel 05/32 : 0 1 2 3 4 5 6 7
[36m(WorkerDict pid=2663853)[0m trial-302172199-trialrun-302172199-worker-0:2663853:2663853 [0] NCCL INFO Channel 06/32 : 0 1 2 3 4 5 6 7
[36m(WorkerDict pid=2663853)[0m trial-302172199-trialrun-302172199-worker-0:2663853:2663853 [0] NCCL INFO Channel 07/32 : 0 1 2 3 4 5 6 7
[36m(WorkerDict pid=2663853)[0m trial-302172199-trialrun-302172199-worker-0:2663853:2663853 [0] NCCL INFO Channel 08/32 : 0 1 2 3 4 5 6 7
[36m(WorkerDict pid=2663853)[0m trial-302172199-trialrun-302172199-worker-0:2663853:2663853 [0] NCCL INFO Channel 09/32 : 0 1 2 3 4 5 6 7
[36m(WorkerDict pid=2663853)[0m trial-302172199-trialrun-302172199-worker-0:2663853:2663853 [0] NCCL INFO Channel 10/32 : 0 1 2 3 4 5 6 7
[36m(WorkerDict pid=2663853)[0m trial-302172199-trialrun-302172199-worker-0:2663853:2663853 [0] NCCL INFO Channel 11/32 : 0 1 2 3 4 5 6 7
[36m(WorkerDict pid=2663853)[0m trial-302172199-trialrun-302172199-worker-0:2663853:2663853 [0] NCCL INFO Channel 12/32 : 0 1 2 3 4 5 6 7
[36m(WorkerDict pid=2663853)[0m trial-302172199-trialrun-302172199-worker-0:2663853:2663853 [0] NCCL INFO Channel 13/32 : 0 1 2 3 4 5 6 7
[36m(WorkerDict pid=2663853)[0m trial-302172199-trialrun-302172199-worker-0:2663853:2663853 [0] NCCL INFO Channel 14/32 : 0 1 2 3 4 5 6 7
[36m(WorkerDict pid=2663853)[0m trial-302172199-trialrun-302172199-worker-0:2663853:2663853 [0] NCCL INFO Channel 15/32 : 0 1 2 3 4 5 6 7
[36m(WorkerDict pid=2663853)[0m trial-302172199-trialrun-302172199-worker-0:2663853:2663853 [0] NCCL INFO Channel 16/32 : 0 1 2 3 4 5 6 7
[36m(WorkerDict pid=2663853)[0m trial-302172199-trialrun-302172199-worker-0:2663853:2663853 [0] NCCL INFO Channel 17/32 : 0 1 2 3 4 5 6 7
[36m(WorkerDict pid=2663853)[0m trial-302172199-trialrun-302172199-worker-0:2663853:2663853 [0] NCCL INFO Channel 18/32 : 0 1 2 3 4 5 6 7
[36m(WorkerDict pid=2663853)[0m trial-302172199-trialrun-302172199-worker-0:2663853:2663853 [0] NCCL INFO Channel 19/32 : 0 1 2 3 4 5 6 7
[36m(WorkerDict pid=2663853)[0m trial-302172199-trialrun-302172199-worker-0:2663853:2663853 [0] NCCL INFO Channel 20/32 : 0 1 2 3 4 5 6 7
[36m(WorkerDict pid=2663853)[0m trial-302172199-trialrun-302172199-worker-0:2663853:2663853 [0] NCCL INFO Channel 21/32 : 0 1 2 3 4 5 6 7
[36m(WorkerDict pid=2663853)[0m trial-302172199-trialrun-302172199-worker-0:2663853:2663853 [0] NCCL INFO Channel 22/32 : 0 1 2 3 4 5 6 7
[36m(WorkerDict pid=2663853)[0m trial-302172199-trialrun-302172199-worker-0:2663853:2663853 [0] NCCL INFO Channel 23/32 : 0 1 2 3 4 5 6 7
[36m(WorkerDict pid=2663853)[0m trial-302172199-trialrun-302172199-worker-0:2663853:2663853 [0] NCCL INFO Channel 24/32 : 0 1 2 3 4 5 6 7
[36m(WorkerDict pid=2663853)[0m trial-302172199-trialrun-302172199-worker-0:2663853:2663853 [0] NCCL INFO Channel 25/32 : 0 1 2 3 4 5 6 7
[36m(WorkerDict pid=2663853)[0m trial-302172199-trialrun-302172199-worker-0:2663853:2663853 [0] NCCL INFO Channel 26/32 : 0 1 2 3 4 5 6 7
[36m(WorkerDict pid=2663853)[0m trial-302172199-trialrun-302172199-worker-0:2663853:2663853 [0] NCCL INFO Channel 27/32 : 0 1 2 3 4 5 6 7
[36m(WorkerDict pid=2663853)[0m trial-302172199-trialrun-302172199-worker-0:2663853:2663853 [0] NCCL INFO Channel 28/32 : 0 1 2 3 4 5 6 7
[36m(WorkerDict pid=2663853)[0m trial-302172199-trialrun-302172199-worker-0:2663853:2663853 [0] NCCL INFO Channel 29/32 : 0 1 2 3 4 5 6 7
[36m(WorkerDict pid=2663853)[0m trial-302172199-trialrun-302172199-worker-0:2663853:2663853 [0] NCCL INFO Channel 30/32 : 0 1 2 3 4 5 6 7
[36m(WorkerDict pid=2663853)[0m trial-302172199-trialrun-302172199-worker-0:2663853:2663853 [0] NCCL INFO Channel 31/32 : 0 1 2 3 4 5 6 7
[36m(WorkerDict pid=2663853)[0m trial-302172199-trialrun-302172199-worker-0:2663853:2663853 [0] NCCL INFO Ring 00 : 7 -> 0 -> 1
[36m(WorkerDict pid=2663853)[0m trial-302172199-trialrun-302172199-worker-0:2663853:2663853 [0] NCCL INFO Ring 01 : 7 -> 0 -> 1
[36m(WorkerDict pid=2663853)[0m trial-302172199-trialrun-302172199-worker-0:2663853:2663853 [0] NCCL INFO Ring 02 : 7 -> 0 -> 1
[36m(WorkerDict pid=2663853)[0m trial-302172199-trialrun-302172199-worker-0:2663853:2663853 [0] NCCL INFO Ring 03 : 7 -> 0 -> 1
[36m(WorkerDict pid=2663853)[0m trial-302172199-trialrun-302172199-worker-0:2663853:2663853 [0] NCCL INFO Ring 04 : 7 -> 0 -> 1
[36m(WorkerDict pid=2663853)[0m trial-302172199-trialrun-302172199-worker-0:2663853:2663853 [0] NCCL INFO Ring 05 : 7 -> 0 -> 1
[36m(WorkerDict pid=2663853)[0m trial-302172199-trialrun-302172199-worker-0:2663853:2663853 [0] NCCL INFO Ring 06 : 7 -> 0 -> 1
[36m(WorkerDict pid=2663853)[0m trial-302172199-trialrun-302172199-worker-0:2663853:2663853 [0] NCCL INFO Ring 07 : 7 -> 0 -> 1
[36m(WorkerDict pid=2663853)[0m trial-302172199-trialrun-302172199-worker-0:2663853:2663853 [0] NCCL INFO Ring 08 : 7 -> 0 -> 1
[36m(WorkerDict pid=2663853)[0m trial-302172199-trialrun-302172199-worker-0:2663853:2663853 [0] NCCL INFO Ring 09 : 7 -> 0 -> 1
[36m(WorkerDict pid=2663853)[0m trial-302172199-trialrun-302172199-worker-0:2663853:2663853 [0] NCCL INFO Ring 10 : 7 -> 0 -> 1
[36m(WorkerDict pid=2663853)[0m trial-302172199-trialrun-302172199-worker-0:2663853:2663853 [0] NCCL INFO Ring 11 : 7 -> 0 -> 1
[36m(WorkerDict pid=2663853)[0m trial-302172199-trialrun-302172199-worker-0:2663853:2663853 [0] NCCL INFO Ring 12 : 7 -> 0 -> 1
[36m(WorkerDict pid=2663853)[0m trial-302172199-trialrun-302172199-worker-0:2663853:2663853 [0] NCCL INFO Ring 13 : 7 -> 0 -> 1
[36m(WorkerDict pid=2663853)[0m trial-302172199-trialrun-302172199-worker-0:2663853:2663853 [0] NCCL INFO Ring 14 : 7 -> 0 -> 1
[36m(WorkerDict pid=2663853)[0m trial-302172199-trialrun-302172199-worker-0:2663853:2663853 [0] NCCL INFO Ring 15 : 7 -> 0 -> 1
[36m(WorkerDict pid=2663853)[0m trial-302172199-trialrun-302172199-worker-0:2663853:2663853 [0] NCCL INFO Ring 16 : 7 -> 0 -> 1
[36m(WorkerDict pid=2663853)[0m trial-302172199-trialrun-302172199-worker-0:2663853:2663853 [0] NCCL INFO Ring 17 : 7 -> 0 -> 1
[36m(WorkerDict pid=2663853)[0m trial-302172199-trialrun-302172199-worker-0:2663853:2663853 [0] NCCL INFO Ring 18 : 7 -> 0 -> 1
[36m(WorkerDict pid=2663853)[0m trial-302172199-trialrun-302172199-worker-0:2663853:2663853 [0] NCCL INFO Ring 19 : 7 -> 0 -> 1
[36m(WorkerDict pid=2663853)[0m trial-302172199-trialrun-302172199-worker-0:2663853:2663853 [0] NCCL INFO Ring 20 : 7 -> 0 -> 1
[36m(WorkerDict pid=2663853)[0m trial-302172199-trialrun-302172199-worker-0:2663853:2663853 [0] NCCL INFO Ring 21 : 7 -> 0 -> 1
[36m(WorkerDict pid=2663853)[0m trial-302172199-trialrun-302172199-worker-0:2663853:2663853 [0] NCCL INFO Ring 22 : 7 -> 0 -> 1
[36m(WorkerDict pid=2663853)[0m trial-302172199-trialrun-302172199-worker-0:2663853:2663853 [0] NCCL INFO Ring 23 : 7 -> 0 -> 1
[36m(WorkerDict pid=2663853)[0m trial-302172199-trialrun-302172199-worker-0:2663853:2663853 [0] NCCL INFO Ring 24 : 7 -> 0 -> 1
[36m(WorkerDict pid=2663853)[0m trial-302172199-trialrun-302172199-worker-0:2663853:2663853 [0] NCCL INFO Ring 25 : 7 -> 0 -> 1
[36m(WorkerDict pid=2663853)[0m trial-302172199-trialrun-302172199-worker-0:2663853:2663853 [0] NCCL INFO Ring 26 : 7 -> 0 -> 1
[36m(WorkerDict pid=2663853)[0m trial-302172199-trialrun-302172199-worker-0:2663853:2663853 [0] NCCL INFO Ring 27 : 7 -> 0 -> 1
[36m(WorkerDict pid=2663853)[0m trial-302172199-trialrun-302172199-worker-0:2663853:2663853 [0] NCCL INFO Ring 28 : 7 -> 0 -> 1
[36m(WorkerDict pid=2663853)[0m trial-302172199-trialrun-302172199-worker-0:2663853:2663853 [0] NCCL INFO Ring 29 : 7 -> 0 -> 1
[36m(WorkerDict pid=2663853)[0m trial-302172199-trialrun-302172199-worker-0:2663853:2663853 [0] NCCL INFO Ring 30 : 7 -> 0 -> 1
[36m(WorkerDict pid=2663853)[0m trial-302172199-trialrun-302172199-worker-0:2663853:2663853 [0] NCCL INFO Ring 31 : 7 -> 0 -> 1
[36m(WorkerDict pid=2663853)[0m trial-302172199-trialrun-302172199-worker-0:2663853:2663853 [0] NCCL INFO Trees [0] 1/-1/-1->0->-1 [1] 1/-1/-1->0->-1 [2] 1/-1/-1->0->-1 [3] 1/-1/-1->0->-1 [4] 1/-1/-1->0->-1 [5] 1/-1/-1->0->-1 [6] 1/-1/-1->0->-1 [7] 1/-1/-1->0->-1 [8] 1/-1/-1->0->-1 [9] 1/-1/-1->0->-1 [10] 1/-1/-1->0->-1 [11] 1/-1/-1->0->-1 [12] 1/-1/-1->0->-1 [13] 1/-1/-1->0->-1 [14] 1/-1/-1->0->-1 [15] 1/-1/-1->0->-1 [16] 1/-1/-1->0->-1 [17] 1/-1/-1->0->-1 [18] 1/-1/-1->0->-1 [19] 1/-1/-1->0->-1 [20] 1/-1/-1->0->-1 [21] 1/-1/-1->0->-1 [22] 1/-1/-1->0->-1 [23] 1/-1/-1->0->-1 [24] 1/-1/-1->0->-1 [25] 1/-1/-1->0->-1 [26] 1/-1/-1->0->-1 [27] 1/-1/-1->0->-1 [28] 1/-1/-1->0->-1 [29] 1/-1/-1->0->-1 [30] 1/-1/-1->0->-1 [31] 1/-1/-1->0->-1
[36m(WorkerDict pid=2663853)[0m trial-302172199-trialrun-302172199-worker-0:2663853:2663853 [0] NCCL INFO P2P Chunksize set to 524288
[36m(WorkerDict pid=2663853)[0m trial-302172199-trialrun-302172199-worker-0:2663853:2663853 [0] NCCL INFO PROFILER/Plugin: Could not find: libnccl-profiler.so
[36m(WorkerDict pid=2663853)[0m trial-302172199-trialrun-302172199-worker-0:2663853:2663853 [0] NCCL INFO Check P2P Type isAllDirectP2p 1 directMode 0 isAllCudaP2p 1
[36m(WorkerDict pid=2663853)[0m trial-302172199-trialrun-302172199-worker-0:2663853:2663853 [0] NCCL INFO ncclP2pSchedule: group size used is 8
[36m(WorkerDict pid=2663853)[0m trial-302172199-trialrun-302172199-worker-0:2663853:2679526 [0] NCCL INFO [Proxy Service] Device 0 CPU core 133
[36m(WorkerDict pid=2663853)[0m trial-302172199-trialrun-302172199-worker-0:2663853:2679528 [0] NCCL INFO [Proxy Service UDS] Dev
[36m(WorkerDict pid=2663856)[0m trial-302172199-trialrun-302172199-worker-0:2663856:2663856 [2] NCCL
[36m(WorkerDict pid=2663864)[0m trial-302172199-trialrun-302172199-worker-0:2663864:2663864 [5] NC
[36m(WorkerDict pid=2663859)[0m trial-302172199-trialrun-302172199-worke
[36m(WorkerDict pid=2663860)[0m trial-302172199-trialrun-302172199-worker-0:2663860:2663860 [3] NCCL I
[36m(WorkerDict pid=2663853)[0m ice 0 CPU core 28
[36m(WorkerDict pid=2663853)[0m trial-302172199-trialrun-302172199-worker-0:2663853:2663853 [0] NCCL INFO TUNER/Plugin: Could not find: libnccl-tuner.so
[36m(WorkerDict pid=2663853)[0m trial-302172199-trialrun-302172199-worker-0:2663853:2663853 [0] NCCL INFO threadThresholds 8/8/64 | 64/8/64 | 512 | 512
[36m(WorkerDict pid=2663853)[0m trial-302172199-trialrun-302172199-worker-0:2663853:2663853 [0] NCCL INFO 32 coll channels, 32 collnet channels, 24 nvls channels, 32 p2p channels, 32 p2p channels per peer
[36m(WorkerDict pid=2663853)[0m trial-302172199-trialrun-302172199-worker-0:2663853:2663853 [0] NCCL INFO CC Off, workFifoBytes 1048576
[36m(WorkerDict pid=2663853)[0m trial-302172199-trialrun-302172199-worker-0:2663853:2663853 [0] NCCL INFO ncclCommInitRankConfig comm 0xfd615d0 rank 0 nranks 8 cudaDev 0 nvmlDev 0 busId f000 commId 0x8ecd06e345f26b16 - Init COMPLETE
[36m(WorkerDict pid=2663853)[0m trial-302172199-trialrun-302172199-worker-0:2663853:2663853 [0] NCCL INFO Init timings - ncclCommInitRankConfig: rank 0 nranks 8 total 3.36 (kernels 0.28, alloc 0.64, bootstrap 0.35, allgathers 0.02, topo 1.64, graphs 0.03, connections 0.39, rest 0.00)
[36m(WorkerDict pid=2663853)[0m trial-302172199-trialrun-302172199-worker-0:2663853:2663853 [0] NCCL INFO Channel 00/0 : 0[0] -> 1[1] via P2P/CUMEM
[36m(WorkerDict pid=2663853)[0m trial-302172199-trialrun-302172199-worker-0:2663853:2663853 [0] NCCL INFO Channel 01/0 : 0[0] -> 1[1] via P2P/CUMEM
[36m(WorkerDict pid=2663853)[0m trial-302172199-trialrun-302172199-worker-0:2663853:2663853 [0] NCCL INFO Channel 02/0 : 0[0] -> 1[1] via P2P/CUMEM
[36m(WorkerDict pid=2663853)[0m trial-302172199-trialrun-302172199-worker-0:2663853:2663853 [0] NCCL INFO Channel 03/0 : 0[0] -> 1[1] via P2P/CUMEM
[36m(WorkerDict pid=2663853)[0m trial-302172199-trialrun-302172199-worker-0:2663853:2663853 [0] NCCL INFO Channel 04/0 : 0[0] -> 1[1] via P2P/CUMEM
[36m(WorkerDict pid=2663853)[0m trial-302172199-trialrun-302172199-worker-0:2663853:2663853 [0] NCCL INFO Channel 05/0 : 0[0] -> 1[1] via P2P/CUMEM
[36m(WorkerDict pid=2663853)[0m trial-302172199-trialrun-302172199-worker-0:2663853:2663853 [0] NCCL INFO Channel 06/0 : 0[0] -> 1[1] via P2P/CUMEM
[36m(WorkerDict pid=2663853)[0m trial-302172199-trialrun-302172199-worker-0:2663853:2663853 [0] NCCL INFO Channel 07/0 : 0[0] -> 1[1] via P2P/CUMEM
[36m(WorkerDict pid=2663853)[0m trial-302172199-trialrun-302172199-worker-0:2663853:2663853 [0] NCCL INFO Channel 08/0 : 0[0] -> 1[1] via P2P/CUMEM
[36m(WorkerDict pid=2663853)[0m trial-302172199-trialrun-302172199-worker-0:2663853:2663853 [0] NCCL INFO Channel 09/0 : 0[0] -> 1[1] via P2P/CUMEM
[36m(WorkerDict pid=2663853)[0m trial-302172199-trialrun-302172199-worker-0:2663853:2663853 [0] NCCL INFO Channel 10/0 : 0[0] -> 1[1] via P2P/CUMEM
[36m(WorkerDict pid=2663853)[0m trial-302172199-trialrun-302172199-worker-0:2663853:2663853 [0] NCCL INFO Channel 11/0 : 0[0] -> 1[1] via P2P/CUMEM
[36m(WorkerDict pid=2663853)[0m trial-302172199-trialrun-302172199-worker-0:2663853:2663853 [0] NCCL INFO Channel 12/0 : 0[0] -> 1[1] via P2P/CUMEM
[36m(WorkerDict pid=2663853)[0m trial-302172199-trialrun-302172199-worker-0:2663853:2663853 [0] NCCL INFO Channel 13/0 : 0[0] -> 1[1] via P2P/CUMEM
[36m(WorkerDict pid=2663853)[0m trial-302172199-trialrun-302172199-worker-0:2663853:2663853 [0] NCCL INFO Channel 14/0 : 0[0] -> 1[1] via P2P/CUMEM
[36m(WorkerDict pid=2663853)[0m trial-302172199-trialrun-302172199-worker-0:2663853:2663853 [0] NCCL INFO Channel 15/0 : 0[0] -> 1[1] via P2P/CUMEM
[36m(WorkerDict pid=2663853)[0m trial-302172199-trialrun-302172199-worker-0:2663853:2663853 [0] NCCL INFO Channel 16/0 : 0[0] -> 1[1] via P2P/CUMEM
[36m(WorkerDict pid=2663853)[0m trial-302172199-trialrun-302172199-worker-0:2663853:2663853 [0] NCCL INFO Channel 17/0 : 0[0] -> 1[1] via P2P/CUMEM
[36m(WorkerDict pid=2663853)[0m trial-302172199-trialrun-302172199-worker-0:2663853:2663853 [0] NCCL INFO Channel 18/0 : 0[0] -> 1[1] via P2P/CUMEM
[36m(WorkerDict pid=2663853)[0m trial-302172199-trialrun-302172199-worker-0:2663853:2663853 [0] NCCL INFO Channel 19/0 : 0[0] -> 1[1] via P2P/CUMEM
[36m(WorkerDict pid=2663853)[0m trial-302172199-trialrun-302172199-worker-0:2663853:2663853 [0] NCCL INFO Channel 20/0 : 0[0] -> 1[1] via P2P/CUMEM
[36m(WorkerDict pid=2663853)[0m trial-302172199-trialrun-302172199-worker-0:2663853:2663853 [0] NCCL INFO Channel 21/0 : 0[0] -> 1[1] via P2P/CUMEM
[36m(WorkerDict pid=2663853)[0m trial-302172199-trialrun-302172199-worker-0:2663853:2663853 [0] NCCL INFO Channel 22/0 : 0[0] -> 1[1] via P2P/CUMEM
[36m(WorkerDict pid=2663853)[0m trial-302172199-trialrun-302172199-worker-0:2663853:2663853 [0] NCCL INFO Channel 23/0 : 0[0] -> 1[1] via P2P/CUMEM
[36m(WorkerDict pid=2663853)[0m trial-302172199-trialrun-302172199-worker-0:2663853:2663853 [0] NCCL INFO Channel 24/0 : 0[0] -> 1[1] via P2P/CUMEM
[36m(WorkerDict pid=2663853)[0m trial-302172199-trialrun-302172199-worker-0:2663853:2663853 [0] NCCL INFO Channel 25/0 : 0[0] -> 1[1] via P2P/CUMEM
[36m(WorkerDict pid=2663853)[0m trial-302172199-trialrun-302172199-worker-0:2663853:2663853 [0] NCCL INFO Channel 26/0 : 0
[36m(WorkerDict pid=2663856)[0m Monkey patch _flash_attention_forward in transformers.integrations.flash_attention[32m [repeated 7x across cluster][0m
[36m(WorkerDict pid=2663856)[0m Using Triton backend for fused kernels in Qwen2ForCausalLM[32m [repeated 7x across cluster][0m
[36m(WorkerDict pid=2663856)[0m  INFO Ring 30 : 1 -> 2 -> 3
[36m(WorkerDict pid=2663856)[0m trial-302172199-trialrun-302172199-worker-0:2663856:2679525 [0] NCCL INFO [Proxy Service UDS] Device 2 CPU core 145
[36m(WorkerDict pid=2663856)[0m trial-302172199-trialrun-302172199-worker-0:2663856:2663856 [2] NCCL INFO Channel 14/0 : 2[2] -> 
[36m(WorkerDict pid=2663864)[0m CL INFO Ring 30 : 4 -> 5 -> 6
[36m(WorkerDict pid=2663860)[0m NFO Ring 30 : 2 -> 3 -> 4
[36m(WorkerDict pid=2663858)[0m trial-302172199-trialrun-302172199-worker-0:2663858:2663858 [7] 
[36m(WorkerDict pid=2663859)[0m trial-302172
[36m(WorkerDict pid=2663853)[0m Total steps: 20, num_warmup_steps: 0
[36m(WorkerDict pid=2663853)[0m Actor use_remove_padding=True
[36m(WorkerDict pid=2663853)[0m Actor use_fused_kernels=True
[36m(WorkerDict pid=2663858)[0m trial-302172199-trialrun-302172199-worker-0:2663858:2663858 [7] NCCL INFO ENV/Plugin: Could not find: libnccl-env.so[32m [repeated 7x across cluster][0m
[36m(WorkerDict pid=2663858)[0m trial-302172199-trialrun-302172199-worker-0:2663858:2663858 [7] NCCL INFO NCCL_SOCKET_FAMILY set by environment to AF_INET6[32m [repeated 14x across cluster][0m
[36m(WorkerDict pid=2663858)[0m trial-302172199-trialrun-302172199-worker-0:2663858:2663858 [7] NCCL INFO NCCL_SOCKET_IFNAME set by environment to =eth0[32m [repeated 14x across cluster][0m
[36m(WorkerDict pid=2663858)[0m trial-302172199-trialrun-302172199-worker-0:2663858:2663858 [7] NCCL INFO cudaDriverVersion 13000[32m [repeated 7x across cluster][0m
[36m(WorkerDict pid=2663858)[0m trial-302172199-trialrun-302172199-worker-0:2663858:2663858 [7] NCCL INFO NCCL version 2.28.9+cuda13.0[32m [repeated 7x across cluster][0m
[36m(WorkerDict pid=2663858)[0m trial-302172199-trialrun-302172199-worker-0:2663858:2663858 [7] NCCL INFO Comm config Blocking set to 1[32m [repeated 7x across cluster][0m
[36m(WorkerDict pid=2663858)[0m trial-302172199-trialrun-302172199-worker-0:2663858:2663858 [7] NCCL INFO NCCL_NET_PLUGIN set by environment to none[32m [repeated 7x across cluster][0m
[36m(WorkerDict pid=2663858)[0m trial-302172199-trialrun-302172199-worker-0:2663858:2663858 [7] NCCL INFO NET/Socket : Using [0]eth0:fdbd:dc61:ff:f000:ffff:ffff:0:16<0>[32m [repeated 7x across cluster][0m
[36m(WorkerDict pid=2663858)[0m trial-302172199-trialrun-302172199-worker-0:2663858:2663858 [7] NCCL INFO Initialized NET plugin Socket[32m [repeated 7x across cluster][0m
[36m(WorkerDict pid=2663858)[0m trial-302172199-trialrun-302172199-worker-0:2663858:2663858 [7] NCCL INFO Assigned NET plugin Socket to comm[32m [repeated 7x across cluster][0m
[36m(WorkerDict pid=2663858)[0m trial-302172199-trialrun-302172199-worker-0:2663858:2663858 [7] NCCL INFO Using network Socket[32m [repeated 7x across cluster][0m
[36m(WorkerDict pid=2663858)[0m trial-302172199-trialrun-302172199-worker-0:2663858:2663858 [7] NCCL INFO ncclCommInitRankConfig comm 0xf557f70 rank 7 nranks 8 cudaDev 7 nvmlDev 7 busId d8000 commId 0x8ecd06e345f26b16 - Init START[32m [repeated 7x across cluster][0m
[36m(WorkerDict pid=2663858)[0m trial-302172199-trialrun-302172199-worker-0:2663858:2663858 [7] NCCL INFO RAS client listening socket at ::1<28028>[32m [repeated 7x across cluster][0m
[36m(WorkerDict pid=2663858)[0m trial-302172199-trialrun-302172199-worker-0:2663858:2663858 [7] NCCL INFO MNNVL busId 0xd8000 fabric UUID 0.0 cliqueId 0x0 state 3 healthMask 0x80[32m [repeated 7x across cluster][0m
[36m(WorkerDict pid=2663858)[0m trial-302172199-trialrun-302172199-worker-0:2663858:2663858 [7] NCCL INFO Could not find real path of /sys/class/pci_bus/fffffff/../../fffffff:ff:f[32m [repeated 7x across cluster][0m
[36m(WorkerDict pid=2663858)[0m trial-302172199-trialrun-302172199-worker-0:2663858:2663858 [7] NCCL INFO TOPO/NET : Importing network plugins to topology[32m [repeated 7x across cluster][0m
[36m(WorkerDict pid=2663858)[0m trial-302172199-trialrun-302172199-worker-0:2663858:2663858 [7] NCCL INFO ncclTopoPopulateNics : Filled eth0 in topo with pciPath=(null) keep=1 coll=(null)[32m [repeated 7x across cluster][0m
[36m(WorkerDict pid=2663858)[0m trial-302172199-trialrun-302172199-worker-0:2663858:2663858 [7] NCCL INFO === System : maxBw 721.8 totalBw 721.8 ===[32m [repeated 7x across cluster][0m
[36m(WorkerDict pid=2663858)[0m trial-302172199-trialrun-302172199-worker-0:2663858:2663858 [7] NCCL INFO NET/0-0 :GPU/0-f000 (4/1.2/PHB) GPU/0-2d000 (4/1.2/PHB) GPU/0-44000 (4/1.2/PHB) GPU/0-5b000 (4/1.2/PHB) GPU/0-89000 (5/1.2/SYS) GPU/0-a8000 (5/1.2/SYS) GPU/0-c0000 (5/1.2/SYS) GPU/0-d8000 (5/1.2/SYS) CPU/0-0 (2/1.2/PHB) CPU/0-1 (3/1.2/SYS) NET/0-0 (0/5000.0/LOC) NET/0-0 (0/0.0/DIS) [32m [repeated 84x across cluster][0m
[36m(WorkerDict pid=2663858)[0m trial-302172199-trialrun-302172199-worker-0:2663858:2663858 [7] NCCL INFO + SYS[40.0] - CPU/0-0[32m [repeated 203x across cluster][0m
[36m(WorkerDict pid=2663858)[0m trial-302172199-trialrun-302172199-worker-0:2663858:2663858 [7] NCCL INFO ==========================================[32m [repeated 7x across cluster][0m
[36m(WorkerDict pid=2663858)[0m trial-302172199-trialrun-302172199-worker-0:2663858:2663858 [7] NCCL INFO ncclTopoGetCpuAffinity: Affinity for GPU 7 is 64-126,192-254. (GPU affinity = 64-127,192-255 ; CPU affinity = 0-62,64-126,128-190,192-254).[32m [repeated 7x across cluster][0m
[36m(WorkerDict pid=2663858)[0m trial-302172199-trialrun-302172199-worker-0:2663858:2663858 [7] NCCL INFO NCCL_NVLS_ENABLE set by environment to 1.[32m [repeated 7x across cluster][0m
[36m(WorkerDict pid=2663858)[0m trial-302172199-trialrun-302172199-worker-0:2663858:2663858 [7] NCCL INFO NVLS multicast support is available on dev 7 (NVLS_NCHANNELS 24)[32m [repeated 7x across cluster][0m
[36m(WorkerDict pid=2663853)[0m WARNING:2026-08-03 01:58:53,329:Dropping unsupported vLLM engine kwargs for this version: ['disable_mm_preprocessor_cache']
[36m(WorkerDict pid=2663856)[0m Loading weights:  91%|█████████ | 307/339 [00:05<00:00, 74.26it/s][32m [repeated 232x across cluster][0m
[36m(WorkerDict pid=2663858)[0m Loading weights: 100%|██████████| 339/339 [00:05<00:00, 59.35it/s][32m [repeated 24x across cluster][0m
[36m(WorkerDict pid=2663856)[0m Loading weights:  97%|█████████▋| 329/339 [00:05<00:00, 77.68it/s]Loading weights: 100%|██████████| 339/339 [00:05<00:00, 58.61it/s]
[36m(WorkerDict pid=2663853)[0m /mlx_devbox/users/quyanyi/playground/.venvs/ttrl_b200/lib/python3.11/site-packages/nvidia_cutlass_dsl/python_packages/cutlass/cute/core.py:5791: DeprecationWarning: Use explicit `struct.scalar.ptr` for pointer instead.
[36m(WorkerDict pid=2663853)[0m   warnings.warn(
[36m(WorkerDict pid=2663858)[0m WARNING:2026-08-03 01:58:53,329:Dropping unsupported vLLM engine kwargs for this version: ['disable_mm_preprocessor_cache'][32m [repeated 7x across cluster][0m
[36m(WorkerDict pid=2663853)[0m 2026-08-03 01:59:24,397 - INFO - autotuner.py:622 - flashinfer.jit: [Autotuner]: Autotuning process starts ...
[36m(WorkerDict pid=2663853)[0m 2026-08-03 01:59:24,432 - INFO - autotuner.py:641 - flashinfer.jit: [Autotuner]: Autotuning process ends
[36m(WorkerDict pid=2663856)[0m /mlx_devbox/users/quyanyi/playground/.venvs/ttrl_b200/lib/python3.11/site-packages/nvidia_cutlass_dsl/python_packages/cutlass/cute/core.py:5791: DeprecationWarning: Use explicit `struct.scalar.ptr` for pointer instead.[32m [repeated 103x across cluster][0m
[36m(WorkerDict pid=2663856)[0m   warnings.warn([32m [repeated 103x across cluster][0m
[36m(WorkerDict pid=2663853)[0m Capturing CUDA graphs (mixed prefill-decode, PIECEWISE):   0%|          | 0/51 [00:00<?, ?it/s]
[36m(WorkerDict pid=2663853)[0m Capturing CUDA graphs (mixed prefill-decode, PIECEWISE):   8%|▊         | 4/51 [00:00<00:01, 36.08it/s]
[36m(WorkerDict pid=2663853)[0m Capturing CUDA graphs (mixed prefill-decode, PIECEWISE):  16%|█▌        | 8/51 [00:00<00:01, 34.48it/s]
[36m(WorkerDict pid=2663853)[0m Capturing CUDA graphs (mixed prefill-decode, PIECEWISE):  24%|██▎       | 12/51 [00:00<00:01, 33.53it/s]
[36m(WorkerDict pid=2663853)[0m Capturing CUDA graphs (mixed prefill-decode, PIECEWISE):  31%|███▏      | 16/51 [00:00<00:01, 31.71it/s]
[36m(WorkerDict pid=2663853)[0m Capturing CUDA graphs (mixed prefill-decode, PIECEWISE):  39%|███▉      | 20/51 [00:00<00:00, 31.91it/s]
[36m(WorkerDict pid=2663853)[0m Capturing CUDA graphs (mixed prefill-decode, PIECEWISE):  47%|████▋     | 24/51 [00:00<00:00, 31.41it/s]
[36m(WorkerDict pid=2663853)[0m Capturing CUDA graphs (mixed prefill-decode, PIECEWISE):  55%|█████▍    | 28/51 [00:00<00:00, 31.20it/s]
[36m(WorkerDict pid=2663853)[0m Capturing CUDA graphs (mixed prefill-decode, PIECEWISE):  63%|██████▎   | 32/51 [00:01<00:00, 30.55it/s]
[36m(WorkerDict pid=2663853)[0m Capturing CUDA graphs (mixed prefill-decode, PIECEWISE):  71%|███████   | 36/51 [00:01<00:00, 30.54it/s]
[36m(WorkerDict pid=2663853)[0m Capturing CUDA graphs (mixed prefill-decode, PIECEWISE):  78%|███████▊  | 40/51 [00:01<00:00, 29.94it/s]
[36m(WorkerDict pid=2663853)[0m Capturing CUDA graphs (mixed prefill-decode, PIECEWISE):  84%|████████▍ | 43/51 [00:01<00:00, 29.42it/s]
[36m(WorkerDict pid=2663853)[0m Capturing CUDA graphs (mixed prefill-decode, PIECEWISE):  90%|█████████ | 46/51 [00:01<00:00, 28.99it/s]
[36m(WorkerDict pid=2663853)[0m Capturing CUDA graphs (mixed prefill-decode, PIECEWISE):  98%|█████████▊| 50/51 [00:01<00:00, 29.85it/s]Capturing CUDA graphs (mixed prefill-decode, PIECEWISE): 100%|██████████| 51/51 [00:01<00:00, 30.40it/s]
[36m(WorkerDict pid=2663853)[0m Capturing CUDA graphs (decode, FULL):   0%|          | 0/51 [00:00<?, ?it/s]
[36m(WorkerDict pid=2663853)[0m Capturing CUDA graphs (decode, FULL):   8%|▊         | 4/51 [00:00<00:01, 38.61it/s]
[36m(WorkerDict pid=2663853)[0m Capturing CUDA graphs (decode, FULL):  16%|█▌        | 8/51 [00:00<00:01, 38.76it/s]
[36m(WorkerDict pid=2663853)[0m Capturing CUDA graphs (decode, FULL):  24%|██▎       | 12/51 [00:00<00:01, 35.13it/s]
[36m(WorkerDict pid=2663853)[0m Capturing CUDA graphs (decode, FULL):  31%|███▏      | 16/51 [00:00<00:01, 34.39it/s]
[36m(WorkerDict pid=2663853)[0m Capturing CUDA graphs (decode, FULL):  39%|███▉      | 20/51 [00:00<00:00, 35.67it/s]Capturing CUDA graphs (decode, FULL):  47%|████▋     | 24/51 [00:00<00:00, 36.70it/s]
[36m(WorkerDict pid=2663853)[0m Capturing CUDA graphs (decode, FULL):  55%|█████▍    | 28/51 [00:00<00:00, 37.50it/s]
[36m(WorkerDict pid=2663853)[0m Capturing CUDA graphs (decode, FULL):  63%|██████▎   | 32/51 [00:00<00:00, 35.24it/s]
[36m(WorkerDict pid=2663853)[0m Capturing CUDA graphs (decode, FULL):  71%|███████   | 36/51 [00:01<00:00, 35.58it/s]
[36m(WorkerDict pid=2663853)[0m Capturing CUDA graphs (decode, FULL):  78%|███████▊  | 40/51 [00:01<00:00, 36.51it/s]
[36m(WorkerDict pid=2663853)[0m Capturing CUDA graphs (decode, FULL):  86%|████████▋ | 44/51 [00:01<00:00, 37.01it/s]
[36m(WorkerDict pid=2663858)[0m 2026-08-03 01:59:24,397 - INFO - autotuner.py:622 - flashinfer.jit: [Autotuner]: Autotuning process starts ...[32m [repeated 7x across cluster][0m
[36m(WorkerDict pid=2663858)[0m 2026-08-03 01:59:24,433 - INFO - autotuner.py:641 - flashinfer.jit: [Autotuner]: Autotuning process ends[32m [repeated 7x across cluster][0m
[36m(WorkerDict pid=2663853)[0m /mlx_devbox/users/quyanyi/playground/.venvs/ttrl_b200/lib/python3.11/site-packages/nvidia_cutlass_dsl/python_packages/cutlass/cute/core.py:5791: DeprecationWarning: Use explicit `struct.scalar.ptr` for pointer instead.[32m [repeated 3x across cluster][0m
[36m(WorkerDict pid=2663853)[0m   warnings.warn([32m [repeated 3x across cluster][0m
[36m(WorkerDict pid=2663853)[0m Capturing CUDA graphs (decode, FULL):  94%|█████████▍| 48/51 [00:12<00:02,  1.16it/s]
[36m(WorkerDict pid=2663858)[0m /mlx_devbox/users/quyanyi/playground/.venvs/ttrl_b200/lib/python3.11/site-packages/nvidia_cutlass_dsl/python_packages/cutlass/cute/core.py:5791: DeprecationWarning: Use explicit `struct.scalar.ptr` for pointer instead.[32m [repeated 101x across cluster][0m
[36m(WorkerDict pid=2663858)[0m   warnings.warn([32m [repeated 101x across cluster][0m
[36m(WorkerDict pid=2663853)[0m Capturing CUDA graphs (decode, FULL): 100%|██████████| 51/51 [00:12<00:00,  4.11it/s]
[36m(WorkerDict pid=2663861)[0m /mlx_devbox/users/quyanyi/playground/TTRL/verl/verl/workers/sharding_manager/fsdp_vllm.py:97: FutureWarning: FSDP.state_dict_type() and FSDP.set_state_dict_type() are being deprecated. Please use APIs, get_state_dict() and set_state_dict(), which can support different parallelisms, FSDP1, FSDP2, DDP. API doc: https://pytorch.org/docs/stable/distributed.checkpoint.html#torch.distributed.checkpoint.state_dict.get_state_dict .Tutorial: https://pytorch.org/tutorials/recipes/distributed_checkpoint_recipe.html .
[36m(WorkerDict pid=2663861)[0m   FSDP.set_state_dict_type(
[36m(TaskRunner pid=2663854)[0m Training Progress:   0%|          | 0/20 [00:00<?, ?it/s]
[36m(WorkerDict pid=2663859)[0m /mlx_devbox/users/quyanyi/playground/.venvs/ttrl_b200/lib/python3.11/site-packages/nvidia_cutlass_dsl/python_packages/cutlass/cute/core.py:5791: DeprecationWarning: Use explicit `struct.scalar.ptr` for pointer instead.
[36m(WorkerDict pid=2663859)[0m   warnings.warn(
[36m(WorkerDict pid=2663860)[0m /mlx_devbox/users/quyanyi/playground/TTRL/verl/verl/workers/sharding_manager/fsdp_vllm.py:97: FutureWarning: FSDP.state_dict_type() and FSDP.set_state_dict_type() are being deprecated. Please use APIs, get_state_dict() and set_state_dict(), which can support different parallelisms, FSDP1, FSDP2, DDP. API doc: https://pytorch.org/docs/stable/distributed.checkpoint.html#torch.distributed.checkpoint.state_dict.get_state_dict .Tutorial: https://pytorch.org/tutorials/recipes/distributed_checkpoint_recipe.html .[32m [repeated 7x across cluster][0m
[36m(WorkerDict pid=2663860)[0m   FSDP.set_state_dict_type([32m [repeated 7x across cluster][0m
[36m(WorkerDict pid=2663863)[0m /mlx_devbox/users/quyanyi/playground/.venvs/ttrl_b200/lib/python3.11/site-packages/nvidia_cutlass_dsl/python_packages/cutlass/cute/core.py:5791: DeprecationWarning: Use explicit `struct.scalar.ptr` for pointer instead.
[36m(WorkerDict pid=2663863)[0m   warnings.warn(
[36m(TaskRunner pid=2663854)[0m <string>:1: SymPyDeprecationWarning: 
[36m(TaskRunner pid=2663854)[0m 
[36m(TaskRunner pid=2663854)[0m Using non-Expr arguments in Pow is deprecated (in this case, one of the
[36m(TaskRunner pid=2663854)[0m arguments is of type 'FiniteSet').
[36m(TaskRunner pid=2663854)[0m 
[36m(TaskRunner pid=2663854)[0m If you really did intend to construct a power with this base, use the **
[36m(TaskRunner pid=2663854)[0m operator instead.
[36m(TaskRunner pid=2663854)[0m 
[36m(TaskRunner pid=2663854)[0m See https://docs.sympy.org/latest/explanation/active-deprecations.html#non-expr-args-deprecated
[36m(TaskRunner pid=2663854)[0m for details.
[36m(TaskRunner pid=2663854)[0m 
[36m(TaskRunner pid=2663854)[0m This has been deprecated since SymPy version 1.7. It
[36m(TaskRunner pid=2663854)[0m will be removed in a future version of SymPy.
[36m(TaskRunner pid=2663854)[0m 
[36m(TaskRunner pid=2663854)[0m /mlx_devbox/users/quyanyi/playground/.venvs/ttrl_b200/lib/python3.11/site-packages/sympy/core/power.py:1257: SymPyDeprecationWarning: 
[36m(TaskRunner pid=2663854)[0m 
[36m(TaskRunner pid=2663854)[0m Using non-Expr arguments in Pow is deprecated (in this case, one of the
[36m(TaskRunner pid=2663854)[0m arguments is of type 'FiniteSet').
[36m(TaskRunner pid=2663854)[0m 
[36m(TaskRunner pid=2663854)[0m If you really did intend to construct a power with this base, use the **
[36m(TaskRunner pid=2663854)[0m operator instead.
[36m(TaskRunner pid=2663854)[0m 
[36m(TaskRunner pid=2663854)[0m See https://docs.sympy.org/latest/explanation/active-deprecations.html#non-expr-args-deprecated
[36m(TaskRunner pid=2663854)[0m for details.
[36m(TaskRunner pid=2663854)[0m 
[36m(TaskRunner pid=2663854)[0m This has been deprecated since SymPy version 1.7. It
[36m(TaskRunner pid=2663854)[0m will be removed in a future version of SymPy.
[36m(TaskRunner pid=2663854)[0m 
[36m(TaskRunner pid=2663854)[0m   p = self.func(*self.as_base_exp())  # in case it's unevaluated
[36m(WorkerDict pid=2663858)[0m /mlx_devbox/users/quyanyi/playground/.venvs/ttrl_b200/lib/python3.11/site-packages/nvidia_cutlass_dsl/python_packages/cutlass/cute/core.py:5791: DeprecationWarning: Use explicit `struct.scalar.ptr` for pointer instead.[32m [repeated 102x across cluster][0m
[36m(WorkerDict pid=2663858)[0m   warnings.warn([32m [repeated 102x across cluster][0m
[36m(TaskRunner pid=2663854)[0m <string>:1: SymPyDeprecationWarning: 
[36m(TaskRunner pid=2663854)[0m 
[36m(TaskRunner pid=2663854)[0m Using non-Expr arguments in Pow is deprecated (in this case, one of the
[36m(TaskRunner pid=2663854)[0m arguments is of type 'FiniteSet').
[36m(TaskRunner pid=2663854)[0m 
[36m(TaskRunner pid=2663854)[0m If you really did intend to construct a power with this base, use the **
[36m(TaskRunner pid=2663854)[0m operator instead.
[36m(TaskRunner pid=2663854)[0m 
[36m(TaskRunner pid=2663854)[0m See https://docs.sympy.org/latest/explanation/active-deprecations.html#non-expr-args-deprecated
[36m(TaskRunner pid=2663854)[0m for details.
[36m(TaskRunner pid=2663854)[0m 
[36m(TaskRunner pid=2663854)[0m This has been deprecated since SymPy version 1.7. It
[36m(TaskRunner pid=2663854)[0m will be removed in a future version of SymPy.
[36m(TaskRunner pid=2663854)[0m 
[36m(WorkerDict pid=2663858)[0m trial-302172199-trialrun-302172199-worker-0:2663858:2663858 [7] NCCL INFO Pattern 5, crossNic 0, nChannels 8, bw 80.000000/90.000000, type NVL/PIX, sameChannels 0[32m [repeated 21x across cluster][0m
[36m(WorkerDict pid=2663858)[0m trial-302172199-trialrun-302172199-worker-0:2663858:2663858 [7] NCCL INFO  7 : GPU/0-d8000[32m [repeated 280x across cluster][0m
[36m(WorkerDict pid=2663858)[0m trial-302172199-trialrun-302172199-worker-0:2663858:2663858 [7] NCCL INFO comm 0xf557f70 rank 7 nRanks 8 nNodes 1 localRanks 8 localRank 7 MNNVL 0[32m [repeated 7x across cluster][0m
[36m(WorkerDict pid=2663859)[0m trial-302172199-trialrun-302172199-worker-0:2663859:2663859 [1] NCCL INFO Tree 31 : 0 -> 1 -> 2/-1/-1[32m [repeated 32x across cluster][0m
[36m(WorkerDict pid=2663858)[0m trial-302172199-trialrun-302172199-worker-0:2663858:2663858 [7] NCCL INFO Ring 31 : 6 -> 7 -> 0[32m [repeated 218x across cluster][0m
[36m(WorkerDict pid=2663858)[0m trial-302172199-trialrun-302172199-worker-0:2663858:2663858 [7] NCCL INFO Trees [0] -1/-1/-1->7->6 [1] -1/-1/-1->7->6 [2] -1/-1/-1->7->6 [3] -1/-1/-1->7->6 [4] -1/-1/-1->7->6 [5] -1/-1/-1->7->6 [6] -1/-1/-1->7->6 [7] -1/-1/-1->7->6 [8] -1/-1/-1->7->6 [9] -1/-1/-1->7->6 [10] -1/-1/-1->7->6 [11] -1/-1/-1->7->6 [12] -1/-1/-1->7->6 [13] -1/-1/-1->7->6 [14] -1/-1/-1->7->6 [15] -1/-1/-1->7->6 [16] -1/-1/-1->7->6 [17] -1/-1/-1->7->6 [18] -1/-1/-1->7->6 [19] -1/-1/-1->7->6 [20] -1/-1/-1->7->6 [21] -1/-1/-1->7->6 [22] -1/-1/-1->7->6 [23] -1/-1/-1->7->6 [24] -1/-1/-1->7->6 [25] -1/-1/-1->7->6 [26] -1/-1/-1->7->6 [27] -1/-1/-1->7->6 [28] -1/-1/-1->7->6 [29] -1/-1/-1->7->6 [30] -1/-1/-1->7->6 [31] -1/-1/-1->7->6[32m [repeated 7x across cluster][0m
[36m(WorkerDict pid=2663859)[0m r-0:2663859:2663859 [1] NCCL INFO P2P Chunksize set to 524288[32m [repeated 7x across cluster][0m
[36m(WorkerDict pid=2663859)[0m trial-302172199-trialrun-302172199-worker-0:2663859:2663859 [1] NCCL INFO PROFILER/Plugin: Could not find: libnccl-profiler.so[32m [repeated 7x across cluster][0m
[36m(WorkerDict pid=2663859)[0m trial-302172199-trialrun-302172199-worker-0:2663859:2663859 [1] NCCL INFO Check P2P Type isAllDirectP2p 1 directMode 0 isAllCudaP2p 1[32m [repeated 7x across cluster][0m
[36m(WorkerDict pid=2663859)[0m trial-302172199-trialrun-302172199-worker-0:2663859:2663859 [1] NCCL INFO ncclP2pSchedule: group size used is 8[32m [repeated 7x across cluster][0m
[36m(WorkerDict pid=2663859)[0m trial-302172199-trialrun-302172199-worker-0:2663859:2679517 [0] NCCL INFO [Proxy Service] Device 1 CPU core 48[32m [repeated 7x across cluster][0m
[36m(WorkerDict pid=2663858)[0m trial-302172199-trialrun-302172199-worker-0:2663858:2663858 [7] NC[32m [repeated 3x across cluster][0m
[36m(WorkerDict pid=2663859)[0m trial-302172199-trialrun-302172199-worker-0:2663859:2663859 [1] NCCL INFO TUNER/Plugin: Could not find: libnccl-tuner.so[32m [repeated 7x across cluster][0m
[36m(WorkerDict pid=2663859)[0m trial-302172199-trialrun-302172199-worker-0:2663859:2663859 [1] NCCL INFO threadThresholds 8/8/64 | 64/8/64 | 512 | 512[32m [repeated 7x across cluster][0m
[36m(WorkerDict pid=2663859)[0m trial-302172199-trialrun-302172199-worker-0:2663859:2663859 [1] NCCL INFO 32 coll channels, 32 collnet channels, 24 nvls channels, 32 p2p channels, 32 p2p channels per peer[32m [repeated 7x across cluster][0m
[36m(WorkerDict pid=2663859)[0m trial-302172199-trialrun-302172199-worker-0:2663859:2663859 [1] NCCL INFO ncclCommInitRankConfig comm 0x105e6c30 rank 1 nranks 8 cudaDev 1 nvmlDev 1 busId 2d000 commId 0x8ecd06e345f26b16 - Init COMPLETE[32m [repeated 7x across cluster][0m
[36m(WorkerDict pid=2663859)[0m trial-302172199-trialrun-302172199-worker-0:2663859:2663859 [1] NCCL INFO Init timings - ncclCommInitRankConfig: rank 1 nranks 8 total 3.36 (kernels 0.34, alloc 0.72, bootstrap 0.22, allgathers 0.02, topo 1.65, graphs 0.03, connections 0.39, rest 0.00)[32m [repeated 7x across cluster][0m
[36m(WorkerDict pid=2663859)[0m trial-302172199-trialrun-302172199-worker-0:2663859:2663859 [1] NCCL INFO Channel 21/0 : 1[1] -> 2[2] via P2P/CUMEM[32m [repeated 106x across cluster][0m
[36m(WorkerDict pid=2663859)[0m trial-302172199-trialrun-302172199-worker-0:2663859:2679522 [0] NCCL INFO [Proxy Service UDS] Device 1 CPU core 182[32m [repeated 6x across cluster][0m
[36m(WorkerDict pid=2663863)[0m trial-302172199-trialrun-302172199-worker-0:2663863:2663863 [6] NCCL INFO Channel 14/0 : 6[6] -> [32m [repeated 4x across cluster][0m
[36m(WorkerDict pid=2663858)[0m CL INFO Ring 30 : 6 -> 7 -> 0[32m [repeated 3x across cluster][0m
[36m(WorkerDict pid=2663861)[0m kwargs: {'n': 1, 'logprobs': 1, 'max_tokens': 3072, 'repetition_penalty': 1.0, 'detokenize': False, 'temperature': 1.0, 'top_k': -1, 'top_p': 1, 'ignore_eos': False}
[36m(TaskRunner pid=2663854)[0m Checkpoint tracker file does not exist: /tmp/ttrl_b200/checkpoints/ttrl_full_rollout_powerflow_b7_top1cluster_gate_nll_b32_r32_20step_20260803/latest_checkpointed_iteration.txt
[36m(TaskRunner pid=2663854)[0m Training from scratch
[36m(WorkerDict pid=2663853)[0m WARNING 08-03 01:59:41 [jit_monitor.py:106] Triton kernel JIT compilation during inference: _compute_slot_mapping_kernel. This causes a latency spike; consider extending warmup to cover this shape/config.
[36m(TaskRunner pid=2663854)[0m [Shutdown] 4 subprocess(es) terminated.
[36m(WorkerDict pid=2663860)[0m kwargs: {'n': 1, 'logprobs': 1, 'max_tokens': 3072, 'repetition_penalty': 1.0, 'detokenize': False, 'temperature': 1.0, 'top_k': -1, 'top_p': 1, 'ignore_eos': False}[32m [repeated 7x across cluster][0m
[36m(WorkerDict pid=2663853)[0m WARNING 08-03 02:00:16 [jit_monitor.py:106] Triton kernel JIT compilation during inference: efficient_entropy_kernel_general_mainloop. This causes a latency spike; consider extending warmup to cover this shape/config.
[36m(WorkerDict pid=2663853)[0m WARNING 08-03 02:00:16 [jit_monitor.py:106] Triton kernel JIT compilation during inference: efficient_entropy_triton_kernel_epilogue. This causes a latency spike; consider extending warmup to cover this shape/config.
[36m(WorkerDict pid=2663853)[0m WARNING 08-03 02:00:16 [jit_monitor.py:106] Triton kernel JIT compilation during inference: efficient_entropy_backward_kernel_general_d_logits_split_N. This causes a latency spike; consider extending warmup to cover this shape/config.
[36m(TaskRunner pid=2663854)[0m Training Progress:   5%|▌         | 1/20 [01:31<29:04, 91.84s/it]
[36m(TaskRunner pid=2663854)[0m Training Progress:  10%|█         | 2/20 [03:02<27:20, 91.13s/it]
[36m(TaskRunner pid=2663854)[0m <string>:1: SymPyDeprecationWarning: 
[36m(TaskRunner pid=2663854)[0m 
[36m(TaskRunner pid=2663854)[0m Using non-Expr arguments in Pow is deprecated (in this case, one of the
[36m(TaskRunner pid=2663854)[0m arguments is of type 'FiniteSet').
[36m(TaskRunner pid=2663854)[0m 
[36m(TaskRunner pid=2663854)[0m If you really did intend to construct a power with this base, use the **
[36m(TaskRunner pid=2663854)[0m operator instead.
[36m(TaskRunner pid=2663854)[0m 
[36m(TaskRunner pid=2663854)[0m See https://docs.sympy.org/latest/explanation/active-deprecations.html#non-expr-args-deprecated
[36m(TaskRunner pid=2663854)[0m for details.
[36m(TaskRunner pid=2663854)[0m 
[36m(TaskRunner pid=2663854)[0m This has been deprecated since SymPy version 1.7. It
[36m(TaskRunner pid=2663854)[0m will be removed in a future version of SymPy.
[36m(TaskRunner pid=2663854)[0m 
[36m(TaskRunner pid=2663854)[0m step:1 - training/rollout_probs_diff_max:0.000 - training/rollout_probs_diff_mean:0.000 - training/rollout_probs_diff_std:0.000 - full_rollout_target/enabled:1.000 - full_rollout_target/mode_top1_answer_cluster:1.000 - full_rollout_target/alpha:6.000 - full_rollout_target/beta:4.000 - full_rollout_target/slack:0.020 - full_rollout_target/eps:0.000 - full_rollout_target/support_coverage:0.091 - full_rollout_target/oov_ratio:0.909 - full_rollout_target/top1_mass:0.538 - full_rollout_target/top2_mass:0.094 - full_rollout_target/margin:0.445 - full_rollout_target/target_entropy:0.367 - full_rollout_target/valid_answer_coverage:0.614 - full_rollout_target/prompt_weight_mean:0.125 - full_rollout_target/nonzero_ratio:0.074 - full_rollout_target/representative_ratio:0.074 - full_rollout_target/weight_mean:0.074 - full_rollout_target/weight_max:1.188 - full_rollout_target/weight_min:0.000 - full_rollout_target/weight_before_clip_max:2.000 - full_rollout_target/weight_before_clip_mean:0.125 - full_rollout_target/weight_clip:4.000 - full_rollout_target/weight_clip_renorm:1.000 - full_rollout_target/num_actor_samples:1024.000 - full_rollout_target/observed_reward_mean:0.367 - full_rollout_target/clean_rollout_ratio:0.759 - full_rollout_target/repeated_boxed_ratio:0.062 - full_rollout_target/empty_boxed_ratio:0.085 - full_rollout_target/assistant_marker_ratio:0.129 - full_rollout_target/human_marker_ratio:0.125 - full_rollout_target/document_marker_ratio:0.003 - full_rollout_target/asy_repeat_ratio:0.005 - full_rollout_target/ngram_repeat_ratio:0.024 - full_rollout_target/prompt_copy_ratio:0.000 - actor/pg_loss:0.034 - actor/chunk_weighted_nll_loss:0.034 - actor/chunk_weight_mean:0.148 - actor/chunk_weight_max:0.950 - actor/chunk_weight_min:0.000 - actor/ppo_kl:0.001 - actor/pg_clipfrac:0.000 - actor/pg_clipfrac_lower:0.000 - actor/grad_norm:0.273 - perf/mfu/actor:0.000 - perf/max_memory_allocated_gb:166.176 - perf/max_memory_reserved_gb:176.166 - perf/cpu_memory_used_gb:753.254 - actor/lr:0.000 - training/global_step:1.000 - training/epoch:0.000 - critic/score/mean:0.367 - critic/score/max:1.000 - critic/score/min:0.000 - critic/rewards/mean:0.367 - critic/rewards/max:1.000 - critic/rewards/min:0.000 - critic/advantages/mean:-0.156 - critic/advantages/max:5.480 - critic/advantages/min:-1.360 - critic/returns/mean:-0.156 - critic/returns/max:5.480 - critic/returns/min:-1.360 - response_length/mean:933.579 - response_length/max:3072.000 - response_length/min:2.000 - response_length/clip_ratio:0.069 - prompt_length/mean:89.500 - prompt_length/max:262.000 - prompt_length/min:47.000 - prompt_length/clip_ratio:0.000 - timing_s/generate_sequences:26.573 - timing_s/reshard:0.348 - timing_s/gen:27.662 - timing_s/reward:3.210 - timing_s/old_log_prob:0.046 - timing_s/adv:4.327 - timing_s/update_actor:56.385 - timing_s/step:91.634 - timing_per_token_ms/gen:0.029 - timing_per_token_ms/update_actor:0.054 - timing_per_token_ms/adv:0.004 - perf/total_num_tokens:1047633.000 - perf/time_per_step:91.634 - perf/throughput:1429.100
[36m(TaskRunner pid=2663854)[0m [Shutdown] 2 subprocess(es) terminated.
[36m(TaskRunner pid=2663854)[0m step:2 - training/rollout_probs_diff_max:0.000 - training/rollout_probs_diff_mean:0.000 - training/rollout_probs_diff_std:0.000 - full_rollout_target/enabled:1.000 - full_rollout_target/mode_top1_answer_cluster:1.000 - full_rollout_target/alpha:6.000 - full_rollout_target/beta:4.000 - full_rollout_target/slack:0.020 - full_rollout_target/eps:0.000 - full_rollout_target/support_coverage:0.130 - full_rollout_target/oov_ratio:0.870 - full_rollout_target/top1_mass:0.490 - full_rollout_target/top2_mass:0.105 - full_rollout_target/margin:0.385 - full_rollout_target/target_entropy:0.495 - full_rollout_target/valid_answer_coverage:0.636 - full_rollout_target/prompt_weight_mean:0.156 - full_rollout_target/nonzero_ratio:0.116 - full_rollout_target/representative_ratio:0.116 - full_rollout_target/weight_mean:0.116 - full_rollout_target/weight_max:1.082 - full_rollout_target/weight_min:0.000 - full_rollout_target/weight_before_clip_max:1.455 - full_rollout_target/weight_before_clip_mean:0.156 - full_rollout_target/weight_clip:4.000 - full_rollout_target/weight_clip_renorm:1.000 - full_rollout_target/num_actor_samples:1024.000 - full_rollout_target/observed_reward_mean:0.312 - full_rollout_target/clean_rollout_ratio:0.764 - full_rollout_target/repeated_boxed_ratio:0.071 - full_rollout_target/empty_boxed_ratio:0.070 - full_rollout_target/assistant_marker_ratio:0.122 - full_rollout_target/human_marker_ratio:0.110 - full_rollout_target/document_marker_ratio:0.003 - full_rollout_target/asy_repeat_ratio:0.001 - full_rollout_target/ngram_repeat_ratio:0.032 - full_rollout_target/prompt_copy_ratio:0.001 - actor/pg_loss:0.000 - actor/chunk_weighted_nll_loss:0.000 - actor/chunk_weight_mean:0.000 - actor/chunk_weight_max:0.000 - actor/chunk_weight_min:0.000 - actor/ppo_kl:0.002 - actor/pg_clipfrac:0.000 - actor/pg_clipfrac_lower:0.000 - actor/grad_norm:0.657 - perf/mfu/actor:0.000 - perf/max_memory_allocated_gb:166.176 - perf/max_memory_reserved_gb:176.166 - perf/cpu_memory_used_gb:753.787 - actor/lr:0.000 - training/global_step:2.000 - training/epoch:0.000 - critic/score/mean:0.312 - critic/score/max:1.000 - critic/score/min:0.000 - critic/rewards/mean:0.312 - critic/rewards/max:1.000 - critic/rewards/min:0.000 - critic/advantages/mean:-0.169 - critic/advantages/max:5.480 - critic/advantages/min:-2.049 - critic/returns/mean:-0.169 - critic/returns/max:5.480 - critic/returns/min:-2.049 - response_length/mean:1063.890 - response_length/max:3072.000 - response_length/min:2.000 - response_length/clip_ratio:0.085 - prompt_length/mean:87.938 - prompt_length/max:202.000 - prompt_length/min:42.000 - prompt_length/clip_ratio:0.000 - timing_s/generate_sequences:14.531 - timing_s/reshard:0.609 - timing_s/gen:16.215 - timing_s/reward:3.352 - timing_s/old_log_prob:0.048 - timing_s/adv:13.659 - timing_s/update_actor:57.322 - timing_s/step:90.599 - timing_per_token_ms/gen:0.015 - timing_per_token_ms/update_actor:0.049 - timing_per_token_ms/adv:0.012 - perf/total_num_tokens:1179471.000 - perf/time_per_step:90.599 - perf/throughput:1627.324
[36m(TaskRunner pid=2663854)[0m [Shutdown] 3 subprocess(es) terminated.
[36m(TaskRunner pid=2663854)[0m Training Progress:  15%|█▌        | 3/20 [04:21<24:11, 85.39s/it]
[36m(TaskRunner pid=2663854)[0m Training Progress:  20%|██        | 4/20 [05:37<21:52, 82.05s/it]
[36m(TaskRunner pid=2663854)[0m <string>:1: SymPyDeprecationWarning: 
[36m(TaskRunner pid=2663854)[0m 
[36m(TaskRunner pid=2663854)[0m Using non-Expr arguments in Pow is deprecated (in this case, one of the
[36m(TaskRunner pid=2663854)[0m arguments is of type 'FiniteSet').
[36m(TaskRunner pid=2663854)[0m 
[36m(TaskRunner pid=2663854)[0m If you really did intend to construct a power with this base, use the **
[36m(TaskRunner pid=2663854)[0m operator instead.
[36m(TaskRunner pid=2663854)[0m 
[36m(TaskRunner pid=2663854)[0m See https://docs.sympy.org/latest/explanation/active-deprecations.html#non-expr-args-deprecated
[36m(TaskRunner pid=2663854)[0m for details.
[36m(TaskRunner pid=2663854)[0m 
[36m(TaskRunner pid=2663854)[0m This has been deprecated since SymPy version 1.7. It
[36m(TaskRunner pid=2663854)[0m will be removed in a future version of SymPy.
[36m(TaskRunner pid=2663854)[0m 
[36m(TaskRunner pid=2663854)[0m /mlx_devbox/users/quyanyi/playground/.venvs/ttrl_b200/lib/python3.11/site-packages/sympy/simplify/simplify.py:1766: SymPyDeprecationWarning: 
[36m(TaskRunner pid=2663854)[0m 
[36m(TaskRunner pid=2663854)[0m Using non-Expr arguments in Pow is deprecated (in this case, one of the
[36m(TaskRunner pid=2663854)[0m arguments is of type 'FiniteSet').
[36m(TaskRunner pid=2663854)[0m 
[36m(TaskRunner pid=2663854)[0m If you really did intend to construct a power with this base, use the **
[36m(TaskRunner pid=2663854)[0m operator instead.
[36m(TaskRunner pid=2663854)[0m 
[36m(TaskRunner pid=2663854)[0m See https://docs.sympy.org/latest/explanation/active-deprecations.html#non-expr-args-deprecated
[36m(TaskRunner pid=2663854)[0m for details.
[36m(TaskRunner pid=2663854)[0m 
[36m(TaskRunner pid=2663854)[0m This has been deprecated since SymPy version 1.7. It
[36m(TaskRunner pid=2663854)[0m will be removed in a future version of SymPy.
[36m(TaskRunner pid=2663854)[0m 
[36m(TaskRunner pid=2663854)[0m   return _Pow(nc_simplify(args[0]), args[1]).doit()
[36m(TaskRunner pid=2663854)[0m <string>:1: SymPyDeprecationWarning: 
[36m(TaskRunner pid=2663854)[0m 
[36m(TaskRunner pid=2663854)[0m Using non-Expr arguments in Pow is deprecated (in this case, one of the
[36m(TaskRunner pid=2663854)[0m arguments is of type 'FiniteSet').
[36m(TaskRunner pid=2663854)[0m 
[36m(TaskRunner pid=2663854)[0m If you really did intend to construct a power with this base, use the **
[36m(TaskRunner pid=2663854)[0m operator instead.
[36m(TaskRunner pid=2663854)[0m 
[36m(TaskRunner pid=2663854)[0m See https://docs.sympy.org/latest/explanation/active-deprecations.html#non-expr-args-deprecated
[36m(TaskRunner pid=2663854)[0m for details.
[36m(TaskRunner pid=2663854)[0m 
[36m(TaskRunner pid=2663854)[0m This has been deprecated since SymPy version 1.7. It
[36m(TaskRunner pid=2663854)[0m will be removed in a future version of SymPy.
[36m(TaskRunner pid=2663854)[0m 
[36m(TaskRunner pid=2663854)[0m step:3 - training/rollout_probs_diff_max:0.000 - training/rollout_probs_diff_mean:0.000 - training/rollout_probs_diff_std:0.000 - full_rollout_target/enabled:1.000 - full_rollout_target/mode_top1_answer_cluster:1.000 - full_rollout_target/alpha:6.000 - full_rollout_target/beta:4.000 - full_rollout_target/slack:0.020 - full_rollout_target/eps:0.000 - full_rollout_target/support_coverage:0.172 - full_rollout_target/oov_ratio:0.828 - full_rollout_target/top1_mass:0.520 - full_rollout_target/top2_mass:0.130 - full_rollout_target/margin:0.390 - full_rollout_target/target_entropy:0.665 - full_rollout_target/valid_answer_coverage:0.613 - full_rollout_target/prompt_weight_mean:0.219 - full_rollout_target/nonzero_ratio:0.145 - full_rollout_target/representative_ratio:0.145 - full_rollout_target/weight_mean:0.145 - full_rollout_target/weight_max:1.244 - full_rollout_target/weight_min:0.000 - full_rollout_target/weight_before_clip_max:1.882 - full_rollout_target/weight_before_clip_mean:0.219 - full_rollout_target/weight_clip:4.000 - full_rollout_target/weight_clip_renorm:1.000 - full_rollout_target/num_actor_samples:1024.000 - full_rollout_target/observed_reward_mean:0.368 - full_rollout_target/clean_rollout_ratio:0.752 - full_rollout_target/repeated_boxed_ratio:0.066 - full_rollout_target/empty_boxed_ratio:0.073 - full_rollout_target/assistant_marker_ratio:0.135 - full_rollout_target/human_marker_ratio:0.134 - full_rollout_target/document_marker_ratio:0.001 - full_rollout_target/asy_repeat_ratio:0.008 - full_rollout_target/ngram_repeat_ratio:0.030 - full_rollout_target/prompt_copy_ratio:0.000 - actor/pg_loss:0.060 - actor/chunk_weighted_nll_loss:0.060 - actor/chunk_weight_mean:0.165 - actor/chunk_weight_max:0.783 - actor/chunk_weight_min:0.000 - actor/ppo_kl:0.001 - actor/pg_clipfrac:0.000 - actor/pg_clipfrac_lower:0.000 - actor/grad_norm:0.671 - perf/mfu/actor:0.000 - perf/max_memory_allocated_gb:166.176 - perf/max_memory_reserved_gb:176.166 - perf/cpu_memory_used_gb:754.169 - actor/lr:0.000 - training/global_step:3.000 - training/epoch:0.000 - critic/score/mean:0.368 - critic/score/max:1.000 - critic/score/min:0.000 - critic/rewards/mean:0.368 - critic/rewards/max:1.000 - critic/rewards/min:0.000 - critic/advantages/mean:-0.197 - critic/advantages/max:5.480 - critic/advantages/min:-2.604 - critic/returns/mean:-0.197 - critic/returns/max:5.480 - critic/returns/min:-2.604 - response_length/mean:990.955 - response_length/max:3072.000 - response_length/min:3.000 - response_length/clip_ratio:0.079 - prompt_length/mean:112.250 - prompt_length/max:695.000 - prompt_length/min:44.000 - prompt_length/clip_ratio:0.000 - timing_s/generate_sequences:14.307 - timing_s/reshard:0.459 - timing_s/gen:16.044 - timing_s/reward:3.068 - timing_s/old_log_prob:0.043 - timing_s/adv:3.051 - timing_s/update_actor:56.319 - timing_s/step:78.529 - timing_per_token_ms/gen:0.016 - timing_per_token_ms/update_actor:0.050 - timing_per_token_ms/adv:0.003 - perf/total_num_tokens:1129682.000 - perf/time_per_step:78.529 - perf/throughput:1798.197
[36m(TaskRunner pid=2663854)[0m [Shutdown] 6 subprocess(es) terminated.
[36m(TaskRunner pid=2663854)[0m step:4 - training/rollout_probs_diff_max:0.000 - training/rollout_probs_diff_mean:0.000 - training/rollout_probs_diff_std:0.000 - full_rollout_target/enabled:1.000 - full_rollout_target/mode_top1_answer_cluster:1.000 - full_rollout_target/alpha:6.000 - full_rollout_target/beta:4.000 - full_rollout_target/slack:0.020 - full_rollout_target/eps:0.000 - full_rollout_target/support_coverage:0.201 - full_rollout_target/oov_ratio:0.799 - full_rollout_target/top1_mass:0.520 - full_rollout_target/top2_mass:0.083 - full_rollout_target/margin:0.436 - full_rollout_target/target_entropy:0.760 - full_rollout_target/valid_answer_coverage:0.703 - full_rollout_target/prompt_weight_mean:0.250 - full_rollout_target/nonzero_ratio:0.167 - full_rollout_target/representative_ratio:0.167 - full_rollout_target/weight_mean:0.167 - full_rollout_target/weight_max:1.425 - full_rollout_target/weight_min:0.000 - full_rollout_target/weight_before_clip_max:2.133 - full_rollout_target/weight_before_clip_mean:0.250 - full_rollout_target/weight_clip:4.000 - full_rollout_target/weight_clip_renorm:1.000 - full_rollout_target/num_actor_samples:1024.000 - full_rollout_target/observed_reward_mean:0.393 - full_rollout_target/clean_rollout_ratio:0.832 - full_rollout_target/repeated_boxed_ratio:0.036 - full_rollout_target/empty_boxed_ratio:0.049 - full_rollout_target/assistant_marker_ratio:0.081 - full_rollout_target/human_marker_ratio:0.076 - full_rollout_target/document_marker_ratio:0.007 - full_rollout_target/asy_repeat_ratio:0.006 - full_rollout_target/ngram_repeat_ratio:0.021 - full_rollout_target/prompt_copy_ratio:0.000 - actor/pg_loss:0.032 - actor/chunk_weighted_nll_loss:0.032 - actor/chunk_weight_mean:0.167 - actor/chunk_weight_max:1.425 - actor/chunk_weight_min:0.000 - actor/ppo_kl:0.001 - actor/pg_clipfrac:0.000 - actor/pg_clipfrac_lower:0.000 - actor/grad_norm:0.340 - perf/mfu/actor:0.000 - perf/max_memory_allocated_gb:166.176 - perf/max_memory_reserved_gb:176.166 - perf/cpu_memory_used_gb:753.910 - actor/lr:0.000 - training/global_step:4.000 - training/epoch:0.000 - critic/score/mean:0.393 - critic/score/max:1.000 - critic/score/min:0.000 - critic/rewards/mean:0.393 - critic/rewards/max:1.000 - critic/rewards/min:0.000 - critic/advantages/mean:-0.145 - critic/advantages/max:5.480 - critic/advantages/min:-3.060 - critic/returns/mean:-0.145 - critic/returns/max:5.480 - critic/returns/min:-3.060 - response_length/mean:962.859 - response_length/max:3072.000 - response_length/min:2.000 - response_length/clip_ratio:0.069 - prompt_length/mean:99.281 - prompt_length/max:488.000 - prompt_length/min:40.000 - prompt_length/clip_ratio:0.000 - timing_s/generate_sequences:14.226 - timing_s/reshard:0.557 - timing_s/gen:16.206 - timing_s/reward:3.102 - timing_s/old_log_prob:0.050 - timing_s/adv:3.350 - timing_s/update_actor:54.192 - timing_s/step:76.903 - timing_per_token_ms/gen:0.016 - timing_per_token_ms/update_actor:0.050 - timing_per_token_ms/adv:0.003 - perf/total_num_tokens:1087632.000 - perf/time_per_step:76.903 - perf/throughput:1767.867
[36m(TaskRunner pid=2663854)[0m [Shutdown] 3 subprocess(es) terminated.
[36m(TaskRunner pid=2663854)[0m Training Progress:  25%|██▌       | 5/20 [06:54<20:01, 80.12s/it]
[36m(TaskRunner pid=2663854)[0m <string>:1: SymPyDeprecationWarning: 
[36m(TaskRunner pid=2663854)[0m 
[36m(TaskRunner pid=2663854)[0m Using non-Expr arguments in Pow is deprecated (in this case, one of the
[36m(TaskRunner pid=2663854)[0m arguments is of type 'FiniteSet').
[36m(TaskRunner pid=2663854)[0m 
[36m(TaskRunner pid=2663854)[0m If you really did intend to construct a power with this base, use the **
[36m(TaskRunner pid=2663854)[0m operator instead.
[36m(TaskRunner pid=2663854)[0m 
[36m(TaskRunner pid=2663854)[0m See https://docs.sympy.org/latest/explanation/active-deprecations.html#non-expr-args-deprecated
[36m(TaskRunner pid=2663854)[0m for details.
[36m(TaskRunner pid=2663854)[0m 
[36m(TaskRunner pid=2663854)[0m This has been deprecated since SymPy version 1.7. It
[36m(TaskRunner pid=2663854)[0m will be removed in a future version of SymPy.
[36m(TaskRunner pid=2663854)[0m 
[36m(TaskRunner pid=2663854)[0m Training Progress:  30%|███       | 6/20 [08:10<18:22, 78.72s/it]
[36m(TaskRunner pid=2663854)[0m step:5 - training/rollout_probs_diff_max:0.000 - training/rollout_probs_diff_mean:0.000 - training/rollout_probs_diff_std:0.000 - full_rollout_target/enabled:1.000 - full_rollout_target/mode_top1_answer_cluster:1.000 - full_rollout_target/alpha:6.000 - full_rollout_target/beta:4.000 - full_rollout_target/slack:0.020 - full_rollout_target/eps:0.000 - full_rollout_target/support_coverage:0.180 - full_rollout_target/oov_ratio:0.820 - full_rollout_target/top1_mass:0.537 - full_rollout_target/top2_mass:0.097 - full_rollout_target/margin:0.440 - full_rollout_target/target_entropy:0.691 - full_rollout_target/valid_answer_coverage:0.662 - full_rollout_target/prompt_weight_mean:0.219 - full_rollout_target/nonzero_ratio:0.163 - full_rollout_target/representative_ratio:0.163 - full_rollout_target/weight_mean:0.163 - full_rollout_target/weight_max:1.403 - full_rollout_target/weight_min:0.000 - full_rollout_target/weight_before_clip_max:1.882 - full_rollout_target/weight_before_clip_mean:0.219 - full_rollout_target/weight_clip:4.000 - full_rollout_target/weight_clip_renorm:1.000 - full_rollout_target/num_actor_samples:1024.000 - full_rollout_target/observed_reward_mean:0.375 - full_rollout_target/clean_rollout_ratio:0.816 - full_rollout_target/repeated_boxed_ratio:0.057 - full_rollout_target/empty_boxed_ratio:0.057 - full_rollout_target/assistant_marker_ratio:0.078 - full_rollout_target/human_marker_ratio:0.076 - full_rollout_target/document_marker_ratio:0.002 - full_rollout_target/asy_repeat_ratio:0.002 - full_rollout_target/ngram_repeat_ratio:0.034 - full_rollout_target/prompt_copy_ratio:0.000 - actor/pg_loss:0.041 - actor/chunk_weighted_nll_loss:0.041 - actor/chunk_weight_mean:0.186 - actor/chunk_weight_max:0.954 - actor/chunk_weight_min:0.000 - actor/ppo_kl:0.001 - actor/pg_clipfrac:0.000 - actor/pg_clipfrac_lower:0.000 - actor/grad_norm:0.336 - perf/mfu/actor:0.000 - perf/max_memory_allocated_gb:166.176 - perf/max_memory_reserved_gb:176.225 - perf/cpu_memory_used_gb:754.089 - actor/lr:0.000 - training/global_step:5.000 - training/epoch:0.000 - critic/score/mean:0.375 - critic/score/max:1.000 - critic/score/min:0.000 - critic/rewards/mean:0.375 - critic/rewards/max:1.000 - critic/rewards/min:0.000 - critic/advantages/mean:-0.222 - critic/advantages/max:3.812 - critic/advantages/min:-3.060 - critic/returns/mean:-0.222 - critic/returns/max:3.812 - critic/returns/min:-3.060 - response_length/mean:892.925 - response_length/max:3072.000 - response_length/min:2.000 - response_length/clip_ratio:0.070 - prompt_length/mean:115.031 - prompt_length/max:376.000 - prompt_length/min:41.000 - prompt_length/clip_ratio:0.000 - timing_s/generate_sequences:14.059 - timing_s/reshard:0.522 - timing_s/gen:15.577 - timing_s/reward:3.544 - timing_s/old_log_prob:0.044 - timing_s/adv:2.935 - timing_s/update_actor:54.573 - timing_s/step:76.678 - timing_per_token_ms/gen:0.017 - timing_per_token_ms/update_actor:0.053 - timing_per_token_ms/adv:0.003 - perf/total_num_tokens:1032147.000 - perf/time_per_step:76.678 - perf/throughput:1682.609
[36m(TaskRunner pid=2663854)[0m [Shutdown] 36 subprocess(es) terminated.
[36m(TaskRunner pid=2663854)[0m step:6 - training/rollout_probs_diff_max:0.000 - training/rollout_probs_diff_mean:0.000 - training/rollout_probs_diff_std:0.000 - full_rollout_target/enabled:1.000 - full_rollout_target/mode_top1_answer_cluster:1.000 - full_rollout_target/alpha:6.000 - full_rollout_target/beta:4.000 - full_rollout_target/slack:0.020 - full_rollout_target/eps:0.000 - full_rollout_target/support_coverage:0.150 - full_rollout_target/oov_ratio:0.850 - full_rollout_target/top1_mass:0.476 - full_rollout_target/top2_mass:0.111 - full_rollout_target/margin:0.364 - full_rollout_target/target_entropy:0.626 - full_rollout_target/valid_answer_coverage:0.671 - full_rollout_target/prompt_weight_mean:0.219 - full_rollout_target/nonzero_ratio:0.122 - full_rollout_target/representative_ratio:0.122 - full_rollout_target/weight_mean:0.122 - full_rollout_target/weight_max:1.276 - full_rollout_target/weight_min:0.000 - full_rollout_target/weight_before_clip_max:2.286 - full_rollout_target/weight_before_clip_mean:0.219 - full_rollout_target/weight_clip:4.000 - full_rollout_target/weight_clip_renorm:1.000 - full_rollout_target/num_actor_samples:1024.000 - full_rollout_target/observed_reward_mean:0.323 - full_rollout_target/clean_rollout_ratio:0.818 - full_rollout_target/repeated_boxed_ratio:0.053 - full_rollout_target/empty_boxed_ratio:0.054 - full_rollout_target/assistant_marker_ratio:0.096 - full_rollout_target/human_marker_ratio:0.092 - full_rollout_target/document_marker_ratio:0.002 - full_rollout_target/asy_repeat_ratio:0.001 - full_rollout_target/ngram_repeat_ratio:0.024 - full_rollout_target/prompt_copy_ratio:0.001 - actor/pg_loss:0.025 - actor/chunk_weighted_nll_loss:0.025 - actor/chunk_weight_mean:0.140 - actor/chunk_weight_max:1.190 - actor/chunk_weight_min:0.000 - actor/ppo_kl:-0.000 - actor/pg_clipfrac:0.000 - actor/pg_clipfrac_lower:0.000 - actor/grad_norm:0.477 - perf/mfu/actor:0.000 - perf/max_memory_allocated_gb:166.176 - perf/max_memory_reserved_gb:176.225 - perf/cpu_memory_used_gb:754.055 - actor/lr:0.000 - training/global_step:6.000 - training/epoch:0.000 - critic/score/mean:0.323 - critic/score/max:1.000 - critic/score/min:0.000 - critic/rewards/mean:0.323 - critic/rewards/max:1.000 - critic/rewards/min:0.000 - critic/advantages/mean:-0.174 - critic/advantages/max:5.480 - critic/advantages/min:-1.860 - critic/returns/mean:-0.174 - critic/returns/max:5.480 - critic/returns/min:-1.860 - response_length/mean:926.347 - response_length/max:3072.000 - response_length/min:2.000 - response_length/clip_ratio:0.072 - prompt_length/mean:83.688 - prompt_length/max:279.000 - prompt_length/min:42.000 - prompt_length/clip_ratio:0.000 - timing_s/generate_sequences:14.089 - timing_s/reshard:0.615 - timing_s/gen:15.371 - timing_s/reward:3.185 - timing_s/old_log_prob:0.049 - timing_s/adv:2.608 - timing_s/update_actor:54.757 - timing_s/step:75.972 - timing_per_token_ms/gen:0.016 - timing_per_token_ms/update_actor:0.053 - timing_per_token_ms/adv:0.003 - perf/total_num_tokens:1034275.000 - perf/time_per_step:75.972 - perf/throughput:1701.726
[36m(TaskRunner pid=2663854)[0m [Shutdown] 3 subprocess(es) terminated.
[36m(TaskRunner pid=2663854)[0m Training Progress:  35%|███▌      | 7/20 [09:26<16:52, 77.90s/it]
[36m(TaskRunner pid=2663854)[0m Training Progress:  40%|████      | 8/20 [10:42<15:27, 77.25s/it]
[36m(TaskRunner pid=2663854)[0m step:7 - training/rollout_probs_diff_max:0.000 - training/rollout_probs_diff_mean:0.000 - training/rollout_probs_diff_std:0.000 - full_rollout_target/enabled:1.000 - full_rollout_target/mode_top1_answer_cluster:1.000 - full_rollout_target/alpha:6.000 - full_rollout_target/beta:4.000 - full_rollout_target/slack:0.020 - full_rollout_target/eps:0.000 - full_rollout_target/support_coverage:0.302 - full_rollout_target/oov_ratio:0.698 - full_rollout_target/top1_mass:0.537 - full_rollout_target/top2_mass:0.095 - full_rollout_target/margin:0.442 - full_rollout_target/target_entropy:1.145 - full_rollout_target/valid_answer_coverage:0.687 - full_rollout_target/prompt_weight_mean:0.375 - full_rollout_target/nonzero_ratio:0.251 - full_rollout_target/representative_ratio:0.251 - full_rollout_target/weight_mean:0.251 - full_rollout_target/weight_max:1.428 - full_rollout_target/weight_min:0.000 - full_rollout_target/weight_before_clip_max:2.133 - full_rollout_target/weight_before_clip_mean:0.375 - full_rollout_target/weight_clip:4.000 - full_rollout_target/weight_clip_renorm:1.000 - full_rollout_target/num_actor_samples:1024.000 - full_rollout_target/observed_reward_mean:0.399 - full_rollout_target/clean_rollout_ratio:0.803 - full_rollout_target/repeated_boxed_ratio:0.062 - full_rollout_target/empty_boxed_ratio:0.071 - full_rollout_target/assistant_marker_ratio:0.106 - full_rollout_target/human_marker_ratio:0.105 - full_rollout_target/document_marker_ratio:0.005 - full_rollout_target/asy_repeat_ratio:0.003 - full_rollout_target/ngram_repeat_ratio:0.018 - full_rollout_target/prompt_copy_ratio:0.001 - actor/pg_loss:0.011 - actor/chunk_weighted_nll_loss:0.011 - actor/chunk_weight_mean:0.167 - actor/chunk_weight_max:0.793 - actor/chunk_weight_min:0.000 - actor/ppo_kl:0.001 - actor/pg_clipfrac:0.000 - actor/pg_clipfrac_lower:0.000 - actor/grad_norm:0.889 - perf/mfu/actor:0.000 - perf/max_memory_allocated_gb:166.176 - perf/max_memory_reserved_gb:176.225 - perf/cpu_memory_used_gb:754.273 - actor/lr:0.000 - training/global_step:7.000 - training/epoch:0.000 - critic/score/mean:0.399 - critic/score/max:1.000 - critic/score/min:0.000 - critic/rewards/mean:0.399 - critic/rewards/max:1.000 - critic/rewards/min:0.000 - critic/advantages/mean:-0.234 - critic/advantages/max:3.812 - critic/advantages/min:-2.604 - critic/returns/mean:-0.234 - critic/returns/max:3.812 - critic/returns/min:-2.604 - response_length/mean:888.408 - response_length/max:3072.000 - response_length/min:4.000 - response_length/clip_ratio:0.069 - prompt_length/mean:86.781 - prompt_length/max:229.000 - prompt_length/min:36.000 - prompt_length/clip_ratio:0.000 - timing_s/generate_sequences:14.004 - timing_s/reshard:0.483 - timing_s/gen:15.712 - timing_s/reward:3.199 - timing_s/old_log_prob:0.044 - timing_s/adv:2.358 - timing_s/update_actor:54.858 - timing_s/step:76.174 - timing_per_token_ms/gen:0.017 - timing_per_token_ms/update_actor:0.055 - timing_per_token_ms/adv:0.002 - perf/total_num_tokens:998594.000 - perf/time_per_step:76.174 - perf/throughput:1638.670
[36m(TaskRunner pid=2663854)[0m [Shutdown] 2 subprocess(es) terminated.
[36m(TaskRunner pid=2663854)[0m step:8 - training/rollout_probs_diff_max:0.000 - training/rollout_probs_diff_mean:0.000 - training/rollout_probs_diff_std:0.000 - full_rollout_target/enabled:1.000 - full_rollout_target/mode_top1_answer_cluster:1.000 - full_rollout_target/alpha:6.000 - full_rollout_target/beta:4.000 - full_rollout_target/slack:0.020 - full_rollout_target/eps:0.000 - full_rollout_target/support_coverage:0.271 - full_rollout_target/oov_ratio:0.729 - full_rollout_target/top1_mass:0.503 - full_rollout_target/top2_mass:0.127 - full_rollout_target/margin:0.376 - full_rollout_target/target_entropy:1.136 - full_rollout_target/valid_answer_coverage:0.770 - full_rollout_target/prompt_weight_mean:0.375 - full_rollout_target/nonzero_ratio:0.245 - full_rollout_target/representative_ratio:0.245 - full_rollout_target/weight_mean:0.245 - full_rollout_target/weight_max:1.394 - full_rollout_target/weight_min:0.000 - full_rollout_target/weight_before_clip_max:2.133 - full_rollout_target/weight_before_clip_mean:0.375 - full_rollout_target/weight_clip:4.000 - full_rollout_target/weight_clip_renorm:1.000 - full_rollout_target/num_actor_samples:1024.000 - full_rollout_target/observed_reward_mean:0.390 - full_rollout_target/clean_rollout_ratio:0.868 - full_rollout_target/repeated_boxed_ratio:0.039 - full_rollout_target/empty_boxed_ratio:0.032 - full_rollout_target/assistant_marker_ratio:0.070 - full_rollout_target/human_marker_ratio:0.064 - full_rollout_target/document_marker_ratio:0.003 - full_rollout_target/asy_repeat_ratio:0.000 - full_rollout_target/ngram_repeat_ratio:0.019 - full_rollout_target/prompt_copy_ratio:0.000 - actor/pg_loss:0.029 - actor/chunk_weighted_nll_loss:0.029 - actor/chunk_weight_mean:0.163 - actor/chunk_weight_max:0.872 - actor/chunk_weight_min:0.000 - actor/ppo_kl:0.001 - actor/pg_clipfrac:0.000 - actor/pg_clipfrac_lower:0.000 - actor/grad_norm:2.223 - perf/mfu/actor:0.000 - perf/max_memory_allocated_gb:166.176 - perf/max_memory_reserved_gb:176.225 - perf/cpu_memory_used_gb:754.130 - actor/lr:0.000 - training/global_step:8.000 - training/epoch:0.000 - critic/score/mean:0.390 - critic/score/max:1.000 - critic/score/min:0.000 - critic/rewards/mean:0.390 - critic/rewards/max:1.000 - critic/rewards/min:0.000 - critic/advantages/mean:-0.175 - critic/advantages/max:5.480 - critic/advantages/min:-2.049 - critic/returns/mean:-0.175 - critic/returns/max:5.480 - critic/returns/min:-2.049 - response_length/mean:884.678 - response_length/max:3072.000 - response_length/min:2.000 - response_length/clip_ratio:0.064 - prompt_length/mean:113.562 - prompt_length/max:728.000 - prompt_length/min:42.000 - prompt_length/clip_ratio:0.000 - timing_s/generate_sequences:14.039 - timing_s/reshard:0.480 - timing_s/gen:15.099 - timing_s/reward:3.165 - timing_s/old_log_prob:0.053 - timing_s/adv:2.805 - timing_s/update_actor:54.717 - timing_s/step:75.842 - timing_per_token_ms/gen:0.017 - timing_per_token_ms/update_actor:0.054 - timing_per_token_ms/adv:0.003 - perf/total_num_tokens:1022198.000 - perf/time_per_step:75.842 - perf/throughput:1684.740
[36m(TaskRunner pid=2663854)[0m [Shutdown] 7 subprocess(es) terminated.
[36m(TaskRunner pid=2663854)[0m Training Progress:  45%|████▌     | 9/20 [12:02<14:18, 78.04s/it]
[36m(TaskRunner pid=2663854)[0m Training Progress:  50%|█████     | 10/20 [13:18<12:53, 77.33s/it]
[36m(TaskRunner pid=2663854)[0m step:9 - training/rollout_probs_diff_max:0.000 - training/rollout_probs_diff_mean:0.000 - training/rollout_probs_diff_std:0.000 - full_rollout_target/enabled:1.000 - full_rollout_target/mode_top1_answer_cluster:1.000 - full_rollout_target/alpha:6.000 - full_rollout_target/beta:4.000 - full_rollout_target/slack:0.020 - full_rollout_target/eps:0.000 - full_rollout_target/support_coverage:0.317 - full_rollout_target/oov_ratio:0.683 - full_rollout_target/top1_mass:0.567 - full_rollout_target/top2_mass:0.091 - full_rollout_target/margin:0.476 - full_rollout_target/target_entropy:1.240 - full_rollout_target/valid_answer_coverage:0.791 - full_rollout_target/prompt_weight_mean:0.406 - full_rollout_target/nonzero_ratio:0.272 - full_rollout_target/representative_ratio:0.272 - full_rollout_target/weight_mean:0.272 - full_rollout_target/weight_max:1.431 - full_rollout_target/weight_min:0.000 - full_rollout_target/weight_before_clip_max:2.133 - full_rollout_target/weight_before_clip_mean:0.406 - full_rollout_target/weight_clip:4.000 - full_rollout_target/weight_clip_renorm:1.000 - full_rollout_target/num_actor_samples:1024.000 - full_rollout_target/observed_reward_mean:0.459 - full_rollout_target/clean_rollout_ratio:0.880 - full_rollout_target/repeated_boxed_ratio:0.031 - full_rollout_target/empty_boxed_ratio:0.041 - full_rollout_target/assistant_marker_ratio:0.052 - full_rollout_target/human_marker_ratio:0.048 - full_rollout_target/document_marker_ratio:0.000 - full_rollout_target/asy_repeat_ratio:0.002 - full_rollout_target/ngram_repeat_ratio:0.029 - full_rollout_target/prompt_copy_ratio:0.001 - actor/pg_loss:0.124 - actor/chunk_weighted_nll_loss:0.124 - actor/chunk_weight_mean:0.503 - actor/chunk_weight_max:1.192 - actor/chunk_weight_min:0.000 - actor/ppo_kl:0.001 - actor/pg_clipfrac:0.000 - actor/pg_clipfrac_lower:0.000 - actor/grad_norm:1.061 - perf/mfu/actor:0.000 - perf/max_memory_allocated_gb:166.176 - perf/max_memory_reserved_gb:176.225 - perf/cpu_memory_used_gb:754.081 - actor/lr:0.000 - training/global_step:9.000 - training/epoch:0.000 - critic/score/mean:0.459 - critic/score/max:1.000 - critic/score/min:0.000 - critic/rewards/mean:0.459 - critic/rewards/max:1.000 - critic/rewards/min:0.000 - critic/advantages/mean:-0.249 - critic/advantages/max:3.060 - critic/advantages/min:-2.604 - critic/returns/mean:-0.249 - critic/returns/max:3.060 - critic/returns/min:-2.604 - response_length/mean:946.978 - response_length/max:3072.000 - response_length/min:8.000 - response_length/clip_ratio:0.063 - prompt_length/mean:100.938 - prompt_length/max:306.000 - prompt_length/min:44.000 - prompt_length/clip_ratio:0.000 - timing_s/generate_sequences:14.170 - timing_s/reshard:0.490 - timing_s/gen:15.515 - timing_s/reward:3.349 - timing_s/old_log_prob:0.047 - timing_s/adv:3.122 - timing_s/update_actor:57.686 - timing_s/step:79.723 - timing_per_token_ms/gen:0.016 - timing_per_token_ms/update_actor:0.054 - timing_per_token_ms/adv:0.003 - perf/total_num_tokens:1073065.000 - perf/time_per_step:79.723 - perf/throughput:1682.489
[36m(TaskRunner pid=2663854)[0m [Shutdown] 4 subprocess(es) terminated.
[36m(TaskRunner pid=2663854)[0m step:10 - training/rollout_probs_diff_max:0.000 - training/rollout_probs_diff_mean:0.000 - training/rollout_probs_diff_std:0.000 - full_rollout_target/enabled:1.000 - full_rollout_target/mode_top1_answer_cluster:1.000 - full_rollout_target/alpha:6.000 - full_rollout_target/beta:4.000 - full_rollout_target/slack:0.020 - full_rollout_target/eps:0.000 - full_rollout_target/support_coverage:0.353 - full_rollout_target/oov_ratio:0.647 - full_rollout_target/top1_mass:0.578 - full_rollout_target/top2_mass:0.074 - full_rollout_target/margin:0.504 - full_rollout_target/target_entropy:1.368 - full_rollout_target/valid_answer_coverage:0.757 - full_rollout_target/prompt_weight_mean:0.438 - full_rollout_target/nonzero_ratio:0.315 - full_rollout_target/representative_ratio:0.315 - full_rollout_target/weight_mean:0.315 - full_rollout_target/weight_max:1.442 - full_rollout_target/weight_min:0.000 - full_rollout_target/weight_before_clip_max:2.000 - full_rollout_target/weight_before_clip_mean:0.438 - full_rollout_target/weight_clip:4.000 - full_rollout_target/weight_clip_renorm:1.000 - full_rollout_target/num_actor_samples:1024.000 - full_rollout_target/observed_reward_mean:0.446 - full_rollout_target/clean_rollout_ratio:0.839 - full_rollout_target/repeated_boxed_ratio:0.039 - full_rollout_target/empty_boxed_ratio:0.054 - full_rollout_target/assistant_marker_ratio:0.083 - full_rollout_target/human_marker_ratio:0.083 - full_rollout_target/document_marker_ratio:0.003 - full_rollout_target/asy_repeat_ratio:0.000 - full_rollout_target/ngram_repeat_ratio:0.020 - full_rollout_target/prompt_copy_ratio:0.000 - actor/pg_loss:0.123 - actor/chunk_weighted_nll_loss:0.123 - actor/chunk_weight_mean:0.541 - actor/chunk_weight_max:1.003 - actor/chunk_weight_min:0.000 - actor/ppo_kl:0.001 - actor/pg_clipfrac:0.000 - actor/pg_clipfrac_lower:0.000 - actor/grad_norm:0.508 - perf/mfu/actor:0.000 - perf/max_memory_allocated_gb:166.176 - perf/max_memory_reserved_gb:176.225 - perf/cpu_memory_used_gb:754.202 - actor/lr:0.000 - training/global_step:10.000 - training/epoch:0.000 - critic/score/mean:0.446 - critic/score/max:1.000 - critic/score/min:0.000 - critic/rewards/mean:0.446 - critic/rewards/max:1.000 - critic/rewards/min:0.000 - critic/advantages/mean:-0.252 - critic/advantages/max:5.480 - critic/advantages/min:-2.604 - critic/returns/mean:-0.252 - critic/returns/max:5.480 - critic/returns/min:-2.604 - response_length/mean:891.836 - response_length/max:3072.000 - response_length/min:3.000 - response_length/clip_ratio:0.063 - prompt_length/mean:82.594 - prompt_length/max:185.000 - prompt_length/min:47.000 - prompt_length/clip_ratio:0.000 - timing_s/generate_sequences:14.002 - timing_s/reshard:0.491 - timing_s/gen:15.191 - timing_s/reward:3.752 - timing_s/old_log_prob:0.055 - timing_s/adv:3.178 - timing_s/update_actor:53.531 - timing_s/step:75.711 - timing_per_token_ms/gen:0.017 - timing_per_token_ms/update_actor:0.054 - timing_per_token_ms/adv:0.003 - perf/total_num_tokens:997816.000 - perf/time_per_step:75.711 - perf/throughput:1647.407
[36m(TaskRunner pid=2663854)[0m [Shutdown] 4 subprocess(es) terminated.
[36m(TaskRunner pid=2663854)[0m Training Progress:  55%|█████▌    | 11/20 [14:36<11:37, 77.51s/it]
[36m(TaskRunner pid=2663854)[0m <string>:1: SymPyDeprecationWarning: 
[36m(TaskRunner pid=2663854)[0m 
[36m(TaskRunner pid=2663854)[0m Using non-Expr arguments in Pow is deprecated (in this case, one of the
[36m(TaskRunner pid=2663854)[0m arguments is of type 'FiniteSet').
[36m(TaskRunner pid=2663854)[0m 
[36m(TaskRunner pid=2663854)[0m If you really did intend to construct a power with this base, use the **
[36m(TaskRunner pid=2663854)[0m operator instead.
[36m(TaskRunner pid=2663854)[0m 
[36m(TaskRunner pid=2663854)[0m See https://docs.sympy.org/latest/explanation/active-deprecations.html#non-expr-args-deprecated
[36m(TaskRunner pid=2663854)[0m for details.
[36m(TaskRunner pid=2663854)[0m 
[36m(TaskRunner pid=2663854)[0m This has been deprecated since SymPy version 1.7. It
[36m(TaskRunner pid=2663854)[0m will be removed in a future version of SymPy.
[36m(TaskRunner pid=2663854)[0m 
[36m(TaskRunner pid=2663854)[0m <string>:1: SymPyDeprecationWarning: 
[36m(TaskRunner pid=2663854)[0m 
[36m(TaskRunner pid=2663854)[0m Using non-Expr arguments in Pow is deprecated (in this case, one of the
[36m(TaskRunner pid=2663854)[0m arguments is of type 'FiniteSet').
[36m(TaskRunner pid=2663854)[0m 
[36m(TaskRunner pid=2663854)[0m If you really did intend to construct a power with this base, use the **
[36m(TaskRunner pid=2663854)[0m operator instead.
[36m(TaskRunner pid=2663854)[0m 
[36m(TaskRunner pid=2663854)[0m See https://docs.sympy.org/latest/explanation/active-deprecations.html#non-expr-args-deprecated
[36m(TaskRunner pid=2663854)[0m for details.
[36m(TaskRunner pid=2663854)[0m 
[36m(TaskRunner pid=2663854)[0m This has been deprecated since SymPy version 1.7. It
[36m(TaskRunner pid=2663854)[0m will be removed in a future version of SymPy.
[36m(TaskRunner pid=2663854)[0m 
[36m(TaskRunner pid=2663854)[0m Training Progress:  60%|██████    | 12/20 [15:52<10:16, 77.12s/it]
[36m(TaskRunner pid=2663854)[0m <string>:1: SymPyDeprecationWarning: 
[36m(TaskRunner pid=2663854)[0m 
[36m(TaskRunner pid=2663854)[0m Using non-Expr arguments in Pow is deprecated (in this case, one of the
[36m(TaskRunner pid=2663854)[0m arguments is of type 'FiniteSet').
[36m(TaskRunner pid=2663854)[0m 
[36m(TaskRunner pid=2663854)[0m If you really did intend to construct a power with this base, use the **
[36m(TaskRunner pid=2663854)[0m operator instead.
[36m(TaskRunner pid=2663854)[0m 
[36m(TaskRunner pid=2663854)[0m See https://docs.sympy.org/latest/explanation/active-deprecations.html#non-expr-args-deprecated
[36m(TaskRunner pid=2663854)[0m for details.
[36m(TaskRunner pid=2663854)[0m 
[36m(TaskRunner pid=2663854)[0m This has been deprecated since SymPy version 1.7. It
[36m(TaskRunner pid=2663854)[0m will be removed in a future version of SymPy.
[36m(TaskRunner pid=2663854)[0m 
[36m(TaskRunner pid=2663854)[0m <string>:1: SymPyDeprecationWarning: 
[36m(TaskRunner pid=2663854)[0m 
[36m(TaskRunner pid=2663854)[0m Using non-Expr arguments in Pow is deprecated (in this case, one of the
[36m(TaskRunner pid=2663854)[0m arguments is of type 'FiniteSet').
[36m(TaskRunner pid=2663854)[0m 
[36m(TaskRunner pid=2663854)[0m If you really did intend to construct a power with this base, use the **
[36m(TaskRunner pid=2663854)[0m operator instead.
[36m(TaskRunner pid=2663854)[0m 
[36m(TaskRunner pid=2663854)[0m See https://docs.sympy.org/latest/explanation/active-deprecations.html#non-expr-args-deprecated
[36m(TaskRunner pid=2663854)[0m for details.
[36m(TaskRunner pid=2663854)[0m 
[36m(TaskRunner pid=2663854)[0m This has been deprecated since SymPy version 1.7. It
[36m(TaskRunner pid=2663854)[0m will be removed in a future version of SymPy.
[36m(TaskRunner pid=2663854)[0m 
[36m(TaskRunner pid=2663854)[0m step:11 - training/rollout_probs_diff_max:0.000 - training/rollout_probs_diff_mean:0.000 - training/rollout_probs_diff_std:0.000 - full_rollout_target/enabled:1.000 - full_rollout_target/mode_top1_answer_cluster:1.000 - full_rollout_target/alpha:6.000 - full_rollout_target/beta:4.000 - full_rollout_target/slack:0.020 - full_rollout_target/eps:0.000 - full_rollout_target/support_coverage:0.402 - full_rollout_target/oov_ratio:0.598 - full_rollout_target/top1_mass:0.632 - full_rollout_target/top2_mass:0.094 - full_rollout_target/margin:0.538 - full_rollout_target/target_entropy:1.631 - full_rollout_target/valid_answer_coverage:0.806 - full_rollout_target/prompt_weight_mean:0.531 - full_rollout_target/nonzero_ratio:0.361 - full_rollout_target/representative_ratio:0.361 - full_rollout_target/weight_mean:0.361 - full_rollout_target/weight_max:1.360 - full_rollout_target/weight_min:0.000 - full_rollout_target/weight_before_clip_max:2.000 - full_rollout_target/weight_before_clip_mean:0.531 - full_rollout_target/weight_clip:4.000 - full_rollout_target/weight_clip_renorm:1.000 - full_rollout_target/num_actor_samples:1024.000 - full_rollout_target/observed_reward_mean:0.537 - full_rollout_target/clean_rollout_ratio:0.882 - full_rollout_target/repeated_boxed_ratio:0.033 - full_rollout_target/empty_boxed_ratio:0.033 - full_rollout_target/assistant_marker_ratio:0.049 - full_rollout_target/human_marker_ratio:0.044 - full_rollout_target/document_marker_ratio:0.003 - full_rollout_target/asy_repeat_ratio:0.000 - full_rollout_target/ngram_repeat_ratio:0.024 - full_rollout_target/prompt_copy_ratio:0.000 - actor/pg_loss:0.152 - actor/chunk_weighted_nll_loss:0.152 - actor/chunk_weight_mean:0.680 - actor/chunk_weight_max:1.209 - actor/chunk_weight_min:0.000 - actor/ppo_kl:0.000 - actor/pg_clipfrac:0.000 - actor/pg_clipfrac_lower:0.000 - actor/grad_norm:1.269 - perf/mfu/actor:0.000 - perf/max_memory_allocated_gb:166.176 - perf/max_memory_reserved_gb:176.225 - perf/cpu_memory_used_gb:754.017 - actor/lr:0.000 - training/global_step:11.000 - training/epoch:0.000 - critic/score/mean:0.537 - critic/score/max:1.000 - critic/score/min:0.000 - critic/rewards/mean:0.537 - critic/rewards/max:1.000 - critic/rewards/min:0.000 - critic/advantages/mean:-0.298 - critic/advantages/max:5.480 - critic/advantages/min:-3.060 - critic/returns/mean:-0.298 - critic/returns/max:5.480 - critic/returns/min:-3.060 - response_length/mean:882.391 - response_length/max:3072.000 - response_length/min:2.000 - response_length/clip_ratio:0.068 - prompt_length/mean:111.250 - prompt_length/max:819.000 - prompt_length/min:38.000 - prompt_length/clip_ratio:0.000 - timing_s/generate_sequences:14.026 - timing_s/reshard:0.451 - timing_s/gen:16.022 - timing_s/reward:3.167 - timing_s/old_log_prob:0.043 - timing_s/adv:3.318 - timing_s/update_actor:55.339 - timing_s/step:77.893 - timing_per_token_ms/gen:0.018 - timing_per_token_ms/update_actor:0.054 - timing_per_token_ms/adv:0.003 - perf/total_num_tokens:1017488.000 - perf/time_per_step:77.893 - perf/throughput:1632.834
[36m(TaskRunner pid=2663854)[0m [Shutdown] 4 subprocess(es) terminated.
[36m(TaskRunner pid=2663854)[0m step:12 - training/rollout_probs_diff_max:0.000 - training/rollout_probs_diff_mean:0.000 - training/rollout_probs_diff_std:0.000 - full_rollout_target/enabled:1.000 - full_rollout_target/mode_top1_answer_cluster:1.000 - full_rollout_target/alpha:6.000 - full_rollout_target/beta:4.000 - full_rollout_target/slack:0.020 - full_rollout_target/eps:0.000 - full_rollout_target/support_coverage:0.314 - full_rollout_target/oov_ratio:0.686 - full_rollout_target/top1_mass:0.537 - full_rollout_target/top2_mass:0.096 - full_rollout_target/margin:0.441 - full_rollout_target/target_entropy:1.247 - full_rollout_target/valid_answer_coverage:0.771 - full_rollout_target/prompt_weight_mean:0.406 - full_rollout_target/nonzero_ratio:0.279 - full_rollout_target/representative_ratio:0.279 - full_rollout_target/weight_mean:0.279 - full_rollout_target/weight_max:1.571 - full_rollout_target/weight_min:0.000 - full_rollout_target/weight_before_clip_max:2.286 - full_rollout_target/weight_before_clip_mean:0.406 - full_rollout_target/weight_clip:4.000 - full_rollout_target/weight_clip_renorm:1.000 - full_rollout_target/num_actor_samples:1024.000 - full_rollout_target/observed_reward_mean:0.458 - full_rollout_target/clean_rollout_ratio:0.869 - full_rollout_target/repeated_boxed_ratio:0.034 - full_rollout_target/empty_boxed_ratio:0.039 - full_rollout_target/assistant_marker_ratio:0.064 - full_rollout_target/human_marker_ratio:0.064 - full_rollout_target/document_marker_ratio:0.008 - full_rollout_target/asy_repeat_ratio:0.001 - full_rollout_target/ngram_repeat_ratio:0.015 - full_rollout_target/prompt_copy_ratio:0.000 - actor/pg_loss:0.000 - actor/chunk_weighted_nll_loss:0.000 - actor/chunk_weight_mean:0.000 - actor/chunk_weight_max:0.000 - actor/chunk_weight_min:0.000 - actor/ppo_kl:-0.001 - actor/pg_clipfrac:0.000 - actor/pg_clipfrac_lower:0.000 - actor/grad_norm:0.676 - perf/mfu/actor:0.000 - perf/max_memory_allocated_gb:166.176 - perf/max_memory_reserved_gb:176.225 - perf/cpu_memory_used_gb:754.241 - actor/lr:0.000 - training/global_step:12.000 - training/epoch:0.000 - critic/score/mean:0.458 - critic/score/max:1.000 - critic/score/min:0.000 - critic/rewards/mean:0.458 - critic/rewards/max:1.000 - critic/rewards/min:0.000 - critic/advantages/mean:-0.240 - critic/advantages/max:5.480 - critic/advantages/min:-3.812 - critic/returns/mean:-0.240 - critic/returns/max:5.480 - critic/returns/min:-3.812 - response_length/mean:803.765 - response_length/max:3072.000 - response_length/min:2.000 - response_length/clip_ratio:0.062 - prompt_length/mean:105.281 - prompt_length/max:265.000 - prompt_length/min:45.000 - prompt_length/clip_ratio:0.000 - timing_s/generate_sequences:13.792 - timing_s/reshard:0.473 - timing_s/gen:15.544 - timing_s/reward:3.493 - timing_s/old_log_prob:0.042 - timing_s/adv:3.344 - timing_s/update_actor:53.782 - timing_s/step:76.208 - timing_per_token_ms/gen:0.019 - timing_per_token_ms/update_actor:0.058 - timing_per_token_ms/adv:0.004 - perf/total_num_tokens:930863.000 - perf/time_per_step:76.208 - perf/throughput:1526.844
[36m(TaskRunner pid=2663854)[0m [Shutdown] 4 subprocess(es) terminated.
[36m(TaskRunner pid=2663854)[0m Training Progress:  65%|██████▌   | 13/20 [17:08<08:58, 76.94s/it]
[36m(TaskRunner pid=2663854)[0m Training Progress:  70%|███████   | 14/20 [18:25<07:40, 76.71s/it]
[36m(TaskRunner pid=2663854)[0m step:13 - training/rollout_probs_diff_max:0.000 - training/rollout_probs_diff_mean:0.000 - training/rollout_probs_diff_std:0.000 - full_rollout_target/enabled:1.000 - full_rollout_target/mode_top1_answer_cluster:1.000 - full_rollout_target/alpha:6.000 - full_rollout_target/beta:4.000 - full_rollout_target/slack:0.020 - full_rollout_target/eps:0.000 - full_rollout_target/support_coverage:0.490 - full_rollout_target/oov_ratio:0.510 - full_rollout_target/top1_mass:0.632 - full_rollout_target/top2_mass:0.081 - full_rollout_target/margin:0.551 - full_rollout_target/target_entropy:1.930 - full_rollout_target/valid_answer_coverage:0.804 - full_rollout_target/prompt_weight_mean:0.625 - full_rollout_target/nonzero_ratio:0.433 - full_rollout_target/representative_ratio:0.433 - full_rollout_target/weight_mean:0.433 - full_rollout_target/weight_max:1.303 - full_rollout_target/weight_min:0.000 - full_rollout_target/weight_before_clip_max:1.882 - full_rollout_target/weight_before_clip_mean:0.625 - full_rollout_target/weight_clip:4.000 - full_rollout_target/weight_clip_renorm:1.000 - full_rollout_target/num_actor_samples:1024.000 - full_rollout_target/observed_reward_mean:0.533 - full_rollout_target/clean_rollout_ratio:0.879 - full_rollout_target/repeated_boxed_ratio:0.045 - full_rollout_target/empty_boxed_ratio:0.043 - full_rollout_target/assistant_marker_ratio:0.039 - full_rollout_target/human_marker_ratio:0.036 - full_rollout_target/document_marker_ratio:0.001 - full_rollout_target/asy_repeat_ratio:0.002 - full_rollout_target/ngram_repeat_ratio:0.024 - full_rollout_target/prompt_copy_ratio:0.000 - actor/pg_loss:0.084 - actor/chunk_weighted_nll_loss:0.084 - actor/chunk_weight_mean:0.346 - actor/chunk_weight_max:1.166 - actor/chunk_weight_min:0.000 - actor/ppo_kl:0.003 - actor/pg_clipfrac:0.000 - actor/pg_clipfrac_lower:0.000 - actor/grad_norm:3.419 - perf/mfu/actor:0.000 - perf/max_memory_allocated_gb:166.176 - perf/max_memory_reserved_gb:176.225 - perf/cpu_memory_used_gb:754.289 - actor/lr:0.000 - training/global_step:13.000 - training/epoch:0.000 - critic/score/mean:0.533 - critic/score/max:1.000 - critic/score/min:0.000 - critic/rewards/mean:0.533 - critic/rewards/max:1.000 - critic/rewards/min:0.000 - critic/advantages/mean:-0.290 - critic/advantages/max:5.480 - critic/advantages/min:-3.060 - critic/returns/mean:-0.290 - critic/returns/max:5.480 - critic/returns/min:-3.060 - response_length/mean:857.762 - response_length/max:3072.000 - response_length/min:2.000 - response_length/clip_ratio:0.069 - prompt_length/mean:104.219 - prompt_length/max:370.000 - prompt_length/min:42.000 - prompt_length/clip_ratio:0.000 - timing_s/generate_sequences:13.970 - timing_s/reshard:0.515 - timing_s/gen:15.206 - timing_s/reward:3.222 - timing_s/old_log_prob:0.049 - timing_s/adv:3.676 - timing_s/update_actor:54.320 - timing_s/step:76.478 - timing_per_token_ms/gen:0.017 - timing_per_token_ms/update_actor:0.055 - timing_per_token_ms/adv:0.004 - perf/total_num_tokens:985068.000 - perf/time_per_step:76.478 - perf/throughput:1610.057
[36m(TaskRunner pid=2663854)[0m [Shutdown] 4 subprocess(es) terminated.
[36m(TaskRunner pid=2663854)[0m step:14 - training/rollout_probs_diff_max:0.000 - training/rollout_probs_diff_mean:0.000 - training/rollout_probs_diff_std:0.000 - full_rollout_target/enabled:1.000 - full_rollout_target/mode_top1_answer_cluster:1.000 - full_rollout_target/alpha:6.000 - full_rollout_target/beta:4.000 - full_rollout_target/slack:0.020 - full_rollout_target/eps:0.000 - full_rollout_target/support_coverage:0.380 - full_rollout_target/oov_ratio:0.620 - full_rollout_target/top1_mass:0.604 - full_rollout_target/top2_mass:0.090 - full_rollout_target/margin:0.514 - full_rollout_target/target_entropy:1.475 - full_rollout_target/valid_answer_coverage:0.805 - full_rollout_target/prompt_weight_mean:0.469 - full_rollout_target/nonzero_ratio:0.345 - full_rollout_target/representative_ratio:0.345 - full_rollout_target/weight_mean:0.345 - full_rollout_target/weight_max:1.307 - full_rollout_target/weight_min:0.000 - full_rollout_target/weight_before_clip_max:1.778 - full_rollout_target/weight_before_clip_mean:0.469 - full_rollout_target/weight_clip:4.000 - full_rollout_target/weight_clip_renorm:1.000 - full_rollout_target/num_actor_samples:1024.000 - full_rollout_target/observed_reward_mean:0.494 - full_rollout_target/clean_rollout_ratio:0.891 - full_rollout_target/repeated_boxed_ratio:0.035 - full_rollout_target/empty_boxed_ratio:0.034 - full_rollout_target/assistant_marker_ratio:0.050 - full_rollout_target/human_marker_ratio:0.048 - full_rollout_target/document_marker_ratio:0.001 - full_rollout_target/asy_repeat_ratio:0.001 - full_rollout_target/ngram_repeat_ratio:0.019 - full_rollout_target/prompt_copy_ratio:0.000 - actor/pg_loss:0.056 - actor/chunk_weighted_nll_loss:0.056 - actor/chunk_weight_mean:0.368 - actor/chunk_weight_max:1.307 - actor/chunk_weight_min:0.000 - actor/ppo_kl:0.004 - actor/pg_clipfrac:0.000 - actor/pg_clipfrac_lower:0.000 - actor/grad_norm:0.866 - perf/mfu/actor:0.000 - perf/max_memory_allocated_gb:166.176 - perf/max_memory_reserved_gb:176.225 - perf/cpu_memory_used_gb:754.335 - actor/lr:0.000 - training/global_step:14.000 - training/epoch:0.000 - critic/score/mean:0.494 - critic/score/max:1.000 - critic/score/min:0.000 - critic/rewards/mean:0.494 - critic/rewards/max:1.000 - critic/rewards/min:0.000 - critic/advantages/mean:-0.315 - critic/advantages/max:3.812 - critic/advantages/min:-3.060 - critic/returns/mean:-0.315 - critic/returns/max:3.812 - critic/returns/min:-3.060 - response_length/mean:843.474 - response_length/max:3072.000 - response_length/min:7.000 - response_length/clip_ratio:0.081 - prompt_length/mean:98.844 - prompt_length/max:274.000 - prompt_length/min:39.000 - prompt_length/clip_ratio:0.000 - timing_s/generate_sequences:13.920 - timing_s/reshard:0.544 - timing_s/gen:15.737 - timing_s/reward:3.150 - timing_s/old_log_prob:0.042 - timing_s/adv:2.472 - timing_s/update_actor:54.749 - timing_s/step:76.153 - timing_per_token_ms/gen:0.018 - timing_per_token_ms/update_actor:0.057 - timing_per_token_ms/adv:0.003 - perf/total_num_tokens:964933.000 - perf/time_per_step:76.153 - perf/throughput:1583.863
[36m(TaskRunner pid=2663854)[0m [Shutdown] 30 subprocess(es) terminated.
[36m(TaskRunner pid=2663854)[0m Training Progress:  75%|███████▌  | 15/20 [19:39<06:20, 76.00s/it]
[36m(TaskRunner pid=2663854)[0m Training Progress:  80%|████████  | 16/20 [20:56<05:05, 76.33s/it]
[36m(TaskRunner pid=2663854)[0m step:15 - training/rollout_probs_diff_max:0.000 - training/rollout_probs_diff_mean:0.000 - training/rollout_probs_diff_std:0.000 - full_rollout_target/enabled:1.000 - full_rollout_target/mode_top1_answer_cluster:1.000 - full_rollout_target/alpha:6.000 - full_rollout_target/beta:4.000 - full_rollout_target/slack:0.020 - full_rollout_target/eps:0.000 - full_rollout_target/support_coverage:0.390 - full_rollout_target/oov_ratio:0.610 - full_rollout_target/top1_mass:0.551 - full_rollout_target/top2_mass:0.078 - full_rollout_target/margin:0.473 - full_rollout_target/target_entropy:1.614 - full_rollout_target/valid_answer_coverage:0.828 - full_rollout_target/prompt_weight_mean:0.531 - full_rollout_target/nonzero_ratio:0.351 - full_rollout_target/representative_ratio:0.351 - full_rollout_target/weight_mean:0.351 - full_rollout_target/weight_max:1.320 - full_rollout_target/weight_min:0.000 - full_rollout_target/weight_before_clip_max:2.000 - full_rollout_target/weight_before_clip_mean:0.531 - full_rollout_target/weight_clip:4.000 - full_rollout_target/weight_clip_renorm:1.000 - full_rollout_target/num_actor_samples:1024.000 - full_rollout_target/observed_reward_mean:0.460 - full_rollout_target/clean_rollout_ratio:0.906 - full_rollout_target/repeated_boxed_ratio:0.030 - full_rollout_target/empty_boxed_ratio:0.031 - full_rollout_target/assistant_marker_ratio:0.036 - full_rollout_target/human_marker_ratio:0.036 - full_rollout_target/document_marker_ratio:0.001 - full_rollout_target/asy_repeat_ratio:0.002 - full_rollout_target/ngram_repeat_ratio:0.021 - full_rollout_target/prompt_copy_ratio:0.000 - actor/pg_loss:0.082 - actor/chunk_weighted_nll_loss:0.082 - actor/chunk_weight_mean:0.495 - actor/chunk_weight_max:1.320 - actor/chunk_weight_min:0.000 - actor/ppo_kl:0.000 - actor/pg_clipfrac:0.000 - actor/pg_clipfrac_lower:0.000 - actor/grad_norm:0.409 - perf/mfu/actor:0.000 - perf/max_memory_allocated_gb:166.176 - perf/max_memory_reserved_gb:176.225 - perf/cpu_memory_used_gb:754.277 - actor/lr:0.000 - training/global_step:15.000 - training/epoch:0.000 - critic/score/mean:0.460 - critic/score/max:1.000 - critic/score/min:0.000 - critic/rewards/mean:0.460 - critic/rewards/max:1.000 - critic/rewards/min:0.000 - critic/advantages/mean:-0.258 - critic/advantages/max:5.480 - critic/advantages/min:-2.287 - critic/returns/mean:-0.258 - critic/returns/max:5.480 - critic/returns/min:-2.287 - response_length/mean:827.287 - response_length/max:3072.000 - response_length/min:4.000 - response_length/clip_ratio:0.060 - prompt_length/mean:95.031 - prompt_length/max:302.000 - prompt_length/min:41.000 - prompt_length/clip_ratio:0.000 - timing_s/generate_sequences:13.815 - timing_s/reshard:0.494 - timing_s/gen:15.101 - timing_s/reward:3.258 - timing_s/old_log_prob:0.043 - timing_s/adv:3.125 - timing_s/update_actor:52.802 - timing_s/step:74.333 - timing_per_token_ms/gen:0.018 - timing_per_token_ms/update_actor:0.056 - timing_per_token_ms/adv:0.003 - perf/total_num_tokens:944454.000 - perf/time_per_step:74.333 - perf/throughput:1588.220
[36m(TaskRunner pid=2663854)[0m [Shutdown] 4 subprocess(es) terminated.
[36m(TaskRunner pid=2663854)[0m step:16 - training/rollout_probs_diff_max:0.000 - training/rollout_probs_diff_mean:0.000 - training/rollout_probs_diff_std:0.000 - full_rollout_target/enabled:1.000 - full_rollout_target/mode_top1_answer_cluster:1.000 - full_rollout_target/alpha:6.000 - full_rollout_target/beta:4.000 - full_rollout_target/slack:0.020 - full_rollout_target/eps:0.000 - full_rollout_target/support_coverage:0.522 - full_rollout_target/oov_ratio:0.478 - full_rollout_target/top1_mass:0.663 - full_rollout_target/top2_mass:0.073 - full_rollout_target/margin:0.590 - full_rollout_target/target_entropy:2.050 - full_rollout_target/valid_answer_coverage:0.825 - full_rollout_target/prompt_weight_mean:0.656 - full_rollout_target/nonzero_ratio:0.472 - full_rollout_target/representative_ratio:0.472 - full_rollout_target/weight_mean:0.472 - full_rollout_target/weight_max:1.353 - full_rollout_target/weight_min:0.000 - full_rollout_target/weight_before_clip_max:1.882 - full_rollout_target/weight_before_clip_mean:0.656 - full_rollout_target/weight_clip:4.000 - full_rollout_target/weight_clip_renorm:1.000 - full_rollout_target/num_actor_samples:1024.000 - full_rollout_target/observed_reward_mean:0.567 - full_rollout_target/clean_rollout_ratio:0.884 - full_rollout_target/repeated_boxed_ratio:0.040 - full_rollout_target/empty_boxed_ratio:0.035 - full_rollout_target/assistant_marker_ratio:0.051 - full_rollout_target/human_marker_ratio:0.049 - full_rollout_target/document_marker_ratio:0.001 - full_rollout_target/asy_repeat_ratio:0.001 - full_rollout_target/ngram_repeat_ratio:0.021 - full_rollout_target/prompt_copy_ratio:0.001 - actor/pg_loss:0.115 - actor/chunk_weighted_nll_loss:0.115 - actor/chunk_weight_mean:0.539 - actor/chunk_weight_max:1.150 - actor/chunk_weight_min:0.000 - actor/ppo_kl:0.001 - actor/pg_clipfrac:0.000 - actor/pg_clipfrac_lower:0.000 - actor/grad_norm:0.883 - perf/mfu/actor:0.000 - perf/max_memory_allocated_gb:166.176 - perf/max_memory_reserved_gb:176.225 - perf/cpu_memory_used_gb:754.877 - actor/lr:0.000 - training/global_step:16.000 - training/epoch:1.000 - critic/score/mean:0.567 - critic/score/max:1.000 - critic/score/min:0.000 - critic/rewards/mean:0.567 - critic/rewards/max:1.000 - critic/rewards/min:0.000 - critic/advantages/mean:-0.364 - critic/advantages/max:3.812 - critic/advantages/min:-3.812 - critic/returns/mean:-0.364 - critic/returns/max:3.812 - critic/returns/min:-3.812 - response_length/mean:876.301 - response_length/max:3072.000 - response_length/min:3.000 - response_length/clip_ratio:0.069 - prompt_length/mean:79.438 - prompt_length/max:145.000 - prompt_length/min:38.000 - prompt_length/clip_ratio:0.000 - timing_s/generate_sequences:13.990 - timing_s/reshard:0.549 - timing_s/gen:16.000 - timing_s/reward:3.203 - timing_s/old_log_prob:0.055 - timing_s/adv:3.713 - timing_s/update_actor:53.850 - timing_s/step:76.826 - timing_per_token_ms/gen:0.018 - timing_per_token_ms/update_actor:0.055 - timing_per_token_ms/adv:0.004 - perf/total_num_tokens:978676.000 - perf/time_per_step:76.826 - perf/throughput:1592.363
[36m(TaskRunner pid=2663854)[0m [Shutdown] 2 subprocess(es) terminated.
[36m(TaskRunner pid=2663854)[0m Training Progress:  85%|████████▌ | 17/20 [22:13<03:49, 76.51s/it]
[36m(TaskRunner pid=2663854)[0m <string>:1: SymPyDeprecationWarning: 
[36m(TaskRunner pid=2663854)[0m 
[36m(TaskRunner pid=2663854)[0m Using non-Expr arguments in Pow is deprecated (in this case, one of the
[36m(TaskRunner pid=2663854)[0m arguments is of type 'FiniteSet').
[36m(TaskRunner pid=2663854)[0m 
[36m(TaskRunner pid=2663854)[0m If you really did intend to construct a power with this base, use the **
[36m(TaskRunner pid=2663854)[0m operator instead.
[36m(TaskRunner pid=2663854)[0m 
[36m(TaskRunner pid=2663854)[0m See https://docs.sympy.org/latest/explanation/active-deprecations.html#non-expr-args-deprecated
[36m(TaskRunner pid=2663854)[0m for details.
[36m(TaskRunner pid=2663854)[0m 
[36m(TaskRunner pid=2663854)[0m This has been deprecated since SymPy version 1.7. It
[36m(TaskRunner pid=2663854)[0m will be removed in a future version of SymPy.
[36m(TaskRunner pid=2663854)[0m 
[36m(TaskRunner pid=2663854)[0m Training Progress:  90%|█████████ | 18/20 [23:31<02:33, 76.86s/it]
[36m(TaskRunner pid=2663854)[0m <string>:1: SymPyDeprecationWarning: 
[36m(TaskRunner pid=2663854)[0m 
[36m(TaskRunner pid=2663854)[0m Using non-Expr arguments in Pow is deprecated (in this case, one of the
[36m(TaskRunner pid=2663854)[0m arguments is of type 'FiniteSet').
[36m(TaskRunner pid=2663854)[0m 
[36m(TaskRunner pid=2663854)[0m If you really did intend to construct a power with this base, use the **
[36m(TaskRunner pid=2663854)[0m operator instead.
[36m(TaskRunner pid=2663854)[0m 
[36m(TaskRunner pid=2663854)[0m See https://docs.sympy.org/latest/explanation/active-deprecations.html#non-expr-args-deprecated
[36m(TaskRunner pid=2663854)[0m for details.
[36m(TaskRunner pid=2663854)[0m 
[36m(TaskRunner pid=2663854)[0m This has been deprecated since SymPy version 1.7. It
[36m(TaskRunner pid=2663854)[0m will be removed in a future version of SymPy.
[36m(TaskRunner pid=2663854)[0m 
[36m(TaskRunner pid=2663854)[0m step:17 - training/rollout_probs_diff_max:0.000 - training/rollout_probs_diff_mean:0.000 - training/rollout_probs_diff_std:0.000 - full_rollout_target/enabled:1.000 - full_rollout_target/mode_top1_answer_cluster:1.000 - full_rollout_target/alpha:6.000 - full_rollout_target/beta:4.000 - full_rollout_target/slack:0.020 - full_rollout_target/eps:0.000 - full_rollout_target/support_coverage:0.277 - full_rollout_target/oov_ratio:0.723 - full_rollout_target/top1_mass:0.567 - full_rollout_target/top2_mass:0.105 - full_rollout_target/margin:0.462 - full_rollout_target/target_entropy:1.069 - full_rollout_target/valid_answer_coverage:0.801 - full_rollout_target/prompt_weight_mean:0.344 - full_rollout_target/nonzero_ratio:0.243 - full_rollout_target/representative_ratio:0.243 - full_rollout_target/weight_mean:0.243 - full_rollout_target/weight_max:1.415 - full_rollout_target/weight_min:0.000 - full_rollout_target/weight_before_clip_max:2.000 - full_rollout_target/weight_before_clip_mean:0.344 - full_rollout_target/weight_clip:4.000 - full_rollout_target/weight_clip_renorm:1.000 - full_rollout_target/num_actor_samples:1024.000 - full_rollout_target/observed_reward_mean:0.457 - full_rollout_target/clean_rollout_ratio:0.888 - full_rollout_target/repeated_boxed_ratio:0.031 - full_rollout_target/empty_boxed_ratio:0.027 - full_rollout_target/assistant_marker_ratio:0.048 - full_rollout_target/human_marker_ratio:0.044 - full_rollout_target/document_marker_ratio:0.002 - full_rollout_target/asy_repeat_ratio:0.005 - full_rollout_target/ngram_repeat_ratio:0.021 - full_rollout_target/prompt_copy_ratio:0.000 - actor/pg_loss:0.064 - actor/chunk_weighted_nll_loss:0.064 - actor/chunk_weight_mean:0.354 - actor/chunk_weight_max:0.984 - actor/chunk_weight_min:0.000 - actor/ppo_kl:0.001 - actor/pg_clipfrac:0.000 - actor/pg_clipfrac_lower:0.000 - actor/grad_norm:0.752 - perf/mfu/actor:0.000 - perf/max_memory_allocated_gb:166.176 - perf/max_memory_reserved_gb:176.225 - perf/cpu_memory_used_gb:754.888 - actor/lr:0.000 - training/global_step:17.000 - training/epoch:1.000 - critic/score/mean:0.457 - critic/score/max:1.000 - critic/score/min:0.000 - critic/rewards/mean:0.457 - critic/rewards/max:1.000 - critic/rewards/min:0.000 - critic/advantages/mean:-0.275 - critic/advantages/max:5.480 - critic/advantages/min:-2.049 - critic/returns/mean:-0.275 - critic/returns/max:5.480 - critic/returns/min:-2.049 - response_length/mean:875.284 - response_length/max:3072.000 - response_length/min:2.000 - response_length/clip_ratio:0.067 - prompt_length/mean:111.125 - prompt_length/max:695.000 - prompt_length/min:41.000 - prompt_length/clip_ratio:0.000 - timing_s/generate_sequences:14.040 - timing_s/reshard:0.860 - timing_s/gen:15.734 - timing_s/reward:3.421 - timing_s/old_log_prob:0.046 - timing_s/adv:2.941 - timing_s/update_actor:54.740 - timing_s/step:76.886 - timing_per_token_ms/gen:0.018 - timing_per_token_ms/update_actor:0.054 - timing_per_token_ms/adv:0.003 - perf/total_num_tokens:1010083.000 - perf/time_per_step:76.886 - perf/throughput:1642.181
[36m(TaskRunner pid=2663854)[0m [Shutdown] 54 subprocess(es) terminated.
[36m(TaskRunner pid=2663854)[0m step:18 - training/rollout_probs_diff_max:0.000 - training/rollout_probs_diff_mean:0.000 - training/rollout_probs_diff_std:0.000 - full_rollout_target/enabled:1.000 - full_rollout_target/mode_top1_answer_cluster:1.000 - full_rollout_target/alpha:6.000 - full_rollout_target/beta:4.000 - full_rollout_target/slack:0.020 - full_rollout_target/eps:0.000 - full_rollout_target/support_coverage:0.395 - full_rollout_target/oov_ratio:0.605 - full_rollout_target/top1_mass:0.570 - full_rollout_target/top2_mass:0.112 - full_rollout_target/margin:0.458 - full_rollout_target/target_entropy:1.567 - full_rollout_target/valid_answer_coverage:0.811 - full_rollout_target/prompt_weight_mean:0.500 - full_rollout_target/nonzero_ratio:0.363 - full_rollout_target/representative_ratio:0.363 - full_rollout_target/weight_mean:0.363 - full_rollout_target/weight_max:1.368 - full_rollout_target/weight_min:0.000 - full_rollout_target/weight_before_clip_max:1.882 - full_rollout_target/weight_before_clip_mean:0.500 - full_rollout_target/weight_clip:4.000 - full_rollout_target/weight_clip_renorm:1.000 - full_rollout_target/num_actor_samples:1024.000 - full_rollout_target/observed_reward_mean:0.483 - full_rollout_target/clean_rollout_ratio:0.877 - full_rollout_target/repeated_boxed_ratio:0.033 - full_rollout_target/empty_boxed_ratio:0.041 - full_rollout_target/assistant_marker_ratio:0.047 - full_rollout_target/human_marker_ratio:0.039 - full_rollout_target/document_marker_ratio:0.002 - full_rollout_target/asy_repeat_ratio:0.006 - full_rollout_target/ngram_repeat_ratio:0.027 - full_rollout_target/prompt_copy_ratio:0.000 - actor/pg_loss:0.131 - actor/chunk_weighted_nll_loss:0.131 - actor/chunk_weight_mean:0.727 - actor/chunk_weight_max:1.224 - actor/chunk_weight_min:0.000 - actor/ppo_kl:0.000 - actor/pg_clipfrac:0.000 - actor/pg_clipfrac_lower:0.000 - actor/grad_norm:0.769 - perf/mfu/actor:0.000 - perf/max_memory_allocated_gb:166.176 - perf/max_memory_reserved_gb:176.225 - perf/cpu_memory_used_gb:755.191 - actor/lr:0.000 - training/global_step:18.000 - training/epoch:1.000 - critic/score/mean:0.483 - critic/score/max:1.000 - critic/score/min:0.000 - critic/rewards/mean:0.483 - critic/rewards/max:1.000 - critic/rewards/min:0.000 - critic/advantages/mean:-0.218 - critic/advantages/max:5.480 - critic/advantages/min:-5.480 - critic/returns/mean:-0.218 - critic/returns/max:5.480 - critic/returns/min:-5.480 - response_length/mean:893.107 - response_length/max:3072.000 - response_length/min:2.000 - response_length/clip_ratio:0.071 - prompt_length/mean:117.500 - prompt_length/max:306.000 - prompt_length/min:44.000 - prompt_length/clip_ratio:0.000 - timing_s/generate_sequences:14.081 - timing_s/reshard:0.456 - timing_s/gen:16.006 - timing_s/reward:3.737 - timing_s/old_log_prob:0.044 - timing_s/adv:2.900 - timing_s/update_actor:54.957 - timing_s/step:77.646 - timing_per_token_ms/gen:0.018 - timing_per_token_ms/update_actor:0.053 - timing_per_token_ms/adv:0.003 - perf/total_num_tokens:1034862.000 - perf/time_per_step:77.646 - perf/throughput:1665.986
[36m(TaskRunner pid=2663854)[0m [Shutdown] 4 subprocess(es) terminated.
[36m(TaskRunner pid=2663854)[0m Training Progress:  95%|█████████▌| 19/20 [24:44<01:15, 75.78s/it]
[36m(TaskRunner pid=2663854)[0m step:19 - training/rollout_probs_diff_max:0.000 - training/rollout_probs_diff_mean:0.000 - training/rollout_probs_diff_std:0.000 - full_rollout_target/enabled:1.000 - full_rollout_target/mode_top1_answer_cluster:1.000 - full_rollout_target/alpha:6.000 - full_rollout_target/beta:4.000 - full_rollout_target/slack:0.020 - full_rollout_target/eps:0.000 - full_rollout_target/support_coverage:0.442 - full_rollout_target/oov_ratio:0.558 - full_rollout_target/top1_mass:0.623 - full_rollout_target/top2_mass:0.107 - full_rollout_target/margin:0.516 - full_rollout_target/target_entropy:1.742 - full_rollout_target/valid_answer_coverage:0.846 - full_rollout_target/prompt_weight_mean:0.562 - full_rollout_target/nonzero_ratio:0.396 - full_rollout_target/representative_ratio:0.396 - full_rollout_target/weight_mean:0.396 - full_rollout_target/weight_max:1.406 - full_rollout_target/weight_min:0.000 - full_rollout_target/weight_before_clip_max:2.000 - full_rollout_target/weight_before_clip_mean:0.562 - full_rollout_target/weight_clip:4.000 - full_rollout_target/weight_clip_renorm:1.000 - full_rollout_target/num_actor_samples:1024.000 - full_rollout_target/observed_reward_mean:0.529 - full_rollout_target/clean_rollout_ratio:0.908 - full_rollout_target/repeated_boxed_ratio:0.040 - full_rollout_target/empty_boxed_ratio:0.022 - full_rollout_target/assistant_marker_ratio:0.032 - full_rollout_target/human_marker_ratio:0.031 - full_rollout_target/document_marker_ratio:0.001 - full_rollout_target/asy_repeat_ratio:0.001 - full_rollout_target/ngram_repeat_ratio:0.015 - full_rollout_target/prompt_copy_ratio:0.000 - actor/pg_loss:0.121 - actor/chunk_weighted_nll_loss:0.121 - actor/chunk_weight_mean:0.527 - actor/chunk_weight_max:1.184 - actor/chunk_weight_min:0.000 - actor/ppo_kl:0.001 - actor/pg_clipfrac:0.000 - actor/pg_clipfrac_lower:0.000 - actor/grad_norm:0.915 - perf/mfu/actor:0.000 - perf/max_memory_allocated_gb:166.176 - perf/max_memory_reserved_gb:176.225 - perf/cpu_memory_used_gb:755.116 - actor/lr:0.000 - training/global_step:19.000 - training/epoch:1.000 - critic/score/mean:0.529 - critic/score/max:1.000 - critic/score/min:0.000 - critic/rewards/mean:0.529 - critic/rewards/max:1.000 - critic/rewards/min:0.000 - critic/advantages/mean:-0.336 - critic/advantages/max:3.060 - critic/advantages/min:-3.812 - critic/returns/mean:-0.336 - critic/returns/max:3.060 - critic/returns/min:-3.812 - response_length/mean:818.722 - response_length/max:3072.000 - response_length/min:7.000 - response_length/clip_ratio:0.062 - prompt_length/mean:79.250 - prompt_length/max:165.000 - prompt_length/min:41.000 - prompt_length/clip_ratio:0.000 - timing_s/generate_sequences:13.809 - timing_s/reshard:0.492 - timing_s/gen:15.101 - timing_s/reward:3.278 - timing_s/old_log_prob:0.045 - timing_s/adv:2.369 - timing_s/update_actor:52.440 - timing_s/step:73.238 - timing_per_token_ms/gen:0.018 - timing_per_token_ms/update_actor:0.057 - timing_per_token_ms/adv:0.003 - perf/total_num_tokens:919523.000 - perf/time_per_step:73.238 - perf/throughput:1569.408
[36m(TaskRunner pid=2663854)[0m [Shutdown] 65 subprocess(es) terminated.
[36m(TaskRunner pid=2663854)[0m test_gen_batch meta info: {'eos_token_id': 151643, 'pad_token_id': 151643, 'recompute_log_prob': False, 'do_sample': True, 'validate': True}
[36m(WorkerDict pid=2663853)[0m WARNING 08-03 02:25:43 [jit_monitor.py:106] Triton kernel JIT compilation during inference: _topk_topp_kernel. This causes a latency spike; consider extending warmup to cover this shape/config.
[36m(TaskRunner pid=2663854)[0m validation generation end
[36m(TaskRunner pid=2663854)[0m validation reward start
[36m(TaskRunner pid=2663854)[0m [Shutdown] 63 subprocess(es) terminated.
[36m(TaskRunner pid=2663854)[0m validation reward end
[36m(TaskRunner pid=2663854)[0m len reward_extra_infos_dict['reward']: 8000
[36m(TaskRunner pid=2663854)[0m len reward_extra_infos_dict['score']: 8000
[36m(TaskRunner pid=2663854)[0m len reward_extra_infos_dict['format_score']: 8000
[36m(TaskRunner pid=2663854)[0m len reward_extra_infos_dict['acc']: 8000
[36m(TaskRunner pid=2663854)[0m len reward_extra_infos_dict['extracted_gt']: 8000
[36m(TaskRunner pid=2663854)[0m len reward_extra_infos_dict['pred']: 8000
[36m(TaskRunner pid=2663854)[0m step:20 - training/rollout_probs_diff_max:0.000 - training/rollout_probs_diff_mean:0.000 - training/rollout_probs_diff_std:0.000 - full_rollout_target/enabled:1.000 - full_rollout_target/mode_top1_answer_cluster:1.000 - full_rollout_target/alpha:6.000 - full_rollout_target/beta:4.000 - full_rollout_target/slack:0.020 - full_rollout_target/eps:0.000 - full_rollout_target/support_coverage:0.425 - full_rollout_target/oov_ratio:0.575 - full_rollout_target/top1_mass:0.624 - full_rollout_target/top2_mass:0.080 - full_rollout_target/margin:0.544 - full_rollout_target/target_entropy:1.598 - full_rollout_target/valid_answer_coverage:0.854 - full_rollout_target/prompt_weight_mean:0.500 - full_rollout_target/nonzero_ratio:0.387 - full_rollout_target/representative_ratio:0.387 - full_rollout_target/weight_mean:0.387 - full_rollout_target/weight_max:1.456 - full_rollout_target/weight_min:0.000 - full_rollout_target/weight_before_clip_max:1.882 - full_rollout_target/weight_before_clip_mean:0.500 - full_rollout_target/weight_clip:4.000 - full_rollout_target/weight_clip_renorm:1.000 - full_rollout_target/num_actor_samples:1024.000 - full_rollout_target/observed_reward_mean:0.548 - full_rollout_target/clean_rollout_ratio:0.926 - full_rollout_target/repeated_boxed_ratio:0.023 - full_rollout_target/empty_boxed_ratio:0.013 - full_rollout_target/assistant_marker_ratio:0.027 - full_rollout_target/human_marker_ratio:0.027 - full_rollout_target/document_marker_ratio:0.004 - full_rollout_target/asy_repeat_ratio:0.003 - full_rollout_target/ngram_repeat_ratio:0.013 - full_rollout_target/prompt_copy_ratio:0.000 - actor/pg_loss:0.083 - actor/chunk_weighted_nll_loss:0.083 - actor/chunk_weight_mean:0.580 - actor/chunk_weight_max:1.076 - actor/chunk_weight_min:0.000 - actor/ppo_kl:0.000 - actor/pg_clipfrac:0.000 - actor/pg_clipfrac_lower:0.000 - actor/grad_norm:0.391 - perf/mfu/actor:0.000 - perf/max_memory_allocated_gb:166.176 - perf/max_memory_reserved_gb:176.225 - perf/cpu_memory_used_gb:755.279 - actor/lr:0.000 - val-aux/math/reward/mean@16:0.665 - val-aux/math/reward/std@16:0.267 - val-aux/math/reward/best@2/mean:0.772 - val-aux/math/reward/best@2/std:0.192 - val-aux/math/reward/worst@2/mean:0.558 - val-aux/math/reward/worst@2/std:0.258 - val-aux/math/reward/maj@2/mean:0.665 - val-aux/math/reward/maj@2/std:0.266 - val-aux/math/reward/best@4/mean:0.842 - val-aux/math/reward/best@4/std:0.118 - val-aux/math/reward/worst@4/mean:0.452 - val-aux/math/reward/worst@4/std:0.225 - val-aux/math/reward/maj@4/mean:0.724 - val-aux/math/reward/maj@4/std:0.204 - val-aux/math/reward/best@8/mean:0.885 - val-aux/math/reward/best@8/std:0.070 - val-aux/math/reward/worst@8/mean:0.356 - val-aux/math/reward/worst@8/std:0.173 - val-aux/math/reward/maj@8/mean:0.758 - val-aux/math/reward/maj@8/std:0.138 - val-aux/math/reward/best@16/mean:0.911 - val-aux/math/reward/best@16/std:0.036 - val-aux/math/reward/worst@16/mean:0.283 - val-aux/math/reward/worst@16/std:0.109 - val-aux/math/reward/maj@16/mean:0.775 - val-aux/math/reward/maj@16/std:0.096 - val-aux/math/score/mean@16:0.665 - val-aux/math/score/std@16:0.267 - val-aux/math/score/best@2/mean:0.772 - val-aux/math/score/best@2/std:0.192 - val-aux/math/score/worst@2/mean:0.558 - val-aux/math/score/worst@2/std:0.258 - val-aux/math/score/maj@2/mean:0.665 - val-aux/math/score/maj@2/std:0.266 - val-aux/math/score/best@4/mean:0.842 - val-aux/math/score/best@4/std:0.118 - val-aux/math/score/worst@4/mean:0.452 - val-aux/math/score/worst@4/std:0.225 - val-aux/math/score/maj@4/mean:0.724 - val-aux/math/score/maj@4/std:0.204 - val-aux/math/score/best@8/mean:0.885 - val-aux/math/score/best@8/std:0.070 - val-aux/math/score/worst@8/mean:0.356 - val-aux/math/score/worst@8/std:0.173 - val-aux/math/score/maj@8/mean:0.758 - val-aux/math/score/maj@8/std:0.138 - val-aux/math/score/best@16/mean:0.911 - val-aux/math/score/best@16/std:0.036 - val-aux/math/score/worst@16/mean:0.283 - val-aux/math/score/worst@16/std:0.109 - val-aux/math/score/maj@16/mean:0.775 - val-aux/math/score/maj@16/std:0.096 - val-aux/math/format_score/mean@16:0.949 - val-aux/math/format_score/std@16:0.117 - val-aux/math/format_score/best@2/mean:0.988 - val-aux/math/format_score/best@2/std:0.049 - val-aux/math/format_score/worst@2/mean:0.909 - val-aux/math/format_score/worst@2/std:0.144 - val-aux/math/format_score/maj@2/mean:0.949 - val-aux/math/format_score/maj@2/std:0.116 - val-aux/math/format_score/best@4/mean:0.998 - val-aux/math/format_score/best@4/std:0.010 - val-aux/math/format_score/worst@4/mean:0.851 - val-aux/math/format_score/worst@4/std:0.162 - val-aux/math/format_score/maj@4/mean:0.953 - val-aux/math/format_score/maj@4/std:0.097 - val-aux/math/format_score/best@8/mean:0.999 - val-aux/math/format_score/best@8/std:0.002 - val-aux/math/format_score/worst@8/mean:0.778 - val-aux/math/format_score/worst@8/std:0.158 - val-aux/math/format_score/maj@8/mean:0.954 - val-aux/math/format_score/maj@8/std:0.076 - val-aux/math/format_score/best@16/mean:1.000 - val-aux/math/format_score/best@16/std:0.000 - val-aux/math/format_score/worst@16/mean:0.705 - val-aux/math/format_score/worst@16/std:0.124 - val-aux/math/format_score/maj@16/mean:0.953 - val-aux/math/format_score/maj@16/std:0.058 - val-core/math/acc/mean@16:0.665 - val-aux/math/acc/std@16:0.267 - val-aux/math/acc/best@2/mean:0.772 - val-aux/math/acc/best@2/std:0.192 - val-aux/math/acc/worst@2/mean:0.558 - val-aux/math/acc/worst@2/std:0.258 - val-aux/math/acc/maj@2/mean:0.665 - val-aux/math/acc/maj@2/std:0.266 - val-aux/math/acc/best@4/mean:0.842 - val-aux/math/acc/best@4/std:0.118 - val-aux/math/acc/worst@4/mean:0.452 - val-aux/math/acc/worst@4/std:0.225 - val-aux/math/acc/maj@4/mean:0.724 - val-aux/math/acc/maj@4/std:0.204 - val-aux/math/acc/best@8/mean:0.885 - val-aux/math/acc/best@8/std:0.070 - val-aux/math/acc/worst@8/mean:0.356 - val-aux/math/acc/worst@8/std:0.173 - val-aux/math/acc/maj@8/mean:0.758 - val-aux/math/acc/maj@8/std:0.138 - val-core/math/acc/best@16/mean:0.911 - val-core/math/acc/best@16/std:0.036 - val-aux/math/acc/worst@16/mean:0.283 - val-aux/math/acc/worst@16/std:0.109 - val-core/math/acc/maj@16/mean:0.775 - val-core/math/acc/maj@16/std:0.096 - training/global_step:20.000 - training/epoch:1.000 - critic/score/mean:0.548 - critic/score/max:1.000 - critic/score/min:0.000 - critic/rewards/mean:0.548 - critic/rewards/max:1.000 - critic/rewards/min:0.000 - critic/advantages/mean:-0.262 - critic/advantages/max:3.060 - critic/advantages/min:-5.480 - critic/returns/mean:-0.262 - critic/returns/max:3.060 - critic/returns/min:-5.480 - response_length/mean:892.185 - response_length/max:3072.000 - response_length/min:2.000 - response_length/clip_ratio:0.056 - prompt_length/mean:95.406 - prompt_length/max:252.000 - prompt_length/min:49.000 - prompt_length/clip_ratio:0.000 - timing_s/generate_sequences:14.026 - timing_s/reshard:0.448 - timing_s/gen:15.000 - timing_s/reward:3.310 - timing_s/old_log_prob:0.044 - timing_s/adv:3.268 - timing_s/update_actor:55.069 - timing_s/testing:277.678 - timing_s/step:354.374 - timing_per_token_ms/gen:0.016 - timing_per_token_ms/update_actor:0.054 - timing_per_token_ms/adv:0.003 - perf/total_num_tokens:1011293.000 - perf/time_per_step:354.374 - perf/throughput:356.719
[36m(TaskRunner pid=2663854)[0m ("Final validation metrics: {'val-aux/math/reward/mean@16': "
[36m(TaskRunner pid=2663854)[0m  "np.float64(0.665125), 'val-aux/math/reward/std@16': "
[36m(TaskRunner pid=2663854)[0m  "np.float64(0.26694491104961854), 'val-aux/math/reward/best@2/mean': "
[36m(TaskRunner pid=2663854)[0m  "np.float64(0.771992), 'val-aux/math/reward/best@2/std': "
[36m(TaskRunner pid=2663854)[0m  "np.float64(0.19209101784828325), 'val-aux/math/reward/worst@2/mean': "
[36m(TaskRunner pid=2663854)[0m  "np.float64(0.5579659999999999), 'val-aux/math/reward/worst@2/std': "
[36m(TaskRunner pid=2663854)[0m  "np.float64(0.2581104865876332), 'val-aux/math/reward/maj@2/mean': "
[36m(TaskRunner pid=2663854)[0m  "np.float64(0.6651520000000001), 'val-aux/math/reward/maj@2/std': "
[36m(TaskRunner pid=2663854)[0m  "np.float64(0.26624599210063216), 'val-aux/math/reward/best@4/mean': "
[36m(TaskRunner pid=2663854)[0m  "np.float64(0.8415499999999999), 'val-aux/math/reward/best@4/std': "
[36m(TaskRunner pid=2663854)[0m  "np.float64(0.11783497889170011), 'val-aux/math/reward/worst@4/mean': "
[36m(TaskRunner pid=2663854)[0m  "np.float64(0.451904), 'val-aux/math/reward/worst@4/std': "
[36m(TaskRunner pid=2663854)[0m  "np.float64(0.22474571920617603), 'val-aux/math/reward/maj@4/mean': "
[36m(TaskRunner pid=2663854)[0m  "np.float64(0.724284), 'val-aux/math/reward/maj@4/std': "
[36m(TaskRunner pid=2663854)[0m  "np.float64(0.20400124998079386), 'val-aux/math/reward/best@8/mean': "
[36m(TaskRunner pid=2663854)[0m  "np.float64(0.885302), 'val-aux/math/reward/best@8/std': "
[36m(TaskRunner pid=2663854)[0m  "np.float64(0.06965431627980383), 'val-aux/math/reward/worst@8/mean': "
[36m(TaskRunner pid=2663854)[0m  "np.float64(0.35608399999999996), 'val-aux/math/reward/worst@8/std': "
[36m(TaskRunner pid=2663854)[0m  "np.float64(0.17344268352761716), 'val-aux/math/reward/maj@8/mean': "
[36m(TaskRunner pid=2663854)[0m  "np.float64(0.75788), 'val-aux/math/reward/maj@8/std': "
[36m(TaskRunner pid=2663854)[0m  "np.float64(0.13816492212683992), 'val-aux/math/reward/best@16/mean': "
[36m(TaskRunner pid=2663854)[0m  "np.float64(0.910594), 'val-aux/math/reward/best@16/std': "
[36m(TaskRunner pid=2663854)[0m  "np.float64(0.036403922488166006), 'val-aux/math/reward/worst@16/mean': "
[36m(TaskRunner pid=2663854)[0m  "np.float64(0.28340000000000004), 'val-aux/math/reward/worst@16/std': "
[36m(TaskRunner pid=2663854)[0m  "np.float64(0.10894790793936904), 'val-aux/math/reward/maj@16/mean': "
[36m(TaskRunner pid=2663854)[0m  "np.float64(0.7753260000000001), 'val-aux/math/reward/maj@16/std': "
[36m(TaskRunner pid=2663854)[0m  "np.float64(0.09562153920264709), 'val-aux/math/score/mean@16': "
[36m(TaskRunner pid=2663854)[0m  "np.float64(0.665125), 'val-aux/math/score/std@16': "
[36m(TaskRunner pid=2663854)[0m  "np.float64(0.26694491104961854), 'val-aux/math/score/best@2/mean': "
[36m(TaskRunner pid=2663854)[0m  "np.float64(0.771992), 'val-aux/math/score/best@2/std': "
[36m(TaskRunner pid=2663854)[0m  "np.float64(0.19209101784828325), 'val-aux/math/score/worst@2/mean': "
[36m(TaskRunner pid=2663854)[0m  "np.float64(0.5579659999999999), 'val-aux/math/score/worst@2/std': "
[36m(TaskRunner pid=2663854)[0m  "np.float64(0.2581104865876332), 'val-aux/math/score/maj@2/mean': "
[36m(TaskRunner pid=2663854)[0m  "np.float64(0.6651520000000001), 'val-aux/math/score/maj@2/std': "
[36m(TaskRunner pid=2663854)[0m  "np.float64(0.26624599210063216), 'val-aux/math/score/best@4/mean': "
[36m(TaskRunner pid=2663854)[0m  "np.float64(0.8415499999999999), 'val-aux/math/score/best@4/std': "
[36m(TaskRunner pid=2663854)[0m  "np.float64(0.11783497889170011), 'val-aux/math/score/worst@4/mean': "
[36m(TaskRunner pid=2663854)[0m  "np.float64(0.451904), 'val-aux/math/score/worst@4/std': "
[36m(TaskRunner pid=2663854)[0m  "np.float64(0.22474571920617603), 'val-aux/math/score/maj@4/mean': "
[36m(TaskRunner pid=2663854)[0m  "np.float64(0.724284), 'val-aux/math/score/maj@4/std': "
[36m(TaskRunner pid=2663854)[0m  "np.float64(0.20400124998079386), 'val-aux/math/score/best@8/mean': "
[36m(TaskRunner pid=2663854)[0m  "np.float64(0.885302), 'val-aux/math/score/best@8/std': "
[36m(TaskRunner pid=2663854)[0m  "np.float64(0.06965431627980383), 'val-aux/math/score/worst@8/mean': "
[36m(TaskRunner pid=2663854)[0m  "np.float64(0.35608399999999996), 'val-aux/math/score/worst@8/std': "
[36m(TaskRunner pid=2663854)[0m  "np.float64(0.17344268352761716), 'val-aux/math/score/maj@8/mean': "
[36m(TaskRunner pid=2663854)[0m  "np.float64(0.75788), 'val-aux/math/score/maj@8/std': "
[36m(TaskRunner pid=2663854)[0m  "np.float64(0.13816492212683992), 'val-aux/math/score/best@16/mean': "
[36m(TaskRunner pid=2663854)[0m  "np.float64(0.910594), 'val-aux/math/score/best@16/std': "
[36m(TaskRunner pid=2663854)[0m  "np.float64(0.036403922488166006), 'val-aux/math/score/worst@16/mean': "
[36m(TaskRunner pid=2663854)[0m  "np.float64(0.28340000000000004), 'val-aux/math/score/worst@16/std': "
[36m(TaskRunner pid=2663854)[0m  "np.float64(0.10894790793936904), 'val-aux/math/score/maj@16/mean': "
[36m(TaskRunner pid=2663854)[0m  "np.float64(0.7753260000000001), 'val-aux/math/score/maj@16/std': "
[36m(TaskRunner pid=2663854)[0m  "np.float64(0.09562153920264709), 'val-aux/math/format_score/mean@16': "
[36m(TaskRunner pid=2663854)[0m  "np.float64(0.9485), 'val-aux/math/format_score/std@16': "
[36m(TaskRunner pid=2663854)[0m  "np.float64(0.11673227957901883), 'val-aux/math/format_score/best@2/mean': "
[36m(TaskRunner pid=2663854)[0m  "np.float64(0.9876820000000001), 'val-aux/math/format_score/best@2/std': "
[36m(TaskRunner pid=2663854)[0m  "np.float64(0.04891033422114761), 'val-aux/math/format_score/worst@2/mean': "
[36m(TaskRunner pid=2663854)[0m  "np.float64(0.909472), 'val-aux/math/format_score/worst@2/std': "
[36m(TaskRunner pid=2663854)[0m  "np.float64(0.14378879144130743), 'val-aux/math/format_score/maj@2/mean': "
[36m(TaskRunner pid=2663854)[0m  "np.float64(0.949134), 'val-aux/math/format_score/maj@2/std': "
[36m(TaskRunner pid=2663854)[0m  "np.float64(0.11564883404649143), 'val-aux/math/format_score/best@4/mean': "
[36m(TaskRunner pid=2663854)[0m  "np.float64(0.997614), 'val-aux/math/format_score/best@4/std': "
[36m(TaskRunner pid=2663854)[0m  "np.float64(0.010015561832018478), 'val-aux/math/format_score/worst@4/mean': "
[36m(TaskRunner pid=2663854)[0m  "np.float64(0.85124), 'val-aux/math/format_score/worst@4/std': "
[36m(TaskRunner pid=2663854)[0m  "np.float64(0.16196672158178824), 'val-aux/math/format_score/maj@4/mean': "
[36m(TaskRunner pid=2663854)[0m  "np.float64(0.9532860000000001), 'val-aux/math/format_score/maj@4/std': "
[36m(TaskRunner pid=2663854)[0m  "np.float64(0.09743432720564255), 'val-aux/math/format_score/best@8/mean': "
[36m(TaskRunner pid=2663854)[0m  "np.float64(0.99946), 'val-aux/math/format_score/best@8/std': "
[36m(TaskRunner pid=2663854)[0m  "np.float64(0.0020500639617160826), 'val-aux/math/format_score/worst@8/mean': "
[36m(TaskRunner pid=2663854)[0m  "np.float64(0.7784679999999999), 'val-aux/math/format_score/worst@8/std': "
[36m(TaskRunner pid=2663854)[0m  "np.float64(0.1583619845844204), 'val-aux/math/format_score/maj@8/mean': "
[36m(TaskRunner pid=2663854)[0m  "np.float64(0.954332), 'val-aux/math/format_score/maj@8/std': "
[36m(TaskRunner pid=2663854)[0m  "np.float64(0.07591611949395946), 'val-aux/math/format_score/best@16/mean': "
[36m(TaskRunner pid=2663854)[0m  "np.float64(0.999936), 'val-aux/math/format_score/best@16/std': "
[36m(TaskRunner pid=2663854)[0m  'np.float64(0.00035200000000000005), '
[36m(TaskRunner pid=2663854)[0m  "'val-aux/math/format_score/worst@16/mean': np.float64(0.7047739999999999), "
[36m(TaskRunner pid=2663854)[0m  "'val-aux/math/format_score/worst@16/std': np.float64(0.12350451689074407), "
[36m(TaskRunner pid=2663854)[0m  "'val-aux/math/format_score/maj@16/mean': np.float64(0.9533680000000001), "
[36m(TaskRunner pid=2663854)[0m  "'val-aux/math/format_score/maj@16/std': np.float64(0.05752050684883312), "
[36m(TaskRunner pid=2663854)[0m  "'val-core/math/acc/mean@16': np.float64(0.665125), "
[36m(TaskRunner pid=2663854)[0m  "'val-aux/math/acc/std@16': np.float64(0.26694491104961854), "
[36m(TaskRunner pid=2663854)[0m  "'val-aux/math/acc/best@2/mean': np.float64(0.771992), "
[36m(TaskRunner pid=2663854)[0m  "'val-aux/math/acc/best@2/std': np.float64(0.19209101784828325), "
[36m(TaskRunner pid=2663854)[0m  "'val-aux/math/acc/worst@2/mean': np.float64(0.5579659999999999), "
[36m(TaskRunner pid=2663854)[0m  "'val-aux/math/acc/worst@2/std': np.float64(0.2581104865876332), "
[36m(TaskRunner pid=2663854)[0m  "'val-aux/math/acc/maj@2/mean': np.float64(0.6651520000000001), "
[36m(TaskRunner pid=2663854)[0m  "'val-aux/math/acc/maj@2/std': np.float64(0.26624599210063216), "
[36m(TaskRunner pid=2663854)[0m  "'val-aux/math/acc/best@4/mean': np.float64(0.8415499999999999), "
[36m(TaskRunner pid=2663854)[0m Training Progress: 100%|██████████| 20/20 [30:38<00:00, 159.44s/it]Training Progress: 100%|██████████| 20/20 [30:38<00:00, 91.94s/it] 
[36m(TaskRunner pid=2663854)[0m  "'val-aux/math/acc/best@4/std': np.float64(0.11783497889170011), "
[36m(TaskRunner pid=2663854)[0m  "'val-aux/math/acc/worst@4/mean': np.float64(0.451904), "
[36m(TaskRunner pid=2663854)[0m  "'val-aux/math/acc/worst@4/std': np.float64(0.22474571920617603), "
[36m(TaskRunner pid=2663854)[0m  "'val-aux/math/acc/maj@4/mean': np.float64(0.724284), "
[36m(TaskRunner pid=2663854)[0m  "'val-aux/math/acc/maj@4/std': np.float64(0.20400124998079386), "
[36m(TaskRunner pid=2663854)[0m  "'val-aux/math/acc/best@8/mean': np.float64(0.885302), "
[36m(TaskRunner pid=2663854)[0m  "'val-aux/math/acc/best@8/std': np.float64(0.06965431627980383), "
[36m(TaskRunner pid=2663854)[0m  "'val-aux/math/acc/worst@8/mean': np.float64(0.35608399999999996), "
[36m(TaskRunner pid=2663854)[0m  "'val-aux/math/acc/worst@8/std': np.float64(0.17344268352761716), "
[36m(TaskRunner pid=2663854)[0m  "'val-aux/math/acc/maj@8/mean': np.float64(0.75788), "
[36m(TaskRunner pid=2663854)[0m  "'val-aux/math/acc/maj@8/std': np.float64(0.13816492212683992), "
[36m(TaskRunner pid=2663854)[0m  "'val-core/math/acc/best@16/mean': np.float64(0.910594), "
[36m(TaskRunner pid=2663854)[0m  "'val-core/math/acc/best@16/std': np.float64(0.036403922488166006), "
[36m(TaskRunner pid=2663854)[0m  "'val-aux/math/acc/worst@16/mean': np.float64(0.28340000000000004), "
[36m(TaskRunner pid=2663854)[0m  "'val-aux/math/acc/worst@16/std': np.float64(0.10894790793936904), "
[36m(TaskRunner pid=2663854)[0m  "'val-core/math/acc/maj@16/mean': np.float64(0.7753260000000001), "
[36m(TaskRunner pid=2663854)[0m  "'val-core/math/acc/maj@16/std': np.float64(0.09562153920264709)}")
