MODEL_READY: /models/Qwen2.5-Math-7B
Using python: /mlx_devbox/users/quyanyi/playground/.venvs/ttrl_b200/bin/python
Using model: /models/Qwen2.5-Math-7B
Using data: /mlx_devbox/users/quyanyi/playground/TTRL/verl/data/MATH-TTT
Output directory: /tmp/ttrl_b200/checkpoints/ttrl_chunk_state_powerflow_supportflow_posteriormass_nosplit_v14_mid_c128_b32_r32_v64_20step_20260802
Actor offload: param=False optimizer=False activation=False
Rollout: free_cache_engine=False enforce_eager=False gpu_memory_utilization=0.86
Critic offload: param=False optimizer=False activation=False
/mlx_devbox/users/quyanyi/playground/TTRL/verl/verl/__init__.py:18: UserWarning: pkg_resources is deprecated as an API. See https://setuptools.pypa.io/en/latest/pkg_resources.html. The pkg_resources package is slated for removal as early as 2025-11-30. Refrain from using this package or pin to Setuptools<81.
  import pkg_resources
/mlx_devbox/users/quyanyi/playground/.venvs/ttrl_b200/lib/python3.11/site-packages/huggingface_hub/constants.py:298: FutureWarning: The `HF_HUB_ENABLE_HF_TRANSFER` environment variable is deprecated as 'hf_transfer' is not used anymore. Please use `HF_XET_HIGH_PERFORMANCE` instead to enable high performance transfer with Xet. Visit https://huggingface.co/docs/huggingface_hub/package_reference/environment_variables#hfxethighperformance for more details.
  warnings.warn(
2026-08-02 09:30:06,471	INFO worker.py:2024 -- Started a local Ray instance.
[36m(pid=731283)[0m /mlx_devbox/users/quyanyi/playground/TTRL/verl/verl/__init__.py:18: UserWarning: pkg_resources is deprecated as an API. See https://setuptools.pypa.io/en/latest/pkg_resources.html. The pkg_resources package is slated for removal as early as 2025-11-30. Refrain from using this package or pin to Setuptools<81.
[36m(pid=731283)[0m   import pkg_resources
[36m(pid=731283)[0m /mlx_devbox/users/quyanyi/playground/.venvs/ttrl_b200/lib/python3.11/site-packages/huggingface_hub/constants.py:298: FutureWarning: The `HF_HUB_ENABLE_HF_TRANSFER` environment variable is deprecated as 'hf_transfer' is not used anymore. Please use `HF_XET_HIGH_PERFORMANCE` instead to enable high performance transfer with Xet. Visit https://huggingface.co/docs/huggingface_hub/package_reference/environment_variables#hfxethighperformance for more details.
[36m(pid=731283)[0m   warnings.warn(
[36m(TaskRunner pid=731283)[0m TaskRunner hostname: trial-302172199-trialrun-302172199-worker-0, PID: 731283
[36m(TaskRunner pid=731283)[0m {'actor_rollout_ref': {'actor': {'checkpoint': {'load_contents': ['model',
[36m(TaskRunner pid=731283)[0m                                                                   'optimizer',
[36m(TaskRunner pid=731283)[0m                                                                   'extra'],
[36m(TaskRunner pid=731283)[0m                                                 'save_contents': ['model',
[36m(TaskRunner pid=731283)[0m                                                                   'optimizer',
[36m(TaskRunner pid=731283)[0m                                                                   'extra']},
[36m(TaskRunner pid=731283)[0m                                  'chunk_weighted_nll_enable': False,
[36m(TaskRunner pid=731283)[0m                                  'clip_ratio': 0.2,
[36m(TaskRunner pid=731283)[0m                                  'clip_ratio_c': 3.0,
[36m(TaskRunner pid=731283)[0m                                  'clip_ratio_high': 0.2,
[36m(TaskRunner pid=731283)[0m                                  'clip_ratio_low': 0.2,
[36m(TaskRunner pid=731283)[0m                                  'entropy_checkpointing': False,
[36m(TaskRunner pid=731283)[0m                                  'entropy_coeff': 0,
[36m(TaskRunner pid=731283)[0m                                  'entropy_from_logits_with_chunking': False,
[36m(TaskRunner pid=731283)[0m                                  'fsdp_config': {'forward_prefetch': False,
[36m(TaskRunner pid=731283)[0m                                                  'fsdp_size': -1,
[36m(TaskRunner pid=731283)[0m                                                  'offload_policy': False,
[36m(TaskRunner pid=731283)[0m                                                  'optimizer_offload': False,
[36m(TaskRunner pid=731283)[0m                                                  'param_offload': False,
[36m(TaskRunner pid=731283)[0m                                                  'reshard_after_forward': True,
[36m(TaskRunner pid=731283)[0m                                                  'wrap_policy': {'min_num_params': 0}},
[36m(TaskRunner pid=731283)[0m                                  'grad_clip': 1.0,
[36m(TaskRunner pid=731283)[0m                                  'kl_loss_coef': 0.001,
[36m(TaskRunner pid=731283)[0m                                  'kl_loss_type': 'low_var_kl',
[36m(TaskRunner pid=731283)[0m                                  'loss_agg_mode': 'token-mean',
[36m(TaskRunner pid=731283)[0m                                  'optim': {'lr': 5e-07,
[36m(TaskRunner pid=731283)[0m                                            'lr_warmup_steps': -1,
[36m(TaskRunner pid=731283)[0m                                            'lr_warmup_steps_ratio': 0.03,
[36m(TaskRunner pid=731283)[0m                                            'min_lr_ratio': 0.0,
[36m(TaskRunner pid=731283)[0m                                            'num_cycles': 0.5,
[36m(TaskRunner pid=731283)[0m                                            'total_training_steps': -1,
[36m(TaskRunner pid=731283)[0m                                            'warmup_style': 'cosine',
[36m(TaskRunner pid=731283)[0m                                            'weight_decay': 0.01},
[36m(TaskRunner pid=731283)[0m                                  'policy_loss': {'clip_cov_lb': 1.0,
[36m(TaskRunner pid=731283)[0m                                                  'clip_cov_ratio': 0.0002,
[36m(TaskRunner pid=731283)[0m                                                  'clip_cov_ub': 5.0,
[36m(TaskRunner pid=731283)[0m                                                  'kl_cov_ratio': 0.0002,
[36m(TaskRunner pid=731283)[0m                                                  'loss_mode': 'vanilla',
[36m(TaskRunner pid=731283)[0m                                                  'ppo_kl_coef': 0.1},
[36m(TaskRunner pid=731283)[0m                                  'powerflow_beta_coef': 4.0,
[36m(TaskRunner pid=731283)[0m                                  'powerflow_chunk_loss_mode': 'standard',
[36m(TaskRunner pid=731283)[0m                                  'powerflow_enable': True,
[36m(TaskRunner pid=731283)[0m                                  'powerflow_init_ref_log_prob': 0.36,
[36m(TaskRunner pid=731283)[0m                                  'powerflow_on_policy': False,
[36m(TaskRunner pid=731283)[0m                                  'powerflow_proj_layers': 3,
[36m(TaskRunner pid=731283)[0m                                  'powerflow_use_boxed_reward': True,
[36m(TaskRunner pid=731283)[0m                                  'powerflow_use_chunk_weights': True,
[36m(TaskRunner pid=731283)[0m                                  'ppo_epochs': 1,
[36m(TaskRunner pid=731283)[0m                                  'ppo_max_token_len_per_gpu': 8192,
[36m(TaskRunner pid=731283)[0m                                  'ppo_micro_batch_size': None,
[36m(TaskRunner pid=731283)[0m                                  'ppo_micro_batch_size_per_gpu': 1,
[36m(TaskRunner pid=731283)[0m                                  'ppo_mini_batch_size': 8,
[36m(TaskRunner pid=731283)[0m                                  'profiler': {'all_ranks': False,
[36m(TaskRunner pid=731283)[0m                                               'discrete': False,
[36m(TaskRunner pid=731283)[0m                                               'ranks': None},
[36m(TaskRunner pid=731283)[0m                                  'shuffle': False,
[36m(TaskRunner pid=731283)[0m                                  'strategy': 'fsdp',
[36m(TaskRunner pid=731283)[0m                                  'ulysses_sequence_parallel_size': 1,
[36m(TaskRunner pid=731283)[0m                                  'use_dynamic_bsz': False,
[36m(TaskRunner pid=731283)[0m                                  'use_kl_loss': False,
[36m(TaskRunner pid=731283)[0m                                  'use_torch_compile': True},
[36m(TaskRunner pid=731283)[0m                        'hybrid_engine': True,
[36m(TaskRunner pid=731283)[0m                        'model': {'attn_implementation': 'sdpa',
[36m(TaskRunner pid=731283)[0m                                  'custom_chat_template': None,
[36m(TaskRunner pid=731283)[0m                                  'enable_activation_offload': False,
[36m(TaskRunner pid=731283)[0m                                  'enable_gradient_checkpointing': True,
[36m(TaskRunner pid=731283)[0m                                  'exclude_modules': None,
[36m(TaskRunner pid=731283)[0m                                  'external_lib': None,
[36m(TaskRunner pid=731283)[0m                                  'fused_kernel_options': {'impl_backend': 'triton'},
[36m(TaskRunner pid=731283)[0m                                  'lora_alpha': 16,
[36m(TaskRunner pid=731283)[0m                                  'lora_rank': 0,
[36m(TaskRunner pid=731283)[0m                                  'override_config': {},
[36m(TaskRunner pid=731283)[0m                                  'path': '/models/Qwen2.5-Math-7B',
[36m(TaskRunner pid=731283)[0m                                  'target_modules': 'all-linear',
[36m(TaskRunner pid=731283)[0m                                  'trust_remote_code': False,
[36m(TaskRunner pid=731283)[0m                                  'use_fused_kernels': True,
[36m(TaskRunner pid=731283)[0m                                  'use_liger': False,
[36m(TaskRunner pid=731283)[0m                                  'use_remove_padding': True,
[36m(TaskRunner pid=731283)[0m                                  'use_shm': False},
[36m(TaskRunner pid=731283)[0m                        'ref': {'entropy_checkpointing': False,
[36m(TaskRunner pid=731283)[0m                                'entropy_from_logits_with_chunking': False,
[36m(TaskRunner pid=731283)[0m                                'fsdp_config': {'forward_prefetch': False,
[36m(TaskRunner pid=731283)[0m                                                'param_offload': True,
[36m(TaskRunner pid=731283)[0m                                                'reshard_after_forward': True,
[36m(TaskRunner pid=731283)[0m                                                'wrap_policy': {'min_num_params': 0}},
[36m(TaskRunner pid=731283)[0m                                'log_prob_max_token_len_per_gpu': 8192,
[36m(TaskRunner pid=731283)[0m                                'log_prob_micro_batch_size': None,
[36m(TaskRunner pid=731283)[0m                                'log_prob_micro_batch_size_per_gpu': 1,
[36m(TaskRunner pid=731283)[0m                                'log_prob_use_dynamic_bsz': False,
[36m(TaskRunner pid=731283)[0m                                'profiler': {'all_ranks': False,
[36m(TaskRunner pid=731283)[0m                                             'discrete': False,
[36m(TaskRunner pid=731283)[0m                                             'ranks': None},
[36m(TaskRunner pid=731283)[0m                                'strategy': 'fsdp',
[36m(TaskRunner pid=731283)[0m                                'ulysses_sequence_parallel_size': 1,
[36m(TaskRunner pid=731283)[0m                                'use_torch_compile': True},
[36m(TaskRunner pid=731283)[0m                        'rollout': {'agent': {'num_workers': 8},
[36m(TaskRunner pid=731283)[0m                                    'calculate_log_probs': True,
[36m(TaskRunner pid=731283)[0m                                    'disable_log_stats': True,
[36m(TaskRunner pid=731283)[0m                                    'do_sample': True,
[36m(TaskRunner pid=731283)[0m                                    'dtype': 'bfloat16',
[36m(TaskRunner pid=731283)[0m                                    'enable_chunked_prefill': True,
[36m(TaskRunner pid=731283)[0m                                    'enforce_eager': False,
[36m(TaskRunner pid=731283)[0m                                    'engine_kwargs': {'sglang': {'attention_backend': None},
[36m(TaskRunner pid=731283)[0m                                                      'vllm': {'attention_config': {'backend': 'FLASH_ATTN'},
[36m(TaskRunner pid=731283)[0m                                                               'disable_mm_preprocessor_cache': False,
[36m(TaskRunner pid=731283)[0m                                                               'swap_space': None}},
[36m(TaskRunner pid=731283)[0m                                    'free_cache_engine': False,
[36m(TaskRunner pid=731283)[0m                                    'gpu_memory_utilization': 0.86,
[36m(TaskRunner pid=731283)[0m                                    'ignore_eos': False,
[36m(TaskRunner pid=731283)[0m                                    'layered_summon': False,
[36m(TaskRunner pid=731283)[0m                                    'load_format': 'dummy_dtensor',
[36m(TaskRunner pid=731283)[0m                                    'log_prob_max_token_len_per_gpu': 8192,
[36m(TaskRunner pid=731283)[0m                                    'log_prob_micro_batch_size': None,
[36m(TaskRunner pid=731283)[0m                                    'log_prob_micro_batch_size_per_gpu': 1,
[36m(TaskRunner pid=731283)[0m                                    'log_prob_use_dynamic_bsz': False,
[36m(TaskRunner pid=731283)[0m                                    'logprobs': 1,
[36m(TaskRunner pid=731283)[0m                                    'max_model_len': 4096,
[36m(TaskRunner pid=731283)[0m                                    'max_num_batched_tokens': 65536,
[36m(TaskRunner pid=731283)[0m                                    'max_num_seqs': 1024,
[36m(TaskRunner pid=731283)[0m                                    'mode': 'sync',
[36m(TaskRunner pid=731283)[0m                                    'multi_stage_wake_up': False,
[36m(TaskRunner pid=731283)[0m                                    'multi_turn': {'completion_callback': None,
[36m(TaskRunner pid=731283)[0m                                                   'enable': False,
[36m(TaskRunner pid=731283)[0m                                                   'format': 'hermes',
[36m(TaskRunner pid=731283)[0m                                                   'interaction_config_path': None,
[36m(TaskRunner pid=731283)[0m                                                   'max_assistant_turns': None,
[36m(TaskRunner pid=731283)[0m                                                   'max_parallel_calls': 1,
[36m(TaskRunner pid=731283)[0m                                                   'max_tool_response_length': 256,
[36m(TaskRunner pid=731283)[0m                                                   'max_user_turns': None,
[36m(TaskRunner pid=731283)[0m                                                   'tokenization_sanity_check_mode': 'strict',
[36m(TaskRunner pid=731283)[0m                                                   'tool_config_path': None,
[36m(TaskRunner pid=731283)[0m                                                   'tool_response_truncate_side': 'middle',
[36m(TaskRunner pid=731283)[0m                                                   'use_inference_chat_template': False},
[36m(TaskRunner pid=731283)[0m                                    'n': 32,
[36m(TaskRunner pid=731283)[0m                                    'name': 'vllm',
[36m(TaskRunner pid=731283)[0m                                    'profiler': {'all_ranks': False,
[36m(TaskRunner pid=731283)[0m                                                 'discrete': False,
[36m(TaskRunner pid=731283)[0m                                                 'ranks': None},
[36m(TaskRunner pid=731283)[0m                                    'prompt_length': 1024,
[36m(TaskRunner pid=731283)[0m                                    'response_length': 3072,
[36m(TaskRunner pid=731283)[0m                                    'temperature': 1.0,
[36m(TaskRunner pid=731283)[0m                                    'tensor_model_parallel_size': 1,
[36m(TaskRunner pid=731283)[0m                                    'top_k': -1,
[36m(TaskRunner pid=731283)[0m                                    'top_p': 1,
[36m(TaskRunner pid=731283)[0m                                    'use_rollout_log_probs_as_old': True,
[36m(TaskRunner pid=731283)[0m                                    'val_kwargs': {'do_sample': True,
[36m(TaskRunner pid=731283)[0m                                                   'n': 16,
[36m(TaskRunner pid=731283)[0m                                                   'temperature': 0.6,
[36m(TaskRunner pid=731283)[0m                                                   'top_k': -1,
[36m(TaskRunner pid=731283)[0m                                                   'top_p': 0.95}}},
[36m(TaskRunner pid=731283)[0m  'algorithm': {'adv_estimator': 'grpo',
[36m(TaskRunner pid=731283)[0m                'gamma': 1.0,
[36m(TaskRunner pid=731283)[0m                'kl_ctrl': {'horizon': 10000,
[36m(TaskRunner pid=731283)[0m                            'kl_coef': 0.0,
[36m(TaskRunner pid=731283)[0m                            'target_kl': 0.1,
[36m(TaskRunner pid=731283)[0m                            'type': 'fixed'},
[36m(TaskRunner pid=731283)[0m                'kl_penalty': 'kl',
[36m(TaskRunner pid=731283)[0m                'lam': 1.0,
[36m(TaskRunner pid=731283)[0m                'norm_adv_by_std_in_grpo': True,
[36m(TaskRunner pid=731283)[0m                'pf_ppo': {'reweight_method': 'pow', 'weight_pow': 2.0},
[36m(TaskRunner pid=731283)[0m                'use_kl_in_reward': False,
[36m(TaskRunner pid=731283)[0m                'use_pf_ppo': False},
[36m(TaskRunner pid=731283)[0m  'critic': {'checkpoint': {'load_contents': ['model', 'optimizer', 'extra'],
[36m(TaskRunner pid=731283)[0m                            'save_contents': ['model', 'optimizer', 'extra']},
[36m(TaskRunner pid=731283)[0m             'cliprange_value': 0.5,
[36m(TaskRunner pid=731283)[0m             'forward_max_token_len_per_gpu': 32768,
[36m(TaskRunner pid=731283)[0m             'forward_micro_batch_size': None,
[36m(TaskRunner pid=731283)[0m             'forward_micro_batch_size_per_gpu': 1,
[36m(TaskRunner pid=731283)[0m             'grad_clip': 1.0,
[36m(TaskRunner pid=731283)[0m             'loss_agg_mode': 'token-mean',
[36m(TaskRunner pid=731283)[0m             'model': {'attn_implementation': 'sdpa',
[36m(TaskRunner pid=731283)[0m                       'enable_activation_offload': False,
[36m(TaskRunner pid=731283)[0m                       'enable_gradient_checkpointing': True,
[36m(TaskRunner pid=731283)[0m                       'external_lib': None,
[36m(TaskRunner pid=731283)[0m                       'fsdp_config': {'forward_prefetch': False,
[36m(TaskRunner pid=731283)[0m                                       'fsdp_size': -1,
[36m(TaskRunner pid=731283)[0m                                       'offload_policy': False,
[36m(TaskRunner pid=731283)[0m                                       'optimizer_offload': False,
[36m(TaskRunner pid=731283)[0m                                       'param_offload': False,
[36m(TaskRunner pid=731283)[0m                                       'reshard_after_forward': True,
[36m(TaskRunner pid=731283)[0m                                       'wrap_policy': {'min_num_params': 0}},
[36m(TaskRunner pid=731283)[0m                       'lora_alpha': 16,
[36m(TaskRunner pid=731283)[0m                       'lora_rank': 0,
[36m(TaskRunner pid=731283)[0m                       'override_config': {},
[36m(TaskRunner pid=731283)[0m                       'path': '/models/Qwen2.5-Math-7B',
[36m(TaskRunner pid=731283)[0m                       'target_modules': 'all-linear',
[36m(TaskRunner pid=731283)[0m                       'tokenizer_path': '/models/Qwen2.5-Math-7B',
[36m(TaskRunner pid=731283)[0m                       'trust_remote_code': False,
[36m(TaskRunner pid=731283)[0m                       'use_remove_padding': True,
[36m(TaskRunner pid=731283)[0m                       'use_shm': False},
[36m(TaskRunner pid=731283)[0m             'optim': {'lr': 9e-06,
[36m(TaskRunner pid=731283)[0m                       'lr_warmup_steps_ratio': 0.0,
[36m(TaskRunner pid=731283)[0m                       'min_lr_ratio': None,
[36m(TaskRunner pid=731283)[0m                       'total_training_steps': -1,
[36m(TaskRunner pid=731283)[0m                       'warmup_style': 'constant',
[36m(TaskRunner pid=731283)[0m                       'weight_decay': 0.01},
[36m(TaskRunner pid=731283)[0m             'ppo_epochs': 1,
[36m(TaskRunner pid=731283)[0m             'ppo_max_token_len_per_gpu': 32768,
[36m(TaskRunner pid=731283)[0m             'ppo_micro_batch_size': None,
[36m(TaskRunner pid=731283)[0m             'ppo_micro_batch_size_per_gpu': 1,
[36m(TaskRunner pid=731283)[0m             'ppo_mini_batch_size': 8,
[36m(TaskRunner pid=731283)[0m             'profiler': {'all_ranks': False, 'discrete': False, 'ranks': None},
[36m(TaskRunner pid=731283)[0m             'rollout_n': 32,
[36m(TaskRunner pid=731283)[0m             'shuffle': False,
[36m(TaskRunner pid=731283)[0m             'strategy': 'fsdp',
[36m(TaskRunner pid=731283)[0m             'ulysses_sequence_parallel_size': 1,
[36m(TaskRunner pid=731283)[0m             'use_dynamic_bsz': False},
[36m(TaskRunner pid=731283)[0m  'custom_reward_function': {'name': 'reward_func',
[36m(TaskRunner pid=731283)[0m                             'path': './verl/utils/reward_score/ttrl_math/__init__.py'},
[36m(TaskRunner pid=731283)[0m  'data': {'custom_cls': {'name': None, 'path': None},
[36m(TaskRunner pid=731283)[0m           'filter_overlong_prompts': True,
[36m(TaskRunner pid=731283)[0m           'filter_overlong_prompts_workers': 1,
[36m(TaskRunner pid=731283)[0m           'image_key': 'images',
[36m(TaskRunner pid=731283)[0m           'max_prompt_length': 1024,
[36m(TaskRunner pid=731283)[0m           'max_response_length': 3072,
[36m(TaskRunner pid=731283)[0m           'prompt_key': 'prompt',
[36m(TaskRunner pid=731283)[0m           'return_full_prompt': False,
[36m(TaskRunner pid=731283)[0m           'return_raw_chat': False,
[36m(TaskRunner pid=731283)[0m           'return_raw_input_ids': False,
[36m(TaskRunner pid=731283)[0m           'reward_fn_key': 'data_source',
[36m(TaskRunner pid=731283)[0m           'shuffle': True,
[36m(TaskRunner pid=731283)[0m           'tokenizer': None,
[36m(TaskRunner pid=731283)[0m           'train_batch_size': 32,
[36m(TaskRunner pid=731283)[0m           'train_files': ['/mlx_devbox/users/quyanyi/playground/TTRL/verl/data/MATH-TTT/train.parquet'],
[36m(TaskRunner pid=731283)[0m           'truncation': 'error',
[36m(TaskRunner pid=731283)[0m           'trust_remote_code': False,
[36m(TaskRunner pid=731283)[0m           'use_shm': False,
[36m(TaskRunner pid=731283)[0m           'val_batch_size': None,
[36m(TaskRunner pid=731283)[0m           'val_files': ['/mlx_devbox/users/quyanyi/playground/TTRL/verl/data/MATH-TTT/test.parquet'],
[36m(TaskRunner pid=731283)[0m           'validation_shuffle': False,
[36m(TaskRunner pid=731283)[0m           'video_key': 'videos'},
[36m(TaskRunner pid=731283)[0m  'ray_init': {'num_cpus': None, 'timeline_json_file': None},
[36m(TaskRunner pid=731283)[0m  'reward_model': {'enable': False,
[36m(TaskRunner pid=731283)[0m                   'forward_max_token_len_per_gpu': 32768,
[36m(TaskRunner pid=731283)[0m                   'launch_reward_fn_async': False,
[36m(TaskRunner pid=731283)[0m                   'max_length': None,
[36m(TaskRunner pid=731283)[0m                   'micro_batch_size': None,
[36m(TaskRunner pid=731283)[0m                   'micro_batch_size_per_gpu': None,
[36m(TaskRunner pid=731283)[0m                   'model': {'attn_implementation': 'sdpa',
[36m(TaskRunner pid=731283)[0m                             'external_lib': None,
[36m(TaskRunner pid=731283)[0m                             'fsdp_config': {'forward_prefetch': False,
[36m(TaskRunner pid=731283)[0m                                             'fsdp_size': -1,
[36m(TaskRunner pid=731283)[0m                                             'param_offload': False,
[36m(TaskRunner pid=731283)[0m                                             'reshard_after_forward': True,
[36m(TaskRunner pid=731283)[0m                                             'wrap_policy': {'min_num_params': 0}},
[36m(TaskRunner pid=731283)[0m                             'input_tokenizer': '/models/Qwen2.5-Math-7B',
[36m(TaskRunner pid=731283)[0m                             'path': '~/models/FsfairX-LLaMA3-RM-v0.1',
[36m(TaskRunner pid=731283)[0m                             'trust_remote_code': False,
[36m(TaskRunner pid=731283)[0m                             'use_fused_kernels': True,
[36m(TaskRunner pid=731283)[0m                             'use_remove_padding': False,
[36m(TaskRunner pid=731283)[0m                             'use_shm': False},
[36m(TaskRunner pid=731283)[0m                   'num_processes': 128,
[36m(TaskRunner pid=731283)[0m                   'profiler': {'all_ranks': False,
[36m(TaskRunner pid=731283)[0m                                'discrete': False,
[36m(TaskRunner pid=731283)[0m                                'ranks': None},
[36m(TaskRunner pid=731283)[0m                   'reward_manager': 'prime',
[36m(TaskRunner pid=731283)[0m                   'sandbox_fusion': {'max_concurrent': 64,
[36m(TaskRunner pid=731283)[0m                                      'memory_limit_mb': 1024,
[36m(TaskRunner pid=731283)[0m                                      'url': None},
[36m(TaskRunner pid=731283)[0m                   'strategy': 'fsdp',
[36m(TaskRunner pid=731283)[0m                   'ulysses_sequence_parallel_size': 1,
[36m(TaskRunner pid=731283)[0m                   'use_dynamic_bsz': False},
[36m(TaskRunner pid=731283)[0m  'trainer': {'balance_batch': True,
[36m(TaskRunner pid=731283)[0m              'controller_nsight_options': {'cuda-graph-trace': 'graph',
[36m(TaskRunner pid=731283)[0m                                            'cuda-memory-usage': 'true',
[36m(TaskRunner pid=731283)[0m                                            'trace': 'cuda,nvtx,cublas,ucx'},
[36m(TaskRunner pid=731283)[0m              'critic_warmup': 0,
[36m(TaskRunner pid=731283)[0m              'default_hdfs_dir': None,
[36m(TaskRunner pid=731283)[0m              'default_local_dir': '/tmp/ttrl_b200/checkpoints/ttrl_chunk_state_powerflow_supportflow_posteriormass_nosplit_v14_mid_c128_b32_r32_v64_20step_20260802',
[36m(TaskRunner pid=731283)[0m              'del_local_ckpt_after_load': False,
[36m(TaskRunner pid=731283)[0m              'device': 'cuda',
[36m(TaskRunner pid=731283)[0m              'esi_redundant_time': 0,
[36m(TaskRunner pid=731283)[0m              'experiment_name': '0802-ttrl_chunk_state_powerflow_supportflow_posteriormass_nosplit_v14_mid_c128_b32_r32_v64_20step_20260802-MATH-TTT-Qwen2.5-Math-7B-supportflow-posteriormass-nosplit-v14-20step',
[36m(TaskRunner pid=731283)[0m              'final_val_enable': True,
[36m(TaskRunner pid=731283)[0m              'log_val_generations': 0,
[36m(TaskRunner pid=731283)[0m              'logger': ['console'],
[36m(TaskRunner pid=731283)[0m              'max_actor_ckpt_to_keep': 0,
[36m(TaskRunner pid=731283)[0m              'max_critic_ckpt_to_keep': 0,
[36m(TaskRunner pid=731283)[0m              'n_gpus_per_node': 8,
[36m(TaskRunner pid=731283)[0m              'nnodes': 1,
[36m(TaskRunner pid=731283)[0m              'profile_steps': None,
[36m(TaskRunner pid=731283)[0m              'project_name': 'TTRL-verl-local',
[36m(TaskRunner pid=731283)[0m              'ray_wait_register_center_timeout': 300,
[36m(TaskRunner pid=731283)[0m              'resume_from_path': None,
[36m(TaskRunner pid=731283)[0m              'resume_mode': 'auto',
[36m(TaskRunner pid=731283)[0m              'rollout_data_dir': None,
[36m(TaskRunner pid=731283)[0m              'save_freq': -1,
[36m(TaskRunner pid=731283)[0m              'test_freq': 20,
[36m(TaskRunner pid=731283)[0m              'total_epochs': 2,
[36m(TaskRunner pid=731283)[0m              'total_training_steps': 20,
[36m(TaskRunner pid=731283)[0m              'val_before_train': False,
[36m(TaskRunner pid=731283)[0m              'val_only': False,
[36m(TaskRunner pid=731283)[0m              'validation_data_dir': None,
[36m(TaskRunner pid=731283)[0m              'validation_metric_dump_path': '/mlx_devbox/users/quyanyi/playground/TTRL/important_experiment_logs/ttrl_chunk_state_powerflow_supportflow_posteriormass_nosplit_v14_mid_c128_b32_r32_v64_20step_20260802_val_metrics.json',
[36m(TaskRunner pid=731283)[0m              'worker_nsight_options': {'capture-range': 'cudaProfilerApi',
[36m(TaskRunner pid=731283)[0m                                        'capture-range-end': None,
[36m(TaskRunner pid=731283)[0m                                        'cuda-graph-trace': 'graph',
[36m(TaskRunner pid=731283)[0m                                        'cuda-memory-usage': 'true',
[36m(TaskRunner pid=731283)[0m                                        'kill': 'none',
[36m(TaskRunner pid=731283)[0m                                        'trace': 'cuda,nvtx,cublas,ucx'}},
[36m(TaskRunner pid=731283)[0m  'ttrl': {'chunk_state_actor_span': 'chunk',
[36m(TaskRunner pid=731283)[0m           'chunk_state_alpha': 2.0,
[36m(TaskRunner pid=731283)[0m           'chunk_state_answer_source_consistency_enable': False,
[36m(TaskRunner pid=731283)[0m           'chunk_state_answer_support_min_mass': 0.0,
[36m(TaskRunner pid=731283)[0m           'chunk_state_answer_support_score': 'mass',
[36m(TaskRunner pid=731283)[0m           'chunk_state_boundaries': [0, 256, 512, 768, 1024],
[36m(TaskRunner pid=731283)[0m           'chunk_state_boundary_mode': 'mid',
[36m(TaskRunner pid=731283)[0m           'chunk_state_candidates': 8,
[36m(TaskRunner pid=731283)[0m           'chunk_state_chunk_size': 128,
[36m(TaskRunner pid=731283)[0m           'chunk_state_confidence_power': 0.0,
[36m(TaskRunner pid=731283)[0m           'chunk_state_diag_enable': True,
[36m(TaskRunner pid=731283)[0m           'chunk_state_diag_jsonl': '/mlx_devbox/users/quyanyi/playground/TTRL/important_experiment_logs/chunk_state_diag/ttrl_chunk_state_powerflow_supportflow_posteriormass_nosplit_v14_mid_c128_b32_r32_v64_20step_20260802.jsonl',
[36m(TaskRunner pid=731283)[0m           'chunk_state_enable': True,
[36m(TaskRunner pid=731283)[0m           'chunk_state_eps': 0.05,
[36m(TaskRunner pid=731283)[0m           'chunk_state_future_support_anchor_prior_power': 1.0,
[36m(TaskRunner pid=731283)[0m           'chunk_state_future_support_anchor_prior_weight': 0.0,
[36m(TaskRunner pid=731283)[0m           'chunk_state_future_support_baseline_scale': 1.0,
[36m(TaskRunner pid=731283)[0m           'chunk_state_future_support_gain_slack': 0.125,
[36m(TaskRunner pid=731283)[0m           'chunk_state_future_support_keep_mode': 'hard',
[36m(TaskRunner pid=731283)[0m           'chunk_state_future_support_max_mass_coef': 0.25,
[36m(TaskRunner pid=731283)[0m           'chunk_state_future_support_max_state_oov': 1.0,
[36m(TaskRunner pid=731283)[0m           'chunk_state_future_support_min_candidate_coverage': 0.0,
[36m(TaskRunner pid=731283)[0m           'chunk_state_future_support_min_candidate_mean_mass': 0.0,
[36m(TaskRunner pid=731283)[0m           'chunk_state_future_support_min_mass': 0.03125,
[36m(TaskRunner pid=731283)[0m           'chunk_state_future_support_min_positive_margin': 0.0,
[36m(TaskRunner pid=731283)[0m           'chunk_state_future_support_min_state_coverage': 0.0,
[36m(TaskRunner pid=731283)[0m           'chunk_state_future_support_min_state_max_mass': 0.0,
[36m(TaskRunner pid=731283)[0m           'chunk_state_future_support_min_state_mean_mass': 0.0,
[36m(TaskRunner pid=731283)[0m           'chunk_state_future_support_min_state_top_margin': 0.0,
[36m(TaskRunner pid=731283)[0m           'chunk_state_future_support_prior_smoothing': 0.0,
[36m(TaskRunner pid=731283)[0m           'chunk_state_future_support_score_type': 'slack_gain',
[36m(TaskRunner pid=731283)[0m           'chunk_state_future_support_soft_weight_floor': 0.0,
[36m(TaskRunner pid=731283)[0m           'chunk_state_future_support_source_prior_weight': 2.0,
[36m(TaskRunner pid=731283)[0m           'chunk_state_label_consistent_only': False,
[36m(TaskRunner pid=731283)[0m           'chunk_state_max_prefix_tokens': 1024,
[36m(TaskRunner pid=731283)[0m           'chunk_state_max_prompt_answer_entropy': 1.4,
[36m(TaskRunner pid=731283)[0m           'chunk_state_mid_boundary_max_ratio': 0.75,
[36m(TaskRunner pid=731283)[0m           'chunk_state_mid_boundary_min_ratio': 0.35,
[36m(TaskRunner pid=731283)[0m           'chunk_state_min_answer_coverage': 0.125,
[36m(TaskRunner pid=731283)[0m           'chunk_state_min_boundary': 0,
[36m(TaskRunner pid=731283)[0m           'chunk_state_min_informative_gap': 0.001,
[36m(TaskRunner pid=731283)[0m           'chunk_state_min_majority_ratio': 0.0,
[36m(TaskRunner pid=731283)[0m           'chunk_state_min_prompt_top_margin': 0.05,
[36m(TaskRunner pid=731283)[0m           'chunk_state_min_prompt_top_mass': 0.35,
[36m(TaskRunner pid=731283)[0m           'chunk_state_min_prompt_valid_answer_coverage': 0.75,
[36m(TaskRunner pid=731283)[0m           'chunk_state_min_source_answer_mass': 0.4,
[36m(TaskRunner pid=731283)[0m           'chunk_state_min_state_positive_margin': -1.0,
[36m(TaskRunner pid=731283)[0m           'chunk_state_powerflow_weight_clip': 4.0,
[36m(TaskRunner pid=731283)[0m           'chunk_state_powerflow_weight_clip_renorm': True,
[36m(TaskRunner pid=731283)[0m           'chunk_state_probe_max_tokens': 3072,
[36m(TaskRunner pid=731283)[0m           'chunk_state_probe_samples': 1,
[36m(TaskRunner pid=731283)[0m           'chunk_state_prune_zero_weight_samples': True,
[36m(TaskRunner pid=731283)[0m           'chunk_state_score_mode': 'support_flow',
[36m(TaskRunner pid=731283)[0m Setting TOKENIZERS_PARALLELISM=false for forked processes.
[36m(TaskRunner pid=731283)[0m WARNING:2026-08-02 09:30:39,234:Setting TOKENIZERS_PARALLELISM=false for forked processes.
[36m(TaskRunner pid=731283)[0m Filtering prompts longer than 1024 tokens (num_proc=1):   0%|          | 0/500 [00:00<?, ? examples/s]
[36m(TaskRunner pid=731283)[0m Filtering prompts longer than 1024 tokens (num_proc=1): 100%|██████████| 500/500 [00:01<00:00, 289.52 examples/s]
[36m(TaskRunner pid=731283)[0m Filtering prompts longer than 1024 tokens (num_proc=1): 100%|██████████| 500/500 [00:01<00:00, 269.58 examples/s]
[36m(TaskRunner pid=731283)[0m Setting TOKENIZERS_PARALLELISM=false for forked processes.
[36m(TaskRunner pid=731283)[0m WARNING:2026-08-02 09:30:42,204:Setting TOKENIZERS_PARALLELISM=false for forked processes.
[36m(TaskRunner pid=731283)[0m Filtering prompts longer than 1024 tokens (num_proc=1):   0%|          | 0/500 [00:00<?, ? examples/s]
[36m(TaskRunner pid=731283)[0m Filtering prompts longer than 1024 tokens (num_proc=1): 100%|██████████| 500/500 [00:01<00:00, 293.44 examples/s]
[36m(TaskRunner pid=731283)[0m Filtering prompts longer than 1024 tokens (num_proc=1): 100%|██████████| 500/500 [00:01<00:00, 273.47 examples/s]
[36m(TaskRunner pid=731283)[0m DeprecationWarning: `ray.state.available_resources_per_node` is a private attribute and access will be removed in a future Ray version.
[36m(pid=731288)[0m /mlx_devbox/users/quyanyi/playground/TTRL/verl/verl/__init__.py:18: UserWarning: pkg_resources is deprecated as an API. See https://setuptools.pypa.io/en/latest/pkg_resources.html. The pkg_resources package is slated for removal as early as 2025-11-30. Refrain from using this package or pin to Setuptools<81.
[36m(pid=731288)[0m   import pkg_resources
[36m(pid=731293)[0m /mlx_devbox/users/quyanyi/playground/.venvs/ttrl_b200/lib/python3.11/site-packages/huggingface_hub/constants.py:298: FutureWarning: The `HF_HUB_ENABLE_HF_TRANSFER` environment variable is deprecated as 'hf_transfer' is not used anymore. Please use `HF_XET_HIGH_PERFORMANCE` instead to enable high performance transfer with Xet. Visit https://huggingface.co/docs/huggingface_hub/package_reference/environment_variables#hfxethighperformance for more details.
[36m(pid=731293)[0m   warnings.warn(
[36m(pid=731292)[0m /mlx_devbox/users/quyanyi/playground/TTRL/verl/verl/__init__.py:18: UserWarning: pkg_resources is deprecated as an API. See https://setuptools.pypa.io/en/latest/pkg_resources.html. The pkg_resources package is slated for removal as early as 2025-11-30. Refrain from using this package or pin to Setuptools<81.[32m [repeated 7x across cluster] (Ray deduplicates logs by default. Set RAY_DEDUP_LOGS=0 to disable log deduplication, or see https://docs.ray.io/en/master/ray-observability/user-guides/configure-logging.html#log-deduplication for more options.)[0m
[36m(pid=731292)[0m   import pkg_resources[32m [repeated 7x across cluster][0m
[36m(WorkerDict pid=731288)[0m WARNING:2026-08-02 09:31:04,185:Initializing torch.distributed: rank=0 world_size=8 init_method=tcp://[fdbd:dc61:ff:f000:ffff:ffff:0:16]:53447 master=fdbd:dc61:ff:f000:ffff:ffff:0:16:53447
[36m(pid=731287)[0m /mlx_devbox/users/quyanyi/playground/.venvs/ttrl_b200/lib/python3.11/site-packages/huggingface_hub/constants.py:298: FutureWarning: The `HF_HUB_ENABLE_HF_TRANSFER` environment variable is deprecated as 'hf_transfer' is not used anymore. Please use `HF_XET_HIGH_PERFORMANCE` instead to enable high performance transfer with Xet. Visit https://huggingface.co/docs/huggingface_hub/package_reference/environment_variables#hfxethighperformance for more details.[32m [repeated 7x across cluster][0m
[36m(pid=731287)[0m   warnings.warn([32m [repeated 7x across cluster][0m
[36m(WorkerDict pid=731286)[0m [W802 09:31:06.455682762 ProcessGroupNCCL.cpp:932] Warning: TORCH_NCCL_AVOID_RECORD_STREAMS is the default now, this environment variable is thus deprecated. (function operator())
[36m(TaskRunner pid=731283)[0m           'chunk_state_skip_all_negative': False,
[36m(TaskRunner pid=731283)[0m           'chunk_state_skip_uniform': False,
[36m(TaskRunner pid=731283)[0m           'chunk_state_source_chunk_candidate_index': 0,
[36m(TaskRunner pid=731283)[0m           'chunk_state_source_chunk_enable': True,
[36m(TaskRunner pid=731283)[0m           'chunk_state_source_low_max_answer_mass': 0.35,
[36m(TaskRunner pid=731283)[0m           'chunk_state_source_min_valid_answer_mass': 0.03125,
[36m(TaskRunner pid=731283)[0m           'chunk_state_source_mixed_low_ratio': 0.75,
[36m(TaskRunner pid=731283)[0m           'chunk_state_source_mode': 'majority_consistent',
[36m(TaskRunner pid=731283)[0m           'chunk_state_source_quality_max_entropy': 0.0,
[36m(TaskRunner pid=731283)[0m           'chunk_state_source_quality_weight_floor': 0.0,
[36m(TaskRunner pid=731283)[0m           'chunk_state_source_quality_weight_mode': 'off',
[36m(TaskRunner pid=731283)[0m           'chunk_state_source_quality_weight_power': 1.0,
[36m(TaskRunner pid=731283)[0m           'chunk_state_source_select_by_mass': True,
[36m(TaskRunner pid=731283)[0m           'chunk_state_staged_probe_enable': False,
[36m(TaskRunner pid=731283)[0m           'chunk_state_staged_probe_extra_max_tokens': 3072,
[36m(TaskRunner pid=731283)[0m           'chunk_state_staged_probe_extra_samples': 4,
[36m(TaskRunner pid=731283)[0m           'chunk_state_staged_probe_merge_mode': 'repeat_base',
[36m(TaskRunner pid=731283)[0m           'chunk_state_staged_probe_topk': 2,
[36m(TaskRunner pid=731283)[0m           'chunk_state_states_per_prompt': 1,
[36m(TaskRunner pid=731283)[0m           'chunk_state_support_anchor_candidate_start': 1,
[36m(TaskRunner pid=731283)[0m           'chunk_state_support_anchor_count': 7,
[36m(TaskRunner pid=731283)[0m           'chunk_state_support_anchor_enable': True,
[36m(TaskRunner pid=731283)[0m           'chunk_state_support_anchor_min_mass': 0.03125,
[36m(TaskRunner pid=731283)[0m           'chunk_state_support_anchor_min_prefix_match': 0.75,
[36m(TaskRunner pid=731283)[0m           'chunk_state_support_anchor_prefix_compat_enable': False,
[36m(TaskRunner pid=731283)[0m           'chunk_state_support_anchor_prefix_compat_mode': 'hard',
[36m(TaskRunner pid=731283)[0m           'chunk_state_support_anchor_prefix_compat_tokens': 128,
[36m(TaskRunner pid=731283)[0m           'chunk_state_support_anchor_prefix_score_power': 1.0,
[36m(TaskRunner pid=731283)[0m           'chunk_state_support_anchor_selection_mode': 'mass_ranked',
[36m(TaskRunner pid=731283)[0m           'chunk_state_support_anchor_skip_source': True,
[36m(TaskRunner pid=731283)[0m           'chunk_state_support_flow_answer_split_power': 1.0,
[36m(TaskRunner pid=731283)[0m           'chunk_state_support_flow_baseline_scale': 1.0,
[36m(TaskRunner pid=731283)[0m           'chunk_state_support_flow_gain_slack': 0.0,
[36m(TaskRunner pid=731283)[0m           'chunk_state_support_flow_min_positive_margin': 0.0,
[36m(TaskRunner pid=731283)[0m           'chunk_state_support_flow_posterior_split_duplicates': False,
[36m(TaskRunner pid=731283)[0m           'chunk_state_support_flow_score_type': 'posterior_mass',
[36m(TaskRunner pid=731283)[0m           'chunk_state_support_flow_softplus_temperature': 0.125,
[36m(TaskRunner pid=731283)[0m           'chunk_state_support_flow_source_prior_weight': 1.0,
[36m(TaskRunner pid=731283)[0m           'chunk_state_support_flow_split_mass_by_answer': False,
[36m(TaskRunner pid=731283)[0m           'chunk_state_target_guard_anchor': True,
[36m(TaskRunner pid=731283)[0m           'chunk_state_target_guard_bad_probe_ratio': 0.5,
[36m(TaskRunner pid=731283)[0m           'chunk_state_target_guard_candidate_assistant_marker': True,
[36m(TaskRunner pid=731283)[0m           'chunk_state_target_guard_candidate_enable': False,
[36m(TaskRunner pid=731283)[0m           'chunk_state_target_guard_candidate_max_boxed_count': 1,
[36m(TaskRunner pid=731283)[0m           'chunk_state_target_guard_enable': False,
[36m(TaskRunner pid=731283)[0m           'chunk_state_target_guard_max_boxed_count': 2,
[36m(TaskRunner pid=731283)[0m           'chunk_state_target_guard_min_answer_mass': 0.0,
[36m(TaskRunner pid=731283)[0m           'chunk_state_target_guard_use_distribution_score': False,
[36m(TaskRunner pid=731283)[0m           'chunk_state_target_guard_use_mass_gain': False,
[36m(TaskRunner pid=731283)[0m           'chunk_state_teacher_anchor_candidate_index': 0,
[36m(TaskRunner pid=731283)[0m           'chunk_state_teacher_anchor_enable': False,
[36m(TaskRunner pid=731283)[0m           'chunk_state_teacher_anchor_score': 1.0,
[36m(TaskRunner pid=731283)[0m           'chunk_state_zero_inconsistent_candidates': False,
[36m(TaskRunner pid=731283)[0m           'enable': True,
[36m(TaskRunner pid=731283)[0m           'majority_vote_num_processes': 64,
[36m(TaskRunner pid=731283)[0m           'n_samples_per_prompt': 32,
[36m(TaskRunner pid=731283)[0m           'n_votes_per_prompt': 64,
[36m(TaskRunner pid=731283)[0m           'powerflow_no_majority': False,
[36m(TaskRunner pid=731283)[0m           'sharpened_alpha': 2.0,
[36m(TaskRunner pid=731283)[0m           'sharpened_conf_temperature': 1.0,
[36m(TaskRunner pid=731283)[0m           'sharpened_enable': False,
[36m(TaskRunner pid=731283)[0m           'sharpened_negative_enable': True,
[36m(TaskRunner pid=731283)[0m           'sharpened_negative_reward': -0.25,
[36m(TaskRunner pid=731283)[0m           'sharpened_reward_mode': 'prob',
[36m(TaskRunner pid=731283)[0m           'sharpened_soft_coef': 0.25,
[36m(TaskRunner pid=731283)[0m           'sharpened_tau_low': 0.125,
[36m(TaskRunner pid=731283)[0m           'sharpened_tau_marg': 0.125,
[36m(TaskRunner pid=731283)[0m           'sharpened_tau_pos': 0.375,
[36m(TaskRunner pid=731283)[0m           'sharpened_use_confidence': True}}
[36m(TaskRunner pid=731283)[0m using customized reward function 'reward_func' from './verl/utils/reward_score/ttrl_math/__init__.py'
[36m(TaskRunner pid=731283)[0m using customized reward function 'reward_func' from './verl/utils/reward_score/ttrl_math/__init__.py'
[36m(TaskRunner pid=731283)[0m Using dataset class: RLHFDataset
[36m(TaskRunner pid=731283)[0m dataset len: 500
[36m(TaskRunner pid=731283)[0m filter dataset len: 500
[36m(TaskRunner pid=731283)[0m Using dataset class: RLHFDataset
[36m(TaskRunner pid=731283)[0m dataset len: 500
[36m(TaskRunner pid=731283)[0m filter dataset len: 500
[36m(TaskRunner pid=731283)[0m [validate_config] All configuration checks passed successfully!
[36m(TaskRunner pid=731283)[0m Size of train dataloader: 15, Size of val dataloader: 1
[36m(TaskRunner pid=731283)[0m Total training steps: 20
[36m(TaskRunner pid=731283)[0m colocated worker base class <class 'verl.single_controller.base.worker.Worker'>
[36m(WorkerDict pid=731288)[0m Model config after override: Qwen2Config {
[36m(WorkerDict pid=731288)[0m   "architectures": [
[36m(WorkerDict pid=731288)[0m     "Qwen2ForCausalLM"
[36m(WorkerDict pid=731288)[0m   ],
[36m(WorkerDict pid=731288)[0m   "attention_dropout": 0.0,
[36m(WorkerDict pid=731288)[0m   "bos_token_id": null,
[36m(WorkerDict pid=731288)[0m   "dtype": "bfloat16",
[36m(WorkerDict pid=731288)[0m   "eos_token_id": 151643,
[36m(WorkerDict pid=731288)[0m   "hidden_act": "silu",
[36m(WorkerDict pid=731288)[0m   "hidden_size": 3584,
[36m(WorkerDict pid=731288)[0m   "initializer_range": 0.02,
[36m(WorkerDict pid=731288)[0m   "intermediate_size": 18944,
[36m(WorkerDict pid=731288)[0m   "layer_types": [
[36m(WorkerDict pid=731288)[0m     "full_attention",
[36m(WorkerDict pid=731288)[0m     "full_attention",
[36m(WorkerDict pid=731288)[0m     "full_attention",
[36m(WorkerDict pid=731288)[0m     "full_attention",
[36m(WorkerDict pid=731288)[0m     "full_attention",
[36m(WorkerDict pid=731288)[0m     "full_attention",
[36m(WorkerDict pid=731288)[0m     "full_attention",
[36m(WorkerDict pid=731286)[0m Loading weights:   0%|          | 0/339 [00:00<?, ?it/s]
[36m(WorkerDict pid=731285)[0m Loading weights:   0%|          | 0/339 [00:00<?, ?it/s]Loading weights: 100%|██████████| 339/339 [00:00<00:00, 10668.93it/s]
[36m(WorkerDict pid=731286)[0m Loading weights: 100%|██████████| 339/339 [00:00<00:00, 11231.90it/s]
[36m(WorkerDict pid=731288)[0m     "full_attention",
[36m(WorkerDict pid=731288)[0m     "full_attention",
[36m(WorkerDict pid=731288)[0m     "full_attention",
[36m(WorkerDict pid=731288)[0m     "full_attention",
[36m(WorkerDict pid=731288)[0m     "full_attention",
[36m(WorkerDict pid=731288)[0m     "full_attention",
[36m(WorkerDict pid=731288)[0m     "full_attention",
[36m(WorkerDict pid=731288)[0m     "full_attention",
[36m(WorkerDict pid=731288)[0m     "full_attention",
[36m(WorkerDict pid=731288)[0m     "full_attention",
[36m(WorkerDict pid=731288)[0m     "full_attention",
[36m(WorkerDict pid=731288)[0m     "full_attention",
[36m(WorkerDict pid=731288)[0m     "full_attention",
[36m(WorkerDict pid=731288)[0m     "full_attention",
[36m(WorkerDict pid=731288)[0m     "full_attention",
[36m(WorkerDict pid=731288)[0m     "full_attention",
[36m(WorkerDict pid=731288)[0m     "full_attention",
[36m(WorkerDict pid=731288)[0m     "full_attention",
[36m(WorkerDict pid=731288)[0m     "full_attention",
[36m(WorkerDict pid=731288)[0m     "full_attention",
[36m(WorkerDict pid=731288)[0m     "full_attention"
[36m(WorkerDict pid=731288)[0m   ],
[36m(WorkerDict pid=731288)[0m   "max_position_embeddings": 4096,
[36m(WorkerDict pid=731288)[0m   "max_window_layers": 28,
[36m(WorkerDict pid=731288)[0m   "model_type": "qwen2",
[36m(WorkerDict pid=731288)[0m   "num_attention_heads": 28,
[36m(WorkerDict pid=731288)[0m   "num_hidden_layers": 28,
[36m(WorkerDict pid=731288)[0m   "num_key_value_heads": 4,
[36m(WorkerDict pid=731288)[0m   "pad_token_id": 151643,
[36m(WorkerDict pid=731288)[0m   "rms_norm_eps": 1e-06,
[36m(WorkerDict pid=731288)[0m   "rope_parameters": {
[36m(WorkerDict pid=731288)[0m     "rope_theta": 10000,
[36m(WorkerDict pid=731288)[0m     "rope_type": "default"
[36m(WorkerDict pid=731288)[0m   },
[36m(WorkerDict pid=731288)[0m   "sliding_window": null,
[36m(WorkerDict pid=731288)[0m   "tie_word_embeddings": false,
[36m(WorkerDict pid=731288)[0m   "transformers_version": "5.12.1",
[36m(WorkerDict pid=731288)[0m   "use_cache": true,
[36m(WorkerDict pid=731288)[0m   "use_mrope": false,
[36m(WorkerDict pid=731288)[0m   "use_sliding_window": false,
[36m(WorkerDict pid=731288)[0m   "vocab_size": 152064
[36m(WorkerDict pid=731288)[0m }
[36m(WorkerDict pid=731288)[0m 
[36m(WorkerDict pid=731285)[0m Monkey patch _flash_attention_forward in transformers.integrations.flash_attention
[36m(WorkerDict pid=731285)[0m Using Triton backend for fused kernels in Qwen2ForCausalLM
[36m(WorkerDict pid=731288)[0m ref attention implementation verified: sdpa
[36m(WorkerDict pid=731288)[0m Qwen2ForCausalLM contains 7.62B parameters
[36m(WorkerDict pid=731288)[0m wrap_policy: functools.partial(<function _or_policy at 0x7faca85cf420>, policies=[functools.partial(<function transformer_auto_wrap_policy at 0x7faca85cf2e0>, transformer_layer_cls={<class 'transformers.models.qwen2.modeling_qwen2.Qwen2DecoderLayer'>})])
[36m(WorkerDict pid=731288)[0m trial-302172199-trialrun-302172199-worker-0:731288:731288 [0] NCCL INFO ENV/Plugin: Could not find: libnccl-env.so
[36m(WorkerDict pid=731288)[0m trial-302172199-trialrun-302172199-worker-0:731288:731288 [0] NCCL INFO NCCL_SOCKET_FAMILY set by environment to AF_INET6
[36m(WorkerDict pid=731288)[0m trial-302172199-trialrun-302172199-worker-0:731288:731288 [0] NCCL INFO NCCL_SOCKET_IFNAME set by environment to =eth0
[36m(WorkerDict pid=731288)[0m trial-302172199-trialrun-302172199-worker-0:731288:731288 [0] NCCL INFO cudaDriverVersion 13000
[36m(WorkerDict pid=731288)[0m trial-302172199-trialrun-302172199-worker-0:731288:731288 [0] NCCL INFO NCCL version 2.28.9+cuda13.0
[36m(WorkerDict pid=731288)[0m trial-302172199-trialrun-302172199-worker-0:731288:731288 [0] NCCL INFO Comm config Blocking set to 1
[36m(WorkerDict pid=731288)[0m trial-302172199-trialrun-302172199-worker-0:731288:731288 [0] NCCL INFO NCCL_NET_PLUGIN set by environment to none
[36m(WorkerDict pid=731288)[0m trial-302172199-trialrun-302172199-worker-0:731288:731288 [0] NCCL INFO NCCL_SOCKET_FAMILY set by environment to AF_INET6
[36m(WorkerDict pid=731288)[0m trial-302172199-trialrun-302172199-worker-0:731288:731288 [0] NCCL INFO NCCL_SOCKET_IFNAME set by environment to =eth0
[36m(WorkerDict pid=731288)[0m trial-302172199-trialrun-302172199-worker-0:731288:731288 [0] NCCL INFO NET/Socket : Using [0]eth0:fdbd:dc61:ff:f000:ffff:ffff:0:16<0>
[36m(WorkerDict pid=731288)[0m trial-302172199-trialrun-302172199-worker-0:731288:731288 [0] NCCL INFO Initialized NET plugin Socket
[36m(WorkerDict pid=731288)[0m trial-302172199-trialrun-302172199-worker-0:731288:731288 [0] NCCL INFO Assigned NET plugin Socket to comm
[36m(WorkerDict pid=731288)[0m trial-302172199-trialrun-302172199-worker-0:731288:731288 [0] NCCL INFO Using network Socket
[36m(WorkerDict pid=731288)[0m trial-302172199-trialrun-302172199-worker-0:731288:731288 [0] NCCL INFO ncclCommInitRankConfig comm 0x1040d1c0 rank 0 nranks 8 cudaDev 0 nvmlDev 0 busId f000 commId 0x2a2a20d984d0b201 - Init START
[36m(WorkerDict pid=731288)[0m trial-302172199-trialrun-302172199-worker-0:731288:731288 [0] NCCL INFO RAS client listening socket at ::1<28028>
[36m(WorkerDict pid=731288)[0m trial-302172199-trialrun-302172199-worker-0:731288:731288 [0] NCCL INFO MNNVL busId 0xf000 fabric UUID 0.0 cliqueId 0x0 state 3 healthMask 0x80
[36m(WorkerDict pid=731288)[0m trial-302172199-trialrun-302172199-worker-0:731288:731288 [0] NCCL INFO Could not find real path of /sys/class/pci_bus/fffffff/../../fffffff:ff:f
[36m(WorkerDict pid=731288)[0m trial-302172199-trialrun-302172199-worker-0:731288:731288 [0] NCCL INFO TOPO/NET : Importing network plugins to topology
[36m(WorkerDict pid=731288)[0m trial-302172199-trialrun-302172199-worker-0:731288:731288 [0] NCCL INFO ncclTopoPopulateNics : Filled eth0 in topo with pciPath=(null) keep=1 coll=(null)
[36m(WorkerDict pid=731288)[0m trial-302172199-trialrun-302172199-worker-0:731288:731288 [0] NCCL INFO === System : maxBw 721.8 totalBw 721.8 ===
[36m(WorkerDict pid=731288)[0m trial-302172199-trialrun-302172199-worker-0:731288:731288 [0] NCCL INFO CPU/0-0 (1/1/4)
[36m(WorkerDict pid=731288)[0m trial-302172199-trialrun-302172199-worker-0:731288:731288 [0] NCCL INFO + PCI[5000.0] - NIC/0-0
[36m(WorkerDict pid=731288)[0m trial-302172199-trialrun-302172199-worker-0:731288:731288 [0] NCCL INFO                 + NET[1.2] - NET/0-0 (0/0/0/1.250000)
[36m(WorkerDict pid=731288)[0m trial-302172199-trialrun-302172199-worker-0:731288:731288 [0] NCCL INFO                 + NET[1.2] - NET/0-0 (0/0/0/1.250000)
[36m(WorkerDict pid=731288)[0m trial-302172199-trialrun-302172199-worker-0:731288:731288 [0] NCCL INFO + PCI[48.0] - PCI/0-8000 (1000c0301000ffff)
[36m(WorkerDict pid=731288)[0m trial-302172199-trialrun-302172199-worker-0:731288:731288 [0] NCCL INFO               + PCI[48.0] - GPU/0-f000 (0)
[36m(WorkerDict pid=731288)[0m trial-302172199-trialrun-302172199-worker-0:731288:731288 [0] NCCL INFO                             + NVL[721.8] - NVS/0-0
[36m(WorkerDict pid=731288)[0m trial-302172199-trialrun-302172199-worker-0:731288:731288 [0] NCCL INFO + PCI[48.0] - PCI/0-26000 (1000c0301000ffff)
[36m(WorkerDict pid=731288)[0m trial-302172199-trialrun-302172199-worker-0:731288:731288 [0] NCCL INFO               + PCI[48.0] - GPU/0-2d000 (1)
[36m(WorkerDict pid=731288)[0m trial-302172199-trialrun-302172199-worker-0:731288:731288 [0] NCCL INFO                             + NVL[721.8] - NVS/0-0
[36m(WorkerDict pid=731288)[0m trial-302172199-trialrun-302172199-worker-0:731288:731288 [0] NCCL INFO + PCI[48.0] - PCI/0-3d000 (1000c0301000ffff)
[36m(WorkerDict pid=731288)[0m trial-302172199-trialrun-302172199-worker-0:731288:731288 [0] NCCL INFO               + PCI[48.0] - GPU/0-44000 (2)
[36m(WorkerDict pid=731288)[0m trial-302172199-trialrun-302172199-worker-0:731288:731288 [0] NCCL INFO                             + NVL[721.8] - NVS/0-0
[36m(WorkerDict pid=731288)[0m trial-302172199-trialrun-302172199-worker-0:731288:731288 [0] NCCL INFO + PCI[48.0] - PCI/0-54000 (1000c0301000ffff)
[36m(WorkerDict pid=731288)[0m trial-302172199-trialrun-302172199-worker-0:731288:731288 [0] NCCL INFO               + PCI[48.0] - GPU/0-5b000 (3)
[36m(WorkerDict pid=731288)[0m trial-302172199-trialrun-302172199-worker-0:731288:731288 [0] NCCL INFO                             + NVL[721.8] - NVS/0-0
[36m(WorkerDict pid=731288)[0m trial-302172199-trialrun-302172199-worker-0:731288:731288 [0] NCCL INFO + SYS[40.0] - CPU/0-1
[36m(WorkerDict pid=731288)[0m trial-302172199-trialrun-302172199-worker-0:731288:731288 [0] NCCL INFO CPU/0-1 (1/1/4)
[36m(WorkerDict pid=731288)[0m trial-302172199-trialrun-302172199-worker-0:731288:731288 [0] NCCL INFO + PCI[48.0] - PCI/0-82000 (1000c0301000ffff)
[36m(WorkerDict pid=731288)[0m trial-302172199-trialrun-302172199-worker-0:731288:731288 [0] NCCL INFO               + PCI[48.0] - GPU/0-89000 (4)
[36m(WorkerDict pid=731288)[0m trial-302172199-trialrun-302172199-worker-0:731288:731288 [0] NCCL INFO                             + NVL[721.8] - NVS/0-0
[36m(WorkerDict pid=731288)[0m trial-302172199-trialrun-302172199-worker-0:731288:731288 [0] NCCL INFO + PCI[48.0] - PCI/0-a1000 (1000c0301000ffff)
[36m(WorkerDict pid=731288)[0m trial-302172199-trialrun-302172199-worker-0:731288:731288 [0] NCCL INFO               + PCI[48.0] - GPU/0-a8000 (5)
[36m(WorkerDict pid=731288)[0m trial-302172199-trialrun-302172199-worker-0:731288:731288 [0] NCCL INFO                             + NVL[721.8] - NVS/0-0
[36m(WorkerDict pid=731288)[0m trial-302172199-trialrun-302172199-worker-0:731288:731288 [0] NCCL INFO + PCI[48.0] - PCI/0-b9000 (1000c0301000ffff)
[36m(WorkerDict pid=731288)[0m trial-302172199-trialrun-302172199-worker-0:731288:731288 [0] NCCL INFO               + PCI[48.0] - GPU/0-c0000 (6)
[36m(WorkerDict pid=731288)[0m trial-302172199-trialrun-302172199-worker-0:731288:731288 [0] NCCL INFO                             + NVL[721.8] - NVS/0-0
[36m(WorkerDict pid=731288)[0m trial-302172199-trialrun-302172199-worker-0:731288:731288 [0] NCCL INFO + PCI[48.0] - PCI/0-d1000 (1000c0301000ffff)
[36m(WorkerDict pid=731288)[0m trial-302172199-trialrun-302172199-worker-0:731288:731288 [0] NCCL INFO               + PCI[48.0] - GPU/0-d8000 (7)
[36m(WorkerDict pid=731288)[0m trial-302172199-trialrun-302172199-worker-0:731288:731288 [0] NCCL INFO                             + NVL[721.8] - NVS/0-0
[36m(WorkerDict pid=731288)[0m trial-302172199-trialrun-302172199-worker-0:731288:731288 [0] NCCL INFO + SYS[40.0] - CPU/0-0
[36m(WorkerDict pid=731288)[0m trial-302172199-trialrun-302172199-worker-0:731288:731288 [0] NCCL INFO ==========================================
[36m(WorkerDict pid=731288)[0m trial-302172199-trialrun-302172199-worker-0:731288:731288 [0] NCCL INFO GPU/0-f000 :GPU/0-f000 (0/5000.0/LOC) GPU/0-2d000 (2/721.8/NVL) GPU/0-44000 (2/721.8/NVL) GPU/0-5b000 (2/721.8/NVL) GPU/0-89000 (2/721.8/NVL) GPU/0-a8000 (2/721.8/NVL) GPU/0-c0000 (2/721.8/NVL) GPU/0-d8000 (2/721.8/NVL) NVS/0-0 (1/721.8/NVL) CPU/0-0 (2/48.0/PHB) CPU/0-1 (3/40.0/SYS) NET/0-0 (4/1.2/PHB) NET/0-0 (0/0.0/DIS) 
[36m(WorkerDict pid=731288)[0m trial-302172199-trialrun-302172199-worker-0:731288:731288 [0] NCCL INFO GPU/0-2d000 :GPU/0-f000 (2/721.8/NVL) GPU/0-2d000 (0/5000.0/LOC) GPU/0-44000 (2/721.8/NVL) GPU/0-5b000 (2/721.8/NVL) GPU/0-89000 (2/721.8/NVL) GPU/0-a8000 (2/721.8/NVL) GPU/0-c0000 (2/721.8/NVL) GPU/0-d8000 (2/721.8/NVL) NVS/0-0 (1/721.8/NVL) CPU/0-0 (2/48.0/PHB) CPU/0-1 (3/40.0/SYS) NET/0-0 (4/1.2/PHB) NET/0-0 (0/0.0/DIS) 
[36m(WorkerDict pid=731288)[0m trial-302172199-trialrun-302172199-worker-0:731288:731288 [0] NCCL INFO GPU/0-44000 :GPU/0-f000 (2/721.8/NVL) GPU/0-2d000 (2/721.8/NVL) GPU/0-44000 (0/5000.0/LOC) GPU/0-5b000 (2/721.8/NVL) GPU/0-89000 (2/721.8/NVL) GPU/0-a8000 (2/721.8/NVL) GPU/0-c0000 (2/721.8/NVL) GPU/0-d8000 (2/721.8/NVL) NVS/0-0 (1/721.8/NVL) CPU/0-0 (2/48.0/PHB) CPU/0-1 (3/40.0/SYS) NET/0-0 (4/1.2/PHB) NET/0-0 (0/0.0/DIS) 
[36m(WorkerDict pid=731288)[0m trial-302172199-trialrun-302172199-worker-0:731288:731288 [0] NCCL INFO GPU/0-5b000 :GPU/0-f000 (2/721.8/NVL) GPU/0-2d000 (2/721.8/NVL) GPU/0-44000 (2/721.8/NVL) GPU/0-5b000 (0/5000.0/LOC) GPU/0-89000 (2/721.8/NVL) GPU/0-a8000 (2/721.8/NVL) GPU/0-c0000 (2/721.8/NVL) GPU/0-d8000 (2/721.8/NVL) NVS/0-0 (1/721.8/NVL) CPU/0-0 (2/48.0/PHB) CPU/0-1 (3/40.0/SYS) NET/0-0 (4/1.2/PHB) NET/0-0 (0/0.0/DIS) 
[36m(WorkerDict pid=731288)[0m trial-302172199-trialrun-302172199-worker-0:731288:731288 [0] NCCL INFO GPU/0-89000 :GPU/0-f000 (2/721.8/NVL) GPU/0-2d000 (2/721.8/NVL) GPU/0-44000 (2/721.8/NVL) GPU/0-5b000 (2/721.8/NVL) GPU/0-89000 (0/5000.0/LOC) GPU/0-a8000 (2/721.8/NVL) GPU/0-c0000 (2/721.8/NVL) GPU/0-d8000 (2/721.8/NVL) NVS/0-0 (1/721.8/NVL) CPU/0-0 (3/40.0/SYS) CPU/0-1 (2/48.0/PHB) NET/0-0 (5/1.2/SYS) NET/0-0 (0/0.0/DIS) 
[36m(WorkerDict pid=731288)[0m trial-302172199-trialrun-302172199-worker-0:731288:731288 [0] NCCL INFO GPU/0-a8000 :GPU/0-f000 (2/721.8/NVL) GPU/0-2d000 (2/721.8/NVL) GPU/0-44000 (2/721.8/NVL) GPU/0-5b000 (2/721.8/NVL) GPU/0-89000 (2/721.8/NVL) GPU/0-a8000 (0/5000.0/LOC) GPU/0-c0000 (2/721.8/NVL) GPU/0-d8000 (2/721.8/NVL) NVS/0-0 (1/721.8/NVL) CPU/0-0 (3/40.0/SYS) CPU/0-1 (2/48.0/PHB) NET/0-0 (5/1.2/SYS) NET/0-0 (0/0.0/DIS) 
[36m(WorkerDict pid=731288)[0m trial-302172199-trialrun-302172199-worker-0:731288:731288 [0] NCCL INFO GPU/0-c0000 :GPU/0-f000 (2/721.8/NVL) GPU/0-2d000 (2/721.8/NVL) GPU/0-44000 (2/721.8/NVL) GPU/0-5b000 (2/721.8/NVL) GPU/0-89000 (2/721.8/NVL) GPU/0-a8000 (2/721.8/NVL) GPU/0-c0000 (0/5000.0/LOC) GPU/0-d8000 (2/721.8/NVL) NVS/0-0 (1/721.8/NVL) CPU/0-0 (3/40.0/SYS) CPU/0-1 (2/48.0/PHB) NET/0-0 (5/1.2/SYS) NET/0-0 (0/0.0/DIS) 
[36m(WorkerDict pid=731288)[0m trial-302172199-trialrun-302172199-worker-0:731288:731288 [0] NCCL INFO GPU/0-d8000 :GPU/0-f000 (2/721.8/NVL) GPU/0-2d000 (2/721.8/NVL) GPU/0-44000 (2/721.8/NVL) GPU/0-5b000 (2/721.8/NVL) GPU/0-89000 (2/721.8/NVL) GPU/0-a8000 (2/721.8/NVL) GPU/0-c0000 (2/721.8/NVL) GPU/0-d8000 (0/5000.0/LOC) NVS/0-0 (1/721.8/NVL) CPU/0-0 (3/40.0/SYS) CPU/0-1 (2/48.0/PHB) NET/0-0 (5/1.2/SYS) NET/0-0 (0/0.0/DIS) 
[36m(WorkerDict pid=731288)[0m trial-302172199-trialrun-302172199-worker-0:731288:731288 [0] NCCL INFO NET/0-0 :GPU/0-f000 (4/1.2/PHB) GPU/0-2d000 (4/1.2/PHB) GPU/0-44000 (4/1.2/PHB) GPU/0-5b000 (4/1.2/PHB) GPU/0-89000 (5/1.2/SYS) GPU/0-a8000 (5/1.2/SYS) GPU/0-c0000 (5/1.2/SYS) GPU/0-d8000 (5/1.2/SYS) CPU/0-0 (2/1.2/PHB) CPU/0-1 (3/1.2/SYS) NET/0-0 (0/5000.0/LOC) NET/0-0 (0/0.0/DIS) 
[36m(WorkerDict pid=731288)[0m trial-302172199-trialrun-302172199-worker-0:731288:731288 [0] NCCL INFO NET/0-0 :GPU/0-f000 (4/1.2/PHB) GPU/0-2d000 (4/1.2/PHB) GPU/0-44000 (4/1.2/PHB) GPU/0-5b000 (4/1.2/PHB) GPU/0-89000 (5/1.2/SYS) GPU/0-a8000 (5/1.2/SYS) GPU/0-c0000 (5/1.2/SYS) GPU/0-d8000 (5/1.2/SYS) CPU/0-0 (2/1.2/PHB) CPU/0-1 (3/1.2/SYS) NET/0-0 (0/5000.0/LOC) NET/0-0 (0/0.0/DIS) 
[36m(WorkerDict pid=731288)[0m trial-302172199-trialrun-302172199-worker-0:731288:731288 [0] NCCL INFO ncclTopoGetCpuAffinity: Affinity for GPU 0 is 0-62,128-190. (GPU affinity = 0-63,128-191 ; CPU affinity = 0-62,64-126,128-190,192-254).
[36m(WorkerDict pid=731288)[0m trial-302172199-trialrun-302172199-worker-0:731288:731288 [0] NCCL INFO NCCL_NVLS_ENABLE set by environment to 1.
[36m(WorkerDict pid=731288)[0m trial-302172199-trialrun-302172199-worker-0:731288:731288 [0] NCCL INFO NVLS multicast support is available on dev 0 (NVLS_NCHANNELS 24)
[36m(WorkerDict pid=731288)[0m trial-302172199-trialrun-302172199-worker-0:731288:731288 [0] NCCL INFO Pattern 4, crossNic 0, nChannels 16, bw 45.000000/45.000000, type NVL/PIX, sameChannels 1
[36m(WorkerDict pid=731288)[0m trial-302172199-trialrun-302172199-worker-0:731288:731288 [0] NCCL INFO  0 : GPU/0-f000 GPU/0-2d000 GPU/0-44000 GPU/0-5b000 GPU/0-89000 GPU/0-a8000 GPU/0-c0000 GPU/0-d8000
[36m(WorkerDict pid=731288)[0m trial-302172199-trialrun-302172199-worker-0:731288:731288 [0] NCCL INFO  1 : GPU/0-f000 GPU/0-2d000 GPU/0-44000 GPU/0-5b000 GPU/0-89000 GPU/0-a8000 GPU/0-c0000 GPU/0-d8000
[36m(WorkerDict pid=731288)[0m trial-302172199-trialrun-302172199-worker-0:731288:731288 [0] NCCL INFO  2 : GPU/0-f000 GPU/0-2d000 GPU/0-44000 GPU/0-5b000 GPU/0-89000 GPU/0-a8000 GPU/0-c0000 GPU/0-d8000
[36m(WorkerDict pid=731288)[0m trial-302172199-trialrun-302172199-worker-0:731288:731288 [0] NCCL INFO  3 : GPU/0-f000 GPU/0-2d000 GPU/0-44000 GPU/0-5b000 GPU/0-89000 GPU/0-a8000 GPU/0-c0000 GPU/0-d8000
[36m(WorkerDict pid=731288)[0m trial-302172199-trialrun-302172199-worker-0:731288:731288 [0] NCCL INFO  4 : GPU/0-f000 GPU/0-2d000 GPU/0-44000 GPU/0-5b000 GPU/0-89000 GPU/0-a8000 GPU/0-c0000 GPU/0-d8000
[36m(WorkerDict pid=731288)[0m trial-302172199-trialrun-302172199-worker-0:731288:731288 [0] NCCL INFO  5 : GPU/0-f000 GPU/0-2d000 GPU/0-44000 GPU/0-5b000 GPU/0-89000 GPU/0-a8000 GPU/0-c0000 GPU/0-d8000
[36m(WorkerDict pid=731288)[0m trial-302172199-trialrun-302172199-worker-0:731288:731288 [0] NCCL INFO  6 : GPU/0-f000 GPU/0-2d000 GPU/0-44000 GPU/0-5b000 GPU/0-89000 GPU/0-a8000 GPU/0-c0000 GPU/0-d8000
[36m(WorkerDict pid=731288)[0m trial-302172199-trialrun-302172199-worker-0:731288:731288 [0] NCCL INFO  7 : GPU/0-f000 GPU/0-2d000 GPU/0-44000 GPU/0-5b000 GPU/0-89000 GPU/0-a8000 GPU/0-c0000 GPU/0-d8000
[36m(WorkerDict pid=731288)[0m trial-302172199-trialrun-302172199-worker-0:731288:731288 [0] NCCL INFO  8 : GPU/0-f000 GPU/0-2d000 GPU/0-44000 GPU/0-5b000 GPU/0-89000 GPU/0-a8000 GPU/0-c0000 GPU/0-d8000
[36m(WorkerDict pid=731288)[0m trial-302172199-trialrun-302172199-worker-0:731288:731288 [0] NCCL INFO  9 : GPU/0-f000 GPU/0-2d000 GPU/0-44000 
[36m(WorkerDict pid=731288)[0m GPU/0-5b000 GPU/0-89000 GPU/0-a8000 GPU/0-c0000 GPU/0-d8000
[36m(WorkerDict pid=731288)[0m trial-302172199-trialrun-302172199-worker-0:731288:731288 [0] NCCL INFO comm 0x1040d1c0 rank 0 nRanks 8 nNodes 1 localRanks 8 localRank 0 MNNVL 0
[36m(WorkerDict pid=731288)[0m trial-302172199-trialrun-302172199-worker-0:731288:731288 [0] NCCL INFO Tree 0 : -1 -> 0 -> 1/-1/-1
[36m(WorkerDict pid=731288)[0m trial-302172199-trialrun-302172199-worker-0:731288:731288 [0] NCCL INFO Tree 16 : -1 -> 0 -> 1/-1/-1
[36m(WorkerDict pid=731288)[0m trial-302172199-trialrun-302172199-worker-0:731288:731288 [0] NCCL INFO Tree 1 : -1 -> 0 -> 1/-1/-1
[36m(WorkerDict pid=731288)[0m trial-302172199-trialrun-302172199-worker-0:731288:731288 [0] NCCL INFO Tree 17 : -1 -> 0 -> 1/-1/-1
[36m(WorkerDict pid=731288)[0m trial-302172199-trialrun-302172199-worker-0:731288:731288 [0] NCCL INFO Tree 2 : -1 -> 0 -> 1/-1/-1
[36m(WorkerDict pid=731288)[0m trial-302172199-trialrun-302172199-worker-0:731288:731288 [0] NCCL INFO Tree 18 : -1 -> 0 -> 1/-1/-1
[36m(WorkerDict pid=731288)[0m trial-302172199-trialrun-302172199-worker-0:731288:731288 [0] NCCL INFO Tree 3 : -1 -> 0 -> 1/-1/-1
[36m(WorkerDict pid=731288)[0m trial-302172199-trialrun-302172199-worker-0:731288:731288 [0] NCCL INFO Tree 19 : -1 -> 0 -> 1/-1/-1
[36m(WorkerDict pid=731288)[0m trial-302172199-trialrun-302172199-worker-0:731288:731288 [0] NCCL INFO Tree 4 : -1 -> 0 -> 1/-1/-1
[36m(WorkerDict pid=731288)[0m trial-302172199-trialrun-302172199-worker-0:731288:731288 [0] NCCL INFO Tree 20 : -1 -> 0 -> 1/-1/-1
[36m(WorkerDict pid=731288)[0m trial-302172199-trialrun-302172199-worker-0:731288:731288 [0] NCCL INFO Tree 5 : -1 -> 0 -> 1/-1/-1
[36m(WorkerDict pid=731288)[0m trial-302172199-trialrun-302172199-worker-0:731288:731288 [0] NCCL INFO Tree 21 : -1 -> 0 -> 1/-1/-1
[36m(WorkerDict pid=731288)[0m trial-302172199-trialrun-302172199-worker-0:731288:731288 [0] NCCL INFO Tree 6 : -1 -> 0 -> 1/-1/-1
[36m(WorkerDict pid=731288)[0m trial-302172199-trialrun-302172199-worker-0:731288:731288 [0] NCCL INFO Tree 22 : -1 -> 0 -> 1/-1/-1
[36m(WorkerDict pid=731288)[0m trial-302172199-trialrun-302172199-worker-0:731288:731288 [0] NCCL INFO Tree 7 : -1 -> 0 -> 1/-1/-1
[36m(WorkerDict pid=731288)[0m trial-302172199-trialrun-302172199-worker-0:731288:731288 [0] NCCL INFO Tree 23 : -1 -> 0 -> 1/-1/-1
[36m(WorkerDict pid=731288)[0m trial-302172199-trialrun-302172199-worker-0:731288:731288 [0] NCCL INFO Tree 8 : -1 -> 0 -> 1/-1/-1
[36m(WorkerDict pid=731288)[0m trial-302172199-trialrun-302172199-worker-0:731288:731288 [0] NCCL INFO Tree 24 : -1 -> 0 -> 1/-1/-1
[36m(WorkerDict pid=731288)[0m trial-302172199-trialrun-302172199-worker-0:731288:731288 [0] NCCL INFO Tree 9 : -1 -> 0 -> 1/-1/-1
[36m(WorkerDict pid=731288)[0m trial-302172199-trialrun-302172199-worker-0:731288:731288 [0] NCCL INFO Tree 25 : -1 -> 0 -> 1/-1/-1
[36m(WorkerDict pid=731288)[0m trial-302172199-trialrun-302172199-worker-0:731288:731288 [0] NCCL INFO Tree 10 : -1 -> 0 -> 1/-1/-1
[36m(WorkerDict pid=731288)[0m trial-302172199-trialrun-302172199-worker-0:731288:731288 [0] NCCL INFO Tree 26 : -1 -> 0 -> 1/-1/-1
[36m(WorkerDict pid=731288)[0m trial-302172199-trialrun-302172199-worker-0:731288:731288 [0] NCCL INFO Tree 11 : -1 -> 0 -> 1/-1/-1
[36m(WorkerDict pid=731288)[0m trial-302172199-trialrun-302172199-worker-0:731288:731288 [0] NCCL INFO Tree 27 : -1 -> 0 -> 1/-1/-1
[36m(WorkerDict pid=731288)[0m trial-302172199-trialrun-302172199-worker-0:731288:731288 [0] NCCL INFO Tree 12 : -1 -> 0 -> 1/-1/-1
[36m(WorkerDict pid=731288)[0m trial-302172199-trialrun-302172199-worker-0:731288:731288 [0] NCCL INFO Tree 28 : -1 -> 0 -> 1/-1/-1
[36m(WorkerDict pid=731288)[0m trial-302172199-trialrun-302172199-worker-0:731288:731288 [0] NCCL INFO Tree 13 : -1 -> 0 -> 1/-1/-1
[36m(WorkerDict pid=731288)[0m trial-302172199-trialrun-302172199-worker-0:731288:731288 [0] NCCL INFO Tree 29 : -1 -> 0 -> 1/-1/-1
[36m(WorkerDict pid=731288)[0m trial-302172199-trialrun-302172199-worker-0:731288:731288 [0] NCCL INFO Tree 14 : -1 -> 0 -> 1/-1/-1
[36m(WorkerDict pid=731288)[0m trial-302172199-trialrun-302172199-worker-0:731288:731288 [0] NCCL INFO Tree 30 : -1 -> 0 -> 1/-1/-1
[36m(WorkerDict pid=731288)[0m trial-302172199-trialrun-302172199-worker-0:731288:731288 [0] NCCL INFO Tree 15 : -1 -> 0 -> 1/-1/-1
[36m(WorkerDict pid=731288)[0m trial-302172199-trialrun-302172199-worker-0:731288:731288 [0] NCCL INFO Tree 31 : -1 -> 0 -> 1/-1/-1
[36m(WorkerDict pid=731288)[0m trial-302172199-trialrun-302172199-worker-0:731288:731288 [0] NCCL INFO Channel 00/32 : 0 1 2 3 4 5 6 7
[36m(WorkerDict pid=731288)[0m trial-302172199-trialrun-302172199-worker-0:731288:731288 [0] NCCL INFO Channel 01/32 : 0 1 2 3 4 5 6 7
[36m(WorkerDict pid=731288)[0m trial-302172199-trialrun-302172199-worker-0:731288:731288 [0] NCCL INFO Channel 02/32 : 0 1 2 3 4 5 6 7
[36m(WorkerDict pid=731288)[0m trial-302172199-trialrun-302172199-worker-0:731288:731288 [0] NCCL INFO Channel 03/32 : 0 1 2 3 4 5 6 7
[36m(WorkerDict pid=731288)[0m trial-302172199-trialrun-302172199-worker-0:731288:731288 [0] NCCL INFO Channel 04/32 : 0 1 2 3 4 5 6 7
[36m(WorkerDict pid=731288)[0m trial-302172199-trialrun-302172199-worker-0:731288:731288 [0] NCCL INFO Channel 05/32 : 0 1 2 3 4 5 6 7
[36m(WorkerDict pid=731288)[0m trial-302172199-trialrun-302172199-worker-0:731288:731288 [0] NCCL INFO Channel 06/32 : 0 1 2 3 4 5 6 7
[36m(WorkerDict pid=731288)[0m trial-302172199-trialrun-302172199-worker-0:731288:731288 [0] NCCL INFO Channel 07/32 : 0 1 2 3 4 5 6 7
[36m(WorkerDict pid=731288)[0m trial-302172199-trialrun-302172199-worker-0:731288:731288 [0] NCCL INFO Channel 08/32 : 0 1 2 3 4 5 6 7
[36m(WorkerDict pid=731288)[0m trial-302172199-trialrun-302172199-worker-0:731288:731288 [0] NCCL INFO Channel 09/32 : 0 1 2 3 4 5 6 7
[36m(WorkerDict pid=731288)[0m trial-302172199-trialrun-302172199-worker-0:731288:731288 [0] NCCL INFO Channel 10/32 : 0 1 2 3 4 5 6 7
[36m(WorkerDict pid=731288)[0m trial-302172199-trialrun-302172199-worker-0:731288:731288 [0] NCCL INFO Channel 11/32 : 0 1 2 3 4 5 6 7
[36m(WorkerDict pid=731288)[0m trial-302172199-trialrun-302172199-worker-0:731288:731288 [0] NCCL INFO Channel 12/32 : 0 1 2 3 4 5 6 7
[36m(WorkerDict pid=731288)[0m trial-302172199-trialrun-302172199-worker-0:731288:731288 [0] NCCL INFO Channel 13/32 : 0 1 2 3 4 5 6 7
[36m(WorkerDict pid=731288)[0m trial-302172199-trialrun-302172199-worker-0:731288:731288 [0] NCCL INFO Channel 14/32 : 0 1 2 3 4 5 6 7
[36m(WorkerDict pid=731288)[0m trial-302172199-trialrun-302172199-worker-0:731288:731288 [0] NCCL INFO Channel 15/32 : 0 1 2 3 4 5 6 7
[36m(WorkerDict pid=731288)[0m trial-302172199-trialrun-302172199-worker-0:731288:731288 [0] NCCL INFO Channel 16/32 : 0 1 2 3 4 5 6 7
[36m(WorkerDict pid=731288)[0m trial-302172199-trialrun-302172199-worker-0:731288:731288 [0] NCCL INFO Channel 17/32 : 0 1 2 3 4 5 6 7
[36m(WorkerDict pid=731288)[0m trial-302172199-trialrun-302172199-worker-0:731288:731288 [0] NCCL INFO Channel 18/32 : 0 1 2 3 4 5 6 7
[36m(WorkerDict pid=731288)[0m trial-302172199-trialrun-302172199-worker-0:731288:731288 [0] NCCL INFO Channel 19/32 : 0 1 2 3 4 5 6 7
[36m(WorkerDict pid=731288)[0m trial-302172199-trialrun-302172199-worker-0:731288:731288 [0] NCCL INFO Channel 20/32 : 0 1 2 3 4 5 6 7
[36m(WorkerDict pid=731288)[0m trial-302172199-trialrun-302172199-worker-0:731288:731288 [0] NCCL INFO Channel 21/32 : 0 1 2 3 4 5 6 7
[36m(WorkerDict pid=731288)[0m trial-302172199-trialrun-302172199-worker-0:731288:731288 [0] NCCL INFO Channel 22/32 : 0 1 2 3 4 5 6 7
[36m(WorkerDict pid=731288)[0m trial-302172199-trialrun-302172199-worker-0:731288:731288 [0] NCCL INFO Channel 23/32 : 0 1 2 3 4 5 6 7
[36m(WorkerDict pid=731288)[0m trial-302172199-trialrun-302172199-worker-0:731288:731288 [0] NCCL INFO Channel 24/32 : 0 1 2 3 4 5 6 7
[36m(WorkerDict pid=731288)[0m trial-302172199-trialrun-302172199-worker-0:731288:731288 [0] NCCL INFO Channel 25/32 : 0 1 2 3 4 5 6 7
[36m(WorkerDict pid=731288)[0m trial-302172199-trialrun-302172199-worker-0:731288:731288 [0] NCCL INFO Channel 26/32 : 0 1 2 3 4 5 6 7
[36m(WorkerDict pid=731288)[0m trial-302172199-trialrun-302172199-worker-0:731288:731288 [0] NCCL INFO Channel 27/32 : 0 1 2 3 4 5 6 7
[36m(WorkerDict pid=731288)[0m trial-302172199-trialrun-302172199-worker-0:731288:731288 [0] NCCL INFO Channel 28/32 : 0 1 2 3 4 5 6 7
[36m(WorkerDict pid=731288)[0m trial-302172199-trialrun-302172199-worker-0:731288:731288 [0] NCCL INFO Channel 29/32 : 0 1 2 3 4 5 6 7
[36m(WorkerDict pid=731288)[0m trial-302172199-trialrun-302172199-worker-0:731288:731288 [0] NCCL INFO Channel 30/32 : 0 1 2 3 4 5 6 7
[36m(WorkerDict pid=731288)[0m trial-302172199-trialrun-302172199-worker-0:731288:731288 [0] NCCL INFO Channel 31/32 : 0 1 2 3 4 5 6 7
[36m(WorkerDict pid=731288)[0m trial-302172199-trialrun-302172199-worker-0:731288:731288 [0] NCCL INFO Ring 00 : 7 -> 0 -> 1
[36m(WorkerDict pid=731288)[0m trial-302172199-trialrun-302172199-worker-0:731288:731288 [0] NCCL INFO Ring 01 : 7 -> 0 -> 1
[36m(WorkerDict pid=731288)[0m trial-302172199-trialrun-302172199-worker-0:731288:731288 [0] NCCL INFO Ring 02 : 7 -> 0 -> 1
[36m(WorkerDict pid=731288)[0m trial-302172199-trialrun-302172199-worker-0:731288:731288 [0] NCCL INFO Ring 03 : 7 -> 0 -> 1
[36m(WorkerDict pid=731288)[0m trial-302172199-trialrun-302172199-worker-0:731288:731288 [0] NCCL INFO Ring 04 : 7 -> 0 -> 1
[36m(WorkerDict pid=731288)[0m trial-302172199-trialrun-302172199-worker-0:731288:731288 [0] NCCL INFO Ring 05 : 7 -> 0 -> 1
[36m(WorkerDict pid=731288)[0m trial-302172199-trialrun-302172199-worker-0:731288:731288 [0] NCCL INFO Ring 06 : 7 -> 0 -> 1
[36m(WorkerDict pid=731288)[0m trial-302172199-trialrun-302172199-worker-0:731288:73128
[36m(WorkerDict pid=731290)[0m 4000 GPU/0-5b000 GPU/0-89000 GPU/0-a8000 GPU/0-c0000 GPU/0-d8000
[36m(WorkerDict pid=731290)[0m trial-302172199-trialrun-302172199-worker-0:731290:731290 [5] NCCL INFO Trees [0] 6/-1/-1->5->4 [1] 6/-1/-1->5->4 [2] 6/-1/-1->5->4 [3] 6/-1/-1->5->4 [4] 6/
[36m(WorkerDict pid=731285)[0m  GPU/0-5b000 GPU/0-89000 GPU/0-a8000 GPU/0-c0000 GPU/0-d8000
[36m(WorkerDict pid=731287)[0m 4000 GPU/0-5b000 GPU/0-89000 GPU/0-a8000 GPU/0-c0000 GPU/0-d8000
[36m(WorkerDict pid=731293)[0m 44000 GPU/0-5b000 GPU/0-89000 GPU/0-a8000 GPU/0-c0000 GPU/0-d8000
[36m(WorkerDict pid=731286)[0m  GPU/0-5b000 GPU/0-89000 GPU/0-a8000 GPU/0-c0000 GPU/0-d8000
[36m(WorkerDict pid=731286)[0m trial-302172199-trialrun-302172199-worker-0:731286:731286 [1] NCCL INFO P2P Chunksize set to 524288
[36m(WorkerDict pid=731286)[0m trial-302172199-trialrun-302172199-worker-0:731286:731286 [1] NCCL INFO PROFILER/Plugin: Could not find: libnccl-profiler.so
[36m(WorkerDict pid=731286)[0m trial-302172199-trialrun-302172199-worker-0:731286:731286 [1] NCCL INFO Check P2P Type isAllDirectP2p 1 directMode 0 isAllCudaP2p 1
[36m(WorkerDict pid=731286)[0m trial-302172199-trialrun-30217219
[36m(WorkerDict pid=731289)[0m  GPU/0-5b000 GPU/0-89000 GPU/0-a8000 GPU/0-c0000 GPU/0-d8000
[36m(WorkerDict pid=731292)[0m 4000 GPU/0-5b000 GPU/0-89000 GPU/0-a8000 GPU/0-c0000 GPU/0-d8000
[36m(WorkerDict pid=731288)[0m trial-302172199-trialrun-302172199-worker-0:731288:746873 [0] NCCL INFO [Proxy Service] Device 0 CPU core 34
[36m(WorkerDict pid=731288)[0m trial-302172199-trialrun-302172199-worker-0:731288:731288 [0] NCCL INFO ncclP2pSchedule: group size used is 8
[36m(WorkerDict pid=731288)[0m trial-302172199-trialrun-302172199-worker-0:731288:746879 [0] NCCL INFO [Proxy Service UDS] Device 0 CPU core 159
[36m(WorkerDict pid=731288)[0m trial-302172199-trialrun-302172199-worker-0:731288:731288 [0] NCCL INFO TUNER/Plugin: Could not find: libnccl-tuner.so
[36m(WorkerDict pid=731288)[0m trial-302172199-trialrun-302172199-worker-0:731288:731288 [0] NCCL INFO threadThresholds 8/8/64 | 64/8/64 | 512 | 512
[36m(WorkerDict pid=731288)[0m trial-302172199-trialrun-302172199-worker-0:731288:731288 [0] NCCL INFO 32 coll channels, 32 collnet channels, 24 nvls channels, 32 p2p channels, 32 p2p channels per p
[36m(WorkerDict pid=731288)[0m eer
[36m(WorkerDict pid=731288)[0m trial-302172199-trialrun-302172199-worker-0:731288:731288 [0] NCCL INFO CC Off, workFifoBytes 1048576
[36m(WorkerDict pid=731288)[0m trial-302172199-trialrun-302172199-worker-0:731288:731288 [0] NCCL INFO ncclCommInitRankConfig comm 0x1040d1c0 rank 0 nranks 8 cudaDev 0 nvmlDev 0 busId f000 commId 0x2a2a20d984d0b201 - Init COMPLETE
[36m(WorkerDict pid=731288)[0m trial-302172199-trialrun-302172199-worker-0:731288:731288 [0] NCCL INFO Init timings - ncclCommInitRankConfig: rank 0 nranks 8 total 3.34 (kernels 0.92, alloc 0.18, bootstrap 0.20, allgathers 0.00, topo 1.58, graphs 0.03, connections 0.43, rest 0.00)
[36m(WorkerDict pid=731288)[0m trial-302172199-trialrun-302172199-worker-0:731288:731288 [0] NCCL INFO Channel 00/0 : 0[0] -> 1[1] via P2P/CUMEM
[36m(WorkerDict pid=731288)[0m trial-302172199-trialrun-302172199-worker-0:731288:731288 [0] NCCL INFO Channel 01/0 : 0[0] -> 1[1] via P2P/CUMEM
[36m(WorkerDict pid=731288)[0m trial-302172199-trialrun-302172199-worker-0:731288:731288 [0] NCCL INFO Channel 02/0 : 0[0] -> 1[1] via P2P/CUMEM
[36m(WorkerDict pid=731288)[0m trial-302172199-trialrun-302172199-worker-0:731288:731288 [0] NCCL INFO Channel 03/0 : 0[0] -> 1[1] via P2P/CUMEM
[36m(WorkerDict pid=731288)[0m trial-302172199-trialrun-302172199-worker-0:731288:731288 [0] NCCL INFO Channel 04/0 : 0[0] -> 1[1] via P2P/CUMEM
[36m(WorkerDict pid=731288)[0m trial-302172199-trialrun-302172199-worker-0:731288:731288 [0] NCCL INFO Channel 05/0 : 0[0] -> 1[1] via P2P/CUMEM
[36m(WorkerDict pid=731288)[0m trial-302172199-trialrun-302172199-worker-0:731288:731288 [0] NCCL INFO Channel 06/0 : 0[0] -> 1[1] via P2P/CUMEM
[36m(WorkerDict pid=731288)[0m trial-302172199-trialrun-302172199-worker-0:731288:731288 [0] NCCL INFO Channel 07/0 : 0[0] -> 1[1] via P2P/CUMEM
[36m(WorkerDict pid=731288)[0m trial-302172199-trialrun-302172199-worker-0:731288:731288 [0] NCCL INFO Channel 08/0 : 0[0] -> 1[1] via P2P/CUMEM
[36m(WorkerDict pid=731288)[0m trial-302172199-trialrun-302172199-worker-0:731288:731288 [0] NCCL INFO Channel 09/0 : 0[0] -> 1[1] via P2P/CUMEM
[36m(WorkerDict pid=731288)[0m trial-302172199-trialrun-302172199-worker-0:731288:731288 [0] NCCL INFO Channel 10/0 : 0[0] -> 1[1] via P2P/CUMEM
[36m(WorkerDict pid=731288)[0m trial-302172199-trialrun-302172199-worker-0:731288:731288 [0] NCCL INFO Channel 11/0 : 0[0] -> 1[1] via P2P/CUMEM
[36m(WorkerDict pid=731288)[0m trial-302172199-trialrun-302172199-worker-0:731288:731288 [0] NCCL INFO Channel 12/0 : 0[0] -> 1[1] via P2P/CUMEM
[36m(WorkerDict pid=731288)[0m trial-302172199-trialrun-302172199-worker-0:731288:731288 [0] NCCL INFO Channel 13/0 : 0[0] -> 1[1] via P2P/CUMEM
[36m(WorkerDict pid=731288)[0m trial-302172199-trialrun-302172199-worker-0:731288:731288 [0] NCCL INFO Channel 14/0 : 0[0] -> 1[1] via P2P/CUMEM
[36m(WorkerDict pid=731288)[0m trial-302172199-trialrun-302172199-worker-0:731288:731288 [0] NCCL INFO Channel 15/0 : 0[0] -> 1[1] via P2P/CUMEM
[36m(WorkerDict pid=731288)[0m trial-302172199-trialrun-302172199-worker-0:731288:731288 [0] NCCL INFO Channel 16/0 : 0[0] -> 1[1] via P2P/CUMEM
[36m(WorkerDict pid=731288)[0m trial-302172199-trialrun-302172199-worker-0:731288:731288 [0] NCCL INFO Channel 17/0 : 0[0] -> 1[1] via P2P/CUMEM
[36m(WorkerDict pid=731288)[0m trial-302172199-trialrun-302172199-worker-0:731288:731288 [0] NCCL INFO Channel 18/0 : 0[0] -> 1[1] via P2P/CUMEM
[36m(WorkerDict pid=731288)[0m trial-302172199-trialrun-302172199-worker-0:731288:731288 [0] NCCL INFO Channel 19/0 : 0[0] -> 1[1] via P2P/CUMEM
[36m(WorkerDict pid=731288)[0m trial-302172199-trialrun-302172199-worker-0:731288:731288 [0] NCCL INFO Channel 20/0 : 0[0] -> 1[1] via P2P/CUMEM
[36m(WorkerDict pid=731288)[0m trial-302172199-trialrun-302172199-worker-0:731288:731288 [0] NCCL INFO Channel 21/0 : 0[0] -> 1[1] via P2P/CUMEM
[36m(WorkerDict pid=731288)[0m trial-302172199-trialrun-302172199-worker-0:731288:731288 [0] NCCL INFO Channel 22/0 : 0[0] -> 1[1] via P2P/CUMEM
[36m(WorkerDict pid=731288)[0m trial-302172199-trialrun-302172199-worker-0:731288:731288 [0] NCCL INFO Channel 23/0 : 0[0] -> 1[1] via P2P/CUMEM
[36m(WorkerDict pid=731288)[0m trial-302172199-trialrun-302172199-worker-0:731288:731288 [0] NCCL INFO Channel 24/0 : 0[0] -> 1[1] via P2P/CUMEM
[36m(WorkerDict pid=731288)[0m trial-302172199-trialrun-302172199-worker-0:731288:731288 [0] NCCL INFO Channel 25/0 : 0[0] -> 1[1] via P2P/CUMEM
[36m(WorkerDict pid=731288)[0m trial-302172199-trialrun-302172199-worker-0:731288:731288 [0] NCCL INFO Channel 26/0 : 0[0] -> 1[1] via P2P/CUMEM
[36m(WorkerDict pid=731288)[0m trial-302172199-trialrun-302172199-worker-0:731288:731288 [0] NCCL INFO Channel 27/0 : 0[0] -> 1[1] via P2P/CUMEM
[36m(WorkerDict pid=731288)[0m trial-302172199-trialrun-302172199-worker-0:731288:731288 [0] NCCL INFO Channel 28/0 : 0[0] -> 1[1] via P2P/CUMEM
[36m(WorkerDict pid=731288)[0m trial-302172199-trialrun-302172199-worker-0:731288:731288 [0] NCCL INFO Channel 29/0 : 0[0] -> 1[1] via P2P/CUMEM
[36m(WorkerDict pid=731288)[0m trial-302172199-trialrun-302172199-worker-0:731288:731288 [0] NCCL INFO Channel 30/0 : 0[0] -> 1[1] via P2P/CUMEM
[36m(WorkerDict pid=731288)[0m trial
[36m(WorkerDict pid=731290)[0m -1/-1->5->4 [5] 6/-1/-1->5->4 [6] 6/-1/-1->5->4 [7] 6/-1/-1->5->4 [8] 6/-1/-1->5->4 [9] 6/-1/-1->5->4 [10] 6/-1/-1->5->4 [11] 6/-1/-1->5->4 [12] 6/-1/-1->5->4 [13] 6/-1/-1->5->4 [14] 6/-1/-1->5->4 [15] 6/-1/-1->5->4 [16] 6/-1/-1->5->4 [17] 6/-1/-1->5->4 [18] 6/-1/-1->5->4 [19] 6/-1/-1->5->4 [20] 6/-1/-1->5->4 [21] 6/-1/-1->5->4 [22] 6/-1/-1->5->4 [23] 6/-1/-1->5->4 [24] 6/-1/-1->5->4 [25] 6/-1/-1->5->4 [26] 6/-1/-1->5->4 [27] 6/-1/-1->5->4 [28] 6/-1/-1->5->4 [29] 6/-1/-1->5->4 [30] 6/-1/-1->5->4 [31] 6/-1/-1->5->4
[36m(WorkerDict pid=731290)[0m trial-302172199-trialrun-302172199-worker-0:731290:731290 [5] NCCL INFO 32 coll channels, 32 collnet channels, 24 nvls channels, 32 p2p channels, 32 p2p channels per peer
[36m(WorkerDict pid=731285)[0m 1->2->1 [5] 3/-1/-1->2->1 [6] 3/-1/-1->2->1 [7] 3/-1/-1->2->1 [8] 3/-1/-1->2->1 [9] 3/-1/-1->2->1 [10] 3/-1/-1->2->1 [11] 3/-1/-1->2->1 [12] 3/-1/-1->2->1 [13] 3/-1/-1->2->1 [14] 3/-1/-1->2->1 [15] 3/-1/-1->2->1 [16] 3/-1/-1->2->1 [17] 3/-1/-1->2->1 [18] 3/-1/-1->2->1 [19] 3/-1/-1->2->1 [20] 3/-1/-1->2->1 [21] 3/-1/-1->2->1 [22] 3/-1/-1->2->1 [23] 3/-1/-1->2->1 [24] 3/-1/-1->2->1 [25] 3/-1/-1->2->1 [26] 3/-1/-1->2->1 [27] 3/-1/-1->2->1 [28] 3/-1/-1->2->1 [29] 3/-1/-1->2->1 [30] 3/-1/-1->2->1 [31] 3/-1/-1->2->1
[36m(WorkerDict pid=731285)[0m trial-302172199-trialrun-302172199-worker-0:731285:731285 [2] NCCL INFO Channel 17/0 : 2[2] -> 3
[36m(WorkerDict pid=731287)[0m -1/-1->4->3 [5] 5/-1/-1->4->3 [6] 5/-1/-1->4->3 [7] 5/-1/-1->4->3 [8] 5/-1/-1->4->3 [9] 5/-1/-1->4->3 [10] 5/-1/-1->4->3 [11] 5/-1/-1->4->3 [12] 5/-1/-1->4->3 [13] 5/-1/-1->4->3 [14] 5/-1/-1->4->3 [15] 5/-1/-1->4->3 [16] 5/-1/-1->4->3 [17] 5/-1/-1->4->3 [18] 5/-1/-1->4->3 [19] 5/-1/-1->4->3 [20] 5/-1/-1->4->3 [21] 5/-1/-1->4->3 [22] 5/-1/-1->4->3 [23] 5/-1/-1->4->3 [24] 5/-1/-1->4->3 [25] 5/-1/-1->4->3 [26] 5/-1/-1->4->3 [27] 5/-1/-1->4->3 [28] 5/-1/-1->4->3 [29] 5/-1/-1->4->3 [30] 5/-1/-1->4->3 [31] 5/-1/-1->4->3
[36m(WorkerDict pid=731293)[0m 7/-1/-1->6->5 [5] 7/-1/-1->6->5 [6] 7/-1/-1->6->5 [7] 7/-1/-1->6->5 [8] 7/-1/-1->6->5 [9] 7/-1/-1->6->5 [10] 7/-1/-1->6->5 [11] 7/-1/-1->6->5 [12] 7/-1/-1->6->5 [13] 7/-1/-1->6->5 [14] 7/-1/-1->6->5 [15] 7/-1/-1->6->5 [16] 7/-1/-1->6->5 [17] 7/-1/-1->6->5 [18] 7/-1/-1->6->5 [19] 7/-1/-1->6->5 [20] 7/-1/-1->6->5 [21] 7/-1/-1->6->5 [22] 7/-1/-1->6->5 [23] 7/-1/-1->6->5 [24] 7/-1/-1->6->5 [25] 7/-1/-1->6->5 [26] 7/-1/-1->6->5 [27] 7/-1/-1->6->5 [28] 7/-1/-1->6->5 [29] 7/-1/-1->6->5 [30] 7/-1/-1->6->5 [31] 7/-1/-1->6->5
[36m(WorkerDict pid=731289)[0m 1->3->2 [5] 4/-1/-1->3->2 [6] 4/-1/-1->3->2 [7] 4/-1/-1->3->2 [8] 4/-1/-1->3->2 [9] 4/-1/-1->3->2 [10] 4/-1/-1->3->2 [11] 4/-1/-1->3->2 [12] 4/-1/-1->3->2 [13] 4/-1/-1->3->2 [14] 4/-1/-1->3->2 [15] 4/-1/-1->3->2 [16] 4/-1/-1->3->2 [17] 4/-1/-1->3->2 [18] 4/-1/-1->3->2 [19] 4/-1/-1->3->2 [20] 4/-1/-1->3->2 [21] 4/-1/-1->3->2 [22] 4/-1/-1->3->2 [23] 4/-1/-1->3->2 [24] 4/-1/-1->3->2 [25] 4/-1/-1->3->2 [26] 4/-1/-1->3->2 [27] 4/-1/-1->3->2 [28] 4/-1/-1->3->2 [29] 4/-1/-1->3->2 [30] 4/-1/-1->3->2 [31] 4/-1/-1->3->2
[36m(WorkerDict pid=731289)[0m trial-302172199-trialrun-302172199-worker-0:731289:731289 [3] NCCL INFO Channel 17/0 : 3[3] -
[36m(WorkerDict pid=731292)[0m ] -1/-1/-1->7->6 [5] -1/-1/-1->7->6 [6] -1/-1/-1->7->6 [7] -1/-1/-1->7->6 [8] -1/-1/-1->7->6 [9] -1/-1/-1->7->6 [10] -1/-1/-1->7->6 [11] -1/-1/-1->7->6 [12] -1/-1/-1->7->6 [13] -1/-1/-1->7->6 [14] -1/-1/-1->7->6 [15] -1/-1/-1->7->6 [16] -1/-1/-1->7->6 [17] -1/-1/-1->7->6 [18] -1/-1/-1->7->6 [19] -1/-1/-1->7->6 [20] -1/-1/-1->7->6 [21] -1/-1/-1->7->6 [22] -1/-1/-1->7->6 [23] -1/-1/-1->7->6 [24] -1/-1/-1->7->6 [25] -1/-1/-1->7->6 [26] -1/-1/-1->7->6 [27] -1/-1/-1->7->6 [28] -1/-1/-1->7->6 [29] -1/-1/-1->7->6 [30] -1/-1/-1->7->6 [31] -1/-1/-1->7->6
[36m(WorkerDict pid=731292)[0m trial-302172199-trialrun-302172199-worker-0:731292:73129
[36m(WorkerDict pid=731288)[0m Actor use_remove_padding=True
[36m(WorkerDict pid=731288)[0m Actor use_fused_kernels=True
[36m(WorkerDict pid=731293)[0m Monkey patch _flash_attention_forward in transformers.integrations.flash_attention[32m [repeated 7x across cluster][0m
[36m(WorkerDict pid=731293)[0m Using Triton backend for fused kernels in Qwen2ForCausalLM[32m [repeated 7x across cluster][0m
[36m(WorkerDict pid=731292)[0m trial-302172199-trialrun-302172199-worker-0:731292:731292 [7] NCCL INFO ENV/Plugin: Could not find: libnccl-env.so[32m [repeated 7x across cluster][0m
[36m(WorkerDict pid=731292)[0m trial-302172199-trialrun-302172199-worker-0:731292:731292 [7] NCCL INFO NCCL_SOCKET_FAMILY set by environment to AF_INET6[32m [repeated 14x across cluster][0m
[36m(WorkerDict pid=731292)[0m trial-302172199-trialrun-302172199-worker-0:731292:731292 [7] NCCL INFO NCCL_SOCKET_IFNAME set by environment to =eth0[32m [repeated 14x across cluster][0m
[36m(WorkerDict pid=731292)[0m trial-302172199-trialrun-302172199-worker-0:731292:731292 [7] NCCL INFO cudaDriverVersion 13000[32m [repeated 7x across cluster][0m
[36m(WorkerDict pid=731292)[0m trial-302172199-trialrun-302172199-worker-0:731292:731292 [7] NCCL INFO NCCL version 2.28.9+cuda13.0[32m [repeated 7x across cluster][0m
[36m(WorkerDict pid=731292)[0m trial-302172199-trialrun-302172199-worker-0:731292:731292 [7] NCCL INFO Comm config Blocking set to 1[32m [repeated 7x across cluster][0m
[36m(WorkerDict pid=731292)[0m trial-302172199-trialrun-302172199-worker-0:731292:731292 [7] NCCL INFO NCCL_NET_PLUGIN set by environment to none[32m [repeated 7x across cluster][0m
[36m(WorkerDict pid=731292)[0m trial-302172199-trialrun-302172199-worker-0:731292:731292 [7] NCCL INFO NET/Socket : Using [0]eth0:fdbd:dc61:ff:f000:ffff:ffff:0:16<0>[32m [repeated 7x across cluster][0m
[36m(WorkerDict pid=731292)[0m trial-302172199-trialrun-302172199-worker-0:731292:731292 [7] NCCL INFO Initialized NET plugin Socket[32m [repeated 7x across cluster][0m
[36m(WorkerDict pid=731292)[0m trial-302172199-trialrun-302172199-worker-0:731292:731292 [7] NCCL INFO Assigned NET plugin Socket to comm[32m [repeated 7x across cluster][0m
[36m(WorkerDict pid=731292)[0m trial-302172199-trialrun-302172199-worker-0:731292:731292 [7] NCCL INFO Using network Socket[32m [repeated 7x across cluster][0m
[36m(WorkerDict pid=731292)[0m trial-302172199-trialrun-302172199-worker-0:731292:731292 [7] NCCL INFO ncclCommInitRankConfig comm 0xec816a0 rank 7 nranks 8 cudaDev 7 nvmlDev 7 busId d8000 commId 0x2a2a20d984d0b201 - Init START[32m [repeated 7x across cluster][0m
[36m(WorkerDict pid=731292)[0m trial-302172199-trialrun-302172199-worker-0:731292:731292 [7] NCCL INFO RAS client listening socket at ::1<28028>[32m [repeated 7x across cluster][0m
[36m(WorkerDict pid=731292)[0m trial-302172199-trialrun-302172199-worker-0:731292:731292 [7] NCCL INFO MNNVL busId 0xd8000 fabric UUID 0.0 cliqueId 0x0 state 3 healthMask 0x80[32m [repeated 7x across cluster][0m
[36m(WorkerDict pid=731292)[0m trial-302172199-trialrun-302172199-worker-0:731292:731292 [7] NCCL INFO Could not find real path of /sys/class/pci_bus/fffffff/../../fffffff:ff:f[32m [repeated 7x across cluster][0m
[36m(WorkerDict pid=731292)[0m trial-302172199-trialrun-302172199-worker-0:731292:731292 [7] NCCL INFO TOPO/NET : Importing network plugins to topology[32m [repeated 7x across cluster][0m
[36m(WorkerDict pid=731292)[0m trial-302172199-trialrun-302172199-worker-0:731292:731292 [7] NCCL INFO ncclTopoPopulateNics : Filled eth0 in topo with pciPath=(null) keep=1 coll=(null)[32m [repeated 7x across cluster][0m
[36m(WorkerDict pid=731292)[0m trial-302172199-trialrun-302172199-worker-0:731292:731292 [7] NCCL INFO === System : maxBw 721.8 totalBw 721.8 ===[32m [repeated 7x across cluster][0m
[36m(WorkerDict pid=731292)[0m trial-302172199-trialrun-302172199-worker-0:731292:731292 [7] NCCL INFO NET/0-0 :GPU/0-f000 (4/1.2/PHB) GPU/0-2d000 (4/1.2/PHB) GPU/0-44000 (4/1.2/PHB) GPU/0-5b000 (4/1.2/PHB) GPU/0-89000 (5/1.2/SYS) GPU/0-a8000 (5/1.2/SYS) GPU/0-c0000 (5/1.2/SYS) GPU/0-d8000 (5/1.2/SYS) CPU/0-0 (2/1.2/PHB) CPU/0-1 (3/1.2/SYS) NET/0-0 (0/5000.0/LOC) NET/0-0 (0/0.0/DIS) [32m [repeated 84x across cluster][0m
[36m(WorkerDict pid=731292)[0m trial-302172199-trialrun-302172199-worker-0:731292:731292 [7] NCCL INFO + SYS[40.0] - CPU/0-0[32m [repeated 203x across cluster][0m
[36m(WorkerDict pid=731292)[0m trial-302172199-trialrun-302172199-worker-0:731292:731292 [7] NCCL INFO ==========================================[32m [repeated 7x across cluster][0m
[36m(WorkerDict pid=731292)[0m trial-302172199-trialrun-302172199-worker-0:731292:731292 [7] NCCL INFO ncclTopoGetCpuAffinity: Affinity for GPU 7 is 64-126,192-254. (GPU affinity = 64-127,192-255 ; CPU affinity = 0-62,64-126,128-190,192-254).[32m [repeated 7x across cluster][0m
[36m(WorkerDict pid=731292)[0m trial-302172199-trialrun-302172199-worker-0:731292:731292 [7] NCCL INFO NCCL_NVLS_ENABLE set by environment to 1.[32m [repeated 7x across cluster][0m
[36m(WorkerDict pid=731292)[0m trial-302172199-trialrun-302172199-worker-0:731292:731292 [7] NCCL INFO NVLS multicast support is available on dev 7 (NVLS_NCHANNELS 24)[32m [repeated 7x across cluster][0m
[36m(WorkerDict pid=731292)[0m trial-302172199-trialrun-302172199-worker-0:731292:731292 [7] NCCL INFO Pattern 5, crossNic 0, nChannels 8, bw 80.000000/90.000000, type NVL/PIX, sameChannels 0[32m [repeated 23x across cluster][0m
[36m(WorkerDict pid=731292)[0m trial-302172199-trialrun-302172199-worker-0:731292:731292 [7] NCCL INFO  7 : GPU/0-d8000[32m [repeated 310x across cluster][0m
[36m(WorkerDict pid=731292)[0m trial-302172199-trialrun-302172199-worker-0:731292:731292 [7] NCCL INFO comm 0xec816a0 rank 7 nRanks 8 nNodes 1 localRanks 8 localRank 7 MNNVL 0[32m [repeated 7x across cluster][0m
[36m(WorkerDict pid=731286)[0m trial-302172199-trialrun-302172199-worker-0:731286:731286 [1] NCCL INFO Tree 31 : 0 -> 1 -> 2/-1/-1[32m [repeated 32x across cluster][0m
[36m(WorkerDict pid=731286)[0m trial-302172199-trialrun-302172199-worker-0:731286:731286 [1] NCCL INFO Channel 25/0 : [32m [repeated 4x across cluster][0m
[36m(WorkerDict pid=731288)[0m trial-302172199-trialrun-302172199-worker-0:731288:731288 [0] NCCL INFO Ring 31 : 7 -> 0 -> 1[32m [repeated 249x across cluster][0m
[36m(WorkerDict pid=731288)[0m trial-302172199-trialrun-302172199-worker-0:731288:731288 [0] NCCL INFO Trees [0] 1/-1/-1->0->-1 [1] 1/-1/-1->0->-1 [2] 1/-1/-1->0->-1 [3] 1/-1/-1->0->-1 [4] 1/-1/-1->0->-1 [5] 1/-1/-1->0->-1 [6] 1/-1/-1->0->-1 [7] 1/-1/-1->0->-1 [8] 1/-1/-1->0->-1 [9] 1/-1/-1->0->-1 [10] 1/-1/-1->0->-1 [11] 1/-1/-1->0->-1 [12] 1/-1/-1->0->-1 [13] 1/-1/-1->0->-1 [14] 1/-1/-1->0->-1 [15] 1/-1/-1->0->-1 [16] 1/-1/-1->0->-1 [17] 1/-1/-1->0->-1 [18] 1/-1/-1->0->-1 [19] 1/-1/-1->0->-1 [20] 1/-1/-1->0->-1 [21] 1/-1/-1->0->-1 [22] 1/-1/-1->0->-1 [23] 1/-1/-1->0->-1 [24] 1/-1/-1->0->-1 [25] 1/-1/-1->0->-1 [26] 1/-1/-1->0->-1 [27] 1/-1/-1->0->-1 [28] 1/-1/-1->0->-1 [29] 1/-1/-1->0->-1 [30] 1/-1/-1->0->-1 [31] 1/-1/-1->0->-1[32m [repeated 7x across cluster][0m
[36m(WorkerDict pid=731292)[0m trial-302172199-trialrun-302172199-worker-0:731292:731292 [7] NCCL INFO P2P Chunksize set to 524288[32m [repeated 7x across cluster][0m
[36m(WorkerDict pid=731292)[0m trial-302172199-trialrun-302172199-worker-0:731292:731292 [7] NCCL INFO PROFILER/Plugin: Could not find: libnccl-profiler.so[32m [repeated 7x across cluster][0m
[36m(WorkerDict pid=731292)[0m trial-302172199-trialrun-302172199-worker-0:731292:731292 [7] NCCL INFO Check P2P Type isAllDirectP2p 1 directMode 0 isAllCudaP2p 1[32m [repeated 7x across cluster][0m
[36m(WorkerDict pid=731292)[0m trial-302172199-trialrun-302172199-worker-0:731292:746871 [0] NCCL INFO [Proxy Service] Device 7 CPU core 247[32m [repeated 7x across cluster][0m
[36m(WorkerDict pid=731292)[0m trial-302172199-trialrun-302172199-worker-0:731292:731292 [7] NCCL INFO ncclP2pSchedule: group size used is 8[32m [repeated 7x across cluster][0m
[36m(WorkerDict pid=731292)[0m trial-302172199-trialrun-302172199-worker-0:731292:746877 [0] NCCL INFO [Proxy Service UDS] Device 7 CPU core 233[32m [repeated 7x across cluster][0m
[36m(WorkerDict pid=731292)[0m trial-302172199-trialrun-302172199-worker-0:731292:731292 [7] NCCL INFO TUNER/Plugin: Could not find: libnccl-tuner.so[32m [repeated 7x across cluster][0m
[36m(WorkerDict pid=731292)[0m trial-302172199-trialrun-302172199-worker-0:731292:731292 [7] NCCL INFO threadThresholds 8/8/64 | 64/8/64 | 512 | 512[32m [repeated 7x across cluster][0m
[36m(WorkerDict pid=731288)[0m Model config after override: Qwen2Config {
[36m(WorkerDict pid=731288)[0m   "architectures": [
[36m(WorkerDict pid=731288)[0m     "Qwen2ForCausalLM"
[36m(WorkerDict pid=731288)[0m   ],
[36m(WorkerDict pid=731288)[0m   "attention_dropout": 0.0,
[36m(WorkerDict pid=731288)[0m   "bos_token_id": null,
[36m(WorkerDict pid=731288)[0m   "dtype": "bfloat16",
[36m(WorkerDict pid=731288)[0m   "eos_token_id": 151643,
[36m(WorkerDict pid=731288)[0m   "hidden_act": "silu",
[36m(WorkerDict pid=731288)[0m   "hidden_size": 3584,
[36m(WorkerDict pid=731288)[0m   "initializer_range": 0.02,
[36m(WorkerDict pid=731288)[0m   "intermediate_size": 18944,
[36m(WorkerDict pid=731288)[0m   "layer_types": [
[36m(WorkerDict pid=731292)[0m WARNING:2026-08-02 09:31:06,354:Initializing torch.distributed: rank=7 world_size=8 init_method=tcp://[fdbd:dc61:ff:f000:ffff:ffff:0:16]:53447 master=fdbd:dc61:ff:f000:ffff:ffff:0:16:53447[32m [repeated 7x across cluster][0m
[36m(WorkerDict pid=731289)[0m [W802 09:31:06.556327106 ProcessGroupNCCL.cpp:932] Warning: TORCH_NCCL_AVOID_RECORD_STREAMS is the default now, this environment variable is thus deprecated. (function operator())[32m [repeated 7x across cluster][0m
[36m(WorkerDict pid=731287)[0m Loading weights:   0%|          | 0/339 [00:00<?, ?it/s][32m [repeated 7x across cluster][0m
[36m(WorkerDict pid=731288)[0m Loading weights: 100%|██████████| 339/339 [00:00<00:00, 9464.43it/s][32m [repeated 6x across cluster][0m
[36m(WorkerDict pid=731288)[0m Loading weights:   0%|          | 1/339 [00:01<06:11,  1.10s/it]
[36m(WorkerDict pid=731288)[0m Loading weights:  97%|█████████▋| 329/339 [00:04<00:00, 97.15it/s]Loading weights: 100%|██████████| 339/339 [00:04<00:00, 83.76it/s]
[36m(WorkerDict pid=731286)[0m Loading weights:  94%|█████████▍| 318/339 [00:04<00:00, 80.39it/s]Loading weights:  99%|█████████▉| 337/339 [00:04<00:00, 106.40it/s]Loading weights: 100%|██████████| 339/339 [00:04<00:00, 70.06it/s] 
[36m(WorkerDict pid=731285)[0m Loading weights:   0%|          | 0/339 [00:00<?, ?it/s][32m [repeated 7x across cluster][0m
[36m(WorkerDict pid=731293)[0m Loading weights: 100%|██████████| 339/339 [00:04<00:00, 68.24it/s][32m [repeated 9x across cluster][0m
[36m(WorkerDict pid=731288)[0m WARNING:2026-08-02 09:31:33,701:Dropping unsupported vLLM engine kwargs for this version: ['disable_mm_preprocessor_cache']
[36m(WorkerDict pid=731292)[0m Loading weights:  91%|█████████ | 308/339 [00:04<00:00, 71.66it/s][32m [repeated 208x across cluster][0m
[36m(WorkerDict pid=731292)[0m Loading weights:  97%|█████████▋| 329/339 [00:04<00:00, 82.27it/s]Loading weights: 100%|██████████| 339/339 [00:05<00:00, 66.81it/s][32m [repeated 3x across cluster][0m
[36m(WorkerDict pid=731290)[0m Loading weights: 100%|██████████| 339/339 [00:05<00:00, 66.56it/s][32m [repeated 4x across cluster][0m
[36m(WorkerDict pid=731288)[0m /mlx_devbox/users/quyanyi/playground/.venvs/ttrl_b200/lib/python3.11/site-packages/nvidia_cutlass_dsl/python_packages/cutlass/cute/core.py:5791: DeprecationWarning: Use explicit `struct.scalar.ptr` for pointer instead.
[36m(WorkerDict pid=731288)[0m   warnings.warn(
[36m(WorkerDict pid=731288)[0m /mlx_devbox/users/quyanyi/playground/.venvs/ttrl_b200/lib/python3.11/site-packages/nvidia_cutlass_dsl/python_packages/cutlass/cute/core.py:5791: DeprecationWarning: Use explicit `struct.scalar.ptr` for pointer instead.
[36m(WorkerDict pid=731288)[0m   warnings.warn(
[36m(WorkerDict pid=731288)[0m /mlx_devbox/users/quyanyi/playground/.venvs/ttrl_b200/lib/python3.11/site-packages/nvidia_cutlass_dsl/python_packages/cutlass/cute/core.py:5791: DeprecationWarning: Use explicit `struct.scalar.ptr` for pointer instead.
[36m(WorkerDict pid=731288)[0m   warnings.warn(
[36m(WorkerDict pid=731292)[0m WARNING:2026-08-02 09:31:33,701:Dropping unsupported vLLM engine kwargs for this version: ['disable_mm_preprocessor_cache'][32m [repeated 7x across cluster][0m
[36m(WorkerDict pid=731288)[0m 2026-08-02 09:32:04,113 - INFO - autotuner.py:622 - flashinfer.jit: [Autotuner]: Autotuning process starts ...
[36m(WorkerDict pid=731288)[0m 2026-08-02 09:32:04,134 - INFO - autotuner.py:641 - flashinfer.jit: [Autotuner]: Autotuning process ends
[36m(WorkerDict pid=731285)[0m /mlx_devbox/users/quyanyi/playground/.venvs/ttrl_b200/lib/python3.11/site-packages/nvidia_cutlass_dsl/python_packages/cutlass/cute/core.py:5791: DeprecationWarning: Use explicit `struct.scalar.ptr` for pointer instead.[32m [repeated 101x across cluster][0m
[36m(WorkerDict pid=731285)[0m   warnings.warn([32m [repeated 101x across cluster][0m
[36m(WorkerDict pid=731288)[0m Capturing CUDA graphs (mixed prefill-decode, PIECEWISE):   0%|          | 0/51 [00:00<?, ?it/s]
[36m(WorkerDict pid=731288)[0m Capturing CUDA graphs (mixed prefill-decode, PIECEWISE):   8%|▊         | 4/51 [00:00<00:01, 35.00it/s]
[36m(WorkerDict pid=731288)[0m Capturing CUDA graphs (mixed prefill-decode, PIECEWISE):  16%|█▌        | 8/51 [00:00<00:01, 33.83it/s]
[36m(WorkerDict pid=731288)[0m Capturing CUDA graphs (mixed prefill-decode, PIECEWISE):  24%|██▎       | 12/51 [00:00<00:01, 33.04it/s]
[36m(WorkerDict pid=731288)[0m Capturing CUDA graphs (mixed prefill-decode, PIECEWISE):  31%|███▏      | 16/51 [00:00<00:01, 31.23it/s]
[36m(WorkerDict pid=731288)[0m Capturing CUDA graphs (mixed prefill-decode, PIECEWISE):  39%|███▉      | 20/51 [00:00<00:00, 31.44it/s]
[36m(WorkerDict pid=731288)[0m Capturing CUDA graphs (mixed prefill-decode, PIECEWISE):  47%|████▋     | 24/51 [00:00<00:00, 31.19it/s]
[36m(WorkerDict pid=731288)[0m Capturing CUDA graphs (mixed prefill-decode, PIECEWISE):  55%|█████▍    | 28/51 [00:00<00:00, 31.08it/s]
[36m(WorkerDict pid=731288)[0m Capturing CUDA graphs (mixed prefill-decode, PIECEWISE):  63%|██████▎   | 32/51 [00:01<00:00, 30.30it/s]
[36m(WorkerDict pid=731288)[0m Capturing CUDA graphs (mixed prefill-decode, PIECEWISE):  71%|███████   | 36/51 [00:01<00:00, 30.23it/s]
[36m(WorkerDict pid=731288)[0m Capturing CUDA graphs (mixed prefill-decode, PIECEWISE):  78%|███████▊  | 40/51 [00:01<00:00, 29.11it/s]
[36m(WorkerDict pid=731288)[0m Capturing CUDA graphs (mixed prefill-decode, PIECEWISE):  84%|████████▍ | 43/51 [00:01<00:00, 28.89it/s]
[36m(WorkerDict pid=731288)[0m Capturing CUDA graphs (mixed prefill-decode, PIECEWISE):  90%|█████████ | 46/51 [00:01<00:00, 28.66it/s]
[36m(WorkerDict pid=731288)[0m Capturing CUDA graphs (mixed prefill-decode, PIECEWISE):  98%|█████████▊| 50/51 [00:01<00:00, 29.39it/s]
[36m(WorkerDict pid=731288)[0m Capturing CUDA graphs (mixed prefill-decode, PIECEWISE): 100%|██████████| 51/51 [00:01<00:00, 29.97it/s]
[36m(WorkerDict pid=731288)[0m Capturing CUDA graphs (decode, FULL):   0%|          | 0/51 [00:00<?, ?it/s]
[36m(WorkerDict pid=731288)[0m Capturing CUDA graphs (decode, FULL):   8%|▊         | 4/51 [00:00<00:01, 32.02it/s]
[36m(WorkerDict pid=731288)[0m Capturing CUDA graphs (decode, FULL):  16%|█▌        | 8/51 [00:00<00:01, 35.08it/s]
[36m(WorkerDict pid=731288)[0m Capturing CUDA graphs (decode, FULL):  24%|██▎       | 12/51 [00:00<00:01, 36.57it/s]
[36m(WorkerDict pid=731288)[0m Capturing CUDA graphs (decode, FULL):  31%|███▏      | 16/51 [00:00<00:00, 37.07it/s]
[36m(WorkerDict pid=731288)[0m Capturing CUDA graphs (decode, FULL):  39%|███▉      | 20/51 [00:00<00:00, 37.58it/s]
[36m(WorkerDict pid=731288)[0m Capturing CUDA graphs (decode, FULL):  47%|████▋     | 24/51 [00:00<00:00, 37.83it/s]
[36m(WorkerDict pid=731288)[0m Capturing CUDA graphs (decode, FULL):  55%|█████▍    | 28/51 [00:00<00:00, 37.93it/s]
[36m(WorkerDict pid=731288)[0m Capturing CUDA graphs (decode, FULL):  63%|██████▎   | 32/51 [00:00<00:00, 37.83it/s]
[36m(WorkerDict pid=731288)[0m Capturing CUDA graphs (decode, FULL):  71%|███████   | 36/51 [00:00<00:00, 37.70it/s]
[36m(WorkerDict pid=731288)[0m Capturing CUDA graphs (decode, FULL):  78%|███████▊  | 40/51 [00:01<00:00, 37.85it/s]
[36m(WorkerDict pid=731288)[0m Capturing CUDA graphs (decode, FULL):  86%|████████▋ | 44/51 [00:01<00:00, 37.92it/s]
[36m(WorkerDict pid=731292)[0m 2026-08-02 09:32:04,112 - INFO - autotuner.py:622 - flashinfer.jit: [Autotuner]: Autotuning process starts ...[32m [repeated 7x across cluster][0m
[36m(WorkerDict pid=731292)[0m 2026-08-02 09:32:04,132 - INFO - autotuner.py:641 - flashinfer.jit: [Autotuner]: Autotuning process ends[32m [repeated 7x across cluster][0m
[36m(WorkerDict pid=731289)[0m /mlx_devbox/users/quyanyi/playground/.venvs/ttrl_b200/lib/python3.11/site-packages/nvidia_cutlass_dsl/python_packages/cutlass/cute/core.py:5791: DeprecationWarning: Use explicit `struct.scalar.ptr` for pointer instead.
[36m(WorkerDict pid=731289)[0m   warnings.warn(
[36m(WorkerDict pid=731290)[0m /mlx_devbox/users/quyanyi/playground/.venvs/ttrl_b200/lib/python3.11/site-packages/nvidia_cutlass_dsl/python_packages/cutlass/cute/core.py:5791: DeprecationWarning: Use explicit `struct.scalar.ptr` for pointer instead.
[36m(WorkerDict pid=731290)[0m   warnings.warn(
[36m(WorkerDict pid=731288)[0m Capturing CUDA graphs (decode, FULL):  86%|████████▋ | 44/51 [00:11<00:00, 37.92it/s]
[36m(WorkerDict pid=731285)[0m /mlx_devbox/users/quyanyi/playground/.venvs/ttrl_b200/lib/python3.11/site-packages/nvidia_cutlass_dsl/python_packages/cutlass/cute/core.py:5791: DeprecationWarning: Use explicit `struct.scalar.ptr` for pointer instead.[32m [repeated 102x across cluster][0m
[36m(WorkerDict pid=731285)[0m   warnings.warn([32m [repeated 102x across cluster][0m
[36m(WorkerDict pid=731288)[0m Capturing CUDA graphs (decode, FULL):  92%|█████████▏| 47/51 [00:12<00:03,  1.07it/s]
[36m(WorkerDict pid=731288)[0m Capturing CUDA graphs (decode, FULL): 100%|██████████| 51/51 [00:12<00:00,  1.56it/s]Capturing CUDA graphs (decode, FULL): 100%|██████████| 51/51 [00:12<00:00,  4.13it/s]
[36m(WorkerDict pid=731289)[0m /mlx_devbox/users/quyanyi/playground/TTRL/verl/verl/workers/sharding_manager/fsdp_vllm.py:97: FutureWarning: FSDP.state_dict_type() and FSDP.set_state_dict_type() are being deprecated. Please use APIs, get_state_dict() and set_state_dict(), which can support different parallelisms, FSDP1, FSDP2, DDP. API doc: https://pytorch.org/docs/stable/distributed.checkpoint.html#torch.distributed.checkpoint.state_dict.get_state_dict .Tutorial: https://pytorch.org/tutorials/recipes/distributed_checkpoint_recipe.html .
[36m(WorkerDict pid=731289)[0m   FSDP.set_state_dict_type(
[36m(TaskRunner pid=731283)[0m Training Progress:   0%|          | 0/20 [00:00<?, ?it/s]
[36m(WorkerDict pid=731288)[0m /mlx_devbox/users/quyanyi/playground/.venvs/ttrl_b200/lib/python3.11/site-packages/nvidia_cutlass_dsl/python_packages/cutlass/cute/core.py:5791: DeprecationWarning: Use explicit `struct.scalar.ptr` for pointer instead.[32m [repeated 3x across cluster][0m
[36m(WorkerDict pid=731288)[0m   warnings.warn([32m [repeated 3x across cluster][0m
[36m(WorkerDict pid=731285)[0m /mlx_devbox/users/quyanyi/playground/TTRL/verl/verl/workers/sharding_manager/fsdp_vllm.py:97: FutureWarning: FSDP.state_dict_type() and FSDP.set_state_dict_type() are being deprecated. Please use APIs, get_state_dict() and set_state_dict(), which can support different parallelisms, FSDP1, FSDP2, DDP. API doc: https://pytorch.org/docs/stable/distributed.checkpoint.html#torch.distributed.checkpoint.state_dict.get_state_dict .Tutorial: https://pytorch.org/tutorials/recipes/distributed_checkpoint_recipe.html .[32m [repeated 7x across cluster][0m
[36m(WorkerDict pid=731285)[0m   FSDP.set_state_dict_type([32m [repeated 7x across cluster][0m
[36m(TaskRunner pid=731283)[0m <string>:1: SymPyDeprecationWarning: 
[36m(TaskRunner pid=731283)[0m 
[36m(TaskRunner pid=731283)[0m Using non-Expr arguments in Pow is deprecated (in this case, one of the
[36m(TaskRunner pid=731283)[0m arguments is of type 'FiniteSet').
[36m(TaskRunner pid=731283)[0m 
[36m(TaskRunner pid=731283)[0m If you really did intend to construct a power with this base, use the **
[36m(TaskRunner pid=731283)[0m operator instead.
[36m(TaskRunner pid=731283)[0m 
[36m(TaskRunner pid=731283)[0m See https://docs.sympy.org/latest/explanation/active-deprecations.html#non-expr-args-deprecated
[36m(TaskRunner pid=731283)[0m for details.
[36m(TaskRunner pid=731283)[0m 
[36m(TaskRunner pid=731283)[0m This has been deprecated since SymPy version 1.7. It
[36m(TaskRunner pid=731283)[0m will be removed in a future version of SymPy.
[36m(TaskRunner pid=731283)[0m 
[36m(TaskRunner pid=731283)[0m /mlx_devbox/users/quyanyi/playground/.venvs/ttrl_b200/lib/python3.11/site-packages/sympy/core/basic.py:1949: SymPyDeprecationWarning: 
[36m(TaskRunner pid=731283)[0m 
[36m(TaskRunner pid=731283)[0m Using non-Expr arguments in Pow is deprecated (in this case, one of the
[36m(TaskRunner pid=731283)[0m arguments is of type 'FiniteSet').
[36m(TaskRunner pid=731283)[0m 
[36m(TaskRunner pid=731283)[0m If you really did intend to construct a power with this base, use the **
[36m(TaskRunner pid=731283)[0m operator instead.
[36m(TaskRunner pid=731283)[0m 
[36m(TaskRunner pid=731283)[0m See https://docs.sympy.org/latest/explanation/active-deprecations.html#non-expr-args-deprecated
[36m(TaskRunner pid=731283)[0m for details.
[36m(TaskRunner pid=731283)[0m 
[36m(TaskRunner pid=731283)[0m This has been deprecated since SymPy version 1.7. It
[36m(TaskRunner pid=731283)[0m will be removed in a future version of SymPy.
[36m(TaskRunner pid=731283)[0m 
[36m(TaskRunner pid=731283)[0m   return self.func(*terms)
[36m(WorkerDict pid=731285)[0m /mlx_devbox/users/quyanyi/playground/.venvs/ttrl_b200/lib/python3.11/site-packages/nvidia_cutlass_dsl/python_packages/cutlass/cute/core.py:5791: DeprecationWarning: Use explicit `struct.scalar.ptr` for pointer instead.[32m [repeated 101x across cluster][0m
[36m(WorkerDict pid=731285)[0m   warnings.warn([32m [repeated 101x across cluster][0m
[36m(TaskRunner pid=731283)[0m <string>:1: SymPyDeprecationWarning: 
[36m(TaskRunner pid=731283)[0m 
[36m(TaskRunner pid=731283)[0m Using non-Expr arguments in Pow is deprecated (in this case, one of the
[36m(TaskRunner pid=731283)[0m arguments is of type 'FiniteSet').
[36m(TaskRunner pid=731283)[0m 
[36m(TaskRunner pid=731283)[0m If you really did intend to construct a power with this base, use the **
[36m(TaskRunner pid=731283)[0m operator instead.
[36m(TaskRunner pid=731283)[0m 
[36m(TaskRunner pid=731283)[0m See https://docs.sympy.org/latest/explanation/active-deprecations.html#non-expr-args-deprecated
[36m(TaskRunner pid=731283)[0m for details.
[36m(TaskRunner pid=731283)[0m 
[36m(TaskRunner pid=731283)[0m This has been deprecated since SymPy version 1.7. It
[36m(TaskRunner pid=731283)[0m will be removed in a future version of SymPy.
[36m(TaskRunner pid=731283)[0m 
[36m(TaskRunner pid=731283)[0m /mlx_devbox/users/quyanyi/playground/.venvs/ttrl_b200/lib/python3.11/site-packages/sympy/core/power.py:1257: SymPyDeprecationWarning: 
[36m(TaskRunner pid=731283)[0m 
[36m(TaskRunner pid=731283)[0m Using non-Expr arguments in Pow is deprecated (in this case, one of the
[36m(TaskRunner pid=731283)[0m arguments is of type 'FiniteSet').
[36m(TaskRunner pid=731283)[0m 
[36m(TaskRunner pid=731283)[0m If you really did intend to construct a power with this base, use the **
[36m(TaskRunner pid=731283)[0m operator instead.
[36m(TaskRunner pid=731283)[0m 
[36m(TaskRunner pid=731283)[0m See https://docs.sympy.org/latest/explanation/active-deprecations.html#non-expr-args-deprecated
[36m(TaskRunner pid=731283)[0m for details.
[36m(TaskRunner pid=731283)[0m 
[36m(TaskRunner pid=731283)[0m This has been deprecated since SymPy version 1.7. It
[36m(TaskRunner pid=731283)[0m will be removed in a future version of SymPy.
[36m(TaskRunner pid=731283)[0m 
[36m(TaskRunner pid=731283)[0m   p = self.func(*self.as_base_exp())  # in case it's unevaluated
[36m(TaskRunner pid=731283)[0m WARNING:2026-08-02 09:33:07,271:Timeout during comparison
[36m(TaskRunner pid=731283)[0m WARNING:2026-08-02 09:33:50,366:Timeout during comparison
[36m(TaskRunner pid=731283)[0m WARNING:2026-08-02 09:33:55,250:Timeout during comparison
[36m(TaskRunner pid=731283)[0m Training Progress:   5%|▌         | 1/20 [01:41<32:17, 101.96s/it]
[36m(WorkerDict pid=731288)[0m     "full_attention",
[36m(WorkerDict pid=731288)[0m     "full_attention",
[36m(WorkerDict pid=731288)[0m     "full_attention",
[36m(WorkerDict pid=731288)[0m     "full_attention",
[36m(WorkerDict pid=731288)[0m     "full_attention",
[36m(WorkerDict pid=731288)[0m     "full_attention",
[36m(WorkerDict pid=731288)[0m     "full_attention",
[36m(WorkerDict pid=731288)[0m     "full_attention",
[36m(WorkerDict pid=731288)[0m     "full_attention",
[36m(WorkerDict pid=731288)[0m     "full_attention",
[36m(WorkerDict pid=731288)[0m     "full_attention",
[36m(WorkerDict pid=731288)[0m     "full_attention",
[36m(WorkerDict pid=731288)[0m     "full_attention",
[36m(WorkerDict pid=731288)[0m     "full_attention",
[36m(WorkerDict pid=731288)[0m     "full_attention",
[36m(WorkerDict pid=731288)[0m     "full_attention",
[36m(WorkerDict pid=731288)[0m     "full_attention",
[36m(WorkerDict pid=731288)[0m     "full_attention",
[36m(WorkerDict pid=731288)[0m     "full_attention",
[36m(WorkerDict pid=731288)[0m     "full_attention",
[36m(WorkerDict pid=731288)[0m     "full_attention",
[36m(WorkerDict pid=731288)[0m     "full_attention",
[36m(WorkerDict pid=731288)[0m     "full_attention",
[36m(WorkerDict pid=731288)[0m     "full_attention",
[36m(WorkerDict pid=731288)[0m     "full_attention",
[36m(WorkerDict pid=731288)[0m     "full_attention",
[36m(WorkerDict pid=731288)[0m     "full_attention",
[36m(WorkerDict pid=731288)[0m     "full_attention"
[36m(WorkerDict pid=731288)[0m   ],
[36m(WorkerDict pid=731288)[0m   "max_position_embeddings": 4096,
[36m(WorkerDict pid=731288)[0m   "max_window_layers": 28,
[36m(WorkerDict pid=731288)[0m   "model_type": "qwen2",
[36m(WorkerDict pid=731288)[0m   "num_attention_heads": 28,
[36m(WorkerDict pid=731288)[0m   "num_hidden_layers": 28,
[36m(WorkerDict pid=731288)[0m   "num_key_value_heads": 4,
[36m(WorkerDict pid=731288)[0m   "pad_token_id": 151643,
[36m(WorkerDict pid=731288)[0m   "rms_norm_eps": 1e-06,
[36m(WorkerDict pid=731288)[0m   "rope_parameters": {
[36m(WorkerDict pid=731288)[0m     "rope_theta": 10000,
[36m(WorkerDict pid=731288)[0m     "rope_type": "default"
[36m(WorkerDict pid=731288)[0m   },
[36m(WorkerDict pid=731288)[0m   "sliding_window": null,
[36m(WorkerDict pid=731288)[0m   "tie_word_embeddings": false,
[36m(WorkerDict pid=731288)[0m   "transformers_version": "5.12.1",
[36m(WorkerDict pid=731288)[0m   "use_cache": true,
[36m(WorkerDict pid=731288)[0m   "use_mrope": false,
[36m(WorkerDict pid=731288)[0m   "use_sliding_window": false,
[36m(WorkerDict pid=731288)[0m   "vocab_size": 152064
[36m(WorkerDict pid=731288)[0m }
[36m(WorkerDict pid=731288)[0m 
[36m(WorkerDict pid=731292)[0m trial-302172199-trialrun-302172199-worker-0:731292:731292 [7] NCCL INFO ncclCommInitRankConfig comm 0xec816a0 rank 7 nranks 8 cudaDev 7 nvmlDev 7 busId d8000 commId 0x2a2a20d984d0b201 - Init COMPLETE[32m [repeated 7x across cluster][0m
[36m(WorkerDict pid=731292)[0m trial-302172199-trialrun-302172199-worker-0:731292:731292 [7] NCCL INFO Init timings - ncclCommInitRankConfig: rank 7 nranks 8 total 3.34 (kernels 0.28, alloc 0.57, bootstrap 0.45, allgathers 0.00, topo 1.57, graphs 0.03, connections 0.43, rest 0.00)[32m [repeated 7x across cluster][0m
[36m(WorkerDict pid=731292)[0m trial-302172199-trialrun-302172199-worker-0:731292:731292 [7] NCCL INFO Channel 16/0 : 7[7] -> 0[0] via P2P/CUMEM[32m [repeated 127x across cluster][0m
[36m(WorkerDict pid=731292)[0m trial-302172199-trialrun-302172199-worker-0:731292:731292 [7] NCCL INFO 32 coll channels, 32 collnet channels, 24 nvls channels, 32 p2p channels, 32 p2p channels per peer[32m [repeated 6x across cluster][0m
[36m(WorkerDict pid=731288)[0m actor attention implementation verified: sdpa
[36m(WorkerDict pid=731288)[0m [PowerFlow] Added proj_z (layers=3, hidden=3584, init_offset=1.08)
[36m(WorkerDict pid=731288)[0m Monkey patch _flash_attention_forward in transformers.integrations.flash_attention
[36m(WorkerDict pid=731288)[0m Using Triton backend for fused kernels in Qwen2ForCausalLM
[36m(WorkerDict pid=731288)[0m Qwen2ForCausalLM contains 7.64B parameters
[36m(WorkerDict pid=731288)[0m [PowerFlow] Updated auto_wrap_policy to wrap ProjZModule
[36m(WorkerDict pid=731288)[0m wrap_policy: <function ActorRolloutRefWorker._build_model_optimizer.<locals>.powerflow_wrap_policy at 0x7fa9fc42dc60>
[36m(WorkerDict pid=731288)[0m Total steps: 20, num_warmup_steps: 0
[36m(WorkerDict pid=731288)[0m Actor use_remove_padding=True
[36m(WorkerDict pid=731288)[0m Actor use_fused_kernels=True
[36m(WorkerDict pid=731287)[0m Monkey patch _flash_attention_forward in transformers.integrations.flash_attention[32m [repeated 7x across cluster][0m
[36m(WorkerDict pid=731287)[0m Using Triton backend for fused kernels in Qwen2ForCausalLM[32m [repeated 7x across cluster][0m
[36m(WorkerDict pid=731289)[0m kwargs: {'n': 1, 'logprobs': 1, 'max_tokens': 3072, 'repetition_penalty': 1.0, 'detokenize': False, 'temperature': 1.0, 'top_k': -1, 'top_p': 1, 'ignore_eos': False}
[36m(TaskRunner pid=731283)[0m Checkpoint tracker file does not exist: /tmp/ttrl_b200/checkpoints/ttrl_chunk_state_powerflow_supportflow_posteriormass_nosplit_v14_mid_c128_b32_r32_v64_20step_20260802/latest_checkpointed_iteration.txt
[36m(TaskRunner pid=731283)[0m Training from scratch
[36m(WorkerDict pid=731288)[0m WARNING 08-02 09:32:20 [jit_monitor.py:106] Triton kernel JIT compilation during inference: _compute_slot_mapping_kernel. This causes a latency spike; consider extending warmup to cover this shape/config.
[36m(TaskRunner pid=731283)[0m [Shutdown] 4 subprocess(es) terminated.
[36m(WorkerDict pid=731285)[0m kwargs: {'n': 1, 'logprobs': 1, 'max_tokens': 3072, 'repetition_penalty': 1.0, 'detokenize': False, 'temperature': 1.0, 'top_k': -1, 'top_p': 1, 'ignore_eos': False}[32m [repeated 7x across cluster][0m
[36m(TaskRunner pid=731283)[0m [Shutdown] 5 subprocess(es) terminated.
[36m(TaskRunner pid=731283)[0m [Shutdown] 40 subprocess(es) terminated.
[36m(WorkerDict pid=731288)[0m WARNING 08-02 09:34:00 [jit_monitor.py:106] Triton kernel JIT compilation during inference: efficient_entropy_kernel_general_mainloop. This causes a latency spike; consider extending warmup to cover this shape/config.
[36m(WorkerDict pid=731288)[0m WARNING 08-02 09:34:00 [jit_monitor.py:106] Triton kernel JIT compilation during inference: efficient_entropy_triton_kernel_epilogue. This causes a latency spike; consider extending warmup to cover this shape/config.
[36m(WorkerDict pid=731288)[0m WARNING 08-02 09:34:00 [jit_monitor.py:106] Triton kernel JIT compilation during inference: efficient_entropy_backward_kernel_general_d_logits_split_N. This causes a latency spike; consider extending warmup to cover this shape/config.
[36m(TaskRunner pid=731283)[0m step:1 - chunk_state_source/selected_original_acc_mean:1.000 - chunk_state_source/prompt_original_pass:0.875 - chunk_state_source/prompt_original_mean:0.344 - chunk_state_source/selected_majority_consistent_mean:1.000 - chunk_state_source/prompt_majority_ratio_mean:0.356 - chunk_state_source/prompt_majority_pass:1.000 - chunk_state_source_chunk/enabled:1.000 - chunk_state_source_chunk/injected_ratio:1.000 - chunk_state_source_chunk/mean_len:128.000 - chunk_state_source_chunk/candidate_index:0.000 - chunk_state_support_anchor/enabled:1.000 - chunk_state_support_anchor/count:7.000 - chunk_state_support_anchor/candidate_start:1.000 - chunk_state_support_anchor/min_mass:0.031 - chunk_state_support_anchor/selection_mode_answer_stratified:0.000 - chunk_state_support_anchor/prefix_compat_enable:0.000 - chunk_state_support_anchor/prefix_compat_mode_hard:1.000 - chunk_state_support_anchor/prefix_compat_mode_soft:0.000 - chunk_state_support_anchor/prefix_compat_tokens:128.000 - chunk_state_support_anchor/min_prefix_match:0.750 - chunk_state_support_anchor/prefix_score_power:1.000 - chunk_state_support_anchor/skip_source:1.000 - chunk_state_support_anchor/injected_ratio:1.000 - chunk_state_support_anchor/state_keep_ratio:1.000 - chunk_state_support_anchor/skipped_no_anchor_ratio:0.000 - chunk_state_support_anchor/skipped_by_compat_ratio:0.000 - chunk_state_support_anchor/skipped_source_ratio:0.031 - chunk_state_support_anchor/score_mean:0.261 - chunk_state_support_anchor/positive_candidate_ratio:0.875 - chunk_state_support_anchor/prefix_match_mean:1.000 - chunk_state_support_anchor/prefix_match_min:1.000 - chunk_state_support_anchor/anchor_mass_mean:0.298 - chunk_state_support_anchor/anchor_mass_max:0.808 - chunk_state_support_anchor/anchor_len_mean:108.607 - chunk_state_support_anchor/unique_answer_ratio:0.732 - chunk_state_support_anchor/selected_rank_mean:3.000 - chunk_state_probe/skipped_for_support_flow:1.000 - chunk_state_support_flow/score_type_mass:0.000 - chunk_state_support_flow/score_type_soft_mass:0.000 - chunk_state_support_flow/score_type_gain:0.000 - chunk_state_support_flow/score_type_relative_gain:0.000 - chunk_state_support_flow/score_type_soft_relative_mass:0.000 - chunk_state_support_flow/score_type_softplus_gain:0.000 - chunk_state_support_flow/score_type_posterior_mass:1.000 - chunk_state_support_flow/score_type_posterior_gain:0.000 - chunk_state_support_flow/gain_slack:0.000 - chunk_state_support_flow/baseline_scale:1.000 - chunk_state_support_flow/source_prior_weight:1.000 - chunk_state_support_flow/min_positive_margin:0.000 - chunk_state_support_flow/softplus_temperature:0.125 - chunk_state_support_flow/split_mass_by_answer:0.000 - chunk_state_support_flow/answer_split_power:1.000 - chunk_state_support_flow/posterior_split_duplicates:0.000 - chunk_state_support_flow/answer_duplicate_ratio:0.000 - chunk_state_support_flow/posterior_answer_duplicate_ratio:0.268 - chunk_state_support_flow/raw_anchor_mass_mean:0.261 - chunk_state_support_flow/anchor_mass_mean:0.261 - chunk_state_support_flow/posterior_mass_mean:0.261 - chunk_state_support_flow/posterior_mass_max_mean:0.625 - chunk_state_support_flow/source_mass_mean:0.708 - chunk_state_support_flow/positive_margin_mean:-0.083 - chunk_state_support_flow/state_keep_ratio:1.000 - chunk_state_support_flow/score_mean:0.261 - chunk_state_support_flow/score_max_mean:0.625 - chunk_state_support_flow/label_consistent_ratio:0.875 - chunk_state_support_flow/raw_positive_ratio:0.261 - chunk_state_score/mode_majority_completion:0.000 - chunk_state_score/mode_answer_consensus:0.000 - chunk_state_score/mode_answer_distribution:0.000 - chunk_state_score/mode_answer_value_gain:0.000 - chunk_state_score/mode_answer_value_margin:0.000 - chunk_state_score/mode_answer_support_mass:0.000 - chunk_state_score/mode_future_support_gain:0.000 - chunk_state_score/mode_support_anchor:0.000 - chunk_state_score/mode_support_flow:1.000 - chunk_state_score/mode_answer_source_consistency:0.000 - chunk_state_diag/boundary_mean:512.000 - chunk_state_diag/boundary_min:512.000 - chunk_state_diag/boundary_max:512.000 - chunk_state_diag/boundary_zero_ratio:0.000 - chunk_state_diag/skipped_short_sources:0.000 - chunk_state_diag/skipped_support_sources:29.000 - chunk_state_diag/majority_consistent_fallbacks:2.000 - chunk_state_diag/support_low_fallbacks:0.000 - chunk_state_diag/real_state_count:3.000 - chunk_state_diag/pad_state_count:5.000 - chunk_state_diag/loss_weight_mean:0.375 - chunk_state_diag/source_response_len_mean:1347.250 - chunk_state_diag/probe_score_std:0.324 - chunk_state_diag/state_probe_mean_max:0.574 - chunk_state_diag/state_probe_mean_min:0.029 - chunk_state_diag/state_all_positive_ratio:0.000 - chunk_state_diag/state_all_negative_ratio:0.000 - chunk_state_diag/state_mixed_ratio:1.000 - chunk_state_diag/source_majority_consistent_mean:1.000 - chunk_state_diag/source_prompt_majority_ratio_mean:0.656 - chunk_state_diag/source_answer_mass_mean:0.708 - chunk_state_diag/source_answer_mass_min:0.656 - chunk_state_diag/source_prompt_top_mass_mean:0.708 - chunk_state_diag/source_prompt_top_mass_min:0.656 - chunk_state_diag/prompt_valid_answer_coverage_mean:0.930 - chunk_state_diag/prompt_answer_top_margin_mean:0.662 - chunk_state_diag/prompt_answer_entropy_mean:1.216 - chunk_state_diag/source_pseudo_acc_mean:0.875 - chunk_state_diag/source_original_acc_mean:1.000 - chunk_state_diag/prompt_pseudo_mean:0.605 - chunk_state_diag/prompt_original_mean:0.684 - chunk_state_diag/prompt_original_pass:1.000 - chunk_state_diag/probe_mean_source_original_correct:0.261 - chunk_state_diag/probe_mean_source_original_wrong:0.000 - chunk_state_diag/source_original_correct_ratio:1.000 - chunk_state_diag/jsonl_rows:8.000 - chunk_state/num_states:8.000 - chunk_state/real_states:3.000 - chunk_state/pad_states:5.000 - chunk_state/num_candidates:64.000 - chunk_state/num_actor_samples:24.000 - chunk_state/loss_weight_mean:1.000 - chunk_state/base_loss_weight_mean:0.375 - chunk_state/zeroed_state_ratio:0.625 - chunk_state/confidence_gate_ratio:1.000 - chunk_state/confidence_weight_mean:1.000 - chunk_state/min_state_positive_margin:-1.000 - chunk_state/future_support_keep_mode_hard:1.000 - chunk_state/future_support_keep_mode_soft:0.000 - chunk_state/future_support_keep_mode_off:0.000 - chunk_state/future_support_soft_weight_mean:1.000 - chunk_state/future_support_state_weight_mean:1.000 - chunk_state/future_support_soft_weight_floor:0.000 - chunk_state/future_support_keep_ratio:1.000 - chunk_state/source_quality_weight_mode_off:1.000 - chunk_state/source_quality_weight_mode_source_mass:0.000 - chunk_state/source_quality_weight_mode_prompt_top_mass:0.000 - chunk_state/source_quality_weight_mode_product:0.000 - chunk_state/source_quality_weight_mode_prompt_valid_answer_coverage:0.000 - chunk_state/source_quality_weight_mode_prompt_top_margin:0.000 - chunk_state/source_quality_weight_mode_coverage_margin_product:0.000 - chunk_state/source_quality_weight_mode_group_quality:0.000 - chunk_state/source_quality_weight_mean:1.000 - chunk_state/source_quality_weight_floor:0.000 - chunk_state/source_quality_weight_power:1.000 - chunk_state/source_quality_max_entropy:0.000 - chunk_state/source_answer_mass_mean:0.708 - chunk_state/source_prompt_top_mass_mean:0.708 - chunk_state/prompt_valid_answer_coverage_mean:0.930 - chunk_state/prompt_answer_top_margin_mean:0.662 - chunk_state/prompt_answer_entropy_mean:1.216 - chunk_state/majority_ratio_mean:0.708 - chunk_state/answer_coverage_mean:0.875 - chunk_state/answer_coverage_weighted_mean:0.875 - chunk_state/positive_margin_mean:-0.083 - chunk_state/positive_margin_weighted_mean:0.000 - chunk_state/positive_ratio:0.261 - chunk_state/label_consistent_only:0.000 - chunk_state/zero_inconsistent_candidates:0.000 - chunk_state/prune_zero_weight_samples:1.000 - chunk_state/prune_padded_to_shards:0.000 - chunk_state/pruned_sample_ratio:0.625 - chunk_state/label_consistent_ratio:0.875 - chunk_state/informative_ratio:1.000 - chunk_state/kept_state_ratio:1.000 - chunk_state/target_entropy:1.217 - chunk_state/target_prior_mean:1.000 - chunk_state/target_prior_max:1.000 - chunk_state/weight_max:0.927 - chunk_state/weight_min:0.001 - chunk_state/powerflow_weight_clip:4.000 - chunk_state/powerflow_weight_clip_renorm:1.000 - chunk_state/powerflow_weight_before_clip_max:7.418 - chunk_state/powerflow_weight_before_clip_mean:1.000 - chunk_state/powerflow_weight_mean:0.972 - chunk_state/powerflow_weight_max:4.000 - chunk_state/powerflow_weight_min:0.007 - chunk_state/boxed_reward_mean:0.368 - chunk_state/boxed_reward_weighted_mean:0.703 - chunk_state/actor_batch_powerflow_weight_nonzero_ratio:1.000 - chunk_state/actor_batch_powerflow_weight_shard0_mean:1.813 - chunk_state/actor_batch_powerflow_weight_shard0_nonzero_ratio:1.000 - chunk_state/actor_batch_powerflow_weight_shard_mean_low:0.482 - chunk_state/actor_batch_powerflow_weight_shard_mean_high:1.813 - chunk_state/actor_batch_powerflow_weight_zero_shard_ratio:0.000 - chunk_state_actor_span/mode_chunk:1.000 - chunk_state_actor_span/response_len_mean:111.031 - chunk_state_actor_span/truncated_ratio:0.000 - actor/pg_loss:1.122 - actor/powerflow_loss:1.122 - actor/log_prob:-1.561 - actor/old_log_prob:0.000 - actor/ref_log_prob:-1.560 - actor/ref_log_prob/std:0.000 - actor/boxed_reward/mean:0.244 - actor/boxed_reward/min:0.000 - actor/boxed_reward/max:0.700 - actor/powerflow_weight/mean:1.813 - actor/powerflow_weight/min:0.107 - actor/powerflow_weight/max:4.000 - actor/powerflow_weight/nonzero_ratio:1.000 - actor/powerflow_local_batch_size:1.000 - actor/log_z:-0.368 - actor/importance_weight:0.800 - actor/powerflow_chunk_loss_target_only:0.000 - actor/ppo_kl:1.561 - actor/ref_kl:0.001 - actor/beta_coef:4.000 - actor/cispo_mask_ratio:0.495 - actor/cispo_dropped_tokens:61.667 - actor/condition_1_count:0.000 - actor/condition_2_count:61.667 - actor/pg_clipfrac:0.000 - actor/pg_clipfrac_lower:0.000 - actor/grad_norm:9.263 - perf/mfu/actor:0.000 - perf/max_memory_allocated_gb:163.206 - perf/max_memory_reserved_gb:176.207 - perf/cpu_memory_used_gb:790.561 - actor/lr:0.000 - timing_s/generate_sequences:29.928 - timing_s/reshard:0.398 - timing_s/gen:43.566 - timing_s/chunk_state_make_states:0.019 - timing_s/chunk_state_chunks/generate_sequences:0.538 - timing_s/chunk_state_chunks/reshard:0.409 - timing_s/chunk_state_chunks:0.989 - timing_s/chunk_state_score:9.205 - timing_s/chunk_state_build_actor_batch:0.006 - timing_s/chunk_state_ref:4.298 - timing_s/update_actor:1.472 - timing_per_token_ms/gen:0.043 - timing_per_token_ms/update_actor:0.001[36m(TaskRunner pid=731283)[0m <string>:1: SymPyDeprecationWarning: 
[36m(TaskRunner pid=731283)[0m 
[36m(TaskRunner pid=731283)[0m Using non-Expr arguments in Pow is deprecated (in this case, one of the
[36m(TaskRunner pid=731283)[0m arguments is of type 'FiniteSet').
[36m(TaskRunner pid=731283)[0m 
[36m(TaskRunner pid=731283)[0m If you really did intend to construct a power with this base, use the **
[36m(TaskRunner pid=731283)[0m operator instead.
[36m(TaskRunner pid=731283)[0m 
[36m(TaskRunner pid=731283)[0m See https://docs.sympy.org/latest/explanation/active-deprecations.html#non-expr-args-deprecated
[36m(TaskRunner pid=731283)[0m for details.
[36m(TaskRunner pid=731283)[0m 
[36m(TaskRunner pid=731283)[0m This has been deprecated since SymPy version 1.7. It
[36m(TaskRunner pid=731283)[0m will be removed in a future version of SymPy.
[36m(TaskRunner pid=731283)[0m 
[36m(TaskRunner pid=731283)[0m /mlx_devbox/users/quyanyi/playground/.venvs/ttrl_b200/lib/python3.11/site-packages/sympy/core/power.py:1257: SymPyDeprecationWarning: 
[36m(TaskRunner pid=731283)[0m 
[36m(TaskRunner pid=731283)[0m Using non-Expr arguments in Pow is deprecated (in this case, one of the
[36m(TaskRunner pid=731283)[0m arguments is of type 'FiniteSet').
[36m(TaskRunner pid=731283)[0m 
[36m(TaskRunner pid=731283)[0m If you really did intend to construct a power with this base, use the **
[36m(TaskRunner pid=731283)[0m operator instead.
[36m(TaskRunner pid=731283)[0m 
[36m(TaskRunner pid=731283)[0m See https://docs.sympy.org/latest/explanation/active-deprecations.html#non-expr-args-deprecated
[36m(TaskRunner pid=731283)[0m for details.
[36m(TaskRunner pid=731283)[0m 
[36m(TaskRunner pid=731283)[0m This has been deprecated since SymPy version 1.7. It
[36m(TaskRunner pid=731283)[0m will be removed in a future version of SymPy.
[36m(TaskRunner pid=731283)[0m 
[36m(TaskRunner pid=731283)[0m   p = self.func(*self.as_base_exp())  # in case it's unevaluated
[36m(TaskRunner pid=731283)[0m <string>:1: SyntaxWarning: 'set' object is not callable; perhaps you missed a comma?
[36m(TaskRunner pid=731283)[0m <string>:1: SymPyDeprecationWarning: 
[36m(TaskRunner pid=731283)[0m 
[36m(TaskRunner pid=731283)[0m Using non-Expr arguments in Pow is deprecated (in this case, one of the
[36m(TaskRunner pid=731283)[0m arguments is of type 'FiniteSet').
[36m(TaskRunner pid=731283)[0m 
[36m(TaskRunner pid=731283)[0m If you really did intend to construct a power with this base, use the **
[36m(TaskRunner pid=731283)[0m operator instead.
[36m(TaskRunner pid=731283)[0m 
[36m(TaskRunner pid=731283)[0m See https://docs.sympy.org/latest/explanation/active-deprecations.html#non-expr-args-deprecated
[36m(TaskRunner pid=731283)[0m for details.
[36m(TaskRunner pid=731283)[0m 
[36m(TaskRunner pid=731283)[0m This has been deprecated since SymPy version 1.7. It
[36m(TaskRunner pid=731283)[0m will be removed in a future version of SymPy.
[36m(TaskRunner pid=731283)[0m 
[36m(TaskRunner pid=731283)[0m /mlx_devbox/users/quyanyi/playground/.venvs/ttrl_b200/lib/python3.11/site-packages/sympy/core/power.py:1257: SymPyDeprecationWarning: 
[36m(TaskRunner pid=731283)[0m 
[36m(TaskRunner pid=731283)[0m Using non-Expr arguments in Pow is deprecated (in this case, one of the
[36m(TaskRunner pid=731283)[0m arguments is of type 'FiniteSet').
[36m(TaskRunner pid=731283)[0m 
[36m(TaskRunner pid=731283)[0m If you really did intend to construct a power with this base, use the **
[36m(TaskRunner pid=731283)[0m operator instead.
[36m(TaskRunner pid=731283)[0m 
[36m(TaskRunner pid=731283)[0m See https://docs.sympy.org/latest/explanation/active-deprecations.html#non-expr-args-deprecated
[36m(TaskRunner pid=731283)[0m for details.
[36m(TaskRunner pid=731283)[0m 
[36m(TaskRunner pid=731283)[0m This has been deprecated since SymPy version 1.7. It
[36m(TaskRunner pid=731283)[0m will be removed in a future version of SymPy.
[36m(TaskRunner pid=731283)[0m 
[36m(TaskRunner pid=731283)[0m   p = self.func(*self.as_base_exp())  # in case it's unevaluated
[36m(TaskRunner pid=731283)[0m <string>:1: SymPyDeprecationWarning: 
[36m(TaskRunner pid=731283)[0m 
[36m(TaskRunner pid=731283)[0m Using non-Expr arguments in Pow is deprecated (in this case, one of the
[36m(TaskRunner pid=731283)[0m arguments is of type 'FiniteSet').
[36m(TaskRunner pid=731283)[0m 
[36m(TaskRunner pid=731283)[0m If you really did intend to construct a power with this base, use the **
[36m(TaskRunner pid=731283)[0m operator instead.
[36m(TaskRunner pid=731283)[0m 
[36m(TaskRunner pid=731283)[0m See https://docs.sympy.org/latest/explanation/active-deprecations.html#non-expr-args-deprecated
[36m(TaskRunner pid=731283)[0m for details.
[36m(TaskRunner pid=731283)[0m 
[36m(TaskRunner pid=731283)[0m This has been deprecated since SymPy version 1.7. It
[36m(TaskRunner pid=731283)[0m will be removed in a future version of SymPy.
[36m(TaskRunner pid=731283)[0m 
[36m(TaskRunner pid=731283)[0m /mlx_devbox/users/quyanyi/playground/.venvs/ttrl_b200/lib/python3.11/site-packages/sympy/core/power.py:1257: SymPyDeprecationWarning: 
[36m(TaskRunner pid=731283)[0m 
[36m(TaskRunner pid=731283)[0m Using non-Expr arguments in Pow is deprecated (in this case, one of the
[36m(TaskRunner pid=731283)[0m arguments is of type 'FiniteSet').
[36m(TaskRunner pid=731283)[0m 
[36m(TaskRunner pid=731283)[0m If you really did intend to construct a power with this base, use the **
[36m(TaskRunner pid=731283)[0m operator instead.
[36m(TaskRunner pid=731283)[0m 
[36m(TaskRunner pid=731283)[0m See https://docs.sympy.org/latest/explanation/active-deprecations.html#non-expr-args-deprecated
[36m(TaskRunner pid=731283)[0m for details.
[36m(TaskRunner pid=731283)[0m 
[36m(TaskRunner pid=731283)[0m This has been deprecated since SymPy version 1.7. It
[36m(TaskRunner pid=731283)[0m will be removed in a future version of SymPy.
[36m(TaskRunner pid=731283)[0m 
[36m(TaskRunner pid=731283)[0m   p = self.func(*self.as_base_exp())  # in case it's unevaluated
[36m(TaskRunner pid=731283)[0m <string>:1: SymPyDeprecationWarning: 
[36m(TaskRunner pid=731283)[0m 
[36m(TaskRunner pid=731283)[0m Using non-Expr arguments in Pow is deprecated (in this case, one of the
[36m(TaskRunner pid=731283)[0m arguments is of type 'FiniteSet').
[36m(TaskRunner pid=731283)[0m 
[36m(TaskRunner pid=731283)[0m If you really did intend to construct a power with this base, use the **
[36m(TaskRunner pid=731283)[0m operator instead.
[36m(TaskRunner pid=731283)[0m 
[36m(TaskRunner pid=731283)[0m See https://docs.sympy.org/latest/explanation/active-deprecations.html#non-expr-args-deprecated
[36m(TaskRunner pid=731283)[0m for details.
[36m(TaskRunner pid=731283)[0m 
[36m(TaskRunner pid=731283)[0m This has been deprecated since SymPy version 1.7. It
[36m(TaskRunner pid=731283)[0m will be removed in a future version of SymPy.
[36m(TaskRunner pid=731283)[0m 
[36m(TaskRunner pid=731283)[0m /mlx_devbox/users/quyanyi/playground/.venvs/ttrl_b200/lib/python3.11/site-packages/sympy/core/power.py:1257: SymPyDeprecationWarning: 
[36m(TaskRunner pid=731283)[0m 
[36m(TaskRunner pid=731283)[0m Using non-Expr arguments in Pow is deprecated (in this case, one of the
[36m(TaskRunner pid=731283)[0m arguments is of type 'FiniteSet').
[36m(TaskRunner pid=731283)[0m 
[36m(TaskRunner pid=731283)[0m If you really did intend to construct a power with this base, use the **
[36m(TaskRunner pid=731283)[0m operator instead.
[36m(TaskRunner pid=731283)[0m 
[36m(TaskRunner pid=731283)[0m See https://docs.sympy.org/latest/explanation/active-deprecations.html#non-expr-args-deprecated
[36m(TaskRunner pid=731283)[0m for details.
[36m(TaskRunner pid=731283)[0m 
[36m(TaskRunner pid=731283)[0m This has been deprecated since SymPy version 1.7. It
[36m(TaskRunner pid=731283)[0m will be removed in a future version of SymPy.
[36m(TaskRunner pid=731283)[0m 
[36m(TaskRunner pid=731283)[0m   p = self.func(*self.as_base_exp())  # in case it's unevaluated
[36m(TaskRunner pid=731283)[0m <string>:1: SymPyDeprecationWarning: 
[36m(TaskRunner pid=731283)[0m 
[36m(TaskRunner pid=731283)[0m Using non-Expr arguments in Pow is deprecated (in this case, one of the
[36m(TaskRunner pid=731283)[0m arguments is of type 'FiniteSet').
[36m(TaskRunner pid=731283)[0m 
[36m(TaskRunner pid=731283)[0m If you really did intend to construct a power with this base, use the **
[36m(TaskRunner pid=731283)[0m operator instead.
[36m(TaskRunner pid=731283)[0m 
[36m(TaskRunner pid=731283)[0m See https://docs.sympy.org/latest/explanation/active-deprecations.html#non-expr-args-deprecated
[36m(TaskRunner pid=731283)[0m for details.
[36m(TaskRunner pid=731283)[0m 
[36m(TaskRunner pid=731283)[0m This has been deprecated since SymPy version 1.7. It
[36m(TaskRunner pid=731283)[0m will be removed in a future version of SymPy.
[36m(TaskRunner pid=731283)[0m 
[36m(TaskRunner pid=731283)[0m <string>:1: SymPyDeprecationWarning: 
[36m(TaskRunner pid=731283)[0m 
[36m(TaskRunner pid=731283)[0m Using non-Expr arguments in Pow is deprecated (in this case, one of the
[36m(TaskRunner pid=731283)[0m arguments is of type 'FiniteSet').
[36m(TaskRunner pid=731283)[0m 
[36m(TaskRunner pid=731283)[0m If you really did intend to construct a power with this base, use the **
[36m(TaskRunner pid=731283)[0m operator instead.
[36m(TaskRunner pid=731283)[0m 
[36m(TaskRunner pid=731283)[0m See https://docs.sympy.org/latest/explanation/active-deprecations.html#non-expr-args-deprecated
[36m(TaskRunner pid=731283)[0m for details.
[36m(TaskRunner pid=731283)[0m 
[36m(TaskRunner pid=731283)[0m This has been deprecated since SymPy version 1.7. It
[36m(TaskRunner pid=731283)[0m will be removed in a future version of SymPy.
[36m(TaskRunner pid=731283)[0m 
[36m(TaskRunner pid=731283)[0m <string>:1: SymPyDeprecationWarning: 
[36m(TaskRunner pid=731283)[0m 
[36m(TaskRunner pid=731283)[0m Using non-Expr arguments in Pow is deprecated (in this case, one of the
[36m(TaskRunner pid=731283)[0m arguments is of type 'FiniteSet').
[36m(TaskRunner pid=731283)[0m 
[36m(TaskRunner pid=731283)[0m If you really did intend to construct a power with this base, use the **
[36m(TaskRunner pid=731283)[0m operator instead.
[36m(TaskRunner pid=731283)[0m 
[36m(TaskRunner pid=731283)[0m See https://docs.sympy.org/latest/explanation/active-deprecations.html#non-expr-args-deprecated
[36m(TaskRunner pid=731283)[0m for details.
[36m(TaskRunner pid=731283)[0m 
[36m(TaskRunner pid=731283)[0m This has been deprecated since SymPy version 1.7. It
[36m(TaskRunner pid=731283)[0m will be removed in a future version of SymPy.
[36m(TaskRunner pid=731283)[0m 
[36m(TaskRunner pid=731283)[0m <string>:1: SymPyDeprecationWarning: 
[36m(TaskRunner pid=731283)[0m 
[36m(TaskRunner pid=731283)[0m Using non-Expr arguments in Pow is deprecated (in this case, one of the
[36m(TaskRunner pid=731283)[0m arguments is of type 'FiniteSet').
[36m(TaskRunner pid=731283)[0m 
[36m(TaskRunner pid=731283)[0m If you really did intend to construct a power with this base, use the **
[36m(TaskRunner pid=731283)[0m operator instead.
[36m(TaskRunner pid=731283)[0m 
[36m(TaskRunner pid=731283)[0m See https://docs.sympy.org/latest/explanation/active-deprecations.html#non-expr-args-deprecated
[36m(TaskRunner pid=731283)[0m for details.
[36m(TaskRunner pid=731283)[0m 
[36m(TaskRunner pid=731283)[0m This has been deprecated since SymPy version 1.7. It
[36m(TaskRunner pid=731283)[0m will be removed in a future version of SymPy.
[36m(TaskRunner pid=731283)[0m 
[36m(TaskRunner pid=731283)[0m <string>:1: SymPyDeprecationWarning: 
[36m(TaskRunner pid=731283)[0m 
[36m(TaskRunner pid=731283)[0m Using non-Expr arguments in Pow is deprecated (in this case, one of the
[36m(TaskRunner pid=731283)[0m arguments is of type 'FiniteSet').
[36m(TaskRunner pid=731283)[0m 
[36m(TaskRunner pid=731283)[0m If you really did intend to construct a power with this base, use the **
[36m(TaskRunner pid=731283)[0m operator instead.
[36m(TaskRunner pid=731283)[0m 
[36m(TaskRunner pid=731283)[0m See https://docs.sympy.org/latest/explanation/active-deprecations.html#non-expr-args-deprecated
[36m(TaskRunner pid=731283)[0m for details.
[36m(TaskRunner pid=731283)[0m 
[36m(TaskRunner pid=731283)[0m This has been deprecated since SymPy version 1.7. It
[36m(TaskRunner pid=731283)[0m will be removed in a future version of SymPy.
[36m(TaskRunner pid=731283)[0m 
[36m(TaskRunner pid=731283)[0m <string>:1: SymPyDeprecationWarning: 
[36m(TaskRunner pid=731283)[0m 
[36m(TaskRunner pid=731283)[0m Using non-Expr arguments in Pow is deprecated (in this case, one of the
[36m(TaskRunner pid=731283)[0m arguments is of type 'FiniteSet').
[36m(TaskRunner pid=731283)[0m 
[36m(TaskRunner pid=731283)[0m If you really did intend to construct a power with this base, use the **
[36m(TaskRunner pid=731283)[0m operator instead.
[36m(TaskRunner pid=731283)[0m 
[36m(TaskRunner pid=731283)[0m See https://docs.sympy.org/latest/explanation/active-deprecations.html#non-expr-args-deprecated
[36m(TaskRunner pid=731283)[0m for details.
[36m(TaskRunner pid=731283)[0m 
[36m(TaskRunner pid=731283)[0m This has been deprecated since SymPy version 1.7. It
[36m(TaskRunner pid=731283)[0m will be removed in a future version of SymPy.
[36m(TaskRunner pid=731283)[0m 
[36m(TaskRunner pid=731283)[0m <string>:1: SymPyDeprecationWarning: 
[36m(TaskRunner pid=731283)[0m 
[36m(TaskRunner pid=731283)[0m Using non-Expr arguments in Pow is deprecated (in this case, one of the
[36m(TaskRunner pid=731283)[0m arguments is of type 'FiniteSet').
[36m(TaskRunner pid=731283)[0m 
[36m(TaskRunner pid=731283)[0m If you really did intend to construct a power with this base, use the **
[36m(TaskRunner pid=731283)[0m operator instead.
[36m(TaskRunner pid=731283)[0m 
[36m(TaskRunner pid=731283)[0m See https://docs.sympy.org/latest/explanation/active-deprecations.html#non-expr-args-deprecated
[36m(TaskRunner pid=731283)[0m for details.
[36m(TaskRunner pid=731283)[0m 
[36m(TaskRunner pid=731283)[0m This has been deprecated since SymPy version 1.7. It
[36m(TaskRunner pid=731283)[0m will be removed in a future version of SymPy.
[36m(TaskRunner pid=731283)[0m 
[36m(TaskRunner pid=731283)[0m <string>:1: SymPyDeprecationWarning: 
[36m(TaskRunner pid=731283)[0m 
[36m(TaskRunner pid=731283)[0m Using non-Expr arguments in Pow is deprecated (in this case, one of the
[36m(TaskRunner pid=731283)[0m arguments is of type 'FiniteSet').
[36m(TaskRunner pid=731283)[0m 
[36m(TaskRunner pid=731283)[0m If you really did intend to construct a power with this base, use the **
[36m(TaskRunner pid=731283)[0m operator instead.
[36m(TaskRunner pid=731283)[0m 
[36m(TaskRunner pid=731283)[0m See https://docs.sympy.org/latest/explanation/active-deprecations.html#non-expr-args-deprecated
[36m(TaskRunner pid=731283)[0m for details.
[36m(TaskRunner pid=731283)[0m 
[36m(TaskRunner pid=731283)[0m This has been deprecated since SymPy version 1.7. It
[36m(TaskRunner pid=731283)[0m will be removed in a future version of SymPy.
[36m(TaskRunner pid=731283)[0m 
[36m(TaskRunner pid=731283)[0m Training Progress:  10%|█         | 2/20 [02:27<20:32, 68.50s/it] 

[36m(TaskRunner pid=731283)[0m [Shutdown] 3 subprocess(es) terminated.
[36m(TaskRunner pid=731283)[0m [Shutdown] 50 subprocess(es) terminated.
[36m(TaskRunner pid=731283)[0m [Shutdown] 4 subprocess(es) terminated.
[36m(TaskRunner pid=731283)[0m step:2 - chunk_state_source/selected_original_acc_mean:1.000 - chunk_state_source/prompt_original_pass:0.875 - chunk_state_source/prompt_original_mean:0.347 - chunk_state_source/selected_majority_consistent_mean:1.000 - chunk_state_source/prompt_majority_ratio_mean:0.375 - chunk_state_source/prompt_majority_pass:1.000 - chunk_state_source_chunk/enabled:1.000 - chunk_state_source_chunk/injected_ratio:1.000 - chunk_state_source_chunk/mean_len:128.000 - chunk_state_source_chunk/candidate_index:0.000 - chunk_state_support_anchor/enabled:1.000 - chunk_state_support_anchor/count:7.000 - chunk_state_support_anchor/candidate_start:1.000 - chunk_state_support_anchor/min_mass:0.031 - chunk_state_support_anchor/selection_mode_answer_stratified:0.000 - chunk_state_support_anchor/prefix_compat_enable:0.000 - chunk_state_support_anchor/prefix_compat_mode_hard:1.000 - chunk_state_support_anchor/prefix_compat_mode_soft:0.000 - chunk_state_support_anchor/prefix_compat_tokens:128.000 - chunk_state_support_anchor/min_prefix_match:0.750 - chunk_state_support_anchor/prefix_score_power:1.000 - chunk_state_support_anchor/skip_source:1.000 - chunk_state_support_anchor/injected_ratio:0.714 - chunk_state_support_anchor/state_keep_ratio:1.000 - chunk_state_support_anchor/skipped_no_anchor_ratio:0.000 - chunk_state_support_anchor/skipped_by_compat_ratio:0.000 - chunk_state_support_anchor/skipped_source_ratio:0.031 - chunk_state_support_anchor/score_mean:0.115 - chunk_state_support_anchor/positive_candidate_ratio:0.625 - chunk_state_support_anchor/prefix_match_mean:1.000 - chunk_state_support_anchor/prefix_match_min:1.000 - chunk_state_support_anchor/anchor_mass_mean:0.185 - chunk_state_support_anchor/anchor_mass_max:0.615 - chunk_state_support_anchor/anchor_len_mean:121.000 - chunk_state_support_anchor/unique_answer_ratio:1.000 - chunk_state_support_anchor/selected_rank_mean:2.000 - chunk_state_probe/skipped_for_support_flow:1.000 - chunk_state_support_flow/score_type_mass:0.000 - chunk_state_support_flow/score_type_soft_mass:0.000 - chunk_state_support_flow/score_type_gain:0.000 - chunk_state_support_flow/score_type_relative_gain:0.000 - chunk_state_support_flow/score_type_soft_relative_mass:0.000 - chunk_state_support_flow/score_type_softplus_gain:0.000 - chunk_state_support_flow/score_type_posterior_mass:1.000 - chunk_state_support_flow/score_type_posterior_gain:0.000 - chunk_state_support_flow/gain_slack:0.000 - chunk_state_support_flow/baseline_scale:1.000 - chunk_state_support_flow/source_prior_weight:1.000 - chunk_state_support_flow/min_positive_margin:0.000 - chunk_state_support_flow/softplus_temperature:0.125 - chunk_state_support_flow/split_mass_by_answer:0.000 - chunk_state_support_flow/answer_split_power:1.000 - chunk_state_support_flow/posterior_split_duplicates:0.000 - chunk_state_support_flow/answer_duplicate_ratio:0.000 - chunk_state_support_flow/posterior_answer_duplicate_ratio:0.000 - chunk_state_support_flow/raw_anchor_mass_mean:0.115 - chunk_state_support_flow/anchor_mass_mean:0.115 - chunk_state_support_flow/posterior_mass_mean:0.115 - chunk_state_support_flow/posterior_mass_max_mean:0.615 - chunk_state_support_flow/source_mass_mean:0.615 - chunk_state_support_flow/positive_margin_mean:0.000 - chunk_state_support_flow/state_keep_ratio:1.000 - chunk_state_support_flow/score_mean:0.115 - chunk_state_support_flow/score_max_mean:0.615 - chunk_state_support_flow/label_consistent_ratio:0.625 - chunk_state_support_flow/raw_positive_ratio:0.115 - chunk_state_score/mode_majority_completion:0.000 - chunk_state_score/mode_answer_consensus:0.000 - chunk_state_score/mode_answer_distribution:0.000 - chunk_state_score/mode_answer_value_gain:0.000 - chunk_state_score/mode_answer_value_margin:0.000 - chunk_state_score/mode_answer_support_mass:0.000 - chunk_state_score/mode_future_support_gain:0.000 - chunk_state_score/mode_support_anchor:0.000 - chunk_state_score/mode_support_flow:1.000 - chunk_state_score/mode_answer_source_consistency:0.000 - chunk_state_diag/boundary_mean:1024.000 - chunk_state_diag/boundary_min:1024.000 - chunk_state_diag/boundary_max:1024.000 - chunk_state_diag/boundary_zero_ratio:0.000 - chunk_state_diag/skipped_short_sources:0.000 - chunk_state_diag/skipped_support_sources:31.000 - chunk_state_diag/majority_consistent_fallbacks:7.000 - chunk_state_diag/support_low_fallbacks:0.000 - chunk_state_diag/real_state_count:1.000 - chunk_state_diag/pad_state_count:7.000 - chunk_state_diag/loss_weight_mean:0.125 - chunk_state_diag/source_response_len_mean:2584.000 - chunk_state_diag/probe_score_std:0.198 - chunk_state_diag/state_probe_mean_max:0.115 - chunk_state_diag/state_probe_mean_min:0.115 - chunk_state_diag/state_all_positive_ratio:0.000 - chunk_state_diag/state_all_negative_ratio:0.000 - chunk_state_diag/state_mixed_ratio:1.000 - chunk_state_diag/source_majority_consistent_mean:1.000 - chunk_state_diag/source_prompt_majority_ratio_mean:0.500 - chunk_state_diag/source_answer_mass_mean:0.615 - chunk_state_diag/source_answer_mass_min:0.615 - chunk_state_diag/source_prompt_top_mass_mean:0.615 - chunk_state_diag/source_prompt_top_mass_min:0.615 - chunk_state_diag/prompt_valid_answer_coverage_mean:0.812 - chunk_state_diag/prompt_answer_top_margin_mean:0.423 - chunk_state_diag/prompt_answer_entropy_mean:1.242 - chunk_state_diag/source_pseudo_acc_mean:1.000 - chunk_state_diag/source_original_acc_mean:1.000 - chunk_state_diag/prompt_pseudo_mean:0.500 - chunk_state_diag/prompt_original_mean:0.500 - chunk_state_diag/prompt_original_pass:1.000 - chunk_state_diag/probe_mean_source_original_correct:0.115 - chunk_state_diag/probe_mean_source_original_wrong:0.000 - chunk_state_diag/source_original_correct_ratio:1.000 - chunk_state_diag/jsonl_rows:8.000 - chunk_state/num_states:8.000 - chunk_state/real_states:1.000 - chunk_state/pad_states:7.000 - chunk_state/num_candidates:64.000 - chunk_state/num_actor_samples:8.000 - chunk_state/loss_weight_mean:1.000 - chunk_state/base_loss_weight_mean:0.125 - chunk_state/zeroed_state_ratio:0.875 - chunk_state/confidence_gate_ratio:1.000 - chunk_state/confidence_weight_mean:1.000 - chunk_state/min_state_positive_margin:-1.000 - chunk_state/future_support_keep_mode_hard:1.000 - chunk_state/future_support_keep_mode_soft:0.000 - chunk_state/future_support_keep_mode_off:0.000 - chunk_state/future_support_soft_weight_mean:1.000 - chunk_state/future_support_state_weight_mean:1.000 - chunk_state/future_support_soft_weight_floor:0.000 - chunk_state/future_support_keep_ratio:1.000 - chunk_state/source_quality_weight_mode_off:1.000 - chunk_state/source_quality_weight_mode_source_mass:0.000 - chunk_state/source_quality_weight_mode_prompt_top_mass:0.000 - chunk_state/source_quality_weight_mode_product:0.000 - chunk_state/source_quality_weight_mode_prompt_valid_answer_coverage:0.000 - chunk_state/source_quality_weight_mode_prompt_top_margin:0.000 - chunk_state/source_quality_weight_mode_coverage_margin_product:0.000 - chunk_state/source_quality_weight_mode_group_quality:0.000 - chunk_state/source_quality_weight_mean:1.000 - chunk_state/source_quality_weight_floor:0.000 - chunk_state/source_quality_weight_power:1.000 - chunk_state/source_quality_max_entropy:0.000 - chunk_state/source_answer_mass_mean:0.615 - chunk_state/source_prompt_top_mass_mean:0.615 - chunk_state/prompt_valid_answer_coverage_mean:0.812 - chunk_state/prompt_answer_top_margin_mean:0.423 - chunk_state/prompt_answer_entropy_mean:1.242 - chunk_state/majority_ratio_mean:0.615 - chunk_state/answer_coverage_mean:0.625 - chunk_state/answer_coverage_weighted_mean:0.625 - chunk_state/positive_margin_mean:0.000 - chunk_state/positive_margin_weighted_mean:0.000 - chunk_state/positive_ratio:0.115 - chunk_state/label_consistent_only:0.000 - chunk_state/zero_inconsistent_candidates:0.000 - chunk_state/prune_zero_weight_samples:1.000 - chunk_state/prune_padded_to_shards:0.000 - chunk_state/pruned_sample_ratio:0.875 - chunk_state/label_consistent_ratio:0.625 - chunk_state/informative_ratio:1.000 - chunk_state/kept_state_ratio:1.000 - chunk_state/target_entropy:0.658 - chunk_state/target_prior_mean:1.000 - chunk_state/target_prior_max:1.000 - chunk_state/weight_max:0.832 - chunk_state/weight_min:0.005 - chunk_state/powerflow_weight_clip:4.000 - chunk_state/powerflow_weight_clip_renorm:1.000 - chunk_state/powerflow_weight_before_clip_max:6.652 - chunk_state/powerflow_weight_before_clip_mean:1.000 - chunk_state/powerflow_weight_mean:0.752 - chunk_state/powerflow_weight_max:4.000 - chunk_state/powerflow_weight_min:0.056 - chunk_state/boxed_reward_mean:0.115 - chunk_state/boxed_reward_weighted_mean:0.455 - chunk_state/actor_batch_powerflow_weight_nonzero_ratio:1.000 - chunk_state/actor_batch_powerflow_weight_shard0_mean:4.000 - chunk_state/actor_batch_powerflow_weight_shard0_nonzero_ratio:1.000 - chunk_state/actor_batch_powerflow_weight_shard_mean_low:0.056 - chunk_state/actor_batch_powerflow_weight_shard_mean_high:4.000 - chunk_state/actor_batch_powerflow_weight_zero_shard_ratio:0.000 - chunk_state_actor_span/mode_chunk:1.000 - chunk_state_actor_span/response_len_mean:123.625 - chunk_state_actor_span/truncated_ratio:0.000 - actor/pg_loss:0.297 - actor/powerflow_loss:0.297 - actor/log_prob:-1.462 - actor/old_log_prob:0.000 - actor/ref_log_prob:-1.456 - actor/ref_log_prob/std:0.000 - actor/boxed_reward/mean:0.615 - actor/boxed_reward/min:0.615 - actor/boxed_reward/max:0.615 - actor/powerflow_weight/mean:4.000 - actor/powerflow_weight/min:4.000 - actor/powerflow_weight/max:4.000 - actor/powerflow_weight/nonzero_ratio:1.000 - actor/powerflow_local_batch_size:1.000 - actor/log_z:-1.188 - actor/importance_weight:0.800 - actor/powerflow_chunk_loss_target_only:0.000 - actor/ppo_kl:1.462 - actor/ref_kl:0.006 - actor/beta_coef:4.000 - actor/cispo_mask_ratio:0.538 - actor/cispo_dropped_tokens:50.000 - actor/condition_1_count:0.000 - actor/condition_2_count:50.000 - actor/pg_clipfrac:0.000 - actor/pg_clipfrac_lower:0.000 - actor/grad_norm:0.085 - perf/mfu/actor:0.000 - perf/max_memory_allocated_gb:165.716 - perf/max_memory_reserved_gb:176.207 - perf/cpu_memory_used_gb:790.721 - actor/lr:0.000 - timing_s/generate_sequences:17.848 - timing_s/reshard:0.500 - timing_s/gen:23.511 - timing_s/chunk_state_make_states:0.018 - timing_s/chunk_state_chunks/generate_sequences:0.539 - timing_s/chunk_state_chunks/reshard:0.347 - timing_s/chunk_state_chunks:0.925 - timing_s/chunk_state_score:5.854 - timing_s/chunk_state_build_actor_batch:0.005 - timing_s/chunk_state_ref:0.160 - timing_s/update_actor:0.488 - timing_per_token_ms/gen:0.022 - timing_per_token_ms/update_actor:0.000[36m(TaskRunner pid=731283)[0m <string>:1: SymPyDeprecationWarning: 
[36m(TaskRunner pid=731283)[0m 
[36m(TaskRunner pid=731283)[0m Using non-Expr arguments in Pow is deprecated (in this case, one of the
[36m(TaskRunner pid=731283)[0m arguments is of type 'FiniteSet').
[36m(TaskRunner pid=731283)[0m 
[36m(TaskRunner pid=731283)[0m If you really did intend to construct a power with this base, use the **
[36m(TaskRunner pid=731283)[0m operator instead.
[36m(TaskRunner pid=731283)[0m 
[36m(TaskRunner pid=731283)[0m See https://docs.sympy.org/latest/explanation/active-deprecations.html#non-expr-args-deprecated
[36m(TaskRunner pid=731283)[0m for details.
[36m(TaskRunner pid=731283)[0m 
[36m(TaskRunner pid=731283)[0m This has been deprecated since SymPy version 1.7. It
[36m(TaskRunner pid=731283)[0m will be removed in a future version of SymPy.
[36m(TaskRunner pid=731283)[0m 
[36m(TaskRunner pid=731283)[0m <string>:1: SymPyDeprecationWarning: 
[36m(TaskRunner pid=731283)[0m 
[36m(TaskRunner pid=731283)[0m Using non-Expr arguments in Pow is deprecated (in this case, one of the
[36m(TaskRunner pid=731283)[0m arguments is of type 'FiniteSet').
[36m(TaskRunner pid=731283)[0m 
[36m(TaskRunner pid=731283)[0m If you really did intend to construct a power with this base, use the **
[36m(TaskRunner pid=731283)[0m operator instead.
[36m(TaskRunner pid=731283)[0m 
[36m(TaskRunner pid=731283)[0m See https://docs.sympy.org/latest/explanation/active-deprecations.html#non-expr-args-deprecated
[36m(TaskRunner pid=731283)[0m for details.
[36m(TaskRunner pid=731283)[0m 
[36m(TaskRunner pid=731283)[0m This has been deprecated since SymPy version 1.7. It
[36m(TaskRunner pid=731283)[0m will be removed in a future version of SymPy.
[36m(TaskRunner pid=731283)[0m 
[36m(TaskRunner pid=731283)[0m <string>:1: SymPyDeprecationWarning: 
[36m(TaskRunner pid=731283)[0m 
[36m(TaskRunner pid=731283)[0m Using non-Expr arguments in Pow is deprecated (in this case, one of the
[36m(TaskRunner pid=731283)[0m arguments is of type 'FiniteSet').
[36m(TaskRunner pid=731283)[0m 
[36m(TaskRunner pid=731283)[0m If you really did intend to construct a power with this base, use the **
[36m(TaskRunner pid=731283)[0m operator instead.
[36m(TaskRunner pid=731283)[0m 
[36m(TaskRunner pid=731283)[0m See https://docs.sympy.org/latest/explanation/active-deprecations.html#non-expr-args-deprecated
[36m(TaskRunner pid=731283)[0m for details.
[36m(TaskRunner pid=731283)[0m 
[36m(TaskRunner pid=731283)[0m This has been deprecated since SymPy version 1.7. It
[36m(TaskRunner pid=731283)[0m will be removed in a future version of SymPy.
[36m(TaskRunner pid=731283)[0m 
[36m(TaskRunner pid=731283)[0m /mlx_devbox/users/quyanyi/playground/.venvs/ttrl_b200/lib/python3.11/site-packages/sympy/core/exprtools.py:1237: SymPyDeprecationWarning: 
[36m(TaskRunner pid=731283)[0m 
[36m(TaskRunner pid=731283)[0m Using non-Expr arguments in Pow is deprecated (in this case, one of the
[36m(TaskRunner pid=731283)[0m arguments is of type 'FiniteSet').
[36m(TaskRunner pid=731283)[0m 
[36m(TaskRunner pid=731283)[0m If you really did intend to construct a power with this base, use the **
[36m(TaskRunner pid=731283)[0m operator instead.
[36m(TaskRunner pid=731283)[0m 
[36m(TaskRunner pid=731283)[0m See https://docs.sympy.org/latest/explanation/active-deprecations.html#non-expr-args-deprecated
[36m(TaskRunner pid=731283)[0m for details.
[36m(TaskRunner pid=731283)[0m 
[36m(TaskRunner pid=731283)[0m This has been deprecated since SymPy version 1.7. It
[36m(TaskRunner pid=731283)[0m will be removed in a future version of SymPy.
[36m(TaskRunner pid=731283)[0m 
[36m(TaskRunner pid=731283)[0m   return expr.func(*newargs)
[36m(TaskRunner pid=731283)[0m WARNING:2026-08-02 09:35:23,994:Timeout during comparison
[36m(TaskRunner pid=731283)[0m <string>:1: SymPyDeprecationWarning: 
[36m(TaskRunner pid=731283)[0m 
[36m(TaskRunner pid=731283)[0m Using non-Expr arguments in Pow is deprecated (in this case, one of the
[36m(TaskRunner pid=731283)[0m arguments is of type 'FiniteSet').
[36m(TaskRunner pid=731283)[0m 
[36m(TaskRunner pid=731283)[0m If you really did intend to construct a power with this base, use the **
[36m(TaskRunner pid=731283)[0m operator instead.
[36m(TaskRunner pid=731283)[0m 
[36m(TaskRunner pid=731283)[0m See https://docs.sympy.org/latest/explanation/active-deprecations.html#non-expr-args-deprecated
[36m(TaskRunner pid=731283)[0m for details.
[36m(TaskRunner pid=731283)[0m 
[36m(TaskRunner pid=731283)[0m This has been deprecated since SymPy version 1.7. It
[36m(TaskRunner pid=731283)[0m will be removed in a future version of SymPy.
[36m(TaskRunner pid=731283)[0m 
[36m(TaskRunner pid=731283)[0m <string>:1: SymPyDeprecationWarning: 
[36m(TaskRunner pid=731283)[0m 
[36m(TaskRunner pid=731283)[0m Using non-Expr arguments in Pow is deprecated (in this case, one of the
[36m(TaskRunner pid=731283)[0m arguments is of type 'FiniteSet').
[36m(TaskRunner pid=731283)[0m 
[36m(TaskRunner pid=731283)[0m If you really did intend to construct a power with this base, use the **
[36m(TaskRunner pid=731283)[0m operator instead.
[36m(TaskRunner pid=731283)[0m 
[36m(TaskRunner pid=731283)[0m See https://docs.sympy.org/latest/explanation/active-deprecations.html#non-expr-args-deprecated
[36m(TaskRunner pid=731283)[0m for details.
[36m(TaskRunner pid=731283)[0m 
[36m(TaskRunner pid=731283)[0m This has been deprecated since SymPy version 1.7. It
[36m(TaskRunner pid=731283)[0m will be removed in a future version of SymPy.
[36m(TaskRunner pid=731283)[0m 
[36m(TaskRunner pid=731283)[0m <string>:1: SymPyDeprecationWarning: 
[36m(TaskRunner pid=731283)[0m 
[36m(TaskRunner pid=731283)[0m Using non-Expr arguments in Pow is deprecated (in this case, one of the
[36m(TaskRunner pid=731283)[0m arguments is of type 'FiniteSet').
[36m(TaskRunner pid=731283)[0m 
[36m(TaskRunner pid=731283)[0m If you really did intend to construct a power with this base, use the **
[36m(TaskRunner pid=731283)[0m operator instead.
[36m(TaskRunner pid=731283)[0m 
[36m(TaskRunner pid=731283)[0m See https://docs.sympy.org/latest/explanation/active-deprecations.html#non-expr-args-deprecated
[36m(TaskRunner pid=731283)[0m for details.
[36m(TaskRunner pid=731283)[0m 
[36m(TaskRunner pid=731283)[0m This has been deprecated since SymPy version 1.7. It
[36m(TaskRunner pid=731283)[0m will be removed in a future version of SymPy.
[36m(TaskRunner pid=731283)[0m 
[36m(TaskRunner pid=731283)[0m WARNING:2026-08-02 09:35:37,675:Timeout during comparison
[36m(TaskRunner pid=731283)[0m WARNING:2026-08-02 09:35:41,458:Timeout during comparison
[36m(TaskRunner pid=731283)[0m Training Progress:  15%|█▌        | 3/20 [03:23<17:50, 62.96s/it]

[36m(TaskRunner pid=731283)[0m [Shutdown] 58 subprocess(es) terminated.
[36m(TaskRunner pid=731283)[0m [Shutdown] 7 subprocess(es) terminated.
[36m(TaskRunner pid=731283)[0m [Shutdown] 5 subprocess(es) terminated.
[36m(TaskRunner pid=731283)[0m step:3 - chunk_state_source/selected_original_acc_mean:1.000 - chunk_state_source/prompt_original_pass:0.938 - chunk_state_source/prompt_original_mean:0.329 - chunk_state_source/selected_majority_consistent_mean:1.000 - chunk_state_source/prompt_majority_ratio_mean:0.319 - chunk_state_source/prompt_majority_pass:1.000 - chunk_state_source_chunk/enabled:1.000 - chunk_state_source_chunk/injected_ratio:1.000 - chunk_state_source_chunk/mean_len:128.000 - chunk_state_source_chunk/candidate_index:0.000 - chunk_state_support_anchor/enabled:1.000 - chunk_state_support_anchor/count:7.000 - chunk_state_support_anchor/candidate_start:1.000 - chunk_state_support_anchor/min_mass:0.031 - chunk_state_support_anchor/selection_mode_answer_stratified:0.000 - chunk_state_support_anchor/prefix_compat_enable:0.000 - chunk_state_support_anchor/prefix_compat_mode_hard:1.000 - chunk_state_support_anchor/prefix_compat_mode_soft:0.000 - chunk_state_support_anchor/prefix_compat_tokens:128.000 - chunk_state_support_anchor/min_prefix_match:0.750 - chunk_state_support_anchor/prefix_score_power:1.000 - chunk_state_support_anchor/skip_source:1.000 - chunk_state_support_anchor/injected_ratio:1.000 - chunk_state_support_anchor/state_keep_ratio:1.000 - chunk_state_support_anchor/skipped_no_anchor_ratio:0.000 - chunk_state_support_anchor/skipped_by_compat_ratio:0.000 - chunk_state_support_anchor/skipped_source_ratio:0.031 - chunk_state_support_anchor/score_mean:0.223 - chunk_state_support_anchor/positive_candidate_ratio:0.875 - chunk_state_support_anchor/prefix_match_mean:1.000 - chunk_state_support_anchor/prefix_match_min:1.000 - chunk_state_support_anchor/anchor_mass_mean:0.255 - chunk_state_support_anchor/anchor_mass_max:0.680 - chunk_state_support_anchor/anchor_len_mean:125.911 - chunk_state_support_anchor/unique_answer_ratio:0.714 - chunk_state_support_anchor/selected_rank_mean:3.000 - chunk_state_probe/skipped_for_support_flow:1.000 - chunk_state_support_flow/score_type_mass:0.000 - chunk_state_support_flow/score_type_soft_mass:0.000 - chunk_state_support_flow/score_type_gain:0.000 - chunk_state_support_flow/score_type_relative_gain:0.000 - chunk_state_support_flow/score_type_soft_relative_mass:0.000 - chunk_state_support_flow/score_type_softplus_gain:0.000 - chunk_state_support_flow/score_type_posterior_mass:1.000 - chunk_state_support_flow/score_type_posterior_gain:0.000 - chunk_state_support_flow/gain_slack:0.000 - chunk_state_support_flow/baseline_scale:1.000 - chunk_state_support_flow/source_prior_weight:1.000 - chunk_state_support_flow/min_positive_margin:0.000 - chunk_state_support_flow/softplus_temperature:0.125 - chunk_state_support_flow/split_mass_by_answer:0.000 - chunk_state_support_flow/answer_split_power:1.000 - chunk_state_support_flow/posterior_split_duplicates:0.000 - chunk_state_support_flow/answer_duplicate_ratio:0.000 - chunk_state_support_flow/posterior_answer_duplicate_ratio:0.286 - chunk_state_support_flow/raw_anchor_mass_mean:0.223 - chunk_state_support_flow/anchor_mass_mean:0.223 - chunk_state_support_flow/posterior_mass_mean:0.223 - chunk_state_support_flow/posterior_mass_max_mean:0.518 - chunk_state_support_flow/source_mass_mean:0.668 - chunk_state_support_flow/positive_margin_mean:-0.150 - chunk_state_support_flow/state_keep_ratio:1.000 - chunk_state_support_flow/score_mean:0.223 - chunk_state_support_flow/score_max_mean:0.518 - chunk_state_support_flow/label_consistent_ratio:0.875 - chunk_state_support_flow/raw_positive_ratio:0.223 - chunk_state_score/mode_majority_completion:0.000 - chunk_state_score/mode_answer_consensus:0.000 - chunk_state_score/mode_answer_distribution:0.000 - chunk_state_score/mode_answer_value_gain:0.000 - chunk_state_score/mode_answer_value_margin:0.000 - chunk_state_score/mode_answer_support_mass:0.000 - chunk_state_score/mode_future_support_gain:0.000 - chunk_state_score/mode_support_anchor:0.000 - chunk_state_score/mode_support_flow:1.000 - chunk_state_score/mode_answer_source_consistency:0.000 - chunk_state_diag/boundary_mean:992.000 - chunk_state_diag/boundary_min:768.000 - chunk_state_diag/boundary_max:1024.000 - chunk_state_diag/boundary_zero_ratio:0.000 - chunk_state_diag/skipped_short_sources:0.000 - chunk_state_diag/skipped_support_sources:30.000 - chunk_state_diag/majority_consistent_fallbacks:4.000 - chunk_state_diag/support_low_fallbacks:0.000 - chunk_state_diag/real_state_count:2.000 - chunk_state_diag/pad_state_count:6.000 - chunk_state_diag/loss_weight_mean:0.250 - chunk_state_diag/source_response_len_mean:1451.250 - chunk_state_diag/probe_score_std:0.292 - chunk_state_diag/state_probe_mean_max:0.595 - chunk_state_diag/state_probe_mean_min:0.038 - chunk_state_diag/state_all_positive_ratio:0.000 - chunk_state_diag/state_all_negative_ratio:0.000 - chunk_state_diag/state_mixed_ratio:1.000 - chunk_state_diag/source_majority_consistent_mean:1.000 - chunk_state_diag/source_prompt_majority_ratio_mean:0.613 - chunk_state_diag/source_answer_mass_mean:0.668 - chunk_state_diag/source_answer_mass_min:0.667 - chunk_state_diag/source_prompt_top_mass_mean:0.668 - chunk_state_diag/source_prompt_top_mass_min:0.667 - chunk_state_diag/prompt_valid_answer_coverage_mean:0.918 - chunk_state_diag/prompt_answer_top_margin_mean:0.605 - chunk_state_diag/prompt_answer_entropy_mean:1.309 - chunk_state_diag/source_pseudo_acc_mean:1.000 - chunk_state_diag/source_original_acc_mean:1.000 - chunk_state_diag/prompt_pseudo_mean:0.613 - chunk_state_diag/prompt_original_mean:0.613 - chunk_state_diag/prompt_original_pass:1.000 - chunk_state_diag/probe_mean_source_original_correct:0.223 - chunk_state_diag/probe_mean_source_original_wrong:0.000 - chunk_state_diag/source_original_correct_ratio:1.000 - chunk_state_diag/jsonl_rows:8.000 - chunk_state/num_states:8.000 - chunk_state/real_states:2.000 - chunk_state/pad_states:6.000 - chunk_state/num_candidates:64.000 - chunk_state/num_actor_samples:16.000 - chunk_state/loss_weight_mean:1.000 - chunk_state/base_loss_weight_mean:0.250 - chunk_state/zeroed_state_ratio:0.750 - chunk_state/confidence_gate_ratio:1.000 - chunk_state/confidence_weight_mean:1.000 - chunk_state/min_state_positive_margin:-1.000 - chunk_state/future_support_keep_mode_hard:1.000 - chunk_state/future_support_keep_mode_soft:0.000 - chunk_state/future_support_keep_mode_off:0.000 - chunk_state/future_support_soft_weight_mean:1.000 - chunk_state/future_support_state_weight_mean:1.000 - chunk_state/future_support_soft_weight_floor:0.000 - chunk_state/future_support_keep_ratio:1.000 - chunk_state/source_quality_weight_mode_off:1.000 - chunk_state/source_quality_weight_mode_source_mass:0.000 - chunk_state/source_quality_weight_mode_prompt_top_mass:0.000 - chunk_state/source_quality_weight_mode_product:0.000 - chunk_state/source_quality_weight_mode_prompt_valid_answer_coverage:0.000 - chunk_state/source_quality_weight_mode_prompt_top_margin:0.000 - chunk_state/source_quality_weight_mode_coverage_margin_product:0.000 - chunk_state/source_quality_weight_mode_group_quality:0.000 - chunk_state/source_quality_weight_mean:1.000 - chunk_state/source_quality_weight_floor:0.000 - chunk_state/source_quality_weight_power:1.000 - chunk_state/source_quality_max_entropy:0.000 - chunk_state/source_answer_mass_mean:0.668 - chunk_state/source_prompt_top_mass_mean:0.668 - chunk_state/prompt_valid_answer_coverage_mean:0.918 - chunk_state/prompt_answer_top_margin_mean:0.605 - chunk_state/prompt_answer_entropy_mean:1.309 - chunk_state/majority_ratio_mean:0.668 - chunk_state/answer_coverage_mean:0.875 - chunk_state/answer_coverage_weighted_mean:0.875 - chunk_state/positive_margin_mean:-0.150 - chunk_state/positive_margin_weighted_mean:-0.300 - chunk_state/positive_ratio:0.223 - chunk_state/label_consistent_only:0.000 - chunk_state/zero_inconsistent_candidates:0.000 - chunk_state/prune_zero_weight_samples:1.000 - chunk_state/prune_padded_to_shards:0.000 - chunk_state/pruned_sample_ratio:0.750 - chunk_state/label_consistent_ratio:0.875 - chunk_state/informative_ratio:1.000 - chunk_state/kept_state_ratio:1.000 - chunk_state/target_entropy:1.365 - chunk_state/target_prior_mean:1.000 - chunk_state/target_prior_max:1.000 - chunk_state/weight_max:0.910 - chunk_state/weight_min:0.001 - chunk_state/powerflow_weight_clip:4.000 - chunk_state/powerflow_weight_clip_renorm:1.000 - chunk_state/powerflow_weight_before_clip_max:1.531 - chunk_state/powerflow_weight_before_clip_mean:1.000 - chunk_state/powerflow_weight_mean:1.000 - chunk_state/powerflow_weight_max:1.531 - chunk_state/powerflow_weight_min:0.005 - chunk_state/boxed_reward_mean:0.318 - chunk_state/boxed_reward_weighted_mean:0.365 - chunk_state/actor_batch_powerflow_weight_nonzero_ratio:1.000 - chunk_state/actor_batch_powerflow_weight_shard0_mean:1.337 - chunk_state/actor_batch_powerflow_weight_shard0_nonzero_ratio:1.000 - chunk_state/actor_batch_powerflow_weight_shard_mean_low:0.574 - chunk_state/actor_batch_powerflow_weight_shard_mean_high:1.337 - chunk_state/actor_batch_powerflow_weight_zero_shard_ratio:0.000 - chunk_state_actor_span/mode_chunk:1.000 - chunk_state_actor_span/response_len_mean:126.172 - chunk_state_actor_span/truncated_ratio:0.000 - actor/pg_loss:1.098 - actor/powerflow_loss:1.098 - actor/log_prob:-2.840 - actor/old_log_prob:0.000 - actor/ref_log_prob:-2.850 - actor/ref_log_prob/std:0.000 - actor/boxed_reward/mean:0.373 - actor/boxed_reward/min:0.067 - actor/boxed_reward/max:0.680 - actor/powerflow_weight/mean:1.337 - actor/powerflow_weight/min:1.142 - actor/powerflow_weight/max:1.531 - actor/powerflow_weight/nonzero_ratio:1.000 - actor/powerflow_local_batch_size:1.000 - actor/log_z:-1.193 - actor/importance_weight:0.800 - actor/powerflow_chunk_loss_target_only:0.000 - actor/ppo_kl:2.840 - actor/ref_kl:-0.010 - actor/beta_coef:4.000 - actor/cispo_mask_ratio:0.451 - actor/cispo_dropped_tokens:20.500 - actor/condition_1_count:0.000 - actor/condition_2_count:20.500 - actor/pg_clipfrac:0.000 - actor/pg_clipfrac_lower:0.000 - actor/grad_norm:5.294 - perf/mfu/actor:0.000 - perf/max_memory_allocated_gb:166.224 - perf/max_memory_reserved_gb:176.207 - perf/cpu_memory_used_gb:791.357 - actor/lr:0.000 - timing_s/generate_sequences:18.300 - timing_s/reshard:0.424 - timing_s/gen:33.253 - timing_s/chunk_state_make_states:0.018 - timing_s/chunk_state_chunks/generate_sequences:0.534 - timing_s/chunk_state_chunks/reshard:0.395 - timing_s/chunk_state_chunks:0.974 - timing_s/chunk_state_score:7.898 - timing_s/chunk_state_build_actor_batch:0.006 - timing_s/chunk_state_ref:0.412 - timing_s/update_actor:1.283 - timing_per_token_ms/gen:0.031 - timing_per_token_ms/update_actor:0.001[36m(TaskRunner pid=731283)[0m <string>:1: SymPyDeprecationWarning: 
[36m(TaskRunner pid=731283)[0m 
[36m(TaskRunner pid=731283)[0m Using non-Expr arguments in Pow is deprecated (in this case, one of the
[36m(TaskRunner pid=731283)[0m arguments is of type 'FiniteSet').
[36m(TaskRunner pid=731283)[0m 
[36m(TaskRunner pid=731283)[0m If you really did intend to construct a power with this base, use the **
[36m(TaskRunner pid=731283)[0m operator instead.
[36m(TaskRunner pid=731283)[0m 
[36m(TaskRunner pid=731283)[0m See https://docs.sympy.org/latest/explanation/active-deprecations.html#non-expr-args-deprecated
[36m(TaskRunner pid=731283)[0m for details.
[36m(TaskRunner pid=731283)[0m 
[36m(TaskRunner pid=731283)[0m This has been deprecated since SymPy version 1.7. It
[36m(TaskRunner pid=731283)[0m will be removed in a future version of SymPy.
[36m(TaskRunner pid=731283)[0m 
[36m(TaskRunner pid=731283)[0m <string>:1: SymPyDeprecationWarning: 
[36m(TaskRunner pid=731283)[0m 
[36m(TaskRunner pid=731283)[0m Using non-Expr arguments in Pow is deprecated (in this case, one of the
[36m(TaskRunner pid=731283)[0m arguments is of type 'FiniteSet').
[36m(TaskRunner pid=731283)[0m 
[36m(TaskRunner pid=731283)[0m If you really did intend to construct a power with this base, use the **
[36m(TaskRunner pid=731283)[0m operator instead.
[36m(TaskRunner pid=731283)[0m 
[36m(TaskRunner pid=731283)[0m See https://docs.sympy.org/latest/explanation/active-deprecations.html#non-expr-args-deprecated
[36m(TaskRunner pid=731283)[0m for details.
[36m(TaskRunner pid=731283)[0m 
[36m(TaskRunner pid=731283)[0m This has been deprecated since SymPy version 1.7. It
[36m(TaskRunner pid=731283)[0m will be removed in a future version of SymPy.
[36m(TaskRunner pid=731283)[0m 
[36m(TaskRunner pid=731283)[0m <string>:1: SymPyDeprecationWarning: 
[36m(TaskRunner pid=731283)[0m 
[36m(TaskRunner pid=731283)[0m Using non-Expr arguments in Pow is deprecated (in this case, one of the
[36m(TaskRunner pid=731283)[0m arguments is of type 'FiniteSet').
[36m(TaskRunner pid=731283)[0m 
[36m(TaskRunner pid=731283)[0m If you really did intend to construct a power with this base, use the **
[36m(TaskRunner pid=731283)[0m operator instead.
[36m(TaskRunner pid=731283)[0m 
[36m(TaskRunner pid=731283)[0m See https://docs.sympy.org/latest/explanation/active-deprecations.html#non-expr-args-deprecated
[36m(TaskRunner pid=731283)[0m for details.
[36m(TaskRunner pid=731283)[0m 
[36m(TaskRunner pid=731283)[0m This has been deprecated since SymPy version 1.7. It
[36m(TaskRunner pid=731283)[0m will be removed in a future version of SymPy.
[36m(TaskRunner pid=731283)[0m 
[36m(TaskRunner pid=731283)[0m <string>:1: SymPyDeprecationWarning: 
[36m(TaskRunner pid=731283)[0m 
[36m(TaskRunner pid=731283)[0m Using non-Expr arguments in Pow is deprecated (in this case, one of the
[36m(TaskRunner pid=731283)[0m arguments is of type 'FiniteSet').
[36m(TaskRunner pid=731283)[0m 
[36m(TaskRunner pid=731283)[0m If you really did intend to construct a power with this base, use the **
[36m(TaskRunner pid=731283)[0m operator instead.
[36m(TaskRunner pid=731283)[0m 
[36m(TaskRunner pid=731283)[0m See https://docs.sympy.org/latest/explanation/active-deprecations.html#non-expr-args-deprecated
[36m(TaskRunner pid=731283)[0m for details.
[36m(TaskRunner pid=731283)[0m 
[36m(TaskRunner pid=731283)[0m This has been deprecated since SymPy version 1.7. It
[36m(TaskRunner pid=731283)[0m will be removed in a future version of SymPy.
[36m(TaskRunner pid=731283)[0m 
[36m(TaskRunner pid=731283)[0m Training Progress:  20%|██        | 4/20 [04:09<15:00, 56.31s/it]

[36m(TaskRunner pid=731283)[0m [Shutdown] 4 subprocess(es) terminated.
[36m(TaskRunner pid=731283)[0m [Shutdown] 4 subprocess(es) terminated.
[36m(TaskRunner pid=731283)[0m [Shutdown] 6 subprocess(es) terminated.
[36m(TaskRunner pid=731283)[0m step:4 - chunk_state_source/selected_original_acc_mean:1.000 - chunk_state_source/prompt_original_pass:0.969 - chunk_state_source/prompt_original_mean:0.334 - chunk_state_source/selected_majority_consistent_mean:1.000 - chunk_state_source/prompt_majority_ratio_mean:0.362 - chunk_state_source/prompt_majority_pass:1.000 - chunk_state_source_chunk/enabled:1.000 - chunk_state_source_chunk/injected_ratio:1.000 - chunk_state_source_chunk/mean_len:128.000 - chunk_state_source_chunk/candidate_index:0.000 - chunk_state_support_anchor/enabled:1.000 - chunk_state_support_anchor/count:7.000 - chunk_state_support_anchor/candidate_start:1.000 - chunk_state_support_anchor/min_mass:0.031 - chunk_state_support_anchor/selection_mode_answer_stratified:0.000 - chunk_state_support_anchor/prefix_compat_enable:0.000 - chunk_state_support_anchor/prefix_compat_mode_hard:1.000 - chunk_state_support_anchor/prefix_compat_mode_soft:0.000 - chunk_state_support_anchor/prefix_compat_tokens:128.000 - chunk_state_support_anchor/min_prefix_match:0.750 - chunk_state_support_anchor/prefix_score_power:1.000 - chunk_state_support_anchor/skip_source:1.000 - chunk_state_support_anchor/injected_ratio:0.786 - chunk_state_support_anchor/state_keep_ratio:1.000 - chunk_state_support_anchor/skipped_no_anchor_ratio:0.000 - chunk_state_support_anchor/skipped_by_compat_ratio:0.000 - chunk_state_support_anchor/skipped_source_ratio:0.031 - chunk_state_support_anchor/score_mean:0.243 - chunk_state_support_anchor/positive_candidate_ratio:0.688 - chunk_state_support_anchor/prefix_match_mean:1.000 - chunk_state_support_anchor/prefix_match_min:1.000 - chunk_state_support_anchor/anchor_mass_mean:0.353 - chunk_state_support_anchor/anchor_mass_max:0.774 - chunk_state_support_anchor/anchor_len_mean:100.841 - chunk_state_support_anchor/unique_answer_ratio:0.786 - chunk_state_support_anchor/selected_rank_mean:2.318 - chunk_state_probe/skipped_for_support_flow:1.000 - chunk_state_support_flow/score_type_mass:0.000 - chunk_state_support_flow/score_type_soft_mass:0.000 - chunk_state_support_flow/score_type_gain:0.000 - chunk_state_support_flow/score_type_relative_gain:0.000 - chunk_state_support_flow/score_type_soft_relative_mass:0.000 - chunk_state_support_flow/score_type_softplus_gain:0.000 - chunk_state_support_flow/score_type_posterior_mass:1.000 - chunk_state_support_flow/score_type_posterior_gain:0.000 - chunk_state_support_flow/gain_slack:0.000 - chunk_state_support_flow/baseline_scale:1.000 - chunk_state_support_flow/source_prior_weight:1.000 - chunk_state_support_flow/min_positive_margin:0.000 - chunk_state_support_flow/softplus_temperature:0.125 - chunk_state_support_flow/split_mass_by_answer:0.000 - chunk_state_support_flow/answer_split_power:1.000 - chunk_state_support_flow/posterior_split_duplicates:0.000 - chunk_state_support_flow/answer_duplicate_ratio:0.000 - chunk_state_support_flow/posterior_answer_duplicate_ratio:0.214 - chunk_state_support_flow/raw_anchor_mass_mean:0.243 - chunk_state_support_flow/anchor_mass_mean:0.243 - chunk_state_support_flow/posterior_mass_mean:0.243 - chunk_state_support_flow/posterior_mass_max_mean:0.761 - chunk_state_support_flow/source_mass_mean:0.761 - chunk_state_support_flow/positive_margin_mean:0.000 - chunk_state_support_flow/state_keep_ratio:1.000 - chunk_state_support_flow/score_mean:0.243 - chunk_state_support_flow/score_max_mean:0.761 - chunk_state_support_flow/label_consistent_ratio:0.688 - chunk_state_support_flow/raw_positive_ratio:0.243 - chunk_state_score/mode_majority_completion:0.000 - chunk_state_score/mode_answer_consensus:0.000 - chunk_state_score/mode_answer_distribution:0.000 - chunk_state_score/mode_answer_value_gain:0.000 - chunk_state_score/mode_answer_value_margin:0.000 - chunk_state_score/mode_answer_support_mass:0.000 - chunk_state_score/mode_future_support_gain:0.000 - chunk_state_score/mode_support_anchor:0.000 - chunk_state_score/mode_support_flow:1.000 - chunk_state_score/mode_answer_source_consistency:0.000 - chunk_state_diag/boundary_mean:736.000 - chunk_state_diag/boundary_min:512.000 - chunk_state_diag/boundary_max:768.000 - chunk_state_diag/boundary_zero_ratio:0.000 - chunk_state_diag/skipped_short_sources:0.000 - chunk_state_diag/skipped_support_sources:29.000 - chunk_state_diag/majority_consistent_fallbacks:3.000 - chunk_state_diag/support_low_fallbacks:0.000 - chunk_state_diag/real_state_count:3.000 - chunk_state_diag/pad_state_count:5.000 - chunk_state_diag/loss_weight_mean:0.375 - chunk_state_diag/source_response_len_mean:1143.875 - chunk_state_diag/probe_score_std:0.334 - chunk_state_diag/state_probe_mean_max:0.642 - chunk_state_diag/state_probe_mean_min:0.113 - chunk_state_diag/state_all_positive_ratio:0.000 - chunk_state_diag/state_all_negative_ratio:0.000 - chunk_state_diag/state_mixed_ratio:1.000 - chunk_state_diag/source_majority_consistent_mean:1.000 - chunk_state_diag/source_prompt_majority_ratio_mean:0.734 - chunk_state_diag/source_answer_mass_mean:0.761 - chunk_state_diag/source_answer_mass_min:0.710 - chunk_state_diag/source_prompt_top_mass_mean:0.761 - chunk_state_diag/source_prompt_top_mass_min:0.710 - chunk_state_diag/prompt_valid_answer_coverage_mean:0.965 - chunk_state_diag/prompt_answer_top_margin_mean:0.729 - chunk_state_diag/prompt_answer_entropy_mean:1.027 - chunk_state_diag/source_pseudo_acc_mean:1.000 - chunk_state_diag/source_original_acc_mean:1.000 - chunk_state_diag/prompt_pseudo_mean:0.734 - chunk_state_diag/prompt_original_mean:0.734 - chunk_state_diag/prompt_original_pass:1.000 - chunk_state_diag/probe_mean_source_original_correct:0.243 - chunk_state_diag/probe_mean_source_original_wrong:0.000 - chunk_state_diag/source_original_correct_ratio:1.000 - chunk_state_diag/jsonl_rows:8.000 - chunk_state/num_states:8.000 - chunk_state/real_states:3.000 - chunk_state/pad_states:5.000 - chunk_state/num_candidates:64.000 - chunk_state/num_actor_samples:24.000 - chunk_state/loss_weight_mean:1.000 - chunk_state/base_loss_weight_mean:0.375 - chunk_state/zeroed_state_ratio:0.625 - chunk_state/confidence_gate_ratio:1.000 - chunk_state/confidence_weight_mean:1.000 - chunk_state/min_state_positive_margin:-1.000 - chunk_state/future_support_keep_mode_hard:1.000 - chunk_state/future_support_keep_mode_soft:0.000 - chunk_state/future_support_keep_mode_off:0.000 - chunk_state/future_support_soft_weight_mean:1.000 - chunk_state/future_support_state_weight_mean:1.000 - chunk_state/future_support_soft_weight_floor:0.000 - chunk_state/future_support_keep_ratio:1.000 - chunk_state/source_quality_weight_mode_off:1.000 - chunk_state/source_quality_weight_mode_source_mass:0.000 - chunk_state/source_quality_weight_mode_prompt_top_mass:0.000 - chunk_state/source_quality_weight_mode_product:0.000 - chunk_state/source_quality_weight_mode_prompt_valid_answer_coverage:0.000 - chunk_state/source_quality_weight_mode_prompt_top_margin:0.000 - chunk_state/source_quality_weight_mode_coverage_margin_product:0.000 - chunk_state/source_quality_weight_mode_group_quality:0.000 - chunk_state/source_quality_weight_mean:1.000 - chunk_state/source_quality_weight_floor:0.000 - chunk_state/source_quality_weight_power:1.000 - chunk_state/source_quality_max_entropy:0.000 - chunk_state/source_answer_mass_mean:0.761 - chunk_state/source_prompt_top_mass_mean:0.761 - chunk_state/prompt_valid_answer_coverage_mean:0.965 - chunk_state/prompt_answer_top_margin_mean:0.729 - chunk_state/prompt_answer_entropy_mean:1.027 - chunk_state/majority_ratio_mean:0.761 - chunk_state/answer_coverage_mean:0.688 - chunk_state/answer_coverage_weighted_mean:0.792 - chunk_state/positive_margin_mean:0.000 - chunk_state/positive_margin_weighted_mean:0.000 - chunk_state/positive_ratio:0.243 - chunk_state/label_consistent_only:0.000 - chunk_state/zero_inconsistent_candidates:0.000 - chunk_state/prune_zero_weight_samples:1.000 - chunk_state/prune_padded_to_shards:0.000 - chunk_state/pruned_sample_ratio:0.625 - chunk_state/label_consistent_ratio:0.688 - chunk_state/informative_ratio:1.000 - chunk_state/kept_state_ratio:1.000 - chunk_state/target_entropy:0.700 - chunk_state/target_prior_mean:1.000 - chunk_state/target_prior_max:1.000 - chunk_state/weight_max:0.952 - chunk_state/weight_min:0.001 - chunk_state/powerflow_weight_clip:4.000 - chunk_state/powerflow_weight_clip_renorm:1.000 - chunk_state/powerflow_weight_before_clip_max:7.613 - chunk_state/powerflow_weight_before_clip_mean:1.000 - chunk_state/powerflow_weight_mean:0.970 - chunk_state/powerflow_weight_max:4.000 - chunk_state/powerflow_weight_min:0.005 - chunk_state/boxed_reward_mean:0.459 - chunk_state/boxed_reward_weighted_mean:0.717 - chunk_state/actor_batch_powerflow_weight_nonzero_ratio:1.000 - chunk_state/actor_batch_powerflow_weight_shard0_mean:1.811 - chunk_state/actor_batch_powerflow_weight_shard0_nonzero_ratio:1.000 - chunk_state/actor_batch_powerflow_weight_shard_mean_low:0.480 - chunk_state/actor_batch_powerflow_weight_shard_mean_high:1.811 - chunk_state/actor_batch_powerflow_weight_zero_shard_ratio:0.000 - chunk_state_actor_span/mode_chunk:1.000 - chunk_state_actor_span/response_len_mean:109.328 - chunk_state_actor_span/truncated_ratio:0.000 - actor/pg_loss:0.102 - actor/powerflow_loss:0.102 - actor/log_prob:-3.182 - actor/old_log_prob:0.000 - actor/ref_log_prob:-3.163 - actor/ref_log_prob/std:0.000 - actor/boxed_reward/mean:0.237 - actor/boxed_reward/min:0.000 - actor/boxed_reward/max:0.710 - actor/powerflow_weight/mean:1.811 - actor/powerflow_weight/min:0.089 - actor/powerflow_weight/max:4.000 - actor/powerflow_weight/nonzero_ratio:1.000 - actor/powerflow_local_batch_size:1.000 - actor/log_z:-1.167 - actor/importance_weight:0.867 - actor/powerflow_chunk_loss_target_only:0.000 - actor/ppo_kl:3.182 - actor/ref_kl:0.018 - actor/beta_coef:4.000 - actor/cispo_mask_ratio:0.559 - actor/cispo_dropped_tokens:30.000 - actor/condition_1_count:0.000 - actor/condition_2_count:30.000 - actor/pg_clipfrac:0.000 - actor/pg_clipfrac_lower:0.000 - actor/grad_norm:10.797 - perf/mfu/actor:0.000 - perf/max_memory_allocated_gb:166.224 - perf/max_memory_reserved_gb:176.207 - perf/cpu_memory_used_gb:791.051 - actor/lr:0.000 - timing_s/generate_sequences:17.978 - timing_s/reshard:1.344 - timing_s/gen:24.050 - timing_s/chunk_state_make_states:0.020 - timing_s/chunk_state_chunks/generate_sequences:0.533 - timing_s/chunk_state_chunks/reshard:0.516 - timing_s/chunk_state_chunks:1.098 - timing_s/chunk_state_score:6.229 - timing_s/chunk_state_build_actor_batch:0.006 - timing_s/chunk_state_ref:0.351 - timing_s/update_actor:1.007 - timing_per_token_ms/gen:0.022 - timing_per_token_ms/update_actor:0.001[36m(TaskRunner pid=731283)[0m <string>:1: SymPyDeprecationWarning: 
[36m(TaskRunner pid=731283)[0m 
[36m(TaskRunner pid=731283)[0m Using non-Expr arguments in Pow is deprecated (in this case, one of the
[36m(TaskRunner pid=731283)[0m arguments is of type 'FiniteSet').
[36m(TaskRunner pid=731283)[0m 
[36m(TaskRunner pid=731283)[0m If you really did intend to construct a power with this base, use the **
[36m(TaskRunner pid=731283)[0m operator instead.
[36m(TaskRunner pid=731283)[0m 
[36m(TaskRunner pid=731283)[0m See https://docs.sympy.org/latest/explanation/active-deprecations.html#non-expr-args-deprecated
[36m(TaskRunner pid=731283)[0m for details.
[36m(TaskRunner pid=731283)[0m 
[36m(TaskRunner pid=731283)[0m This has been deprecated since SymPy version 1.7. It
[36m(TaskRunner pid=731283)[0m will be removed in a future version of SymPy.
[36m(TaskRunner pid=731283)[0m 
[36m(TaskRunner pid=731283)[0m <string>:1: SymPyDeprecationWarning: 
[36m(TaskRunner pid=731283)[0m 
[36m(TaskRunner pid=731283)[0m Using non-Expr arguments in Pow is deprecated (in this case, one of the
[36m(TaskRunner pid=731283)[0m arguments is of type 'FiniteSet').
[36m(TaskRunner pid=731283)[0m 
[36m(TaskRunner pid=731283)[0m If you really did intend to construct a power with this base, use the **
[36m(TaskRunner pid=731283)[0m operator instead.
[36m(TaskRunner pid=731283)[0m 
[36m(TaskRunner pid=731283)[0m See https://docs.sympy.org/latest/explanation/active-deprecations.html#non-expr-args-deprecated
[36m(TaskRunner pid=731283)[0m for details.
[36m(TaskRunner pid=731283)[0m 
[36m(TaskRunner pid=731283)[0m This has been deprecated since SymPy version 1.7. It
[36m(TaskRunner pid=731283)[0m will be removed in a future version of SymPy.
[36m(TaskRunner pid=731283)[0m 
[36m(TaskRunner pid=731283)[0m Training Progress:  25%|██▌       | 5/20 [04:50<12:41, 50.79s/it]

[36m(TaskRunner pid=731283)[0m [Shutdown] 4 subprocess(es) terminated.
[36m(TaskRunner pid=731283)[0m [Shutdown] 2 subprocess(es) terminated.
[36m(TaskRunner pid=731283)[0m [Shutdown] 5 subprocess(es) terminated.
[36m(TaskRunner pid=731283)[0m step:5 - chunk_state_source/selected_original_acc_mean:1.000 - chunk_state_source/prompt_original_pass:0.906 - chunk_state_source/prompt_original_mean:0.335 - chunk_state_source/selected_majority_consistent_mean:1.000 - chunk_state_source/prompt_majority_ratio_mean:0.354 - chunk_state_source/prompt_majority_pass:1.000 - chunk_state_source_chunk/enabled:1.000 - chunk_state_source_chunk/injected_ratio:1.000 - chunk_state_source_chunk/mean_len:128.000 - chunk_state_source_chunk/candidate_index:0.000 - chunk_state_support_anchor/enabled:1.000 - chunk_state_support_anchor/count:7.000 - chunk_state_support_anchor/candidate_start:1.000 - chunk_state_support_anchor/min_mass:0.031 - chunk_state_support_anchor/selection_mode_answer_stratified:0.000 - chunk_state_support_anchor/prefix_compat_enable:0.000 - chunk_state_support_anchor/prefix_compat_mode_hard:1.000 - chunk_state_support_anchor/prefix_compat_mode_soft:0.000 - chunk_state_support_anchor/prefix_compat_tokens:128.000 - chunk_state_support_anchor/min_prefix_match:0.750 - chunk_state_support_anchor/prefix_score_power:1.000 - chunk_state_support_anchor/skip_source:1.000 - chunk_state_support_anchor/injected_ratio:0.625 - chunk_state_support_anchor/state_keep_ratio:1.000 - chunk_state_support_anchor/skipped_no_anchor_ratio:0.000 - chunk_state_support_anchor/skipped_by_compat_ratio:0.000 - chunk_state_support_anchor/skipped_source_ratio:0.031 - chunk_state_support_anchor/score_mean:0.126 - chunk_state_support_anchor/positive_candidate_ratio:0.547 - chunk_state_support_anchor/prefix_match_mean:1.000 - chunk_state_support_anchor/prefix_match_min:1.000 - chunk_state_support_anchor/anchor_mass_mean:0.231 - chunk_state_support_anchor/anchor_mass_max:0.903 - chunk_state_support_anchor/anchor_len_mean:123.171 - chunk_state_support_anchor/unique_answer_ratio:0.893 - chunk_state_support_anchor/selected_rank_mean:1.800 - chunk_state_probe/skipped_for_support_flow:1.000 - chunk_state_support_flow/score_type_mass:0.000 - chunk_state_support_flow/score_type_soft_mass:0.000 - chunk_state_support_flow/score_type_gain:0.000 - chunk_state_support_flow/score_type_relative_gain:0.000 - chunk_state_support_flow/score_type_soft_relative_mass:0.000 - chunk_state_support_flow/score_type_softplus_gain:0.000 - chunk_state_support_flow/score_type_posterior_mass:1.000 - chunk_state_support_flow/score_type_posterior_gain:0.000 - chunk_state_support_flow/gain_slack:0.000 - chunk_state_support_flow/baseline_scale:1.000 - chunk_state_support_flow/source_prior_weight:1.000 - chunk_state_support_flow/min_positive_margin:0.000 - chunk_state_support_flow/softplus_temperature:0.125 - chunk_state_support_flow/split_mass_by_answer:0.000 - chunk_state_support_flow/answer_split_power:1.000 - chunk_state_support_flow/posterior_split_duplicates:0.000 - chunk_state_support_flow/answer_duplicate_ratio:0.000 - chunk_state_support_flow/posterior_answer_duplicate_ratio:0.107 - chunk_state_support_flow/raw_anchor_mass_mean:0.126 - chunk_state_support_flow/anchor_mass_mean:0.126 - chunk_state_support_flow/posterior_mass_mean:0.126 - chunk_state_support_flow/posterior_mass_max_mean:0.240 - chunk_state_support_flow/source_mass_mean:0.723 - chunk_state_support_flow/positive_margin_mean:-0.482 - chunk_state_support_flow/state_keep_ratio:1.000 - chunk_state_support_flow/score_mean:0.126 - chunk_state_support_flow/score_max_mean:0.240 - chunk_state_support_flow/label_consistent_ratio:0.547 - chunk_state_support_flow/raw_positive_ratio:0.126 - chunk_state_score/mode_majority_completion:0.000 - chunk_state_score/mode_answer_consensus:0.000 - chunk_state_score/mode_answer_distribution:0.000 - chunk_state_score/mode_answer_value_gain:0.000 - chunk_state_score/mode_answer_value_margin:0.000 - chunk_state_score/mode_answer_support_mass:0.000 - chunk_state_score/mode_future_support_gain:0.000 - chunk_state_score/mode_support_anchor:0.000 - chunk_state_score/mode_support_flow:1.000 - chunk_state_score/mode_answer_source_consistency:0.000 - chunk_state_diag/boundary_mean:960.000 - chunk_state_diag/boundary_min:512.000 - chunk_state_diag/boundary_max:1024.000 - chunk_state_diag/boundary_zero_ratio:0.000 - chunk_state_diag/skipped_short_sources:0.000 - chunk_state_diag/skipped_support_sources:29.000 - chunk_state_diag/majority_consistent_fallbacks:2.000 - chunk_state_diag/support_low_fallbacks:0.000 - chunk_state_diag/real_state_count:3.000 - chunk_state_diag/pad_state_count:5.000 - chunk_state_diag/loss_weight_mean:0.375 - chunk_state_diag/source_response_len_mean:1684.750 - chunk_state_diag/probe_score_std:0.290 - chunk_state_diag/state_probe_mean_max:0.790 - chunk_state_diag/state_probe_mean_min:0.018 - chunk_state_diag/state_all_positive_ratio:0.000 - chunk_state_diag/state_all_negative_ratio:0.000 - chunk_state_diag/state_mixed_ratio:1.000 - chunk_state_diag/source_majority_consistent_mean:1.000 - chunk_state_diag/source_prompt_majority_ratio_mean:0.652 - chunk_state_diag/source_answer_mass_mean:0.723 - chunk_state_diag/source_answer_mass_min:0.679 - chunk_state_diag/source_prompt_top_mass_mean:0.723 - chunk_state_diag/source_prompt_top_mass_min:0.679 - chunk_state_diag/prompt_valid_answer_coverage_mean:0.898 - chunk_state_diag/prompt_answer_top_margin_mean:0.688 - chunk_state_diag/prompt_answer_entropy_mean:1.158 - chunk_state_diag/source_pseudo_acc_mean:0.875 - chunk_state_diag/source_original_acc_mean:1.000 - chunk_state_diag/prompt_pseudo_mean:0.543 - chunk_state_diag/prompt_original_mean:0.652 - chunk_state_diag/prompt_original_pass:1.000 - chunk_state_diag/probe_mean_source_original_correct:0.126 - chunk_state_diag/probe_mean_source_original_wrong:0.000 - chunk_state_diag/source_original_correct_ratio:1.000 - chunk_state_diag/jsonl_rows:8.000 - chunk_state/num_states:8.000 - chunk_state/real_states:3.000 - chunk_state/pad_states:5.000 - chunk_state/num_candidates:64.000 - chunk_state/num_actor_samples:24.000 - chunk_state/loss_weight_mean:1.000 - chunk_state/base_loss_weight_mean:0.375 - chunk_state/zeroed_state_ratio:0.625 - chunk_state/confidence_gate_ratio:1.000 - chunk_state/confidence_weight_mean:1.000 - chunk_state/min_state_positive_margin:-1.000 - chunk_state/future_support_keep_mode_hard:1.000 - chunk_state/future_support_keep_mode_soft:0.000 - chunk_state/future_support_keep_mode_off:0.000 - chunk_state/future_support_soft_weight_mean:1.000 - chunk_state/future_support_state_weight_mean:1.000 - chunk_state/future_support_soft_weight_floor:0.000 - chunk_state/future_support_keep_ratio:1.000 - chunk_state/source_quality_weight_mode_off:1.000 - chunk_state/source_quality_weight_mode_source_mass:0.000 - chunk_state/source_quality_weight_mode_prompt_top_mass:0.000 - chunk_state/source_quality_weight_mode_product:0.000 - chunk_state/source_quality_weight_mode_prompt_valid_answer_coverage:0.000 - chunk_state/source_quality_weight_mode_prompt_top_margin:0.000 - chunk_state/source_quality_weight_mode_coverage_margin_product:0.000 - chunk_state/source_quality_weight_mode_group_quality:0.000 - chunk_state/source_quality_weight_mean:1.000 - chunk_state/source_quality_weight_floor:0.000 - chunk_state/source_quality_weight_power:1.000 - chunk_state/source_quality_max_entropy:0.000 - chunk_state/source_answer_mass_mean:0.723 - chunk_state/source_prompt_top_mass_mean:0.723 - chunk_state/prompt_valid_answer_coverage_mean:0.898 - chunk_state/prompt_answer_top_margin_mean:0.688 - chunk_state/prompt_answer_entropy_mean:1.158 - chunk_state/majority_ratio_mean:0.723 - chunk_state/answer_coverage_mean:0.547 - chunk_state/answer_coverage_weighted_mean:0.625 - chunk_state/positive_margin_mean:-0.482 - chunk_state/positive_margin_weighted_mean:-0.214 - chunk_state/positive_ratio:0.126 - chunk_state/label_consistent_only:0.000 - chunk_state/zero_inconsistent_candidates:0.000 - chunk_state/prune_zero_weight_samples:1.000 - chunk_state/prune_padded_to_shards:0.000 - chunk_state/pruned_sample_ratio:0.625 - chunk_state/label_consistent_ratio:0.547 - chunk_state/informative_ratio:1.000 - chunk_state/kept_state_ratio:1.000 - chunk_state/target_entropy:1.738 - chunk_state/target_prior_mean:1.000 - chunk_state/target_prior_max:1.000 - chunk_state/weight_max:0.960 - chunk_state/weight_min:0.000 - chunk_state/powerflow_weight_clip:4.000 - chunk_state/powerflow_weight_clip_renorm:1.000 - chunk_state/powerflow_weight_before_clip_max:7.683 - chunk_state/powerflow_weight_before_clip_mean:1.000 - chunk_state/powerflow_weight_mean:0.970 - chunk_state/powerflow_weight_max:4.000 - chunk_state/powerflow_weight_min:0.004 - chunk_state/boxed_reward_mean:0.307 - chunk_state/boxed_reward_weighted_mean:0.516 - chunk_state/actor_batch_powerflow_weight_nonzero_ratio:1.000 - chunk_state/actor_batch_powerflow_weight_shard0_mean:1.811 - chunk_state/actor_batch_powerflow_weight_shard0_nonzero_ratio:1.000 - chunk_state/actor_batch_powerflow_weight_shard_mean_low:0.651 - chunk_state/actor_batch_powerflow_weight_shard_mean_high:1.811 - chunk_state/actor_batch_powerflow_weight_zero_shard_ratio:0.000 - chunk_state_actor_span/mode_chunk:1.000 - chunk_state_actor_span/response_len_mean:119.125 - chunk_state_actor_span/truncated_ratio:0.000 - actor/pg_loss:1.680 - actor/powerflow_loss:1.680 - actor/log_prob:-1.459 - actor/old_log_prob:0.000 - actor/ref_log_prob:-1.455 - actor/ref_log_prob/std:0.000 - actor/boxed_reward/mean:0.581 - actor/boxed_reward/min:0.032 - actor/boxed_reward/max:0.903 - actor/powerflow_weight/mean:1.811 - actor/powerflow_weight/min:0.084 - actor/powerflow_weight/max:4.000 - actor/powerflow_weight/nonzero_ratio:1.000 - actor/powerflow_local_batch_size:1.000 - actor/log_z:-1.523 - actor/importance_weight:0.800 - actor/powerflow_chunk_loss_target_only:0.000 - actor/ppo_kl:1.459 - actor/ref_kl:0.004 - actor/beta_coef:4.000 - actor/cispo_mask_ratio:0.560 - actor/cispo_dropped_tokens:71.667 - actor/condition_1_count:0.000 - actor/condition_2_count:71.667 - actor/pg_clipfrac:0.000 - actor/pg_clipfrac_lower:0.000 - actor/grad_norm:14.250 - perf/mfu/actor:0.000 - perf/max_memory_allocated_gb:166.224 - perf/max_memory_reserved_gb:176.207 - perf/cpu_memory_used_gb:791.286 - actor/lr:0.000 - timing_s/generate_sequences:17.511 - timing_s/reshard:0.508 - timing_s/gen:22.686 - timing_s/chunk_state_make_states:0.020 - timing_s/chunk_state_chunks/generate_sequences:0.536 - timing_s/chunk_state_chunks/reshard:0.387 - timing_s/chunk_state_chunks:0.971 - timing_s/chunk_state_score:6.000 - timing_s/chunk_state_build_actor_batch:0.006 - timing_s/chunk_state_ref:0.367 - timing_s/update_actor:1.117 - timing_per_token_ms/gen:0.023 - timing_per_token_ms/update_actor:0.001[36m(TaskRunner pid=731283)[0m Training Progress:  30%|███       | 6/20 [05:31<11:06, 47.61s/it]

[36m(TaskRunner pid=731283)[0m [Shutdown] 3 subprocess(es) terminated.
[36m(TaskRunner pid=731283)[0m [Shutdown] 3 subprocess(es) terminated.
[36m(TaskRunner pid=731283)[0m [Shutdown] 3 subprocess(es) terminated.
[36m(TaskRunner pid=731283)[0m step:6 - chunk_state_source/selected_original_acc_mean:1.000 - chunk_state_source/prompt_original_pass:0.969 - chunk_state_source/prompt_original_mean:0.303 - chunk_state_source/selected_majority_consistent_mean:1.000 - chunk_state_source/prompt_majority_ratio_mean:0.327 - chunk_state_source/prompt_majority_pass:1.000 - chunk_state_source_chunk/enabled:1.000 - chunk_state_source_chunk/injected_ratio:1.000 - chunk_state_source_chunk/mean_len:128.000 - chunk_state_source_chunk/candidate_index:0.000 - chunk_state_support_anchor/enabled:1.000 - chunk_state_support_anchor/count:7.000 - chunk_state_support_anchor/candidate_start:1.000 - chunk_state_support_anchor/min_mass:0.031 - chunk_state_support_anchor/selection_mode_answer_stratified:0.000 - chunk_state_support_anchor/prefix_compat_enable:0.000 - chunk_state_support_anchor/prefix_compat_mode_hard:1.000 - chunk_state_support_anchor/prefix_compat_mode_soft:0.000 - chunk_state_support_anchor/prefix_compat_tokens:128.000 - chunk_state_support_anchor/min_prefix_match:0.750 - chunk_state_support_anchor/prefix_score_power:1.000 - chunk_state_support_anchor/skip_source:1.000 - chunk_state_support_anchor/injected_ratio:0.643 - chunk_state_support_anchor/state_keep_ratio:1.000 - chunk_state_support_anchor/skipped_no_anchor_ratio:0.000 - chunk_state_support_anchor/skipped_by_compat_ratio:0.000 - chunk_state_support_anchor/skipped_source_ratio:0.031 - chunk_state_support_anchor/score_mean:0.090 - chunk_state_support_anchor/positive_candidate_ratio:0.562 - chunk_state_support_anchor/prefix_match_mean:1.000 - chunk_state_support_anchor/prefix_match_min:1.000 - chunk_state_support_anchor/anchor_mass_mean:0.160 - chunk_state_support_anchor/anchor_mass_max:0.862 - chunk_state_support_anchor/anchor_len_mean:109.056 - chunk_state_support_anchor/unique_answer_ratio:0.975 - chunk_state_support_anchor/selected_rank_mean:1.944 - chunk_state_probe/skipped_for_support_flow:1.000 - chunk_state_support_flow/score_type_mass:0.000 - chunk_state_support_flow/score_type_soft_mass:0.000 - chunk_state_support_flow/score_type_gain:0.000 - chunk_state_support_flow/score_type_relative_gain:0.000 - chunk_state_support_flow/score_type_soft_relative_mass:0.000 - chunk_state_support_flow/score_type_softplus_gain:0.000 - chunk_state_support_flow/score_type_posterior_mass:1.000 - chunk_state_support_flow/score_type_posterior_gain:0.000 - chunk_state_support_flow/gain_slack:0.000 - chunk_state_support_flow/baseline_scale:1.000 - chunk_state_support_flow/source_prior_weight:1.000 - chunk_state_support_flow/min_positive_margin:0.000 - chunk_state_support_flow/softplus_temperature:0.125 - chunk_state_support_flow/split_mass_by_answer:0.000 - chunk_state_support_flow/answer_split_power:1.000 - chunk_state_support_flow/posterior_split_duplicates:0.000 - chunk_state_support_flow/answer_duplicate_ratio:0.000 - chunk_state_support_flow/posterior_answer_duplicate_ratio:0.025 - chunk_state_support_flow/raw_anchor_mass_mean:0.090 - chunk_state_support_flow/anchor_mass_mean:0.090 - chunk_state_support_flow/posterior_mass_mean:0.087 - chunk_state_support_flow/posterior_mass_max_mean:0.591 - chunk_state_support_flow/source_mass_mean:0.739 - chunk_state_support_flow/positive_margin_mean:-0.148 - chunk_state_support_flow/state_keep_ratio:1.000 - chunk_state_support_flow/score_mean:0.087 - chunk_state_support_flow/score_max_mean:0.591 - chunk_state_support_flow/label_consistent_ratio:0.484 - chunk_state_support_flow/raw_positive_ratio:0.087 - chunk_state_score/mode_majority_completion:0.000 - chunk_state_score/mode_answer_consensus:0.000 - chunk_state_score/mode_answer_distribution:0.000 - chunk_state_score/mode_answer_value_gain:0.000 - chunk_state_score/mode_answer_value_margin:0.000 - chunk_state_score/mode_answer_support_mass:0.000 - chunk_state_score/mode_future_support_gain:0.000 - chunk_state_score/mode_support_anchor:0.000 - chunk_state_score/mode_support_flow:1.000 - chunk_state_score/mode_answer_source_consistency:0.000 - chunk_state_diag/boundary_mean:768.000 - chunk_state_diag/boundary_min:512.000 - chunk_state_diag/boundary_max:1024.000 - chunk_state_diag/boundary_zero_ratio:0.000 - chunk_state_diag/skipped_short_sources:0.000 - chunk_state_diag/skipped_support_sources:28.000 - chunk_state_diag/majority_consistent_fallbacks:0.000 - chunk_state_diag/support_low_fallbacks:0.000 - chunk_state_diag/real_state_count:4.000 - chunk_state_diag/pad_state_count:4.000 - chunk_state_diag/loss_weight_mean:0.500 - chunk_state_diag/source_response_len_mean:1269.000 - chunk_state_diag/probe_score_std:0.223 - chunk_state_diag/state_probe_mean_max:0.134 - chunk_state_diag/state_probe_mean_min:0.005 - chunk_state_diag/state_all_positive_ratio:0.000 - chunk_state_diag/state_all_negative_ratio:0.000 - chunk_state_diag/state_mixed_ratio:1.000 - chunk_state_diag/source_majority_consistent_mean:1.000 - chunk_state_diag/source_prompt_majority_ratio_mean:0.660 - chunk_state_diag/source_answer_mass_mean:0.739 - chunk_state_diag/source_answer_mass_min:0.600 - chunk_state_diag/source_prompt_top_mass_mean:0.739 - chunk_state_diag/source_prompt_top_mass_min:0.600 - chunk_state_diag/prompt_valid_answer_coverage_mean:0.891 - chunk_state_diag/prompt_answer_top_margin_mean:0.680 - chunk_state_diag/prompt_answer_entropy_mean:1.052 - chunk_state_diag/source_pseudo_acc_mean:1.000 - chunk_state_diag/source_original_acc_mean:1.000 - chunk_state_diag/prompt_pseudo_mean:0.660 - chunk_state_diag/prompt_original_mean:0.660 - chunk_state_diag/prompt_original_pass:1.000 - chunk_state_diag/probe_mean_source_original_correct:0.087 - chunk_state_diag/probe_mean_source_original_wrong:0.000 - chunk_state_diag/source_original_correct_ratio:1.000 - chunk_state_diag/jsonl_rows:8.000 - chunk_state/num_states:8.000 - chunk_state/real_states:4.000 - chunk_state/pad_states:4.000 - chunk_state/num_candidates:64.000 - chunk_state/num_actor_samples:32.000 - chunk_state/loss_weight_mean:1.000 - chunk_state/base_loss_weight_mean:0.500 - chunk_state/zeroed_state_ratio:0.500 - chunk_state/confidence_gate_ratio:1.000 - chunk_state/confidence_weight_mean:1.000 - chunk_state/min_state_positive_margin:-1.000 - chunk_state/future_support_keep_mode_hard:1.000 - chunk_state/future_support_keep_mode_soft:0.000 - chunk_state/future_support_keep_mode_off:0.000 - chunk_state/future_support_soft_weight_mean:1.000 - chunk_state/future_support_state_weight_mean:1.000 - chunk_state/future_support_soft_weight_floor:0.000 - chunk_state/future_support_keep_ratio:1.000 - chunk_state/source_quality_weight_mode_off:1.000 - chunk_state/source_quality_weight_mode_source_mass:0.000 - chunk_state/source_quality_weight_mode_prompt_top_mass:0.000 - chunk_state/source_quality_weight_mode_product:0.000 - chunk_state/source_quality_weight_mode_prompt_valid_answer_coverage:0.000 - chunk_state/source_quality_weight_mode_prompt_top_margin:0.000 - chunk_state/source_quality_weight_mode_coverage_margin_product:0.000 - chunk_state/source_quality_weight_mode_group_quality:0.000 - chunk_state/source_quality_weight_mean:1.000 - chunk_state/source_quality_weight_floor:0.000 - chunk_state/source_quality_weight_power:1.000 - chunk_state/source_quality_max_entropy:0.000 - chunk_state/source_answer_mass_mean:0.739 - chunk_state/source_prompt_top_mass_mean:0.739 - chunk_state/prompt_valid_answer_coverage_mean:0.891 - chunk_state/prompt_answer_top_margin_mean:0.680 - chunk_state/prompt_answer_entropy_mean:1.052 - chunk_state/majority_ratio_mean:0.739 - chunk_state/answer_coverage_mean:0.562 - chunk_state/answer_coverage_weighted_mean:0.500 - chunk_state/positive_margin_mean:-0.148 - chunk_state/positive_margin_weighted_mean:-0.295 - chunk_state/positive_ratio:0.087 - chunk_state/label_consistent_only:0.000 - chunk_state/zero_inconsistent_candidates:0.000 - chunk_state/prune_zero_weight_samples:1.000 - chunk_state/prune_padded_to_shards:0.000 - chunk_state/pruned_sample_ratio:0.500 - chunk_state/label_consistent_ratio:0.484 - chunk_state/informative_ratio:1.000 - chunk_state/kept_state_ratio:1.000 - chunk_state/target_entropy:0.700 - chunk_state/target_prior_mean:1.000 - chunk_state/target_prior_max:1.000 - chunk_state/weight_max:0.954 - chunk_state/weight_min:0.003 - chunk_state/powerflow_weight_clip:4.000 - chunk_state/powerflow_weight_clip_renorm:1.000 - chunk_state/powerflow_weight_before_clip_max:7.633 - chunk_state/powerflow_weight_before_clip_mean:1.000 - chunk_state/powerflow_weight_mean:0.928 - chunk_state/powerflow_weight_max:4.000 - chunk_state/powerflow_weight_min:0.029 - chunk_state/boxed_reward_mean:0.067 - chunk_state/boxed_reward_weighted_mean:0.234 - chunk_state/actor_batch_powerflow_weight_nonzero_ratio:1.000 - chunk_state/actor_batch_powerflow_weight_shard0_mean:1.422 - chunk_state/actor_batch_powerflow_weight_shard0_nonzero_ratio:1.000 - chunk_state/actor_batch_powerflow_weight_shard_mean_low:0.604 - chunk_state/actor_batch_powerflow_weight_shard_mean_high:1.422 - chunk_state/actor_batch_powerflow_weight_zero_shard_ratio:0.000 - chunk_state_actor_span/mode_chunk:1.000 - chunk_state_actor_span/response_len_mean:117.344 - chunk_state_actor_span/truncated_ratio:0.000 - actor/pg_loss:0.416 - actor/powerflow_loss:0.416 - actor/log_prob:-0.588 - actor/old_log_prob:0.000 - actor/ref_log_prob:-0.589 - actor/ref_log_prob/std:0.000 - actor/boxed_reward/mean:0.198 - actor/boxed_reward/min:0.000 - actor/boxed_reward/max:0.759 - actor/powerflow_weight/mean:1.422 - actor/powerflow_weight/min:0.083 - actor/powerflow_weight/max:4.000 - actor/powerflow_weight/nonzero_ratio:1.000 - actor/powerflow_local_batch_size:1.000 - actor/log_z:-1.121 - actor/importance_weight:0.800 - actor/powerflow_chunk_loss_target_only:0.000 - actor/ppo_kl:0.588 - actor/ref_kl:-0.001 - actor/beta_coef:4.000 - actor/cispo_mask_ratio:0.262 - actor/cispo_dropped_tokens:33.500 - actor/condition_1_count:0.000 - actor/condition_2_count:33.500 - actor/pg_clipfrac:0.000 - actor/pg_clipfrac_lower:0.000 - actor/grad_norm:22.204 - perf/mfu/actor:0.000 - perf/max_memory_allocated_gb:166.224 - perf/max_memory_reserved_gb:176.207 - perf/cpu_memory_used_gb:790.997 - actor/lr:0.000 - timing_s/generate_sequences:17.442 - timing_s/reshard:0.522 - timing_s/gen:24.019 - timing_s/chunk_state_make_states:0.019 - timing_s/chunk_state_chunks/generate_sequences:0.529 - timing_s/chunk_state_chunks/reshard:0.377 - timing_s/chunk_state_chunks:0.950 - timing_s/chunk_state_score:5.736 - timing_s/chunk_state_build_actor_batch:0.007 - timing_s/chunk_state_ref:0.456 - timing_s/update_actor:1.333 - timing_per_token_ms/gen:0.024 - timing_per_token_ms/update_actor:0.001[36m(TaskRunner pid=731283)[0m Training Progress:  35%|███▌      | 7/20 [06:14<09:57, 45.97s/it]

[36m(TaskRunner pid=731283)[0m [Shutdown] 5 subprocess(es) terminated.
[36m(TaskRunner pid=731283)[0m [Shutdown] 8 subprocess(es) terminated.
[36m(TaskRunner pid=731283)[0m [Shutdown] 52 subprocess(es) terminated.
[36m(TaskRunner pid=731283)[0m step:7 - chunk_state_source/selected_original_acc_mean:1.000 - chunk_state_source/prompt_original_pass:0.906 - chunk_state_source/prompt_original_mean:0.329 - chunk_state_source/selected_majority_consistent_mean:1.000 - chunk_state_source/prompt_majority_ratio_mean:0.343 - chunk_state_source/prompt_majority_pass:1.000 - chunk_state_source_chunk/enabled:1.000 - chunk_state_source_chunk/injected_ratio:1.000 - chunk_state_source_chunk/mean_len:128.000 - chunk_state_source_chunk/candidate_index:0.000 - chunk_state_support_anchor/enabled:1.000 - chunk_state_support_anchor/count:7.000 - chunk_state_support_anchor/candidate_start:1.000 - chunk_state_support_anchor/min_mass:0.031 - chunk_state_support_anchor/selection_mode_answer_stratified:0.000 - chunk_state_support_anchor/prefix_compat_enable:0.000 - chunk_state_support_anchor/prefix_compat_mode_hard:1.000 - chunk_state_support_anchor/prefix_compat_mode_soft:0.000 - chunk_state_support_anchor/prefix_compat_tokens:128.000 - chunk_state_support_anchor/min_prefix_match:0.750 - chunk_state_support_anchor/prefix_score_power:1.000 - chunk_state_support_anchor/skip_source:1.000 - chunk_state_support_anchor/injected_ratio:0.911 - chunk_state_support_anchor/state_keep_ratio:1.000 - chunk_state_support_anchor/skipped_no_anchor_ratio:0.000 - chunk_state_support_anchor/skipped_by_compat_ratio:0.000 - chunk_state_support_anchor/skipped_source_ratio:0.031 - chunk_state_support_anchor/score_mean:0.372 - chunk_state_support_anchor/positive_candidate_ratio:0.797 - chunk_state_support_anchor/prefix_match_mean:1.000 - chunk_state_support_anchor/prefix_match_min:1.000 - chunk_state_support_anchor/anchor_mass_mean:0.467 - chunk_state_support_anchor/anchor_mass_max:0.724 - chunk_state_support_anchor/anchor_len_mean:113.392 - chunk_state_support_anchor/unique_answer_ratio:0.554 - chunk_state_support_anchor/selected_rank_mean:2.902 - chunk_state_probe/skipped_for_support_flow:1.000 - chunk_state_support_flow/score_type_mass:0.000 - chunk_state_support_flow/score_type_soft_mass:0.000 - chunk_state_support_flow/score_type_gain:0.000 - chunk_state_support_flow/score_type_relative_gain:0.000 - chunk_state_support_flow/score_type_soft_relative_mass:0.000 - chunk_state_support_flow/score_type_softplus_gain:0.000 - chunk_state_support_flow/score_type_posterior_mass:1.000 - chunk_state_support_flow/score_type_posterior_gain:0.000 - chunk_state_support_flow/gain_slack:0.000 - chunk_state_support_flow/baseline_scale:1.000 - chunk_state_support_flow/source_prior_weight:1.000 - chunk_state_support_flow/min_positive_margin:0.000 - chunk_state_support_flow/softplus_temperature:0.125 - chunk_state_support_flow/split_mass_by_answer:0.000 - chunk_state_support_flow/answer_split_power:1.000 - chunk_state_support_flow/posterior_split_duplicates:0.000 - chunk_state_support_flow/answer_duplicate_ratio:0.000 - chunk_state_support_flow/posterior_answer_duplicate_ratio:0.446 - chunk_state_support_flow/raw_anchor_mass_mean:0.372 - chunk_state_support_flow/anchor_mass_mean:0.372 - chunk_state_support_flow/posterior_mass_mean:0.372 - chunk_state_support_flow/posterior_mass_max_mean:0.638 - chunk_state_support_flow/source_mass_mean:0.747 - chunk_state_support_flow/positive_margin_mean:-0.109 - chunk_state_support_flow/state_keep_ratio:1.000 - chunk_state_support_flow/score_mean:0.372 - chunk_state_support_flow/score_max_mean:0.638 - chunk_state_support_flow/label_consistent_ratio:0.797 - chunk_state_support_flow/raw_positive_ratio:0.372 - chunk_state_score/mode_majority_completion:0.000 - chunk_state_score/mode_answer_consensus:0.000 - chunk_state_score/mode_answer_distribution:0.000 - chunk_state_score/mode_answer_value_gain:0.000 - chunk_state_score/mode_answer_value_margin:0.000 - chunk_state_score/mode_answer_support_mass:0.000 - chunk_state_score/mode_future_support_gain:0.000 - chunk_state_score/mode_support_anchor:0.000 - chunk_state_score/mode_support_flow:1.000 - chunk_state_score/mode_answer_source_consistency:0.000 - chunk_state_diag/boundary_mean:576.000 - chunk_state_diag/boundary_min:512.000 - chunk_state_diag/boundary_max:1024.000 - chunk_state_diag/boundary_zero_ratio:0.000 - chunk_state_diag/skipped_short_sources:0.000 - chunk_state_diag/skipped_support_sources:30.000 - chunk_state_diag/majority_consistent_fallbacks:3.000 - chunk_state_diag/support_low_fallbacks:0.000 - chunk_state_diag/real_state_count:2.000 - chunk_state_diag/pad_state_count:6.000 - chunk_state_diag/loss_weight_mean:0.250 - chunk_state_diag/source_response_len_mean:1180.500 - chunk_state_diag/probe_score_std:0.352 - chunk_state_diag/state_probe_mean_max:0.547 - chunk_state_diag/state_probe_mean_min:0.008 - chunk_state_diag/state_all_positive_ratio:0.000 - chunk_state_diag/state_all_negative_ratio:0.000 - chunk_state_diag/state_mixed_ratio:1.000 - chunk_state_diag/source_majority_consistent_mean:1.000 - chunk_state_diag/source_prompt_majority_ratio_mean:0.688 - chunk_state_diag/source_answer_mass_mean:0.747 - chunk_state_diag/source_answer_mass_min:0.724 - chunk_state_diag/source_prompt_top_mass_mean:0.747 - chunk_state_diag/source_prompt_top_mass_min:0.724 - chunk_state_diag/prompt_valid_answer_coverage_mean:0.918 - chunk_state_diag/prompt_answer_top_margin_mean:0.713 - chunk_state_diag/prompt_answer_entropy_mean:1.069 - chunk_state_diag/source_pseudo_acc_mean:0.875 - chunk_state_diag/source_original_acc_mean:1.000 - chunk_state_diag/prompt_pseudo_mean:0.574 - chunk_state_diag/prompt_original_mean:0.688 - chunk_state_diag/prompt_original_pass:1.000 - chunk_state_diag/probe_mean_source_original_correct:0.372 - chunk_state_diag/probe_mean_source_original_wrong:0.000 - chunk_state_diag/source_original_correct_ratio:1.000 - chunk_state_diag/jsonl_rows:8.000 - chunk_state/num_states:8.000 - chunk_state/real_states:2.000 - chunk_state/pad_states:6.000 - chunk_state/num_candidates:64.000 - chunk_state/num_actor_samples:16.000 - chunk_state/loss_weight_mean:1.000 - chunk_state/base_loss_weight_mean:0.250 - chunk_state/zeroed_state_ratio:0.750 - chunk_state/confidence_gate_ratio:1.000 - chunk_state/confidence_weight_mean:1.000 - chunk_state/min_state_positive_margin:-1.000 - chunk_state/future_support_keep_mode_hard:1.000 - chunk_state/future_support_keep_mode_soft:0.000 - chunk_state/future_support_keep_mode_off:0.000 - chunk_state/future_support_soft_weight_mean:1.000 - chunk_state/future_support_state_weight_mean:1.000 - chunk_state/future_support_soft_weight_floor:0.000 - chunk_state/future_support_keep_ratio:1.000 - chunk_state/source_quality_weight_mode_off:1.000 - chunk_state/source_quality_weight_mode_source_mass:0.000 - chunk_state/source_quality_weight_mode_prompt_top_mass:0.000 - chunk_state/source_quality_weight_mode_product:0.000 - chunk_state/source_quality_weight_mode_prompt_valid_answer_coverage:0.000 - chunk_state/source_quality_weight_mode_prompt_top_margin:0.000 - chunk_state/source_quality_weight_mode_coverage_margin_product:0.000 - chunk_state/source_quality_weight_mode_group_quality:0.000 - chunk_state/source_quality_weight_mean:1.000 - chunk_state/source_quality_weight_floor:0.000 - chunk_state/source_quality_weight_power:1.000 - chunk_state/source_quality_max_entropy:0.000 - chunk_state/source_answer_mass_mean:0.747 - chunk_state/source_prompt_top_mass_mean:0.747 - chunk_state/prompt_valid_answer_coverage_mean:0.918 - chunk_state/prompt_answer_top_margin_mean:0.713 - chunk_state/prompt_answer_entropy_mean:1.069 - chunk_state/majority_ratio_mean:0.747 - chunk_state/answer_coverage_mean:0.797 - chunk_state/answer_coverage_weighted_mean:0.562 - chunk_state/positive_margin_mean:-0.109 - chunk_state/positive_margin_weighted_mean:-0.438 - chunk_state/positive_ratio:0.372 - chunk_state/label_consistent_only:0.000 - chunk_state/zero_inconsistent_candidates:0.000 - chunk_state/prune_zero_weight_samples:1.000 - chunk_state/prune_padded_to_shards:0.000 - chunk_state/pruned_sample_ratio:0.750 - chunk_state/label_consistent_ratio:0.797 - chunk_state/informative_ratio:1.000 - chunk_state/kept_state_ratio:1.000 - chunk_state/target_entropy:1.586 - chunk_state/target_prior_mean:1.000 - chunk_state/target_prior_max:1.000 - chunk_state/weight_max:0.328 - chunk_state/weight_min:0.001 - chunk_state/powerflow_weight_clip:4.000 - chunk_state/powerflow_weight_clip_renorm:1.000 - chunk_state/powerflow_weight_before_clip_max:1.873 - chunk_state/powerflow_weight_before_clip_mean:1.000 - chunk_state/powerflow_weight_mean:1.000 - chunk_state/powerflow_weight_max:1.873 - chunk_state/powerflow_weight_min:0.007 - chunk_state/boxed_reward_mean:0.235 - chunk_state/boxed_reward_weighted_mean:0.367 - chunk_state/actor_batch_powerflow_weight_nonzero_ratio:1.000 - chunk_state/actor_batch_powerflow_weight_shard0_mean:1.291 - chunk_state/actor_batch_powerflow_weight_shard0_nonzero_ratio:1.000 - chunk_state/actor_batch_powerflow_weight_shard_mean_low:0.358 - chunk_state/actor_batch_powerflow_weight_shard_mean_high:1.291 - chunk_state/actor_batch_powerflow_weight_zero_shard_ratio:0.000 - chunk_state_actor_span/mode_chunk:1.000 - chunk_state_actor_span/response_len_mean:116.359 - chunk_state_actor_span/truncated_ratio:0.000 - actor/pg_loss:0.279 - actor/powerflow_loss:0.279 - actor/log_prob:-0.451 - actor/old_log_prob:0.000 - actor/ref_log_prob:-0.451 - actor/ref_log_prob/std:0.000 - actor/boxed_reward/mean:0.016 - actor/boxed_reward/min:0.000 - actor/boxed_reward/max:0.031 - actor/powerflow_weight/mean:1.291 - actor/powerflow_weight/min:0.709 - actor/powerflow_weight/max:1.873 - actor/powerflow_weight/nonzero_ratio:1.000 - actor/powerflow_local_batch_size:1.000 - actor/log_z:-1.434 - actor/importance_weight:0.800 - actor/powerflow_chunk_loss_target_only:0.000 - actor/ppo_kl:0.451 - actor/ref_kl:-0.000 - actor/beta_coef:4.000 - actor/cispo_mask_ratio:0.219 - actor/cispo_dropped_tokens:28.000 - actor/condition_1_count:0.000 - actor/condition_2_count:28.000 - actor/pg_clipfrac:0.000 - actor/pg_clipfrac_lower:0.000 - actor/grad_norm:3.220 - perf/mfu/actor:0.000 - perf/max_memory_allocated_gb:166.224 - perf/max_memory_reserved_gb:176.207 - perf/cpu_memory_used_gb:791.097 - actor/lr:0.000 - timing_s/generate_sequences:17.388 - timing_s/reshard:0.480 - timing_s/gen:23.268 - timing_s/chunk_state_make_states:0.018 - timing_s/chunk_state_chunks/generate_sequences:0.532 - timing_s/chunk_state_chunks/reshard:0.521 - timing_s/chunk_state_chunks:1.098 - timing_s/chunk_state_score:7.549 - timing_s/chunk_state_build_actor_batch:0.006 - timing_s/chunk_state_ref:0.249 - timing_s/update_actor:0.875 - timing_per_token_ms/gen:0.024 - timing_per_token_ms/update_actor:0.001[36m(TaskRunner pid=731283)[0m <string>:1: SymPyDeprecationWarning: 
[36m(TaskRunner pid=731283)[0m 
[36m(TaskRunner pid=731283)[0m Using non-Expr arguments in Mul is deprecated (in this case, one of
[36m(TaskRunner pid=731283)[0m the arguments has type 'Tuple').
[36m(TaskRunner pid=731283)[0m 
[36m(TaskRunner pid=731283)[0m If you really did intend to use a multiplication or addition operation with
[36m(TaskRunner pid=731283)[0m this object, use the * or + operator instead.
[36m(TaskRunner pid=731283)[0m 
[36m(TaskRunner pid=731283)[0m See https://docs.sympy.org/latest/explanation/active-deprecations.html#non-expr-args-deprecated
[36m(TaskRunner pid=731283)[0m for details.
[36m(TaskRunner pid=731283)[0m 
[36m(TaskRunner pid=731283)[0m This has been deprecated since SymPy version 1.7. It
[36m(TaskRunner pid=731283)[0m will be removed in a future version of SymPy.
[36m(TaskRunner pid=731283)[0m 
[36m(TaskRunner pid=731283)[0m /mlx_devbox/users/quyanyi/playground/.venvs/ttrl_b200/lib/python3.11/site-packages/sympy/simplify/radsimp.py:1138: SymPyDeprecationWarning: 
[36m(TaskRunner pid=731283)[0m 
[36m(TaskRunner pid=731283)[0m Using non-Expr arguments in Mul is deprecated (in this case, one of
[36m(TaskRunner pid=731283)[0m the arguments has type 'Tuple').
[36m(TaskRunner pid=731283)[0m 
[36m(TaskRunner pid=731283)[0m If you really did intend to use a multiplication or addition operation with
[36m(TaskRunner pid=731283)[0m this object, use the * or + operator instead.
[36m(TaskRunner pid=731283)[0m 
[36m(TaskRunner pid=731283)[0m See https://docs.sympy.org/latest/explanation/active-deprecations.html#non-expr-args-deprecated
[36m(TaskRunner pid=731283)[0m for details.
[36m(TaskRunner pid=731283)[0m 
[36m(TaskRunner pid=731283)[0m This has been deprecated since SymPy version 1.7. It
[36m(TaskRunner pid=731283)[0m will be removed in a future version of SymPy.
[36m(TaskRunner pid=731283)[0m 
[36m(TaskRunner pid=731283)[0m   return Mul(*numer, evaluate=not exact), Mul(*denom, evaluate=not exact)
[36m(TaskRunner pid=731283)[0m /mlx_devbox/users/quyanyi/playground/.venvs/ttrl_b200/lib/python3.11/site-packages/sympy/simplify/simplify.py:1957: SymPyDeprecationWarning: 
[36m(TaskRunner pid=731283)[0m 
[36m(TaskRunner pid=731283)[0m Using non-Expr arguments in Mul is deprecated (in this case, one of
[36m(TaskRunner pid=731283)[0m the arguments has type 'Tuple').
[36m(TaskRunner pid=731283)[0m 
[36m(TaskRunner pid=731283)[0m If you really did intend to use a multiplication or addition operation with
[36m(TaskRunner pid=731283)[0m this object, use the * or + operator instead.
[36m(TaskRunner pid=731283)[0m 
[36m(TaskRunner pid=731283)[0m See https://docs.sympy.org/latest/explanation/active-deprecations.html#non-expr-args-deprecated
[36m(TaskRunner pid=731283)[0m for details.
[36m(TaskRunner pid=731283)[0m 
[36m(TaskRunner pid=731283)[0m This has been deprecated since SymPy version 1.7. It
[36m(TaskRunner pid=731283)[0m will be removed in a future version of SymPy.
[36m(TaskRunner pid=731283)[0m 
[36m(TaskRunner pid=731283)[0m   simp = _Mul(*args)
[36m(TaskRunner pid=731283)[0m <string>:1: SymPyDeprecationWarning: 
[36m(TaskRunner pid=731283)[0m 
[36m(TaskRunner pid=731283)[0m Using non-Expr arguments in Pow is deprecated (in this case, one of the
[36m(TaskRunner pid=731283)[0m arguments is of type 'FiniteSet').
[36m(TaskRunner pid=731283)[0m 
[36m(TaskRunner pid=731283)[0m If you really did intend to construct a power with this base, use the **
[36m(TaskRunner pid=731283)[0m operator instead.
[36m(TaskRunner pid=731283)[0m 
[36m(TaskRunner pid=731283)[0m See https://docs.sympy.org/latest/explanation/active-deprecations.html#non-expr-args-deprecated
[36m(TaskRunner pid=731283)[0m for details.
[36m(TaskRunner pid=731283)[0m 
[36m(TaskRunner pid=731283)[0m This has been deprecated since SymPy version 1.7. It
[36m(TaskRunner pid=731283)[0m will be removed in a future version of SymPy.
[36m(TaskRunner pid=731283)[0m 
[36m(TaskRunner pid=731283)[0m <string>:1: SymPyDeprecationWarning: 
[36m(TaskRunner pid=731283)[0m 
[36m(TaskRunner pid=731283)[0m Using non-Expr arguments in Mul is deprecated (in this case, one of
[36m(TaskRunner pid=731283)[0m the arguments has type 'Tuple').
[36m(TaskRunner pid=731283)[0m 
[36m(TaskRunner pid=731283)[0m If you really did intend to use a multiplication or addition operation with
[36m(TaskRunner pid=731283)[0m this object, use the * or + operator instead.
[36m(TaskRunner pid=731283)[0m 
[36m(TaskRunner pid=731283)[0m See https://docs.sympy.org/latest/explanation/active-deprecations.html#non-expr-args-deprecated
[36m(TaskRunner pid=731283)[0m for details.
[36m(TaskRunner pid=731283)[0m 
[36m(TaskRunner pid=731283)[0m This has been deprecated since SymPy version 1.7. It
[36m(TaskRunner pid=731283)[0m will be removed in a future version of SymPy.
[36m(TaskRunner pid=731283)[0m 
[36m(TaskRunner pid=731283)[0m /mlx_devbox/users/quyanyi/playground/.venvs/ttrl_b200/lib/python3.11/site-packages/sympy/simplify/radsimp.py:1138: SymPyDeprecationWarning: 
[36m(TaskRunner pid=731283)[0m 
[36m(TaskRunner pid=731283)[0m Using non-Expr arguments in Mul is deprecated (in this case, one of
[36m(TaskRunner pid=731283)[0m the arguments has type 'Tuple').
[36m(TaskRunner pid=731283)[0m 
[36m(TaskRunner pid=731283)[0m If you really did intend to use a multiplication or addition operation with
[36m(TaskRunner pid=731283)[0m this object, use the * or + operator instead.
[36m(TaskRunner pid=731283)[0m 
[36m(TaskRunner pid=731283)[0m See https://docs.sympy.org/latest/explanation/active-deprecations.html#non-expr-args-deprecated
[36m(TaskRunner pid=731283)[0m for details.
[36m(TaskRunner pid=731283)[0m 
[36m(TaskRunner pid=731283)[0m This has been deprecated since SymPy version 1.7. It
[36m(TaskRunner pid=731283)[0m will be removed in a future version of SymPy.
[36m(TaskRunner pid=731283)[0m 
[36m(TaskRunner pid=731283)[0m   return Mul(*numer, evaluate=not exact), Mul(*denom, evaluate=not exact)
[36m(TaskRunner pid=731283)[0m /mlx_devbox/users/quyanyi/playground/.venvs/ttrl_b200/lib/python3.11/site-packages/sympy/simplify/simplify.py:1957: SymPyDeprecationWarning: 
[36m(TaskRunner pid=731283)[0m 
[36m(TaskRunner pid=731283)[0m Using non-Expr arguments in Mul is deprecated (in this case, one of
[36m(TaskRunner pid=731283)[0m the arguments has type 'Tuple').
[36m(TaskRunner pid=731283)[0m 
[36m(TaskRunner pid=731283)[0m If you really did intend to use a multiplication or addition operation with
[36m(TaskRunner pid=731283)[0m this object, use the * or + operator instead.
[36m(TaskRunner pid=731283)[0m 
[36m(TaskRunner pid=731283)[0m See https://docs.sympy.org/latest/explanation/active-deprecations.html#non-expr-args-deprecated
[36m(TaskRunner pid=731283)[0m for details.
[36m(TaskRunner pid=731283)[0m 
[36m(TaskRunner pid=731283)[0m This has been deprecated since SymPy version 1.7. It
[36m(TaskRunner pid=731283)[0m will be removed in a future version of SymPy.
[36m(TaskRunner pid=731283)[0m 
[36m(TaskRunner pid=731283)[0m   simp = _Mul(*args)
[36m(TaskRunner pid=731283)[0m <string>:1: SymPyDeprecationWarning: 
[36m(TaskRunner pid=731283)[0m 
[36m(TaskRunner pid=731283)[0m Using non-Expr arguments in Mul is deprecated (in this case, one of
[36m(TaskRunner pid=731283)[0m the arguments has type 'Tuple').
[36m(TaskRunner pid=731283)[0m 
[36m(TaskRunner pid=731283)[0m If you really did intend to use a multiplication or addition operation with
[36m(TaskRunner pid=731283)[0m this object, use the * or + operator instead.
[36m(TaskRunner pid=731283)[0m 
[36m(TaskRunner pid=731283)[0m See https://docs.sympy.org/latest/explanation/active-deprecations.html#non-expr-args-deprecated
[36m(TaskRunner pid=731283)[0m for details.
[36m(TaskRunner pid=731283)[0m 
[36m(TaskRunner pid=731283)[0m This has been deprecated since SymPy version 1.7. It
[36m(TaskRunner pid=731283)[0m will be removed in a future version of SymPy.
[36m(TaskRunner pid=731283)[0m 
[36m(TaskRunner pid=731283)[0m Training Progress:  40%|████      | 8/20 [06:52<08:40, 43.37s/it]

[36m(TaskRunner pid=731283)[0m [Shutdown] 2 subprocess(es) terminated.
[36m(TaskRunner pid=731283)[0m [Shutdown] 3 subprocess(es) terminated.
[36m(TaskRunner pid=731283)[0m [Shutdown] 5 subprocess(es) terminated.
[36m(TaskRunner pid=731283)[0m step:8 - chunk_state_source/selected_original_acc_mean:1.000 - chunk_state_source/prompt_original_pass:0.969 - chunk_state_source/prompt_original_mean:0.306 - chunk_state_source/selected_majority_consistent_mean:1.000 - chunk_state_source/prompt_majority_ratio_mean:0.340 - chunk_state_source/prompt_majority_pass:1.000 - chunk_state_source_chunk/enabled:1.000 - chunk_state_source_chunk/injected_ratio:1.000 - chunk_state_source_chunk/mean_len:92.000 - chunk_state_source_chunk/candidate_index:0.000 - chunk_state_support_anchor/enabled:1.000 - chunk_state_support_anchor/count:7.000 - chunk_state_support_anchor/candidate_start:1.000 - chunk_state_support_anchor/min_mass:0.031 - chunk_state_support_anchor/selection_mode_answer_stratified:0.000 - chunk_state_support_anchor/prefix_compat_enable:0.000 - chunk_state_support_anchor/prefix_compat_mode_hard:1.000 - chunk_state_support_anchor/prefix_compat_mode_soft:0.000 - chunk_state_support_anchor/prefix_compat_tokens:128.000 - chunk_state_support_anchor/min_prefix_match:0.750 - chunk_state_support_anchor/prefix_score_power:1.000 - chunk_state_support_anchor/skip_source:1.000 - chunk_state_support_anchor/injected_ratio:0.982 - chunk_state_support_anchor/state_keep_ratio:1.000 - chunk_state_support_anchor/skipped_no_anchor_ratio:0.000 - chunk_state_support_anchor/skipped_by_compat_ratio:0.000 - chunk_state_support_anchor/skipped_source_ratio:0.031 - chunk_state_support_anchor/score_mean:0.550 - chunk_state_support_anchor/positive_candidate_ratio:0.859 - chunk_state_support_anchor/prefix_match_mean:1.000 - chunk_state_support_anchor/prefix_match_min:1.000 - chunk_state_support_anchor/anchor_mass_mean:0.639 - chunk_state_support_anchor/anchor_mass_max:0.793 - chunk_state_support_anchor/anchor_len_mean:98.527 - chunk_state_support_anchor/unique_answer_ratio:0.339 - chunk_state_support_anchor/selected_rank_mean:2.945 - chunk_state_probe/skipped_for_support_flow:1.000 - chunk_state_support_flow/score_type_mass:0.000 - chunk_state_support_flow/score_type_soft_mass:0.000 - chunk_state_support_flow/score_type_gain:0.000 - chunk_state_support_flow/score_type_relative_gain:0.000 - chunk_state_support_flow/score_type_soft_relative_mass:0.000 - chunk_state_support_flow/score_type_softplus_gain:0.000 - chunk_state_support_flow/score_type_posterior_mass:1.000 - chunk_state_support_flow/score_type_posterior_gain:0.000 - chunk_state_support_flow/gain_slack:0.000 - chunk_state_support_flow/baseline_scale:1.000 - chunk_state_support_flow/source_prior_weight:1.000 - chunk_state_support_flow/min_positive_margin:0.000 - chunk_state_support_flow/softplus_temperature:0.125 - chunk_state_support_flow/split_mass_by_answer:0.000 - chunk_state_support_flow/answer_split_power:1.000 - chunk_state_support_flow/posterior_split_duplicates:0.000 - chunk_state_support_flow/answer_duplicate_ratio:0.000 - chunk_state_support_flow/posterior_answer_duplicate_ratio:0.661 - chunk_state_support_flow/raw_anchor_mass_mean:0.550 - chunk_state_support_flow/anchor_mass_mean:0.550 - chunk_state_support_flow/posterior_mass_mean:0.550 - chunk_state_support_flow/posterior_mass_max_mean:0.695 - chunk_state_support_flow/source_mass_mean:0.775 - chunk_state_support_flow/positive_margin_mean:-0.081 - chunk_state_support_flow/state_keep_ratio:1.000 - chunk_state_support_flow/score_mean:0.550 - chunk_state_support_flow/score_max_mean:0.695 - chunk_state_support_flow/label_consistent_ratio:0.859 - chunk_state_support_flow/raw_positive_ratio:0.550 - chunk_state_score/mode_majority_completion:0.000 - chunk_state_score/mode_answer_consensus:0.000 - chunk_state_score/mode_answer_distribution:0.000 - chunk_state_score/mode_answer_value_gain:0.000 - chunk_state_score/mode_answer_value_margin:0.000 - chunk_state_score/mode_answer_support_mass:0.000 - chunk_state_score/mode_future_support_gain:0.000 - chunk_state_score/mode_support_anchor:0.000 - chunk_state_score/mode_support_flow:1.000 - chunk_state_score/mode_answer_source_consistency:0.000 - chunk_state_diag/boundary_mean:416.000 - chunk_state_diag/boundary_min:256.000 - chunk_state_diag/boundary_max:1024.000 - chunk_state_diag/boundary_zero_ratio:0.000 - chunk_state_diag/skipped_short_sources:0.000 - chunk_state_diag/skipped_support_sources:29.000 - chunk_state_diag/majority_consistent_fallbacks:3.000 - chunk_state_diag/support_low_fallbacks:0.000 - chunk_state_diag/real_state_count:3.000 - chunk_state_diag/pad_state_count:5.000 - chunk_state_diag/loss_weight_mean:0.375 - chunk_state_diag/source_response_len_mean:629.875 - chunk_state_diag/probe_score_std:0.358 - chunk_state_diag/state_probe_mean_max:0.694 - chunk_state_diag/state_probe_mean_min:0.028 - chunk_state_diag/state_all_positive_ratio:0.000 - chunk_state_diag/state_all_negative_ratio:0.000 - chunk_state_diag/state_mixed_ratio:1.000 - chunk_state_diag/source_majority_consistent_mean:1.000 - chunk_state_diag/source_prompt_majority_ratio_mean:0.711 - chunk_state_diag/source_answer_mass_mean:0.775 - chunk_state_diag/source_answer_mass_min:0.710 - chunk_state_diag/source_prompt_top_mass_mean:0.775 - chunk_state_diag/source_prompt_top_mass_min:0.710 - chunk_state_diag/prompt_valid_answer_coverage_mean:0.918 - chunk_state_diag/prompt_answer_top_margin_mean:0.737 - chunk_state_diag/prompt_answer_entropy_mean:0.952 - chunk_state_diag/source_pseudo_acc_mean:1.000 - chunk_state_diag/source_original_acc_mean:1.000 - chunk_state_diag/prompt_pseudo_mean:0.711 - chunk_state_diag/prompt_original_mean:0.711 - chunk_state_diag/prompt_original_pass:1.000 - chunk_state_diag/probe_mean_source_original_correct:0.550 - chunk_state_diag/probe_mean_source_original_wrong:0.000 - chunk_state_diag/source_original_correct_ratio:1.000 - chunk_state_diag/jsonl_rows:8.000 - chunk_state/num_states:8.000 - chunk_state/real_states:3.000 - chunk_state/pad_states:5.000 - chunk_state/num_candidates:64.000 - chunk_state/num_actor_samples:24.000 - chunk_state/loss_weight_mean:1.000 - chunk_state/base_loss_weight_mean:0.375 - chunk_state/zeroed_state_ratio:0.625 - chunk_state/confidence_gate_ratio:1.000 - chunk_state/confidence_weight_mean:1.000 - chunk_state/min_state_positive_margin:-1.000 - chunk_state/future_support_keep_mode_hard:1.000 - chunk_state/future_support_keep_mode_soft:0.000 - chunk_state/future_support_keep_mode_off:0.000 - chunk_state/future_support_soft_weight_mean:1.000 - chunk_state/future_support_state_weight_mean:1.000 - chunk_state/future_support_soft_weight_floor:0.000 - chunk_state/future_support_keep_ratio:1.000 - chunk_state/source_quality_weight_mode_off:1.000 - chunk_state/source_quality_weight_mode_source_mass:0.000 - chunk_state/source_quality_weight_mode_prompt_top_mass:0.000 - chunk_state/source_quality_weight_mode_product:0.000 - chunk_state/source_quality_weight_mode_prompt_valid_answer_coverage:0.000 - chunk_state/source_quality_weight_mode_prompt_top_margin:0.000 - chunk_state/source_quality_weight_mode_coverage_margin_product:0.000 - chunk_state/source_quality_weight_mode_group_quality:0.000 - chunk_state/source_quality_weight_mean:1.000 - chunk_state/source_quality_weight_floor:0.000 - chunk_state/source_quality_weight_power:1.000 - chunk_state/source_quality_max_entropy:0.000 - chunk_state/source_answer_mass_mean:0.775 - chunk_state/source_prompt_top_mass_mean:0.775 - chunk_state/prompt_valid_answer_coverage_mean:0.918 - chunk_state/prompt_answer_top_margin_mean:0.737 - chunk_state/prompt_answer_entropy_mean:0.952 - chunk_state/majority_ratio_mean:0.775 - chunk_state/answer_coverage_mean:0.859 - chunk_state/answer_coverage_weighted_mean:0.833 - chunk_state/positive_margin_mean:-0.081 - chunk_state/positive_margin_weighted_mean:-0.215 - chunk_state/positive_ratio:0.550 - chunk_state/label_consistent_only:0.000 - chunk_state/zero_inconsistent_candidates:0.000 - chunk_state/prune_zero_weight_samples:1.000 - chunk_state/prune_padded_to_shards:0.000 - chunk_state/pruned_sample_ratio:0.625 - chunk_state/label_consistent_ratio:0.859 - chunk_state/informative_ratio:1.000 - chunk_state/kept_state_ratio:1.000 - chunk_state/target_entropy:1.815 - chunk_state/target_prior_mean:1.000 - chunk_state/target_prior_max:1.000 - chunk_state/weight_max:0.485 - chunk_state/weight_min:0.001 - chunk_state/powerflow_weight_clip:4.000 - chunk_state/powerflow_weight_clip_renorm:1.000 - chunk_state/powerflow_weight_before_clip_max:3.882 - chunk_state/powerflow_weight_before_clip_mean:1.000 - chunk_state/powerflow_weight_mean:1.000 - chunk_state/powerflow_weight_max:3.882 - chunk_state/powerflow_weight_min:0.004 - chunk_state/boxed_reward_mean:0.309 - chunk_state/boxed_reward_weighted_mean:0.514 - chunk_state/actor_batch_powerflow_weight_nonzero_ratio:1.000 - chunk_state/actor_batch_powerflow_weight_shard0_mean:1.803 - chunk_state/actor_batch_powerflow_weight_shard0_nonzero_ratio:1.000 - chunk_state/actor_batch_powerflow_weight_shard_mean_low:0.510 - chunk_state/actor_batch_powerflow_weight_shard_mean_high:1.803 - chunk_state/actor_batch_powerflow_weight_zero_shard_ratio:0.000 - chunk_state_actor_span/mode_chunk:1.000 - chunk_state_actor_span/response_len_mean:97.203 - chunk_state_actor_span/truncated_ratio:0.000 - actor/pg_loss:1.209 - actor/powerflow_loss:1.209 - actor/log_prob:-0.839 - actor/old_log_prob:0.000 - actor/ref_log_prob:-0.835 - actor/ref_log_prob/std:0.000 - actor/boxed_reward/mean:0.509 - actor/boxed_reward/min:0.000 - actor/boxed_reward/max:0.793 - actor/powerflow_weight/mean:1.803 - actor/powerflow_weight/min:0.385 - actor/powerflow_weight/max:3.882 - actor/powerflow_weight/nonzero_ratio:1.000 - actor/powerflow_local_batch_size:1.000 - actor/log_z:-1.284 - actor/importance_weight:0.800 - actor/powerflow_chunk_loss_target_only:0.000 - actor/ppo_kl:0.839 - actor/ref_kl:0.004 - actor/beta_coef:4.000 - actor/cispo_mask_ratio:0.245 - actor/cispo_dropped_tokens:19.667 - actor/condition_1_count:0.000 - actor/condition_2_count:19.667 - actor/pg_clipfrac:0.000 - actor/pg_clipfrac_lower:0.000 - actor/grad_norm:11.695 - perf/mfu/actor:0.000 - perf/max_memory_allocated_gb:166.224 - perf/max_memory_reserved_gb:176.207 - perf/cpu_memory_used_gb:791.051 - actor/lr:0.000 - timing_s/generate_sequences:17.798 - timing_s/reshard:0.598 - timing_s/gen:21.516 - timing_s/chunk_state_make_states:0.020 - timing_s/chunk_state_chunks/generate_sequences:0.519 - timing_s/chunk_state_chunks/reshard:0.354 - timing_s/chunk_state_chunks:0.922 - timing_s/chunk_state_score:5.758 - timing_s/chunk_state_build_actor_batch:0.006 - timing_s/chunk_state_ref:0.372 - timing_s/update_actor:1.118 - timing_per_token_ms/gen:0.022 - timing_per_token_ms/update_actor:0.001[36m(TaskRunner pid=731283)[0m Training Progress:  45%|████▌     | 9/20 [07:34<07:53, 43.06s/it]

[36m(TaskRunner pid=731283)[0m [Shutdown] 3 subprocess(es) terminated.
[36m(TaskRunner pid=731283)[0m [Shutdown] 7 subprocess(es) terminated.
[36m(TaskRunner pid=731283)[0m [Shutdown] 69 subprocess(es) terminated.
[36m(TaskRunner pid=731283)[0m step:9 - chunk_state_source/selected_original_acc_mean:1.000 - chunk_state_source/prompt_original_pass:0.906 - chunk_state_source/prompt_original_mean:0.347 - chunk_state_source/selected_majority_consistent_mean:1.000 - chunk_state_source/prompt_majority_ratio_mean:0.361 - chunk_state_source/prompt_majority_pass:1.000 - chunk_state_source_chunk/enabled:1.000 - chunk_state_source_chunk/injected_ratio:1.000 - chunk_state_source_chunk/mean_len:128.000 - chunk_state_source_chunk/candidate_index:0.000 - chunk_state_support_anchor/enabled:1.000 - chunk_state_support_anchor/count:7.000 - chunk_state_support_anchor/candidate_start:1.000 - chunk_state_support_anchor/min_mass:0.031 - chunk_state_support_anchor/selection_mode_answer_stratified:0.000 - chunk_state_support_anchor/prefix_compat_enable:0.000 - chunk_state_support_anchor/prefix_compat_mode_hard:1.000 - chunk_state_support_anchor/prefix_compat_mode_soft:0.000 - chunk_state_support_anchor/prefix_compat_tokens:128.000 - chunk_state_support_anchor/min_prefix_match:0.750 - chunk_state_support_anchor/prefix_score_power:1.000 - chunk_state_support_anchor/skip_source:1.000 - chunk_state_support_anchor/injected_ratio:0.964 - chunk_state_support_anchor/state_keep_ratio:1.000 - chunk_state_support_anchor/skipped_no_anchor_ratio:0.000 - chunk_state_support_anchor/skipped_by_compat_ratio:0.000 - chunk_state_support_anchor/skipped_source_ratio:0.031 - chunk_state_support_anchor/score_mean:0.407 - chunk_state_support_anchor/positive_candidate_ratio:0.844 - chunk_state_support_anchor/prefix_match_mean:1.000 - chunk_state_support_anchor/prefix_match_min:1.000 - chunk_state_support_anchor/anchor_mass_mean:0.482 - chunk_state_support_anchor/anchor_mass_max:0.906 - chunk_state_support_anchor/anchor_len_mean:102.611 - chunk_state_support_anchor/unique_answer_ratio:0.625 - chunk_state_support_anchor/selected_rank_mean:2.907 - chunk_state_probe/skipped_for_support_flow:1.000 - chunk_state_support_flow/score_type_mass:0.000 - chunk_state_support_flow/score_type_soft_mass:0.000 - chunk_state_support_flow/score_type_gain:0.000 - chunk_state_support_flow/score_type_relative_gain:0.000 - chunk_state_support_flow/score_type_soft_relative_mass:0.000 - chunk_state_support_flow/score_type_softplus_gain:0.000 - chunk_state_support_flow/score_type_posterior_mass:1.000 - chunk_state_support_flow/score_type_posterior_gain:0.000 - chunk_state_support_flow/gain_slack:0.000 - chunk_state_support_flow/baseline_scale:1.000 - chunk_state_support_flow/source_prior_weight:1.000 - chunk_state_support_flow/min_positive_margin:0.000 - chunk_state_support_flow/softplus_temperature:0.125 - chunk_state_support_flow/split_mass_by_answer:0.000 - chunk_state_support_flow/answer_split_power:1.000 - chunk_state_support_flow/posterior_split_duplicates:0.000 - chunk_state_support_flow/answer_duplicate_ratio:0.000 - chunk_state_support_flow/posterior_answer_duplicate_ratio:0.375 - chunk_state_support_flow/raw_anchor_mass_mean:0.407 - chunk_state_support_flow/anchor_mass_mean:0.407 - chunk_state_support_flow/posterior_mass_mean:0.407 - chunk_state_support_flow/posterior_mass_max_mean:0.843 - chunk_state_support_flow/source_mass_mean:0.843 - chunk_state_support_flow/positive_margin_mean:0.000 - chunk_state_support_flow/state_keep_ratio:1.000 - chunk_state_support_flow/score_mean:0.407 - chunk_state_support_flow/score_max_mean:0.843 - chunk_state_support_flow/label_consistent_ratio:0.844 - chunk_state_support_flow/raw_positive_ratio:0.407 - chunk_state_score/mode_majority_completion:0.000 - chunk_state_score/mode_answer_consensus:0.000 - chunk_state_score/mode_answer_distribution:0.000 - chunk_state_score/mode_answer_value_gain:0.000 - chunk_state_score/mode_answer_value_margin:0.000 - chunk_state_score/mode_answer_support_mass:0.000 - chunk_state_score/mode_future_support_gain:0.000 - chunk_state_score/mode_support_anchor:0.000 - chunk_state_score/mode_support_flow:1.000 - chunk_state_score/mode_answer_source_consistency:0.000 - chunk_state_diag/boundary_mean:768.000 - chunk_state_diag/boundary_min:512.000 - chunk_state_diag/boundary_max:1024.000 - chunk_state_diag/boundary_zero_ratio:0.000 - chunk_state_diag/skipped_short_sources:0.000 - chunk_state_diag/skipped_support_sources:29.000 - chunk_state_diag/majority_consistent_fallbacks:4.000 - chunk_state_diag/support_low_fallbacks:0.000 - chunk_state_diag/real_state_count:3.000 - chunk_state_diag/pad_state_count:5.000 - chunk_state_diag/loss_weight_mean:0.375 - chunk_state_diag/source_response_len_mean:1545.625 - chunk_state_diag/probe_score_std:0.419 - chunk_state_diag/state_probe_mean_max:0.793 - chunk_state_diag/state_probe_mean_min:0.109 - chunk_state_diag/state_all_positive_ratio:0.000 - chunk_state_diag/state_all_negative_ratio:0.000 - chunk_state_diag/state_mixed_ratio:1.000 - chunk_state_diag/source_majority_consistent_mean:1.000 - chunk_state_diag/source_prompt_majority_ratio_mean:0.762 - chunk_state_diag/source_answer_mass_mean:0.843 - chunk_state_diag/source_answer_mass_min:0.667 - chunk_state_diag/source_prompt_top_mass_mean:0.843 - chunk_state_diag/source_prompt_top_mass_min:0.667 - chunk_state_diag/prompt_valid_answer_coverage_mean:0.898 - chunk_state_diag/prompt_answer_top_margin_mean:0.803 - chunk_state_diag/prompt_answer_entropy_mean:0.655 - chunk_state_diag/source_pseudo_acc_mean:1.000 - chunk_state_diag/source_original_acc_mean:1.000 - chunk_state_diag/prompt_pseudo_mean:0.785 - chunk_state_diag/prompt_original_mean:0.762 - chunk_state_diag/prompt_original_pass:1.000 - chunk_state_diag/probe_mean_source_original_correct:0.407 - chunk_state_diag/probe_mean_source_original_wrong:0.000 - chunk_state_diag/source_original_correct_ratio:1.000 - chunk_state_diag/jsonl_rows:8.000 - chunk_state/num_states:8.000 - chunk_state/real_states:3.000 - chunk_state/pad_states:5.000 - chunk_state/num_candidates:64.000 - chunk_state/num_actor_samples:24.000 - chunk_state/loss_weight_mean:1.000 - chunk_state/base_loss_weight_mean:0.375 - chunk_state/zeroed_state_ratio:0.625 - chunk_state/confidence_gate_ratio:1.000 - chunk_state/confidence_weight_mean:1.000 - chunk_state/min_state_positive_margin:-1.000 - chunk_state/future_support_keep_mode_hard:1.000 - chunk_state/future_support_keep_mode_soft:0.000 - chunk_state/future_support_keep_mode_off:0.000 - chunk_state/future_support_soft_weight_mean:1.000 - chunk_state/future_support_state_weight_mean:1.000 - chunk_state/future_support_soft_weight_floor:0.000 - chunk_state/future_support_keep_ratio:1.000 - chunk_state/source_quality_weight_mode_off:1.000 - chunk_state/source_quality_weight_mode_source_mass:0.000 - chunk_state/source_quality_weight_mode_prompt_top_mass:0.000 - chunk_state/source_quality_weight_mode_product:0.000 - chunk_state/source_quality_weight_mode_prompt_valid_answer_coverage:0.000 - chunk_state/source_quality_weight_mode_prompt_top_margin:0.000 - chunk_state/source_quality_weight_mode_coverage_margin_product:0.000 - chunk_state/source_quality_weight_mode_group_quality:0.000 - chunk_state/source_quality_weight_mean:1.000 - chunk_state/source_quality_weight_floor:0.000 - chunk_state/source_quality_weight_power:1.000 - chunk_state/source_quality_max_entropy:0.000 - chunk_state/source_answer_mass_mean:0.843 - chunk_state/source_prompt_top_mass_mean:0.843 - chunk_state/prompt_valid_answer_coverage_mean:0.898 - chunk_state/prompt_answer_top_margin_mean:0.803 - chunk_state/prompt_answer_entropy_mean:0.655 - chunk_state/majority_ratio_mean:0.843 - chunk_state/answer_coverage_mean:0.844 - chunk_state/answer_coverage_weighted_mean:0.792 - chunk_state/positive_margin_mean:0.000 - chunk_state/positive_margin_weighted_mean:0.000 - chunk_state/positive_ratio:0.407 - chunk_state/label_consistent_only:0.000 - chunk_state/zero_inconsistent_candidates:0.000 - chunk_state/prune_zero_weight_samples:1.000 - chunk_state/prune_padded_to_shards:0.000 - chunk_state/pruned_sample_ratio:0.625 - chunk_state/label_consistent_ratio:0.844 - chunk_state/informative_ratio:1.000 - chunk_state/kept_state_ratio:1.000 - chunk_state/target_entropy:1.268 - chunk_state/target_prior_mean:1.000 - chunk_state/target_prior_max:1.000 - chunk_state/weight_max:0.911 - chunk_state/weight_min:0.000 - chunk_state/powerflow_weight_clip:4.000 - chunk_state/powerflow_weight_clip_renorm:1.000 - chunk_state/powerflow_weight_before_clip_max:7.284 - chunk_state/powerflow_weight_before_clip_mean:1.000 - chunk_state/powerflow_weight_mean:0.974 - chunk_state/powerflow_weight_max:4.000 - chunk_state/powerflow_weight_min:0.004 - chunk_state/boxed_reward_mean:0.483 - chunk_state/boxed_reward_weighted_mean:0.816 - chunk_state/actor_batch_powerflow_weight_nonzero_ratio:1.000 - chunk_state/actor_batch_powerflow_weight_shard0_mean:1.821 - chunk_state/actor_batch_powerflow_weight_shard0_nonzero_ratio:1.000 - chunk_state/actor_batch_powerflow_weight_shard_mean_low:0.488 - chunk_state/actor_batch_powerflow_weight_shard_mean_high:1.821 - chunk_state/actor_batch_powerflow_weight_zero_shard_ratio:0.000 - chunk_state_actor_span/mode_chunk:1.000 - chunk_state_actor_span/response_len_mean:106.578 - chunk_state_actor_span/truncated_ratio:0.000 - actor/pg_loss:1.327 - actor/powerflow_loss:1.327 - actor/log_prob:-3.115 - actor/old_log_prob:0.000 - actor/ref_log_prob:-3.115 - actor/ref_log_prob/std:0.000 - actor/boxed_reward/mean:0.302 - actor/boxed_reward/min:0.000 - actor/boxed_reward/max:0.906 - actor/powerflow_weight/mean:1.821 - actor/powerflow_weight/min:0.138 - actor/powerflow_weight/max:4.000 - actor/powerflow_weight/nonzero_ratio:1.000 - actor/powerflow_local_batch_size:1.000 - actor/log_z:-1.059 - actor/importance_weight:0.800 - actor/powerflow_chunk_loss_target_only:0.000 - actor/ppo_kl:3.115 - actor/ref_kl:-0.000 - actor/beta_coef:4.000 - actor/cispo_mask_ratio:0.542 - actor/cispo_dropped_tokens:62.667 - actor/condition_1_count:0.000 - actor/condition_2_count:62.667 - actor/pg_clipfrac:0.000 - actor/pg_clipfrac_lower:0.000 - actor/grad_norm:26.181 - perf/mfu/actor:0.000 - perf/max_memory_allocated_gb:166.224 - perf/max_memory_reserved_gb:176.207 - perf/cpu_memory_used_gb:791.326 - actor/lr:0.000 - timing_s/generate_sequences:18.030 - timing_s/reshard:0.542 - timing_s/gen:23.739 - timing_s/chunk_state_make_states:0.017 - timing_s/chunk_state_chunks/generate_sequences:0.531 - timing_s/chunk_state_chunks/reshard:0.499 - timing_s/chunk_state_chunks:1.072 - timing_s/chunk_state_score:5.891 - timing_s/chunk_state_build_actor_batch:0.006 - timing_s/chunk_state_ref:0.374 - timing_s/update_actor:1.034 - timing_per_token_ms/gen:0.022 - timing_per_token_ms/update_actor:0.001[36m(TaskRunner pid=731283)[0m <string>:1: SymPyDeprecationWarning: 
[36m(TaskRunner pid=731283)[0m 
[36m(TaskRunner pid=731283)[0m Using non-Expr arguments in Pow is deprecated (in this case, one of the
[36m(TaskRunner pid=731283)[0m arguments is of type 'FiniteSet').
[36m(TaskRunner pid=731283)[0m 
[36m(TaskRunner pid=731283)[0m If you really did intend to construct a power with this base, use the **
[36m(TaskRunner pid=731283)[0m operator instead.
[36m(TaskRunner pid=731283)[0m 
[36m(TaskRunner pid=731283)[0m See https://docs.sympy.org/latest/explanation/active-deprecations.html#non-expr-args-deprecated
[36m(TaskRunner pid=731283)[0m for details.
[36m(TaskRunner pid=731283)[0m 
[36m(TaskRunner pid=731283)[0m This has been deprecated since SymPy version 1.7. It
[36m(TaskRunner pid=731283)[0m will be removed in a future version of SymPy.
[36m(TaskRunner pid=731283)[0m 
[36m(TaskRunner pid=731283)[0m <string>:1: SymPyDeprecationWarning: 
[36m(TaskRunner pid=731283)[0m 
[36m(TaskRunner pid=731283)[0m Using non-Expr arguments in Pow is deprecated (in this case, one of the
[36m(TaskRunner pid=731283)[0m arguments is of type 'FiniteSet').
[36m(TaskRunner pid=731283)[0m 
[36m(TaskRunner pid=731283)[0m If you really did intend to construct a power with this base, use the **
[36m(TaskRunner pid=731283)[0m operator instead.
[36m(TaskRunner pid=731283)[0m 
[36m(TaskRunner pid=731283)[0m See https://docs.sympy.org/latest/explanation/active-deprecations.html#non-expr-args-deprecated
[36m(TaskRunner pid=731283)[0m for details.
[36m(TaskRunner pid=731283)[0m 
[36m(TaskRunner pid=731283)[0m This has been deprecated since SymPy version 1.7. It
[36m(TaskRunner pid=731283)[0m will be removed in a future version of SymPy.
[36m(TaskRunner pid=731283)[0m 
[36m(TaskRunner pid=731283)[0m <string>:1: SymPyDeprecationWarning: 
[36m(TaskRunner pid=731283)[0m 
[36m(TaskRunner pid=731283)[0m Using non-Expr arguments in Pow is deprecated (in this case, one of the
[36m(TaskRunner pid=731283)[0m arguments is of type 'FiniteSet').
[36m(TaskRunner pid=731283)[0m 
[36m(TaskRunner pid=731283)[0m If you really did intend to construct a power with this base, use the **
[36m(TaskRunner pid=731283)[0m operator instead.
[36m(TaskRunner pid=731283)[0m 
[36m(TaskRunner pid=731283)[0m See https://docs.sympy.org/latest/explanation/active-deprecations.html#non-expr-args-deprecated
[36m(TaskRunner pid=731283)[0m for details.
[36m(TaskRunner pid=731283)[0m 
[36m(TaskRunner pid=731283)[0m This has been deprecated since SymPy version 1.7. It
[36m(TaskRunner pid=731283)[0m will be removed in a future version of SymPy.
[36m(TaskRunner pid=731283)[0m 
[36m(TaskRunner pid=731283)[0m <string>:1: SymPyDeprecationWarning: 
[36m(TaskRunner pid=731283)[0m 
[36m(TaskRunner pid=731283)[0m Using non-Expr arguments in Pow is deprecated (in this case, one of the
[36m(TaskRunner pid=731283)[0m arguments is of type 'FiniteSet').
[36m(TaskRunner pid=731283)[0m 
[36m(TaskRunner pid=731283)[0m If you really did intend to construct a power with this base, use the **
[36m(TaskRunner pid=731283)[0m operator instead.
[36m(TaskRunner pid=731283)[0m 
[36m(TaskRunner pid=731283)[0m See https://docs.sympy.org/latest/explanation/active-deprecations.html#non-expr-args-deprecated
[36m(TaskRunner pid=731283)[0m for details.
[36m(TaskRunner pid=731283)[0m 
[36m(TaskRunner pid=731283)[0m This has been deprecated since SymPy version 1.7. It
[36m(TaskRunner pid=731283)[0m will be removed in a future version of SymPy.
[36m(TaskRunner pid=731283)[0m 
[36m(TaskRunner pid=731283)[0m <string>:1: SymPyDeprecationWarning: 
[36m(TaskRunner pid=731283)[0m 
[36m(TaskRunner pid=731283)[0m Using non-Expr arguments in Pow is deprecated (in this case, one of the
[36m(TaskRunner pid=731283)[0m arguments is of type 'FiniteSet').
[36m(TaskRunner pid=731283)[0m 
[36m(TaskRunner pid=731283)[0m If you really did intend to construct a power with this base, use the **
[36m(TaskRunner pid=731283)[0m operator instead.
[36m(TaskRunner pid=731283)[0m 
[36m(TaskRunner pid=731283)[0m See https://docs.sympy.org/latest/explanation/active-deprecations.html#non-expr-args-deprecated
[36m(TaskRunner pid=731283)[0m for details.
[36m(TaskRunner pid=731283)[0m 
[36m(TaskRunner pid=731283)[0m This has been deprecated since SymPy version 1.7. It
[36m(TaskRunner pid=731283)[0m will be removed in a future version of SymPy.
[36m(TaskRunner pid=731283)[0m 
[36m(TaskRunner pid=731283)[0m WARNING:2026-08-02 09:40:30,280:Timeout during comparison
[36m(TaskRunner pid=731283)[0m <string>:1: SymPyDeprecationWarning: 
[36m(TaskRunner pid=731283)[0m 
[36m(TaskRunner pid=731283)[0m Using non-Expr arguments in Pow is deprecated (in this case, one of the
[36m(TaskRunner pid=731283)[0m arguments is of type 'FiniteSet').
[36m(TaskRunner pid=731283)[0m 
[36m(TaskRunner pid=731283)[0m If you really did intend to construct a power with this base, use the **
[36m(TaskRunner pid=731283)[0m operator instead.
[36m(TaskRunner pid=731283)[0m 
[36m(TaskRunner pid=731283)[0m See https://docs.sympy.org/latest/explanation/active-deprecations.html#non-expr-args-deprecated
[36m(TaskRunner pid=731283)[0m for details.
[36m(TaskRunner pid=731283)[0m 
[36m(TaskRunner pid=731283)[0m This has been deprecated since SymPy version 1.7. It
[36m(TaskRunner pid=731283)[0m will be removed in a future version of SymPy.
[36m(TaskRunner pid=731283)[0m 
[36m(TaskRunner pid=731283)[0m <string>:1: SymPyDeprecationWarning: 
[36m(TaskRunner pid=731283)[0m 
[36m(TaskRunner pid=731283)[0m Using non-Expr arguments in Pow is deprecated (in this case, one of the
[36m(TaskRunner pid=731283)[0m arguments is of type 'FiniteSet').
[36m(TaskRunner pid=731283)[0m 
[36m(TaskRunner pid=731283)[0m If you really did intend to construct a power with this base, use the **
[36m(TaskRunner pid=731283)[0m operator instead.
[36m(TaskRunner pid=731283)[0m 
[36m(TaskRunner pid=731283)[0m See https://docs.sympy.org/latest/explanation/active-deprecations.html#non-expr-args-deprecated
[36m(TaskRunner pid=731283)[0m for details.
[36m(TaskRunner pid=731283)[0m 
[36m(TaskRunner pid=731283)[0m This has been deprecated since SymPy version 1.7. It
[36m(TaskRunner pid=731283)[0m will be removed in a future version of SymPy.
[36m(TaskRunner pid=731283)[0m 
[36m(TaskRunner pid=731283)[0m <string>:1: SymPyDeprecationWarning: 
[36m(TaskRunner pid=731283)[0m 
[36m(TaskRunner pid=731283)[0m Using non-Expr arguments in Pow is deprecated (in this case, one of the
[36m(TaskRunner pid=731283)[0m arguments is of type 'FiniteSet').
[36m(TaskRunner pid=731283)[0m 
[36m(TaskRunner pid=731283)[0m If you really did intend to construct a power with this base, use the **
[36m(TaskRunner pid=731283)[0m operator instead.
[36m(TaskRunner pid=731283)[0m 
[36m(TaskRunner pid=731283)[0m See https://docs.sympy.org/latest/explanation/active-deprecations.html#non-expr-args-deprecated
[36m(TaskRunner pid=731283)[0m for details.
[36m(TaskRunner pid=731283)[0m 
[36m(TaskRunner pid=731283)[0m This has been deprecated since SymPy version 1.7. It
[36m(TaskRunner pid=731283)[0m will be removed in a future version of SymPy.
[36m(TaskRunner pid=731283)[0m 
[36m(TaskRunner pid=731283)[0m <string>:1: SymPyDeprecationWarning: 
[36m(TaskRunner pid=731283)[0m 
[36m(TaskRunner pid=731283)[0m Using non-Expr arguments in Pow is deprecated (in this case, one of the
[36m(TaskRunner pid=731283)[0m arguments is of type 'FiniteSet').
[36m(TaskRunner pid=731283)[0m 
[36m(TaskRunner pid=731283)[0m If you really did intend to construct a power with this base, use the **
[36m(TaskRunner pid=731283)[0m operator instead.
[36m(TaskRunner pid=731283)[0m 
[36m(TaskRunner pid=731283)[0m See https://docs.sympy.org/latest/explanation/active-deprecations.html#non-expr-args-deprecated
[36m(TaskRunner pid=731283)[0m for details.
[36m(TaskRunner pid=731283)[0m 
[36m(TaskRunner pid=731283)[0m This has been deprecated since SymPy version 1.7. It
[36m(TaskRunner pid=731283)[0m will be removed in a future version of SymPy.
[36m(TaskRunner pid=731283)[0m 
[36m(TaskRunner pid=731283)[0m <string>:1: SymPyDeprecationWarning: 
[36m(TaskRunner pid=731283)[0m 
[36m(TaskRunner pid=731283)[0m Using non-Expr arguments in Pow is deprecated (in this case, one of the
[36m(TaskRunner pid=731283)[0m arguments is of type 'FiniteSet').
[36m(TaskRunner pid=731283)[0m 
[36m(TaskRunner pid=731283)[0m If you really did intend to construct a power with this base, use the **
[36m(TaskRunner pid=731283)[0m operator instead.
[36m(TaskRunner pid=731283)[0m 
[36m(TaskRunner pid=731283)[0m See https://docs.sympy.org/latest/explanation/active-deprecations.html#non-expr-args-deprecated
[36m(TaskRunner pid=731283)[0m for details.
[36m(TaskRunner pid=731283)[0m 
[36m(TaskRunner pid=731283)[0m This has been deprecated since SymPy version 1.7. It
[36m(TaskRunner pid=731283)[0m will be removed in a future version of SymPy.
[36m(TaskRunner pid=731283)[0m 
[36m(TaskRunner pid=731283)[0m <string>:1: SymPyDeprecationWarning: 
[36m(TaskRunner pid=731283)[0m 
[36m(TaskRunner pid=731283)[0m Using non-Expr arguments in Pow is deprecated (in this case, one of the
[36m(TaskRunner pid=731283)[0m arguments is of type 'FiniteSet').
[36m(TaskRunner pid=731283)[0m 
[36m(TaskRunner pid=731283)[0m If you really did intend to construct a power with this base, use the **
[36m(TaskRunner pid=731283)[0m operator instead.
[36m(TaskRunner pid=731283)[0m 
[36m(TaskRunner pid=731283)[0m See https://docs.sympy.org/latest/explanation/active-deprecations.html#non-expr-args-deprecated
[36m(TaskRunner pid=731283)[0m for details.
[36m(TaskRunner pid=731283)[0m 
[36m(TaskRunner pid=731283)[0m This has been deprecated since SymPy version 1.7. It
[36m(TaskRunner pid=731283)[0m will be removed in a future version of SymPy.
[36m(TaskRunner pid=731283)[0m 
[36m(TaskRunner pid=731283)[0m WARNING:2026-08-02 09:41:12,423:Timeout during comparison
[36m(TaskRunner pid=731283)[0m WARNING:2026-08-02 09:41:16,989:Timeout during comparison
[36m(TaskRunner pid=731283)[0m Training Progress:  50%|█████     | 10/20 [08:58<09:16, 55.69s/it]

[36m(TaskRunner pid=731283)[0m [Shutdown] 4 subprocess(es) terminated.
[36m(TaskRunner pid=731283)[0m [Shutdown] 3 subprocess(es) terminated.
[36m(TaskRunner pid=731283)[0m [Shutdown] 3 subprocess(es) terminated.
[36m(TaskRunner pid=731283)[0m step:10 - chunk_state_source/selected_original_acc_mean:1.000 - chunk_state_source/prompt_original_pass:0.938 - chunk_state_source/prompt_original_mean:0.344 - chunk_state_source/selected_majority_consistent_mean:1.000 - chunk_state_source/prompt_majority_ratio_mean:0.373 - chunk_state_source/prompt_majority_pass:1.000 - chunk_state_source_chunk/enabled:1.000 - chunk_state_source_chunk/injected_ratio:1.000 - chunk_state_source_chunk/mean_len:128.000 - chunk_state_source_chunk/candidate_index:0.000 - chunk_state_support_anchor/enabled:1.000 - chunk_state_support_anchor/count:7.000 - chunk_state_support_anchor/candidate_start:1.000 - chunk_state_support_anchor/min_mass:0.031 - chunk_state_support_anchor/selection_mode_answer_stratified:0.000 - chunk_state_support_anchor/prefix_compat_enable:0.000 - chunk_state_support_anchor/prefix_compat_mode_hard:1.000 - chunk_state_support_anchor/prefix_compat_mode_soft:0.000 - chunk_state_support_anchor/prefix_compat_tokens:128.000 - chunk_state_support_anchor/min_prefix_match:0.750 - chunk_state_support_anchor/prefix_score_power:1.000 - chunk_state_support_anchor/skip_source:1.000 - chunk_state_support_anchor/injected_ratio:0.929 - chunk_state_support_anchor/state_keep_ratio:1.000 - chunk_state_support_anchor/skipped_no_anchor_ratio:0.000 - chunk_state_support_anchor/skipped_by_compat_ratio:0.000 - chunk_state_support_anchor/skipped_source_ratio:0.031 - chunk_state_support_anchor/score_mean:0.161 - chunk_state_support_anchor/positive_candidate_ratio:0.812 - chunk_state_support_anchor/prefix_match_mean:1.000 - chunk_state_support_anchor/prefix_match_min:1.000 - chunk_state_support_anchor/anchor_mass_mean:0.198 - chunk_state_support_anchor/anchor_mass_max:0.742 - chunk_state_support_anchor/anchor_len_mean:125.827 - chunk_state_support_anchor/unique_answer_ratio:0.625 - chunk_state_support_anchor/selected_rank_mean:2.885 - chunk_state_probe/skipped_for_support_flow:1.000 - chunk_state_support_flow/score_type_mass:0.000 - chunk_state_support_flow/score_type_soft_mass:0.000 - chunk_state_support_flow/score_type_gain:0.000 - chunk_state_support_flow/score_type_relative_gain:0.000 - chunk_state_support_flow/score_type_soft_relative_mass:0.000 - chunk_state_support_flow/score_type_softplus_gain:0.000 - chunk_state_support_flow/score_type_posterior_mass:1.000 - chunk_state_support_flow/score_type_posterior_gain:0.000 - chunk_state_support_flow/gain_slack:0.000 - chunk_state_support_flow/baseline_scale:1.000 - chunk_state_support_flow/source_prior_weight:1.000 - chunk_state_support_flow/min_positive_margin:0.000 - chunk_state_support_flow/softplus_temperature:0.125 - chunk_state_support_flow/split_mass_by_answer:0.000 - chunk_state_support_flow/answer_split_power:1.000 - chunk_state_support_flow/posterior_split_duplicates:0.000 - chunk_state_support_flow/answer_duplicate_ratio:0.000 - chunk_state_support_flow/posterior_answer_duplicate_ratio:0.396 - chunk_state_support_flow/raw_anchor_mass_mean:0.161 - chunk_state_support_flow/anchor_mass_mean:0.161 - chunk_state_support_flow/posterior_mass_mean:0.159 - chunk_state_support_flow/posterior_mass_max_mean:0.306 - chunk_state_support_flow/source_mass_mean:0.624 - chunk_state_support_flow/positive_margin_mean:-0.318 - chunk_state_support_flow/state_keep_ratio:1.000 - chunk_state_support_flow/score_mean:0.159 - chunk_state_support_flow/score_max_mean:0.306 - chunk_state_support_flow/label_consistent_ratio:0.750 - chunk_state_support_flow/raw_positive_ratio:0.159 - chunk_state_score/mode_majority_completion:0.000 - chunk_state_score/mode_answer_consensus:0.000 - chunk_state_score/mode_answer_distribution:0.000 - chunk_state_score/mode_answer_value_gain:0.000 - chunk_state_score/mode_answer_value_margin:0.000 - chunk_state_score/mode_answer_support_mass:0.000 - chunk_state_score/mode_future_support_gain:0.000 - chunk_state_score/mode_support_anchor:0.000 - chunk_state_score/mode_support_flow:1.000 - chunk_state_score/mode_answer_source_consistency:0.000 - chunk_state_diag/boundary_mean:192.000 - chunk_state_diag/boundary_min:0.000 - chunk_state_diag/boundary_max:1024.000 - chunk_state_diag/boundary_zero_ratio:0.750 - chunk_state_diag/skipped_short_sources:0.000 - chunk_state_diag/skipped_support_sources:29.000 - chunk_state_diag/majority_consistent_fallbacks:4.000 - chunk_state_diag/support_low_fallbacks:0.000 - chunk_state_diag/real_state_count:3.000 - chunk_state_diag/pad_state_count:5.000 - chunk_state_diag/loss_weight_mean:0.375 - chunk_state_diag/source_response_len_mean:2623.375 - chunk_state_diag/probe_score_std:0.229 - chunk_state_diag/state_probe_mean_max:0.649 - chunk_state_diag/state_probe_mean_min:0.016 - chunk_state_diag/state_all_positive_ratio:0.000 - chunk_state_diag/state_all_negative_ratio:0.000 - chunk_state_diag/state_mixed_ratio:1.000 - chunk_state_diag/source_majority_consistent_mean:1.000 - chunk_state_diag/source_prompt_majority_ratio_mean:0.488 - chunk_state_diag/source_answer_mass_mean:0.624 - chunk_state_diag/source_answer_mass_min:0.583 - chunk_state_diag/source_prompt_top_mass_mean:0.624 - chunk_state_diag/source_prompt_top_mass_min:0.583 - chunk_state_diag/prompt_valid_answer_coverage_mean:0.777 - chunk_state_diag/prompt_answer_top_margin_mean:0.517 - chunk_state_diag/prompt_answer_entropy_mean:1.282 - chunk_state_diag/source_pseudo_acc_mean:1.000 - chunk_state_diag/source_original_acc_mean:1.000 - chunk_state_diag/prompt_pseudo_mean:0.488 - chunk_state_diag/prompt_original_mean:0.488 - chunk_state_diag/prompt_original_pass:1.000 - chunk_state_diag/probe_mean_source_original_correct:0.159 - chunk_state_diag/probe_mean_source_original_wrong:0.000 - chunk_state_diag/source_original_correct_ratio:1.000 - chunk_state_diag/jsonl_rows:8.000 - chunk_state/num_states:8.000 - chunk_state/real_states:3.000 - chunk_state/pad_states:5.000 - chunk_state/num_candidates:64.000 - chunk_state/num_actor_samples:24.000 - chunk_state/loss_weight_mean:1.000 - chunk_state/base_loss_weight_mean:0.375 - chunk_state/zeroed_state_ratio:0.625 - chunk_state/confidence_gate_ratio:1.000 - chunk_state/confidence_weight_mean:1.000 - chunk_state/min_state_positive_margin:-1.000 - chunk_state/future_support_keep_mode_hard:1.000 - chunk_state/future_support_keep_mode_soft:0.000 - chunk_state/future_support_keep_mode_off:0.000 - chunk_state/future_support_soft_weight_mean:1.000 - chunk_state/future_support_state_weight_mean:1.000 - chunk_state/future_support_soft_weight_floor:0.000 - chunk_state/future_support_keep_ratio:1.000 - chunk_state/source_quality_weight_mode_off:1.000 - chunk_state/source_quality_weight_mode_source_mass:0.000 - chunk_state/source_quality_weight_mode_prompt_top_mass:0.000 - chunk_state/source_quality_weight_mode_product:0.000 - chunk_state/source_quality_weight_mode_prompt_valid_answer_coverage:0.000 - chunk_state/source_quality_weight_mode_prompt_top_margin:0.000 - chunk_state/source_quality_weight_mode_coverage_margin_product:0.000 - chunk_state/source_quality_weight_mode_group_quality:0.000 - chunk_state/source_quality_weight_mean:1.000 - chunk_state/source_quality_weight_floor:0.000 - chunk_state/source_quality_weight_power:1.000 - chunk_state/source_quality_max_entropy:0.000 - chunk_state/source_answer_mass_mean:0.624 - chunk_state/source_prompt_top_mass_mean:0.624 - chunk_state/prompt_valid_answer_coverage_mean:0.777 - chunk_state/prompt_answer_top_margin_mean:0.517 - chunk_state/prompt_answer_entropy_mean:1.282 - chunk_state/majority_ratio_mean:0.624 - chunk_state/answer_coverage_mean:0.812 - chunk_state/answer_coverage_weighted_mean:0.708 - chunk_state/positive_margin_mean:-0.318 - chunk_state/positive_margin_weighted_mean:-0.236 - chunk_state/positive_ratio:0.159 - chunk_state/label_consistent_only:0.000 - chunk_state/zero_inconsistent_candidates:0.000 - chunk_state/prune_zero_weight_samples:1.000 - chunk_state/prune_padded_to_shards:0.000 - chunk_state/pruned_sample_ratio:0.625 - chunk_state/label_consistent_ratio:0.750 - chunk_state/informative_ratio:1.000 - chunk_state/kept_state_ratio:1.000 - chunk_state/target_entropy:1.643 - chunk_state/target_prior_mean:1.000 - chunk_state/target_prior_max:1.000 - chunk_state/weight_max:0.814 - chunk_state/weight_min:0.001 - chunk_state/powerflow_weight_clip:4.000 - chunk_state/powerflow_weight_clip_renorm:1.000 - chunk_state/powerflow_weight_before_clip_max:5.463 - chunk_state/powerflow_weight_before_clip_mean:1.000 - chunk_state/powerflow_weight_mean:0.989 - chunk_state/powerflow_weight_max:4.000 - chunk_state/powerflow_weight_min:0.005 - chunk_state/boxed_reward_mean:0.277 - chunk_state/boxed_reward_weighted_mean:0.388 - chunk_state/actor_batch_powerflow_weight_nonzero_ratio:1.000 - chunk_state/actor_batch_powerflow_weight_shard0_mean:1.887 - chunk_state/actor_batch_powerflow_weight_shard0_nonzero_ratio:1.000 - chunk_state/actor_batch_powerflow_weight_shard_mean_low:0.595 - chunk_state/actor_batch_powerflow_weight_shard_mean_high:1.887 - chunk_state/actor_batch_powerflow_weight_zero_shard_ratio:0.000 - chunk_state_actor_span/mode_chunk:1.000 - chunk_state_actor_span/response_len_mean:126.234 - chunk_state_actor_span/truncated_ratio:0.000 - actor/pg_loss:2.981 - actor/powerflow_loss:2.981 - actor/log_prob:-0.891 - actor/old_log_prob:0.000 - actor/ref_log_prob:-0.895 - actor/ref_log_prob/std:0.000 - actor/boxed_reward/mean:0.289 - actor/boxed_reward/min:0.000 - actor/boxed_reward/max:0.742 - actor/powerflow_weight/mean:1.887 - actor/powerflow_weight/min:0.444 - actor/powerflow_weight/max:4.000 - actor/powerflow_weight/nonzero_ratio:1.000 - actor/powerflow_local_batch_size:1.000 - actor/log_z:-0.688 - actor/importance_weight:0.800 - actor/powerflow_chunk_loss_target_only:0.000 - actor/ppo_kl:0.891 - actor/ref_kl:-0.004 - actor/beta_coef:4.000 - actor/cispo_mask_ratio:0.451 - actor/cispo_dropped_tokens:57.667 - actor/condition_1_count:0.000 - actor/condition_2_count:57.667 - actor/pg_clipfrac:0.000 - actor/pg_clipfrac_lower:0.000 - actor/grad_norm:23.581 - perf/mfu/actor:0.000 - perf/max_memory_allocated_gb:166.224 - perf/max_memory_reserved_gb:176.207 - perf/cpu_memory_used_gb:791.982 - actor/lr:0.000 - timing_s/generate_sequences:17.452 - timing_s/reshard:0.462 - timing_s/gen:31.935 - timing_s/chunk_state_make_states:0.017 - timing_s/chunk_state_chunks/generate_sequences:0.517 - timing_s/chunk_state_chunks/reshard:0.356 - timing_s/chunk_state_chunks:0.925 - timing_s/chunk_state_score:9.827 - timing_s/chunk_state_build_actor_batch:0.006 - timing_s/chunk_state_ref:0.371 - timing_s/update_actor:1.004 - timing_per_token_ms/gen:0.033 - timing_per_token_ms/update_actor:0.001[36m(TaskRunner pid=731283)[0m <string>:1: SymPyDeprecationWarning: 
[36m(TaskRunner pid=731283)[0m 
[36m(TaskRunner pid=731283)[0m Using non-Expr arguments in Pow is deprecated (in this case, one of the
[36m(TaskRunner pid=731283)[0m arguments is of type 'FiniteSet').
[36m(TaskRunner pid=731283)[0m 
[36m(TaskRunner pid=731283)[0m If you really did intend to construct a power with this base, use the **
[36m(TaskRunner pid=731283)[0m operator instead.
[36m(TaskRunner pid=731283)[0m 
[36m(TaskRunner pid=731283)[0m See https://docs.sympy.org/latest/explanation/active-deprecations.html#non-expr-args-deprecated
[36m(TaskRunner pid=731283)[0m for details.
[36m(TaskRunner pid=731283)[0m 
[36m(TaskRunner pid=731283)[0m This has been deprecated since SymPy version 1.7. It
[36m(TaskRunner pid=731283)[0m will be removed in a future version of SymPy.
[36m(TaskRunner pid=731283)[0m 
[36m(TaskRunner pid=731283)[0m <string>:1: SymPyDeprecationWarning: 
[36m(TaskRunner pid=731283)[0m 
[36m(TaskRunner pid=731283)[0m Using non-Expr arguments in Pow is deprecated (in this case, one of the
[36m(TaskRunner pid=731283)[0m arguments is of type 'FiniteSet').
[36m(TaskRunner pid=731283)[0m 
[36m(TaskRunner pid=731283)[0m If you really did intend to construct a power with this base, use the **
[36m(TaskRunner pid=731283)[0m operator instead.
[36m(TaskRunner pid=731283)[0m 
[36m(TaskRunner pid=731283)[0m See https://docs.sympy.org/latest/explanation/active-deprecations.html#non-expr-args-deprecated
[36m(TaskRunner pid=731283)[0m for details.
[36m(TaskRunner pid=731283)[0m 
[36m(TaskRunner pid=731283)[0m This has been deprecated since SymPy version 1.7. It
[36m(TaskRunner pid=731283)[0m will be removed in a future version of SymPy.
[36m(TaskRunner pid=731283)[0m 
[36m(TaskRunner pid=731283)[0m <string>:1: SymPyDeprecationWarning: 
[36m(TaskRunner pid=731283)[0m 
[36m(TaskRunner pid=731283)[0m Using non-Expr arguments in Pow is deprecated (in this case, one of the
[36m(TaskRunner pid=731283)[0m arguments is of type 'FiniteSet').
[36m(TaskRunner pid=731283)[0m 
[36m(TaskRunner pid=731283)[0m If you really did intend to construct a power with this base, use the **
[36m(TaskRunner pid=731283)[0m operator instead.
[36m(TaskRunner pid=731283)[0m 
[36m(TaskRunner pid=731283)[0m See https://docs.sympy.org/latest/explanation/active-deprecations.html#non-expr-args-deprecated
[36m(TaskRunner pid=731283)[0m for details.
[36m(TaskRunner pid=731283)[0m 
[36m(TaskRunner pid=731283)[0m This has been deprecated since SymPy version 1.7. It
[36m(TaskRunner pid=731283)[0m will be removed in a future version of SymPy.
[36m(TaskRunner pid=731283)[0m 
[36m(TaskRunner pid=731283)[0m <string>:1: SymPyDeprecationWarning: 
[36m(TaskRunner pid=731283)[0m 
[36m(TaskRunner pid=731283)[0m Using non-Expr arguments in Pow is deprecated (in this case, one of the
[36m(TaskRunner pid=731283)[0m arguments is of type 'FiniteSet').
[36m(TaskRunner pid=731283)[0m 
[36m(TaskRunner pid=731283)[0m If you really did intend to construct a power with this base, use the **
[36m(TaskRunner pid=731283)[0m operator instead.
[36m(TaskRunner pid=731283)[0m 
[36m(TaskRunner pid=731283)[0m See https://docs.sympy.org/latest/explanation/active-deprecations.html#non-expr-args-deprecated
[36m(TaskRunner pid=731283)[0m for details.
[36m(TaskRunner pid=731283)[0m 
[36m(TaskRunner pid=731283)[0m This has been deprecated since SymPy version 1.7. It
[36m(TaskRunner pid=731283)[0m will be removed in a future version of SymPy.
[36m(TaskRunner pid=731283)[0m 
[36m(TaskRunner pid=731283)[0m <string>:1: SymPyDeprecationWarning: 
[36m(TaskRunner pid=731283)[0m 
[36m(TaskRunner pid=731283)[0m Using non-Expr arguments in Pow is deprecated (in this case, one of the
[36m(TaskRunner pid=731283)[0m arguments is of type 'FiniteSet').
[36m(TaskRunner pid=731283)[0m 
[36m(TaskRunner pid=731283)[0m If you really did intend to construct a power with this base, use the **
[36m(TaskRunner pid=731283)[0m operator instead.
[36m(TaskRunner pid=731283)[0m 
[36m(TaskRunner pid=731283)[0m See https://docs.sympy.org/latest/explanation/active-deprecations.html#non-expr-args-deprecated
[36m(TaskRunner pid=731283)[0m for details.
[36m(TaskRunner pid=731283)[0m 
[36m(TaskRunner pid=731283)[0m This has been deprecated since SymPy version 1.7. It
[36m(TaskRunner pid=731283)[0m will be removed in a future version of SymPy.
[36m(TaskRunner pid=731283)[0m 
[36m(TaskRunner pid=731283)[0m <string>:1: SymPyDeprecationWarning: 
[36m(TaskRunner pid=731283)[0m 
[36m(TaskRunner pid=731283)[0m Using non-Expr arguments in Pow is deprecated (in this case, one of the
[36m(TaskRunner pid=731283)[0m arguments is of type 'FiniteSet').
[36m(TaskRunner pid=731283)[0m 
[36m(TaskRunner pid=731283)[0m If you really did intend to construct a power with this base, use the **
[36m(TaskRunner pid=731283)[0m operator instead.
[36m(TaskRunner pid=731283)[0m 
[36m(TaskRunner pid=731283)[0m See https://docs.sympy.org/latest/explanation/active-deprecations.html#non-expr-args-deprecated
[36m(TaskRunner pid=731283)[0m for details.
[36m(TaskRunner pid=731283)[0m 
[36m(TaskRunner pid=731283)[0m This has been deprecated since SymPy version 1.7. It
[36m(TaskRunner pid=731283)[0m will be removed in a future version of SymPy.
[36m(TaskRunner pid=731283)[0m 
[36m(TaskRunner pid=731283)[0m <string>:1: SymPyDeprecationWarning: 
[36m(TaskRunner pid=731283)[0m 
[36m(TaskRunner pid=731283)[0m Using non-Expr arguments in Pow is deprecated (in this case, one of the
[36m(TaskRunner pid=731283)[0m arguments is of type 'FiniteSet').
[36m(TaskRunner pid=731283)[0m 
[36m(TaskRunner pid=731283)[0m If you really did intend to construct a power with this base, use the **
[36m(TaskRunner pid=731283)[0m operator instead.
[36m(TaskRunner pid=731283)[0m 
[36m(TaskRunner pid=731283)[0m See https://docs.sympy.org/latest/explanation/active-deprecations.html#non-expr-args-deprecated
[36m(TaskRunner pid=731283)[0m for details.
[36m(TaskRunner pid=731283)[0m 
[36m(TaskRunner pid=731283)[0m This has been deprecated since SymPy version 1.7. It
[36m(TaskRunner pid=731283)[0m will be removed in a future version of SymPy.
[36m(TaskRunner pid=731283)[0m 
[36m(TaskRunner pid=731283)[0m <string>:1: SymPyDeprecationWarning: 
[36m(TaskRunner pid=731283)[0m 
[36m(TaskRunner pid=731283)[0m Using non-Expr arguments in Pow is deprecated (in this case, one of the
[36m(TaskRunner pid=731283)[0m arguments is of type 'FiniteSet').
[36m(TaskRunner pid=731283)[0m 
[36m(TaskRunner pid=731283)[0m If you really did intend to construct a power with this base, use the **
[36m(TaskRunner pid=731283)[0m operator instead.
[36m(TaskRunner pid=731283)[0m 
[36m(TaskRunner pid=731283)[0m See https://docs.sympy.org/latest/explanation/active-deprecations.html#non-expr-args-deprecated
[36m(TaskRunner pid=731283)[0m for details.
[36m(TaskRunner pid=731283)[0m 
[36m(TaskRunner pid=731283)[0m This has been deprecated since SymPy version 1.7. It
[36m(TaskRunner pid=731283)[0m will be removed in a future version of SymPy.
[36m(TaskRunner pid=731283)[0m 
[36m(TaskRunner pid=731283)[0m <string>:1: SymPyDeprecationWarning: 
[36m(TaskRunner pid=731283)[0m 
[36m(TaskRunner pid=731283)[0m Using non-Expr arguments in Pow is deprecated (in this case, one of the
[36m(TaskRunner pid=731283)[0m arguments is of type 'FiniteSet').
[36m(TaskRunner pid=731283)[0m 
[36m(TaskRunner pid=731283)[0m If you really did intend to construct a power with this base, use the **
[36m(TaskRunner pid=731283)[0m operator instead.
[36m(TaskRunner pid=731283)[0m 
[36m(TaskRunner pid=731283)[0m See https://docs.sympy.org/latest/explanation/active-deprecations.html#non-expr-args-deprecated
[36m(TaskRunner pid=731283)[0m for details.
[36m(TaskRunner pid=731283)[0m 
[36m(TaskRunner pid=731283)[0m This has been deprecated since SymPy version 1.7. It
[36m(TaskRunner pid=731283)[0m will be removed in a future version of SymPy.
[36m(TaskRunner pid=731283)[0m 
[36m(TaskRunner pid=731283)[0m Training Progress:  55%|█████▌    | 11/20 [09:43<07:52, 52.49s/it]

[36m(TaskRunner pid=731283)[0m [Shutdown] 5 subprocess(es) terminated.
[36m(TaskRunner pid=731283)[0m [Shutdown] 5 subprocess(es) terminated.
[36m(TaskRunner pid=731283)[0m [Shutdown] 6 subprocess(es) terminated.
[36m(TaskRunner pid=731283)[0m step:11 - chunk_state_source/selected_original_acc_mean:0.875 - chunk_state_source/prompt_original_pass:1.000 - chunk_state_source/prompt_original_mean:0.375 - chunk_state_source/selected_majority_consistent_mean:1.000 - chunk_state_source/prompt_majority_ratio_mean:0.388 - chunk_state_source/prompt_majority_pass:1.000 - chunk_state_source_chunk/enabled:1.000 - chunk_state_source_chunk/injected_ratio:1.000 - chunk_state_source_chunk/mean_len:128.000 - chunk_state_source_chunk/candidate_index:0.000 - chunk_state_support_anchor/enabled:1.000 - chunk_state_support_anchor/count:7.000 - chunk_state_support_anchor/candidate_start:1.000 - chunk_state_support_anchor/min_mass:0.031 - chunk_state_support_anchor/selection_mode_answer_stratified:0.000 - chunk_state_support_anchor/prefix_compat_enable:0.000 - chunk_state_support_anchor/prefix_compat_mode_hard:1.000 - chunk_state_support_anchor/prefix_compat_mode_soft:0.000 - chunk_state_support_anchor/prefix_compat_tokens:128.000 - chunk_state_support_anchor/min_prefix_match:0.750 - chunk_state_support_anchor/prefix_score_power:1.000 - chunk_state_support_anchor/skip_source:1.000 - chunk_state_support_anchor/injected_ratio:0.571 - chunk_state_support_anchor/state_keep_ratio:1.000 - chunk_state_support_anchor/skipped_no_anchor_ratio:0.000 - chunk_state_support_anchor/skipped_by_compat_ratio:0.000 - chunk_state_support_anchor/skipped_source_ratio:0.031 - chunk_state_support_anchor/score_mean:0.174 - chunk_state_support_anchor/positive_candidate_ratio:0.500 - chunk_state_support_anchor/prefix_match_mean:1.000 - chunk_state_support_anchor/prefix_match_min:1.000 - chunk_state_support_anchor/anchor_mass_mean:0.348 - chunk_state_support_anchor/anchor_mass_max:0.774 - chunk_state_support_anchor/anchor_len_mean:122.844 - chunk_state_support_anchor/unique_answer_ratio:0.786 - chunk_state_support_anchor/selected_rank_mean:2.188 - chunk_state_probe/skipped_for_support_flow:1.000 - chunk_state_support_flow/score_type_mass:0.000 - chunk_state_support_flow/score_type_soft_mass:0.000 - chunk_state_support_flow/score_type_gain:0.000 - chunk_state_support_flow/score_type_relative_gain:0.000 - chunk_state_support_flow/score_type_soft_relative_mass:0.000 - chunk_state_support_flow/score_type_softplus_gain:0.000 - chunk_state_support_flow/score_type_posterior_mass:1.000 - chunk_state_support_flow/score_type_posterior_gain:0.000 - chunk_state_support_flow/gain_slack:0.000 - chunk_state_support_flow/baseline_scale:1.000 - chunk_state_support_flow/source_prior_weight:1.000 - chunk_state_support_flow/min_positive_margin:0.000 - chunk_state_support_flow/softplus_temperature:0.125 - chunk_state_support_flow/split_mass_by_answer:0.000 - chunk_state_support_flow/answer_split_power:1.000 - chunk_state_support_flow/posterior_split_duplicates:0.000 - chunk_state_support_flow/answer_duplicate_ratio:0.000 - chunk_state_support_flow/posterior_answer_duplicate_ratio:0.214 - chunk_state_support_flow/raw_anchor_mass_mean:0.174 - chunk_state_support_flow/anchor_mass_mean:0.174 - chunk_state_support_flow/posterior_mass_mean:0.174 - chunk_state_support_flow/posterior_mass_max_mean:0.305 - chunk_state_support_flow/source_mass_mean:0.716 - chunk_state_support_flow/positive_margin_mean:-0.411 - chunk_state_support_flow/state_keep_ratio:1.000 - chunk_state_support_flow/score_mean:0.174 - chunk_state_support_flow/score_max_mean:0.305 - chunk_state_support_flow/label_consistent_ratio:0.484 - chunk_state_support_flow/raw_positive_ratio:0.174 - chunk_state_score/mode_majority_completion:0.000 - chunk_state_score/mode_answer_consensus:0.000 - chunk_state_score/mode_answer_distribution:0.000 - chunk_state_score/mode_answer_value_gain:0.000 - chunk_state_score/mode_answer_value_margin:0.000 - chunk_state_score/mode_answer_support_mass:0.000 - chunk_state_score/mode_future_support_gain:0.000 - chunk_state_score/mode_support_anchor:0.000 - chunk_state_score/mode_support_flow:1.000 - chunk_state_score/mode_answer_source_consistency:0.000 - chunk_state_diag/boundary_mean:864.000 - chunk_state_diag/boundary_min:512.000 - chunk_state_diag/boundary_max:1024.000 - chunk_state_diag/boundary_zero_ratio:0.000 - chunk_state_diag/skipped_short_sources:0.000 - chunk_state_diag/skipped_support_sources:27.000 - chunk_state_diag/majority_consistent_fallbacks:3.000 - chunk_state_diag/support_low_fallbacks:0.000 - chunk_state_diag/real_state_count:5.000 - chunk_state_diag/pad_state_count:3.000 - chunk_state_diag/loss_weight_mean:0.625 - chunk_state_diag/source_response_len_mean:1933.750 - chunk_state_diag/probe_score_std:0.302 - chunk_state_diag/state_probe_mean_max:0.639 - chunk_state_diag/state_probe_mean_min:0.009 - chunk_state_diag/state_all_positive_ratio:0.000 - chunk_state_diag/state_all_negative_ratio:0.000 - chunk_state_diag/state_mixed_ratio:1.000 - chunk_state_diag/source_majority_consistent_mean:1.000 - chunk_state_diag/source_prompt_majority_ratio_mean:0.621 - chunk_state_diag/source_answer_mass_mean:0.716 - chunk_state_diag/source_answer_mass_min:0.655 - chunk_state_diag/source_prompt_top_mass_mean:0.716 - chunk_state_diag/source_prompt_top_mass_min:0.655 - chunk_state_diag/prompt_valid_answer_coverage_mean:0.867 - chunk_state_diag/prompt_answer_top_margin_mean:0.640 - chunk_state_diag/prompt_answer_entropy_mean:1.099 - chunk_state_diag/source_pseudo_acc_mean:1.000 - chunk_state_diag/source_original_acc_mean:0.875 - chunk_state_diag/prompt_pseudo_mean:0.621 - chunk_state_diag/prompt_original_mean:0.555 - chunk_state_diag/prompt_original_pass:1.000 - chunk_state_diag/probe_mean_source_original_correct:0.130 - chunk_state_diag/probe_mean_source_original_wrong:0.482 - chunk_state_diag/source_original_correct_ratio:0.875 - chunk_state_diag/jsonl_rows:8.000 - chunk_state/num_states:8.000 - chunk_state/real_states:5.000 - chunk_state/pad_states:3.000 - chunk_state/num_candidates:64.000 - chunk_state/num_actor_samples:40.000 - chunk_state/loss_weight_mean:1.000 - chunk_state/base_loss_weight_mean:0.625 - chunk_state/zeroed_state_ratio:0.375 - chunk_state/confidence_gate_ratio:1.000 - chunk_state/confidence_weight_mean:1.000 - chunk_state/min_state_positive_margin:-1.000 - chunk_state/future_support_keep_mode_hard:1.000 - chunk_state/future_support_keep_mode_soft:0.000 - chunk_state/future_support_keep_mode_off:0.000 - chunk_state/future_support_soft_weight_mean:1.000 - chunk_state/future_support_state_weight_mean:1.000 - chunk_state/future_support_soft_weight_floor:0.000 - chunk_state/future_support_keep_ratio:1.000 - chunk_state/source_quality_weight_mode_off:1.000 - chunk_state/source_quality_weight_mode_source_mass:0.000 - chunk_state/source_quality_weight_mode_prompt_top_mass:0.000 - chunk_state/source_quality_weight_mode_product:0.000 - chunk_state/source_quality_weight_mode_prompt_valid_answer_coverage:0.000 - chunk_state/source_quality_weight_mode_prompt_top_margin:0.000 - chunk_state/source_quality_weight_mode_coverage_margin_product:0.000 - chunk_state/source_quality_weight_mode_group_quality:0.000 - chunk_state/source_quality_weight_mean:1.000 - chunk_state/source_quality_weight_floor:0.000 - chunk_state/source_quality_weight_power:1.000 - chunk_state/source_quality_max_entropy:0.000 - chunk_state/source_answer_mass_mean:0.716 - chunk_state/source_prompt_top_mass_mean:0.716 - chunk_state/prompt_valid_answer_coverage_mean:0.867 - chunk_state/prompt_answer_top_margin_mean:0.640 - chunk_state/prompt_answer_entropy_mean:1.099 - chunk_state/majority_ratio_mean:0.716 - chunk_state/answer_coverage_mean:0.500 - chunk_state/answer_coverage_weighted_mean:0.650 - chunk_state/positive_margin_mean:-0.411 - chunk_state/positive_margin_weighted_mean:-0.257 - chunk_state/positive_ratio:0.174 - chunk_state/label_consistent_only:0.000 - chunk_state/zero_inconsistent_candidates:0.000 - chunk_state/prune_zero_weight_samples:1.000 - chunk_state/prune_padded_to_shards:0.000 - chunk_state/pruned_sample_ratio:0.375 - chunk_state/label_consistent_ratio:0.484 - chunk_state/informative_ratio:1.000 - chunk_state/kept_state_ratio:1.000 - chunk_state/target_entropy:1.770 - chunk_state/target_prior_mean:1.000 - chunk_state/target_prior_max:1.000 - chunk_state/weight_max:0.483 - chunk_state/weight_min:0.001 - chunk_state/powerflow_weight_clip:4.000 - chunk_state/powerflow_weight_clip_renorm:1.000 - chunk_state/powerflow_weight_before_clip_max:3.861 - chunk_state/powerflow_weight_before_clip_mean:1.000 - chunk_state/powerflow_weight_mean:1.000 - chunk_state/powerflow_weight_max:3.861 - chunk_state/powerflow_weight_min:0.005 - chunk_state/boxed_reward_mean:0.272 - chunk_state/boxed_reward_weighted_mean:0.452 - chunk_state/actor_batch_powerflow_weight_nonzero_ratio:1.000 - chunk_state/actor_batch_powerflow_weight_shard0_mean:1.458 - chunk_state/actor_batch_powerflow_weight_shard0_nonzero_ratio:1.000 - chunk_state/actor_batch_powerflow_weight_shard_mean_low:0.698 - chunk_state/actor_batch_powerflow_weight_shard_mean_high:1.458 - chunk_state/actor_batch_powerflow_weight_zero_shard_ratio:0.000 - chunk_state_actor_span/mode_chunk:1.000 - chunk_state_actor_span/response_len_mean:125.422 - chunk_state_actor_span/truncated_ratio:0.000 - actor/pg_loss:0.348 - actor/powerflow_loss:0.348 - actor/log_prob:-1.289 - actor/old_log_prob:0.000 - actor/ref_log_prob:-1.288 - actor/ref_log_prob/std:0.000 - actor/boxed_reward/mean:0.457 - actor/boxed_reward/min:0.000 - actor/boxed_reward/max:0.774 - actor/powerflow_weight/mean:1.458 - actor/powerflow_weight/min:0.038 - actor/powerflow_weight/max:3.861 - actor/powerflow_weight/nonzero_ratio:1.000 - actor/powerflow_local_batch_size:1.000 - actor/log_z:-0.999 - actor/importance_weight:0.825 - actor/powerflow_chunk_loss_target_only:0.000 - actor/ppo_kl:1.289 - actor/ref_kl:0.000 - actor/beta_coef:4.000 - actor/cispo_mask_ratio:0.411 - actor/cispo_dropped_tokens:39.400 - actor/condition_1_count:0.000 - actor/condition_2_count:39.400 - actor/pg_clipfrac:0.000 - actor/pg_clipfrac_lower:0.000 - actor/grad_norm:7.360 - perf/mfu/actor:0.000 - perf/max_memory_allocated_gb:166.224 - perf/max_memory_reserved_gb:176.207 - perf/cpu_memory_used_gb:792.214 - actor/lr:0.000 - timing_s/generate_sequences:17.373 - timing_s/reshard:0.495 - timing_s/gen:23.500 - timing_s/chunk_state_make_states:0.020 - timing_s/chunk_state_chunks/generate_sequences:0.534 - timing_s/chunk_state_chunks/reshard:0.476 - timing_s/chunk_state_chunks:1.065 - timing_s/chunk_state_score:7.495 - timing_s/chunk_state_build_actor_batch:0.007 - timing_s/chunk_state_ref:0.554 - timing_s/update_actor:1.702 - timing_per_token_ms/gen:0.024 - timing_per_token_ms/update_actor:0.002[36m(TaskRunner pid=731283)[0m <string>:1: SymPyDeprecationWarning: 
[36m(TaskRunner pid=731283)[0m 
[36m(TaskRunner pid=731283)[0m Using non-Expr arguments in Pow is deprecated (in this case, one of the
[36m(TaskRunner pid=731283)[0m arguments is of type 'FiniteSet').
[36m(TaskRunner pid=731283)[0m 
[36m(TaskRunner pid=731283)[0m If you really did intend to construct a power with this base, use the **
[36m(TaskRunner pid=731283)[0m operator instead.
[36m(TaskRunner pid=731283)[0m 
[36m(TaskRunner pid=731283)[0m See https://docs.sympy.org/latest/explanation/active-deprecations.html#non-expr-args-deprecated
[36m(TaskRunner pid=731283)[0m for details.
[36m(TaskRunner pid=731283)[0m 
[36m(TaskRunner pid=731283)[0m This has been deprecated since SymPy version 1.7. It
[36m(TaskRunner pid=731283)[0m will be removed in a future version of SymPy.
[36m(TaskRunner pid=731283)[0m 
[36m(TaskRunner pid=731283)[0m <string>:1: SymPyDeprecationWarning: 
[36m(TaskRunner pid=731283)[0m 
[36m(TaskRunner pid=731283)[0m Using non-Expr arguments in Pow is deprecated (in this case, one of the
[36m(TaskRunner pid=731283)[0m arguments is of type 'FiniteSet').
[36m(TaskRunner pid=731283)[0m 
[36m(TaskRunner pid=731283)[0m If you really did intend to construct a power with this base, use the **
[36m(TaskRunner pid=731283)[0m operator instead.
[36m(TaskRunner pid=731283)[0m 
[36m(TaskRunner pid=731283)[0m See https://docs.sympy.org/latest/explanation/active-deprecations.html#non-expr-args-deprecated
[36m(TaskRunner pid=731283)[0m for details.
[36m(TaskRunner pid=731283)[0m 
[36m(TaskRunner pid=731283)[0m This has been deprecated since SymPy version 1.7. It
[36m(TaskRunner pid=731283)[0m will be removed in a future version of SymPy.
[36m(TaskRunner pid=731283)[0m 
[36m(TaskRunner pid=731283)[0m <string>:1: SymPyDeprecationWarning: 
[36m(TaskRunner pid=731283)[0m 
[36m(TaskRunner pid=731283)[0m Using non-Expr arguments in Pow is deprecated (in this case, one of the
[36m(TaskRunner pid=731283)[0m arguments is of type 'FiniteSet').
[36m(TaskRunner pid=731283)[0m 
[36m(TaskRunner pid=731283)[0m If you really did intend to construct a power with this base, use the **
[36m(TaskRunner pid=731283)[0m operator instead.
[36m(TaskRunner pid=731283)[0m 
[36m(TaskRunner pid=731283)[0m See https://docs.sympy.org/latest/explanation/active-deprecations.html#non-expr-args-deprecated
[36m(TaskRunner pid=731283)[0m for details.
[36m(TaskRunner pid=731283)[0m 
[36m(TaskRunner pid=731283)[0m This has been deprecated since SymPy version 1.7. It
[36m(TaskRunner pid=731283)[0m will be removed in a future version of SymPy.
[36m(TaskRunner pid=731283)[0m 
[36m(TaskRunner pid=731283)[0m <string>:1: SymPyDeprecationWarning: 
[36m(TaskRunner pid=731283)[0m 
[36m(TaskRunner pid=731283)[0m Using non-Expr arguments in Pow is deprecated (in this case, one of the
[36m(TaskRunner pid=731283)[0m arguments is of type 'FiniteSet').
[36m(TaskRunner pid=731283)[0m 
[36m(TaskRunner pid=731283)[0m If you really did intend to construct a power with this base, use the **
[36m(TaskRunner pid=731283)[0m operator instead.
[36m(TaskRunner pid=731283)[0m 
[36m(TaskRunner pid=731283)[0m See https://docs.sympy.org/latest/explanation/active-deprecations.html#non-expr-args-deprecated
[36m(TaskRunner pid=731283)[0m for details.
[36m(TaskRunner pid=731283)[0m 
[36m(TaskRunner pid=731283)[0m This has been deprecated since SymPy version 1.7. It
[36m(TaskRunner pid=731283)[0m will be removed in a future version of SymPy.
[36m(TaskRunner pid=731283)[0m 
[36m(TaskRunner pid=731283)[0m Training Progress:  60%|██████    | 12/20 [10:30<06:45, 50.67s/it]

[36m(TaskRunner pid=731283)[0m [Shutdown] 2 subprocess(es) terminated.
[36m(TaskRunner pid=731283)[0m [Shutdown] 7 subprocess(es) terminated.
[36m(TaskRunner pid=731283)[0m [Shutdown] 2 subprocess(es) terminated.
[36m(TaskRunner pid=731283)[0m step:12 - chunk_state_source/selected_original_acc_mean:1.000 - chunk_state_source/prompt_original_pass:0.969 - chunk_state_source/prompt_original_mean:0.304 - chunk_state_source/selected_majority_consistent_mean:1.000 - chunk_state_source/prompt_majority_ratio_mean:0.322 - chunk_state_source/prompt_majority_pass:1.000 - chunk_state_source_chunk/enabled:1.000 - chunk_state_source_chunk/injected_ratio:1.000 - chunk_state_source_chunk/mean_len:128.000 - chunk_state_source_chunk/candidate_index:0.000 - chunk_state_support_anchor/enabled:1.000 - chunk_state_support_anchor/count:7.000 - chunk_state_support_anchor/candidate_start:1.000 - chunk_state_support_anchor/min_mass:0.031 - chunk_state_support_anchor/selection_mode_answer_stratified:0.000 - chunk_state_support_anchor/prefix_compat_enable:0.000 - chunk_state_support_anchor/prefix_compat_mode_hard:1.000 - chunk_state_support_anchor/prefix_compat_mode_soft:0.000 - chunk_state_support_anchor/prefix_compat_tokens:128.000 - chunk_state_support_anchor/min_prefix_match:0.750 - chunk_state_support_anchor/prefix_score_power:1.000 - chunk_state_support_anchor/skip_source:1.000 - chunk_state_support_anchor/injected_ratio:0.946 - chunk_state_support_anchor/state_keep_ratio:1.000 - chunk_state_support_anchor/skipped_no_anchor_ratio:0.000 - chunk_state_support_anchor/skipped_by_compat_ratio:0.000 - chunk_state_support_anchor/skipped_source_ratio:0.031 - chunk_state_support_anchor/score_mean:0.411 - chunk_state_support_anchor/positive_candidate_ratio:0.828 - chunk_state_support_anchor/prefix_match_mean:1.000 - chunk_state_support_anchor/prefix_match_min:1.000 - chunk_state_support_anchor/anchor_mass_mean:0.496 - chunk_state_support_anchor/anchor_mass_max:0.679 - chunk_state_support_anchor/anchor_len_mean:99.038 - chunk_state_support_anchor/unique_answer_ratio:0.446 - chunk_state_support_anchor/selected_rank_mean:2.887 - chunk_state_probe/skipped_for_support_flow:1.000 - chunk_state_support_flow/score_type_mass:0.000 - chunk_state_support_flow/score_type_soft_mass:0.000 - chunk_state_support_flow/score_type_gain:0.000 - chunk_state_support_flow/score_type_relative_gain:0.000 - chunk_state_support_flow/score_type_soft_relative_mass:0.000 - chunk_state_support_flow/score_type_softplus_gain:0.000 - chunk_state_support_flow/score_type_posterior_mass:1.000 - chunk_state_support_flow/score_type_posterior_gain:0.000 - chunk_state_support_flow/gain_slack:0.000 - chunk_state_support_flow/baseline_scale:1.000 - chunk_state_support_flow/source_prior_weight:1.000 - chunk_state_support_flow/min_positive_margin:0.000 - chunk_state_support_flow/softplus_temperature:0.125 - chunk_state_support_flow/split_mass_by_answer:0.000 - chunk_state_support_flow/answer_split_power:1.000 - chunk_state_support_flow/posterior_split_duplicates:0.000 - chunk_state_support_flow/answer_duplicate_ratio:0.000 - chunk_state_support_flow/posterior_answer_duplicate_ratio:0.554 - chunk_state_support_flow/raw_anchor_mass_mean:0.411 - chunk_state_support_flow/anchor_mass_mean:0.411 - chunk_state_support_flow/posterior_mass_mean:0.411 - chunk_state_support_flow/posterior_mass_max_mean:0.598 - chunk_state_support_flow/source_mass_mean:0.694 - chunk_state_support_flow/positive_margin_mean:-0.096 - chunk_state_support_flow/state_keep_ratio:1.000 - chunk_state_support_flow/score_mean:0.411 - chunk_state_support_flow/score_max_mean:0.598 - chunk_state_support_flow/label_consistent_ratio:0.828 - chunk_state_support_flow/raw_positive_ratio:0.411 - chunk_state_score/mode_majority_completion:0.000 - chunk_state_score/mode_answer_consensus:0.000 - chunk_state_score/mode_answer_distribution:0.000 - chunk_state_score/mode_answer_value_gain:0.000 - chunk_state_score/mode_answer_value_margin:0.000 - chunk_state_score/mode_answer_support_mass:0.000 - chunk_state_score/mode_future_support_gain:0.000 - chunk_state_score/mode_support_anchor:0.000 - chunk_state_score/mode_support_flow:1.000 - chunk_state_score/mode_answer_source_consistency:0.000 - chunk_state_diag/boundary_mean:800.000 - chunk_state_diag/boundary_min:768.000 - chunk_state_diag/boundary_max:1024.000 - chunk_state_diag/boundary_zero_ratio:0.000 - chunk_state_diag/skipped_short_sources:0.000 - chunk_state_diag/skipped_support_sources:29.000 - chunk_state_diag/majority_consistent_fallbacks:2.000 - chunk_state_diag/support_low_fallbacks:0.000 - chunk_state_diag/real_state_count:3.000 - chunk_state_diag/pad_state_count:5.000 - chunk_state_diag/loss_weight_mean:0.375 - chunk_state_diag/source_response_len_mean:1308.000 - chunk_state_diag/probe_score_std:0.324 - chunk_state_diag/state_probe_mean_max:0.594 - chunk_state_diag/state_probe_mean_min:0.017 - chunk_state_diag/state_all_positive_ratio:0.000 - chunk_state_diag/state_all_negative_ratio:0.000 - chunk_state_diag/state_mixed_ratio:1.000 - chunk_state_diag/source_majority_consistent_mean:1.000 - chunk_state_diag/source_prompt_majority_ratio_mean:0.621 - chunk_state_diag/source_answer_mass_mean:0.694 - chunk_state_diag/source_answer_mass_min:0.677 - chunk_state_diag/source_prompt_top_mass_mean:0.694 - chunk_state_diag/source_prompt_top_mass_min:0.677 - chunk_state_diag/prompt_valid_answer_coverage_mean:0.895 - chunk_state_diag/prompt_answer_top_margin_mean:0.659 - chunk_state_diag/prompt_answer_entropy_mean:1.279 - chunk_state_diag/source_pseudo_acc_mean:1.000 - chunk_state_diag/source_original_acc_mean:1.000 - chunk_state_diag/prompt_pseudo_mean:0.621 - chunk_state_diag/prompt_original_mean:0.621 - chunk_state_diag/prompt_original_pass:1.000 - chunk_state_diag/probe_mean_source_original_correct:0.411 - chunk_state_diag/probe_mean_source_original_wrong:0.000 - chunk_state_diag/source_original_correct_ratio:1.000 - chunk_state_diag/jsonl_rows:8.000 - chunk_state/num_states:8.000 - chunk_state/real_states:3.000 - chunk_state/pad_states:5.000 - chunk_state/num_candidates:64.000 - chunk_state/num_actor_samples:24.000 - chunk_state/loss_weight_mean:1.000 - chunk_state/base_loss_weight_mean:0.375 - chunk_state/zeroed_state_ratio:0.625 - chunk_state/confidence_gate_ratio:1.000 - chunk_state/confidence_weight_mean:1.000 - chunk_state/min_state_positive_margin:-1.000 - chunk_state/future_support_keep_mode_hard:1.000 - chunk_state/future_support_keep_mode_soft:0.000 - chunk_state/future_support_keep_mode_off:0.000 - chunk_state/future_support_soft_weight_mean:1.000 - chunk_state/future_support_state_weight_mean:1.000 - chunk_state/future_support_soft_weight_floor:0.000 - chunk_state/future_support_keep_ratio:1.000 - chunk_state/source_quality_weight_mode_off:1.000 - chunk_state/source_quality_weight_mode_source_mass:0.000 - chunk_state/source_quality_weight_mode_prompt_top_mass:0.000 - chunk_state/source_quality_weight_mode_product:0.000 - chunk_state/source_quality_weight_mode_prompt_valid_answer_coverage:0.000 - chunk_state/source_quality_weight_mode_prompt_top_margin:0.000 - chunk_state/source_quality_weight_mode_coverage_margin_product:0.000 - chunk_state/source_quality_weight_mode_group_quality:0.000 - chunk_state/source_quality_weight_mean:1.000 - chunk_state/source_quality_weight_floor:0.000 - chunk_state/source_quality_weight_power:1.000 - chunk_state/source_quality_max_entropy:0.000 - chunk_state/source_answer_mass_mean:0.694 - chunk_state/source_prompt_top_mass_mean:0.694 - chunk_state/prompt_valid_answer_coverage_mean:0.895 - chunk_state/prompt_answer_top_margin_mean:0.659 - chunk_state/prompt_answer_entropy_mean:1.279 - chunk_state/majority_ratio_mean:0.694 - chunk_state/answer_coverage_mean:0.828 - chunk_state/answer_coverage_weighted_mean:0.750 - chunk_state/positive_margin_mean:-0.096 - chunk_state/positive_margin_weighted_mean:-0.256 - chunk_state/positive_ratio:0.411 - chunk_state/label_consistent_only:0.000 - chunk_state/zero_inconsistent_candidates:0.000 - chunk_state/prune_zero_weight_samples:1.000 - chunk_state/prune_padded_to_shards:0.000 - chunk_state/pruned_sample_ratio:0.625 - chunk_state/label_consistent_ratio:0.828 - chunk_state/informative_ratio:1.000 - chunk_state/kept_state_ratio:1.000 - chunk_state/target_entropy:1.706 - chunk_state/target_prior_mean:1.000 - chunk_state/target_prior_max:1.000 - chunk_state/weight_max:0.483 - chunk_state/weight_min:0.001 - chunk_state/powerflow_weight_clip:4.000 - chunk_state/powerflow_weight_clip_renorm:1.000 - chunk_state/powerflow_weight_before_clip_max:3.867 - chunk_state/powerflow_weight_before_clip_mean:1.000 - chunk_state/powerflow_weight_mean:1.000 - chunk_state/powerflow_weight_max:3.867 - chunk_state/powerflow_weight_min:0.007 - chunk_state/boxed_reward_mean:0.213 - chunk_state/boxed_reward_weighted_mean:0.452 - chunk_state/actor_batch_powerflow_weight_nonzero_ratio:1.000 - chunk_state/actor_batch_powerflow_weight_shard0_mean:1.796 - chunk_state/actor_batch_powerflow_weight_shard0_nonzero_ratio:1.000 - chunk_state/actor_batch_powerflow_weight_shard_mean_low:0.509 - chunk_state/actor_batch_powerflow_weight_shard_mean_high:1.796 - chunk_state/actor_batch_powerflow_weight_zero_shard_ratio:0.000 - chunk_state_actor_span/mode_chunk:1.000 - chunk_state_actor_span/response_len_mean:104.016 - chunk_state_actor_span/truncated_ratio:0.000 - actor/pg_loss:0.691 - actor/powerflow_loss:0.691 - actor/log_prob:-1.311 - actor/old_log_prob:0.000 - actor/ref_log_prob:-1.309 - actor/ref_log_prob/std:0.000 - actor/boxed_reward/mean:0.022 - actor/boxed_reward/min:0.000 - actor/boxed_reward/max:0.033 - actor/powerflow_weight/mean:1.796 - actor/powerflow_weight/min:0.049 - actor/powerflow_weight/max:3.867 - actor/powerflow_weight/nonzero_ratio:1.000 - actor/powerflow_local_batch_size:1.000 - actor/log_z:-1.368 - actor/importance_weight:0.800 - actor/powerflow_chunk_loss_target_only:0.000 - actor/ppo_kl:1.311 - actor/ref_kl:0.002 - actor/beta_coef:4.000 - actor/cispo_mask_ratio:0.322 - actor/cispo_dropped_tokens:32.667 - actor/condition_1_count:0.000 - actor/condition_2_count:32.667 - actor/pg_clipfrac:0.000 - actor/pg_clipfrac_lower:0.000 - actor/grad_norm:11.650 - perf/mfu/actor:0.000 - perf/max_memory_allocated_gb:166.224 - perf/max_memory_reserved_gb:176.207 - perf/cpu_memory_used_gb:792.269 - actor/lr:0.000 - timing_s/generate_sequences:17.401 - timing_s/reshard:0.445 - timing_s/gen:24.027 - timing_s/chunk_state_make_states:0.020 - timing_s/chunk_state_chunks/generate_sequences:0.524 - timing_s/chunk_state_chunks/reshard:0.357 - timing_s/chunk_state_chunks:0.940 - timing_s/chunk_state_score:7.696 - timing_s/chunk_state_build_actor_batch:0.006 - timing_s/chunk_state_ref:0.385 - timing_s/update_actor:1.045 - timing_per_token_ms/gen:0.025 - timing_per_token_ms/update_actor:0.001[36m(TaskRunner pid=731283)[0m <string>:1: SymPyDeprecationWarning: 
[36m(TaskRunner pid=731283)[0m 
[36m(TaskRunner pid=731283)[0m Using non-Expr arguments in Pow is deprecated (in this case, one of the
[36m(TaskRunner pid=731283)[0m arguments is of type 'FiniteSet').
[36m(TaskRunner pid=731283)[0m 
[36m(TaskRunner pid=731283)[0m If you really did intend to construct a power with this base, use the **
[36m(TaskRunner pid=731283)[0m operator instead.
[36m(TaskRunner pid=731283)[0m 
[36m(TaskRunner pid=731283)[0m See https://docs.sympy.org/latest/explanation/active-deprecations.html#non-expr-args-deprecated
[36m(TaskRunner pid=731283)[0m for details.
[36m(TaskRunner pid=731283)[0m 
[36m(TaskRunner pid=731283)[0m This has been deprecated since SymPy version 1.7. It
[36m(TaskRunner pid=731283)[0m will be removed in a future version of SymPy.
[36m(TaskRunner pid=731283)[0m 
[36m(TaskRunner pid=731283)[0m /mlx_devbox/users/quyanyi/playground/.venvs/ttrl_b200/lib/python3.11/site-packages/sympy/core/basic.py:1383: SymPyDeprecationWarning: 
[36m(TaskRunner pid=731283)[0m 
[36m(TaskRunner pid=731283)[0m Using non-Expr arguments in Pow is deprecated (in this case, one of the
[36m(TaskRunner pid=731283)[0m arguments is of type 'FiniteSet').
[36m(TaskRunner pid=731283)[0m 
[36m(TaskRunner pid=731283)[0m If you really did intend to construct a power with this base, use the **
[36m(TaskRunner pid=731283)[0m operator instead.
[36m(TaskRunner pid=731283)[0m 
[36m(TaskRunner pid=731283)[0m See https://docs.sympy.org/latest/explanation/active-deprecations.html#non-expr-args-deprecated
[36m(TaskRunner pid=731283)[0m for details.
[36m(TaskRunner pid=731283)[0m 
[36m(TaskRunner pid=731283)[0m This has been deprecated since SymPy version 1.7. It
[36m(TaskRunner pid=731283)[0m will be removed in a future version of SymPy.
[36m(TaskRunner pid=731283)[0m 
[36m(TaskRunner pid=731283)[0m   return self.func(*args), True
[36m(TaskRunner pid=731283)[0m <string>:1: SymPyDeprecationWarning: 
[36m(TaskRunner pid=731283)[0m 
[36m(TaskRunner pid=731283)[0m Using non-Expr arguments in Pow is deprecated (in this case, one of the
[36m(TaskRunner pid=731283)[0m arguments is of type 'FiniteSet').
[36m(TaskRunner pid=731283)[0m 
[36m(TaskRunner pid=731283)[0m If you really did intend to construct a power with this base, use the **
[36m(TaskRunner pid=731283)[0m operator instead.
[36m(TaskRunner pid=731283)[0m 
[36m(TaskRunner pid=731283)[0m See https://docs.sympy.org/latest/explanation/active-deprecations.html#non-expr-args-deprecated
[36m(TaskRunner pid=731283)[0m for details.
[36m(TaskRunner pid=731283)[0m 
[36m(TaskRunner pid=731283)[0m This has been deprecated since SymPy version 1.7. It
[36m(TaskRunner pid=731283)[0m will be removed in a future version of SymPy.
[36m(TaskRunner pid=731283)[0m 
[36m(TaskRunner pid=731283)[0m <string>:1: SymPyDeprecationWarning: 
[36m(TaskRunner pid=731283)[0m 
[36m(TaskRunner pid=731283)[0m Using non-Expr arguments in Pow is deprecated (in this case, one of the
[36m(TaskRunner pid=731283)[0m arguments is of type 'FiniteSet').
[36m(TaskRunner pid=731283)[0m 
[36m(TaskRunner pid=731283)[0m If you really did intend to construct a power with this base, use the **
[36m(TaskRunner pid=731283)[0m operator instead.
[36m(TaskRunner pid=731283)[0m 
[36m(TaskRunner pid=731283)[0m See https://docs.sympy.org/latest/explanation/active-deprecations.html#non-expr-args-deprecated
[36m(TaskRunner pid=731283)[0m for details.
[36m(TaskRunner pid=731283)[0m 
[36m(TaskRunner pid=731283)[0m This has been deprecated since SymPy version 1.7. It
[36m(TaskRunner pid=731283)[0m will be removed in a future version of SymPy.
[36m(TaskRunner pid=731283)[0m 
[36m(TaskRunner pid=731283)[0m /mlx_devbox/users/quyanyi/playground/.venvs/ttrl_b200/lib/python3.11/site-packages/sympy/core/basic.py:1383: SymPyDeprecationWarning: 
[36m(TaskRunner pid=731283)[0m 
[36m(TaskRunner pid=731283)[0m Using non-Expr arguments in Pow is deprecated (in this case, one of the
[36m(TaskRunner pid=731283)[0m arguments is of type 'FiniteSet').
[36m(TaskRunner pid=731283)[0m 
[36m(TaskRunner pid=731283)[0m If you really did intend to construct a power with this base, use the **
[36m(TaskRunner pid=731283)[0m operator instead.
[36m(TaskRunner pid=731283)[0m 
[36m(TaskRunner pid=731283)[0m See https://docs.sympy.org/latest/explanation/active-deprecations.html#non-expr-args-deprecated
[36m(TaskRunner pid=731283)[0m for details.
[36m(TaskRunner pid=731283)[0m 
[36m(TaskRunner pid=731283)[0m This has been deprecated since SymPy version 1.7. It
[36m(TaskRunner pid=731283)[0m will be removed in a future version of SymPy.
[36m(TaskRunner pid=731283)[0m 
[36m(TaskRunner pid=731283)[0m   return self.func(*args), True
[36m(TaskRunner pid=731283)[0m <string>:1: SymPyDeprecationWarning: 
[36m(TaskRunner pid=731283)[0m 
[36m(TaskRunner pid=731283)[0m Using non-Expr arguments in Pow is deprecated (in this case, one of the
[36m(TaskRunner pid=731283)[0m arguments is of type 'FiniteSet').
[36m(TaskRunner pid=731283)[0m 
[36m(TaskRunner pid=731283)[0m If you really did intend to construct a power with this base, use the **
[36m(TaskRunner pid=731283)[0m operator instead.
[36m(TaskRunner pid=731283)[0m 
[36m(TaskRunner pid=731283)[0m See https://docs.sympy.org/latest/explanation/active-deprecations.html#non-expr-args-deprecated
[36m(TaskRunner pid=731283)[0m for details.
[36m(TaskRunner pid=731283)[0m 
[36m(TaskRunner pid=731283)[0m This has been deprecated since SymPy version 1.7. It
[36m(TaskRunner pid=731283)[0m will be removed in a future version of SymPy.
[36m(TaskRunner pid=731283)[0m 
[36m(TaskRunner pid=731283)[0m <string>:1: SymPyDeprecationWarning: 
[36m(TaskRunner pid=731283)[0m 
[36m(TaskRunner pid=731283)[0m Using non-Expr arguments in Pow is deprecated (in this case, one of the
[36m(TaskRunner pid=731283)[0m arguments is of type 'FiniteSet').
[36m(TaskRunner pid=731283)[0m 
[36m(TaskRunner pid=731283)[0m If you really did intend to construct a power with this base, use the **
[36m(TaskRunner pid=731283)[0m operator instead.
[36m(TaskRunner pid=731283)[0m 
[36m(TaskRunner pid=731283)[0m See https://docs.sympy.org/latest/explanation/active-deprecations.html#non-expr-args-deprecated
[36m(TaskRunner pid=731283)[0m for details.
[36m(TaskRunner pid=731283)[0m 
[36m(TaskRunner pid=731283)[0m This has been deprecated since SymPy version 1.7. It
[36m(TaskRunner pid=731283)[0m will be removed in a future version of SymPy.
[36m(TaskRunner pid=731283)[0m 
[36m(TaskRunner pid=731283)[0m Training Progress:  65%|██████▌   | 13/20 [11:15<05:41, 48.84s/it]

[36m(TaskRunner pid=731283)[0m [Shutdown] 6 subprocess(es) terminated.
[36m(TaskRunner pid=731283)[0m [Shutdown] 3 subprocess(es) terminated.
[36m(TaskRunner pid=731283)[0m [Shutdown] 57 subprocess(es) terminated.
[36m(TaskRunner pid=731283)[0m step:13 - chunk_state_source/selected_original_acc_mean:1.000 - chunk_state_source/prompt_original_pass:0.969 - chunk_state_source/prompt_original_mean:0.384 - chunk_state_source/selected_majority_consistent_mean:1.000 - chunk_state_source/prompt_majority_ratio_mean:0.394 - chunk_state_source/prompt_majority_pass:1.000 - chunk_state_source_chunk/enabled:1.000 - chunk_state_source_chunk/injected_ratio:1.000 - chunk_state_source_chunk/mean_len:128.000 - chunk_state_source_chunk/candidate_index:0.000 - chunk_state_support_anchor/enabled:1.000 - chunk_state_support_anchor/count:7.000 - chunk_state_support_anchor/candidate_start:1.000 - chunk_state_support_anchor/min_mass:0.031 - chunk_state_support_anchor/selection_mode_answer_stratified:0.000 - chunk_state_support_anchor/prefix_compat_enable:0.000 - chunk_state_support_anchor/prefix_compat_mode_hard:1.000 - chunk_state_support_anchor/prefix_compat_mode_soft:0.000 - chunk_state_support_anchor/prefix_compat_tokens:128.000 - chunk_state_support_anchor/min_prefix_match:0.750 - chunk_state_support_anchor/prefix_score_power:1.000 - chunk_state_support_anchor/skip_source:1.000 - chunk_state_support_anchor/injected_ratio:1.000 - chunk_state_support_anchor/state_keep_ratio:1.000 - chunk_state_support_anchor/skipped_no_anchor_ratio:0.000 - chunk_state_support_anchor/skipped_by_compat_ratio:0.000 - chunk_state_support_anchor/skipped_source_ratio:0.031 - chunk_state_support_anchor/score_mean:0.333 - chunk_state_support_anchor/positive_candidate_ratio:0.875 - chunk_state_support_anchor/prefix_match_mean:1.000 - chunk_state_support_anchor/prefix_match_min:1.000 - chunk_state_support_anchor/anchor_mass_mean:0.380 - chunk_state_support_anchor/anchor_mass_max:0.786 - chunk_state_support_anchor/anchor_len_mean:113.179 - chunk_state_support_anchor/unique_answer_ratio:0.661 - chunk_state_support_anchor/selected_rank_mean:3.000 - chunk_state_probe/skipped_for_support_flow:1.000 - chunk_state_support_flow/score_type_mass:0.000 - chunk_state_support_flow/score_type_soft_mass:0.000 - chunk_state_support_flow/score_type_gain:0.000 - chunk_state_support_flow/score_type_relative_gain:0.000 - chunk_state_support_flow/score_type_soft_relative_mass:0.000 - chunk_state_support_flow/score_type_softplus_gain:0.000 - chunk_state_support_flow/score_type_posterior_mass:1.000 - chunk_state_support_flow/score_type_posterior_gain:0.000 - chunk_state_support_flow/gain_slack:0.000 - chunk_state_support_flow/baseline_scale:1.000 - chunk_state_support_flow/source_prior_weight:1.000 - chunk_state_support_flow/min_positive_margin:0.000 - chunk_state_support_flow/softplus_temperature:0.125 - chunk_state_support_flow/split_mass_by_answer:0.000 - chunk_state_support_flow/answer_split_power:1.000 - chunk_state_support_flow/posterior_split_duplicates:0.000 - chunk_state_support_flow/answer_duplicate_ratio:0.000 - chunk_state_support_flow/posterior_answer_duplicate_ratio:0.339 - chunk_state_support_flow/raw_anchor_mass_mean:0.333 - chunk_state_support_flow/anchor_mass_mean:0.333 - chunk_state_support_flow/posterior_mass_mean:0.333 - chunk_state_support_flow/posterior_mass_max_mean:0.766 - chunk_state_support_flow/source_mass_mean:0.766 - chunk_state_support_flow/positive_margin_mean:0.000 - chunk_state_support_flow/state_keep_ratio:1.000 - chunk_state_support_flow/score_mean:0.333 - chunk_state_support_flow/score_max_mean:0.766 - chunk_state_support_flow/label_consistent_ratio:0.875 - chunk_state_support_flow/raw_positive_ratio:0.333 - chunk_state_score/mode_majority_completion:0.000 - chunk_state_score/mode_answer_consensus:0.000 - chunk_state_score/mode_answer_distribution:0.000 - chunk_state_score/mode_answer_value_gain:0.000 - chunk_state_score/mode_answer_value_margin:0.000 - chunk_state_score/mode_answer_support_mass:0.000 - chunk_state_score/mode_future_support_gain:0.000 - chunk_state_score/mode_support_anchor:0.000 - chunk_state_score/mode_support_flow:1.000 - chunk_state_score/mode_answer_source_consistency:0.000 - chunk_state_diag/boundary_mean:768.000 - chunk_state_diag/boundary_min:768.000 - chunk_state_diag/boundary_max:768.000 - chunk_state_diag/boundary_zero_ratio:0.000 - chunk_state_diag/skipped_short_sources:0.000 - chunk_state_diag/skipped_support_sources:29.000 - chunk_state_diag/majority_consistent_fallbacks:4.000 - chunk_state_diag/support_low_fallbacks:0.000 - chunk_state_diag/real_state_count:3.000 - chunk_state_diag/pad_state_count:5.000 - chunk_state_diag/loss_weight_mean:0.375 - chunk_state_diag/source_response_len_mean:1379.000 - chunk_state_diag/probe_score_std:0.359 - chunk_state_diag/state_probe_mean_max:0.585 - chunk_state_diag/state_probe_mean_min:0.219 - chunk_state_diag/state_all_positive_ratio:0.000 - chunk_state_diag/state_all_negative_ratio:0.000 - chunk_state_diag/state_mixed_ratio:1.000 - chunk_state_diag/source_majority_consistent_mean:1.000 - chunk_state_diag/source_prompt_majority_ratio_mean:0.672 - chunk_state_diag/source_answer_mass_mean:0.766 - chunk_state_diag/source_answer_mass_min:0.640 - chunk_state_diag/source_prompt_top_mass_mean:0.766 - chunk_state_diag/source_prompt_top_mass_min:0.640 - chunk_state_diag/prompt_valid_answer_coverage_mean:0.875 - chunk_state_diag/prompt_answer_top_margin_mean:0.725 - chunk_state_diag/prompt_answer_entropy_mean:0.973 - chunk_state_diag/source_pseudo_acc_mean:1.000 - chunk_state_diag/source_original_acc_mean:1.000 - chunk_state_diag/prompt_pseudo_mean:0.672 - chunk_state_diag/prompt_original_mean:0.672 - chunk_state_diag/prompt_original_pass:1.000 - chunk_state_diag/probe_mean_source_original_correct:0.333 - chunk_state_diag/probe_mean_source_original_wrong:0.000 - chunk_state_diag/source_original_correct_ratio:1.000 - chunk_state_diag/jsonl_rows:8.000 - chunk_state/num_states:8.000 - chunk_state/real_states:3.000 - chunk_state/pad_states:5.000 - chunk_state/num_candidates:64.000 - chunk_state/num_actor_samples:24.000 - chunk_state/loss_weight_mean:1.000 - chunk_state/base_loss_weight_mean:0.375 - chunk_state/zeroed_state_ratio:0.625 - chunk_state/confidence_gate_ratio:1.000 - chunk_state/confidence_weight_mean:1.000 - chunk_state/min_state_positive_margin:-1.000 - chunk_state/future_support_keep_mode_hard:1.000 - chunk_state/future_support_keep_mode_soft:0.000 - chunk_state/future_support_keep_mode_off:0.000 - chunk_state/future_support_soft_weight_mean:1.000 - chunk_state/future_support_state_weight_mean:1.000 - chunk_state/future_support_soft_weight_floor:0.000 - chunk_state/future_support_keep_ratio:1.000 - chunk_state/source_quality_weight_mode_off:1.000 - chunk_state/source_quality_weight_mode_source_mass:0.000 - chunk_state/source_quality_weight_mode_prompt_top_mass:0.000 - chunk_state/source_quality_weight_mode_product:0.000 - chunk_state/source_quality_weight_mode_prompt_valid_answer_coverage:0.000 - chunk_state/source_quality_weight_mode_prompt_top_margin:0.000 - chunk_state/source_quality_weight_mode_coverage_margin_product:0.000 - chunk_state/source_quality_weight_mode_group_quality:0.000 - chunk_state/source_quality_weight_mean:1.000 - chunk_state/source_quality_weight_floor:0.000 - chunk_state/source_quality_weight_power:1.000 - chunk_state/source_quality_max_entropy:0.000 - chunk_state/source_answer_mass_mean:0.766 - chunk_state/source_prompt_top_mass_mean:0.766 - chunk_state/prompt_valid_answer_coverage_mean:0.875 - chunk_state/prompt_answer_top_margin_mean:0.725 - chunk_state/prompt_answer_entropy_mean:0.973 - chunk_state/majority_ratio_mean:0.766 - chunk_state/answer_coverage_mean:0.875 - chunk_state/answer_coverage_weighted_mean:0.875 - chunk_state/positive_margin_mean:0.000 - chunk_state/positive_margin_weighted_mean:0.000 - chunk_state/positive_ratio:0.333 - chunk_state/label_consistent_only:0.000 - chunk_state/zero_inconsistent_candidates:0.000 - chunk_state/prune_zero_weight_samples:1.000 - chunk_state/prune_padded_to_shards:0.000 - chunk_state/pruned_sample_ratio:0.625 - chunk_state/label_consistent_ratio:0.875 - chunk_state/informative_ratio:1.000 - chunk_state/kept_state_ratio:1.000 - chunk_state/target_entropy:1.213 - chunk_state/target_prior_mean:1.000 - chunk_state/target_prior_max:1.000 - chunk_state/weight_max:0.486 - chunk_state/weight_min:0.001 - chunk_state/powerflow_weight_clip:4.000 - chunk_state/powerflow_weight_clip_renorm:1.000 - chunk_state/powerflow_weight_before_clip_max:2.627 - chunk_state/powerflow_weight_before_clip_mean:1.000 - chunk_state/powerflow_weight_mean:1.000 - chunk_state/powerflow_weight_max:2.627 - chunk_state/powerflow_weight_min:0.005 - chunk_state/boxed_reward_mean:0.461 - chunk_state/boxed_reward_weighted_mean:0.728 - chunk_state/actor_batch_powerflow_weight_nonzero_ratio:1.000 - chunk_state/actor_batch_powerflow_weight_shard0_mean:1.328 - chunk_state/actor_batch_powerflow_weight_shard0_nonzero_ratio:1.000 - chunk_state/actor_batch_powerflow_weight_shard_mean_low:0.454 - chunk_state/actor_batch_powerflow_weight_shard_mean_high:1.328 - chunk_state/actor_batch_powerflow_weight_zero_shard_ratio:0.000 - chunk_state_actor_span/mode_chunk:1.000 - chunk_state_actor_span/response_len_mean:115.031 - chunk_state_actor_span/truncated_ratio:0.000 - actor/pg_loss:1.607 - actor/powerflow_loss:1.607 - actor/log_prob:-1.223 - actor/old_log_prob:0.000 - actor/ref_log_prob:-1.224 - actor/ref_log_prob/std:0.000 - actor/boxed_reward/mean:0.270 - actor/boxed_reward/min:0.000 - actor/boxed_reward/max:0.774 - actor/powerflow_weight/mean:1.328 - actor/powerflow_weight/min:0.028 - actor/powerflow_weight/max:2.627 - actor/powerflow_weight/nonzero_ratio:1.000 - actor/powerflow_local_batch_size:1.000 - actor/log_z:-0.816 - actor/importance_weight:0.800 - actor/powerflow_chunk_loss_target_only:0.000 - actor/ppo_kl:1.223 - actor/ref_kl:-0.001 - actor/beta_coef:4.000 - actor/cispo_mask_ratio:0.469 - actor/cispo_dropped_tokens:59.000 - actor/condition_1_count:0.000 - actor/condition_2_count:59.000 - actor/pg_clipfrac:0.000 - actor/pg_clipfrac_lower:0.000 - actor/grad_norm:11.870 - perf/mfu/actor:0.000 - perf/max_memory_allocated_gb:166.224 - perf/max_memory_reserved_gb:176.207 - perf/cpu_memory_used_gb:792.294 - actor/lr:0.000 - timing_s/generate_sequences:17.222 - timing_s/reshard:0.573 - timing_s/gen:23.135 - timing_s/chunk_state_make_states:0.019 - timing_s/chunk_state_chunks/generate_sequences:0.526 - timing_s/chunk_state_chunks/reshard:0.348 - timing_s/chunk_state_chunks:0.917 - timing_s/chunk_state_score:7.718 - timing_s/chunk_state_build_actor_batch:0.006 - timing_s/chunk_state_ref:0.367 - timing_s/update_actor:1.076 - timing_per_token_ms/gen:0.025 - timing_per_token_ms/update_actor:0.001[36m(TaskRunner pid=731283)[0m WARNING:2026-08-02 09:44:02,751:Timeout during comparison
[36m(TaskRunner pid=731283)[0m WARNING:2026-08-02 09:44:14,725:Timeout during comparison
[36m(TaskRunner pid=731283)[0m WARNING:2026-08-02 09:44:19,459:Timeout during comparison
[36m(TaskRunner pid=731283)[0m Training Progress:  70%|███████   | 14/20 [12:01<04:49, 48.25s/it]

[36m(TaskRunner pid=731283)[0m [Shutdown] 68 subprocess(es) terminated.
[36m(TaskRunner pid=731283)[0m [Shutdown] 40 subprocess(es) terminated.
[36m(TaskRunner pid=731283)[0m [Shutdown] 2 subprocess(es) terminated.
[36m(TaskRunner pid=731283)[0m step:14 - chunk_state_source/selected_original_acc_mean:1.000 - chunk_state_source/prompt_original_pass:0.938 - chunk_state_source/prompt_original_mean:0.344 - chunk_state_source/selected_majority_consistent_mean:1.000 - chunk_state_source/prompt_majority_ratio_mean:0.353 - chunk_state_source/prompt_majority_pass:1.000 - chunk_state_source_chunk/enabled:1.000 - chunk_state_source_chunk/injected_ratio:1.000 - chunk_state_source_chunk/mean_len:128.000 - chunk_state_source_chunk/candidate_index:0.000 - chunk_state_support_anchor/enabled:1.000 - chunk_state_support_anchor/count:7.000 - chunk_state_support_anchor/candidate_start:1.000 - chunk_state_support_anchor/min_mass:0.031 - chunk_state_support_anchor/selection_mode_answer_stratified:0.000 - chunk_state_support_anchor/prefix_compat_enable:0.000 - chunk_state_support_anchor/prefix_compat_mode_hard:1.000 - chunk_state_support_anchor/prefix_compat_mode_soft:0.000 - chunk_state_support_anchor/prefix_compat_tokens:128.000 - chunk_state_support_anchor/min_prefix_match:0.750 - chunk_state_support_anchor/prefix_score_power:1.000 - chunk_state_support_anchor/skip_source:1.000 - chunk_state_support_anchor/injected_ratio:0.446 - chunk_state_support_anchor/state_keep_ratio:1.000 - chunk_state_support_anchor/skipped_no_anchor_ratio:0.000 - chunk_state_support_anchor/skipped_by_compat_ratio:0.000 - chunk_state_support_anchor/skipped_source_ratio:0.031 - chunk_state_support_anchor/score_mean:0.076 - chunk_state_support_anchor/positive_candidate_ratio:0.391 - chunk_state_support_anchor/prefix_match_mean:1.000 - chunk_state_support_anchor/prefix_match_min:1.000 - chunk_state_support_anchor/anchor_mass_mean:0.194 - chunk_state_support_anchor/anchor_mass_max:0.833 - chunk_state_support_anchor/anchor_len_mean:118.480 - chunk_state_support_anchor/unique_answer_ratio:0.946 - chunk_state_support_anchor/selected_rank_mean:1.880 - chunk_state_probe/skipped_for_support_flow:1.000 - chunk_state_support_flow/score_type_mass:0.000 - chunk_state_support_flow/score_type_soft_mass:0.000 - chunk_state_support_flow/score_type_gain:0.000 - chunk_state_support_flow/score_type_relative_gain:0.000 - chunk_state_support_flow/score_type_soft_relative_mass:0.000 - chunk_state_support_flow/score_type_softplus_gain:0.000 - chunk_state_support_flow/score_type_posterior_mass:1.000 - chunk_state_support_flow/score_type_posterior_gain:0.000 - chunk_state_support_flow/gain_slack:0.000 - chunk_state_support_flow/baseline_scale:1.000 - chunk_state_support_flow/source_prior_weight:1.000 - chunk_state_support_flow/min_positive_margin:0.000 - chunk_state_support_flow/softplus_temperature:0.125 - chunk_state_support_flow/split_mass_by_answer:0.000 - chunk_state_support_flow/answer_split_power:1.000 - chunk_state_support_flow/posterior_split_duplicates:0.000 - chunk_state_support_flow/answer_duplicate_ratio:0.000 - chunk_state_support_flow/posterior_answer_duplicate_ratio:0.054 - chunk_state_support_flow/raw_anchor_mass_mean:0.076 - chunk_state_support_flow/anchor_mass_mean:0.076 - chunk_state_support_flow/posterior_mass_mean:0.076 - chunk_state_support_flow/posterior_mass_max_mean:0.238 - chunk_state_support_flow/source_mass_mean:0.790 - chunk_state_support_flow/positive_margin_mean:-0.553 - chunk_state_support_flow/state_keep_ratio:1.000 - chunk_state_support_flow/score_mean:0.076 - chunk_state_support_flow/score_max_mean:0.238 - chunk_state_support_flow/label_consistent_ratio:0.391 - chunk_state_support_flow/raw_positive_ratio:0.076 - chunk_state_score/mode_majority_completion:0.000 - chunk_state_score/mode_answer_consensus:0.000 - chunk_state_score/mode_answer_distribution:0.000 - chunk_state_score/mode_answer_value_gain:0.000 - chunk_state_score/mode_answer_value_margin:0.000 - chunk_state_score/mode_answer_support_mass:0.000 - chunk_state_score/mode_future_support_gain:0.000 - chunk_state_score/mode_support_anchor:0.000 - chunk_state_score/mode_support_flow:1.000 - chunk_state_score/mode_answer_source_consistency:0.000 - chunk_state_diag/boundary_mean:640.000 - chunk_state_diag/boundary_min:256.000 - chunk_state_diag/boundary_max:1024.000 - chunk_state_diag/boundary_zero_ratio:0.000 - chunk_state_diag/skipped_short_sources:0.000 - chunk_state_diag/skipped_support_sources:27.000 - chunk_state_diag/majority_consistent_fallbacks:1.000 - chunk_state_diag/support_low_fallbacks:0.000 - chunk_state_diag/real_state_count:5.000 - chunk_state_diag/pad_state_count:3.000 - chunk_state_diag/loss_weight_mean:0.625 - chunk_state_diag/source_response_len_mean:2015.500 - chunk_state_diag/probe_score_std:0.216 - chunk_state_diag/state_probe_mean_max:0.329 - chunk_state_diag/state_probe_mean_min:0.009 - chunk_state_diag/state_all_positive_ratio:0.000 - chunk_state_diag/state_all_negative_ratio:0.000 - chunk_state_diag/state_mixed_ratio:1.000 - chunk_state_diag/source_majority_consistent_mean:1.000 - chunk_state_diag/source_prompt_majority_ratio_mean:0.707 - chunk_state_diag/source_answer_mass_mean:0.790 - chunk_state_diag/source_answer_mass_min:0.679 - chunk_state_diag/source_prompt_top_mass_mean:0.790 - chunk_state_diag/source_prompt_top_mass_min:0.679 - chunk_state_diag/prompt_valid_answer_coverage_mean:0.895 - chunk_state_diag/prompt_answer_top_margin_mean:0.729 - chunk_state_diag/prompt_answer_entropy_mean:0.849 - chunk_state_diag/source_pseudo_acc_mean:1.000 - chunk_state_diag/source_original_acc_mean:1.000 - chunk_state_diag/prompt_pseudo_mean:0.723 - chunk_state_diag/prompt_original_mean:0.723 - chunk_state_diag/prompt_original_pass:1.000 - chunk_state_diag/probe_mean_source_original_correct:0.076 - chunk_state_diag/probe_mean_source_original_wrong:0.000 - chunk_state_diag/source_original_correct_ratio:1.000 - chunk_state_diag/jsonl_rows:8.000 - chunk_state/num_states:8.000 - chunk_state/real_states:5.000 - chunk_state/pad_states:3.000 - chunk_state/num_candidates:64.000 - chunk_state/num_actor_samples:40.000 - chunk_state/loss_weight_mean:1.000 - chunk_state/base_loss_weight_mean:0.625 - chunk_state/zeroed_state_ratio:0.375 - chunk_state/confidence_gate_ratio:1.000 - chunk_state/confidence_weight_mean:1.000 - chunk_state/min_state_positive_margin:-1.000 - chunk_state/future_support_keep_mode_hard:1.000 - chunk_state/future_support_keep_mode_soft:0.000 - chunk_state/future_support_keep_mode_off:0.000 - chunk_state/future_support_soft_weight_mean:1.000 - chunk_state/future_support_state_weight_mean:1.000 - chunk_state/future_support_soft_weight_floor:0.000 - chunk_state/future_support_keep_ratio:1.000 - chunk_state/source_quality_weight_mode_off:1.000 - chunk_state/source_quality_weight_mode_source_mass:0.000 - chunk_state/source_quality_weight_mode_prompt_top_mass:0.000 - chunk_state/source_quality_weight_mode_product:0.000 - chunk_state/source_quality_weight_mode_prompt_valid_answer_coverage:0.000 - chunk_state/source_quality_weight_mode_prompt_top_margin:0.000 - chunk_state/source_quality_weight_mode_coverage_margin_product:0.000 - chunk_state/source_quality_weight_mode_group_quality:0.000 - chunk_state/source_quality_weight_mean:1.000 - chunk_state/source_quality_weight_floor:0.000 - chunk_state/source_quality_weight_power:1.000 - chunk_state/source_quality_max_entropy:0.000 - chunk_state/source_answer_mass_mean:0.790 - chunk_state/source_prompt_top_mass_mean:0.790 - chunk_state/prompt_valid_answer_coverage_mean:0.895 - chunk_state/prompt_answer_top_margin_mean:0.729 - chunk_state/prompt_answer_entropy_mean:0.849 - chunk_state/majority_ratio_mean:0.790 - chunk_state/answer_coverage_mean:0.391 - chunk_state/answer_coverage_weighted_mean:0.475 - chunk_state/positive_margin_mean:-0.553 - chunk_state/positive_margin_weighted_mean:-0.429 - chunk_state/positive_ratio:0.076 - chunk_state/label_consistent_only:0.000 - chunk_state/zero_inconsistent_candidates:0.000 - chunk_state/prune_zero_weight_samples:1.000 - chunk_state/prune_padded_to_shards:0.000 - chunk_state/pruned_sample_ratio:0.375 - chunk_state/label_consistent_ratio:0.391 - chunk_state/informative_ratio:1.000 - chunk_state/kept_state_ratio:1.000 - chunk_state/target_entropy:1.654 - chunk_state/target_prior_mean:1.000 - chunk_state/target_prior_max:1.000 - chunk_state/weight_max:0.585 - chunk_state/weight_min:0.001 - chunk_state/powerflow_weight_clip:4.000 - chunk_state/powerflow_weight_clip_renorm:1.000 - chunk_state/powerflow_weight_before_clip_max:4.682 - chunk_state/powerflow_weight_before_clip_mean:1.000 - chunk_state/powerflow_weight_mean:0.998 - chunk_state/powerflow_weight_max:4.000 - chunk_state/powerflow_weight_min:0.009 - chunk_state/boxed_reward_mean:0.116 - chunk_state/boxed_reward_weighted_mean:0.342 - chunk_state/actor_batch_powerflow_weight_nonzero_ratio:1.000 - chunk_state/actor_batch_powerflow_weight_shard0_mean:1.437 - chunk_state/actor_batch_powerflow_weight_shard0_nonzero_ratio:1.000 - chunk_state/actor_batch_powerflow_weight_shard_mean_low:0.654 - chunk_state/actor_batch_powerflow_weight_shard_mean_high:1.437 - chunk_state/actor_batch_powerflow_weight_zero_shard_ratio:0.000 - chunk_state_actor_span/mode_chunk:1.000 - chunk_state_actor_span/response_len_mean:111.047 - chunk_state_actor_span/truncated_ratio:0.000 - actor/pg_loss:0.442 - actor/powerflow_loss:0.442 - actor/log_prob:-0.864 - actor/old_log_prob:0.000 - actor/ref_log_prob:-0.865 - actor/ref_log_prob/std:0.000 - actor/boxed_reward/mean:0.029 - actor/boxed_reward/min:0.000 - actor/boxed_reward/max:0.107 - actor/powerflow_weight/mean:1.437 - actor/powerflow_weight/min:0.042 - actor/powerflow_weight/max:4.000 - actor/powerflow_weight/nonzero_ratio:1.000 - actor/powerflow_local_batch_size:1.000 - actor/log_z:-1.396 - actor/importance_weight:0.800 - actor/powerflow_chunk_loss_target_only:0.000 - actor/ppo_kl:0.864 - actor/ref_kl:-0.000 - actor/beta_coef:4.000 - actor/cispo_mask_ratio:0.325 - actor/cispo_dropped_tokens:41.600 - actor/condition_1_count:0.000 - actor/condition_2_count:41.600 - actor/pg_clipfrac:0.000 - actor/pg_clipfrac_lower:0.000 - actor/grad_norm:16.335 - perf/mfu/actor:0.000 - perf/max_memory_allocated_gb:166.224 - perf/max_memory_reserved_gb:176.207 - perf/cpu_memory_used_gb:792.335 - actor/lr:0.000 - timing_s/generate_sequences:17.383 - timing_s/reshard:0.655 - timing_s/gen:23.235 - timing_s/chunk_state_make_states:0.019 - timing_s/chunk_state_chunks/generate_sequences:0.525 - timing_s/chunk_state_chunks/reshard:0.353 - timing_s/chunk_state_chunks:0.926 - timing_s/chunk_state_score:9.445 - timing_s/chunk_state_build_actor_batch:0.007 - timing_s/chunk_state_ref:0.555 - timing_s/update_actor:1.631 - timing_per_token_ms/gen:0.025 - timing_per_token_ms/update_actor:0.002[36m(TaskRunner pid=731283)[0m <string>:1: SymPyDeprecationWarning: 
[36m(TaskRunner pid=731283)[0m 
[36m(TaskRunner pid=731283)[0m Using non-Expr arguments in Mul is deprecated (in this case, one of
[36m(TaskRunner pid=731283)[0m the arguments has type 'Tuple').
[36m(TaskRunner pid=731283)[0m 
[36m(TaskRunner pid=731283)[0m If you really did intend to use a multiplication or addition operation with
[36m(TaskRunner pid=731283)[0m this object, use the * or + operator instead.
[36m(TaskRunner pid=731283)[0m 
[36m(TaskRunner pid=731283)[0m See https://docs.sympy.org/latest/explanation/active-deprecations.html#non-expr-args-deprecated
[36m(TaskRunner pid=731283)[0m for details.
[36m(TaskRunner pid=731283)[0m 
[36m(TaskRunner pid=731283)[0m This has been deprecated since SymPy version 1.7. It
[36m(TaskRunner pid=731283)[0m will be removed in a future version of SymPy.
[36m(TaskRunner pid=731283)[0m 
[36m(TaskRunner pid=731283)[0m <string>:1: SymPyDeprecationWarning: 
[36m(TaskRunner pid=731283)[0m 
[36m(TaskRunner pid=731283)[0m Using non-Expr arguments in Pow is deprecated (in this case, one of the
[36m(TaskRunner pid=731283)[0m arguments is of type 'FiniteSet').
[36m(TaskRunner pid=731283)[0m 
[36m(TaskRunner pid=731283)[0m If you really did intend to construct a power with this base, use the **
[36m(TaskRunner pid=731283)[0m operator instead.
[36m(TaskRunner pid=731283)[0m 
[36m(TaskRunner pid=731283)[0m See https://docs.sympy.org/latest/explanation/active-deprecations.html#non-expr-args-deprecated
[36m(TaskRunner pid=731283)[0m for details.
[36m(TaskRunner pid=731283)[0m 
[36m(TaskRunner pid=731283)[0m This has been deprecated since SymPy version 1.7. It
[36m(TaskRunner pid=731283)[0m will be removed in a future version of SymPy.
[36m(TaskRunner pid=731283)[0m 
[36m(TaskRunner pid=731283)[0m <string>:1: SyntaxWarning: 'set' object is not callable; perhaps you missed a comma?
[36m(TaskRunner pid=731283)[0m <string>:1: SymPyDeprecationWarning: 
[36m(TaskRunner pid=731283)[0m 
[36m(TaskRunner pid=731283)[0m Using non-Expr arguments in Pow is deprecated (in this case, one of the
[36m(TaskRunner pid=731283)[0m arguments is of type 'FiniteSet').
[36m(TaskRunner pid=731283)[0m 
[36m(TaskRunner pid=731283)[0m If you really did intend to construct a power with this base, use the **
[36m(TaskRunner pid=731283)[0m operator instead.
[36m(TaskRunner pid=731283)[0m 
[36m(TaskRunner pid=731283)[0m See https://docs.sympy.org/latest/explanation/active-deprecations.html#non-expr-args-deprecated
[36m(TaskRunner pid=731283)[0m for details.
[36m(TaskRunner pid=731283)[0m 
[36m(TaskRunner pid=731283)[0m This has been deprecated since SymPy version 1.7. It
[36m(TaskRunner pid=731283)[0m will be removed in a future version of SymPy.
[36m(TaskRunner pid=731283)[0m 
[36m(TaskRunner pid=731283)[0m <string>:1: SyntaxWarning: 'set' object is not callable; perhaps you missed a comma?
[36m(TaskRunner pid=731283)[0m <string>:1: SymPyDeprecationWarning: 
[36m(TaskRunner pid=731283)[0m 
[36m(TaskRunner pid=731283)[0m Using non-Expr arguments in Mul is deprecated (in this case, one of
[36m(TaskRunner pid=731283)[0m the arguments has type 'Tuple').
[36m(TaskRunner pid=731283)[0m 
[36m(TaskRunner pid=731283)[0m If you really did intend to use a multiplication or addition operation with
[36m(TaskRunner pid=731283)[0m this object, use the * or + operator instead.
[36m(TaskRunner pid=731283)[0m 
[36m(TaskRunner pid=731283)[0m See https://docs.sympy.org/latest/explanation/active-deprecations.html#non-expr-args-deprecated
[36m(TaskRunner pid=731283)[0m for details.
[36m(TaskRunner pid=731283)[0m 
[36m(TaskRunner pid=731283)[0m This has been deprecated since SymPy version 1.7. It
[36m(TaskRunner pid=731283)[0m will be removed in a future version of SymPy.
[36m(TaskRunner pid=731283)[0m 
[36m(TaskRunner pid=731283)[0m <string>:1: SymPyDeprecationWarning: 
[36m(TaskRunner pid=731283)[0m 
[36m(TaskRunner pid=731283)[0m Using non-Expr arguments in Mul is deprecated (in this case, one of
[36m(TaskRunner pid=731283)[0m the arguments has type 'Tuple').
[36m(TaskRunner pid=731283)[0m 
[36m(TaskRunner pid=731283)[0m If you really did intend to use a multiplication or addition operation with
[36m(TaskRunner pid=731283)[0m this object, use the * or + operator instead.
[36m(TaskRunner pid=731283)[0m 
[36m(TaskRunner pid=731283)[0m See https://docs.sympy.org/latest/explanation/active-deprecations.html#non-expr-args-deprecated
[36m(TaskRunner pid=731283)[0m for details.
[36m(TaskRunner pid=731283)[0m 
[36m(TaskRunner pid=731283)[0m This has been deprecated since SymPy version 1.7. It
[36m(TaskRunner pid=731283)[0m will be removed in a future version of SymPy.
[36m(TaskRunner pid=731283)[0m 
[36m(TaskRunner pid=731283)[0m <string>:1: SymPyDeprecationWarning: 
[36m(TaskRunner pid=731283)[0m 
[36m(TaskRunner pid=731283)[0m Using non-Expr arguments in Pow is deprecated (in this case, one of the
[36m(TaskRunner pid=731283)[0m arguments is of type 'FiniteSet').
[36m(TaskRunner pid=731283)[0m 
[36m(TaskRunner pid=731283)[0m If you really did intend to construct a power with this base, use the **
[36m(TaskRunner pid=731283)[0m operator instead.
[36m(TaskRunner pid=731283)[0m 
[36m(TaskRunner pid=731283)[0m See https://docs.sympy.org/latest/explanation/active-deprecations.html#non-expr-args-deprecated
[36m(TaskRunner pid=731283)[0m for details.
[36m(TaskRunner pid=731283)[0m 
[36m(TaskRunner pid=731283)[0m This has been deprecated since SymPy version 1.7. It
[36m(TaskRunner pid=731283)[0m will be removed in a future version of SymPy.
[36m(TaskRunner pid=731283)[0m 
[36m(TaskRunner pid=731283)[0m <string>:1: SyntaxWarning: 'set' object is not callable; perhaps you missed a comma?
[36m(TaskRunner pid=731283)[0m <string>:1: SymPyDeprecationWarning: 
[36m(TaskRunner pid=731283)[0m 
[36m(TaskRunner pid=731283)[0m Using non-Expr arguments in Pow is deprecated (in this case, one of the
[36m(TaskRunner pid=731283)[0m arguments is of type 'FiniteSet').
[36m(TaskRunner pid=731283)[0m 
[36m(TaskRunner pid=731283)[0m If you really did intend to construct a power with this base, use the **
[36m(TaskRunner pid=731283)[0m operator instead.
[36m(TaskRunner pid=731283)[0m 
[36m(TaskRunner pid=731283)[0m See https://docs.sympy.org/latest/explanation/active-deprecations.html#non-expr-args-deprecated
[36m(TaskRunner pid=731283)[0m for details.
[36m(TaskRunner pid=731283)[0m 
[36m(TaskRunner pid=731283)[0m This has been deprecated since SymPy version 1.7. It
[36m(TaskRunner pid=731283)[0m will be removed in a future version of SymPy.
[36m(TaskRunner pid=731283)[0m 
[36m(TaskRunner pid=731283)[0m <string>:1: SyntaxWarning: 'set' object is not callable; perhaps you missed a comma?
[36m(TaskRunner pid=731283)[0m <string>:1: SymPyDeprecationWarning: 
[36m(TaskRunner pid=731283)[0m 
[36m(TaskRunner pid=731283)[0m Using non-Expr arguments in Mul is deprecated (in this case, one of
[36m(TaskRunner pid=731283)[0m the arguments has type 'Tuple').
[36m(TaskRunner pid=731283)[0m 
[36m(TaskRunner pid=731283)[0m If you really did intend to use a multiplication or addition operation with
[36m(TaskRunner pid=731283)[0m this object, use the * or + operator instead.
[36m(TaskRunner pid=731283)[0m 
[36m(TaskRunner pid=731283)[0m See https://docs.sympy.org/latest/explanation/active-deprecations.html#non-expr-args-deprecated
[36m(TaskRunner pid=731283)[0m for details.
[36m(TaskRunner pid=731283)[0m 
[36m(TaskRunner pid=731283)[0m This has been deprecated since SymPy version 1.7. It
[36m(TaskRunner pid=731283)[0m will be removed in a future version of SymPy.
[36m(TaskRunner pid=731283)[0m 
[36m(TaskRunner pid=731283)[0m Training Progress:  75%|███████▌  | 15/20 [12:48<03:58, 47.65s/it]

[36m(TaskRunner pid=731283)[0m [Shutdown] 4 subprocess(es) terminated.
[36m(TaskRunner pid=731283)[0m [Shutdown] 2 subprocess(es) terminated.
[36m(TaskRunner pid=731283)[0m [Shutdown] 3 subprocess(es) terminated.
[36m(TaskRunner pid=731283)[0m step:15 - chunk_state_source/selected_original_acc_mean:1.000 - chunk_state_source/prompt_original_pass:0.938 - chunk_state_source/prompt_original_mean:0.334 - chunk_state_source/selected_majority_consistent_mean:1.000 - chunk_state_source/prompt_majority_ratio_mean:0.355 - chunk_state_source/prompt_majority_pass:1.000 - chunk_state_source_chunk/enabled:1.000 - chunk_state_source_chunk/injected_ratio:1.000 - chunk_state_source_chunk/mean_len:128.000 - chunk_state_source_chunk/candidate_index:0.000 - chunk_state_support_anchor/enabled:1.000 - chunk_state_support_anchor/count:7.000 - chunk_state_support_anchor/candidate_start:1.000 - chunk_state_support_anchor/min_mass:0.031 - chunk_state_support_anchor/selection_mode_answer_stratified:0.000 - chunk_state_support_anchor/prefix_compat_enable:0.000 - chunk_state_support_anchor/prefix_compat_mode_hard:1.000 - chunk_state_support_anchor/prefix_compat_mode_soft:0.000 - chunk_state_support_anchor/prefix_compat_tokens:128.000 - chunk_state_support_anchor/min_prefix_match:0.750 - chunk_state_support_anchor/prefix_score_power:1.000 - chunk_state_support_anchor/skip_source:1.000 - chunk_state_support_anchor/injected_ratio:0.929 - chunk_state_support_anchor/state_keep_ratio:1.000 - chunk_state_support_anchor/skipped_no_anchor_ratio:0.000 - chunk_state_support_anchor/skipped_by_compat_ratio:0.000 - chunk_state_support_anchor/skipped_source_ratio:0.031 - chunk_state_support_anchor/score_mean:0.480 - chunk_state_support_anchor/positive_candidate_ratio:0.812 - chunk_state_support_anchor/prefix_match_mean:1.000 - chunk_state_support_anchor/prefix_match_min:1.000 - chunk_state_support_anchor/anchor_mass_mean:0.590 - chunk_state_support_anchor/anchor_mass_max:0.786 - chunk_state_support_anchor/anchor_len_mean:112.865 - chunk_state_support_anchor/unique_answer_ratio:0.429 - chunk_state_support_anchor/selected_rank_mean:2.885 - chunk_state_probe/skipped_for_support_flow:1.000 - chunk_state_support_flow/score_type_mass:0.000 - chunk_state_support_flow/score_type_soft_mass:0.000 - chunk_state_support_flow/score_type_gain:0.000 - chunk_state_support_flow/score_type_relative_gain:0.000 - chunk_state_support_flow/score_type_soft_relative_mass:0.000 - chunk_state_support_flow/score_type_softplus_gain:0.000 - chunk_state_support_flow/score_type_posterior_mass:1.000 - chunk_state_support_flow/score_type_posterior_gain:0.000 - chunk_state_support_flow/gain_slack:0.000 - chunk_state_support_flow/baseline_scale:1.000 - chunk_state_support_flow/source_prior_weight:1.000 - chunk_state_support_flow/min_positive_margin:0.000 - chunk_state_support_flow/softplus_temperature:0.125 - chunk_state_support_flow/split_mass_by_answer:0.000 - chunk_state_support_flow/answer_split_power:1.000 - chunk_state_support_flow/posterior_split_duplicates:0.000 - chunk_state_support_flow/answer_duplicate_ratio:0.000 - chunk_state_support_flow/posterior_answer_duplicate_ratio:0.577 - chunk_state_support_flow/raw_anchor_mass_mean:0.480 - chunk_state_support_flow/anchor_mass_mean:0.480 - chunk_state_support_flow/posterior_mass_mean:0.479 - chunk_state_support_flow/posterior_mass_max_mean:0.672 - chunk_state_support_flow/source_mass_mean:0.745 - chunk_state_support_flow/positive_margin_mean:-0.073 - chunk_state_support_flow/state_keep_ratio:1.000 - chunk_state_support_flow/score_mean:0.479 - chunk_state_support_flow/score_max_mean:0.672 - chunk_state_support_flow/label_consistent_ratio:0.797 - chunk_state_support_flow/raw_positive_ratio:0.479 - chunk_state_score/mode_majority_completion:0.000 - chunk_state_score/mode_answer_consensus:0.000 - chunk_state_score/mode_answer_distribution:0.000 - chunk_state_score/mode_answer_value_gain:0.000 - chunk_state_score/mode_answer_value_margin:0.000 - chunk_state_score/mode_answer_support_mass:0.000 - chunk_state_score/mode_future_support_gain:0.000 - chunk_state_score/mode_support_anchor:0.000 - chunk_state_score/mode_support_flow:1.000 - chunk_state_score/mode_answer_source_consistency:0.000 - chunk_state_diag/boundary_mean:608.000 - chunk_state_diag/boundary_min:512.000 - chunk_state_diag/boundary_max:1024.000 - chunk_state_diag/boundary_zero_ratio:0.000 - chunk_state_diag/skipped_short_sources:0.000 - chunk_state_diag/skipped_support_sources:28.000 - chunk_state_diag/majority_consistent_fallbacks:1.000 - chunk_state_diag/support_low_fallbacks:0.000 - chunk_state_diag/real_state_count:4.000 - chunk_state_diag/pad_state_count:4.000 - chunk_state_diag/loss_weight_mean:0.500 - chunk_state_diag/source_response_len_mean:1651.625 - chunk_state_diag/probe_score_std:0.372 - chunk_state_diag/state_probe_mean_max:0.687 - chunk_state_diag/state_probe_mean_min:0.013 - chunk_state_diag/state_all_positive_ratio:0.000 - chunk_state_diag/state_all_negative_ratio:0.000 - chunk_state_diag/state_mixed_ratio:1.000 - chunk_state_diag/source_majority_consistent_mean:1.000 - chunk_state_diag/source_prompt_majority_ratio_mean:0.668 - chunk_state_diag/source_answer_mass_mean:0.745 - chunk_state_diag/source_answer_mass_min:0.621 - chunk_state_diag/source_prompt_top_mass_mean:0.745 - chunk_state_diag/source_prompt_top_mass_min:0.621 - chunk_state_diag/prompt_valid_answer_coverage_mean:0.898 - chunk_state_diag/prompt_answer_top_margin_mean:0.697 - chunk_state_diag/prompt_answer_entropy_mean:1.045 - chunk_state_diag/source_pseudo_acc_mean:1.000 - chunk_state_diag/source_original_acc_mean:1.000 - chunk_state_diag/prompt_pseudo_mean:0.668 - chunk_state_diag/prompt_original_mean:0.668 - chunk_state_diag/prompt_original_pass:1.000 - chunk_state_diag/probe_mean_source_original_correct:0.479 - chunk_state_diag/probe_mean_source_original_wrong:0.000 - chunk_state_diag/source_original_correct_ratio:1.000 - chunk_state_diag/jsonl_rows:8.000 - chunk_state/num_states:8.000 - chunk_state/real_states:4.000 - chunk_state/pad_states:4.000 - chunk_state/num_candidates:64.000 - chunk_state/num_actor_samples:32.000 - chunk_state/loss_weight_mean:1.000 - chunk_state/base_loss_weight_mean:0.500 - chunk_state/zeroed_state_ratio:0.500 - chunk_state/confidence_gate_ratio:1.000 - chunk_state/confidence_weight_mean:1.000 - chunk_state/min_state_positive_margin:-1.000 - chunk_state/future_support_keep_mode_hard:1.000 - chunk_state/future_support_keep_mode_soft:0.000 - chunk_state/future_support_keep_mode_off:0.000 - chunk_state/future_support_soft_weight_mean:1.000 - chunk_state/future_support_state_weight_mean:1.000 - chunk_state/future_support_soft_weight_floor:0.000 - chunk_state/future_support_keep_ratio:1.000 - chunk_state/source_quality_weight_mode_off:1.000 - chunk_state/source_quality_weight_mode_source_mass:0.000 - chunk_state/source_quality_weight_mode_prompt_top_mass:0.000 - chunk_state/source_quality_weight_mode_product:0.000 - chunk_state/source_quality_weight_mode_prompt_valid_answer_coverage:0.000 - chunk_state/source_quality_weight_mode_prompt_top_margin:0.000 - chunk_state/source_quality_weight_mode_coverage_margin_product:0.000 - chunk_state/source_quality_weight_mode_group_quality:0.000 - chunk_state/source_quality_weight_mean:1.000 - chunk_state/source_quality_weight_floor:0.000 - chunk_state/source_quality_weight_power:1.000 - chunk_state/source_quality_max_entropy:0.000 - chunk_state/source_answer_mass_mean:0.745 - chunk_state/source_prompt_top_mass_mean:0.745 - chunk_state/prompt_valid_answer_coverage_mean:0.898 - chunk_state/prompt_answer_top_margin_mean:0.697 - chunk_state/prompt_answer_entropy_mean:1.045 - chunk_state/majority_ratio_mean:0.745 - chunk_state/answer_coverage_mean:0.812 - chunk_state/answer_coverage_weighted_mean:0.750 - chunk_state/positive_margin_mean:-0.073 - chunk_state/positive_margin_weighted_mean:-0.147 - chunk_state/positive_ratio:0.479 - chunk_state/label_consistent_only:0.000 - chunk_state/zero_inconsistent_candidates:0.000 - chunk_state/prune_zero_weight_samples:1.000 - chunk_state/prune_padded_to_shards:0.000 - chunk_state/pruned_sample_ratio:0.500 - chunk_state/label_consistent_ratio:0.797 - chunk_state/informative_ratio:1.000 - chunk_state/kept_state_ratio:1.000 - chunk_state/target_entropy:1.700 - chunk_state/target_prior_mean:1.000 - chunk_state/target_prior_max:1.000 - chunk_state/weight_max:0.483 - chunk_state/weight_min:0.001 - chunk_state/powerflow_weight_clip:4.000 - chunk_state/powerflow_weight_clip_renorm:1.000 - chunk_state/powerflow_weight_before_clip_max:3.867 - chunk_state/powerflow_weight_before_clip_mean:1.000 - chunk_state/powerflow_weight_mean:1.000 - chunk_state/powerflow_weight_max:3.867 - chunk_state/powerflow_weight_min:0.005 - chunk_state/boxed_reward_mean:0.271 - chunk_state/boxed_reward_weighted_mean:0.546 - chunk_state/actor_batch_powerflow_weight_nonzero_ratio:1.000 - chunk_state/actor_batch_powerflow_weight_shard0_mean:1.454 - chunk_state/actor_batch_powerflow_weight_shard0_nonzero_ratio:1.000 - chunk_state/actor_batch_powerflow_weight_shard_mean_low:0.582 - chunk_state/actor_batch_powerflow_weight_shard_mean_high:1.454 - chunk_state/actor_batch_powerflow_weight_zero_shard_ratio:0.000 - chunk_state_actor_span/mode_chunk:1.000 - chunk_state_actor_span/response_len_mean:115.703 - chunk_state_actor_span/truncated_ratio:0.000 - actor/pg_loss:0.338 - actor/powerflow_loss:0.338 - actor/log_prob:-0.786 - actor/old_log_prob:0.000 - actor/ref_log_prob:-0.787 - actor/ref_log_prob/std:0.000 - actor/boxed_reward/mean:0.178 - actor/boxed_reward/min:0.000 - actor/boxed_reward/max:0.677 - actor/powerflow_weight/mean:1.454 - actor/powerflow_weight/min:0.030 - actor/powerflow_weight/max:3.867 - actor/powerflow_weight/nonzero_ratio:1.000 - actor/powerflow_local_batch_size:1.000 - actor/log_z:-1.402 - actor/importance_weight:0.800 - actor/powerflow_chunk_loss_target_only:0.000 - actor/ppo_kl:0.786 - actor/ref_kl:-0.001 - actor/beta_coef:4.000 - actor/cispo_mask_ratio:0.328 - actor/cispo_dropped_tokens:42.000 - actor/condition_1_count:0.000 - actor/condition_2_count:42.000 - actor/pg_clipfrac:0.000 - actor/pg_clipfrac_lower:0.000 - actor/grad_norm:7.548 - perf/mfu/actor:0.000 - perf/max_memory_allocated_gb:166.224 - perf/max_memory_reserved_gb:176.207 - perf/cpu_memory_used_gb:792.203 - actor/lr:0.000 - timing_s/generate_sequences:17.695 - timing_s/reshard:0.535 - timing_s/gen:23.327 - timing_s/chunk_state_make_states:0.018 - timing_s/chunk_state_chunks/generate_sequences:0.529 - timing_s/chunk_state_chunks/reshard:0.359 - timing_s/chunk_state_chunks:0.935 - timing_s/chunk_state_score:7.721 - timing_s/chunk_state_build_actor_batch:0.007 - timing_s/chunk_state_ref:0.452 - timing_s/update_actor:1.325 - timing_per_token_ms/gen:0.023 - timing_per_token_ms/update_actor:0.001[36m(TaskRunner pid=731283)[0m <string>:1: SymPyDeprecationWarning: 
[36m(TaskRunner pid=731283)[0m 
[36m(TaskRunner pid=731283)[0m Using non-Expr arguments in Pow is deprecated (in this case, one of the
[36m(TaskRunner pid=731283)[0m arguments is of type 'FiniteSet').
[36m(TaskRunner pid=731283)[0m 
[36m(TaskRunner pid=731283)[0m If you really did intend to construct a power with this base, use the **
[36m(TaskRunner pid=731283)[0m operator instead.
[36m(TaskRunner pid=731283)[0m 
[36m(TaskRunner pid=731283)[0m See https://docs.sympy.org/latest/explanation/active-deprecations.html#non-expr-args-deprecated
[36m(TaskRunner pid=731283)[0m for details.
[36m(TaskRunner pid=731283)[0m 
[36m(TaskRunner pid=731283)[0m This has been deprecated since SymPy version 1.7. It
[36m(TaskRunner pid=731283)[0m will be removed in a future version of SymPy.
[36m(TaskRunner pid=731283)[0m 
[36m(TaskRunner pid=731283)[0m Training Progress:  80%|████████  | 16/20 [13:35<03:09, 47.45s/it]

[36m(TaskRunner pid=731283)[0m [Shutdown] 3 subprocess(es) terminated.
[36m(TaskRunner pid=731283)[0m [Shutdown] 5 subprocess(es) terminated.
[36m(TaskRunner pid=731283)[0m [Shutdown] 3 subprocess(es) terminated.
[36m(TaskRunner pid=731283)[0m step:16 - chunk_state_source/selected_original_acc_mean:0.500 - chunk_state_source/prompt_original_pass:0.938 - chunk_state_source/prompt_original_mean:0.425 - chunk_state_source/selected_majority_consistent_mean:1.000 - chunk_state_source/prompt_majority_ratio_mean:0.446 - chunk_state_source/prompt_majority_pass:1.000 - chunk_state_source_chunk/enabled:1.000 - chunk_state_source_chunk/injected_ratio:1.000 - chunk_state_source_chunk/mean_len:128.000 - chunk_state_source_chunk/candidate_index:0.000 - chunk_state_support_anchor/enabled:1.000 - chunk_state_support_anchor/count:7.000 - chunk_state_support_anchor/candidate_start:1.000 - chunk_state_support_anchor/min_mass:0.031 - chunk_state_support_anchor/selection_mode_answer_stratified:0.000 - chunk_state_support_anchor/prefix_compat_enable:0.000 - chunk_state_support_anchor/prefix_compat_mode_hard:1.000 - chunk_state_support_anchor/prefix_compat_mode_soft:0.000 - chunk_state_support_anchor/prefix_compat_tokens:128.000 - chunk_state_support_anchor/min_prefix_match:0.750 - chunk_state_support_anchor/prefix_score_power:1.000 - chunk_state_support_anchor/skip_source:1.000 - chunk_state_support_anchor/injected_ratio:0.821 - chunk_state_support_anchor/state_keep_ratio:1.000 - chunk_state_support_anchor/skipped_no_anchor_ratio:0.000 - chunk_state_support_anchor/skipped_by_compat_ratio:0.000 - chunk_state_support_anchor/skipped_source_ratio:0.031 - chunk_state_support_anchor/score_mean:0.202 - chunk_state_support_anchor/positive_candidate_ratio:0.719 - chunk_state_support_anchor/prefix_match_mean:1.000 - chunk_state_support_anchor/prefix_match_min:1.000 - chunk_state_support_anchor/anchor_mass_mean:0.280 - chunk_state_support_anchor/anchor_mass_max:1.000 - chunk_state_support_anchor/anchor_len_mean:128.000 - chunk_state_support_anchor/unique_answer_ratio:0.857 - chunk_state_support_anchor/selected_rank_mean:2.652 - chunk_state_probe/skipped_for_support_flow:1.000 - chunk_state_support_flow/score_type_mass:0.000 - chunk_state_support_flow/score_type_soft_mass:0.000 - chunk_state_support_flow/score_type_gain:0.000 - chunk_state_support_flow/score_type_relative_gain:0.000 - chunk_state_support_flow/score_type_soft_relative_mass:0.000 - chunk_state_support_flow/score_type_softplus_gain:0.000 - chunk_state_support_flow/score_type_posterior_mass:1.000 - chunk_state_support_flow/score_type_posterior_gain:0.000 - chunk_state_support_flow/gain_slack:0.000 - chunk_state_support_flow/baseline_scale:1.000 - chunk_state_support_flow/source_prior_weight:1.000 - chunk_state_support_flow/min_positive_margin:0.000 - chunk_state_support_flow/softplus_temperature:0.125 - chunk_state_support_flow/split_mass_by_answer:0.000 - chunk_state_support_flow/answer_split_power:1.000 - chunk_state_support_flow/posterior_split_duplicates:0.000 - chunk_state_support_flow/answer_duplicate_ratio:0.000 - chunk_state_support_flow/posterior_answer_duplicate_ratio:0.143 - chunk_state_support_flow/raw_anchor_mass_mean:0.202 - chunk_state_support_flow/anchor_mass_mean:0.202 - chunk_state_support_flow/posterior_mass_mean:0.202 - chunk_state_support_flow/posterior_mass_max_mean:0.540 - chunk_state_support_flow/source_mass_mean:0.838 - chunk_state_support_flow/positive_margin_mean:-0.298 - chunk_state_support_flow/state_keep_ratio:1.000 - chunk_state_support_flow/score_mean:0.202 - chunk_state_support_flow/score_max_mean:0.540 - chunk_state_support_flow/label_consistent_ratio:0.719 - chunk_state_support_flow/raw_positive_ratio:0.202 - chunk_state_score/mode_majority_completion:0.000 - chunk_state_score/mode_answer_consensus:0.000 - chunk_state_score/mode_answer_distribution:0.000 - chunk_state_score/mode_answer_value_gain:0.000 - chunk_state_score/mode_answer_value_margin:0.000 - chunk_state_score/mode_answer_support_mass:0.000 - chunk_state_score/mode_future_support_gain:0.000 - chunk_state_score/mode_support_anchor:0.000 - chunk_state_score/mode_support_flow:1.000 - chunk_state_score/mode_answer_source_consistency:0.000 - chunk_state_diag/boundary_mean:608.000 - chunk_state_diag/boundary_min:0.000 - chunk_state_diag/boundary_max:1024.000 - chunk_state_diag/boundary_zero_ratio:0.125 - chunk_state_diag/skipped_short_sources:0.000 - chunk_state_diag/skipped_support_sources:27.000 - chunk_state_diag/majority_consistent_fallbacks:7.000 - chunk_state_diag/support_low_fallbacks:0.000 - chunk_state_diag/real_state_count:5.000 - chunk_state_diag/pad_state_count:3.000 - chunk_state_diag/loss_weight_mean:0.625 - chunk_state_diag/source_response_len_mean:1079.625 - chunk_state_diag/probe_score_std:0.361 - chunk_state_diag/state_probe_mean_max:0.875 - chunk_state_diag/state_probe_mean_min:0.009 - chunk_state_diag/state_all_positive_ratio:0.000 - chunk_state_diag/state_all_negative_ratio:0.000 - chunk_state_diag/state_mixed_ratio:1.000 - chunk_state_diag/source_majority_consistent_mean:1.000 - chunk_state_diag/source_prompt_majority_ratio_mean:0.809 - chunk_state_diag/source_answer_mass_mean:0.838 - chunk_state_diag/source_answer_mass_min:0.774 - chunk_state_diag/source_prompt_top_mass_mean:0.838 - chunk_state_diag/source_prompt_top_mass_min:0.774 - chunk_state_diag/prompt_valid_answer_coverage_mean:0.965 - chunk_state_diag/prompt_answer_top_margin_mean:0.810 - chunk_state_diag/prompt_answer_entropy_mean:0.700 - chunk_state_diag/source_pseudo_acc_mean:1.000 - chunk_state_diag/source_original_acc_mean:0.500 - chunk_state_diag/prompt_pseudo_mean:0.809 - chunk_state_diag/prompt_original_mean:0.418 - chunk_state_diag/prompt_original_pass:0.500 - chunk_state_diag/probe_mean_source_original_correct:0.230 - chunk_state_diag/probe_mean_source_original_wrong:0.173 - chunk_state_diag/source_original_correct_ratio:0.500 - chunk_state_diag/jsonl_rows:8.000 - chunk_state/num_states:8.000 - chunk_state/real_states:5.000 - chunk_state/pad_states:3.000 - chunk_state/num_candidates:64.000 - chunk_state/num_actor_samples:40.000 - chunk_state/loss_weight_mean:1.000 - chunk_state/base_loss_weight_mean:0.625 - chunk_state/zeroed_state_ratio:0.375 - chunk_state/confidence_gate_ratio:1.000 - chunk_state/confidence_weight_mean:1.000 - chunk_state/min_state_positive_margin:-1.000 - chunk_state/future_support_keep_mode_hard:1.000 - chunk_state/future_support_keep_mode_soft:0.000 - chunk_state/future_support_keep_mode_off:0.000 - chunk_state/future_support_soft_weight_mean:1.000 - chunk_state/future_support_state_weight_mean:1.000 - chunk_state/future_support_soft_weight_floor:0.000 - chunk_state/future_support_keep_ratio:1.000 - chunk_state/source_quality_weight_mode_off:1.000 - chunk_state/source_quality_weight_mode_source_mass:0.000 - chunk_state/source_quality_weight_mode_prompt_top_mass:0.000 - chunk_state/source_quality_weight_mode_product:0.000 - chunk_state/source_quality_weight_mode_prompt_valid_answer_coverage:0.000 - chunk_state/source_quality_weight_mode_prompt_top_margin:0.000 - chunk_state/source_quality_weight_mode_coverage_margin_product:0.000 - chunk_state/source_quality_weight_mode_group_quality:0.000 - chunk_state/source_quality_weight_mean:1.000 - chunk_state/source_quality_weight_floor:0.000 - chunk_state/source_quality_weight_power:1.000 - chunk_state/source_quality_max_entropy:0.000 - chunk_state/source_answer_mass_mean:0.838 - chunk_state/source_prompt_top_mass_mean:0.838 - chunk_state/prompt_valid_answer_coverage_mean:0.965 - chunk_state/prompt_answer_top_margin_mean:0.810 - chunk_state/prompt_answer_entropy_mean:0.700 - chunk_state/majority_ratio_mean:0.838 - chunk_state/answer_coverage_mean:0.719 - chunk_state/answer_coverage_weighted_mean:0.625 - chunk_state/positive_margin_mean:-0.298 - chunk_state/positive_margin_weighted_mean:-0.476 - chunk_state/positive_ratio:0.202 - chunk_state/label_consistent_only:0.000 - chunk_state/zero_inconsistent_candidates:0.000 - chunk_state/prune_zero_weight_samples:1.000 - chunk_state/prune_padded_to_shards:0.000 - chunk_state/pruned_sample_ratio:0.375 - chunk_state/label_consistent_ratio:0.719 - chunk_state/informative_ratio:1.000 - chunk_state/kept_state_ratio:1.000 - chunk_state/target_entropy:1.271 - chunk_state/target_prior_mean:1.000 - chunk_state/target_prior_max:1.000 - chunk_state/weight_max:0.945 - chunk_state/weight_min:0.000 - chunk_state/powerflow_weight_clip:4.000 - chunk_state/powerflow_weight_clip_renorm:1.000 - chunk_state/powerflow_weight_before_clip_max:3.903 - chunk_state/powerflow_weight_before_clip_mean:1.000 - chunk_state/powerflow_weight_mean:1.000 - chunk_state/powerflow_weight_max:3.903 - chunk_state/powerflow_weight_min:0.003 - chunk_state/boxed_reward_mean:0.228 - chunk_state/boxed_reward_weighted_mean:0.371 - chunk_state/actor_batch_powerflow_weight_nonzero_ratio:1.000 - chunk_state/actor_batch_powerflow_weight_shard0_mean:1.505 - chunk_state/actor_batch_powerflow_weight_shard0_nonzero_ratio:1.000 - chunk_state/actor_batch_powerflow_weight_shard_mean_low:0.756 - chunk_state/actor_batch_powerflow_weight_shard_mean_high:1.505 - chunk_state/actor_batch_powerflow_weight_zero_shard_ratio:0.000 - chunk_state_actor_span/mode_chunk:1.000 - chunk_state_actor_span/response_len_mean:128.000 - chunk_state_actor_span/truncated_ratio:0.000 - actor/pg_loss:0.952 - actor/powerflow_loss:0.952 - actor/log_prob:-0.512 - actor/old_log_prob:0.000 - actor/ref_log_prob:-0.509 - actor/ref_log_prob/std:0.000 - actor/boxed_reward/mean:0.368 - actor/boxed_reward/min:0.000 - actor/boxed_reward/max:1.000 - actor/powerflow_weight/mean:1.505 - actor/powerflow_weight/min:0.494 - actor/powerflow_weight/max:3.903 - actor/powerflow_weight/nonzero_ratio:1.000 - actor/powerflow_local_batch_size:1.000 - actor/log_z:-1.113 - actor/importance_weight:0.800 - actor/powerflow_chunk_loss_target_only:0.000 - actor/ppo_kl:0.512 - actor/ref_kl:0.002 - actor/beta_coef:4.000 - actor/cispo_mask_ratio:0.236 - actor/cispo_dropped_tokens:30.200 - actor/condition_1_count:0.000 - actor/condition_2_count:30.200 - actor/pg_clipfrac:0.000 - actor/pg_clipfrac_lower:0.000 - actor/grad_norm:31.927 - perf/mfu/actor:0.000 - perf/max_memory_allocated_gb:166.224 - perf/max_memory_reserved_gb:176.207 - perf/cpu_memory_used_gb:792.744 - actor/lr:0.000 - timing_s/generate_sequences:17.280 - timing_s/reshard:0.462 - timing_s/gen:23.576 - timing_s/chunk_state_make_states:0.017 - timing_s/chunk_state_chunks/generate_sequences:0.527 - timing_s/chunk_state_chunks/reshard:0.341 - timing_s/chunk_state_chunks:0.912 - timing_s/chunk_state_score:8.141 - timing_s/chunk_state_build_actor_batch:0.008 - timing_s/chunk_state_ref:0.568 - timing_s/update_actor:1.679 - timing_per_token_ms/gen:0.025 - timing_per_token_ms/update_actor:0.002[36m(TaskRunner pid=731283)[0m <string>:1: SymPyDeprecationWarning: 
[36m(TaskRunner pid=731283)[0m 
[36m(TaskRunner pid=731283)[0m Using non-Expr arguments in Pow is deprecated (in this case, one of the
[36m(TaskRunner pid=731283)[0m arguments is of type 'FiniteSet').
[36m(TaskRunner pid=731283)[0m 
[36m(TaskRunner pid=731283)[0m If you really did intend to construct a power with this base, use the **
[36m(TaskRunner pid=731283)[0m operator instead.
[36m(TaskRunner pid=731283)[0m 
[36m(TaskRunner pid=731283)[0m See https://docs.sympy.org/latest/explanation/active-deprecations.html#non-expr-args-deprecated
[36m(TaskRunner pid=731283)[0m for details.
[36m(TaskRunner pid=731283)[0m 
[36m(TaskRunner pid=731283)[0m This has been deprecated since SymPy version 1.7. It
[36m(TaskRunner pid=731283)[0m will be removed in a future version of SymPy.
[36m(TaskRunner pid=731283)[0m 
[36m(TaskRunner pid=731283)[0m Training Progress:  85%|████████▌ | 17/20 [14:20<02:20, 46.91s/it]

[36m(TaskRunner pid=731283)[0m [Shutdown] 3 subprocess(es) terminated.
[36m(TaskRunner pid=731283)[0m [Shutdown] 8 subprocess(es) terminated.
[36m(TaskRunner pid=731283)[0m [Shutdown] 5 subprocess(es) terminated.
[36m(TaskRunner pid=731283)[0m step:17 - chunk_state_source/selected_original_acc_mean:0.875 - chunk_state_source/prompt_original_pass:0.938 - chunk_state_source/prompt_original_mean:0.285 - chunk_state_source/selected_majority_consistent_mean:1.000 - chunk_state_source/prompt_majority_ratio_mean:0.312 - chunk_state_source/prompt_majority_pass:1.000 - chunk_state_source_chunk/enabled:1.000 - chunk_state_source_chunk/injected_ratio:1.000 - chunk_state_source_chunk/mean_len:128.000 - chunk_state_source_chunk/candidate_index:0.000 - chunk_state_support_anchor/enabled:1.000 - chunk_state_support_anchor/count:7.000 - chunk_state_support_anchor/candidate_start:1.000 - chunk_state_support_anchor/min_mass:0.031 - chunk_state_support_anchor/selection_mode_answer_stratified:0.000 - chunk_state_support_anchor/prefix_compat_enable:0.000 - chunk_state_support_anchor/prefix_compat_mode_hard:1.000 - chunk_state_support_anchor/prefix_compat_mode_soft:0.000 - chunk_state_support_anchor/prefix_compat_tokens:128.000 - chunk_state_support_anchor/min_prefix_match:0.750 - chunk_state_support_anchor/prefix_score_power:1.000 - chunk_state_support_anchor/skip_source:1.000 - chunk_state_support_anchor/injected_ratio:0.982 - chunk_state_support_anchor/state_keep_ratio:1.000 - chunk_state_support_anchor/skipped_no_anchor_ratio:0.000 - chunk_state_support_anchor/skipped_by_compat_ratio:0.000 - chunk_state_support_anchor/skipped_source_ratio:0.031 - chunk_state_support_anchor/score_mean:0.334 - chunk_state_support_anchor/positive_candidate_ratio:0.859 - chunk_state_support_anchor/prefix_match_mean:1.000 - chunk_state_support_anchor/prefix_match_min:1.000 - chunk_state_support_anchor/anchor_mass_mean:0.388 - chunk_state_support_anchor/anchor_mass_max:0.833 - chunk_state_support_anchor/anchor_len_mean:108.127 - chunk_state_support_anchor/unique_answer_ratio:0.643 - chunk_state_support_anchor/selected_rank_mean:2.945 - chunk_state_probe/skipped_for_support_flow:1.000 - chunk_state_support_flow/score_type_mass:0.000 - chunk_state_support_flow/score_type_soft_mass:0.000 - chunk_state_support_flow/score_type_gain:0.000 - chunk_state_support_flow/score_type_relative_gain:0.000 - chunk_state_support_flow/score_type_soft_relative_mass:0.000 - chunk_state_support_flow/score_type_softplus_gain:0.000 - chunk_state_support_flow/score_type_posterior_mass:1.000 - chunk_state_support_flow/score_type_posterior_gain:0.000 - chunk_state_support_flow/gain_slack:0.000 - chunk_state_support_flow/baseline_scale:1.000 - chunk_state_support_flow/source_prior_weight:1.000 - chunk_state_support_flow/min_positive_margin:0.000 - chunk_state_support_flow/softplus_temperature:0.125 - chunk_state_support_flow/split_mass_by_answer:0.000 - chunk_state_support_flow/answer_split_power:1.000 - chunk_state_support_flow/posterior_split_duplicates:0.000 - chunk_state_support_flow/answer_duplicate_ratio:0.000 - chunk_state_support_flow/posterior_answer_duplicate_ratio:0.357 - chunk_state_support_flow/raw_anchor_mass_mean:0.334 - chunk_state_support_flow/anchor_mass_mean:0.334 - chunk_state_support_flow/posterior_mass_mean:0.334 - chunk_state_support_flow/posterior_mass_max_mean:0.715 - chunk_state_support_flow/source_mass_mean:0.733 - chunk_state_support_flow/positive_margin_mean:-0.018 - chunk_state_support_flow/state_keep_ratio:1.000 - chunk_state_support_flow/score_mean:0.334 - chunk_state_support_flow/score_max_mean:0.715 - chunk_state_support_flow/label_consistent_ratio:0.859 - chunk_state_support_flow/raw_positive_ratio:0.334 - chunk_state_score/mode_majority_completion:0.000 - chunk_state_score/mode_answer_consensus:0.000 - chunk_state_score/mode_answer_distribution:0.000 - chunk_state_score/mode_answer_value_gain:0.000 - chunk_state_score/mode_answer_value_margin:0.000 - chunk_state_score/mode_answer_support_mass:0.000 - chunk_state_score/mode_future_support_gain:0.000 - chunk_state_score/mode_support_anchor:0.000 - chunk_state_score/mode_support_flow:1.000 - chunk_state_score/mode_answer_source_consistency:0.000 - chunk_state_diag/boundary_mean:704.000 - chunk_state_diag/boundary_min:512.000 - chunk_state_diag/boundary_max:768.000 - chunk_state_diag/boundary_zero_ratio:0.000 - chunk_state_diag/skipped_short_sources:0.000 - chunk_state_diag/skipped_support_sources:28.000 - chunk_state_diag/majority_consistent_fallbacks:0.000 - chunk_state_diag/support_low_fallbacks:0.000 - chunk_state_diag/real_state_count:4.000 - chunk_state_diag/pad_state_count:4.000 - chunk_state_diag/loss_weight_mean:0.500 - chunk_state_diag/source_response_len_mean:1891.125 - chunk_state_diag/probe_score_std:0.362 - chunk_state_diag/state_probe_mean_max:0.729 - chunk_state_diag/state_probe_mean_min:0.105 - chunk_state_diag/state_all_positive_ratio:0.000 - chunk_state_diag/state_all_negative_ratio:0.000 - chunk_state_diag/state_mixed_ratio:1.000 - chunk_state_diag/source_majority_consistent_mean:1.000 - chunk_state_diag/source_prompt_majority_ratio_mean:0.625 - chunk_state_diag/source_answer_mass_mean:0.733 - chunk_state_diag/source_answer_mass_min:0.500 - chunk_state_diag/source_prompt_top_mass_mean:0.733 - chunk_state_diag/source_prompt_top_mass_min:0.500 - chunk_state_diag/prompt_valid_answer_coverage_mean:0.852 - chunk_state_diag/prompt_answer_top_margin_mean:0.646 - chunk_state_diag/prompt_answer_entropy_mean:0.983 - chunk_state_diag/source_pseudo_acc_mean:0.250 - chunk_state_diag/source_original_acc_mean:0.875 - chunk_state_diag/prompt_pseudo_mean:0.152 - chunk_state_diag/prompt_original_mean:0.621 - chunk_state_diag/prompt_original_pass:1.000 - chunk_state_diag/probe_mean_source_original_correct:0.354 - chunk_state_diag/probe_mean_source_original_wrong:0.192 - chunk_state_diag/source_original_correct_ratio:0.875 - chunk_state_diag/jsonl_rows:8.000 - chunk_state/num_states:8.000 - chunk_state/real_states:4.000 - chunk_state/pad_states:4.000 - chunk_state/num_candidates:64.000 - chunk_state/num_actor_samples:32.000 - chunk_state/loss_weight_mean:1.000 - chunk_state/base_loss_weight_mean:0.500 - chunk_state/zeroed_state_ratio:0.500 - chunk_state/confidence_gate_ratio:1.000 - chunk_state/confidence_weight_mean:1.000 - chunk_state/min_state_positive_margin:-1.000 - chunk_state/future_support_keep_mode_hard:1.000 - chunk_state/future_support_keep_mode_soft:0.000 - chunk_state/future_support_keep_mode_off:0.000 - chunk_state/future_support_soft_weight_mean:1.000 - chunk_state/future_support_state_weight_mean:1.000 - chunk_state/future_support_soft_weight_floor:0.000 - chunk_state/future_support_keep_ratio:1.000 - chunk_state/source_quality_weight_mode_off:1.000 - chunk_state/source_quality_weight_mode_source_mass:0.000 - chunk_state/source_quality_weight_mode_prompt_top_mass:0.000 - chunk_state/source_quality_weight_mode_product:0.000 - chunk_state/source_quality_weight_mode_prompt_valid_answer_coverage:0.000 - chunk_state/source_quality_weight_mode_prompt_top_margin:0.000 - chunk_state/source_quality_weight_mode_coverage_margin_product:0.000 - chunk_state/source_quality_weight_mode_group_quality:0.000 - chunk_state/source_quality_weight_mean:1.000 - chunk_state/source_quality_weight_floor:0.000 - chunk_state/source_quality_weight_power:1.000 - chunk_state/source_quality_max_entropy:0.000 - chunk_state/source_answer_mass_mean:0.733 - chunk_state/source_prompt_top_mass_mean:0.733 - chunk_state/prompt_valid_answer_coverage_mean:0.852 - chunk_state/prompt_answer_top_margin_mean:0.646 - chunk_state/prompt_answer_entropy_mean:0.983 - chunk_state/majority_ratio_mean:0.733 - chunk_state/answer_coverage_mean:0.859 - chunk_state/answer_coverage_weighted_mean:0.844 - chunk_state/positive_margin_mean:-0.018 - chunk_state/positive_margin_weighted_mean:-0.036 - chunk_state/positive_ratio:0.334 - chunk_state/label_consistent_only:0.000 - chunk_state/zero_inconsistent_candidates:0.000 - chunk_state/prune_zero_weight_samples:1.000 - chunk_state/prune_padded_to_shards:0.000 - chunk_state/pruned_sample_ratio:0.500 - chunk_state/label_consistent_ratio:0.859 - chunk_state/informative_ratio:1.000 - chunk_state/kept_state_ratio:1.000 - chunk_state/target_entropy:1.266 - chunk_state/target_prior_mean:1.000 - chunk_state/target_prior_max:1.000 - chunk_state/weight_max:0.913 - chunk_state/weight_min:0.000 - chunk_state/powerflow_weight_clip:4.000 - chunk_state/powerflow_weight_clip_renorm:1.000 - chunk_state/powerflow_weight_before_clip_max:7.302 - chunk_state/powerflow_weight_before_clip_mean:1.000 - chunk_state/powerflow_weight_mean:0.986 - chunk_state/powerflow_weight_max:4.000 - chunk_state/powerflow_weight_min:0.004 - chunk_state/boxed_reward_mean:0.334 - chunk_state/boxed_reward_weighted_mean:0.632 - chunk_state/actor_batch_powerflow_weight_nonzero_ratio:1.000 - chunk_state/actor_batch_powerflow_weight_shard0_mean:1.364 - chunk_state/actor_batch_powerflow_weight_shard0_nonzero_ratio:1.000 - chunk_state/actor_batch_powerflow_weight_shard_mean_low:0.584 - chunk_state/actor_batch_powerflow_weight_shard_mean_high:1.364 - chunk_state/actor_batch_powerflow_weight_zero_shard_ratio:0.000 - chunk_state_actor_span/mode_chunk:1.000 - chunk_state_actor_span/response_len_mean:110.922 - chunk_state_actor_span/truncated_ratio:0.000 - actor/pg_loss:0.450 - actor/powerflow_loss:0.450 - actor/log_prob:-1.067 - actor/old_log_prob:0.000 - actor/ref_log_prob:-1.068 - actor/ref_log_prob/std:0.000 - actor/boxed_reward/mean:0.010 - actor/boxed_reward/min:0.000 - actor/boxed_reward/max:0.040 - actor/powerflow_weight/mean:1.364 - actor/powerflow_weight/min:0.043 - actor/powerflow_weight/max:4.000 - actor/powerflow_weight/nonzero_ratio:1.000 - actor/powerflow_local_batch_size:1.000 - actor/log_z:-1.509 - actor/importance_weight:0.800 - actor/powerflow_chunk_loss_target_only:0.000 - actor/ppo_kl:1.067 - actor/ref_kl:-0.001 - actor/beta_coef:4.000 - actor/cispo_mask_ratio:0.400 - actor/cispo_dropped_tokens:51.250 - actor/condition_1_count:0.000 - actor/condition_2_count:51.250 - actor/pg_clipfrac:0.000 - actor/pg_clipfrac_lower:0.000 - actor/grad_norm:7.464 - perf/mfu/actor:0.000 - perf/max_memory_allocated_gb:166.224 - perf/max_memory_reserved_gb:176.207 - perf/cpu_memory_used_gb:792.914 - actor/lr:0.000 - timing_s/generate_sequences:17.947 - timing_s/reshard:0.485 - timing_s/gen:23.040 - timing_s/chunk_state_make_states:0.020 - timing_s/chunk_state_chunks/generate_sequences:0.487 - timing_s/chunk_state_chunks/reshard:0.363 - timing_s/chunk_state_chunks:0.940 - timing_s/chunk_state_score:7.731 - timing_s/chunk_state_build_actor_batch:0.007 - timing_s/chunk_state_ref:0.436 - timing_s/update_actor:1.429 - timing_per_token_ms/gen:0.022 - timing_per_token_ms/update_actor:0.001[36m(TaskRunner pid=731283)[0m <string>:1: SymPyDeprecationWarning: 
[36m(TaskRunner pid=731283)[0m 
[36m(TaskRunner pid=731283)[0m Using non-Expr arguments in Pow is deprecated (in this case, one of the
[36m(TaskRunner pid=731283)[0m arguments is of type 'FiniteSet').
[36m(TaskRunner pid=731283)[0m 
[36m(TaskRunner pid=731283)[0m If you really did intend to construct a power with this base, use the **
[36m(TaskRunner pid=731283)[0m operator instead.
[36m(TaskRunner pid=731283)[0m 
[36m(TaskRunner pid=731283)[0m See https://docs.sympy.org/latest/explanation/active-deprecations.html#non-expr-args-deprecated
[36m(TaskRunner pid=731283)[0m for details.
[36m(TaskRunner pid=731283)[0m 
[36m(TaskRunner pid=731283)[0m This has been deprecated since SymPy version 1.7. It
[36m(TaskRunner pid=731283)[0m will be removed in a future version of SymPy.
[36m(TaskRunner pid=731283)[0m 
[36m(TaskRunner pid=731283)[0m <string>:1: SymPyDeprecationWarning: 
[36m(TaskRunner pid=731283)[0m 
[36m(TaskRunner pid=731283)[0m Using non-Expr arguments in Pow is deprecated (in this case, one of the
[36m(TaskRunner pid=731283)[0m arguments is of type 'FiniteSet').
[36m(TaskRunner pid=731283)[0m 
[36m(TaskRunner pid=731283)[0m If you really did intend to construct a power with this base, use the **
[36m(TaskRunner pid=731283)[0m operator instead.
[36m(TaskRunner pid=731283)[0m 
[36m(TaskRunner pid=731283)[0m See https://docs.sympy.org/latest/explanation/active-deprecations.html#non-expr-args-deprecated
[36m(TaskRunner pid=731283)[0m for details.
[36m(TaskRunner pid=731283)[0m 
[36m(TaskRunner pid=731283)[0m This has been deprecated since SymPy version 1.7. It
[36m(TaskRunner pid=731283)[0m will be removed in a future version of SymPy.
[36m(TaskRunner pid=731283)[0m 
[36m(TaskRunner pid=731283)[0m <string>:1: SymPyDeprecationWarning: 
[36m(TaskRunner pid=731283)[0m 
[36m(TaskRunner pid=731283)[0m Using non-Expr arguments in Mul is deprecated (in this case, one of
[36m(TaskRunner pid=731283)[0m the arguments has type 'Tuple').
[36m(TaskRunner pid=731283)[0m 
[36m(TaskRunner pid=731283)[0m If you really did intend to use a multiplication or addition operation with
[36m(TaskRunner pid=731283)[0m this object, use the * or + operator instead.
[36m(TaskRunner pid=731283)[0m 
[36m(TaskRunner pid=731283)[0m See https://docs.sympy.org/latest/explanation/active-deprecations.html#non-expr-args-deprecated
[36m(TaskRunner pid=731283)[0m for details.
[36m(TaskRunner pid=731283)[0m 
[36m(TaskRunner pid=731283)[0m This has been deprecated since SymPy version 1.7. It
[36m(TaskRunner pid=731283)[0m will be removed in a future version of SymPy.
[36m(TaskRunner pid=731283)[0m 
[36m(TaskRunner pid=731283)[0m <string>:1: SymPyDeprecationWarning: 
[36m(TaskRunner pid=731283)[0m 
[36m(TaskRunner pid=731283)[0m Using non-Expr arguments in Pow is deprecated (in this case, one of the
[36m(TaskRunner pid=731283)[0m arguments is of type 'FiniteSet').
[36m(TaskRunner pid=731283)[0m 
[36m(TaskRunner pid=731283)[0m If you really did intend to construct a power with this base, use the **
[36m(TaskRunner pid=731283)[0m operator instead.
[36m(TaskRunner pid=731283)[0m 
[36m(TaskRunner pid=731283)[0m See https://docs.sympy.org/latest/explanation/active-deprecations.html#non-expr-args-deprecated
[36m(TaskRunner pid=731283)[0m for details.
[36m(TaskRunner pid=731283)[0m 
[36m(TaskRunner pid=731283)[0m This has been deprecated since SymPy version 1.7. It
[36m(TaskRunner pid=731283)[0m will be removed in a future version of SymPy.
[36m(TaskRunner pid=731283)[0m 
[36m(TaskRunner pid=731283)[0m <string>:1: SymPyDeprecationWarning: 
[36m(TaskRunner pid=731283)[0m 
[36m(TaskRunner pid=731283)[0m Using non-Expr arguments in Pow is deprecated (in this case, one of the
[36m(TaskRunner pid=731283)[0m arguments is of type 'FiniteSet').
[36m(TaskRunner pid=731283)[0m 
[36m(TaskRunner pid=731283)[0m If you really did intend to construct a power with this base, use the **
[36m(TaskRunner pid=731283)[0m operator instead.
[36m(TaskRunner pid=731283)[0m 
[36m(TaskRunner pid=731283)[0m See https://docs.sympy.org/latest/explanation/active-deprecations.html#non-expr-args-deprecated
[36m(TaskRunner pid=731283)[0m for details.
[36m(TaskRunner pid=731283)[0m 
[36m(TaskRunner pid=731283)[0m This has been deprecated since SymPy version 1.7. It
[36m(TaskRunner pid=731283)[0m will be removed in a future version of SymPy.
[36m(TaskRunner pid=731283)[0m 
[36m(TaskRunner pid=731283)[0m <string>:1: SymPyDeprecationWarning: 
[36m(TaskRunner pid=731283)[0m 
[36m(TaskRunner pid=731283)[0m Using non-Expr arguments in Pow is deprecated (in this case, one of the
[36m(TaskRunner pid=731283)[0m arguments is of type 'FiniteSet').
[36m(TaskRunner pid=731283)[0m 
[36m(TaskRunner pid=731283)[0m If you really did intend to construct a power with this base, use the **
[36m(TaskRunner pid=731283)[0m operator instead.
[36m(TaskRunner pid=731283)[0m 
[36m(TaskRunner pid=731283)[0m See https://docs.sympy.org/latest/explanation/active-deprecations.html#non-expr-args-deprecated
[36m(TaskRunner pid=731283)[0m for details.
[36m(TaskRunner pid=731283)[0m 
[36m(TaskRunner pid=731283)[0m This has been deprecated since SymPy version 1.7. It
[36m(TaskRunner pid=731283)[0m will be removed in a future version of SymPy.
[36m(TaskRunner pid=731283)[0m 
[36m(TaskRunner pid=731283)[0m <string>:1: SymPyDeprecationWarning: 
[36m(TaskRunner pid=731283)[0m 
[36m(TaskRunner pid=731283)[0m Using non-Expr arguments in Mul is deprecated (in this case, one of
[36m(TaskRunner pid=731283)[0m the arguments has type 'Tuple').
[36m(TaskRunner pid=731283)[0m 
[36m(TaskRunner pid=731283)[0m If you really did intend to use a multiplication or addition operation with
[36m(TaskRunner pid=731283)[0m this object, use the * or + operator instead.
[36m(TaskRunner pid=731283)[0m 
[36m(TaskRunner pid=731283)[0m See https://docs.sympy.org/latest/explanation/active-deprecations.html#non-expr-args-deprecated
[36m(TaskRunner pid=731283)[0m for details.
[36m(TaskRunner pid=731283)[0m 
[36m(TaskRunner pid=731283)[0m This has been deprecated since SymPy version 1.7. It
[36m(TaskRunner pid=731283)[0m will be removed in a future version of SymPy.
[36m(TaskRunner pid=731283)[0m 
[36m(TaskRunner pid=731283)[0m <string>:1: SymPyDeprecationWarning: 
[36m(TaskRunner pid=731283)[0m 
[36m(TaskRunner pid=731283)[0m Using non-Expr arguments in Pow is deprecated (in this case, one of the
[36m(TaskRunner pid=731283)[0m arguments is of type 'FiniteSet').
[36m(TaskRunner pid=731283)[0m 
[36m(TaskRunner pid=731283)[0m If you really did intend to construct a power with this base, use the **
[36m(TaskRunner pid=731283)[0m operator instead.
[36m(TaskRunner pid=731283)[0m 
[36m(TaskRunner pid=731283)[0m See https://docs.sympy.org/latest/explanation/active-deprecations.html#non-expr-args-deprecated
[36m(TaskRunner pid=731283)[0m for details.
[36m(TaskRunner pid=731283)[0m 
[36m(TaskRunner pid=731283)[0m This has been deprecated since SymPy version 1.7. It
[36m(TaskRunner pid=731283)[0m will be removed in a future version of SymPy.
[36m(TaskRunner pid=731283)[0m 
[36m(TaskRunner pid=731283)[0m <string>:1: SymPyDeprecationWarning: 
[36m(TaskRunner pid=731283)[0m 
[36m(TaskRunner pid=731283)[0m Using non-Expr arguments in Pow is deprecated (in this case, one of the
[36m(TaskRunner pid=731283)[0m arguments is of type 'FiniteSet').
[36m(TaskRunner pid=731283)[0m 
[36m(TaskRunner pid=731283)[0m If you really did intend to construct a power with this base, use the **
[36m(TaskRunner pid=731283)[0m operator instead.
[36m(TaskRunner pid=731283)[0m 
[36m(TaskRunner pid=731283)[0m See https://docs.sympy.org/latest/explanation/active-deprecations.html#non-expr-args-deprecated
[36m(TaskRunner pid=731283)[0m for details.
[36m(TaskRunner pid=731283)[0m 
[36m(TaskRunner pid=731283)[0m This has been deprecated since SymPy version 1.7. It
[36m(TaskRunner pid=731283)[0m will be removed in a future version of SymPy.
[36m(TaskRunner pid=731283)[0m 
[36m(TaskRunner pid=731283)[0m <string>:1: SymPyDeprecationWarning: 
[36m(TaskRunner pid=731283)[0m 
[36m(TaskRunner pid=731283)[0m Using non-Expr arguments in Pow is deprecated (in this case, one of the
[36m(TaskRunner pid=731283)[0m arguments is of type 'FiniteSet').
[36m(TaskRunner pid=731283)[0m 
[36m(TaskRunner pid=731283)[0m If you really did intend to construct a power with this base, use the **
[36m(TaskRunner pid=731283)[0m operator instead.
[36m(TaskRunner pid=731283)[0m 
[36m(TaskRunner pid=731283)[0m See https://docs.sympy.org/latest/explanation/active-deprecations.html#non-expr-args-deprecated
[36m(TaskRunner pid=731283)[0m for details.
[36m(TaskRunner pid=731283)[0m 
[36m(TaskRunner pid=731283)[0m This has been deprecated since SymPy version 1.7. It
[36m(TaskRunner pid=731283)[0m will be removed in a future version of SymPy.
[36m(TaskRunner pid=731283)[0m 
[36m(TaskRunner pid=731283)[0m <string>:1: SymPyDeprecationWarning: 
[36m(TaskRunner pid=731283)[0m 
[36m(TaskRunner pid=731283)[0m Using non-Expr arguments in Pow is deprecated (in this case, one of the
[36m(TaskRunner pid=731283)[0m arguments is of type 'FiniteSet').
[36m(TaskRunner pid=731283)[0m 
[36m(TaskRunner pid=731283)[0m If you really did intend to construct a power with this base, use the **
[36m(TaskRunner pid=731283)[0m operator instead.
[36m(TaskRunner pid=731283)[0m 
[36m(TaskRunner pid=731283)[0m See https://docs.sympy.org/latest/explanation/active-deprecations.html#non-expr-args-deprecated
[36m(TaskRunner pid=731283)[0m for details.
[36m(TaskRunner pid=731283)[0m 
[36m(TaskRunner pid=731283)[0m This has been deprecated since SymPy version 1.7. It
[36m(TaskRunner pid=731283)[0m will be removed in a future version of SymPy.
[36m(TaskRunner pid=731283)[0m 
[36m(TaskRunner pid=731283)[0m <string>:1: SymPyDeprecationWarning: 
[36m(TaskRunner pid=731283)[0m 
[36m(TaskRunner pid=731283)[0m Using non-Expr arguments in Mul is deprecated (in this case, one of
[36m(TaskRunner pid=731283)[0m the arguments has type 'Tuple').
[36m(TaskRunner pid=731283)[0m 
[36m(TaskRunner pid=731283)[0m If you really did intend to use a multiplication or addition operation with
[36m(TaskRunner pid=731283)[0m this object, use the * or + operator instead.
[36m(TaskRunner pid=731283)[0m 
[36m(TaskRunner pid=731283)[0m See https://docs.sympy.org/latest/explanation/active-deprecations.html#non-expr-args-deprecated
[36m(TaskRunner pid=731283)[0m for details.
[36m(TaskRunner pid=731283)[0m 
[36m(TaskRunner pid=731283)[0m This has been deprecated since SymPy version 1.7. It
[36m(TaskRunner pid=731283)[0m will be removed in a future version of SymPy.
[36m(TaskRunner pid=731283)[0m 
[36m(TaskRunner pid=731283)[0m <string>:1: SymPyDeprecationWarning: 
[36m(TaskRunner pid=731283)[0m 
[36m(TaskRunner pid=731283)[0m Using non-Expr arguments in Mul is deprecated (in this case, one of
[36m(TaskRunner pid=731283)[0m the arguments has type 'Tuple').
[36m(TaskRunner pid=731283)[0m 
[36m(TaskRunner pid=731283)[0m If you really did intend to use a multiplication or addition operation with
[36m(TaskRunner pid=731283)[0m this object, use the * or + operator instead.
[36m(TaskRunner pid=731283)[0m 
[36m(TaskRunner pid=731283)[0m See https://docs.sympy.org/latest/explanation/active-deprecations.html#non-expr-args-deprecated
[36m(TaskRunner pid=731283)[0m for details.
[36m(TaskRunner pid=731283)[0m 
[36m(TaskRunner pid=731283)[0m This has been deprecated since SymPy version 1.7. It
[36m(TaskRunner pid=731283)[0m will be removed in a future version of SymPy.
[36m(TaskRunner pid=731283)[0m 
[36m(TaskRunner pid=731283)[0m <string>:1: SymPyDeprecationWarning: 
[36m(TaskRunner pid=731283)[0m 
[36m(TaskRunner pid=731283)[0m Using non-Expr arguments in Pow is deprecated (in this case, one of the
[36m(TaskRunner pid=731283)[0m arguments is of type 'FiniteSet').
[36m(TaskRunner pid=731283)[0m 
[36m(TaskRunner pid=731283)[0m If you really did intend to construct a power with this base, use the **
[36m(TaskRunner pid=731283)[0m operator instead.
[36m(TaskRunner pid=731283)[0m 
[36m(TaskRunner pid=731283)[0m See https://docs.sympy.org/latest/explanation/active-deprecations.html#non-expr-args-deprecated
[36m(TaskRunner pid=731283)[0m for details.
[36m(TaskRunner pid=731283)[0m 
[36m(TaskRunner pid=731283)[0m This has been deprecated since SymPy version 1.7. It
[36m(TaskRunner pid=731283)[0m will be removed in a future version of SymPy.
[36m(TaskRunner pid=731283)[0m 
[36m(TaskRunner pid=731283)[0m <string>:1: SymPyDeprecationWarning: 
[36m(TaskRunner pid=731283)[0m 
[36m(TaskRunner pid=731283)[0m Using non-Expr arguments in Pow is deprecated (in this case, one of the
[36m(TaskRunner pid=731283)[0m arguments is of type 'FiniteSet').
[36m(TaskRunner pid=731283)[0m 
[36m(TaskRunner pid=731283)[0m If you really did intend to construct a power with this base, use the **
[36m(TaskRunner pid=731283)[0m operator instead.
[36m(TaskRunner pid=731283)[0m 
[36m(TaskRunner pid=731283)[0m See https://docs.sympy.org/latest/explanation/active-deprecations.html#non-expr-args-deprecated
[36m(TaskRunner pid=731283)[0m for details.
[36m(TaskRunner pid=731283)[0m 
[36m(TaskRunner pid=731283)[0m This has been deprecated since SymPy version 1.7. It
[36m(TaskRunner pid=731283)[0m will be removed in a future version of SymPy.
[36m(TaskRunner pid=731283)[0m 
[36m(TaskRunner pid=731283)[0m Training Progress:  90%|█████████ | 18/20 [15:08<01:34, 47.14s/it]

[36m(TaskRunner pid=731283)[0m [Shutdown] 5 subprocess(es) terminated.
[36m(TaskRunner pid=731283)[0m [Shutdown] 67 subprocess(es) terminated.
[36m(TaskRunner pid=731283)[0m [Shutdown] 3 subprocess(es) terminated.
[36m(TaskRunner pid=731283)[0m step:18 - chunk_state_source/selected_original_acc_mean:1.000 - chunk_state_source/prompt_original_pass:0.844 - chunk_state_source/prompt_original_mean:0.311 - chunk_state_source/selected_majority_consistent_mean:1.000 - chunk_state_source/prompt_majority_ratio_mean:0.348 - chunk_state_source/prompt_majority_pass:1.000 - chunk_state_source_chunk/enabled:1.000 - chunk_state_source_chunk/injected_ratio:1.000 - chunk_state_source_chunk/mean_len:128.000 - chunk_state_source_chunk/candidate_index:0.000 - chunk_state_support_anchor/enabled:1.000 - chunk_state_support_anchor/count:7.000 - chunk_state_support_anchor/candidate_start:1.000 - chunk_state_support_anchor/min_mass:0.031 - chunk_state_support_anchor/selection_mode_answer_stratified:0.000 - chunk_state_support_anchor/prefix_compat_enable:0.000 - chunk_state_support_anchor/prefix_compat_mode_hard:1.000 - chunk_state_support_anchor/prefix_compat_mode_soft:0.000 - chunk_state_support_anchor/prefix_compat_tokens:128.000 - chunk_state_support_anchor/min_prefix_match:0.750 - chunk_state_support_anchor/prefix_score_power:1.000 - chunk_state_support_anchor/skip_source:1.000 - chunk_state_support_anchor/injected_ratio:0.964 - chunk_state_support_anchor/state_keep_ratio:1.000 - chunk_state_support_anchor/skipped_no_anchor_ratio:0.000 - chunk_state_support_anchor/skipped_by_compat_ratio:0.000 - chunk_state_support_anchor/skipped_source_ratio:0.031 - chunk_state_support_anchor/score_mean:0.326 - chunk_state_support_anchor/positive_candidate_ratio:0.844 - chunk_state_support_anchor/prefix_match_mean:1.000 - chunk_state_support_anchor/prefix_match_min:1.000 - chunk_state_support_anchor/anchor_mass_mean:0.387 - chunk_state_support_anchor/anchor_mass_max:0.769 - chunk_state_support_anchor/anchor_len_mean:93.593 - chunk_state_support_anchor/unique_answer_ratio:0.664 - chunk_state_support_anchor/selected_rank_mean:2.907 - chunk_state_probe/skipped_for_support_flow:1.000 - chunk_state_support_flow/score_type_mass:0.000 - chunk_state_support_flow/score_type_soft_mass:0.000 - chunk_state_support_flow/score_type_gain:0.000 - chunk_state_support_flow/score_type_relative_gain:0.000 - chunk_state_support_flow/score_type_soft_relative_mass:0.000 - chunk_state_support_flow/score_type_softplus_gain:0.000 - chunk_state_support_flow/score_type_posterior_mass:1.000 - chunk_state_support_flow/score_type_posterior_gain:0.000 - chunk_state_support_flow/gain_slack:0.000 - chunk_state_support_flow/baseline_scale:1.000 - chunk_state_support_flow/source_prior_weight:1.000 - chunk_state_support_flow/min_positive_margin:0.000 - chunk_state_support_flow/softplus_temperature:0.125 - chunk_state_support_flow/split_mass_by_answer:0.000 - chunk_state_support_flow/answer_split_power:1.000 - chunk_state_support_flow/posterior_split_duplicates:0.000 - chunk_state_support_flow/answer_duplicate_ratio:0.000 - chunk_state_support_flow/posterior_answer_duplicate_ratio:0.336 - chunk_state_support_flow/raw_anchor_mass_mean:0.326 - chunk_state_support_flow/anchor_mass_mean:0.326 - chunk_state_support_flow/posterior_mass_mean:0.326 - chunk_state_support_flow/posterior_mass_max_mean:0.762 - chunk_state_support_flow/source_mass_mean:0.762 - chunk_state_support_flow/positive_margin_mean:0.000 - chunk_state_support_flow/state_keep_ratio:1.000 - chunk_state_support_flow/score_mean:0.326 - chunk_state_support_flow/score_max_mean:0.762 - chunk_state_support_flow/label_consistent_ratio:0.844 - chunk_state_support_flow/raw_positive_ratio:0.326 - chunk_state_score/mode_majority_completion:0.000 - chunk_state_score/mode_answer_consensus:0.000 - chunk_state_score/mode_answer_distribution:0.000 - chunk_state_score/mode_answer_value_gain:0.000 - chunk_state_score/mode_answer_value_margin:0.000 - chunk_state_score/mode_answer_support_mass:0.000 - chunk_state_score/mode_future_support_gain:0.000 - chunk_state_score/mode_support_anchor:0.000 - chunk_state_score/mode_support_flow:1.000 - chunk_state_score/mode_answer_source_consistency:0.000 - chunk_state_diag/boundary_mean:544.000 - chunk_state_diag/boundary_min:512.000 - chunk_state_diag/boundary_max:768.000 - chunk_state_diag/boundary_zero_ratio:0.000 - chunk_state_diag/skipped_short_sources:0.000 - chunk_state_diag/skipped_support_sources:30.000 - chunk_state_diag/majority_consistent_fallbacks:3.000 - chunk_state_diag/support_low_fallbacks:0.000 - chunk_state_diag/real_state_count:2.000 - chunk_state_diag/pad_state_count:6.000 - chunk_state_diag/loss_weight_mean:0.250 - chunk_state_diag/source_response_len_mean:1351.375 - chunk_state_diag/probe_score_std:0.361 - chunk_state_diag/state_probe_mean_max:0.490 - chunk_state_diag/state_probe_mean_min:0.216 - chunk_state_diag/state_all_positive_ratio:0.000 - chunk_state_diag/state_all_negative_ratio:0.000 - chunk_state_diag/state_mixed_ratio:1.000 - chunk_state_diag/source_majority_consistent_mean:1.000 - chunk_state_diag/source_prompt_majority_ratio_mean:0.633 - chunk_state_diag/source_answer_mass_mean:0.762 - chunk_state_diag/source_answer_mass_min:0.710 - chunk_state_diag/source_prompt_top_mass_mean:0.762 - chunk_state_diag/source_prompt_top_mass_min:0.710 - chunk_state_diag/prompt_valid_answer_coverage_mean:0.832 - chunk_state_diag/prompt_answer_top_margin_mean:0.724 - chunk_state_diag/prompt_answer_entropy_mean:0.990 - chunk_state_diag/source_pseudo_acc_mean:1.000 - chunk_state_diag/source_original_acc_mean:1.000 - chunk_state_diag/prompt_pseudo_mean:0.633 - chunk_state_diag/prompt_original_mean:0.633 - chunk_state_diag/prompt_original_pass:1.000 - chunk_state_diag/probe_mean_source_original_correct:0.326 - chunk_state_diag/probe_mean_source_original_wrong:0.000 - chunk_state_diag/source_original_correct_ratio:1.000 - chunk_state_diag/jsonl_rows:8.000 - chunk_state/num_states:8.000 - chunk_state/real_states:2.000 - chunk_state/pad_states:6.000 - chunk_state/num_candidates:64.000 - chunk_state/num_actor_samples:16.000 - chunk_state/loss_weight_mean:1.000 - chunk_state/base_loss_weight_mean:0.250 - chunk_state/zeroed_state_ratio:0.750 - chunk_state/confidence_gate_ratio:1.000 - chunk_state/confidence_weight_mean:1.000 - chunk_state/min_state_positive_margin:-1.000 - chunk_state/future_support_keep_mode_hard:1.000 - chunk_state/future_support_keep_mode_soft:0.000 - chunk_state/future_support_keep_mode_off:0.000 - chunk_state/future_support_soft_weight_mean:1.000 - chunk_state/future_support_state_weight_mean:1.000 - chunk_state/future_support_soft_weight_floor:0.000 - chunk_state/future_support_keep_ratio:1.000 - chunk_state/source_quality_weight_mode_off:1.000 - chunk_state/source_quality_weight_mode_source_mass:0.000 - chunk_state/source_quality_weight_mode_prompt_top_mass:0.000 - chunk_state/source_quality_weight_mode_product:0.000 - chunk_state/source_quality_weight_mode_prompt_valid_answer_coverage:0.000 - chunk_state/source_quality_weight_mode_prompt_top_margin:0.000 - chunk_state/source_quality_weight_mode_coverage_margin_product:0.000 - chunk_state/source_quality_weight_mode_group_quality:0.000 - chunk_state/source_quality_weight_mean:1.000 - chunk_state/source_quality_weight_floor:0.000 - chunk_state/source_quality_weight_power:1.000 - chunk_state/source_quality_max_entropy:0.000 - chunk_state/source_answer_mass_mean:0.762 - chunk_state/source_prompt_top_mass_mean:0.762 - chunk_state/prompt_valid_answer_coverage_mean:0.832 - chunk_state/prompt_answer_top_margin_mean:0.724 - chunk_state/prompt_answer_entropy_mean:0.990 - chunk_state/majority_ratio_mean:0.762 - chunk_state/answer_coverage_mean:0.844 - chunk_state/answer_coverage_weighted_mean:0.750 - chunk_state/positive_margin_mean:0.000 - chunk_state/positive_margin_weighted_mean:0.000 - chunk_state/positive_ratio:0.326 - chunk_state/label_consistent_only:0.000 - chunk_state/zero_inconsistent_candidates:0.000 - chunk_state/prune_zero_weight_samples:1.000 - chunk_state/prune_padded_to_shards:0.000 - chunk_state/pruned_sample_ratio:0.750 - chunk_state/label_consistent_ratio:0.844 - chunk_state/informative_ratio:1.000 - chunk_state/kept_state_ratio:1.000 - chunk_state/target_entropy:1.207 - chunk_state/target_prior_mean:1.000 - chunk_state/target_prior_max:1.000 - chunk_state/weight_max:0.485 - chunk_state/weight_min:0.001 - chunk_state/powerflow_weight_clip:4.000 - chunk_state/powerflow_weight_clip_renorm:1.000 - chunk_state/powerflow_weight_before_clip_max:2.635 - chunk_state/powerflow_weight_before_clip_mean:1.000 - chunk_state/powerflow_weight_mean:1.000 - chunk_state/powerflow_weight_max:2.635 - chunk_state/powerflow_weight_min:0.006 - chunk_state/boxed_reward_mean:0.382 - chunk_state/boxed_reward_weighted_mean:0.733 - chunk_state/actor_batch_powerflow_weight_nonzero_ratio:1.000 - chunk_state/actor_batch_powerflow_weight_shard0_mean:1.333 - chunk_state/actor_batch_powerflow_weight_shard0_nonzero_ratio:1.000 - chunk_state/actor_batch_powerflow_weight_shard_mean_low:0.799 - chunk_state/actor_batch_powerflow_weight_shard_mean_high:1.333 - chunk_state/actor_batch_powerflow_weight_zero_shard_ratio:0.000 - chunk_state_actor_span/mode_chunk:1.000 - chunk_state_actor_span/response_len_mean:98.969 - chunk_state_actor_span/truncated_ratio:0.000 - actor/pg_loss:0.403 - actor/powerflow_loss:0.403 - actor/log_prob:-0.979 - actor/old_log_prob:0.000 - actor/ref_log_prob:-0.978 - actor/ref_log_prob/std:0.000 - actor/boxed_reward/mean:0.016 - actor/boxed_reward/min:0.000 - actor/boxed_reward/max:0.032 - actor/powerflow_weight/mean:1.333 - actor/powerflow_weight/min:0.031 - actor/powerflow_weight/max:2.635 - actor/powerflow_weight/nonzero_ratio:1.000 - actor/powerflow_local_batch_size:1.000 - actor/log_z:-1.398 - actor/importance_weight:0.800 - actor/powerflow_chunk_loss_target_only:0.000 - actor/ppo_kl:0.979 - actor/ref_kl:0.001 - actor/beta_coef:4.000 - actor/cispo_mask_ratio:0.398 - actor/cispo_dropped_tokens:51.000 - actor/condition_1_count:0.000 - actor/condition_2_count:51.000 - actor/pg_clipfrac:0.000 - actor/pg_clipfrac_lower:0.000 - actor/grad_norm:3.167 - perf/mfu/actor:0.000 - perf/max_memory_allocated_gb:166.224 - perf/max_memory_reserved_gb:176.207 - perf/cpu_memory_used_gb:793.013 - actor/lr:0.000 - timing_s/generate_sequences:17.966 - timing_s/reshard:0.513 - timing_s/gen:24.018 - timing_s/chunk_state_make_states:0.017 - timing_s/chunk_state_chunks/generate_sequences:0.527 - timing_s/chunk_state_chunks/reshard:0.356 - timing_s/chunk_state_chunks:0.924 - timing_s/chunk_state_score:8.612 - timing_s/chunk_state_build_actor_batch:0.006 - timing_s/chunk_state_ref:0.231 - timing_s/update_actor:0.697 - timing_per_token_ms/gen:0.023 - timing_per_token_ms/update_actor:0.001[36m(TaskRunner pid=731283)[0m <string>:1: SymPyDeprecationWarning: 
[36m(TaskRunner pid=731283)[0m 
[36m(TaskRunner pid=731283)[0m Using non-Expr arguments in Pow is deprecated (in this case, one of the
[36m(TaskRunner pid=731283)[0m arguments is of type 'FiniteSet').
[36m(TaskRunner pid=731283)[0m 
[36m(TaskRunner pid=731283)[0m If you really did intend to construct a power with this base, use the **
[36m(TaskRunner pid=731283)[0m operator instead.
[36m(TaskRunner pid=731283)[0m 
[36m(TaskRunner pid=731283)[0m See https://docs.sympy.org/latest/explanation/active-deprecations.html#non-expr-args-deprecated
[36m(TaskRunner pid=731283)[0m for details.
[36m(TaskRunner pid=731283)[0m 
[36m(TaskRunner pid=731283)[0m This has been deprecated since SymPy version 1.7. It
[36m(TaskRunner pid=731283)[0m will be removed in a future version of SymPy.
[36m(TaskRunner pid=731283)[0m 
[36m(TaskRunner pid=731283)[0m /mlx_devbox/users/quyanyi/playground/.venvs/ttrl_b200/lib/python3.11/site-packages/sympy/simplify/simplify.py:1766: SymPyDeprecationWarning: 
[36m(TaskRunner pid=731283)[0m 
[36m(TaskRunner pid=731283)[0m Using non-Expr arguments in Pow is deprecated (in this case, one of the
[36m(TaskRunner pid=731283)[0m arguments is of type 'FiniteSet').
[36m(TaskRunner pid=731283)[0m 
[36m(TaskRunner pid=731283)[0m If you really did intend to construct a power with this base, use the **
[36m(TaskRunner pid=731283)[0m operator instead.
[36m(TaskRunner pid=731283)[0m 
[36m(TaskRunner pid=731283)[0m See https://docs.sympy.org/latest/explanation/active-deprecations.html#non-expr-args-deprecated
[36m(TaskRunner pid=731283)[0m for details.
[36m(TaskRunner pid=731283)[0m 
[36m(TaskRunner pid=731283)[0m This has been deprecated since SymPy version 1.7. It
[36m(TaskRunner pid=731283)[0m will be removed in a future version of SymPy.
[36m(TaskRunner pid=731283)[0m 
[36m(TaskRunner pid=731283)[0m   return _Pow(nc_simplify(args[0]), args[1]).doit()
[36m(TaskRunner pid=731283)[0m <string>:1: SymPyDeprecationWarning: 
[36m(TaskRunner pid=731283)[0m 
[36m(TaskRunner pid=731283)[0m Using non-Expr arguments in Pow is deprecated (in this case, one of the
[36m(TaskRunner pid=731283)[0m arguments is of type 'FiniteSet').
[36m(TaskRunner pid=731283)[0m 
[36m(TaskRunner pid=731283)[0m If you really did intend to construct a power with this base, use the **
[36m(TaskRunner pid=731283)[0m operator instead.
[36m(TaskRunner pid=731283)[0m 
[36m(TaskRunner pid=731283)[0m See https://docs.sympy.org/latest/explanation/active-deprecations.html#non-expr-args-deprecated
[36m(TaskRunner pid=731283)[0m for details.
[36m(TaskRunner pid=731283)[0m 
[36m(TaskRunner pid=731283)[0m This has been deprecated since SymPy version 1.7. It
[36m(TaskRunner pid=731283)[0m will be removed in a future version of SymPy.
[36m(TaskRunner pid=731283)[0m 
[36m(TaskRunner pid=731283)[0m /mlx_devbox/users/quyanyi/playground/.venvs/ttrl_b200/lib/python3.11/site-packages/sympy/simplify/simplify.py:1766: SymPyDeprecationWarning: 
[36m(TaskRunner pid=731283)[0m 
[36m(TaskRunner pid=731283)[0m Using non-Expr arguments in Pow is deprecated (in this case, one of the
[36m(TaskRunner pid=731283)[0m arguments is of type 'FiniteSet').
[36m(TaskRunner pid=731283)[0m 
[36m(TaskRunner pid=731283)[0m If you really did intend to construct a power with this base, use the **
[36m(TaskRunner pid=731283)[0m operator instead.
[36m(TaskRunner pid=731283)[0m 
[36m(TaskRunner pid=731283)[0m See https://docs.sympy.org/latest/explanation/active-deprecations.html#non-expr-args-deprecated
[36m(TaskRunner pid=731283)[0m for details.
[36m(TaskRunner pid=731283)[0m 
[36m(TaskRunner pid=731283)[0m This has been deprecated since SymPy version 1.7. It
[36m(TaskRunner pid=731283)[0m will be removed in a future version of SymPy.
[36m(TaskRunner pid=731283)[0m 
[36m(TaskRunner pid=731283)[0m   return _Pow(nc_simplify(args[0]), args[1]).doit()
[36m(TaskRunner pid=731283)[0m <string>:1: SymPyDeprecationWarning: 
[36m(TaskRunner pid=731283)[0m 
[36m(TaskRunner pid=731283)[0m Using non-Expr arguments in Pow is deprecated (in this case, one of the
[36m(TaskRunner pid=731283)[0m arguments is of type 'FiniteSet').
[36m(TaskRunner pid=731283)[0m 
[36m(TaskRunner pid=731283)[0m If you really did intend to construct a power with this base, use the **
[36m(TaskRunner pid=731283)[0m operator instead.
[36m(TaskRunner pid=731283)[0m 
[36m(TaskRunner pid=731283)[0m See https://docs.sympy.org/latest/explanation/active-deprecations.html#non-expr-args-deprecated
[36m(TaskRunner pid=731283)[0m for details.
[36m(TaskRunner pid=731283)[0m 
[36m(TaskRunner pid=731283)[0m This has been deprecated since SymPy version 1.7. It
[36m(TaskRunner pid=731283)[0m will be removed in a future version of SymPy.
[36m(TaskRunner pid=731283)[0m 
[36m(TaskRunner pid=731283)[0m <string>:1: SymPyDeprecationWarning: 
[36m(TaskRunner pid=731283)[0m 
[36m(TaskRunner pid=731283)[0m Using non-Expr arguments in Pow is deprecated (in this case, one of the
[36m(TaskRunner pid=731283)[0m arguments is of type 'FiniteSet').
[36m(TaskRunner pid=731283)[0m 
[36m(TaskRunner pid=731283)[0m If you really did intend to construct a power with this base, use the **
[36m(TaskRunner pid=731283)[0m operator instead.
[36m(TaskRunner pid=731283)[0m 
[36m(TaskRunner pid=731283)[0m See https://docs.sympy.org/latest/explanation/active-deprecations.html#non-expr-args-deprecated
[36m(TaskRunner pid=731283)[0m for details.
[36m(TaskRunner pid=731283)[0m 
[36m(TaskRunner pid=731283)[0m This has been deprecated since SymPy version 1.7. It
[36m(TaskRunner pid=731283)[0m will be removed in a future version of SymPy.
[36m(TaskRunner pid=731283)[0m 
[36m(TaskRunner pid=731283)[0m Training Progress:  90%|█████████ | 18/20 [15:40<01:44, 52.23s/it]

[36m(TaskRunner pid=731283)[0m [Shutdown] 38 subprocess(es) terminated.
Error executing job with overrides: ['data.train_files=[/mlx_devbox/users/quyanyi/playground/TTRL/verl/data/MATH-TTT/train.parquet]', 'data.val_files=[/mlx_devbox/users/quyanyi/playground/TTRL/verl/data/MATH-TTT/test.parquet]', 'data.max_prompt_length=1024', 'data.max_response_length=3072', 'data.train_batch_size=32', 'data.filter_overlong_prompts=True', 'data.truncation=error', 'actor_rollout_ref.model.path=/models/Qwen2.5-Math-7B', 'actor_rollout_ref.model.attn_implementation=sdpa', 'actor_rollout_ref.model.enable_gradient_checkpointing=True', 'actor_rollout_ref.model.enable_activation_offload=False', 'actor_rollout_ref.model.use_remove_padding=True', 'actor_rollout_ref.actor.ppo_mini_batch_size=8', 'actor_rollout_ref.actor.ppo_micro_batch_size_per_gpu=1', 'actor_rollout_ref.actor.use_dynamic_bsz=False', 'actor_rollout_ref.actor.use_kl_loss=True', 'actor_rollout_ref.actor.optim.lr=5e-7', 'actor_rollout_ref.actor.optim.lr_warmup_steps_ratio=0.03', 'actor_rollout_ref.actor.optim.warmup_style=cosine', 'actor_rollout_ref.actor.fsdp_config.param_offload=False', 'actor_rollout_ref.actor.fsdp_config.optimizer_offload=False', 'actor_rollout_ref.actor.ppo_max_token_len_per_gpu=8192', 'actor_rollout_ref.ref.log_prob_micro_batch_size_per_gpu=1', 'actor_rollout_ref.ref.fsdp_config.param_offload=True', 'actor_rollout_ref.rollout.name=vllm', 'actor_rollout_ref.rollout.temperature=1.0', 'actor_rollout_ref.rollout.enforce_eager=False', 'actor_rollout_ref.rollout.free_cache_engine=False', 'actor_rollout_ref.rollout.log_prob_micro_batch_size_per_gpu=1', 'actor_rollout_ref.rollout.tensor_model_parallel_size=1', 'actor_rollout_ref.rollout.gpu_memory_utilization=0.86', 'actor_rollout_ref.rollout.n=32', 'actor_rollout_ref.rollout.val_kwargs.do_sample=True', 'actor_rollout_ref.rollout.val_kwargs.n=16', 'actor_rollout_ref.rollout.val_kwargs.top_p=0.95', 'actor_rollout_ref.rollout.val_kwargs.temperature=0.6', 'actor_rollout_ref.rollout.max_model_len=4096', 'actor_rollout_ref.rollout.max_num_batched_tokens=65536', 'critic.optim.lr=9e-6', 'critic.model.use_remove_padding=True', 'critic.model.path=/models/Qwen2.5-Math-7B', 'critic.model.attn_implementation=sdpa', 'critic.model.enable_gradient_checkpointing=True', 'critic.model.enable_activation_offload=False', 'critic.ppo_micro_batch_size_per_gpu=1', 'critic.model.fsdp_config.param_offload=False', 'critic.model.fsdp_config.optimizer_offload=False', 'algorithm.kl_ctrl.kl_coef=0.00', 'algorithm.adv_estimator=grpo', 'custom_reward_function.path=./verl/utils/reward_score/ttrl_math/__init__.py', 'custom_reward_function.name=reward_func', 'ttrl.enable=True', 'ttrl.n_votes_per_prompt=64', 'ttrl.n_samples_per_prompt=32', 'trainer.logger=[console]', 'trainer.project_name=TTRL-verl-local', 'trainer.experiment_name=0802-ttrl_chunk_state_powerflow_supportflow_posteriormass_nosplit_v14_mid_c128_b32_r32_v64_20step_20260802-MATH-TTT-Qwen2.5-Math-7B-supportflow-posteriormass-nosplit-v14-20step', 'trainer.n_gpus_per_node=8', 'trainer.nnodes=1', 'trainer.save_freq=-1', 'trainer.test_freq=20', 'trainer.val_before_train=False', 'trainer.max_actor_ckpt_to_keep=0', 'trainer.max_critic_ckpt_to_keep=0', 'trainer.default_local_dir=/tmp/ttrl_b200/checkpoints/ttrl_chunk_state_powerflow_supportflow_posteriormass_nosplit_v14_mid_c128_b32_r32_v64_20step_20260802', 'trainer.total_epochs=1', 'actor_rollout_ref.model.use_fused_kernels=True', 'actor_rollout_ref.model.fused_kernel_options.impl_backend=triton', 'actor_rollout_ref.rollout.engine_kwargs.vllm.attention_config.backend=FLASH_ATTN', 'reward_model.reward_manager=prime', 'reward_model.num_processes=128', 'ttrl.majority_vote_num_processes=64', '+actor_rollout_ref.rollout.logprobs=1', 'actor_rollout_ref.rollout.calculate_log_probs=True', 'actor_rollout_ref.rollout.use_rollout_log_probs_as_old=True', 'trainer.total_training_steps=20', 'trainer.total_epochs=2', 'trainer.test_freq=20', 'trainer.save_freq=-1', 'trainer.val_before_train=False', 'trainer.final_val_enable=True', 'trainer.log_val_generations=0', 'ttrl.chunk_state_enable=True', 'ttrl.chunk_state_score_mode=support_flow', 'ttrl.chunk_state_source_mode=majority_consistent', 'ttrl.chunk_state_source_select_by_mass=True', 'ttrl.chunk_state_min_prompt_top_mass=0.35', 'ttrl.chunk_state_min_source_answer_mass=0.40', 'ttrl.chunk_state_source_chunk_enable=True', 'ttrl.chunk_state_source_chunk_candidate_index=0', 'ttrl.chunk_state_teacher_anchor_enable=False', 'ttrl.chunk_state_support_anchor_enable=True', 'ttrl.chunk_state_support_anchor_count=7', 'ttrl.chunk_state_support_anchor_candidate_start=1', 'ttrl.chunk_state_support_anchor_min_mass=0.03125', 'ttrl.chunk_state_support_anchor_selection_mode=mass_ranked', 'ttrl.chunk_state_support_anchor_prefix_compat_enable=False', 'ttrl.chunk_state_support_anchor_skip_source=True', 'ttrl.chunk_state_support_flow_score_type=posterior_mass', 'ttrl.chunk_state_support_flow_posterior_split_duplicates=True', 'ttrl.chunk_state_support_flow_source_prior_weight=1.0', 'ttrl.chunk_state_support_flow_min_positive_margin=0.0', 'ttrl.chunk_state_boundary_mode=mid', 'ttrl.chunk_state_mid_boundary_min_ratio=0.35', 'ttrl.chunk_state_mid_boundary_max_ratio=0.75', 'ttrl.chunk_state_candidates=8', 'ttrl.chunk_state_chunk_size=128', 'ttrl.chunk_state_powerflow_weight_clip=4.0', 'ttrl.chunk_state_powerflow_weight_clip_renorm=True', 'ttrl.chunk_state_zero_inconsistent_candidates=False', 'ttrl.chunk_state_prune_zero_weight_samples=True', 'ttrl.chunk_state_label_consistent_only=False', 'ttrl.chunk_state_skip_all_negative=False', 'ttrl.chunk_state_min_answer_coverage=0.125', 'ttrl.chunk_state_min_informative_gap=0.001', 'ttrl.chunk_state_min_prompt_valid_answer_coverage=0.75', 'ttrl.chunk_state_min_prompt_top_margin=0.05', 'ttrl.chunk_state_max_prompt_answer_entropy=1.4', 'ttrl.chunk_state_diag_enable=True', 'ttrl.chunk_state_diag_jsonl=/mlx_devbox/users/quyanyi/playground/TTRL/important_experiment_logs/chunk_state_diag/ttrl_chunk_state_powerflow_supportflow_posteriormass_nosplit_v14_mid_c128_b32_r32_v64_20step_20260802.jsonl', 'actor_rollout_ref.actor.powerflow_enable=True', 'actor_rollout_ref.actor.powerflow_use_boxed_reward=True', 'actor_rollout_ref.actor.powerflow_use_chunk_weights=True', 'actor_rollout_ref.actor.powerflow_init_ref_log_prob=0.36', 'actor_rollout_ref.actor.use_kl_loss=False', 'actor_rollout_ref.actor.chunk_weighted_nll_enable=False', 'actor_rollout_ref.actor.use_dynamic_bsz=False', 'ttrl.chunk_state_support_flow_posterior_split_duplicates=False', 'trainer.validation_metric_dump_path=/mlx_devbox/users/quyanyi/playground/TTRL/important_experiment_logs/ttrl_chunk_state_powerflow_supportflow_posteriormass_nosplit_v14_mid_c128_b32_r32_v64_20step_20260802_val_metrics.json']
Traceback (most recent call last):
  File "/mlx_devbox/users/quyanyi/playground/TTRL/verl/verl/trainer/main_ppo.py", line 31, in main
    run_ppo(config)
  File "/mlx_devbox/users/quyanyi/playground/TTRL/verl/verl/trainer/main_ppo.py", line 63, in run_ppo
    ray.get(runner.run.remote(config))
  File "/mlx_devbox/users/quyanyi/playground/.venvs/ttrl_b200/lib/python3.11/site-packages/ray/_private/auto_init_hook.py", line 22, in auto_init_wrapper
    return fn(*args, **kwargs)
           ^^^^^^^^^^^^^^^^^^^
  File "/mlx_devbox/users/quyanyi/playground/.venvs/ttrl_b200/lib/python3.11/site-packages/ray/_private/client_mode_hook.py", line 110, in wrapper
    return func(*args, **kwargs)
           ^^^^^^^^^^^^^^^^^^^^^
  File "/mlx_devbox/users/quyanyi/playground/.venvs/ttrl_b200/lib/python3.11/site-packages/ray/_private/worker.py", line 2968, in get
    values, debugger_breakpoint = worker.get_objects(
                                  ^^^^^^^^^^^^^^^^^^^
  File "/mlx_devbox/users/quyanyi/playground/.venvs/ttrl_b200/lib/python3.11/site-packages/ray/_private/worker.py", line 1050, in get_objects
    raise value.as_instanceof_cause()
ray.exceptions.RayTaskError(RuntimeError): [36mray::TaskRunner.run()[39m (pid=731283, ip=fdbd:dc61:ff:f000:ffff:ffff:0:16, actor_id=3916c0e4cddfd3bd00234e6a01000000, repr=<main_ppo.TaskRunner object at 0x7edf78eb9f10>)
           ^^^^^^^^^^^^^^^^^^^^^^^^^^^^^^^^^^^^
           ^^^^^^^^^^^^^^^^^^^^^^^^^^^^^^^
  File "/mlx_devbox/users/quyanyi/playground/TTRL/verl/verl/trainer/main_ppo.py", line 217, in run
    trainer.fit()
  File "/mlx_devbox/users/quyanyi/playground/TTRL/verl/verl/trainer/ppo/ray_trainer.py", line 5501, in fit
    self._run_chunk_state_training_step(batch, metrics, timing_raw)
  File "/mlx_devbox/users/quyanyi/playground/TTRL/verl/verl/trainer/ppo/ray_trainer.py", line 4966, in _run_chunk_state_training_step
    state_prompts, _ = self._make_chunk_state_prompts(
                       ^^^^^^^^^^^^^^^^^^^^^^^^^^^^^^^
  File "/mlx_devbox/users/quyanyi/playground/TTRL/verl/verl/trainer/ppo/ray_trainer.py", line 1483, in _make_chunk_state_prompts
    raise RuntimeError(
RuntimeError: chunk-state source selection produced no valid states; min_required_response_len=1024, boundaries=[0, 256, 512, 768, 1024]

Set the environment variable HYDRA_FULL_ERROR=1 for a complete stack trace.
