MODEL_READY: /models/Qwen2.5-Math-7B
Using python: /mlx_devbox/users/quyanyi/playground/.venvs/ttrl_b200/bin/python
Using model: /models/Qwen2.5-Math-7B
Using data: /mlx_devbox/users/quyanyi/playground/TTRL/verl/data/MATH-TTT
Output directory: /tmp/ttrl_b200/checkpoints/ttrl_chunk_state_powerflow_futuregain_supportdist_alignedanchors_v10_mid_c128_probe1536x4_b32_r32_v64_3step_20260802
Actor offload: param=False optimizer=False activation=False
Rollout: free_cache_engine=False enforce_eager=False gpu_memory_utilization=0.86
Critic offload: param=False optimizer=False activation=False
/mlx_devbox/users/quyanyi/playground/TTRL/verl/verl/__init__.py:18: UserWarning: pkg_resources is deprecated as an API. See https://setuptools.pypa.io/en/latest/pkg_resources.html. The pkg_resources package is slated for removal as early as 2025-11-30. Refrain from using this package or pin to Setuptools<81.
  import pkg_resources
/mlx_devbox/users/quyanyi/playground/.venvs/ttrl_b200/lib/python3.11/site-packages/huggingface_hub/constants.py:298: FutureWarning: The `HF_HUB_ENABLE_HF_TRANSFER` environment variable is deprecated as 'hf_transfer' is not used anymore. Please use `HF_XET_HIGH_PERFORMANCE` instead to enable high performance transfer with Xet. Visit https://huggingface.co/docs/huggingface_hub/package_reference/environment_variables#hfxethighperformance for more details.
  warnings.warn(
2026-08-02 08:33:14,546	INFO worker.py:2024 -- Started a local Ray instance.
[36m(pid=562575)[0m /mlx_devbox/users/quyanyi/playground/TTRL/verl/verl/__init__.py:18: UserWarning: pkg_resources is deprecated as an API. See https://setuptools.pypa.io/en/latest/pkg_resources.html. The pkg_resources package is slated for removal as early as 2025-11-30. Refrain from using this package or pin to Setuptools<81.
[36m(pid=562575)[0m   import pkg_resources
[36m(pid=562575)[0m /mlx_devbox/users/quyanyi/playground/.venvs/ttrl_b200/lib/python3.11/site-packages/huggingface_hub/constants.py:298: FutureWarning: The `HF_HUB_ENABLE_HF_TRANSFER` environment variable is deprecated as 'hf_transfer' is not used anymore. Please use `HF_XET_HIGH_PERFORMANCE` instead to enable high performance transfer with Xet. Visit https://huggingface.co/docs/huggingface_hub/package_reference/environment_variables#hfxethighperformance for more details.
[36m(pid=562575)[0m   warnings.warn(
[36m(TaskRunner pid=562575)[0m TaskRunner hostname: trial-302172199-trialrun-302172199-worker-0, PID: 562575
[36m(TaskRunner pid=562575)[0m {'actor_rollout_ref': {'actor': {'checkpoint': {'load_contents': ['model',
[36m(TaskRunner pid=562575)[0m                                                                   'optimizer',
[36m(TaskRunner pid=562575)[0m                                                                   'extra'],
[36m(TaskRunner pid=562575)[0m                                                 'save_contents': ['model',
[36m(TaskRunner pid=562575)[0m                                                                   'optimizer',
[36m(TaskRunner pid=562575)[0m                                                                   'extra']},
[36m(TaskRunner pid=562575)[0m                                  'chunk_weighted_nll_enable': False,
[36m(TaskRunner pid=562575)[0m                                  'clip_ratio': 0.2,
[36m(TaskRunner pid=562575)[0m                                  'clip_ratio_c': 3.0,
[36m(TaskRunner pid=562575)[0m                                  'clip_ratio_high': 0.2,
[36m(TaskRunner pid=562575)[0m                                  'clip_ratio_low': 0.2,
[36m(TaskRunner pid=562575)[0m                                  'entropy_checkpointing': False,
[36m(TaskRunner pid=562575)[0m                                  'entropy_coeff': 0,
[36m(TaskRunner pid=562575)[0m                                  'entropy_from_logits_with_chunking': False,
[36m(TaskRunner pid=562575)[0m                                  'fsdp_config': {'forward_prefetch': False,
[36m(TaskRunner pid=562575)[0m                                                  'fsdp_size': -1,
[36m(TaskRunner pid=562575)[0m                                                  'offload_policy': False,
[36m(TaskRunner pid=562575)[0m                                                  'optimizer_offload': False,
[36m(TaskRunner pid=562575)[0m                                                  'param_offload': False,
[36m(TaskRunner pid=562575)[0m                                                  'reshard_after_forward': True,
[36m(TaskRunner pid=562575)[0m                                                  'wrap_policy': {'min_num_params': 0}},
[36m(TaskRunner pid=562575)[0m                                  'grad_clip': 1.0,
[36m(TaskRunner pid=562575)[0m                                  'kl_loss_coef': 0.001,
[36m(TaskRunner pid=562575)[0m                                  'kl_loss_type': 'low_var_kl',
[36m(TaskRunner pid=562575)[0m                                  'loss_agg_mode': 'token-mean',
[36m(TaskRunner pid=562575)[0m                                  'optim': {'lr': 5e-07,
[36m(TaskRunner pid=562575)[0m                                            'lr_warmup_steps': -1,
[36m(TaskRunner pid=562575)[0m                                            'lr_warmup_steps_ratio': 0.03,
[36m(TaskRunner pid=562575)[0m                                            'min_lr_ratio': 0.0,
[36m(TaskRunner pid=562575)[0m                                            'num_cycles': 0.5,
[36m(TaskRunner pid=562575)[0m                                            'total_training_steps': -1,
[36m(TaskRunner pid=562575)[0m                                            'warmup_style': 'cosine',
[36m(TaskRunner pid=562575)[0m                                            'weight_decay': 0.01},
[36m(TaskRunner pid=562575)[0m                                  'policy_loss': {'clip_cov_lb': 1.0,
[36m(TaskRunner pid=562575)[0m                                                  'clip_cov_ratio': 0.0002,
[36m(TaskRunner pid=562575)[0m                                                  'clip_cov_ub': 5.0,
[36m(TaskRunner pid=562575)[0m                                                  'kl_cov_ratio': 0.0002,
[36m(TaskRunner pid=562575)[0m                                                  'loss_mode': 'vanilla',
[36m(TaskRunner pid=562575)[0m                                                  'ppo_kl_coef': 0.1},
[36m(TaskRunner pid=562575)[0m                                  'powerflow_beta_coef': 4.0,
[36m(TaskRunner pid=562575)[0m                                  'powerflow_chunk_loss_mode': 'standard',
[36m(TaskRunner pid=562575)[0m                                  'powerflow_enable': True,
[36m(TaskRunner pid=562575)[0m                                  'powerflow_init_ref_log_prob': 0.36,
[36m(TaskRunner pid=562575)[0m                                  'powerflow_on_policy': False,
[36m(TaskRunner pid=562575)[0m                                  'powerflow_proj_layers': 3,
[36m(TaskRunner pid=562575)[0m                                  'powerflow_use_boxed_reward': True,
[36m(TaskRunner pid=562575)[0m                                  'powerflow_use_chunk_weights': True,
[36m(TaskRunner pid=562575)[0m                                  'ppo_epochs': 1,
[36m(TaskRunner pid=562575)[0m                                  'ppo_max_token_len_per_gpu': 8192,
[36m(TaskRunner pid=562575)[0m                                  'ppo_micro_batch_size': None,
[36m(TaskRunner pid=562575)[0m                                  'ppo_micro_batch_size_per_gpu': 1,
[36m(TaskRunner pid=562575)[0m                                  'ppo_mini_batch_size': 8,
[36m(TaskRunner pid=562575)[0m                                  'profiler': {'all_ranks': False,
[36m(TaskRunner pid=562575)[0m                                               'discrete': False,
[36m(TaskRunner pid=562575)[0m                                               'ranks': None},
[36m(TaskRunner pid=562575)[0m                                  'shuffle': False,
[36m(TaskRunner pid=562575)[0m                                  'strategy': 'fsdp',
[36m(TaskRunner pid=562575)[0m                                  'ulysses_sequence_parallel_size': 1,
[36m(TaskRunner pid=562575)[0m                                  'use_dynamic_bsz': False,
[36m(TaskRunner pid=562575)[0m                                  'use_kl_loss': False,
[36m(TaskRunner pid=562575)[0m                                  'use_torch_compile': True},
[36m(TaskRunner pid=562575)[0m                        'hybrid_engine': True,
[36m(TaskRunner pid=562575)[0m                        'model': {'attn_implementation': 'sdpa',
[36m(TaskRunner pid=562575)[0m                                  'custom_chat_template': None,
[36m(TaskRunner pid=562575)[0m                                  'enable_activation_offload': False,
[36m(TaskRunner pid=562575)[0m                                  'enable_gradient_checkpointing': True,
[36m(TaskRunner pid=562575)[0m                                  'exclude_modules': None,
[36m(TaskRunner pid=562575)[0m                                  'external_lib': None,
[36m(TaskRunner pid=562575)[0m                                  'fused_kernel_options': {'impl_backend': 'triton'},
[36m(TaskRunner pid=562575)[0m                                  'lora_alpha': 16,
[36m(TaskRunner pid=562575)[0m                                  'lora_rank': 0,
[36m(TaskRunner pid=562575)[0m                                  'override_config': {},
[36m(TaskRunner pid=562575)[0m                                  'path': '/models/Qwen2.5-Math-7B',
[36m(TaskRunner pid=562575)[0m                                  'target_modules': 'all-linear',
[36m(TaskRunner pid=562575)[0m                                  'trust_remote_code': False,
[36m(TaskRunner pid=562575)[0m                                  'use_fused_kernels': True,
[36m(TaskRunner pid=562575)[0m                                  'use_liger': False,
[36m(TaskRunner pid=562575)[0m                                  'use_remove_padding': True,
[36m(TaskRunner pid=562575)[0m                                  'use_shm': False},
[36m(TaskRunner pid=562575)[0m                        'ref': {'entropy_checkpointing': False,
[36m(TaskRunner pid=562575)[0m                                'entropy_from_logits_with_chunking': False,
[36m(TaskRunner pid=562575)[0m                                'fsdp_config': {'forward_prefetch': False,
[36m(TaskRunner pid=562575)[0m                                                'param_offload': True,
[36m(TaskRunner pid=562575)[0m                                                'reshard_after_forward': True,
[36m(TaskRunner pid=562575)[0m                                                'wrap_policy': {'min_num_params': 0}},
[36m(TaskRunner pid=562575)[0m                                'log_prob_max_token_len_per_gpu': 8192,
[36m(TaskRunner pid=562575)[0m                                'log_prob_micro_batch_size': None,
[36m(TaskRunner pid=562575)[0m                                'log_prob_micro_batch_size_per_gpu': 1,
[36m(TaskRunner pid=562575)[0m                                'log_prob_use_dynamic_bsz': False,
[36m(TaskRunner pid=562575)[0m                                'profiler': {'all_ranks': False,
[36m(TaskRunner pid=562575)[0m                                             'discrete': False,
[36m(TaskRunner pid=562575)[0m                                             'ranks': None},
[36m(TaskRunner pid=562575)[0m                                'strategy': 'fsdp',
[36m(TaskRunner pid=562575)[0m                                'ulysses_sequence_parallel_size': 1,
[36m(TaskRunner pid=562575)[0m                                'use_torch_compile': True},
[36m(TaskRunner pid=562575)[0m                        'rollout': {'agent': {'num_workers': 8},
[36m(TaskRunner pid=562575)[0m                                    'calculate_log_probs': True,
[36m(TaskRunner pid=562575)[0m                                    'disable_log_stats': True,
[36m(TaskRunner pid=562575)[0m                                    'do_sample': True,
[36m(TaskRunner pid=562575)[0m                                    'dtype': 'bfloat16',
[36m(TaskRunner pid=562575)[0m                                    'enable_chunked_prefill': True,
[36m(TaskRunner pid=562575)[0m                                    'enforce_eager': False,
[36m(TaskRunner pid=562575)[0m                                    'engine_kwargs': {'sglang': {'attention_backend': None},
[36m(TaskRunner pid=562575)[0m                                                      'vllm': {'attention_config': {'backend': 'FLASH_ATTN'},
[36m(TaskRunner pid=562575)[0m                                                               'disable_mm_preprocessor_cache': False,
[36m(TaskRunner pid=562575)[0m                                                               'swap_space': None}},
[36m(TaskRunner pid=562575)[0m                                    'free_cache_engine': False,
[36m(TaskRunner pid=562575)[0m                                    'gpu_memory_utilization': 0.86,
[36m(TaskRunner pid=562575)[0m                                    'ignore_eos': False,
[36m(TaskRunner pid=562575)[0m                                    'layered_summon': False,
[36m(TaskRunner pid=562575)[0m                                    'load_format': 'dummy_dtensor',
[36m(TaskRunner pid=562575)[0m                                    'log_prob_max_token_len_per_gpu': 8192,
[36m(TaskRunner pid=562575)[0m                                    'log_prob_micro_batch_size': None,
[36m(TaskRunner pid=562575)[0m                                    'log_prob_micro_batch_size_per_gpu': 1,
[36m(TaskRunner pid=562575)[0m                                    'log_prob_use_dynamic_bsz': False,
[36m(TaskRunner pid=562575)[0m                                    'logprobs': 1,
[36m(TaskRunner pid=562575)[0m                                    'max_model_len': 4096,
[36m(TaskRunner pid=562575)[0m                                    'max_num_batched_tokens': 65536,
[36m(TaskRunner pid=562575)[0m                                    'max_num_seqs': 1024,
[36m(TaskRunner pid=562575)[0m                                    'mode': 'sync',
[36m(TaskRunner pid=562575)[0m                                    'multi_stage_wake_up': False,
[36m(TaskRunner pid=562575)[0m                                    'multi_turn': {'completion_callback': None,
[36m(TaskRunner pid=562575)[0m                                                   'enable': False,
[36m(TaskRunner pid=562575)[0m                                                   'format': 'hermes',
[36m(TaskRunner pid=562575)[0m                                                   'interaction_config_path': None,
[36m(TaskRunner pid=562575)[0m                                                   'max_assistant_turns': None,
[36m(TaskRunner pid=562575)[0m                                                   'max_parallel_calls': 1,
[36m(TaskRunner pid=562575)[0m                                                   'max_tool_response_length': 256,
[36m(TaskRunner pid=562575)[0m                                                   'max_user_turns': None,
[36m(TaskRunner pid=562575)[0m                                                   'tokenization_sanity_check_mode': 'strict',
[36m(TaskRunner pid=562575)[0m                                                   'tool_config_path': None,
[36m(TaskRunner pid=562575)[0m                                                   'tool_response_truncate_side': 'middle',
[36m(TaskRunner pid=562575)[0m                                                   'use_inference_chat_template': False},
[36m(TaskRunner pid=562575)[0m                                    'n': 32,
[36m(TaskRunner pid=562575)[0m                                    'name': 'vllm',
[36m(TaskRunner pid=562575)[0m                                    'profiler': {'all_ranks': False,
[36m(TaskRunner pid=562575)[0m                                                 'discrete': False,
[36m(TaskRunner pid=562575)[0m                                                 'ranks': None},
[36m(TaskRunner pid=562575)[0m                                    'prompt_length': 1024,
[36m(TaskRunner pid=562575)[0m                                    'response_length': 3072,
[36m(TaskRunner pid=562575)[0m                                    'temperature': 1.0,
[36m(TaskRunner pid=562575)[0m                                    'tensor_model_parallel_size': 1,
[36m(TaskRunner pid=562575)[0m                                    'top_k': -1,
[36m(TaskRunner pid=562575)[0m                                    'top_p': 1,
[36m(TaskRunner pid=562575)[0m                                    'use_rollout_log_probs_as_old': True,
[36m(TaskRunner pid=562575)[0m                                    'val_kwargs': {'do_sample': True,
[36m(TaskRunner pid=562575)[0m                                                   'n': 16,
[36m(TaskRunner pid=562575)[0m                                                   'temperature': 0.6,
[36m(TaskRunner pid=562575)[0m                                                   'top_k': -1,
[36m(TaskRunner pid=562575)[0m                                                   'top_p': 0.95}}},
[36m(TaskRunner pid=562575)[0m  'algorithm': {'adv_estimator': 'grpo',
[36m(TaskRunner pid=562575)[0m                'gamma': 1.0,
[36m(TaskRunner pid=562575)[0m                'kl_ctrl': {'horizon': 10000,
[36m(TaskRunner pid=562575)[0m                            'kl_coef': 0.0,
[36m(TaskRunner pid=562575)[0m                            'target_kl': 0.1,
[36m(TaskRunner pid=562575)[0m                            'type': 'fixed'},
[36m(TaskRunner pid=562575)[0m                'kl_penalty': 'kl',
[36m(TaskRunner pid=562575)[0m                'lam': 1.0,
[36m(TaskRunner pid=562575)[0m                'norm_adv_by_std_in_grpo': True,
[36m(TaskRunner pid=562575)[0m                'pf_ppo': {'reweight_method': 'pow', 'weight_pow': 2.0},
[36m(TaskRunner pid=562575)[0m                'use_kl_in_reward': False,
[36m(TaskRunner pid=562575)[0m                'use_pf_ppo': False},
[36m(TaskRunner pid=562575)[0m  'critic': {'checkpoint': {'load_contents': ['model', 'optimizer', 'extra'],
[36m(TaskRunner pid=562575)[0m                            'save_contents': ['model', 'optimizer', 'extra']},
[36m(TaskRunner pid=562575)[0m             'cliprange_value': 0.5,
[36m(TaskRunner pid=562575)[0m             'forward_max_token_len_per_gpu': 32768,
[36m(TaskRunner pid=562575)[0m             'forward_micro_batch_size': None,
[36m(TaskRunner pid=562575)[0m             'forward_micro_batch_size_per_gpu': 1,
[36m(TaskRunner pid=562575)[0m             'grad_clip': 1.0,
[36m(TaskRunner pid=562575)[0m             'loss_agg_mode': 'token-mean',
[36m(TaskRunner pid=562575)[0m             'model': {'attn_implementation': 'sdpa',
[36m(TaskRunner pid=562575)[0m                       'enable_activation_offload': False,
[36m(TaskRunner pid=562575)[0m                       'enable_gradient_checkpointing': True,
[36m(TaskRunner pid=562575)[0m                       'external_lib': None,
[36m(TaskRunner pid=562575)[0m                       'fsdp_config': {'forward_prefetch': False,
[36m(TaskRunner pid=562575)[0m                                       'fsdp_size': -1,
[36m(TaskRunner pid=562575)[0m                                       'offload_policy': False,
[36m(TaskRunner pid=562575)[0m                                       'optimizer_offload': False,
[36m(TaskRunner pid=562575)[0m                                       'param_offload': False,
[36m(TaskRunner pid=562575)[0m                                       'reshard_after_forward': True,
[36m(TaskRunner pid=562575)[0m                                       'wrap_policy': {'min_num_params': 0}},
[36m(TaskRunner pid=562575)[0m                       'lora_alpha': 16,
[36m(TaskRunner pid=562575)[0m                       'lora_rank': 0,
[36m(TaskRunner pid=562575)[0m                       'override_config': {},
[36m(TaskRunner pid=562575)[0m                       'path': '/models/Qwen2.5-Math-7B',
[36m(TaskRunner pid=562575)[0m                       'target_modules': 'all-linear',
[36m(TaskRunner pid=562575)[0m                       'tokenizer_path': '/models/Qwen2.5-Math-7B',
[36m(TaskRunner pid=562575)[0m                       'trust_remote_code': False,
[36m(TaskRunner pid=562575)[0m                       'use_remove_padding': True,
[36m(TaskRunner pid=562575)[0m                       'use_shm': False},
[36m(TaskRunner pid=562575)[0m             'optim': {'lr': 9e-06,
[36m(TaskRunner pid=562575)[0m                       'lr_warmup_steps_ratio': 0.0,
[36m(TaskRunner pid=562575)[0m                       'min_lr_ratio': None,
[36m(TaskRunner pid=562575)[0m                       'total_training_steps': -1,
[36m(TaskRunner pid=562575)[0m                       'warmup_style': 'constant',
[36m(TaskRunner pid=562575)[0m                       'weight_decay': 0.01},
[36m(TaskRunner pid=562575)[0m             'ppo_epochs': 1,
[36m(TaskRunner pid=562575)[0m             'ppo_max_token_len_per_gpu': 32768,
[36m(TaskRunner pid=562575)[0m             'ppo_micro_batch_size': None,
[36m(TaskRunner pid=562575)[0m             'ppo_micro_batch_size_per_gpu': 1,
[36m(TaskRunner pid=562575)[0m             'ppo_mini_batch_size': 8,
[36m(TaskRunner pid=562575)[0m             'profiler': {'all_ranks': False, 'discrete': False, 'ranks': None},
[36m(TaskRunner pid=562575)[0m             'rollout_n': 32,
[36m(TaskRunner pid=562575)[0m             'shuffle': False,
[36m(TaskRunner pid=562575)[0m             'strategy': 'fsdp',
[36m(TaskRunner pid=562575)[0m             'ulysses_sequence_parallel_size': 1,
[36m(TaskRunner pid=562575)[0m             'use_dynamic_bsz': False},
[36m(TaskRunner pid=562575)[0m  'custom_reward_function': {'name': 'reward_func',
[36m(TaskRunner pid=562575)[0m                             'path': './verl/utils/reward_score/ttrl_math/__init__.py'},
[36m(TaskRunner pid=562575)[0m  'data': {'custom_cls': {'name': None, 'path': None},
[36m(TaskRunner pid=562575)[0m           'filter_overlong_prompts': True,
[36m(TaskRunner pid=562575)[0m           'filter_overlong_prompts_workers': 1,
[36m(TaskRunner pid=562575)[0m           'image_key': 'images',
[36m(TaskRunner pid=562575)[0m           'max_prompt_length': 1024,
[36m(TaskRunner pid=562575)[0m           'max_response_length': 3072,
[36m(TaskRunner pid=562575)[0m           'prompt_key': 'prompt',
[36m(TaskRunner pid=562575)[0m           'return_full_prompt': False,
[36m(TaskRunner pid=562575)[0m           'return_raw_chat': False,
[36m(TaskRunner pid=562575)[0m           'return_raw_input_ids': False,
[36m(TaskRunner pid=562575)[0m           'reward_fn_key': 'data_source',
[36m(TaskRunner pid=562575)[0m           'shuffle': True,
[36m(TaskRunner pid=562575)[0m           'tokenizer': None,
[36m(TaskRunner pid=562575)[0m           'train_batch_size': 32,
[36m(TaskRunner pid=562575)[0m           'train_files': ['/mlx_devbox/users/quyanyi/playground/TTRL/verl/data/MATH-TTT/train.parquet'],
[36m(TaskRunner pid=562575)[0m           'truncation': 'error',
[36m(TaskRunner pid=562575)[0m           'trust_remote_code': False,
[36m(TaskRunner pid=562575)[0m           'use_shm': False,
[36m(TaskRunner pid=562575)[0m           'val_batch_size': None,
[36m(TaskRunner pid=562575)[0m           'val_files': ['/mlx_devbox/users/quyanyi/playground/TTRL/verl/data/MATH-TTT/test.parquet'],
[36m(TaskRunner pid=562575)[0m           'validation_shuffle': False,
[36m(TaskRunner pid=562575)[0m           'video_key': 'videos'},
[36m(TaskRunner pid=562575)[0m  'ray_init': {'num_cpus': None, 'timeline_json_file': None},
[36m(TaskRunner pid=562575)[0m  'reward_model': {'enable': False,
[36m(TaskRunner pid=562575)[0m                   'forward_max_token_len_per_gpu': 32768,
[36m(TaskRunner pid=562575)[0m                   'launch_reward_fn_async': False,
[36m(TaskRunner pid=562575)[0m                   'max_length': None,
[36m(TaskRunner pid=562575)[0m                   'micro_batch_size': None,
[36m(TaskRunner pid=562575)[0m                   'micro_batch_size_per_gpu': None,
[36m(TaskRunner pid=562575)[0m                   'model': {'attn_implementation': 'sdpa',
[36m(TaskRunner pid=562575)[0m                             'external_lib': None,
[36m(TaskRunner pid=562575)[0m                             'fsdp_config': {'forward_prefetch': False,
[36m(TaskRunner pid=562575)[0m                                             'fsdp_size': -1,
[36m(TaskRunner pid=562575)[0m                                             'param_offload': False,
[36m(TaskRunner pid=562575)[0m                                             'reshard_after_forward': True,
[36m(TaskRunner pid=562575)[0m                                             'wrap_policy': {'min_num_params': 0}},
[36m(TaskRunner pid=562575)[0m                             'input_tokenizer': '/models/Qwen2.5-Math-7B',
[36m(TaskRunner pid=562575)[0m                             'path': '~/models/FsfairX-LLaMA3-RM-v0.1',
[36m(TaskRunner pid=562575)[0m                             'trust_remote_code': False,
[36m(TaskRunner pid=562575)[0m                             'use_fused_kernels': True,
[36m(TaskRunner pid=562575)[0m                             'use_remove_padding': False,
[36m(TaskRunner pid=562575)[0m                             'use_shm': False},
[36m(TaskRunner pid=562575)[0m                   'num_processes': 128,
[36m(TaskRunner pid=562575)[0m                   'profiler': {'all_ranks': False,
[36m(TaskRunner pid=562575)[0m                                'discrete': False,
[36m(TaskRunner pid=562575)[0m                                'ranks': None},
[36m(TaskRunner pid=562575)[0m                   'reward_manager': 'prime',
[36m(TaskRunner pid=562575)[0m                   'sandbox_fusion': {'max_concurrent': 64,
[36m(TaskRunner pid=562575)[0m                                      'memory_limit_mb': 1024,
[36m(TaskRunner pid=562575)[0m                                      'url': None},
[36m(TaskRunner pid=562575)[0m                   'strategy': 'fsdp',
[36m(TaskRunner pid=562575)[0m                   'ulysses_sequence_parallel_size': 1,
[36m(TaskRunner pid=562575)[0m                   'use_dynamic_bsz': False},
[36m(TaskRunner pid=562575)[0m  'trainer': {'balance_batch': True,
[36m(TaskRunner pid=562575)[0m              'controller_nsight_options': {'cuda-graph-trace': 'graph',
[36m(TaskRunner pid=562575)[0m                                            'cuda-memory-usage': 'true',
[36m(TaskRunner pid=562575)[0m                                            'trace': 'cuda,nvtx,cublas,ucx'},
[36m(TaskRunner pid=562575)[0m              'critic_warmup': 0,
[36m(TaskRunner pid=562575)[0m              'default_hdfs_dir': None,
[36m(TaskRunner pid=562575)[0m              'default_local_dir': '/tmp/ttrl_b200/checkpoints/ttrl_chunk_state_powerflow_futuregain_supportdist_alignedanchors_v10_mid_c128_probe1536x4_b32_r32_v64_3step_20260802',
[36m(TaskRunner pid=562575)[0m              'del_local_ckpt_after_load': False,
[36m(TaskRunner pid=562575)[0m              'device': 'cuda',
[36m(TaskRunner pid=562575)[0m              'esi_redundant_time': 0,
[36m(TaskRunner pid=562575)[0m              'experiment_name': '0802-ttrl_chunk_state_powerflow_futuregain_supportdist_alignedanchors_v10_mid_c128_probe1536x4_b32_r32_v64_3step_20260802-MATH-TTT-Qwen2.5-Math-7B-support-distribution-alignedanchors-v10-smoke',
[36m(TaskRunner pid=562575)[0m              'final_val_enable': False,
[36m(TaskRunner pid=562575)[0m              'log_val_generations': 0,
[36m(TaskRunner pid=562575)[0m              'logger': ['console'],
[36m(TaskRunner pid=562575)[0m              'max_actor_ckpt_to_keep': 0,
[36m(TaskRunner pid=562575)[0m              'max_critic_ckpt_to_keep': 0,
[36m(TaskRunner pid=562575)[0m              'n_gpus_per_node': 8,
[36m(TaskRunner pid=562575)[0m              'nnodes': 1,
[36m(TaskRunner pid=562575)[0m              'profile_steps': None,
[36m(TaskRunner pid=562575)[0m              'project_name': 'TTRL-verl-local',
[36m(TaskRunner pid=562575)[0m              'ray_wait_register_center_timeout': 300,
[36m(TaskRunner pid=562575)[0m              'resume_from_path': None,
[36m(TaskRunner pid=562575)[0m              'resume_mode': 'auto',
[36m(TaskRunner pid=562575)[0m              'rollout_data_dir': None,
[36m(TaskRunner pid=562575)[0m              'save_freq': -1,
[36m(TaskRunner pid=562575)[0m              'test_freq': -1,
[36m(TaskRunner pid=562575)[0m              'total_epochs': 1,
[36m(TaskRunner pid=562575)[0m              'total_training_steps': 3,
[36m(TaskRunner pid=562575)[0m              'val_before_train': False,
[36m(TaskRunner pid=562575)[0m              'val_only': False,
[36m(TaskRunner pid=562575)[0m              'validation_data_dir': None,
[36m(TaskRunner pid=562575)[0m              'validation_metric_dump_path': None,
[36m(TaskRunner pid=562575)[0m              'worker_nsight_options': {'capture-range': 'cudaProfilerApi',
[36m(TaskRunner pid=562575)[0m                                        'capture-range-end': None,
[36m(TaskRunner pid=562575)[0m                                        'cuda-graph-trace': 'graph',
[36m(TaskRunner pid=562575)[0m                                        'cuda-memory-usage': 'true',
[36m(TaskRunner pid=562575)[0m                                        'kill': 'none',
[36m(TaskRunner pid=562575)[0m                                        'trace': 'cuda,nvtx,cublas,ucx'}},
[36m(TaskRunner pid=562575)[0m  'ttrl': {'chunk_state_actor_span': 'chunk',
[36m(TaskRunner pid=562575)[0m           'chunk_state_alpha': 2.0,
[36m(TaskRunner pid=562575)[0m           'chunk_state_answer_source_consistency_enable': False,
[36m(TaskRunner pid=562575)[0m           'chunk_state_answer_support_min_mass': 0.0,
[36m(TaskRunner pid=562575)[0m           'chunk_state_answer_support_score': 'mass',
[36m(TaskRunner pid=562575)[0m           'chunk_state_boundaries': [0, 256, 512, 768, 1024],
[36m(TaskRunner pid=562575)[0m           'chunk_state_boundary_mode': 'mid',
[36m(TaskRunner pid=562575)[0m           'chunk_state_candidates': 8,
[36m(TaskRunner pid=562575)[0m           'chunk_state_chunk_size': 128,
[36m(TaskRunner pid=562575)[0m           'chunk_state_confidence_power': 0.0,
[36m(TaskRunner pid=562575)[0m           'chunk_state_diag_enable': True,
[36m(TaskRunner pid=562575)[0m           'chunk_state_diag_jsonl': '/mlx_devbox/users/quyanyi/playground/TTRL/important_experiment_logs/chunk_state_diag/ttrl_chunk_state_powerflow_futuregain_supportdist_alignedanchors_v10_mid_c128_probe1536x4_b32_r32_v64_3step_20260802.jsonl',
[36m(TaskRunner pid=562575)[0m           'chunk_state_enable': True,
[36m(TaskRunner pid=562575)[0m           'chunk_state_eps': 0.05,
[36m(TaskRunner pid=562575)[0m           'chunk_state_future_support_anchor_prior_power': 1.0,
[36m(TaskRunner pid=562575)[0m           'chunk_state_future_support_anchor_prior_weight': 0.0,
[36m(TaskRunner pid=562575)[0m           'chunk_state_future_support_baseline_scale': 1.0,
[36m(TaskRunner pid=562575)[0m           'chunk_state_future_support_gain_slack': 0.125,
[36m(TaskRunner pid=562575)[0m           'chunk_state_future_support_keep_mode': 'soft',
[36m(TaskRunner pid=562575)[0m           'chunk_state_future_support_max_mass_coef': 0.25,
[36m(TaskRunner pid=562575)[0m           'chunk_state_future_support_max_state_oov': 0.875,
[36m(TaskRunner pid=562575)[0m           'chunk_state_future_support_min_candidate_coverage': 0.0,
[36m(TaskRunner pid=562575)[0m           'chunk_state_future_support_min_candidate_mean_mass': 0.0,
[36m(TaskRunner pid=562575)[0m           'chunk_state_future_support_min_mass': 0.03125,
[36m(TaskRunner pid=562575)[0m           'chunk_state_future_support_min_positive_margin': 0.0,
[36m(TaskRunner pid=562575)[0m           'chunk_state_future_support_min_state_coverage': 0.125,
[36m(TaskRunner pid=562575)[0m           'chunk_state_future_support_min_state_max_mass': 0.03125,
[36m(TaskRunner pid=562575)[0m           'chunk_state_future_support_min_state_mean_mass': 0.015,
[36m(TaskRunner pid=562575)[0m           'chunk_state_future_support_min_state_top_margin': 0.001,
[36m(TaskRunner pid=562575)[0m           'chunk_state_future_support_prior_smoothing': 4.0,
[36m(TaskRunner pid=562575)[0m           'chunk_state_future_support_score_type': 'support_distribution_match',
[36m(TaskRunner pid=562575)[0m           'chunk_state_future_support_soft_weight_floor': 0.02,
[36m(TaskRunner pid=562575)[0m           'chunk_state_future_support_source_prior_weight': 1.0,
[36m(TaskRunner pid=562575)[0m           'chunk_state_label_consistent_only': False,
[36m(TaskRunner pid=562575)[0m           'chunk_state_max_prefix_tokens': 1024,
[36m(TaskRunner pid=562575)[0m           'chunk_state_max_prompt_answer_entropy': 1.4,
[36m(TaskRunner pid=562575)[0m           'chunk_state_mid_boundary_max_ratio': 0.75,
[36m(TaskRunner pid=562575)[0m           'chunk_state_mid_boundary_min_ratio': 0.35,
[36m(TaskRunner pid=562575)[0m           'chunk_state_min_answer_coverage': 0.125,
[36m(TaskRunner pid=562575)[0m           'chunk_state_min_boundary': 0,
[36m(TaskRunner pid=562575)[0m           'chunk_state_min_informative_gap': 0.001,
[36m(TaskRunner pid=562575)[0m           'chunk_state_min_majority_ratio': 0.0,
[36m(TaskRunner pid=562575)[0m           'chunk_state_min_prompt_top_margin': 0.05,
[36m(TaskRunner pid=562575)[0m           'chunk_state_min_prompt_top_mass': 0.45,
[36m(TaskRunner pid=562575)[0m           'chunk_state_min_prompt_valid_answer_coverage': 0.75,
[36m(TaskRunner pid=562575)[0m           'chunk_state_min_source_answer_mass': 0.4,
[36m(TaskRunner pid=562575)[0m           'chunk_state_min_state_positive_margin': -1.0,
[36m(TaskRunner pid=562575)[0m           'chunk_state_powerflow_weight_clip': 4.0,
[36m(TaskRunner pid=562575)[0m           'chunk_state_powerflow_weight_clip_renorm': True,
[36m(TaskRunner pid=562575)[0m           'chunk_state_probe_max_tokens': 1536,
[36m(TaskRunner pid=562575)[0m           'chunk_state_probe_samples': 4,
[36m(TaskRunner pid=562575)[0m           'chunk_state_prune_zero_weight_samples': True,
[36m(TaskRunner pid=562575)[0m           'chunk_state_score_mode': 'future_support_gain',
[36m(TaskRunner pid=562575)[0m           'chunk_state_skip_all_negative': False,
[36m(TaskRunner pid=562575)[0m Setting TOKENIZERS_PARALLELISM=false for forked processes.
[36m(TaskRunner pid=562575)[0m WARNING:2026-08-02 08:33:47,981:Setting TOKENIZERS_PARALLELISM=false for forked processes.
[36m(TaskRunner pid=562575)[0m Filtering prompts longer than 1024 tokens (num_proc=1):   0%|          | 0/500 [00:00<?, ? examples/s]
[36m(TaskRunner pid=562575)[0m Filtering prompts longer than 1024 tokens (num_proc=1): 100%|██████████| 500/500 [00:01<00:00, 292.70 examples/s]
[36m(TaskRunner pid=562575)[0m Filtering prompts longer than 1024 tokens (num_proc=1): 100%|██████████| 500/500 [00:01<00:00, 272.67 examples/s]
[36m(TaskRunner pid=562575)[0m Setting TOKENIZERS_PARALLELISM=false for forked processes.
[36m(TaskRunner pid=562575)[0m WARNING:2026-08-02 08:33:50,958:Setting TOKENIZERS_PARALLELISM=false for forked processes.
[36m(TaskRunner pid=562575)[0m Filtering prompts longer than 1024 tokens (num_proc=1):   0%|          | 0/500 [00:00<?, ? examples/s]
[36m(TaskRunner pid=562575)[0m Filtering prompts longer than 1024 tokens (num_proc=1): 100%|██████████| 500/500 [00:01<00:00, 294.02 examples/s]
[36m(TaskRunner pid=562575)[0m Filtering prompts longer than 1024 tokens (num_proc=1): 100%|██████████| 500/500 [00:01<00:00, 273.17 examples/s]
[36m(TaskRunner pid=562575)[0m DeprecationWarning: `ray.state.available_resources_per_node` is a private attribute and access will be removed in a future Ray version.
[36m(pid=562578)[0m /mlx_devbox/users/quyanyi/playground/TTRL/verl/verl/__init__.py:18: UserWarning: pkg_resources is deprecated as an API. See https://setuptools.pypa.io/en/latest/pkg_resources.html. The pkg_resources package is slated for removal as early as 2025-11-30. Refrain from using this package or pin to Setuptools<81.
[36m(pid=562578)[0m   import pkg_resources
[36m(pid=562578)[0m /mlx_devbox/users/quyanyi/playground/.venvs/ttrl_b200/lib/python3.11/site-packages/huggingface_hub/constants.py:298: FutureWarning: The `HF_HUB_ENABLE_HF_TRANSFER` environment variable is deprecated as 'hf_transfer' is not used anymore. Please use `HF_XET_HIGH_PERFORMANCE` instead to enable high performance transfer with Xet. Visit https://huggingface.co/docs/huggingface_hub/package_reference/environment_variables#hfxethighperformance for more details.
[36m(pid=562578)[0m   warnings.warn(
[36m(pid=562582)[0m /mlx_devbox/users/quyanyi/playground/TTRL/verl/verl/__init__.py:18: UserWarning: pkg_resources is deprecated as an API. See https://setuptools.pypa.io/en/latest/pkg_resources.html. The pkg_resources package is slated for removal as early as 2025-11-30. Refrain from using this package or pin to Setuptools<81.[32m [repeated 7x across cluster] (Ray deduplicates logs by default. Set RAY_DEDUP_LOGS=0 to disable log deduplication, or see https://docs.ray.io/en/master/ray-observability/user-guides/configure-logging.html#log-deduplication for more options.)[0m
[36m(pid=562582)[0m   import pkg_resources[32m [repeated 7x across cluster][0m
[36m(WorkerDict pid=562578)[0m WARNING:2026-08-02 08:34:12,666:Initializing torch.distributed: rank=0 world_size=8 init_method=tcp://[fdbd:dc61:ff:f000:ffff:ffff:0:16]:33139 master=fdbd:dc61:ff:f000:ffff:ffff:0:16:33139
[36m(pid=562579)[0m /mlx_devbox/users/quyanyi/playground/.venvs/ttrl_b200/lib/python3.11/site-packages/huggingface_hub/constants.py:298: FutureWarning: The `HF_HUB_ENABLE_HF_TRANSFER` environment variable is deprecated as 'hf_transfer' is not used anymore. Please use `HF_XET_HIGH_PERFORMANCE` instead to enable high performance transfer with Xet. Visit https://huggingface.co/docs/huggingface_hub/package_reference/environment_variables#hfxethighperformance for more details.[32m [repeated 7x across cluster][0m
[36m(pid=562579)[0m   warnings.warn([32m [repeated 7x across cluster][0m
[36m(WorkerDict pid=562582)[0m [W802 08:34:15.996446985 ProcessGroupNCCL.cpp:932] Warning: TORCH_NCCL_AVOID_RECORD_STREAMS is the default now, this environment variable is thus deprecated. (function operator())
[36m(TaskRunner pid=562575)[0m           'chunk_state_skip_uniform': False,
[36m(TaskRunner pid=562575)[0m           'chunk_state_source_chunk_candidate_index': 0,
[36m(TaskRunner pid=562575)[0m           'chunk_state_source_chunk_enable': True,
[36m(TaskRunner pid=562575)[0m           'chunk_state_source_low_max_answer_mass': 0.35,
[36m(TaskRunner pid=562575)[0m           'chunk_state_source_min_valid_answer_mass': 0.03125,
[36m(TaskRunner pid=562575)[0m           'chunk_state_source_mixed_low_ratio': 0.75,
[36m(TaskRunner pid=562575)[0m           'chunk_state_source_mode': 'majority_consistent',
[36m(TaskRunner pid=562575)[0m           'chunk_state_source_quality_max_entropy': 0.0,
[36m(TaskRunner pid=562575)[0m           'chunk_state_source_quality_weight_floor': 0.0,
[36m(TaskRunner pid=562575)[0m           'chunk_state_source_quality_weight_mode': 'off',
[36m(TaskRunner pid=562575)[0m           'chunk_state_source_quality_weight_power': 1.0,
[36m(TaskRunner pid=562575)[0m           'chunk_state_source_select_by_mass': True,
[36m(TaskRunner pid=562575)[0m           'chunk_state_staged_probe_enable': False,
[36m(TaskRunner pid=562575)[0m           'chunk_state_staged_probe_extra_max_tokens': 1536,
[36m(TaskRunner pid=562575)[0m           'chunk_state_staged_probe_extra_samples': 4,
[36m(TaskRunner pid=562575)[0m           'chunk_state_staged_probe_merge_mode': 'repeat_base',
[36m(TaskRunner pid=562575)[0m           'chunk_state_staged_probe_topk': 2,
[36m(TaskRunner pid=562575)[0m           'chunk_state_states_per_prompt': 1,
[36m(TaskRunner pid=562575)[0m           'chunk_state_support_anchor_candidate_start': 1,
[36m(TaskRunner pid=562575)[0m           'chunk_state_support_anchor_count': 7,
[36m(TaskRunner pid=562575)[0m           'chunk_state_support_anchor_enable': True,
[36m(TaskRunner pid=562575)[0m           'chunk_state_support_anchor_min_mass': 0.03125,
[36m(TaskRunner pid=562575)[0m           'chunk_state_support_anchor_min_prefix_match': 0.75,
[36m(TaskRunner pid=562575)[0m           'chunk_state_support_anchor_prefix_compat_enable': True,
[36m(TaskRunner pid=562575)[0m           'chunk_state_support_anchor_prefix_compat_mode': 'soft',
[36m(TaskRunner pid=562575)[0m           'chunk_state_support_anchor_prefix_compat_tokens': 64,
[36m(TaskRunner pid=562575)[0m           'chunk_state_support_anchor_prefix_score_power': 0.5,
[36m(TaskRunner pid=562575)[0m           'chunk_state_support_anchor_selection_mode': 'mass_ranked',
[36m(TaskRunner pid=562575)[0m           'chunk_state_support_anchor_skip_source': True,
[36m(TaskRunner pid=562575)[0m           'chunk_state_support_flow_answer_split_power': 1.0,
[36m(TaskRunner pid=562575)[0m           'chunk_state_support_flow_baseline_scale': 1.0,
[36m(TaskRunner pid=562575)[0m           'chunk_state_support_flow_gain_slack': 0.0,
[36m(TaskRunner pid=562575)[0m           'chunk_state_support_flow_min_positive_margin': 0.0,
[36m(TaskRunner pid=562575)[0m           'chunk_state_support_flow_posterior_split_duplicates': True,
[36m(TaskRunner pid=562575)[0m           'chunk_state_support_flow_score_type': 'gain',
[36m(TaskRunner pid=562575)[0m           'chunk_state_support_flow_softplus_temperature': 0.125,
[36m(TaskRunner pid=562575)[0m           'chunk_state_support_flow_source_prior_weight': 1.0,
[36m(TaskRunner pid=562575)[0m           'chunk_state_support_flow_split_mass_by_answer': False,
[36m(TaskRunner pid=562575)[0m           'chunk_state_target_guard_anchor': True,
[36m(TaskRunner pid=562575)[0m           'chunk_state_target_guard_bad_probe_ratio': 0.5,
[36m(TaskRunner pid=562575)[0m           'chunk_state_target_guard_candidate_assistant_marker': True,
[36m(TaskRunner pid=562575)[0m           'chunk_state_target_guard_candidate_enable': False,
[36m(TaskRunner pid=562575)[0m           'chunk_state_target_guard_candidate_max_boxed_count': 1,
[36m(TaskRunner pid=562575)[0m           'chunk_state_target_guard_enable': False,
[36m(TaskRunner pid=562575)[0m           'chunk_state_target_guard_max_boxed_count': 2,
[36m(TaskRunner pid=562575)[0m           'chunk_state_target_guard_min_answer_mass': 0.0,
[36m(TaskRunner pid=562575)[0m           'chunk_state_target_guard_use_distribution_score': False,
[36m(TaskRunner pid=562575)[0m           'chunk_state_target_guard_use_mass_gain': False,
[36m(TaskRunner pid=562575)[0m           'chunk_state_teacher_anchor_candidate_index': 0,
[36m(TaskRunner pid=562575)[0m           'chunk_state_teacher_anchor_enable': False,
[36m(TaskRunner pid=562575)[0m           'chunk_state_teacher_anchor_score': 1.0,
[36m(TaskRunner pid=562575)[0m           'chunk_state_zero_inconsistent_candidates': False,
[36m(TaskRunner pid=562575)[0m           'enable': True,
[36m(TaskRunner pid=562575)[0m           'majority_vote_num_processes': 64,
[36m(TaskRunner pid=562575)[0m           'n_samples_per_prompt': 32,
[36m(TaskRunner pid=562575)[0m           'n_votes_per_prompt': 64,
[36m(TaskRunner pid=562575)[0m           'powerflow_no_majority': False,
[36m(TaskRunner pid=562575)[0m           'sharpened_alpha': 2.0,
[36m(TaskRunner pid=562575)[0m           'sharpened_conf_temperature': 1.0,
[36m(TaskRunner pid=562575)[0m           'sharpened_enable': False,
[36m(TaskRunner pid=562575)[0m           'sharpened_negative_enable': True,
[36m(TaskRunner pid=562575)[0m           'sharpened_negative_reward': -0.25,
[36m(TaskRunner pid=562575)[0m           'sharpened_reward_mode': 'prob',
[36m(TaskRunner pid=562575)[0m           'sharpened_soft_coef': 0.25,
[36m(TaskRunner pid=562575)[0m           'sharpened_tau_low': 0.125,
[36m(TaskRunner pid=562575)[0m           'sharpened_tau_marg': 0.125,
[36m(TaskRunner pid=562575)[0m           'sharpened_tau_pos': 0.375,
[36m(TaskRunner pid=562575)[0m           'sharpened_use_confidence': True}}
[36m(TaskRunner pid=562575)[0m using customized reward function 'reward_func' from './verl/utils/reward_score/ttrl_math/__init__.py'
[36m(TaskRunner pid=562575)[0m using customized reward function 'reward_func' from './verl/utils/reward_score/ttrl_math/__init__.py'
[36m(TaskRunner pid=562575)[0m Using dataset class: RLHFDataset
[36m(TaskRunner pid=562575)[0m dataset len: 500
[36m(TaskRunner pid=562575)[0m filter dataset len: 500
[36m(TaskRunner pid=562575)[0m Using dataset class: RLHFDataset
[36m(TaskRunner pid=562575)[0m dataset len: 500
[36m(TaskRunner pid=562575)[0m filter dataset len: 500
[36m(TaskRunner pid=562575)[0m [validate_config] All configuration checks passed successfully!
[36m(TaskRunner pid=562575)[0m Size of train dataloader: 15, Size of val dataloader: 1
[36m(TaskRunner pid=562575)[0m Total training steps: 3
[36m(TaskRunner pid=562575)[0m colocated worker base class <class 'verl.single_controller.base.worker.Worker'>
[36m(WorkerDict pid=562578)[0m Model config after override: Qwen2Config {
[36m(WorkerDict pid=562578)[0m   "architectures": [
[36m(WorkerDict pid=562578)[0m     "Qwen2ForCausalLM"
[36m(WorkerDict pid=562578)[0m   ],
[36m(WorkerDict pid=562578)[0m   "attention_dropout": 0.0,
[36m(WorkerDict pid=562578)[0m   "bos_token_id": null,
[36m(WorkerDict pid=562578)[0m   "dtype": "bfloat16",
[36m(WorkerDict pid=562578)[0m   "eos_token_id": 151643,
[36m(WorkerDict pid=562578)[0m   "hidden_act": "silu",
[36m(WorkerDict pid=562578)[0m   "hidden_size": 3584,
[36m(WorkerDict pid=562578)[0m   "initializer_range": 0.02,
[36m(WorkerDict pid=562578)[0m   "intermediate_size": 18944,
[36m(WorkerDict pid=562578)[0m   "layer_types": [
[36m(WorkerDict pid=562578)[0m     "full_attention",
[36m(WorkerDict pid=562578)[0m     "full_attention",
[36m(WorkerDict pid=562578)[0m     "full_attention",
[36m(WorkerDict pid=562578)[0m     "full_attention",
[36m(WorkerDict pid=562578)[0m     "full_attention",
[36m(WorkerDict pid=562578)[0m     "full_attention",
[36m(WorkerDict pid=562578)[0m     "full_attention",
[36m(WorkerDict pid=562578)[0m     "full_attention",
[36m(WorkerDict pid=562578)[0m     "full_attention",
[36m(WorkerDict pid=562574)[0m Loading weights:   0%|          | 0/339 [00:00<?, ?it/s]Loading weights: 100%|██████████| 339/339 [00:00<00:00, 12800.52it/s]
[36m(WorkerDict pid=562582)[0m Loading weights:   0%|          | 0/339 [00:00<?, ?it/s]
[36m(WorkerDict pid=562582)[0m Loading weights: 100%|██████████| 339/339 [00:00<00:00, 11925.73it/s]
[36m(WorkerDict pid=562578)[0m     "full_attention",
[36m(WorkerDict pid=562578)[0m     "full_attention",
[36m(WorkerDict pid=562578)[0m     "full_attention",
[36m(WorkerDict pid=562578)[0m     "full_attention",
[36m(WorkerDict pid=562578)[0m     "full_attention",
[36m(WorkerDict pid=562578)[0m     "full_attention",
[36m(WorkerDict pid=562578)[0m     "full_attention",
[36m(WorkerDict pid=562578)[0m     "full_attention",
[36m(WorkerDict pid=562578)[0m     "full_attention",
[36m(WorkerDict pid=562578)[0m     "full_attention",
[36m(WorkerDict pid=562578)[0m     "full_attention",
[36m(WorkerDict pid=562578)[0m     "full_attention",
[36m(WorkerDict pid=562578)[0m     "full_attention",
[36m(WorkerDict pid=562578)[0m     "full_attention",
[36m(WorkerDict pid=562578)[0m     "full_attention",
[36m(WorkerDict pid=562578)[0m     "full_attention",
[36m(WorkerDict pid=562578)[0m     "full_attention",
[36m(WorkerDict pid=562578)[0m     "full_attention",
[36m(WorkerDict pid=562578)[0m     "full_attention"
[36m(WorkerDict pid=562578)[0m   ],
[36m(WorkerDict pid=562578)[0m   "max_position_embeddings": 4096,
[36m(WorkerDict pid=562578)[0m   "max_window_layers": 28,
[36m(WorkerDict pid=562578)[0m   "model_type": "qwen2",
[36m(WorkerDict pid=562578)[0m   "num_attention_heads": 28,
[36m(WorkerDict pid=562578)[0m   "num_hidden_layers": 28,
[36m(WorkerDict pid=562578)[0m   "num_key_value_heads": 4,
[36m(WorkerDict pid=562578)[0m   "pad_token_id": 151643,
[36m(WorkerDict pid=562578)[0m   "rms_norm_eps": 1e-06,
[36m(WorkerDict pid=562578)[0m   "rope_parameters": {
[36m(WorkerDict pid=562578)[0m     "rope_theta": 10000,
[36m(WorkerDict pid=562578)[0m     "rope_type": "default"
[36m(WorkerDict pid=562578)[0m   },
[36m(WorkerDict pid=562578)[0m   "sliding_window": null,
[36m(WorkerDict pid=562578)[0m   "tie_word_embeddings": false,
[36m(WorkerDict pid=562578)[0m   "transformers_version": "5.12.1",
[36m(WorkerDict pid=562578)[0m   "use_cache": true,
[36m(WorkerDict pid=562578)[0m   "use_mrope": false,
[36m(WorkerDict pid=562578)[0m   "use_sliding_window": false,
[36m(WorkerDict pid=562578)[0m   "vocab_size": 152064
[36m(WorkerDict pid=562578)[0m }
[36m(WorkerDict pid=562578)[0m 
[36m(WorkerDict pid=562574)[0m Monkey patch _flash_attention_forward in transformers.integrations.flash_attention
[36m(WorkerDict pid=562574)[0m Using Triton backend for fused kernels in Qwen2ForCausalLM
[36m(WorkerDict pid=562578)[0m ref attention implementation verified: sdpa
[36m(WorkerDict pid=562578)[0m Qwen2ForCausalLM contains 7.62B parameters
[36m(WorkerDict pid=562578)[0m wrap_policy: functools.partial(<function _or_policy at 0x7ed63607b560>, policies=[functools.partial(<function transformer_auto_wrap_policy at 0x7ed63607b420>, transformer_layer_cls={<class 'transformers.models.qwen2.modeling_qwen2.Qwen2DecoderLayer'>})])
[36m(WorkerDict pid=562578)[0m trial-302172199-trialrun-302172199-worker-0:562578:562578 [0] NCCL INFO ENV/Plugin: Could not find: libnccl-env.so
[36m(WorkerDict pid=562578)[0m trial-302172199-trialrun-302172199-worker-0:562578:562578 [0] NCCL INFO NCCL_SOCKET_FAMILY set by environment to AF_INET6
[36m(WorkerDict pid=562578)[0m trial-302172199-trialrun-302172199-worker-0:562578:562578 [0] NCCL INFO NCCL_SOCKET_IFNAME set by environment to =eth0
[36m(WorkerDict pid=562578)[0m trial-302172199-trialrun-302172199-worker-0:562578:562578 [0] NCCL INFO cudaDriverVersion 13000
[36m(WorkerDict pid=562578)[0m trial-302172199-trialrun-302172199-worker-0:562578:562578 [0] NCCL INFO NCCL version 2.28.9+cuda13.0
[36m(WorkerDict pid=562578)[0m trial-302172199-trialrun-302172199-worker-0:562578:562578 [0] NCCL INFO Comm config Blocking set to 1
[36m(WorkerDict pid=562578)[0m trial-302172199-trialrun-302172199-worker-0:562578:562578 [0] NCCL INFO NCCL_NET_PLUGIN set by environment to none
[36m(WorkerDict pid=562578)[0m trial-302172199-trialrun-302172199-worker-0:562578:562578 [0] NCCL INFO NCCL_SOCKET_FAMILY set by environment to AF_INET6
[36m(WorkerDict pid=562578)[0m trial-302172199-trialrun-302172199-worker-0:562578:562578 [0] NCCL INFO NCCL_SOCKET_IFNAME set by environment to =eth0
[36m(WorkerDict pid=562578)[0m trial-302172199-trialrun-302172199-worker-0:562578:562578 [0] NCCL INFO NET/Socket : Using [0]eth0:fdbd:dc61:ff:f000:ffff:ffff:0:16<0>
[36m(WorkerDict pid=562578)[0m trial-302172199-trialrun-302172199-worker-0:562578:562578 [0] NCCL INFO Initialized NET plugin Socket
[36m(WorkerDict pid=562578)[0m trial-302172199-trialrun-302172199-worker-0:562578:562578 [0] NCCL INFO Assigned NET plugin Socket to comm
[36m(WorkerDict pid=562578)[0m trial-302172199-trialrun-302172199-worker-0:562578:562578 [0] NCCL INFO Using network Socket
[36m(WorkerDict pid=562578)[0m trial-302172199-trialrun-302172199-worker-0:562578:562578 [0] NCCL INFO ncclCommInitRankConfig comm 0xed0a220 rank 0 nranks 8 cudaDev 0 nvmlDev 0 busId f000 commId 0x5cab6ff53de93af9 - Init START
[36m(WorkerDict pid=562578)[0m trial-302172199-trialrun-302172199-worker-0:562578:562578 [0] NCCL INFO RAS client listening socket at ::1<28028>
[36m(WorkerDict pid=562578)[0m trial-302172199-trialrun-302172199-worker-0:562578:562578 [0] NCCL INFO MNNVL busId 0xf000 fabric UUID 0.0 cliqueId 0x0 state 3 healthMask 0x80
[36m(WorkerDict pid=562578)[0m trial-302172199-trialrun-302172199-worker-0:562578:562578 [0] NCCL INFO Could not find real path of /sys/class/pci_bus/fffffff/../../fffffff:ff:f
[36m(WorkerDict pid=562578)[0m trial-302172199-trialrun-302172199-worker-0:562578:562578 [0] NCCL INFO TOPO/NET : Importing network plugins to topology
[36m(WorkerDict pid=562578)[0m trial-302172199-trialrun-302172199-worker-0:562578:562578 [0] NCCL INFO ncclTopoPopulateNics : Filled eth0 in topo with pciPath=(null) keep=1 coll=(null)
[36m(WorkerDict pid=562578)[0m trial-302172199-trialrun-302172199-worker-0:562578:562578 [0] NCCL INFO === System : maxBw 721.8 totalBw 721.8 ===
[36m(WorkerDict pid=562578)[0m trial-302172199-trialrun-302172199-worker-0:562578:562578 [0] NCCL INFO CPU/0-0 (1/1/4)
[36m(WorkerDict pid=562578)[0m trial-302172199-trialrun-302172199-worker-0:562578:562578 [0] NCCL INFO + PCI[5000.0] - NIC/0-0
[36m(WorkerDict pid=562578)[0m trial-302172199-trialrun-302172199-worker-0:562578:562578 [0] NCCL INFO                 + NET[1.2] - NET/0-0 (0/0/0/1.250000)
[36m(WorkerDict pid=562578)[0m trial-302172199-trialrun-302172199-worker-0:562578:562578 [0] NCCL INFO                 + NET[1.2] - NET/0-0 (0/0/0/1.250000)
[36m(WorkerDict pid=562578)[0m trial-302172199-trialrun-302172199-worker-0:562578:562578 [0] NCCL INFO + PCI[48.0] - PCI/0-8000 (1000c0301000ffff)
[36m(WorkerDict pid=562578)[0m trial-302172199-trialrun-302172199-worker-0:562578:562578 [0] NCCL INFO               + PCI[48.0] - GPU/0-f000 (0)
[36m(WorkerDict pid=562578)[0m trial-302172199-trialrun-302172199-worker-0:562578:562578 [0] NCCL INFO                             + NVL[721.8] - NVS/0-0
[36m(WorkerDict pid=562578)[0m trial-302172199-trialrun-302172199-worker-0:562578:562578 [0] NCCL INFO + PCI[48.0] - PCI/0-26000 (1000c0301000ffff)
[36m(WorkerDict pid=562578)[0m trial-302172199-trialrun-302172199-worker-0:562578:562578 [0] NCCL INFO               + PCI[48.0] - GPU/0-2d000 (1)
[36m(WorkerDict pid=562578)[0m trial-302172199-trialrun-302172199-worker-0:562578:562578 [0] NCCL INFO                             + NVL[721.8] - NVS/0-0
[36m(WorkerDict pid=562578)[0m trial-302172199-trialrun-302172199-worker-0:562578:562578 [0] NCCL INFO + PCI[48.0] - PCI/0-3d000 (1000c0301000ffff)
[36m(WorkerDict pid=562578)[0m trial-302172199-trialrun-302172199-worker-0:562578:562578 [0] NCCL INFO               + PCI[48.0] - GPU/0-44000 (2)
[36m(WorkerDict pid=562578)[0m trial-302172199-trialrun-302172199-worker-0:562578:562578 [0] NCCL INFO                             + NVL[721.8] - NVS/0-0
[36m(WorkerDict pid=562578)[0m trial-302172199-trialrun-302172199-worker-0:562578:562578 [0] NCCL INFO + PCI[48.0] - PCI/0-54000 (1000c0301000ffff)
[36m(WorkerDict pid=562578)[0m trial-302172199-trialrun-302172199-worker-0:562578:562578 [0] NCCL INFO               + PCI[48.0] - GPU/0-5b000 (3)
[36m(WorkerDict pid=562578)[0m trial-302172199-trialrun-302172199-worker-0:562578:562578 [0] NCCL INFO                             + NVL[721.8] - NVS/0-0
[36m(WorkerDict pid=562578)[0m trial-302172199-trialrun-302172199-worker-0:562578:562578 [0] NCCL INFO + SYS[40.0] - CPU/0-1
[36m(WorkerDict pid=562578)[0m trial-302172199-trialrun-302172199-worker-0:562578:562578 [0] NCCL INFO CPU/0-1 (1/1/4)
[36m(WorkerDict pid=562578)[0m trial-302172199-trialrun-302172199-worker-0:562578:562578 [0] NCCL INFO + PCI[48.0] - PCI/0-82000 (1000c0301000ffff)
[36m(WorkerDict pid=562578)[0m trial-302172199-trialrun-302172199-worker-0:562578:562578 [0] NCCL INFO               + PCI[48.0] - GPU/0-89000 (4)
[36m(WorkerDict pid=562578)[0m trial-302172199-trialrun-302172199-worker-0:562578:562578 [0] NCCL INFO                             + NVL[721.8] - NVS/0-0
[36m(WorkerDict pid=562578)[0m trial-302172199-trialrun-302172199-worker-0:562578:562578 [0] NCCL INFO + PCI[48.0] - PCI/0-a1000 (1000c0301000ffff)
[36m(WorkerDict pid=562578)[0m trial-302172199-trialrun-302172199-worker-0:562578:562578 [0] NCCL INFO               + PCI[48.0] - GPU/0-a8000 (5)
[36m(WorkerDict pid=562578)[0m trial-302172199-trialrun-302172199-worker-0:562578:562578 [0] NCCL INFO                             + NVL[721.8] - NVS/0-0
[36m(WorkerDict pid=562578)[0m trial-302172199-trialrun-302172199-worker-0:562578:562578 [0] NCCL INFO + PCI[48.0] - PCI/0-b9000 (1000c0301000ffff)
[36m(WorkerDict pid=562578)[0m trial-302172199-trialrun-302172199-worker-0:562578:562578 [0] NCCL INFO               + PCI[48.0] - GPU/0-c0000 (6)
[36m(WorkerDict pid=562578)[0m trial-302172199-trialrun-302172199-worker-0:562578:562578 [0] NCCL INFO                             + NVL[721.8] - NVS/0-0
[36m(WorkerDict pid=562578)[0m trial-302172199-trialrun-302172199-worker-0:562578:562578 [0] NCCL INFO + PCI[48.0] - PCI/0-d1000 (1000c0301000ffff)
[36m(WorkerDict pid=562578)[0m trial-302172199-trialrun-302172199-worker-0:562578:562578 [0] NCCL INFO               + PCI[48.0] - GPU/0-d8000 (7)
[36m(WorkerDict pid=562578)[0m trial-302172199-trialrun-302172199-worker-0:562578:562578 [0] NCCL INFO                             + NVL[721.8] - NVS/0-0
[36m(WorkerDict pid=562578)[0m trial-302172199-trialrun-302172199-worker-0:562578:562578 [0] NCCL INFO + SYS[40.0] - CPU/0-0
[36m(WorkerDict pid=562578)[0m trial-302172199-trialrun-302172199-worker-0:562578:562578 [0] NCCL INFO ==========================================
[36m(WorkerDict pid=562578)[0m trial-302172199-trialrun-302172199-worker-0:562578:562578 [0] NCCL INFO GPU/0-f000 :GPU/0-f000 (0/5000.0/LOC) GPU/0-2d000 (2/721.8/NVL) GPU/0-44000 (2/721.8/NVL) GPU/0-5b000 (2/721.8/NVL) GPU/0-89000 (2/721.8/NVL) GPU/0-a8000 (2/721.8/NVL) GPU/0-c0000 (2/721.8/NVL) GPU/0-d8000 (2/721.8/NVL) NVS/0-0 (1/721.8/NVL) CPU/0-0 (2/48.0/PHB) CPU/0-1 (3/40.0/SYS) NET/0-0 (4/1.2/PHB) NET/0-0 (0/0.0/DIS) 
[36m(WorkerDict pid=562578)[0m trial-302172199-trialrun-302172199-worker-0:562578:562578 [0] NCCL INFO GPU/0-2d000 :GPU/0-f000 (2/721.8/NVL) GPU/0-2d000 (0/5000.0/LOC) GPU/0-44000 (2/721.8/NVL) GPU/0-5b000 (2/721.8/NVL) GPU/0-89000 (2/721.8/NVL) GPU/0-a8000 (2/721.8/NVL) GPU/0-c0000 (2/721.8/NVL) GPU/0-d8000 (2/721.8/NVL) NVS/0-0 (1/721.8/NVL) CPU/0-0 (2/48.0/PHB) CPU/0-1 (3/40.0/SYS) NET/0-0 (4/1.2/PHB) NET/0-0 (0/0.0/DIS) 
[36m(WorkerDict pid=562578)[0m trial-302172199-trialrun-302172199-worker-0:562578:562578 [0] NCCL INFO GPU/0-44000 :GPU/0-f000 (2/721.8/NVL) GPU/0-2d000 (2/721.8/NVL) GPU/0-44000 (0/5000.0/LOC) GPU/0-5b000 (2/721.8/NVL) GPU/0-89000 (2/721.8/NVL) GPU/0-a8000 (2/721.8/NVL) GPU/0-c0000 (2/721.8/NVL) GPU/0-d8000 (2/721.8/NVL) NVS/0-0 (1/721.8/NVL) CPU/0-0 (2/48.0/PHB) CPU/0-1 (3/40.0/SYS) NET/0-0 (4/1.2/PHB) NET/0-0 (0/0.0/DIS) 
[36m(WorkerDict pid=562578)[0m trial-302172199-trialrun-302172199-worker-0:562578:562578 [0] NCCL INFO GPU/0-5b000 :GPU/0-f000 (2/721.8/NVL) GPU/0-2d000 (2/721.8/NVL) GPU/0-44000 (2/721.8/NVL) GPU/0-5b000 (0/5000.0/LOC) GPU/0-89000 (2/721.8/NVL) GPU/0-a8000 (2/721.8/NVL) GPU/0-c0000 (2/721.8/NVL) GPU/0-d8000 (2/721.8/NVL) NVS/0-0 (1/721.8/NVL) CPU/0-0 (2/48.0/PHB) CPU/0-1 (3/40.0/SYS) NET/0-0 (4/1.2/PHB) NET/0-0 (0/0.0/DIS) 
[36m(WorkerDict pid=562578)[0m trial-302172199-trialrun-302172199-worker-0:562578:562578 [0] NCCL INFO GPU/0-89000 :GPU/0-f000 (2/721.8/NVL) GPU/0-2d000 (2/721.8/NVL) GPU/0-44000 (2/721.8/NVL) GPU/0-5b000 (2/721.8/NVL) GPU/0-89000 (0/5000.0/LOC) GPU/0-a8000 (2/721.8/NVL) GPU/0-c0000 (2/721.8/NVL) GPU/0-d8000 (2/721.8/NVL) NVS/0-0 (1/721.8/NVL) CPU/0-0 (3/40.0/SYS) CPU/0-1 (2/48.0/PHB) NET/0-0 (5/1.2/SYS) NET/0-0 (0/0.0/DIS) 
[36m(WorkerDict pid=562578)[0m trial-302172199-trialrun-302172199-worker-0:562578:562578 [0] NCCL INFO GPU/0-a8000 :GPU/0-f
[36m(WorkerDict pid=562582)[0m trial-302172199-trialrun-302172199-worker-0:562582:562582 [7] NCCL INFO GPU/0-a8000 :GPU/
[36m(WorkerDict pid=562578)[0m 000 (2/721.8/NVL) GPU/0-2d000 (2/721.8/NVL) GPU/0-44000 (2/721.8/NVL) GPU/0-5b000 (2/721.8/NVL) GPU/0-89000 (2/721.8/NVL) GPU/0-a8000 (0/5000.0/LOC) GPU/0-c0000 (2/721.8/NVL) GPU/0-d8000 (2/721.8/NVL) NVS/0-0 (1/721.8/NVL) CPU/0-0 (3/40.0/SYS) CPU/0-1 (2/48.0/PHB) NET/0-0 (5/1.2/SYS) NET/0-0 (0/0.0/DIS) 
[36m(WorkerDict pid=562578)[0m trial-302172199-trialrun-302172199-worker-0:562578:562578 [0] NCCL INFO ncclTopoGetCpuAffinity: Affinity for GPU 0 is 0-62,128-190. (GPU affinity = 0-63,128-191 ; CPU affinity = 0-62,64-126,128-190,192-254).
[36m(WorkerDict pid=562578)[0m trial-302172199-trialrun-302172199-worker-0:562578:562578 [0] NCCL INFO NCCL_NVLS_ENABLE set by environment to 1.
[36m(WorkerDict pid=562578)[0m trial-302172199-trialrun-302172199-worker-0:562578:562578 [0] NCCL INFO NVLS multicast support is available on dev 0 (NVLS_NCHANNELS 24)
[36m(WorkerDict pid=562578)[0m trial-302172199-trialrun-302172199-worker-0:562578:562578 [0] NCCL INFO Pattern 4, crossNic 0, nChannels 16, bw 45.000000/45.000000, type NVL/PIX, sameChannels 1
[36m(WorkerDict pid=562578)[0m trial-302172199-trialrun-302172199-worker-0:562578:562578 [0] NCCL INFO  0 : GPU/0-f000 GPU/0-2d000 GPU/0-44000 GPU/0-5b000 GPU/0-89000 GPU/0-a8000 GPU/0-c0000 GPU/0-d8000
[36m(WorkerDict pid=562578)[0m trial-302172199-trialrun-302172199-worker-0:562578:562578 [0] NCCL INFO  1 : GPU/0-f000 GPU/0-2d000 GPU/0-44000 GPU/0-5b000 GPU/0-89000 GPU/0-a8000 GPU/0-c0000 GPU/0-d8000
[36m(WorkerDict pid=562578)[0m trial-302172199-trialrun-302172199-worker-0:562578:562578 [0] NCCL INFO  2 : GPU/0-f000 GPU/0-2d000 GPU/0-44000 GPU/0-5b000 GPU/0-89000 GPU/0-a8000 GPU/0-c0000 GPU/0-d8000
[36m(WorkerDict pid=562578)[0m trial-302172199-trialrun-302172199-worker-0:562578:562578 [0] NCCL INFO  3 : GPU/0-f000 GPU/0-2d000 GPU/0-44000 GPU/0-5b000 GPU/0-89000 GPU/0-a8000 GPU/0-c0000 GPU/0-d8000
[36m(WorkerDict pid=562578)[0m trial-302172199-trialrun-302172199-worker-0:562578:562578 [0] NCCL INFO  4 : GPU/0-f000 GPU/0-2d000 GPU/0-44000 GPU/0-5b000 GPU/0-89000 GPU/0-a8000 GPU/0-c0000 GPU/0-d8000
[36m(WorkerDict pid=562578)[0m trial-302172199-trialrun-302172199-worker-0:562578:562578 [0] NCCL INFO  5 : GPU/0-f000 GPU/0-2d000 GPU/0-44000 GPU/0-5b000 GPU/0-89000 GPU/0-a8000 GPU/0-c0000 GPU/0-d8000
[36m(WorkerDict pid=562578)[0m trial-302172199-trialrun-302172199-worker-0:562578:562578 [0] NCCL INFO  6 : GPU/0-f000 GPU/0-2d000 GPU/0-44000 GPU/0-5b000 GPU/0-89000 GPU/0-a8000 GPU/0-c0000 GPU/0-d8000
[36m(WorkerDict pid=562578)[0m trial-302172199-trialrun-302172199-worker-0:562578:562578 [0] NCCL INFO  7 : GPU/0-f000 GPU/0-2d000 GPU/0-44000 GPU/0-5b000 GPU/0-89000 GPU/0-a8000 GPU/0-c0000 GPU/0-d8000
[36m(WorkerDict pid=562578)[0m trial-302172199-trialrun-302172199-worker-0:562578:562578 [0] NCCL INFO  8 : GPU/0-f000 GPU/0-2d000 GPU/0-44000 GPU/0-5b000 GPU/0-89000 GPU/0-a8000 GPU/0-c0000 GPU/0-d8000
[36m(WorkerDict pid=562578)[0m trial-302172199-trialrun-302172199-worker-0:562578:562578 [0] NCCL INFO  9 : GPU/0-f000 GPU/0-2d000 GPU/0-44000 GPU/0-5b000 GPU/0-89000 GPU/0-a8000 GPU/0-c0000 GPU/0-d8000
[36m(WorkerDict pid=562578)[0m trial-302172199-trialrun-302172199-worker-0:562578:562578 [0] NCCL INFO 10 : GPU/0-f000 GPU/0-2d000 GPU/0-44000 GPU/0-5b000 GPU/0-89000 GPU/0-a8000 GPU/0-c0000 GPU/0-d8000
[36m(WorkerDict pid=562578)[0m trial-302172199-trialrun-302172199-worker-0:562578:562578 [0] NCCL INFO 11 : GPU/0-f000 GPU/0-2d000 GPU/0-44000 GPU/0-5b000 GPU/0-89000 GPU/0-a8000 GPU/0-c0000 GPU/0-d8000
[36m(WorkerDict pid=562578)[0m trial-302172199-trialrun-302172199-worker-0:562578:562578 [0] NCCL INFO 12 : GPU/0-f000 GPU/0-2d000 GPU/0-44000 GPU/0-5b000 GPU/0-89000 GPU/0-a8000 GPU/0-c0000 GPU/0-d8000
[36m(WorkerDict pid=562578)[0m trial-302172199-trialrun-302172199-worker-0:562578:562578 [0] NCCL INFO 13 : GPU/0-f000 GPU/0-2d000 GPU/0-44000 GPU/0-5b000 GPU/0-89000 GPU/0-a8000 GPU/0-c0000 GPU/0-d8000
[36m(WorkerDict pid=562578)[0m trial-302172199-trialrun-302172199-worker-0:562578:562578 [0] NCCL INFO 14 : GPU/0-f000 GPU/0-2d000 GPU/0-44000 GPU/0-5b000 GPU/0-89000 GPU/0-a8000 GPU/0-c0000 GPU/0-d8000
[36m(WorkerDict pid=562578)[0m trial-302172199-trialrun-302172199-worker-0:562578:562578 [0] NCCL INFO 15 : GPU/0-f000 GPU/0-2d000 GPU/0-44000 GPU/0-5b000 GPU/0-89000 GPU/0-a8000 GPU/0-c0000 GPU/0-d8000
[36m(WorkerDict pid=562578)[0m trial-302172199-trialrun-302172199-worker-0:562578:562578 [0] NCCL INFO Pattern 1, crossNic 0, nChannels 16, bw 40.000000/40.000000, type NVL/PIX, sameChannels 1
[36m(WorkerDict pid=562578)[0m trial-302172199-trialrun-302172199-worker-0:562578:562578 [0] NCCL INFO  0 : GPU/0-f000 GPU/0-2d000 GPU/0-44000 GPU/0-5b000 GPU/0-89000 GPU/0-a8000 GPU/0-c0000 GPU/0-d8000
[36m(WorkerDict pid=562578)[0m trial-302172199-trialrun-302172199-worker-0:562578:562578 [0] NCCL INFO  1 : GPU/0-f000 GPU/0-2d000 GPU/0-44000 GPU/0-5b000 GPU/0-89000 GPU/0-a8000 GPU/0-c0000 GPU/0-d8000
[36m(WorkerDict pid=562578)[0m trial-302172199-trialrun-302172199-worker-0:562578:562578 [0] NCCL INFO  2 : GPU/0-f000 GPU/0-2d000 GPU/0-44000 GPU/0-5b000 GPU/0-89000 GPU/0-a8000 GPU/0-c0000 GPU/0-d8000
[36m(WorkerDict pid=562578)[0m trial-302172199-trialrun-302172199-worker-0:562578:562578 [0] NCCL INFO  3 : GPU/0-f000 GPU/0-2d000 GPU/0-44000 GPU/0-5b000 GPU/0-89000 GPU/0-a8000 GPU/0-c0000 GPU/0-d8000
[36m(WorkerDict pid=562578)[0m trial-302172199-trialrun-302172199-worker-0:562578:562578 [0] NCCL INFO  4 : GPU/0-f000 GPU/0-2d000 GPU/0-44000 GPU/0-5b000 GPU/0-89000 GPU/0-a8000 GPU/0-c0000 GPU/0-d8000
[36m(WorkerDict pid=562578)[0m trial-302172199-trialrun-302172199-worker-0:562578:562578 [0] NCCL INFO  5 : GPU/0-f000 GPU/0-2d000 GPU/0-44000 GPU/0-5b000 GPU/0-89000 GPU/0-a8000 GPU/0-c0000 GPU/0-d8000
[36m(WorkerDict pid=562578)[0m trial-302172199-trialrun-302172199-worker-0:562578:562578 [0] NCCL INFO  6 : GPU/0-f000 GPU/0-2d000 GPU/0-44000 GPU/0-5b000 GPU/0-89000 GPU/0-a8000 GPU/0-c0000 GPU/0-d8000
[36m(WorkerDict pid=562578)[0m trial-302172199-trialrun-302172199-worker-0:562578:562578 [0] NCCL INFO  7 : GPU/0-f000 GPU/0-2d000 GPU/0-44000 GPU/0-5b000 GPU/0-89000 GPU/0-a8000 GPU/0-c0000 GPU/0-d8000
[36m(WorkerDict pid=562578)[0m trial-302172199-trialrun-302172199-worker-0:562578:562578 [0] NCCL INFO  8 : GPU/0-f000 GPU/0-2d000 GPU/0-44000 GPU/0-5b000 GPU/0-89000 GPU/0-a8000 GPU/0-c0000 GPU/0-d8000
[36m(WorkerDict pid=562578)[0m trial-302172199-trialrun-302172199-worker-0:562578:562578 [0] NCCL INFO  9 : GPU/0-f000 GPU/0-2d000 GPU/0-44000 GPU/0-5b000 GPU/0-89000 GPU/0-a8000 GPU/0-c0000 GPU/0-d8000
[36m(WorkerDict pid=562578)[0m trial-302172199-trialrun-302172199-worker-0:562578:562578 [0] NCCL INFO 10 : GPU/0-f000 GPU/0-2d000 GPU/0-44000 GPU/0-5b000 GPU/0-89000 GPU/0-a8000 GPU/0-c0000 GPU/0-d8000
[36m(WorkerDict pid=562578)[0m trial-302172199-trialrun-302172199-worker-0:562578:562578 [0] NCCL INFO 11 : GPU/0-f000 GPU/0-2d000 GPU/0-44000 GPU/0-5b000 GPU/0-89000 GPU/0-a8000 GPU/0-c0000 GPU/0-d8000
[36m(WorkerDict pid=562578)[0m trial-302172199-trialrun-302172199-worker-0:562578:562578 [0] NCCL INFO 12 : GPU/0-f000 GPU/0-2d000 GPU/0-44000 GPU/0-5b000 GPU/0-89000 GPU/0-a8000 GPU/0-c0000 GPU/0-d8000
[36m(WorkerDict pid=562578)[0m trial-302172199-trialrun-302172199-worker-0:562578:562578 [0] NCCL INFO 13 : GPU/0-f000 GPU/0-2d000 GPU/0-44000 GPU/0-5b000 GPU/0-89000 GPU/0-a8000 GPU/0-c0000 GPU/0-d8000
[36m(WorkerDict pid=562578)[0m trial-302172199-trialrun-302172199-worker-0:562578:562578 [0] NCCL INFO 14 : GPU/0-f000 GPU/0-2d000 GPU/0-44000 GPU/0-5b000 GPU/0-89000 GPU/0-a8000 GPU/0-c0000 GPU/0-d8000
[36m(WorkerDict pid=562578)[0m trial-302172199-trialrun-302172199-worker-0:562578:562578 [0] NCCL INFO 15 : GPU/0-f000 GPU/0-2d000 GPU/0-44000 GPU/0-5b000 GPU/0-89000 GPU/0-a8000 GPU/0-c0000 GPU/0-d8000
[36m(WorkerDict pid=562578)[0m trial-302172199-trialrun-302172199-worker-0:562578:562578 [0] NCCL INFO Pattern 5, crossNic 0, nChannels 8, bw 80.000000/90.000000, type NVL/PIX, sameChannels 0
[36m(WorkerDict pid=562578)[0m trial-302172199-trialrun-302172199-worker-0:562578:562578 [0] NCCL INFO  0 : GPU/0-f000
[36m(WorkerDict pid=562578)[0m trial-302172199-trialrun-302172199-worker-0:562578:562578 [0] NCCL INFO  1 : GPU/0-2d000
[36m(WorkerDict pid=562578)[0m trial-302172199-trialrun-302172199-worker-0:562578:562578 [0] NCCL INFO  2 : GPU/0-44000
[36m(WorkerDict pid=562578)[0m trial-302172199-trialrun-302172199-worker-0:562578:562578 [0] NCCL INFO  3 : GPU/0-5b000
[36m(WorkerDict pid=562578)[0m trial-302172199-trialrun-302172199-worker-0:562578:562578 [0] NCCL INFO  4 : GPU/0-89000
[36m(WorkerDict pid=562578)[0m trial-302172199-trialrun-302172199-worker-0:562578:562578 [0] NCCL INFO  5 : GPU/0-a8000
[36m(WorkerDict pid=562578)[0m trial-302172199-trialrun-302172199-worker-0:562578:562578 [0] NCCL INFO  6 : GPU/0-c0000
[36m(WorkerDict pid=562578)[0m trial-302172199-trialrun-302172199-worker-0:562578:562578 [0] NCCL INFO  7 : GPU/0-d8000
[36m(WorkerDict pid=562578)[0m trial-302172199-trialrun-302172199-worker-0:562578:562578 [0] NCCL INFO comm 0xed0a220 rank 0 nRanks 8 nNodes 1 localRanks 8 localRank 0 MNNVL 0
[36m(WorkerDict pid=562578)[0m trial-302172199-trialrun-302172199-worker-0:562578:562578 [0] NCCL INFO Tree 0 : -1 -> 0 -> 1/-1/-1
[36m(WorkerDict pid=562578)[0m trial-302172199-trialrun-302172199-worker-0:562578:562578 [0] NCCL INFO Tree 16 : -1 -> 0 -> 1/-1/-1
[36m(WorkerDict pid=562578)[0m trial-302172199-trialrun-302172199-worker-0:562578:562578 [0] NCCL INFO Tree 1 : -1 -> 0 -> 1/-1/-1
[36m(WorkerDict pid=562578)[0m trial-302172199-trialrun-302172199-worker-0:562578:562578 [0] NCCL INFO Tree 17 : -1 -> 0 -> 1/-1/-1
[36m(WorkerDict pid=562578)[0m trial-302172199-trialrun-302172199-worker-0:562578:562578 [0] NCCL INFO Tree 2 : -1 -> 0 -> 1/-1/-1
[36m(WorkerDict pid=562578)[0m trial-302172199-trialrun-302172199-worker-0:562578:562578 [0] NCCL INFO Tree 18 : -1 -> 0 -> 1/-1/-1
[36m(WorkerDict pid=562578)[0m trial-302172199-trialrun-302172199-worker-0:562578:562578 [0] NCCL INFO Tree 3 : -1 -> 0 -> 1/-1/-1
[36m(WorkerDict pid=562578)[0m trial-302172199-trialrun-302172199-worker-0:562578:562578 [0] NCCL INFO Tree 19 : -1 -> 0 -> 1/-1/-1
[36m(WorkerDict pid=562578)[0m trial-302172199-trialrun-302172199-worker-0:562578:562578 [0] NCCL INFO Tree 4 : -1 -> 0 -> 1/-1/-1
[36m(WorkerDict pid=562578)[0m trial-302172199-trialrun-302172199-worker-0:562578:562578 [0] NCCL INFO Tree 20 : -1 -> 0 -> 1/-1/-1
[36m(WorkerDict pid=562578)[0m trial-302172199-trialrun-302172199-worker-0:562578:562578 [0] NCCL INFO Tree 5 : -1 -> 0 -> 1/-1/-1
[36m(WorkerDict pid=562578)[0m trial-302172199-trialrun-302172199-worker-0:562578:562578 [0] NCCL INFO Tree 21 : -1 -> 0 -> 1/-1/-1
[36m(WorkerDict pid=562578)[0m trial-302172199-trialrun-302172199-worker-0:562578:562578 [0] NCCL INFO Tree 6 : -1 -> 0 -> 1/-1/-1
[36m(WorkerDict pid=562578)[0m trial-302172199-trialrun-302172199-worker-0:562578:562578 [0] NCCL INFO Tree 22 : -1 -> 0 -> 1/-1/-1
[36m(WorkerDict pid=562578)[0m trial-302172199-trialrun-302172199-worker-0:562578:562578 [0] NCCL INFO Tree 7 : -1 -> 0 -> 1/-1/-1
[36m(WorkerDict pid=562578)[0m trial-302172199-trialrun-302172199-worker-0:562578:562578 [0] NCCL INFO Tree 23 : -1 -> 0 -> 1/-1/-1
[36m(WorkerDict pid=562578)[0m trial-302172199-trialrun-302172199-worker-0:562578:562578 [0] NCCL INFO Tree 8 : -1 -> 0 -> 1/-1/-1
[36m(WorkerDict pid=562578)[0m trial-302172199-trialrun-302172199-worker-0:562578:562578 [0] NCCL INFO Tree 24 : -1 -> 0 -> 1/-1/-1
[36m(WorkerDict pid=562578)[0m trial-302172199-trialrun-302172199-worker-0:562578:562578 [0] NCCL INFO Tree 9 : -1 -> 0 -> 1/-1/-1
[36m(WorkerDict pid=562578)[0m trial-302172199-trialrun-302172199-worker-0:562578:562578 [0] NCCL INFO Tree 25 : -1 -> 0 -> 1/-1/-1
[36m(WorkerDict pid=562578)[0m trial-302172199-trialrun-302172199-worker-0:562578:562578 [0] NCCL INFO Tree 10 : -1 -> 0 -> 1/-1/-1
[36m(WorkerDict pid=562578)[0m trial-302172199-trialrun-302172199-worker-0:562578:562578 [0] NCCL INFO Tree 26 : -1 -> 0 -> 1/-1/-1
[36m(WorkerDict pid=562578)[0m trial-302172199-trialrun-302172199-worker-0:562578:562578 [0] NCCL INFO Tree 11 : -1 -> 0 -> 1/-1/-1
[36m(WorkerDict pid=562578)[0m trial-302172199-trialrun-302172199-worker-0:562578:562578 [0] NCCL INFO Tree 27 : -1 -> 0 -> 1/-1/-1
[36m(WorkerDict pid=562578)[0m trial-302172199-trialrun-302172199-worker-0:562578:562578 [0] NCCL INFO Tree 12 : -1 -> 0 -> 1/-1/-1
[36m(WorkerDict pid=562578)[0m trial-302172199-trialrun-302172199-worker-0:562578:562578 [0] NCCL INFO Tree 28 : -1 -> 0 -> 1/-1/-1
[36m(WorkerDict pid=562578)[0m trial-302172199-trialrun-302172199-worker-0:562578:562578 [0] NCCL INFO Tree 13 : -1 -> 0 -> 1/-1/-1
[36m(WorkerDict pid=562578)[0m trial-302172199-trialrun-302172199-worker-0:562578:562578 [0] NCCL INFO Tree 29 : -1 -> 0 -> 1/-1/-1
[36m(WorkerDict pid=562578)[0m trial-302172199-trialrun-302172199-worker-0:562578:562578 [0] NCCL INFO Tree 14 : -1 -> 0 -> 1/-1/-1
[36m(WorkerDict pid=562578)[0m trial-302172199-trialrun-302172199-worker-0:562578:562578 [0] NCCL INFO Tree 30 : -1 -> 0 -> 1/-1/-1
[36m(WorkerDict pid=562578)[0m trial-302172199-trialrun-302172199-worker-0:562578:562578 [0] NCCL INFO Tree 15 : -1 -> 0 -> 1/-1/-1
[36m(WorkerDict pid=562578)[0m trial-302172199-trialrun-302172199-worker-0:562578:562578 [0] NCCL INFO Tree 31 : -1 -> 0 -> 1/-1/-1
[36m(WorkerDict pid=562578)[0m trial-302172199-trialrun-302172199-worker-0:562578:562578 [0] NCCL INFO Channel 00/32 : 0 1 2 3 4 5 6 7
[36m(WorkerDict pid=562578)[0m trial-302172199-trialrun-302172199-worker-0:562578:562578 [0] NCCL INFO Channel 01/32 : 0 1 2 3 4 5 6 7
[36m(WorkerDict pid=562578)[0m trial-302172199-trialrun-302172199-worker-0:562578:562578 [0] NCCL INFO Channel 02/32 : 0 1 2 3 4 5 6 7
[36m(WorkerDict pid=562578)[0m trial-302172199-trialrun-302172199-worker-0:562578:562578 [0] NCCL INFO Channel 03/32 : 0 1 2 3 4 5 6 7
[36m(WorkerDict pid=562578)[0m trial-302172199-trialrun-302172199-worker-0:562578:562578 [0] NCCL INFO Channel 04/32 : 0 1 2 3 4 5 6 7
[36m(WorkerDict pid=562578)[0m trial-302172199-trialrun-302172199-worker-0:562578:562578 [0] NCCL INFO Channel 05/32 : 0 1 2 3 4 5 6 7
[36m(WorkerDict pid=562578)[0m trial-302172199-trialrun-302172199-worker-0:562578:562578 [0] NCCL INFO Channel 06/32 : 0 1 2 3 4 5 6 7
[36m(WorkerDict pid=562578)[0m trial-302172199-trialrun-302172199-worker-0:562578:562578 [0] NCCL INFO Channel 07/32 : 0 1 2 3 4 5 6 7
[36m(WorkerDict pid=562578)[0m trial-302172199-trialrun-302172199-worker-0:562578:562578 [0] NCCL INFO Channel 08/32 : 0 1 2 3 4 5 6 7
[36m(WorkerDict pid=562578)[0m trial-302172199-trialrun-302172199-worker-0:562578:562578 [0] NCCL INFO Channel 09/32 : 0 1 2 3 4 5 6 7
[36m(WorkerDict pid=562578)[0m trial-302172199-trialrun-302172199-worker-0:562578:562578 [0] NCCL INFO Channel 10/32 : 0 1 2 3 4 5 6 7
[36m(WorkerDict pid=562578)[0m trial-302172199-trialrun-302172199-worker-0:562578:562578 [0] NCCL INFO Channel 11/32 : 0 1 2 3 4 5 6 7
[36m(WorkerDict pid=562578)[0m trial-302172199-trialrun-302172199-worker-0:562578:562578 [0] NCCL INFO Channel 12/32 : 0 1 2 3 4 5 6 7
[36m(WorkerDict pid=562578)[0m trial-302172199-trialrun-302172199-worker-0:562578:562578 [0] NCCL INFO Channel 13/32 : 0 1 2 3 4 5 6 7
[36m(WorkerDict pid=562578)[0m trial-302172199-trialrun-302172199-worker-0:562578:562578 [0] NCCL INFO Channel 14/32 : 0 1 2 3 4 5 6 7
[36m(WorkerDict pid=562578)[0m trial-302172199-trialrun-302172199-worker-0:562578:562578 [0] NCCL INFO Channel 15/32 : 0 1 2 3 4 5 6 7
[36m(WorkerDict pid=562578)[0m trial-302172199-trialrun-302172199-worker-0:562578:562578 [0] NCCL INFO Channel 16/32 : 0 1 2 3 4 5 6 7
[36m(WorkerDict pid=562578)[0m trial-302172199-trialrun-302172199-worker-0:562578:562578 [0] NCCL INFO Channel 17/32 : 0 1 2 3 4 5 6 7
[36m(WorkerDict pid=562578)[0m trial-302172199-trialrun-302172199-worker-0:562578:562578 [0] NCCL INFO Channel 18/32 : 0 1 2 3 4 5 6 7
[36m(WorkerDict pid=562578)[0m trial-302172199-trialrun-302172199-worker-0:562578:562578 [0] NCCL INFO Channel 19/32 : 0 1 2 3 4 5 6 7
[36m(WorkerDict pid=562578)[0m trial-302172199-trialrun-302172199-worker-0:562578:562578 [0] NCCL INFO Channel 20/32 : 0 1 2 3 4 5 6 7
[36m(WorkerDict pid=562578)[0m trial-302172199-trialrun-302172199-worker-0:562578:562578 [0] NCCL INFO Channel 21/32 : 0 1 2 3 4 5 6 7
[36m(WorkerDict pid=562578)[0m trial-302172199-trialrun-302172199-worker-0:562578:562578 [0] NCCL INFO Channel 22/32 : 0 1 2 3 4 5 6 7
[36m(WorkerDict pid=562578)[0m trial-302172199-trialrun-302172199-worker-0:562578:562578 [0] NCCL INFO Channel 23/32 : 0 1 2 3 4 5 6 7
[36m(WorkerDict pid=562578)[0m trial-302172199-trialrun-302172199-worker-0:562578:562578 [0] NCCL INFO Channel 24/32 : 0 1 2 3 4 5 6 7
[36m(WorkerDict pid=562578)[0m trial-302172199-trialrun-302172199-worker-0:562578:562578 [0] NCCL INFO Channel 25/32 : 0 1 2 3 4 5 6 7
[36m(WorkerDict pid=562578)[0m trial-302172199-trialrun-302172199-worker-0:562578:562578 [0] NCCL INFO Channel 26/32 : 0 1 2 3 4 5 6 7
[36m(WorkerDict pid=562578)[0m trial-302172199-trialrun-302172199-worker-0:562578:562578 [0] NCCL INFO Channel 27/32 : 0 1 2 3 4 5 6 7
[36m(WorkerDict pid=562578)[0m trial-302172199-trialrun-302172199-worker-0:562578:562578 [0] NCCL INFO Channel 28/32 : 0 1 2 3 4 5 6 7
[36m(WorkerDict pid=562578)[0m trial-302172199-trialrun-302172199-worker-0:562578:562578 [0] NCCL INFO Channel 29/32 : 0 1 2 3 4 5 6 7
[36m(WorkerDict pid=562578)[0m trial-302172199-trialrun-302172199-worker-0:562578:562578 [0] NCCL INFO Channel 30/32 : 0 1 2 3 4 5 6 7
[36m(WorkerDict pid=562578)[0m trial-302172199-trialrun-302172199-worker-0:562578:562578 [0] NCCL INFO Channel 31/32 : 0 1 2 3 4 5 6 7
[36m(WorkerDict pid=562578)[0m trial-302172199-trialrun-302172199-worker-0:562578:562578 [0] NCCL INFO Ring 00 : 7 -> 0 -> 1
[36m(WorkerDict pid=562578)[0m trial-302172199-trialrun-302172199-worker-0:562578:562578 [0] NCCL INFO Ring 01 : 7 -> 0 -> 1
[36m(WorkerDict pid=562578)[0m trial-302172199-trialrun-302172199-worker-0:562578:562578 [0] NCCL INFO Ring 02 : 7 -> 0 -> 1
[36m(WorkerDict pid=562578)[0m trial-302172199-trialrun-302172199-worker-0:562578:562578 [0] NCCL INFO Ring 03 : 7 -> 0 -> 1
[36m(WorkerDict pid=562578)[0m trial-302172199-trialrun-302172199-worker-0:562578:562578 [0] NCCL INFO Ring 04 : 7 -> 0 -> 1
[36m(WorkerDict pid=562578)[0m trial-302172199-trialrun-302172199-worker-0:562578:562578 [0] NCCL INFO Ring 05 : 7 -> 0 -> 1
[36m(WorkerDict pid=562578)[0m trial-302172199-trialrun-302172199-worker-0:562578:562578 [0] NCCL INFO Ring 06 : 7 -> 0 -> 1
[36m(WorkerDict pid=562578)[0m trial-302172199-trialrun-302172199-worker-0:562578:562578 
[36m(WorkerDict pid=562582)[0m 0-f000 (2/721.8/NVL) GPU/0-2d000 (2/721.8/NVL) GPU/0-44000 (2/721.8/NVL) GPU/0-5b000 (2/721.8/NVL) GPU/0-89000 (2/721.8/NVL) GPU/0-a8000 (0/5000.0/LOC) GPU/0-c0000 (2/721.8/NVL) GPU/0-d8000 (2/721.8/NVL) NVS/0-0 (1/721.8/NVL) CPU/0-0 (3/40.0/SYS) CPU/0-1 (2/48.0/PHB) NET/0-0 (5/1.2/SYS) NET/0-0 (0/0.0/DIS) 
[36m(WorkerDict pid=562582)[0m trial-302172199-trialrun-302172199-worker-0:562582:562582 [7] NCCL INFO Trees [0] -1/-1/-1->7->6 [1] -1/-1/-1->7->6 [2] -1/-1/-1->7->6 [3] -1/-1/-1->7->6 
[36m(WorkerDict pid=562584)[0m 0-f000 (2/721.8/NVL) GPU/0-2d000 (2/721.8/NVL) GPU/0-44000 (2/721.8/NVL) GPU/0-5b000 (2/721.8/NVL) GPU/0-89000 (2/721.8/NVL) GPU/0-a8000 (0/5000.0/LOC) GPU/0-c0000 (2/721.8/NVL) GPU/0-d8000 (2/721.8/NVL) NVS/0-0 (1/721.8/NVL) CPU/0-0 (3/40.0/SYS) CPU/0-1 (2/48.0/PHB) NET/0-0 (5/1.2/SYS) NET/0-0 (0/0.0/DIS) 
[36m(WorkerDict pid=562579)[0m 0-f000 (2/721.8/NVL) GPU/0-2d000 (2/721.8/NVL) GPU/0-44000 (2/721.8/NVL) GPU/0-5b000 (2/721.8/NVL) GPU/0-89000 (2/721.8/NVL) GPU/0-a8000 (0/5000.0/LOC) GPU/0-c0000 (2/721.8/NVL) GPU/0-d8000 (2/721.8/NVL) NVS/0-0 (1/721.8/NVL) CPU/0-0 (3/40.0/SYS) CPU/0-1 (2/48.0/PHB) NET/0-0 (5/1.2/SYS) NET/0-0 (0/0.0/DIS) 
[36m(WorkerDict pid=562574)[0m 0-f000 (2/721.8/NVL) GPU/0-2d000 (2/721.8/NVL) GPU/0-44000 (2/721.8/NVL) GPU/0-5b000 (2/721.8/NVL) GPU/0-89000 (2/721.8/NVL) GPU/0-a8000 (0/5000.0/LOC) GPU/0-c0000 (2/721.8/NVL) GPU/0-d8000 (2/721.8/NVL) NVS/0-0 (1/721.8/NVL) CPU/0-0 (3/40.0/SYS) CPU/0-1 (2/48.0/PHB) NET/0-0 (5/1.2/SYS) NET/0-0 (0/0.0/DIS) 
[36m(WorkerDict pid=562574)[0m trial-302172199-trialrun-302172199-worker-0:562574:562574 [1] NCCL INFO P2P Chunksize set to 524288
[36m(WorkerDict pid=562574)[0m trial-302172199-trialrun-302172199-worker-0:562574:562574 [1] NCCL INFO PROFILER/Plugin: Could not find: libnccl-profiler.so
[36m(WorkerDict pid=562574)[0m trial-302172199-trialrun-302172199-worker-0:562574:562574 [1] NCCL INFO Check P2P Type isAllDirectP2p 1 directMode 0 isAllCudaP2p 1
[36m(WorkerDict pid=562574)[0m trial-302172199-trialrun-302172
[36m(WorkerDict pid=562581)[0m 0-f000 (2/721.8/NVL) GPU/0-2d000 (2/721.8/NVL) GPU/0-44000 (2/721.8/NVL) GPU/0-5b000 (2/721.8/NVL) GPU/0-89000 (2/721.8/NVL) GPU/0-a8000 (0/5000.0/LOC) GPU/0-c0000 (2/721.8/NVL) GPU/0-d8000 (2/721.8/NVL) NVS/0-0 (1/721.8/NVL) CPU/0-0 (3/40.0/SYS) CPU/0-1 (2/48.0/PHB) NET/0-0 (5/1.2/SYS) NET/0-0 (0/0.0/DIS) 
[36m(WorkerDict pid=562580)[0m -f000 (2/721.8/NVL) GPU/0-2d000 (2/721.8/NVL) GPU/0-44000 (2/721.8/NVL) GPU/0-5b000 (2/721.8/NVL) GPU/0-89000 (2/721.8/NVL) GPU/0-a8000 (0/5000.0/LOC) GPU/0-c0000 (2/721.8/NVL) GPU/0-d8000 (2/721.8/NVL) NVS/0-0 (1/721.8/NVL) CPU/0-0 (3/40.0/SYS) CPU/0-1 (2/48.0/PHB) NET/0-0 (5/1.2/SYS) NET/0-0 (0/0.0/DIS) 
[36m(WorkerDict pid=562583)[0m -f000 (2/721.8/NVL) GPU/0-2d000 (2/721.8/NVL) GPU/0-44000 (2/721.8/NVL) GPU/0-5b000 (2/721.8/NVL) GPU/0-89000 (2/721.8/NVL) GPU/0-a8000 (0/5000.0/LOC) GPU/0-c0000 (2/721.8/NVL) GPU/0-d8000 (2/721.8/NVL) NVS/0-0 (1/721.8/NVL) CPU/0-0 (3/40.0/SYS) CPU/0-1 (2/48.0/PHB) NET/0-0 (5/1.2/SYS) NET/0-0 (0/0.0/DIS) 
[36m(WorkerDict pid=562578)[0m trial-302172199-trialrun-302172199-worker-0:562578:578173 [0] NCCL INFO [Proxy Service] Device 0 CPU core 31
[36m(WorkerDict pid=562578)[0m trial-302172199-trialrun-302172199-worker-0:562578:562578 [0] NCCL INFO ncclP2pSchedule: group size used is 8
[36m(WorkerDict pid=562578)[0m trial-302172199-trialrun-302172199-worker-0:562578:578178 [0] NCCL INFO [Proxy Service UDS] Device 0 CPU core 168
[36m(WorkerDict pid=562578)[0m trial-302172199-trialrun-302172199-worker-0:562578:562578 [0] NCCL INFO TUNER/Plugin: Could not find: libnccl-tuner.so
[36m(WorkerDict pid=562578)[0m trial-302172199-trialrun-302172199-worker-0:562578:562578 [0] NCCL INFO threadThresholds 8/8/64 | 64/8/64 | 512 | 512
[36m(WorkerDict pid=562578)[0m trial-302172199-trialrun-302172199-worker-0:562578:562578 [0] NCCL INFO 32 coll channels, 32 collnet channels, 24 nvls channels, 32 p2p channels, 32 p2p channels per pee
[36m(WorkerDict pid=562578)[0m r
[36m(WorkerDict pid=562578)[0m trial-302172199-trialrun-302172199-worker-0:562578:562578 [0] NCCL INFO CC Off, workFifoBytes 1048576
[36m(WorkerDict pid=562578)[0m trial-302172199-trialrun-302172199-worker-0:562578:562578 [0] NCCL INFO ncclCommInitRankConfig comm 0xed0a220 rank 0 nranks 8 cudaDev 0 nvmlDev 0 busId f000 commId 0x5cab6ff53de93af9 - Init COMPLETE
[36m(WorkerDict pid=562578)[0m trial-302172199-trialrun-302172199-worker-0:562578:562578 [0] NCCL INFO Init timings - ncclCommInitRankConfig: rank 0 nranks 8 total 3.27 (kernels 0.31, alloc 0.72, bootstrap 0.20, allgathers 0.00, topo 1.58, graphs 0.03, connections 0.41, rest 0.00)
[36m(WorkerDict pid=562578)[0m trial-302172199-trialrun-302172199-worker-0:562578:562578 [0] NCCL INFO Channel 00/0 : 0[0] -> 1[1] via P2P/CUMEM
[36m(WorkerDict pid=562578)[0m trial-302172199-trialrun-302172199-worker-0:562578:562578 [0] NCCL INFO Channel 01/0 : 0[0] -> 1[1] via P2P/CUMEM
[36m(WorkerDict pid=562578)[0m trial-302172199-trialrun-302172199-worker-0:562578:562578 [0] NCCL INFO Channel 02/0 : 0[0] -> 1[1] via P2P/CUMEM
[36m(WorkerDict pid=562578)[0m trial-302172199-trialrun-302172199-worker-0:562578:562578 [0] NCCL INFO Channel 03/0 : 0[0] -> 1[1] via P2P/CUMEM
[36m(WorkerDict pid=562578)[0m trial-302172199-trialrun-302172199-worker-0:562578:562578 [0] NCCL INFO Channel 04/0 : 0[0] -> 1[1] via P2P/CUMEM
[36m(WorkerDict pid=562578)[0m trial-302172199-trialrun-302172199-worker-0:562578:562578 [0] NCCL INFO Channel 05/0 : 0[0] -> 1[1] via P2P/CUMEM
[36m(WorkerDict pid=562578)[0m trial-302172199-trialrun-302172199-worker-0:562578:562578 [0] NCCL INFO Channel 06/0 : 0[0] -> 1[1] via P2P/CUMEM
[36m(WorkerDict pid=562578)[0m trial-302172199-trialrun-302172199-worker-0:562578:562578 [0] NCCL INFO Channel 07/0 : 0[0] -> 1[1] via P2P/CUMEM
[36m(WorkerDict pid=562578)[0m trial-302172199-trialrun-302172199-worker-0:562578:562578 [0] NCCL INFO Channel 08/0 : 0[0] -> 1[1] via P2P/CUMEM
[36m(WorkerDict pid=562578)[0m trial-302172199-trialrun-302172199-worker-0:562578:562578 [0] NCCL INFO Channel 09/0 : 0[0] -> 1[1] via P2P/CUMEM
[36m(WorkerDict pid=562578)[0m trial-302172199-trialrun-302172199-worker-0:562578:562578 [0] NCCL INFO Channel 10/0 : 0[0] -> 1[1] via P2P/CUMEM
[36m(WorkerDict pid=562578)[0m trial-302172199-trialrun-302172199-worker-0:562578:562578 [0] NCCL INFO Channel 11/0 : 0[0] -> 1[1] via P2P/CUMEM
[36m(WorkerDict pid=562578)[0m trial-302172199-trialrun-302172199-worker-0:562578:562578 [0] NCCL INFO Channel 12/0 : 0[0] -> 1[1] via P2P/CUMEM
[36m(WorkerDict pid=562578)[0m trial-302172199-trialrun-302172199-worker-0:562578:562578 [0] NCCL INFO Channel 13/0 : 0[0] -> 1[1] via P2P/CUMEM
[36m(WorkerDict pid=562578)[0m trial-302172199-trialrun-302172199-worker-0:562578:562578 [0] NCCL INFO Channel 14/0 : 0[0] -> 1[1] via P2P/CUMEM
[36m(WorkerDict pid=562578)[0m trial-302172199-trialrun-302172199-worker-0:562578:562578 [0] NCCL INFO Channel 15/0 : 0[0] -> 1[1] via P2P/CUMEM
[36m(WorkerDict pid=562578)[0m trial-302172199-trialrun-302172199-worker-0:562578:562578 [0] NCCL INFO Channel 16/0 : 0[0] -> 1[1] via P2P/CUMEM
[36m(WorkerDict pid=562578)[0m trial-302172199-trialrun-302172199-worker-0:562578:562578 [0] NCCL INFO Channel 17/0 : 0[0] -> 1[1] via P2P/CUMEM
[36m(WorkerDict pid=562578)[0m trial-302172199-trialrun-302172199-worker-0:562578:562578 [0] NCCL INFO Channel 18/0 : 0[0] -> 1[1] via P2P/CUMEM
[36m(WorkerDict pid=562578)[0m trial-302172199-trialrun-302172199-worker-0:562578:562578 [0] NCCL INFO Channel 19/0 : 0[0] -> 1[1] via P2P/CUMEM
[36m(WorkerDict pid=562578)[0m trial-302172199-trialrun-302172199-worker-0:562578:562578 [0] NCCL INFO Channel 20/0 : 0[0] -> 1[1] via P2P/CUMEM
[36m(WorkerDict pid=562578)[0m trial-302172199-trialrun-302172199-worker-0:562578:562578 [0] NCCL INFO Channel 21/0 : 0[0] -> 1[1] via P2P/CUMEM
[36m(WorkerDict pid=562578)[0m trial-302172199-trialrun-302172199-worker-0:562578:562578 [0] NCCL INFO Channel 22/0 : 0[0] -> 1[1] via P2P/CUMEM
[36m(WorkerDict pid=562578)[0m trial-302172199-trialrun-302172199-worker-0:562578:562578 [0] NCCL INFO Channel 23/0 : 0[0] -> 1[1] via P2P/CUMEM
[36m(WorkerDict pid=562578)[0m trial-302172199-trialrun-302172199-worker-0:562578:562578 [0] NCCL INFO Channel 24/0 : 0[0] -> 1[1] via P2P/CUMEM
[36m(WorkerDict pid=562578)[0m trial-302172199-trialrun-302172199-worker-0:562578:562578 [0] NCCL INFO Channel 25/0 : 0[0] -> 1[1] via P2P/CUMEM
[36m(WorkerDict pid=562578)[0m trial-302172199-trialrun-302172199-worker-0:562578:562578 [0] NCCL INFO Channel 26/0 : 0[0] -> 1[1] via P2P/CUMEM
[36m(WorkerDict pid=562578)[0m trial-302172199-trialrun-302172199-worker-0:562578:562578 [0] NCCL INFO Channel 27/0 : 0[0] -> 1[1] via P2P/CUMEM
[36m(WorkerDict pid=562578)[0m trial-302172199-trialrun-302172199-worker-0:562578:562578 [0] NCCL INFO Channel 28/0 : 0[0] -> 1[1] via P2P/CUMEM
[36m(WorkerDict pid=562578)[0m trial-302172199-trialrun-302172199-worker-0:562578:562578 [0] NCCL INFO Channel 29/0 : 0[0] -> 1[1] via P2P/CUMEM
[36m(WorkerDict pid=562578)[0m trial-302172199-trialrun-302172199-worker-0:562578:562578 [0] NCCL INFO Channel 30/0 : 0[0] -> 1[1] via P2P/CUMEM
[36m(WorkerDict pid=562578)[0m trial-30
[36m(WorkerDict pid=562582)[0m [4] -1/-1/-1->7->6 [5] -1/-1/-1->7->6 [6] -1/-1/-1->7->6 [7] -1/-1/-1->7->6 [8] -1/-1/-1->7->6 [9] -1/-1/-1->7->6 [10] -1/-1/-1->7->6 [11] -1/-1/-1->7->6 [12] -1/-1/-1->7->6 [13] -1/-1/-1->7->6 [14] -1/-1/-1->7->6 [15] -1/-1/-1->7->6 [16] -1/-1/-1->7->6 [17] -1/-1/-1->7->6 [18] -1/-1/-1->7->6 [19] -1/-1/-1->7->6 [20] -1/-1/-1->7->6 [21] -1/-1/-1->7->6 [22] -1/-1/-1->7->6 [23] -1/-1/-1->7->6 [24] -1/-1/-1->7->6 [25] -1/-1/-1->7->6 [26] -1/-1/-1->7->6 [27] -1/-1/-1->7->6 [28] -1/-1/-1->7->6 [29] -1/-1/-1->7->6 [30] -1/-1/-1->7->6 [31] -1/-1/-1->7->6
[36m(WorkerDict pid=562582)[0m trial-302172199-trialrun-302172199-worker-0:562582:562582 [7] NCCL INFO 32 coll channels, 32 collnet channels, 24 nvls channels, 32 p2p channels, 32 p2p channels per peer
[36m(WorkerDict pid=562582)[0m trial-302172199-trialrun-302172199-worker-0:562582:5625
[36m(WorkerDict pid=562584)[0m 7/-1/-1->6->5 [5] 7/-1/-1->6->5 [6] 7/-1/-1->6->5 [7] 7/-1/-1->6->5 [8] 7/-1/-1->6->5 [9] 7/-1/-1->6->5 [10] 7/-1/-1->6->5 [11] 7/-1/-1->6->5 [12] 7/-1/-1->6->5 [13] 7/-1/-1->6->5 [14] 7/-1/-1->6->5 [15] 7/-1/-1->6->5 [16] 7/-1/-1->6->5 [17] 7/-1/-1->6->5 [18] 7/-1/-1->6->5 [19] 7/-1/-1->6->5 [20] 7/-1/-1->6->5 [21] 7/-1/-1->6->5 [22] 7/-1/-1->6->5 [23] 7/-1/-1->6->5 [24] 7/-1/-1->6->5 [25] 7/-1/-1->6->5 [26] 7/-1/-1->6->5 [27] 7/-1/-1->6->5 [28] 7/-1/-1->6->5 [29] 7/-1/-1->6->5 [30] 7/-1/-1->6->5 [31] 7/-1/-1->6->5
[36m(WorkerDict pid=562584)[0m trial-302172199-trialrun-302172199-worker-0:562584:562584 [6] NCCL INFO Channel 17/0 
[36m(WorkerDict pid=562579)[0m 5/-1/-1->4->3 [5] 5/-1/-1->4->3 [6] 5/-1/-1->4->3 [7] 5/-1/-1->4->3 [8] 5/-1/-1->4->3 [9] 5/-1/-1->4->3 [10] 5/-1/-1->4->3 [11] 5/-1/-1->4->3 [12] 5/-1/-1->4->3 [13] 5/-1/-1->4->3 [14] 5/-1/-1->4->3 [15] 5/-1/-1->4->3 [16] 5/-1/-1->4->3 [17] 5/-1/-1->4->3 [18] 5/-1/-1->4->3 [19] 5/-1/-1->4->3 [20] 5/-1/-1->4->3 [21] 5/-1/-1->4->3 [22] 5/-1/-1->4->3 [23] 5/-1/-1->4->3 [24] 5/-1/-1->4->3 [25] 5/-1/-1->4->3 [26] 5/-1/-1->4->3 [27] 5/-1/-1->4->3 [28] 5/-1/-1->4->3 [29] 5/-1/-1->4->3 [30] 5/-1/-1->4->3 [31] 5/-1/-1->4->3
[36m(WorkerDict pid=562581)[0m /-1->3->2 [5] 4/-1/-1->3->2 [6] 4/-1/-1->3->2 [7] 4/-1/-1->3->2 [8] 4/-1/-1->3->2 [9] 4/-1/-1->3->2 [10] 4/-1/-1->3->2 [11] 4/-1/-1->3->2 [12] 4/-1/-1->3->2 [13] 4/-1/-1->3->2 [14] 4/-1/-1->3->2 [15] 4/-1/-1->3->2 [16] 4/-1/-1->3->2 [17] 4/-1/-1->3->2 [18] 4/-1/-1->3->2 [19] 4/-1/-1->3->2 [20] 4/-1/-1->3->2 [21] 4/-1/-1->3->2 [22] 4/-1/-1->3->2 [23] 4/-1/-1->3->2 [24] 4/-1/-1->3->2 [25] 4/-1/-1->3->2 [26] 4/-1/-1->3->2 [27] 4/-1/-1->3->2 [28] 4/-1/-1->3->2 [29] 4/-1/-1->3->2 [30] 4/-1/-1->3->2 [31] 4/-1/-1->3->2
[36m(WorkerDict pid=562580)[0m 1->2->1 [5] 3/-1/-1->2->1 [6] 3/-1/-1->2->1 [7] 3/-1/-1->2->1 [8] 3/-1/-1->2->1 [9] 3/-1/-1->2->1 [10] 3/-1/-1->2->1 [11] 3/-1/-1->2->1 [12] 3/-1/-1->2->1 [13] 3/-1/-1->2->1 [14] 3/-1/-1->2->1 [15] 3/-1/-1->2->1 [16] 3/-1/-1->2->1 [17] 3/-1/-1->2->1 [18] 3/-1/-1->2->1 [19] 3/-1/-1->2->1 [20] 3/-1/-1->2->1 [21] 3/-1/-1->2->1 [22] 3/-1/-1->2->1 [23] 3/-1/-1->2->1 [24] 3/-1/-1->2->1 [25] 3/-1/-1->2->1 [26] 3/-1/-1->2->1 [27] 3/-1/-1->2->1 [28] 3/-1/-1->2->1 [29] 3/-1/-1->2->1 [30] 3/-1/-1->2->1 [31] 3/-1/-1->2->1
[36m(WorkerDict pid=562583)[0m -1/-1->5->4 [5] 6/-1/-1->5->4 [6] 6/-1/-1->5->4 [7] 6/-1/-1->5->4 [8] 6/-1/-1->5->4 [9] 6/-1/-1->5->4 [10] 6/-1/-1->5->4 [11] 6/-1/-1->5->4 [12] 6/-1/-1->5->4 [13] 6/-1/-1->5->4 [14] 6/-1/-1->5->4 [15] 6/-1/-1->5->4 [16] 6/-1/-1->5->4 [17] 6/-1/-1->5->4 [18] 6/-1/-1->5->4 [19] 6/-1/-1->5->4 [20] 6/-1/-1->5->4 [21] 6/-1/-1->5->4 [22] 6/-1/-1->5->4 [23] 6/-1/-1->5->4 [24] 6/-1/-1->5->4 [25] 6/-1/-1->5->4 [26] 6/-1/-1->5->4 [27] 6/-1/-1->5->4 [28] 6/-1/-1->5->4 [29] 6/-1/-1->5->4 [30] 6/-1/-1->5->4 [31] 6/-1/-1->5->4
[36m(WorkerDict pid=562578)[0m Actor use_remove_padding=True
[36m(WorkerDict pid=562578)[0m Actor use_fused_kernels=True
[36m(WorkerDict pid=562583)[0m Monkey patch _flash_attention_forward in transformers.integrations.flash_attention[32m [repeated 7x across cluster][0m
[36m(WorkerDict pid=562583)[0m Using Triton backend for fused kernels in Qwen2ForCausalLM[32m [repeated 7x across cluster][0m
[36m(WorkerDict pid=562583)[0m trial-302172199-trialrun-302172199-worker-0:562583:562583 [5] NCCL INFO ENV/Plugin: Could not find: libnccl-env.so[32m [repeated 7x across cluster][0m
[36m(WorkerDict pid=562583)[0m trial-302172199-trialrun-302172199-worker-0:562583:562583 [5] NCCL INFO NCCL_SOCKET_FAMILY set by environment to AF_INET6[32m [repeated 14x across cluster][0m
[36m(WorkerDict pid=562583)[0m trial-302172199-trialrun-302172199-worker-0:562583:562583 [5] NCCL INFO NCCL_SOCKET_IFNAME set by environment to =eth0[32m [repeated 14x across cluster][0m
[36m(WorkerDict pid=562583)[0m trial-302172199-trialrun-302172199-worker-0:562583:562583 [5] NCCL INFO cudaDriverVersion 13000[32m [repeated 7x across cluster][0m
[36m(WorkerDict pid=562583)[0m trial-302172199-trialrun-302172199-worker-0:562583:562583 [5] NCCL INFO NCCL version 2.28.9+cuda13.0[32m [repeated 7x across cluster][0m
[36m(WorkerDict pid=562583)[0m trial-302172199-trialrun-302172199-worker-0:562583:562583 [5] NCCL INFO Comm config Blocking set to 1[32m [repeated 7x across cluster][0m
[36m(WorkerDict pid=562583)[0m trial-302172199-trialrun-302172199-worker-0:562583:562583 [5] NCCL INFO NCCL_NET_PLUGIN set by environment to none[32m [repeated 7x across cluster][0m
[36m(WorkerDict pid=562583)[0m trial-302172199-trialrun-302172199-worker-0:562583:562583 [5] NCCL INFO NET/Socket : Using [0]eth0:fdbd:dc61:ff:f000:ffff:ffff:0:16<0>[32m [repeated 7x across cluster][0m
[36m(WorkerDict pid=562583)[0m trial-302172199-trialrun-302172199-worker-0:562583:562583 [5] NCCL INFO Initialized NET plugin Socket[32m [repeated 7x across cluster][0m
[36m(WorkerDict pid=562583)[0m trial-302172199-trialrun-302172199-worker-0:562583:562583 [5] NCCL INFO Assigned NET plugin Socket to comm[32m [repeated 7x across cluster][0m
[36m(WorkerDict pid=562583)[0m trial-302172199-trialrun-302172199-worker-0:562583:562583 [5] NCCL INFO Using network Socket[32m [repeated 7x across cluster][0m
[36m(WorkerDict pid=562583)[0m trial-302172199-trialrun-302172199-worker-0:562583:562583 [5] NCCL INFO ncclCommInitRankConfig comm 0xf9bab70 rank 5 nranks 8 cudaDev 5 nvmlDev 5 busId a8000 commId 0x5cab6ff53de93af9 - Init START[32m [repeated 7x across cluster][0m
[36m(WorkerDict pid=562583)[0m trial-302172199-trialrun-302172199-worker-0:562583:562583 [5] NCCL INFO RAS client listening socket at ::1<28028>[32m [repeated 7x across cluster][0m
[36m(WorkerDict pid=562583)[0m trial-302172199-trialrun-302172199-worker-0:562583:562583 [5] NCCL INFO MNNVL busId 0xa8000 fabric UUID 0.0 cliqueId 0x0 state 3 healthMask 0x80[32m [repeated 7x across cluster][0m
[36m(WorkerDict pid=562583)[0m trial-302172199-trialrun-302172199-worker-0:562583:562583 [5] NCCL INFO Could not find real path of /sys/class/pci_bus/fffffff/../../fffffff:ff:f[32m [repeated 7x across cluster][0m
[36m(WorkerDict pid=562583)[0m trial-302172199-trialrun-302172199-worker-0:562583:562583 [5] NCCL INFO TOPO/NET : Importing network plugins to topology[32m [repeated 7x across cluster][0m
[36m(WorkerDict pid=562583)[0m trial-302172199-trialrun-302172199-worker-0:562583:562583 [5] NCCL INFO ncclTopoPopulateNics : Filled eth0 in topo with pciPath=(null) keep=1 coll=(null)[32m [repeated 7x across cluster][0m
[36m(WorkerDict pid=562583)[0m trial-302172199-trialrun-302172199-worker-0:562583:562583 [5] NCCL INFO === System : maxBw 721.8 totalBw 721.8 ===[32m [repeated 7x across cluster][0m
[36m(WorkerDict pid=562583)[0m trial-302172199-trialrun-302172199-worker-0:562583:562583 [5] NCCL INFO NET/0-0 :GPU/0-f000 (4/1.2/PHB) GPU/0-2d000 (4/1.2/PHB) GPU/0-44000 (4/1.2/PHB) GPU/0-5b000 (4/1.2/PHB) GPU/0-89000 (5/1.2/SYS) GPU/0-a8000 (5/1.2/SYS) GPU/0-c0000 (5/1.2/SYS) GPU/0-d8000 (5/1.2/SYS) CPU/0-0 (2/1.2/PHB) CPU/0-1 (3/1.2/SYS) NET/0-0 (0/5000.0/LOC) NET/0-0 (0/0.0/DIS) [32m [repeated 83x across cluster][0m
[36m(WorkerDict pid=562583)[0m trial-302172199-trialrun-302172199-worker-0:562583:562583 [5] NCCL INFO + SYS[40.0] - CPU/0-0[32m [repeated 203x across cluster][0m
[36m(WorkerDict pid=562583)[0m trial-302172199-trialrun-302172199-worker-0:562583:562583 [5] NCCL INFO ==========================================[32m [repeated 7x across cluster][0m
[36m(WorkerDict pid=562581)[0m trial-302172199-trialrun-302172199-worker-0:562581:562581 [3] NCCL INFO GPU/0-a8000 :GPU/[32m [repeated 4x across cluster][0m
[36m(WorkerDict pid=562583)[0m trial-302172199-trialrun-302172199-worker-0:562583:562583 [5] NCCL INFO ncclTopoGetCpuAffinity: Affinity for GPU 5 is 64-126,192-254. (GPU affinity = 64-127,192-255 ; CPU affinity = 0-62,64-126,128-190,192-254).[32m [repeated 7x across cluster][0m
[36m(WorkerDict pid=562583)[0m trial-302172199-trialrun-302172199-worker-0:562583:562583 [5] NCCL INFO NCCL_NVLS_ENABLE set by environment to 1.[32m [repeated 7x across cluster][0m
[36m(WorkerDict pid=562583)[0m trial-302172199-trialrun-302172199-worker-0:562583:562583 [5] NCCL INFO NVLS multicast support is available on dev 5 (NVLS_NCHANNELS 24)[32m [repeated 7x across cluster][0m
[36m(WorkerDict pid=562583)[0m trial-302172199-trialrun-302172199-worker-0:562583:562583 [5] NCCL INFO Pattern 5, crossNic 0, nChannels 8, bw 80.000000/90.000000, type NVL/PIX, sameChannels 0[32m [repeated 21x across cluster][0m
[36m(WorkerDict pid=562583)[0m trial-302172199-trialrun-302172199-worker-0:562583:562583 [5] NCCL INFO  7 : GPU/0-d8000[32m [repeated 280x across cluster][0m
[36m(WorkerDict pid=562583)[0m trial-302172199-trialrun-302172199-worker-0:562583:562583 [5] NCCL INFO comm 0xf9bab70 rank 5 nRanks 8 nNodes 1 localRanks 8 localRank 5 MNNVL 0[32m [repeated 7x across cluster][0m
[36m(WorkerDict pid=562574)[0m trial-302172199-trialrun-302172199-worker-0:562574:562574 [1] NCCL INFO Tree 31 : 0 -> 1 -> 2/-1/-1[32m [repeated 32x across cluster][0m
[36m(WorkerDict pid=562583)[0m trial-302172199-trialrun-302172199-worker-0:562583:562583 [5] NCCL INFO Channel 17/0 : 5[32m [repeated 4x across cluster][0m
[36m(WorkerDict pid=562578)[0m trial-302172199-trialrun-302172199-worker-0:562578:562578 [0] NCCL INFO Ring 31 : 7 -> 0 -> 1[32m [repeated 249x across cluster][0m
[36m(WorkerDict pid=562578)[0m trial-302172199-trialrun-302172199-worker-0:562578:562578 [0] NCCL INFO Trees [0] 1/-1/-1->0->-1 [1] 1/-1/-1->0->-1 [2] 1/-1/-1->0->-1 [3] 1/-1/-1->0->-1 [4] 1/-1/-1->0->-1 [5] 1/-1/-1->0->-1 [6] 1/-1/-1->0->-1 [7] 1/-1/-1->0->-1 [8] 1/-1/-1->0->-1 [9] 1/-1/-1->0->-1 [10] 1/-1/-1->0->-1 [11] 1/-1/-1->0->-1 [12] 1/-1/-1->0->-1 [13] 1/-1/-1->0->-1 [14] 1/-1/-1->0->-1 [15] 1/-1/-1->0->-1 [16] 1/-1/-1->0->-1 [17] 1/-1/-1->0->-1 [18] 1/-1/-1->0->-1 [19] 1/-1/-1->0->-1 [20] 1/-1/-1->0->-1 [21] 1/-1/-1->0->-1 [22] 1/-1/-1->0->-1 [23] 1/-1/-1->0->-1 [24] 1/-1/-1->0->-1 [25] 1/-1/-1->0->-1 [26] 1/-1/-1->0->-1 [27] 1/-1/-1->0->-1 [28] 1/-1/-1->0->-1 [29] 1/-1/-1->0->-1 [30] 1/-1/-1->0->-1 [31] 1/-1/-1->0->-1[32m [repeated 7x across cluster][0m
[36m(WorkerDict pid=562583)[0m trial-302172199-trialrun-302172199-worker-0:562583:562583 [5] NCCL INFO P2P Chunksize set to 524288[32m [repeated 7x across cluster][0m
[36m(WorkerDict pid=562583)[0m trial-302172199-trialrun-302172199-worker-0:562583:562583 [5] NCCL INFO PROFILER/Plugin: Could not find: libnccl-profiler.so[32m [repeated 7x across cluster][0m
[36m(WorkerDict pid=562583)[0m trial-302172199-trialrun-302172199-worker-0:562583:562583 [5] NCCL INFO Check P2P Type isAllDirectP2p 1 directMode 0 isAllCudaP2p 1[32m [repeated 7x across cluster][0m
[36m(WorkerDict pid=562583)[0m trial-302172199-trialrun-302172199-worker-0:562583:578170 [0] NCCL INFO [Proxy Service] Device 5 CPU core 232[32m [repeated 7x across cluster][0m
[36m(WorkerDict pid=562583)[0m trial-302172199-trialrun-302172199-worker-0:562583:562583 [5] NCCL INFO ncclP2pSchedule: group size used is 8[32m [repeated 7x across cluster][0m
[36m(WorkerDict pid=562583)[0m trial-302172199-trialrun-302172199-worker-0:562583:578176 [0] NCCL INFO [Proxy Service UDS] Device 5 CPU core 244[32m [repeated 7x across cluster][0m
[36m(WorkerDict pid=562583)[0m trial-302172199-trialrun-302172199-worker-0:562583:562583 [5] NCCL INFO TUNER/Plugin: Could not find: libnccl-tuner.so[32m [repeated 7x across cluster][0m
[36m(WorkerDict pid=562583)[0m trial-302172199-trialrun-302172199-worker-0:562583:562583 [5] NCCL INFO threadThresholds 8/8/64 | 64/8/64 | 512 | 512[32m [repeated 7x across cluster][0m
[36m(WorkerDict pid=562583)[0m trial-302172199-trialrun-302172199-worker-0:562583:562583 [5] NCCL INFO ncclCommInitRankConfig comm 0xf9bab70 rank 5 nranks 8 cudaDev 5 nvmlDev 5 busId a8000 commId 0x5cab6ff53de93af9 - Init COMPLETE[32m [repeated 7x across cluster][0m
[36m(WorkerDict pid=562583)[0m trial-302172199-trialrun-302172199-worker-0:562583:562583 [5] NCCL INFO Init timings - ncclCommInitRankConfig: rank 5 nranks 8 total 3.27 (kernels 0.29, alloc 0.63, bootstrap 0.31, allgathers 0.00, topo 1.58, graphs 0.03, connections 0.41, rest 0.01)[32m [repeated 7x across cluster][0m
[36m(WorkerDict pid=562583)[0m trial-302172199-trialrun-302172199-worker-0:562583:562583 [5] NCCL INFO Channel 16/0 : 5[5] -> 6[6] via P2P/CUMEM[32m [repeated 127x across cluster][0m
[36m(WorkerDict pid=562583)[0m trial-302172199-trialrun-302172199-worker-0:562583:562583 [5] NCCL INFO 32 coll channels, 32 collnet channels, 24 nvls channels, 32 p2p channels, 32 p2p channels per peer[32m [repeated 6x across cluster][0m
[36m(WorkerDict pid=562574)[0m trial-302172199-trialrun-302172199-worker-0:562574:562574 [1] NCCL INFO Channel 25/0
[36m(WorkerDict pid=562578)[0m Model config after override: Qwen2Config {
[36m(WorkerDict pid=562578)[0m   "architectures": [
[36m(WorkerDict pid=562578)[0m     "Qwen2ForCausalLM"
[36m(WorkerDict pid=562578)[0m   ],
[36m(WorkerDict pid=562578)[0m   "attention_dropout": 0.0,
[36m(WorkerDict pid=562578)[0m   "bos_token_id": null,
[36m(WorkerDict pid=562578)[0m   "dtype": "bfloat16",
[36m(WorkerDict pid=562578)[0m   "eos_token_id": 151643,
[36m(WorkerDict pid=562578)[0m   "hidden_act": "silu",
[36m(WorkerDict pid=562578)[0m   "hidden_size": 3584,
[36m(WorkerDict pid=562578)[0m   "initializer_range": 0.02,
[36m(WorkerDict pid=562578)[0m   "intermediate_size": 18944,
[36m(WorkerDict pid=562578)[0m   "layer_types": [
[36m(WorkerDict pid=562578)[0m     "full_attention",
[36m(WorkerDict pid=562578)[0m     "full_attention",
[36m(WorkerDict pid=562578)[0m     "full_attention",
[36m(WorkerDict pid=562578)[0m     "full_attention",
[36m(WorkerDict pid=562578)[0m     "full_attention",
[36m(WorkerDict pid=562578)[0m     "full_attention",
[36m(WorkerDict pid=562578)[0m     "full_attention",
[36m(WorkerDict pid=562578)[0m     "full_attention",
[36m(WorkerDict pid=562578)[0m     "full_attention",
[36m(WorkerDict pid=562578)[0m     "full_attention",
[36m(WorkerDict pid=562578)[0m     "full_attention",
[36m(WorkerDict pid=562578)[0m     "full_attention",
[36m(WorkerDict pid=562578)[0m     "full_attention",
[36m(WorkerDict pid=562578)[0m     "full_attention",
[36m(WorkerDict pid=562578)[0m     "full_attention",
[36m(WorkerDict pid=562578)[0m     "full_attention",
[36m(WorkerDict pid=562578)[0m     "full_attention",
[36m(WorkerDict pid=562578)[0m     "full_attention",
[36m(WorkerDict pid=562578)[0m     "full_attention",
[36m(WorkerDict pid=562578)[0m     "full_attention",
[36m(WorkerDict pid=562581)[0m WARNING:2026-08-02 08:34:14,889:Initializing torch.distributed: rank=3 world_size=8 init_method=tcp://[fdbd:dc61:ff:f000:ffff:ffff:0:16]:33139 master=fdbd:dc61:ff:f000:ffff:ffff:0:16:33139[32m [repeated 7x across cluster][0m
[36m(WorkerDict pid=562579)[0m [W802 08:34:15.097156336 ProcessGroupNCCL.cpp:932] Warning: TORCH_NCCL_AVOID_RECORD_STREAMS is the default now, this environment variable is thus deprecated. (function operator())[32m [repeated 7x across cluster][0m
[36m(WorkerDict pid=562579)[0m Loading weights:   0%|          | 0/339 [00:00<?, ?it/s]Loading weights: 100%|██████████| 339/339 [00:00<00:00, 11696.37it/s][32m [repeated 6x across cluster][0m
[36m(WorkerDict pid=562578)[0m Loading weights:   0%|          | 0/339 [00:00<?, ?it/s]
[36m(WorkerDict pid=562574)[0m Loading weights:   0%|          | 0/339 [00:00<?, ?it/s]
[36m(WorkerDict pid=562578)[0m Loading weights:   0%|          | 1/339 [00:01<05:56,  1.05s/it]
[36m(WorkerDict pid=562581)[0m Loading weights:   1%|          | 3/339 [00:01<01:53,  2.97it/s]Loading weights:   4%|▍         | 13/339 [00:01<00:17, 18.71it/s]
[36m(WorkerDict pid=562578)[0m Loading weights:  93%|█████████▎| 316/339 [00:03<00:00, 97.03it/s]
[36m(WorkerDict pid=562578)[0m Loading weights:  97%|█████████▋| 329/339 [00:04<00:00, 95.38it/s]Loading weights: 100%|██████████| 339/339 [00:04<00:00, 82.57it/s]
[36m(WorkerDict pid=562579)[0m Loading weights:   0%|          | 0/339 [00:00<?, ?it/s][32m [repeated 6x across cluster][0m
[36m(WorkerDict pid=562578)[0m WARNING:2026-08-02 08:34:43,171:Dropping unsupported vLLM engine kwargs for this version: ['disable_mm_preprocessor_cache']
[36m(WorkerDict pid=562584)[0m Loading weights:  90%|█████████ | 306/339 [00:04<00:00, 75.51it/s][32m [repeated 219x across cluster][0m
[36m(WorkerDict pid=562579)[0m Loading weights:  75%|███████▍  | 254/339 [00:04<00:01, 82.78it/s]Loading weights:  78%|███████▊  | 263/339 [00:04<00:00, 84.59it/s][32m [repeated 2x across cluster][0m
[36m(WorkerDict pid=562584)[0m Loading weights: 100%|██████████| 339/339 [00:05<00:00, 64.22it/s][32m [repeated 21x across cluster][0m
[36m(WorkerDict pid=562578)[0m /mlx_devbox/users/quyanyi/playground/.venvs/ttrl_b200/lib/python3.11/site-packages/nvidia_cutlass_dsl/python_packages/cutlass/cute/core.py:5791: DeprecationWarning: Use explicit `struct.scalar.ptr` for pointer instead.
[36m(WorkerDict pid=562578)[0m   warnings.warn(
[36m(WorkerDict pid=562578)[0m /mlx_devbox/users/quyanyi/playground/.venvs/ttrl_b200/lib/python3.11/site-packages/nvidia_cutlass_dsl/python_packages/cutlass/cute/core.py:5791: DeprecationWarning: Use explicit `struct.scalar.ptr` for pointer instead.
[36m(WorkerDict pid=562578)[0m   warnings.warn(
[36m(WorkerDict pid=562578)[0m /mlx_devbox/users/quyanyi/playground/.venvs/ttrl_b200/lib/python3.11/site-packages/nvidia_cutlass_dsl/python_packages/cutlass/cute/core.py:5791: DeprecationWarning: Use explicit `struct.scalar.ptr` for pointer instead.
[36m(WorkerDict pid=562578)[0m   warnings.warn(
[36m(WorkerDict pid=562579)[0m WARNING:2026-08-02 08:34:43,171:Dropping unsupported vLLM engine kwargs for this version: ['disable_mm_preprocessor_cache'][32m [repeated 7x across cluster][0m
[36m(WorkerDict pid=562578)[0m 2026-08-02 08:35:13,883 - INFO - autotuner.py:622 - flashinfer.jit: [Autotuner]: Autotuning process starts ...
[36m(WorkerDict pid=562578)[0m 2026-08-02 08:35:13,904 - INFO - autotuner.py:641 - flashinfer.jit: [Autotuner]: Autotuning process ends
[36m(WorkerDict pid=562583)[0m /mlx_devbox/users/quyanyi/playground/.venvs/ttrl_b200/lib/python3.11/site-packages/nvidia_cutlass_dsl/python_packages/cutlass/cute/core.py:5791: DeprecationWarning: Use explicit `struct.scalar.ptr` for pointer instead.[32m [repeated 101x across cluster][0m
[36m(WorkerDict pid=562583)[0m   warnings.warn([32m [repeated 101x across cluster][0m
[36m(WorkerDict pid=562578)[0m Capturing CUDA graphs (mixed prefill-decode, PIECEWISE):   0%|          | 0/51 [00:00<?, ?it/s]
[36m(WorkerDict pid=562578)[0m Capturing CUDA graphs (mixed prefill-decode, PIECEWISE):   8%|▊         | 4/51 [00:00<00:01, 33.78it/s]
[36m(WorkerDict pid=562578)[0m Capturing CUDA graphs (mixed prefill-decode, PIECEWISE):  16%|█▌        | 8/51 [00:00<00:01, 32.81it/s]
[36m(WorkerDict pid=562578)[0m Capturing CUDA graphs (mixed prefill-decode, PIECEWISE):  24%|██▎       | 12/51 [00:00<00:01, 31.87it/s]
[36m(WorkerDict pid=562578)[0m Capturing CUDA graphs (mixed prefill-decode, PIECEWISE):  31%|███▏      | 16/51 [00:00<00:01, 30.45it/s]
[36m(WorkerDict pid=562578)[0m Capturing CUDA graphs (mixed prefill-decode, PIECEWISE):  39%|███▉      | 20/51 [00:00<00:01, 30.72it/s]
[36m(WorkerDict pid=562578)[0m Capturing CUDA graphs (mixed prefill-decode, PIECEWISE):  47%|████▋     | 24/51 [00:00<00:00, 30.66it/s]
[36m(WorkerDict pid=562578)[0m Capturing CUDA graphs (mixed prefill-decode, PIECEWISE):  55%|█████▍    | 28/51 [00:00<00:00, 30.53it/s]
[36m(WorkerDict pid=562578)[0m Capturing CUDA graphs (mixed prefill-decode, PIECEWISE):  63%|██████▎   | 32/51 [00:01<00:00, 29.56it/s]
[36m(WorkerDict pid=562578)[0m Capturing CUDA graphs (mixed prefill-decode, PIECEWISE):  69%|██████▊   | 35/51 [00:01<00:00, 29.37it/s]
[36m(WorkerDict pid=562578)[0m Capturing CUDA graphs (mixed prefill-decode, PIECEWISE):  75%|███████▍  | 38/51 [00:01<00:00, 28.02it/s]
[36m(WorkerDict pid=562578)[0m Capturing CUDA graphs (mixed prefill-decode, PIECEWISE):  80%|████████  | 41/51 [00:01<00:00, 27.88it/s]
[36m(WorkerDict pid=562578)[0m Capturing CUDA graphs (mixed prefill-decode, PIECEWISE):  86%|████████▋ | 44/51 [00:01<00:00, 28.19it/s]
[36m(WorkerDict pid=562578)[0m Capturing CUDA graphs (mixed prefill-decode, PIECEWISE):  92%|█████████▏| 47/51 [00:01<00:00, 27.79it/s]
[36m(WorkerDict pid=562578)[0m Capturing CUDA graphs (mixed prefill-decode, PIECEWISE): 100%|██████████| 51/51 [00:01<00:00, 27.30it/s]Capturing CUDA graphs (mixed prefill-decode, PIECEWISE): 100%|██████████| 51/51 [00:01<00:00, 29.16it/s]
[36m(WorkerDict pid=562578)[0m Capturing CUDA graphs (decode, FULL):   0%|          | 0/51 [00:00<?, ?it/s]
[36m(WorkerDict pid=562578)[0m Capturing CUDA graphs (decode, FULL):   8%|▊         | 4/51 [00:00<00:01, 36.76it/s]
[36m(WorkerDict pid=562578)[0m Capturing CUDA graphs (decode, FULL):  16%|█▌        | 8/51 [00:00<00:01, 37.71it/s]
[36m(WorkerDict pid=562578)[0m Capturing CUDA graphs (decode, FULL):  24%|██▎       | 12/51 [00:00<00:01, 30.86it/s]
[36m(WorkerDict pid=562578)[0m Capturing CUDA graphs (decode, FULL):  31%|███▏      | 16/51 [00:00<00:01, 33.34it/s]
[36m(WorkerDict pid=562578)[0m Capturing CUDA graphs (decode, FULL):  39%|███▉      | 20/51 [00:00<00:00, 34.90it/s]
[36m(WorkerDict pid=562578)[0m Capturing CUDA graphs (decode, FULL):  47%|████▋     | 24/51 [00:00<00:00, 35.70it/s]
[36m(WorkerDict pid=562578)[0m Capturing CUDA graphs (decode, FULL):  55%|█████▍    | 28/51 [00:00<00:00, 36.41it/s]
[36m(WorkerDict pid=562578)[0m Capturing CUDA graphs (decode, FULL):  63%|██████▎   | 32/51 [00:00<00:00, 36.81it/s]
[36m(WorkerDict pid=562578)[0m Capturing CUDA graphs (decode, FULL):  71%|███████   | 36/51 [00:01<00:00, 36.99it/s]
[36m(WorkerDict pid=562578)[0m Capturing CUDA graphs (decode, FULL):  78%|███████▊  | 40/51 [00:01<00:00, 37.39it/s]
[36m(WorkerDict pid=562578)[0m Capturing CUDA graphs (decode, FULL):  86%|████████▋ | 44/51 [00:01<00:00, 37.61it/s]
[36m(WorkerDict pid=562579)[0m 2026-08-02 08:35:13,882 - INFO - autotuner.py:622 - flashinfer.jit: [Autotuner]: Autotuning process starts ...[32m [repeated 7x across cluster][0m
[36m(WorkerDict pid=562579)[0m 2026-08-02 08:35:13,902 - INFO - autotuner.py:641 - flashinfer.jit: [Autotuner]: Autotuning process ends[32m [repeated 7x across cluster][0m
[36m(WorkerDict pid=562582)[0m /mlx_devbox/users/quyanyi/playground/.venvs/ttrl_b200/lib/python3.11/site-packages/nvidia_cutlass_dsl/python_packages/cutlass/cute/core.py:5791: DeprecationWarning: Use explicit `struct.scalar.ptr` for pointer instead.
[36m(WorkerDict pid=562582)[0m   warnings.warn(
[36m(WorkerDict pid=562582)[0m /mlx_devbox/users/quyanyi/playground/.venvs/ttrl_b200/lib/python3.11/site-packages/nvidia_cutlass_dsl/python_packages/cutlass/cute/core.py:5791: DeprecationWarning: Use explicit `struct.scalar.ptr` for pointer instead.
[36m(WorkerDict pid=562582)[0m   warnings.warn(
[36m(WorkerDict pid=562582)[0m /mlx_devbox/users/quyanyi/playground/.venvs/ttrl_b200/lib/python3.11/site-packages/nvidia_cutlass_dsl/python_packages/cutlass/cute/core.py:5791: DeprecationWarning: Use explicit `struct.scalar.ptr` for pointer instead.
[36m(WorkerDict pid=562582)[0m   warnings.warn(
[36m(WorkerDict pid=562578)[0m Capturing CUDA graphs (decode, FULL):  86%|████████▋ | 44/51 [00:11<00:00, 37.61it/s]
[36m(WorkerDict pid=562579)[0m /mlx_devbox/users/quyanyi/playground/.venvs/ttrl_b200/lib/python3.11/site-packages/nvidia_cutlass_dsl/python_packages/cutlass/cute/core.py:5791: DeprecationWarning: Use explicit `struct.scalar.ptr` for pointer instead.[32m [repeated 101x across cluster][0m
[36m(WorkerDict pid=562579)[0m   warnings.warn([32m [repeated 101x across cluster][0m
[36m(WorkerDict pid=562578)[0m Capturing CUDA graphs (decode, FULL):  92%|█████████▏| 47/51 [00:12<00:03,  1.06it/s]
[36m(WorkerDict pid=562578)[0m Capturing CUDA graphs (decode, FULL): 100%|██████████| 51/51 [00:12<00:00,  1.54it/s]Capturing CUDA graphs (decode, FULL): 100%|██████████| 51/51 [00:12<00:00,  4.08it/s]
[36m(WorkerDict pid=562582)[0m /mlx_devbox/users/quyanyi/playground/TTRL/verl/verl/workers/sharding_manager/fsdp_vllm.py:97: FutureWarning: FSDP.state_dict_type() and FSDP.set_state_dict_type() are being deprecated. Please use APIs, get_state_dict() and set_state_dict(), which can support different parallelisms, FSDP1, FSDP2, DDP. API doc: https://pytorch.org/docs/stable/distributed.checkpoint.html#torch.distributed.checkpoint.state_dict.get_state_dict .Tutorial: https://pytorch.org/tutorials/recipes/distributed_checkpoint_recipe.html .
[36m(WorkerDict pid=562582)[0m   FSDP.set_state_dict_type(
[36m(TaskRunner pid=562575)[0m Training Progress:   0%|          | 0/3 [00:00<?, ?it/s]
[36m(WorkerDict pid=562582)[0m /mlx_devbox/users/quyanyi/playground/.venvs/ttrl_b200/lib/python3.11/site-packages/nvidia_cutlass_dsl/python_packages/cutlass/cute/core.py:5791: DeprecationWarning: Use explicit `struct.scalar.ptr` for pointer instead.
[36m(WorkerDict pid=562582)[0m   warnings.warn(
[36m(WorkerDict pid=562579)[0m /mlx_devbox/users/quyanyi/playground/TTRL/verl/verl/workers/sharding_manager/fsdp_vllm.py:97: FutureWarning: FSDP.state_dict_type() and FSDP.set_state_dict_type() are being deprecated. Please use APIs, get_state_dict() and set_state_dict(), which can support different parallelisms, FSDP1, FSDP2, DDP. API doc: https://pytorch.org/docs/stable/distributed.checkpoint.html#torch.distributed.checkpoint.state_dict.get_state_dict .Tutorial: https://pytorch.org/tutorials/recipes/distributed_checkpoint_recipe.html .[32m [repeated 7x across cluster][0m
[36m(WorkerDict pid=562579)[0m   FSDP.set_state_dict_type([32m [repeated 7x across cluster][0m
[36m(WorkerDict pid=562580)[0m /mlx_devbox/users/quyanyi/playground/.venvs/ttrl_b200/lib/python3.11/site-packages/nvidia_cutlass_dsl/python_packages/cutlass/cute/core.py:5791: DeprecationWarning: Use explicit `struct.scalar.ptr` for pointer instead.
[36m(WorkerDict pid=562580)[0m   warnings.warn(
[36m(TaskRunner pid=562575)[0m <string>:1: SymPyDeprecationWarning: 
[36m(TaskRunner pid=562575)[0m 
[36m(TaskRunner pid=562575)[0m Using non-Expr arguments in Pow is deprecated (in this case, one of the
[36m(TaskRunner pid=562575)[0m arguments is of type 'FiniteSet').
[36m(TaskRunner pid=562575)[0m 
[36m(TaskRunner pid=562575)[0m If you really did intend to construct a power with this base, use the **
[36m(TaskRunner pid=562575)[0m operator instead.
[36m(TaskRunner pid=562575)[0m 
[36m(TaskRunner pid=562575)[0m See https://docs.sympy.org/latest/explanation/active-deprecations.html#non-expr-args-deprecated
[36m(TaskRunner pid=562575)[0m for details.
[36m(TaskRunner pid=562575)[0m 
[36m(TaskRunner pid=562575)[0m This has been deprecated since SymPy version 1.7. It
[36m(TaskRunner pid=562575)[0m will be removed in a future version of SymPy.
[36m(TaskRunner pid=562575)[0m 
[36m(TaskRunner pid=562575)[0m /mlx_devbox/users/quyanyi/playground/.venvs/ttrl_b200/lib/python3.11/site-packages/sympy/core/basic.py:1949: SymPyDeprecationWarning: 
[36m(TaskRunner pid=562575)[0m 
[36m(TaskRunner pid=562575)[0m Using non-Expr arguments in Pow is deprecated (in this case, one of the
[36m(TaskRunner pid=562575)[0m arguments is of type 'FiniteSet').
[36m(TaskRunner pid=562575)[0m 
[36m(TaskRunner pid=562575)[0m If you really did intend to construct a power with this base, use the **
[36m(TaskRunner pid=562575)[0m operator instead.
[36m(TaskRunner pid=562575)[0m 
[36m(TaskRunner pid=562575)[0m See https://docs.sympy.org/latest/explanation/active-deprecations.html#non-expr-args-deprecated
[36m(TaskRunner pid=562575)[0m for details.
[36m(TaskRunner pid=562575)[0m 
[36m(TaskRunner pid=562575)[0m This has been deprecated since SymPy version 1.7. It
[36m(TaskRunner pid=562575)[0m will be removed in a future version of SymPy.
[36m(TaskRunner pid=562575)[0m 
[36m(TaskRunner pid=562575)[0m   return self.func(*terms)
[36m(WorkerDict pid=562581)[0m /mlx_devbox/users/quyanyi/playground/.venvs/ttrl_b200/lib/python3.11/site-packages/nvidia_cutlass_dsl/python_packages/cutlass/cute/core.py:5791: DeprecationWarning: Use explicit `struct.scalar.ptr` for pointer instead.[32m [repeated 102x across cluster][0m
[36m(WorkerDict pid=562581)[0m   warnings.warn([32m [repeated 102x across cluster][0m
[36m(TaskRunner pid=562575)[0m <string>:1: SymPyDeprecationWarning: 
[36m(TaskRunner pid=562575)[0m 
[36m(TaskRunner pid=562575)[0m Using non-Expr arguments in Pow is deprecated (in this case, one of the
[36m(TaskRunner pid=562575)[0m arguments is of type 'FiniteSet').
[36m(TaskRunner pid=562575)[0m 
[36m(TaskRunner pid=562575)[0m If you really did intend to construct a power with this base, use the **
[36m(TaskRunner pid=562575)[0m operator instead.
[36m(TaskRunner pid=562575)[0m 
[36m(TaskRunner pid=562575)[0m See https://docs.sympy.org/latest/explanation/active-deprecations.html#non-expr-args-deprecated
[36m(TaskRunner pid=562575)[0m for details.
[36m(TaskRunner pid=562575)[0m 
[36m(TaskRunner pid=562575)[0m This has been deprecated since SymPy version 1.7. It
[36m(TaskRunner pid=562575)[0m will be removed in a future version of SymPy.
[36m(TaskRunner pid=562575)[0m 
[36m(TaskRunner pid=562575)[0m /mlx_devbox/users/quyanyi/playground/.venvs/ttrl_b200/lib/python3.11/site-packages/sympy/core/power.py:1257: SymPyDeprecationWarning: 
[36m(TaskRunner pid=562575)[0m 
[36m(TaskRunner pid=562575)[0m Using non-Expr arguments in Pow is deprecated (in this case, one of the
[36m(TaskRunner pid=562575)[0m arguments is of type 'FiniteSet').
[36m(TaskRunner pid=562575)[0m 
[36m(TaskRunner pid=562575)[0m If you really did intend to construct a power with this base, use the **
[36m(TaskRunner pid=562575)[0m operator instead.
[36m(TaskRunner pid=562575)[0m 
[36m(TaskRunner pid=562575)[0m See https://docs.sympy.org/latest/explanation/active-deprecations.html#non-expr-args-deprecated
[36m(TaskRunner pid=562575)[0m for details.
[36m(TaskRunner pid=562575)[0m 
[36m(TaskRunner pid=562575)[0m This has been deprecated since SymPy version 1.7. It
[36m(TaskRunner pid=562575)[0m will be removed in a future version of SymPy.
[36m(TaskRunner pid=562575)[0m 
[36m(TaskRunner pid=562575)[0m   p = self.func(*self.as_base_exp())  # in case it's unevaluated
[36m(TaskRunner pid=562575)[0m WARNING:2026-08-02 08:36:16,766:Timeout during comparison
[36m(TaskRunner pid=562575)[0m WARNING:2026-08-02 08:37:07,958:Timeout during comparison
[36m(TaskRunner pid=562575)[0m WARNING:2026-08-02 08:37:12,064:Timeout during comparison
[36m(WorkerDict pid=562578)[0m     "full_attention",
[36m(WorkerDict pid=562578)[0m     "full_attention",
[36m(WorkerDict pid=562578)[0m     "full_attention",
[36m(WorkerDict pid=562578)[0m     "full_attention",
[36m(WorkerDict pid=562578)[0m     "full_attention",
[36m(WorkerDict pid=562578)[0m     "full_attention",
[36m(WorkerDict pid=562578)[0m     "full_attention",
[36m(WorkerDict pid=562578)[0m     "full_attention"
[36m(WorkerDict pid=562578)[0m   ],
[36m(WorkerDict pid=562578)[0m   "max_position_embeddings": 4096,
[36m(WorkerDict pid=562578)[0m   "max_window_layers": 28,
[36m(WorkerDict pid=562578)[0m   "model_type": "qwen2",
[36m(WorkerDict pid=562578)[0m   "num_attention_heads": 28,
[36m(WorkerDict pid=562578)[0m   "num_hidden_layers": 28,
[36m(WorkerDict pid=562578)[0m   "num_key_value_heads": 4,
[36m(WorkerDict pid=562578)[0m   "pad_token_id": 151643,
[36m(WorkerDict pid=562578)[0m   "rms_norm_eps": 1e-06,
[36m(WorkerDict pid=562578)[0m   "rope_parameters": {
[36m(WorkerDict pid=562578)[0m     "rope_theta": 10000,
[36m(WorkerDict pid=562578)[0m     "rope_type": "default"
[36m(WorkerDict pid=562578)[0m   },
[36m(WorkerDict pid=562578)[0m   "sliding_window": null,
[36m(WorkerDict pid=562578)[0m   "tie_word_embeddings": false,
[36m(WorkerDict pid=562578)[0m   "transformers_version": "5.12.1",
[36m(WorkerDict pid=562578)[0m   "use_cache": true,
[36m(WorkerDict pid=562578)[0m   "use_mrope": false,
[36m(WorkerDict pid=562578)[0m   "use_sliding_window": false,
[36m(WorkerDict pid=562578)[0m   "vocab_size": 152064
[36m(WorkerDict pid=562578)[0m }
[36m(WorkerDict pid=562578)[0m 
[36m(WorkerDict pid=562578)[0m actor attention implementation verified: sdpa
[36m(WorkerDict pid=562578)[0m [PowerFlow] Added proj_z (layers=3, hidden=3584, init_offset=1.08)
[36m(WorkerDict pid=562578)[0m Monkey patch _flash_attention_forward in transformers.integrations.flash_attention
[36m(WorkerDict pid=562578)[0m Using Triton backend for fused kernels in Qwen2ForCausalLM
[36m(WorkerDict pid=562578)[0m Qwen2ForCausalLM contains 7.64B parameters
[36m(WorkerDict pid=562578)[0m [PowerFlow] Updated auto_wrap_policy to wrap ProjZModule
[36m(WorkerDict pid=562578)[0m wrap_policy: <function ActorRolloutRefWorker._build_model_optimizer.<locals>.powerflow_wrap_policy at 0x7ed38f645da0>
[36m(WorkerDict pid=562578)[0m Total steps: 3, num_warmup_steps: 0
[36m(WorkerDict pid=562578)[0m Actor use_remove_padding=True
[36m(WorkerDict pid=562578)[0m Actor use_fused_kernels=True
[36m(WorkerDict pid=562583)[0m Monkey patch _flash_attention_forward in transformers.integrations.flash_attention[32m [repeated 7x across cluster][0m
[36m(WorkerDict pid=562583)[0m Using Triton backend for fused kernels in Qwen2ForCausalLM[32m [repeated 7x across cluster][0m
[36m(WorkerDict pid=562582)[0m kwargs: {'n': 1, 'logprobs': 1, 'max_tokens': 3072, 'repetition_penalty': 1.0, 'detokenize': False, 'temperature': 1.0, 'top_k': -1, 'top_p': 1, 'ignore_eos': False}
[36m(TaskRunner pid=562575)[0m Checkpoint tracker file does not exist: /tmp/ttrl_b200/checkpoints/ttrl_chunk_state_powerflow_futuregain_supportdist_alignedanchors_v10_mid_c128_probe1536x4_b32_r32_v64_3step_20260802/latest_checkpointed_iteration.txt
[36m(TaskRunner pid=562575)[0m Training from scratch
[36m(WorkerDict pid=562578)[0m WARNING 08-02 08:35:30 [jit_monitor.py:106] Triton kernel JIT compilation during inference: _compute_slot_mapping_kernel. This causes a latency spike; consider extending warmup to cover this shape/config.
[36m(TaskRunner pid=562575)[0m [Shutdown] 3 subprocess(es) terminated.
[36m(WorkerDict pid=562579)[0m kwargs: {'n': 1, 'logprobs': 1, 'max_tokens': 3072, 'repetition_penalty': 1.0, 'detokenize': False, 'temperature': 1.0, 'top_k': -1, 'top_p': 1, 'ignore_eos': False}[32m [repeated 7x across cluster][0m
[36m(TaskRunner pid=562575)[0m [Shutdown] 4 subprocess(es) terminated.
[36m(TaskRunner pid=562575)[0m [Shutdown] 4 subprocess(es) terminated.
[36m(WorkerDict pid=562578)[0m WARNING 08-02 08:37:16 [jit_monitor.py:106] Triton kernel JIT compilation during inference: efficient_entropy_kernel_general_mainloop. This causes a latency spike; consider extending warmup to cover this shape/config.
[36m(WorkerDict pid=562578)[0m WARNING 08-02 08:37:16 [jit_monitor.py:106] Triton kernel JIT compilation during inference: efficient_entropy_triton_kernel_epilogue. This causes a latency spike; consider extending warmup to cover this shape/config.
[36m(WorkerDict pid=562578)[0m WARNING 08-02 08:37:16 [jit_monitor.py:106] Triton kernel JIT compilation during inference: efficient_entropy_backward_kernel_general_d_logits_split_N. This causes a latency spike; consider extending warmup to cover this shape/config.
[36m(TaskRunner pid=562575)[0m step:1 - chunk_state_source/selected_original_acc_mean:1.000 - chunk_state_source/prompt_original_pass:0.875 - chunk_state_source/prompt_original_mean:0.344 - chunk_state_source/selected_majority_consistent_mean:1.000 - chunk_state_source/prompt_majority_ratio_mean:0.356 - chunk_state_source/prompt_majority_pass:1.000 - chunk_state_source_chunk/enabled:1.000 - chunk_state_source_chunk/injected_ratio:1.000 - chunk_state_source_chunk/mean_len:128.000 - chunk_state_source_chunk/candidate_index:0.000 - chunk_state_support_anchor/enabled:1.000 - chunk_state_support_anchor/count:7.000 - chunk_state_support_anchor/candidate_start:1.000 - chunk_state_support_anchor/min_mass:0.031 - chunk_state_support_anchor/selection_mode_answer_stratified:0.000 - chunk_state_support_anchor/prefix_compat_enable:1.000 - chunk_state_support_anchor/prefix_compat_mode_hard:0.000 - chunk_state_support_anchor/prefix_compat_mode_soft:1.000 - chunk_state_support_anchor/prefix_compat_tokens:64.000 - chunk_state_support_anchor/min_prefix_match:0.750 - chunk_state_support_anchor/prefix_score_power:0.500 - chunk_state_support_anchor/skip_source:1.000 - chunk_state_support_anchor/injected_ratio:0.500 - chunk_state_support_anchor/state_keep_ratio:1.000 - chunk_state_support_anchor/skipped_no_anchor_ratio:0.000 - chunk_state_support_anchor/skipped_by_compat_ratio:0.000 - chunk_state_support_anchor/skipped_source_ratio:0.031 - chunk_state_support_anchor/score_mean:0.030 - chunk_state_support_anchor/positive_candidate_ratio:0.438 - chunk_state_support_anchor/prefix_match_mean:0.006 - chunk_state_support_anchor/prefix_match_min:0.000 - chunk_state_support_anchor/anchor_mass_mean:0.515 - chunk_state_support_anchor/anchor_mass_max:0.808 - chunk_state_support_anchor/anchor_len_mean:74.143 - chunk_state_support_anchor/unique_answer_ratio:0.595 - chunk_state_support_anchor/selected_rank_mean:1.500 - chunk_state_future_support_gain/group_size:32.000 - chunk_state_future_support_gain/min_mass:0.031 - chunk_state_future_support_gain/max_mass_coef:0.250 - chunk_state_future_support_gain/score_type_slack_gain:0.000 - chunk_state_future_support_gain/score_type_positive_gain:0.000 - chunk_state_future_support_gain/score_type_relative_positive_gain:0.000 - chunk_state_future_support_gain/score_type_tv_positive_gain:0.000 - chunk_state_future_support_gain/score_type_relative_tv_positive_gain:0.000 - chunk_state_future_support_gain/score_type_transport_affinity:0.000 - chunk_state_future_support_gain/score_type_transport_positive_gain:0.000 - chunk_state_future_support_gain/score_type_transport_support_gain:0.000 - chunk_state_future_support_gain/score_type_smoothed_transport_affinity:0.000 - chunk_state_future_support_gain/score_type_smoothed_transport_positive_gain:0.000 - chunk_state_future_support_gain/score_type_smoothed_transport_support_gain:0.000 - chunk_state_future_support_gain/score_type_support_value_affinity:0.000 - chunk_state_future_support_gain/score_type_support_distribution_match:1.000 - chunk_state_future_support_gain/score_type_posterior_support_match:0.000 - chunk_state_future_support_gain/score_type_posterior_value_improvement:0.000 - chunk_state_future_support_gain/gain_slack:0.125 - chunk_state_future_support_gain/baseline_scale:1.000 - chunk_state_future_support_gain/source_prior_weight:1.000 - chunk_state_future_support_gain/anchor_prior_weight:0.000 - chunk_state_future_support_gain/anchor_prior_power:1.000 - chunk_state_future_support_gain/anchor_prior_mean:1.000 - chunk_state_future_support_gain/anchor_prior_max:1.000 - chunk_state_future_support_gain/prior_smoothing:4.000 - chunk_state_future_support_gain/min_positive_margin:0.000 - chunk_state_future_support_gain/min_state_coverage:0.125 - chunk_state_future_support_gain/max_state_oov:0.875 - chunk_state_future_support_gain/min_state_mean_mass:0.015 - chunk_state_future_support_gain/min_state_max_mass:0.031 - chunk_state_future_support_gain/min_state_top_margin:0.001 - chunk_state_future_support_gain/min_candidate_coverage:0.000 - chunk_state_future_support_gain/min_candidate_mean_mass:0.000 - chunk_state_future_support_gain/source_mass_mean:0.708 - chunk_state_future_support_gain/prompt_top_mass_mean:0.708 - chunk_state_future_support_gain/support_coverage_mean:0.250 - chunk_state_future_support_gain/candidate_coverage_mean:0.250 - chunk_state_future_support_gain/candidate_quality_keep_ratio:1.000 - chunk_state_future_support_gain/mean_mass_mean:0.170 - chunk_state_future_support_gain/max_mass_mean:0.708 - chunk_state_future_support_gain/raw_gain_mean:-0.488 - chunk_state_future_support_gain/source_tv_mean:0.292 - chunk_state_future_support_gain/candidate_tv_mean:0.622 - chunk_state_future_support_gain/source_oov_tv_mean:0.292 - chunk_state_future_support_gain/candidate_oov_tv_mean:0.810 - chunk_state_future_support_gain/transport_affinity_mean:0.190 - chunk_state_future_support_gain/smoothed_candidate_oov_tv_mean:0.405 - chunk_state_future_support_gain/smoothed_transport_affinity_mean:0.595 - chunk_state_future_support_gain/support_expected_value_mean:0.170 - chunk_state_future_support_gain/support_overlap_mean:0.190 - chunk_state_future_support_gain/smoothed_support_expected_value_mean:0.342 - chunk_state_future_support_gain/smoothed_support_overlap_mean:0.595 - chunk_state_future_support_gain/candidate_entropy_mean:0.273 - chunk_state_future_support_gain/tv_gain_mean:-0.330 - chunk_state_future_support_gain/transport_gain_mean:-0.518 - chunk_state_future_support_gain/smoothed_transport_gain_mean:-0.113 - chunk_state_future_support_gain/score_mean_before_candidate_filter:0.151 - chunk_state_future_support_gain/score_mean:0.151 - chunk_state_future_support_gain/label_consistent_ratio_before_candidate_filter:0.297 - chunk_state_future_support_gain/label_consistent_ratio:0.297 - chunk_state_future_support_gain/improved_state_ratio:1.000 - chunk_state_future_support_gain/positive_margin_mean:0.588 - chunk_state_future_support_gain/state_oov_mean:0.750 - chunk_state_future_support_gain/state_mean_mass_mean:0.170 - chunk_state_future_support_gain/state_max_mass_mean:0.708 - chunk_state_future_support_gain/state_top_margin_mean:0.094 - chunk_state_future_support_gain/soft_weight_mean:0.174 - chunk_state_future_support_gain/learnable_state_keep_ratio:0.625 - chunk_state_future_support_gain/state_keep_ratio:0.625 - chunk_state_probe/raw_positive_ratio:0.151 - chunk_state_score/mode_majority_completion:0.000 - chunk_state_score/mode_answer_consensus:0.000 - chunk_state_score/mode_answer_distribution:0.000 - chunk_state_score/mode_answer_value_gain:0.000 - chunk_state_score/mode_answer_value_margin:0.000 - chunk_state_score/mode_answer_support_mass:0.000 - chunk_state_score/mode_future_support_gain:1.000 - chunk_state_score/mode_support_anchor:0.000 - chunk_state_score/mode_support_flow:0.000 - chunk_state_score/mode_answer_source_consistency:0.000 - chunk_state_probe/samples:4.000 - chunk_state_diag/boundary_mean:512.000 - chunk_state_diag/boundary_min:512.000 - chunk_state_diag/boundary_max:512.000 - chunk_state_diag/boundary_zero_ratio:0.000 - chunk_state_diag/skipped_short_sources:0.000 - chunk_state_diag/skipped_support_sources:29.000 - chunk_state_diag/majority_consistent_fallbacks:2.000 - chunk_state_diag/support_low_fallbacks:0.000 - chunk_state_diag/real_state_count:3.000 - chunk_state_diag/pad_state_count:5.000 - chunk_state_diag/loss_weight_mean:0.375 - chunk_state_diag/source_response_len_mean:1347.250 - chunk_state_diag/probe_score_std:0.244 - chunk_state_diag/state_probe_mean_max:0.260 - chunk_state_diag/state_probe_mean_min:0.114 - chunk_state_diag/state_all_positive_ratio:0.000 - chunk_state_diag/state_all_negative_ratio:0.000 - chunk_state_diag/state_mixed_ratio:1.000 - chunk_state_diag/source_majority_consistent_mean:1.000 - chunk_state_diag/source_prompt_majority_ratio_mean:0.656 - chunk_state_diag/source_answer_mass_mean:0.708 - chunk_state_diag/source_answer_mass_min:0.656 - chunk_state_diag/source_prompt_top_mass_mean:0.708 - chunk_state_diag/source_prompt_top_mass_min:0.656 - chunk_state_diag/prompt_valid_answer_coverage_mean:0.930 - chunk_state_diag/prompt_answer_top_margin_mean:0.662 - chunk_state_diag/prompt_answer_entropy_mean:1.216 - chunk_state_diag/source_pseudo_acc_mean:0.875 - chunk_state_diag/source_original_acc_mean:1.000 - chunk_state_diag/prompt_pseudo_mean:0.605 - chunk_state_diag/prompt_original_mean:0.684 - chunk_state_diag/prompt_original_pass:1.000 - chunk_state_diag/probe_mean_source_original_correct:0.151 - chunk_state_diag/probe_mean_source_original_wrong:0.000 - chunk_state_diag/source_original_correct_ratio:1.000 - chunk_state_diag/jsonl_rows:8.000 - chunk_state/num_states:8.000 - chunk_state/real_states:3.000 - chunk_state/pad_states:5.000 - chunk_state/num_candidates:64.000 - chunk_state/num_actor_samples:24.000 - chunk_state/loss_weight_mean:0.202 - chunk_state/base_loss_weight_mean:0.375 - chunk_state/zeroed_state_ratio:0.625 - chunk_state/confidence_gate_ratio:1.000 - chunk_state/confidence_weight_mean:1.000 - chunk_state/min_state_positive_margin:-1.000 - chunk_state/future_support_keep_mode_hard:0.000 - chunk_state/future_support_keep_mode_soft:1.000 - chunk_state/future_support_keep_mode_off:0.000 - chunk_state/future_support_soft_weight_mean:0.174 - chunk_state/future_support_state_weight_mean:0.174 - chunk_state/future_support_soft_weight_floor:0.020 - chunk_state/future_support_keep_ratio:0.625 - chunk_state/source_quality_weight_mode_off:1.000 - chunk_state/source_quality_weight_mode_source_mass:0.000 - chunk_state/source_quality_weight_mode_prompt_top_mass:0.000 - chunk_state/source_quality_weight_mode_product:0.000 - chunk_state/source_quality_weight_mode_prompt_valid_answer_coverage:0.000 - chunk_state/source_quality_weight_mode_prompt_top_margin:0.000 - chunk_state/source_quality_weight_mode_coverage_margin_product:0.000 - chunk_state/source_quality_weight_mode_group_quality:0.000 - chunk_state/source_quality_weight_mean:1.000 - chunk_state/source_quality_weight_floor:0.000 - chunk_state/source_quality_weight_power:1.000 - chunk_state/source_quality_max_entropy:0.000 - chunk_state/source_answer_mass_mean:0.708 - chunk_state/source_prompt_top_mass_mean:0.708 - chunk_state/prompt_valid_answer_coverage_mean:0.930 - chunk_state/prompt_answer_top_margin_mean:0.662 - chunk_state/prompt_answer_entropy_mean:1.216 - chunk_state/majority_ratio_mean:0.708 - chunk_state/answer_coverage_mean:0.250 - chunk_state/answer_coverage_weighted_mean:0.358 - chunk_state/positive_margin_mean:0.588 - chunk_state/positive_margin_weighted_mean:0.567 - chunk_state/positive_ratio:0.151 - chunk_state/label_consistent_only:0.000 - chunk_state/zero_inconsistent_candidates:0.000 - chunk_state/prune_zero_weight_samples:1.000 - chunk_state/prune_padded_to_shards:0.000 - chunk_state/pruned_sample_ratio:0.625 - chunk_state/label_consistent_ratio:0.297 - chunk_state/informative_ratio:1.000 - chunk_state/kept_state_ratio:1.000 - chunk_state/target_entropy:0.863 - chunk_state/target_prior_mean:1.000 - chunk_state/target_prior_max:1.000 - chunk_state/weight_max:0.734 - chunk_state/weight_min:0.002 - chunk_state/powerflow_weight_clip:4.000 - chunk_state/powerflow_weight_clip_renorm:1.000 - chunk_state/powerflow_weight_before_clip_max:0.727 - chunk_state/powerflow_weight_before_clip_mean:0.202 - chunk_state/powerflow_weight_mean:1.000 - chunk_state/powerflow_weight_max:3.589 - chunk_state/powerflow_weight_min:0.020 - chunk_state/boxed_reward_mean:0.172 - chunk_state/boxed_reward_weighted_mean:0.519 - chunk_state/actor_batch_powerflow_weight_nonzero_ratio:1.000 - chunk_state/actor_batch_powerflow_weight_shard0_mean:1.230 - chunk_state/actor_batch_powerflow_weight_shard0_nonzero_ratio:1.000 - chunk_state/actor_batch_powerflow_weight_shard_mean_low:0.447 - chunk_state/actor_batch_powerflow_weight_shard_mean_high:1.230 - chunk_state/actor_batch_powerflow_weight_zero_shard_ratio:0.000 - chunk_state_actor_span/mode_chunk:1.000 - chunk_state_actor_span/response_len_mean:102.500 - chunk_state_actor_span/truncated_ratio:0.000 - actor/pg_loss:0.199 - actor/powerflow_loss:0.199 - actor/log_prob:-0.847 - actor/old_log_prob:0.000 - actor/ref_log_prob:-0.847 - actor/ref_log_prob/std:0.000 - actor/boxed_reward/mean:0.194 - actor/boxed_reward/min:0.000 - actor/boxed_reward/max:0.543 - actor/powerflow_weight/mean:1.230 - actor/powerflow_weight/min:0.021 - actor/powerflow_weight/max:3.589 - actor/powerflow_weight/nonzero_ratio:1.000 - actor/powerflow_local_batch_size:1.000 - actor/log_z:-1.221 - actor/importance_weight:0.800 - actor/powerflow_chunk_loss_target_only:0.000 - actor/ppo_kl:0.847 - actor/ref_kl:-0.000 - actor/beta_coef:4.000 - actor/cispo_mask_ratio:0.336 - actor/cispo_dropped_tokens:43.000 - actor/condition_1_count:0.000 - actor/condition_2_count:43.000 - actor/pg_clipfrac:0.000 - actor/pg_clipfrac_lower:0.000 - actor/grad_norm:8.779 - perf/mfu/actor:0.000 - perf/max_memory_allocated_gb:163.206 - perf/max_memory_reserved_gb:176.207 - perf/cpu_memory_used_gb:791.100 - actor/lr:0.000 - timing_s/generate_sequences:29.863 - timing_s/reshard:0.371 - timing_s/gen:43.547 - timing_s/chunk_state_make_states:0.015 - timing_s/chunk_state_chunks/generate_sequences:0.539 - timing_s/chunk_state_chunks/reshard:0.472 - timing_s/chunk_state_chunks:1.062 - timing_s/chunk_state_probe/generate_sequences:6.456 - timing_s/chunk_state_probe/reshard:0.553 - timing_s/chunk_state_probe:7.257 - timing_s/chunk_state_score:8.408 - timing_s/chunk_state_build_actor_batch:0.007 - timing_s/chunk_state_ref:4.156 - timing_s/update_actor:1.290 - timing_per_token_ms/gen:0.043 - timing_per_token_ms/update_actor:0.001[36m(TaskRunner pid=562575)[0m Training Progress:  33%|███▎      | 1/3 [01:48<03:36, 108.23s/it]
[36m(TaskRunner pid=562575)[0m <string>:1: SymPyDeprecationWarning: 
[36m(TaskRunner pid=562575)[0m 
[36m(TaskRunner pid=562575)[0m Using non-Expr arguments in Pow is deprecated (in this case, one of the
[36m(TaskRunner pid=562575)[0m arguments is of type 'FiniteSet').
[36m(TaskRunner pid=562575)[0m 
[36m(TaskRunner pid=562575)[0m If you really did intend to construct a power with this base, use the **
[36m(TaskRunner pid=562575)[0m operator instead.
[36m(TaskRunner pid=562575)[0m 
[36m(TaskRunner pid=562575)[0m See https://docs.sympy.org/latest/explanation/active-deprecations.html#non-expr-args-deprecated
[36m(TaskRunner pid=562575)[0m for details.
[36m(TaskRunner pid=562575)[0m 
[36m(TaskRunner pid=562575)[0m This has been deprecated since SymPy version 1.7. It
[36m(TaskRunner pid=562575)[0m will be removed in a future version of SymPy.
[36m(TaskRunner pid=562575)[0m 
[36m(TaskRunner pid=562575)[0m /mlx_devbox/users/quyanyi/playground/.venvs/ttrl_b200/lib/python3.11/site-packages/sympy/core/power.py:1257: SymPyDeprecationWarning: 
[36m(TaskRunner pid=562575)[0m 
[36m(TaskRunner pid=562575)[0m Using non-Expr arguments in Pow is deprecated (in this case, one of the
[36m(TaskRunner pid=562575)[0m arguments is of type 'FiniteSet').
[36m(TaskRunner pid=562575)[0m 
[36m(TaskRunner pid=562575)[0m If you really did intend to construct a power with this base, use the **
[36m(TaskRunner pid=562575)[0m operator instead.
[36m(TaskRunner pid=562575)[0m 
[36m(TaskRunner pid=562575)[0m See https://docs.sympy.org/latest/explanation/active-deprecations.html#non-expr-args-deprecated
[36m(TaskRunner pid=562575)[0m for details.
[36m(TaskRunner pid=562575)[0m 
[36m(TaskRunner pid=562575)[0m This has been deprecated since SymPy version 1.7. It
[36m(TaskRunner pid=562575)[0m will be removed in a future version of SymPy.
[36m(TaskRunner pid=562575)[0m 
[36m(TaskRunner pid=562575)[0m   p = self.func(*self.as_base_exp())  # in case it's unevaluated
[36m(TaskRunner pid=562575)[0m <string>:1: SymPyDeprecationWarning: 
[36m(TaskRunner pid=562575)[0m 
[36m(TaskRunner pid=562575)[0m Using non-Expr arguments in Pow is deprecated (in this case, one of the
[36m(TaskRunner pid=562575)[0m arguments is of type 'FiniteSet').
[36m(TaskRunner pid=562575)[0m 
[36m(TaskRunner pid=562575)[0m If you really did intend to construct a power with this base, use the **
[36m(TaskRunner pid=562575)[0m operator instead.
[36m(TaskRunner pid=562575)[0m 
[36m(TaskRunner pid=562575)[0m See https://docs.sympy.org/latest/explanation/active-deprecations.html#non-expr-args-deprecated
[36m(TaskRunner pid=562575)[0m for details.
[36m(TaskRunner pid=562575)[0m 
[36m(TaskRunner pid=562575)[0m This has been deprecated since SymPy version 1.7. It
[36m(TaskRunner pid=562575)[0m will be removed in a future version of SymPy.
[36m(TaskRunner pid=562575)[0m 
[36m(TaskRunner pid=562575)[0m /mlx_devbox/users/quyanyi/playground/.venvs/ttrl_b200/lib/python3.11/site-packages/sympy/core/power.py:1257: SymPyDeprecationWarning: 
[36m(TaskRunner pid=562575)[0m 
[36m(TaskRunner pid=562575)[0m Using non-Expr arguments in Pow is deprecated (in this case, one of the
[36m(TaskRunner pid=562575)[0m arguments is of type 'FiniteSet').
[36m(TaskRunner pid=562575)[0m 
[36m(TaskRunner pid=562575)[0m If you really did intend to construct a power with this base, use the **
[36m(TaskRunner pid=562575)[0m operator instead.
[36m(TaskRunner pid=562575)[0m 
[36m(TaskRunner pid=562575)[0m See https://docs.sympy.org/latest/explanation/active-deprecations.html#non-expr-args-deprecated
[36m(TaskRunner pid=562575)[0m for details.
[36m(TaskRunner pid=562575)[0m 
[36m(TaskRunner pid=562575)[0m This has been deprecated since SymPy version 1.7. It
[36m(TaskRunner pid=562575)[0m will be removed in a future version of SymPy.
[36m(TaskRunner pid=562575)[0m 
[36m(TaskRunner pid=562575)[0m   p = self.func(*self.as_base_exp())  # in case it's unevaluated

[36m(TaskRunner pid=562575)[0m [Shutdown] 64 subprocess(es) terminated.
[36m(TaskRunner pid=562575)[0m [Shutdown] 5 subprocess(es) terminated.
[36m(TaskRunner pid=562575)[0m [Shutdown] 2 subprocess(es) terminated.
[36m(TaskRunner pid=562575)[0m step:2 - chunk_state_source/selected_original_acc_mean:0.875 - chunk_state_source/prompt_original_pass:0.938 - chunk_state_source/prompt_original_mean:0.309 - chunk_state_source/selected_majority_consistent_mean:1.000 - chunk_state_source/prompt_majority_ratio_mean:0.330 - chunk_state_source/prompt_majority_pass:1.000 - chunk_state_source_chunk/enabled:1.000 - chunk_state_source_chunk/injected_ratio:1.000 - chunk_state_source_chunk/mean_len:128.000 - chunk_state_source_chunk/candidate_index:0.000 - chunk_state_support_anchor/enabled:1.000 - chunk_state_support_anchor/count:7.000 - chunk_state_support_anchor/candidate_start:1.000 - chunk_state_support_anchor/min_mass:0.031 - chunk_state_support_anchor/selection_mode_answer_stratified:0.000 - chunk_state_support_anchor/prefix_compat_enable:1.000 - chunk_state_support_anchor/prefix_compat_mode_hard:0.000 - chunk_state_support_anchor/prefix_compat_mode_soft:1.000 - chunk_state_support_anchor/prefix_compat_tokens:64.000 - chunk_state_support_anchor/min_prefix_match:0.750 - chunk_state_support_anchor/prefix_score_power:0.500 - chunk_state_support_anchor/skip_source:1.000 - chunk_state_support_anchor/injected_ratio:0.482 - chunk_state_support_anchor/state_keep_ratio:1.000 - chunk_state_support_anchor/skipped_no_anchor_ratio:0.000 - chunk_state_support_anchor/skipped_by_compat_ratio:0.000 - chunk_state_support_anchor/skipped_source_ratio:0.031 - chunk_state_support_anchor/score_mean:0.006 - chunk_state_support_anchor/positive_candidate_ratio:0.422 - chunk_state_support_anchor/prefix_match_mean:0.015 - chunk_state_support_anchor/prefix_match_min:0.000 - chunk_state_support_anchor/anchor_mass_mean:0.099 - chunk_state_support_anchor/anchor_mass_max:0.724 - chunk_state_support_anchor/anchor_len_mean:103.593 - chunk_state_support_anchor/unique_answer_ratio:0.982 - chunk_state_support_anchor/selected_rank_mean:1.741 - chunk_state_future_support_gain/group_size:32.000 - chunk_state_future_support_gain/min_mass:0.031 - chunk_state_future_support_gain/max_mass_coef:0.250 - chunk_state_future_support_gain/score_type_slack_gain:0.000 - chunk_state_future_support_gain/score_type_positive_gain:0.000 - chunk_state_future_support_gain/score_type_relative_positive_gain:0.000 - chunk_state_future_support_gain/score_type_tv_positive_gain:0.000 - chunk_state_future_support_gain/score_type_relative_tv_positive_gain:0.000 - chunk_state_future_support_gain/score_type_transport_affinity:0.000 - chunk_state_future_support_gain/score_type_transport_positive_gain:0.000 - chunk_state_future_support_gain/score_type_transport_support_gain:0.000 - chunk_state_future_support_gain/score_type_smoothed_transport_affinity:0.000 - chunk_state_future_support_gain/score_type_smoothed_transport_positive_gain:0.000 - chunk_state_future_support_gain/score_type_smoothed_transport_support_gain:0.000 - chunk_state_future_support_gain/score_type_support_value_affinity:0.000 - chunk_state_future_support_gain/score_type_support_distribution_match:1.000 - chunk_state_future_support_gain/score_type_posterior_support_match:0.000 - chunk_state_future_support_gain/score_type_posterior_value_improvement:0.000 - chunk_state_future_support_gain/gain_slack:0.125 - chunk_state_future_support_gain/baseline_scale:1.000 - chunk_state_future_support_gain/source_prior_weight:1.000 - chunk_state_future_support_gain/anchor_prior_weight:0.000 - chunk_state_future_support_gain/anchor_prior_power:1.000 - chunk_state_future_support_gain/anchor_prior_mean:1.000 - chunk_state_future_support_gain/anchor_prior_max:1.000 - chunk_state_future_support_gain/prior_smoothing:4.000 - chunk_state_future_support_gain/min_positive_margin:0.000 - chunk_state_future_support_gain/min_state_coverage:0.125 - chunk_state_future_support_gain/max_state_oov:0.875 - chunk_state_future_support_gain/min_state_mean_mass:0.015 - chunk_state_future_support_gain/min_state_max_mass:0.031 - chunk_state_future_support_gain/min_state_top_margin:0.001 - chunk_state_future_support_gain/min_candidate_coverage:0.000 - chunk_state_future_support_gain/min_candidate_mean_mass:0.000 - chunk_state_future_support_gain/source_mass_mean:0.749 - chunk_state_future_support_gain/prompt_top_mass_mean:0.749 - chunk_state_future_support_gain/support_coverage_mean:0.324 - chunk_state_future_support_gain/candidate_coverage_mean:0.324 - chunk_state_future_support_gain/candidate_quality_keep_ratio:1.000 - chunk_state_future_support_gain/mean_mass_mean:0.239 - chunk_state_future_support_gain/max_mass_mean:0.694 - chunk_state_future_support_gain/raw_gain_mean:-0.406 - chunk_state_future_support_gain/source_tv_mean:0.251 - chunk_state_future_support_gain/candidate_tv_mean:0.599 - chunk_state_future_support_gain/source_oov_tv_mean:0.251 - chunk_state_future_support_gain/candidate_oov_tv_mean:0.716 - chunk_state_future_support_gain/transport_affinity_mean:0.284 - chunk_state_future_support_gain/smoothed_candidate_oov_tv_mean:0.358 - chunk_state_future_support_gain/smoothed_transport_affinity_mean:0.642 - chunk_state_future_support_gain/support_expected_value_mean:0.239 - chunk_state_future_support_gain/support_overlap_mean:0.284 - chunk_state_future_support_gain/smoothed_support_expected_value_mean:0.418 - chunk_state_future_support_gain/smoothed_support_overlap_mean:0.642 - chunk_state_future_support_gain/candidate_entropy_mean:0.690 - chunk_state_future_support_gain/tv_gain_mean:-0.348 - chunk_state_future_support_gain/transport_gain_mean:-0.465 - chunk_state_future_support_gain/smoothed_transport_gain_mean:-0.107 - chunk_state_future_support_gain/score_mean_before_candidate_filter:0.213 - chunk_state_future_support_gain/score_mean:0.213 - chunk_state_future_support_gain/label_consistent_ratio_before_candidate_filter:0.594 - chunk_state_future_support_gain/label_consistent_ratio:0.594 - chunk_state_future_support_gain/improved_state_ratio:1.000 - chunk_state_future_support_gain/positive_margin_mean:0.526 - chunk_state_future_support_gain/state_oov_mean:0.676 - chunk_state_future_support_gain/state_mean_mass_mean:0.239 - chunk_state_future_support_gain/state_max_mass_mean:0.694 - chunk_state_future_support_gain/state_top_margin_mean:0.127 - chunk_state_future_support_gain/soft_weight_mean:0.254 - chunk_state_future_support_gain/learnable_state_keep_ratio:0.375 - chunk_state_future_support_gain/state_keep_ratio:0.375 - chunk_state_probe/raw_positive_ratio:0.213 - chunk_state_score/mode_majority_completion:0.000 - chunk_state_score/mode_answer_consensus:0.000 - chunk_state_score/mode_answer_distribution:0.000 - chunk_state_score/mode_answer_value_gain:0.000 - chunk_state_score/mode_answer_value_margin:0.000 - chunk_state_score/mode_answer_support_mass:0.000 - chunk_state_score/mode_future_support_gain:1.000 - chunk_state_score/mode_support_anchor:0.000 - chunk_state_score/mode_support_flow:0.000 - chunk_state_score/mode_answer_source_consistency:0.000 - chunk_state_probe/samples:4.000 - chunk_state_diag/boundary_mean:704.000 - chunk_state_diag/boundary_min:256.000 - chunk_state_diag/boundary_max:1024.000 - chunk_state_diag/boundary_zero_ratio:0.000 - chunk_state_diag/skipped_short_sources:0.000 - chunk_state_diag/skipped_support_sources:28.000 - chunk_state_diag/majority_consistent_fallbacks:3.000 - chunk_state_diag/support_low_fallbacks:0.000 - chunk_state_diag/real_state_count:4.000 - chunk_state_diag/pad_state_count:4.000 - chunk_state_diag/loss_weight_mean:0.500 - chunk_state_diag/source_response_len_mean:2868.375 - chunk_state_diag/probe_score_std:0.252 - chunk_state_diag/state_probe_mean_max:0.386 - chunk_state_diag/state_probe_mean_min:0.002 - chunk_state_diag/state_all_positive_ratio:0.000 - chunk_state_diag/state_all_negative_ratio:0.000 - chunk_state_diag/state_mixed_ratio:1.000 - chunk_state_diag/source_majority_consistent_mean:1.000 - chunk_state_diag/source_prompt_majority_ratio_mean:0.660 - chunk_state_diag/source_answer_mass_mean:0.749 - chunk_state_diag/source_answer_mass_min:0.469 - chunk_state_diag/source_prompt_top_mass_mean:0.749 - chunk_state_diag/source_prompt_top_mass_min:0.469 - chunk_state_diag/prompt_valid_answer_coverage_mean:0.887 - chunk_state_diag/prompt_answer_top_margin_mean:0.666 - chunk_state_diag/prompt_answer_entropy_mean:0.934 - chunk_state_diag/source_pseudo_acc_mean:1.000 - chunk_state_diag/source_original_acc_mean:0.875 - chunk_state_diag/prompt_pseudo_mean:0.660 - chunk_state_diag/prompt_original_mean:0.645 - chunk_state_diag/prompt_original_pass:1.000 - chunk_state_diag/probe_mean_source_original_correct:0.243 - chunk_state_diag/probe_mean_source_original_wrong:0.002 - chunk_state_diag/source_original_correct_ratio:0.875 - chunk_state_diag/jsonl_rows:8.000 - chunk_state/num_states:8.000 - chunk_state/real_states:4.000 - chunk_state/pad_states:4.000 - chunk_state/num_candidates:64.000 - chunk_state/num_actor_samples:16.000 - chunk_state/loss_weight_mean:0.226 - chunk_state/base_loss_weight_mean:0.500 - chunk_state/zeroed_state_ratio:0.750 - chunk_state/confidence_gate_ratio:0.750 - chunk_state/confidence_weight_mean:1.000 - chunk_state/min_state_positive_margin:-1.000 - chunk_state/future_support_keep_mode_hard:0.000 - chunk_state/future_support_keep_mode_soft:1.000 - chunk_state/future_support_keep_mode_off:0.000 - chunk_state/future_support_soft_weight_mean:0.254 - chunk_state/future_support_state_weight_mean:0.257 - chunk_state/future_support_soft_weight_floor:0.020 - chunk_state/future_support_keep_ratio:0.375 - chunk_state/source_quality_weight_mode_off:1.000 - chunk_state/source_quality_weight_mode_source_mass:0.000 - chunk_state/source_quality_weight_mode_prompt_top_mass:0.000 - chunk_state/source_quality_weight_mode_product:0.000 - chunk_state/source_quality_weight_mode_prompt_valid_answer_coverage:0.000 - chunk_state/source_quality_weight_mode_prompt_top_margin:0.000 - chunk_state/source_quality_weight_mode_coverage_margin_product:0.000 - chunk_state/source_quality_weight_mode_group_quality:0.000 - chunk_state/source_quality_weight_mean:1.000 - chunk_state/source_quality_weight_floor:0.000 - chunk_state/source_quality_weight_power:1.000 - chunk_state/source_quality_max_entropy:0.000 - chunk_state/source_answer_mass_mean:0.749 - chunk_state/source_prompt_top_mass_mean:0.749 - chunk_state/prompt_valid_answer_coverage_mean:0.887 - chunk_state/prompt_answer_top_margin_mean:0.666 - chunk_state/prompt_answer_entropy_mean:0.934 - chunk_state/majority_ratio_mean:0.749 - chunk_state/answer_coverage_mean:0.324 - chunk_state/answer_coverage_weighted_mean:0.299 - chunk_state/positive_margin_mean:0.526 - chunk_state/positive_margin_weighted_mean:0.593 - chunk_state/positive_ratio:0.213 - chunk_state/label_consistent_only:0.000 - chunk_state/zero_inconsistent_candidates:0.000 - chunk_state/prune_zero_weight_samples:1.000 - chunk_state/prune_padded_to_shards:0.000 - chunk_state/pruned_sample_ratio:0.750 - chunk_state/label_consistent_ratio:0.594 - chunk_state/informative_ratio:1.000 - chunk_state/kept_state_ratio:0.750 - chunk_state/target_entropy:1.402 - chunk_state/target_prior_mean:1.000 - chunk_state/target_prior_max:1.000 - chunk_state/weight_max:0.739 - chunk_state/weight_min:0.001 - chunk_state/powerflow_weight_clip:4.000 - chunk_state/powerflow_weight_clip_renorm:1.000 - chunk_state/powerflow_weight_before_clip_max:1.243 - chunk_state/powerflow_weight_before_clip_mean:0.226 - chunk_state/powerflow_weight_mean:0.906 - chunk_state/powerflow_weight_max:4.000 - chunk_state/powerflow_weight_min:0.020 - chunk_state/boxed_reward_mean:0.168 - chunk_state/boxed_reward_weighted_mean:0.493 - chunk_state/actor_batch_powerflow_weight_nonzero_ratio:1.000 - chunk_state/actor_batch_powerflow_weight_shard0_mean:2.027 - chunk_state/actor_batch_powerflow_weight_shard0_nonzero_ratio:1.000 - chunk_state/actor_batch_powerflow_weight_shard_mean_low:0.144 - chunk_state/actor_batch_powerflow_weight_shard_mean_high:2.027 - chunk_state/actor_batch_powerflow_weight_zero_shard_ratio:0.000 - chunk_state_actor_span/mode_chunk:1.000 - chunk_state_actor_span/response_len_mean:117.703 - chunk_state_actor_span/truncated_ratio:0.000 - actor/pg_loss:0.451 - actor/powerflow_loss:0.451 - actor/log_prob:-0.395 - actor/old_log_prob:0.000 - actor/ref_log_prob:-0.395 - actor/ref_log_prob/std:0.000 - actor/boxed_reward/mean:0.306 - actor/boxed_reward/min:0.014 - actor/boxed_reward/max:0.598 - actor/powerflow_weight/mean:2.027 - actor/powerflow_weight/min:0.054 - actor/powerflow_weight/max:4.000 - actor/powerflow_weight/nonzero_ratio:1.000 - actor/powerflow_local_batch_size:1.000 - actor/log_z:-0.542 - actor/importance_weight:0.800 - actor/powerflow_chunk_loss_target_only:0.000 - actor/ppo_kl:0.395 - actor/ref_kl:-0.000 - actor/beta_coef:4.000 - actor/cispo_mask_ratio:0.164 - actor/cispo_dropped_tokens:21.000 - actor/condition_1_count:0.000 - actor/condition_2_count:21.000 - actor/pg_clipfrac:0.000 - actor/pg_clipfrac_lower:0.000 - actor/grad_norm:6.860 - perf/mfu/actor:0.000 - perf/max_memory_allocated_gb:166.224 - perf/max_memory_reserved_gb:176.207 - perf/cpu_memory_used_gb:791.502 - actor/lr:0.000 - timing_s/generate_sequences:17.825 - timing_s/reshard:0.416 - timing_s/gen:22.510 - timing_s/chunk_state_make_states:0.020 - timing_s/chunk_state_chunks/generate_sequences:0.528 - timing_s/chunk_state_chunks/reshard:0.395 - timing_s/chunk_state_chunks:0.972 - timing_s/chunk_state_probe/generate_sequences:6.414 - timing_s/chunk_state_probe/reshard:0.370 - timing_s/chunk_state_probe:7.154 - timing_s/chunk_state_score:6.544 - timing_s/chunk_state_build_actor_batch:0.006 - timing_s/chunk_state_ref:0.268 - timing_s/update_actor:0.695 - timing_per_token_ms/gen:0.021 - timing_per_token_ms/update_actor:0.001[36m(TaskRunner pid=562575)[0m Training Progress:  67%|██████▋   | 2/3 [02:36<01:13, 73.02s/it] 
[36m(TaskRunner pid=562575)[0m <string>:1: SymPyDeprecationWarning: 
[36m(TaskRunner pid=562575)[0m 
[36m(TaskRunner pid=562575)[0m Using non-Expr arguments in Pow is deprecated (in this case, one of the
[36m(TaskRunner pid=562575)[0m arguments is of type 'FiniteSet').
[36m(TaskRunner pid=562575)[0m 
[36m(TaskRunner pid=562575)[0m If you really did intend to construct a power with this base, use the **
[36m(TaskRunner pid=562575)[0m operator instead.
[36m(TaskRunner pid=562575)[0m 
[36m(TaskRunner pid=562575)[0m See https://docs.sympy.org/latest/explanation/active-deprecations.html#non-expr-args-deprecated
[36m(TaskRunner pid=562575)[0m for details.
[36m(TaskRunner pid=562575)[0m 
[36m(TaskRunner pid=562575)[0m This has been deprecated since SymPy version 1.7. It
[36m(TaskRunner pid=562575)[0m will be removed in a future version of SymPy.
[36m(TaskRunner pid=562575)[0m 
[36m(TaskRunner pid=562575)[0m <string>:1: SymPyDeprecationWarning: 
[36m(TaskRunner pid=562575)[0m 
[36m(TaskRunner pid=562575)[0m Using non-Expr arguments in Pow is deprecated (in this case, one of the
[36m(TaskRunner pid=562575)[0m arguments is of type 'FiniteSet').
[36m(TaskRunner pid=562575)[0m 
[36m(TaskRunner pid=562575)[0m If you really did intend to construct a power with this base, use the **
[36m(TaskRunner pid=562575)[0m operator instead.
[36m(TaskRunner pid=562575)[0m 
[36m(TaskRunner pid=562575)[0m See https://docs.sympy.org/latest/explanation/active-deprecations.html#non-expr-args-deprecated
[36m(TaskRunner pid=562575)[0m for details.
[36m(TaskRunner pid=562575)[0m 
[36m(TaskRunner pid=562575)[0m This has been deprecated since SymPy version 1.7. It
[36m(TaskRunner pid=562575)[0m will be removed in a future version of SymPy.
[36m(TaskRunner pid=562575)[0m 
[36m(TaskRunner pid=562575)[0m /mlx_devbox/users/quyanyi/playground/.venvs/ttrl_b200/lib/python3.11/site-packages/sympy/simplify/simplify.py:1766: SymPyDeprecationWarning: 
[36m(TaskRunner pid=562575)[0m 
[36m(TaskRunner pid=562575)[0m Using non-Expr arguments in Pow is deprecated (in this case, one of the
[36m(TaskRunner pid=562575)[0m arguments is of type 'FiniteSet').
[36m(TaskRunner pid=562575)[0m 
[36m(TaskRunner pid=562575)[0m If you really did intend to construct a power with this base, use the **
[36m(TaskRunner pid=562575)[0m operator instead.
[36m(TaskRunner pid=562575)[0m 
[36m(TaskRunner pid=562575)[0m See https://docs.sympy.org/latest/explanation/active-deprecations.html#non-expr-args-deprecated
[36m(TaskRunner pid=562575)[0m for details.
[36m(TaskRunner pid=562575)[0m 
[36m(TaskRunner pid=562575)[0m This has been deprecated since SymPy version 1.7. It
[36m(TaskRunner pid=562575)[0m will be removed in a future version of SymPy.
[36m(TaskRunner pid=562575)[0m 
[36m(TaskRunner pid=562575)[0m   return _Pow(nc_simplify(args[0]), args[1]).doit()
[36m(TaskRunner pid=562575)[0m <string>:1: SymPyDeprecationWarning: 
[36m(TaskRunner pid=562575)[0m 
[36m(TaskRunner pid=562575)[0m Using non-Expr arguments in Pow is deprecated (in this case, one of the
[36m(TaskRunner pid=562575)[0m arguments is of type 'FiniteSet').
[36m(TaskRunner pid=562575)[0m 
[36m(TaskRunner pid=562575)[0m If you really did intend to construct a power with this base, use the **
[36m(TaskRunner pid=562575)[0m operator instead.
[36m(TaskRunner pid=562575)[0m 
[36m(TaskRunner pid=562575)[0m See https://docs.sympy.org/latest/explanation/active-deprecations.html#non-expr-args-deprecated
[36m(TaskRunner pid=562575)[0m for details.
[36m(TaskRunner pid=562575)[0m 
[36m(TaskRunner pid=562575)[0m This has been deprecated since SymPy version 1.7. It
[36m(TaskRunner pid=562575)[0m will be removed in a future version of SymPy.
[36m(TaskRunner pid=562575)[0m 
[36m(TaskRunner pid=562575)[0m <string>:1: SymPyDeprecationWarning: 
[36m(TaskRunner pid=562575)[0m 
[36m(TaskRunner pid=562575)[0m Using non-Expr arguments in Pow is deprecated (in this case, one of the
[36m(TaskRunner pid=562575)[0m arguments is of type 'FiniteSet').
[36m(TaskRunner pid=562575)[0m 
[36m(TaskRunner pid=562575)[0m If you really did intend to construct a power with this base, use the **
[36m(TaskRunner pid=562575)[0m operator instead.
[36m(TaskRunner pid=562575)[0m 
[36m(TaskRunner pid=562575)[0m See https://docs.sympy.org/latest/explanation/active-deprecations.html#non-expr-args-deprecated
[36m(TaskRunner pid=562575)[0m for details.
[36m(TaskRunner pid=562575)[0m 
[36m(TaskRunner pid=562575)[0m This has been deprecated since SymPy version 1.7. It
[36m(TaskRunner pid=562575)[0m will be removed in a future version of SymPy.
[36m(TaskRunner pid=562575)[0m 
[36m(TaskRunner pid=562575)[0m <string>:1: SymPyDeprecationWarning: 
[36m(TaskRunner pid=562575)[0m 
[36m(TaskRunner pid=562575)[0m Using non-Expr arguments in Pow is deprecated (in this case, one of the
[36m(TaskRunner pid=562575)[0m arguments is of type 'FiniteSet').
[36m(TaskRunner pid=562575)[0m 
[36m(TaskRunner pid=562575)[0m If you really did intend to construct a power with this base, use the **
[36m(TaskRunner pid=562575)[0m operator instead.
[36m(TaskRunner pid=562575)[0m 
[36m(TaskRunner pid=562575)[0m See https://docs.sympy.org/latest/explanation/active-deprecations.html#non-expr-args-deprecated
[36m(TaskRunner pid=562575)[0m for details.
[36m(TaskRunner pid=562575)[0m 
[36m(TaskRunner pid=562575)[0m This has been deprecated since SymPy version 1.7. It
[36m(TaskRunner pid=562575)[0m will be removed in a future version of SymPy.
[36m(TaskRunner pid=562575)[0m 
[36m(TaskRunner pid=562575)[0m <string>:1: SymPyDeprecationWarning: 
[36m(TaskRunner pid=562575)[0m 
[36m(TaskRunner pid=562575)[0m Using non-Expr arguments in Pow is deprecated (in this case, one of the
[36m(TaskRunner pid=562575)[0m arguments is of type 'FiniteSet').
[36m(TaskRunner pid=562575)[0m 
[36m(TaskRunner pid=562575)[0m If you really did intend to construct a power with this base, use the **
[36m(TaskRunner pid=562575)[0m operator instead.
[36m(TaskRunner pid=562575)[0m 
[36m(TaskRunner pid=562575)[0m See https://docs.sympy.org/latest/explanation/active-deprecations.html#non-expr-args-deprecated
[36m(TaskRunner pid=562575)[0m for details.
[36m(TaskRunner pid=562575)[0m 
[36m(TaskRunner pid=562575)[0m This has been deprecated since SymPy version 1.7. It
[36m(TaskRunner pid=562575)[0m will be removed in a future version of SymPy.
[36m(TaskRunner pid=562575)[0m 
[36m(TaskRunner pid=562575)[0m <string>:1: SymPyDeprecationWarning: 
[36m(TaskRunner pid=562575)[0m 
[36m(TaskRunner pid=562575)[0m Using non-Expr arguments in Pow is deprecated (in this case, one of the
[36m(TaskRunner pid=562575)[0m arguments is of type 'FiniteSet').
[36m(TaskRunner pid=562575)[0m 
[36m(TaskRunner pid=562575)[0m If you really did intend to construct a power with this base, use the **
[36m(TaskRunner pid=562575)[0m operator instead.
[36m(TaskRunner pid=562575)[0m 
[36m(TaskRunner pid=562575)[0m See https://docs.sympy.org/latest/explanation/active-deprecations.html#non-expr-args-deprecated
[36m(TaskRunner pid=562575)[0m for details.
[36m(TaskRunner pid=562575)[0m 
[36m(TaskRunner pid=562575)[0m This has been deprecated since SymPy version 1.7. It
[36m(TaskRunner pid=562575)[0m will be removed in a future version of SymPy.
[36m(TaskRunner pid=562575)[0m 
[36m(TaskRunner pid=562575)[0m /mlx_devbox/users/quyanyi/playground/.venvs/ttrl_b200/lib/python3.11/site-packages/sympy/simplify/simplify.py:1766: SymPyDeprecationWarning: 
[36m(TaskRunner pid=562575)[0m 
[36m(TaskRunner pid=562575)[0m Using non-Expr arguments in Pow is deprecated (in this case, one of the
[36m(TaskRunner pid=562575)[0m arguments is of type 'FiniteSet').
[36m(TaskRunner pid=562575)[0m 
[36m(TaskRunner pid=562575)[0m If you really did intend to construct a power with this base, use the **
[36m(TaskRunner pid=562575)[0m operator instead.
[36m(TaskRunner pid=562575)[0m 
[36m(TaskRunner pid=562575)[0m See https://docs.sympy.org/latest/explanation/active-deprecations.html#non-expr-args-deprecated
[36m(TaskRunner pid=562575)[0m for details.
[36m(TaskRunner pid=562575)[0m 
[36m(TaskRunner pid=562575)[0m This has been deprecated since SymPy version 1.7. It
[36m(TaskRunner pid=562575)[0m will be removed in a future version of SymPy.
[36m(TaskRunner pid=562575)[0m 
[36m(TaskRunner pid=562575)[0m   return _Pow(nc_simplify(args[0]), args[1]).doit()
[36m(TaskRunner pid=562575)[0m <string>:1: SymPyDeprecationWarning: 
[36m(TaskRunner pid=562575)[0m 
[36m(TaskRunner pid=562575)[0m Using non-Expr arguments in Pow is deprecated (in this case, one of the
[36m(TaskRunner pid=562575)[0m arguments is of type 'FiniteSet').
[36m(TaskRunner pid=562575)[0m 
[36m(TaskRunner pid=562575)[0m If you really did intend to construct a power with this base, use the **
[36m(TaskRunner pid=562575)[0m operator instead.
[36m(TaskRunner pid=562575)[0m 
[36m(TaskRunner pid=562575)[0m See https://docs.sympy.org/latest/explanation/active-deprecations.html#non-expr-args-deprecated
[36m(TaskRunner pid=562575)[0m for details.
[36m(TaskRunner pid=562575)[0m 
[36m(TaskRunner pid=562575)[0m This has been deprecated since SymPy version 1.7. It
[36m(TaskRunner pid=562575)[0m will be removed in a future version of SymPy.
[36m(TaskRunner pid=562575)[0m 
[36m(TaskRunner pid=562575)[0m <string>:1: SymPyDeprecationWarning: 
[36m(TaskRunner pid=562575)[0m 
[36m(TaskRunner pid=562575)[0m Using non-Expr arguments in Pow is deprecated (in this case, one of the
[36m(TaskRunner pid=562575)[0m arguments is of type 'FiniteSet').
[36m(TaskRunner pid=562575)[0m 
[36m(TaskRunner pid=562575)[0m If you really did intend to construct a power with this base, use the **
[36m(TaskRunner pid=562575)[0m operator instead.
[36m(TaskRunner pid=562575)[0m 
[36m(TaskRunner pid=562575)[0m See https://docs.sympy.org/latest/explanation/active-deprecations.html#non-expr-args-deprecated
[36m(TaskRunner pid=562575)[0m for details.
[36m(TaskRunner pid=562575)[0m 
[36m(TaskRunner pid=562575)[0m This has been deprecated since SymPy version 1.7. It
[36m(TaskRunner pid=562575)[0m will be removed in a future version of SymPy.
[36m(TaskRunner pid=562575)[0m 
[36m(TaskRunner pid=562575)[0m <string>:1: SymPyDeprecationWarning: 
[36m(TaskRunner pid=562575)[0m 
[36m(TaskRunner pid=562575)[0m Using non-Expr arguments in Pow is deprecated (in this case, one of the
[36m(TaskRunner pid=562575)[0m arguments is of type 'FiniteSet').
[36m(TaskRunner pid=562575)[0m 
[36m(TaskRunner pid=562575)[0m If you really did intend to construct a power with this base, use the **
[36m(TaskRunner pid=562575)[0m operator instead.
[36m(TaskRunner pid=562575)[0m 
[36m(TaskRunner pid=562575)[0m See https://docs.sympy.org/latest/explanation/active-deprecations.html#non-expr-args-deprecated
[36m(TaskRunner pid=562575)[0m for details.
[36m(TaskRunner pid=562575)[0m 
[36m(TaskRunner pid=562575)[0m This has been deprecated since SymPy version 1.7. It
[36m(TaskRunner pid=562575)[0m will be removed in a future version of SymPy.
[36m(TaskRunner pid=562575)[0m 
[36m(TaskRunner pid=562575)[0m <string>:1: SymPyDeprecationWarning: 
[36m(TaskRunner pid=562575)[0m 
[36m(TaskRunner pid=562575)[0m Using non-Expr arguments in Pow is deprecated (in this case, one of the
[36m(TaskRunner pid=562575)[0m arguments is of type 'FiniteSet').
[36m(TaskRunner pid=562575)[0m 
[36m(TaskRunner pid=562575)[0m If you really did intend to construct a power with this base, use the **
[36m(TaskRunner pid=562575)[0m operator instead.
[36m(TaskRunner pid=562575)[0m 
[36m(TaskRunner pid=562575)[0m See https://docs.sympy.org/latest/explanation/active-deprecations.html#non-expr-args-deprecated
[36m(TaskRunner pid=562575)[0m for details.
[36m(TaskRunner pid=562575)[0m 
[36m(TaskRunner pid=562575)[0m This has been deprecated since SymPy version 1.7. It
[36m(TaskRunner pid=562575)[0m will be removed in a future version of SymPy.
[36m(TaskRunner pid=562575)[0m 
[36m(TaskRunner pid=562575)[0m <string>:1: SymPyDeprecationWarning: 
[36m(TaskRunner pid=562575)[0m 
[36m(TaskRunner pid=562575)[0m Using non-Expr arguments in Pow is deprecated (in this case, one of the
[36m(TaskRunner pid=562575)[0m arguments is of type 'FiniteSet').
[36m(TaskRunner pid=562575)[0m 
[36m(TaskRunner pid=562575)[0m If you really did intend to construct a power with this base, use the **
[36m(TaskRunner pid=562575)[0m operator instead.
[36m(TaskRunner pid=562575)[0m 
[36m(TaskRunner pid=562575)[0m See https://docs.sympy.org/latest/explanation/active-deprecations.html#non-expr-args-deprecated
[36m(TaskRunner pid=562575)[0m for details.
[36m(TaskRunner pid=562575)[0m 
[36m(TaskRunner pid=562575)[0m This has been deprecated since SymPy version 1.7. It
[36m(TaskRunner pid=562575)[0m will be removed in a future version of SymPy.
[36m(TaskRunner pid=562575)[0m 
[36m(TaskRunner pid=562575)[0m <string>:1: SymPyDeprecationWarning: 
[36m(TaskRunner pid=562575)[0m 
[36m(TaskRunner pid=562575)[0m Using non-Expr arguments in Pow is deprecated (in this case, one of the
[36m(TaskRunner pid=562575)[0m arguments is of type 'FiniteSet').
[36m(TaskRunner pid=562575)[0m 
[36m(TaskRunner pid=562575)[0m If you really did intend to construct a power with this base, use the **
[36m(TaskRunner pid=562575)[0m operator instead.
[36m(TaskRunner pid=562575)[0m 
[36m(TaskRunner pid=562575)[0m See https://docs.sympy.org/latest/explanation/active-deprecations.html#non-expr-args-deprecated
[36m(TaskRunner pid=562575)[0m for details.
[36m(TaskRunner pid=562575)[0m 
[36m(TaskRunner pid=562575)[0m This has been deprecated since SymPy version 1.7. It
[36m(TaskRunner pid=562575)[0m will be removed in a future version of SymPy.
[36m(TaskRunner pid=562575)[0m 
[36m(TaskRunner pid=562575)[0m <string>:1: SymPyDeprecationWarning: 
[36m(TaskRunner pid=562575)[0m 
[36m(TaskRunner pid=562575)[0m Using non-Expr arguments in Pow is deprecated (in this case, one of the
[36m(TaskRunner pid=562575)[0m arguments is of type 'FiniteSet').
[36m(TaskRunner pid=562575)[0m 
[36m(TaskRunner pid=562575)[0m If you really did intend to construct a power with this base, use the **
[36m(TaskRunner pid=562575)[0m operator instead.
[36m(TaskRunner pid=562575)[0m 
[36m(TaskRunner pid=562575)[0m See https://docs.sympy.org/latest/explanation/active-deprecations.html#non-expr-args-deprecated
[36m(TaskRunner pid=562575)[0m for details.
[36m(TaskRunner pid=562575)[0m 
[36m(TaskRunner pid=562575)[0m This has been deprecated since SymPy version 1.7. It
[36m(TaskRunner pid=562575)[0m will be removed in a future version of SymPy.
[36m(TaskRunner pid=562575)[0m 

[36m(TaskRunner pid=562575)[0m [Shutdown] 7 subprocess(es) terminated.
[36m(TaskRunner pid=562575)[0m [Shutdown] 5 subprocess(es) terminated.
[36m(TaskRunner pid=562575)[0m [Shutdown] 63 subprocess(es) terminated.
[36m(TaskRunner pid=562575)[0m step:3 - chunk_state_source/selected_original_acc_mean:1.000 - chunk_state_source/prompt_original_pass:0.969 - chunk_state_source/prompt_original_mean:0.326 - chunk_state_source/selected_majority_consistent_mean:1.000 - chunk_state_source/prompt_majority_ratio_mean:0.320 - chunk_state_source/prompt_majority_pass:1.000 - chunk_state_source_chunk/enabled:1.000 - chunk_state_source_chunk/injected_ratio:1.000 - chunk_state_source_chunk/mean_len:128.000 - chunk_state_source_chunk/candidate_index:0.000 - chunk_state_support_anchor/enabled:1.000 - chunk_state_support_anchor/count:7.000 - chunk_state_support_anchor/candidate_start:1.000 - chunk_state_support_anchor/min_mass:0.031 - chunk_state_support_anchor/selection_mode_answer_stratified:0.000 - chunk_state_support_anchor/prefix_compat_enable:1.000 - chunk_state_support_anchor/prefix_compat_mode_hard:0.000 - chunk_state_support_anchor/prefix_compat_mode_soft:1.000 - chunk_state_support_anchor/prefix_compat_tokens:64.000 - chunk_state_support_anchor/min_prefix_match:0.750 - chunk_state_support_anchor/prefix_score_power:0.500 - chunk_state_support_anchor/skip_source:1.000 - chunk_state_support_anchor/injected_ratio:0.518 - chunk_state_support_anchor/state_keep_ratio:1.000 - chunk_state_support_anchor/skipped_no_anchor_ratio:0.000 - chunk_state_support_anchor/skipped_by_compat_ratio:0.000 - chunk_state_support_anchor/skipped_source_ratio:0.031 - chunk_state_support_anchor/score_mean:0.002 - chunk_state_support_anchor/positive_candidate_ratio:0.453 - chunk_state_support_anchor/prefix_match_mean:0.016 - chunk_state_support_anchor/prefix_match_min:0.016 - chunk_state_support_anchor/anchor_mass_mean:0.036 - chunk_state_support_anchor/anchor_mass_max:0.036 - chunk_state_support_anchor/anchor_len_mean:86.241 - chunk_state_support_anchor/unique_answer_ratio:1.000 - chunk_state_support_anchor/selected_rank_mean:1.448 - chunk_state_future_support_gain/group_size:32.000 - chunk_state_future_support_gain/min_mass:0.031 - chunk_state_future_support_gain/max_mass_coef:0.250 - chunk_state_future_support_gain/score_type_slack_gain:0.000 - chunk_state_future_support_gain/score_type_positive_gain:0.000 - chunk_state_future_support_gain/score_type_relative_positive_gain:0.000 - chunk_state_future_support_gain/score_type_tv_positive_gain:0.000 - chunk_state_future_support_gain/score_type_relative_tv_positive_gain:0.000 - chunk_state_future_support_gain/score_type_transport_affinity:0.000 - chunk_state_future_support_gain/score_type_transport_positive_gain:0.000 - chunk_state_future_support_gain/score_type_transport_support_gain:0.000 - chunk_state_future_support_gain/score_type_smoothed_transport_affinity:0.000 - chunk_state_future_support_gain/score_type_smoothed_transport_positive_gain:0.000 - chunk_state_future_support_gain/score_type_smoothed_transport_support_gain:0.000 - chunk_state_future_support_gain/score_type_support_value_affinity:0.000 - chunk_state_future_support_gain/score_type_support_distribution_match:1.000 - chunk_state_future_support_gain/score_type_posterior_support_match:0.000 - chunk_state_future_support_gain/score_type_posterior_value_improvement:0.000 - chunk_state_future_support_gain/gain_slack:0.125 - chunk_state_future_support_gain/baseline_scale:1.000 - chunk_state_future_support_gain/source_prior_weight:1.000 - chunk_state_future_support_gain/anchor_prior_weight:0.000 - chunk_state_future_support_gain/anchor_prior_power:1.000 - chunk_state_future_support_gain/anchor_prior_mean:1.000 - chunk_state_future_support_gain/anchor_prior_max:1.000 - chunk_state_future_support_gain/prior_smoothing:4.000 - chunk_state_future_support_gain/min_positive_margin:0.000 - chunk_state_future_support_gain/min_state_coverage:0.125 - chunk_state_future_support_gain/max_state_oov:0.875 - chunk_state_future_support_gain/min_state_mean_mass:0.015 - chunk_state_future_support_gain/min_state_max_mass:0.031 - chunk_state_future_support_gain/min_state_top_margin:0.001 - chunk_state_future_support_gain/min_candidate_coverage:0.000 - chunk_state_future_support_gain/min_candidate_mean_mass:0.000 - chunk_state_future_support_gain/source_mass_mean:0.696 - chunk_state_future_support_gain/prompt_top_mass_mean:0.696 - chunk_state_future_support_gain/support_coverage_mean:0.051 - chunk_state_future_support_gain/candidate_coverage_mean:0.051 - chunk_state_future_support_gain/candidate_quality_keep_ratio:1.000 - chunk_state_future_support_gain/mean_mass_mean:0.002 - chunk_state_future_support_gain/max_mass_mean:0.027 - chunk_state_future_support_gain/raw_gain_mean:-0.693 - chunk_state_future_support_gain/source_tv_mean:0.304 - chunk_state_future_support_gain/candidate_tv_mean:0.846 - chunk_state_future_support_gain/source_oov_tv_mean:0.304 - chunk_state_future_support_gain/candidate_oov_tv_mean:0.994 - chunk_state_future_support_gain/transport_affinity_mean:0.006 - chunk_state_future_support_gain/smoothed_candidate_oov_tv_mean:0.497 - chunk_state_future_support_gain/smoothed_transport_affinity_mean:0.503 - chunk_state_future_support_gain/support_expected_value_mean:0.002 - chunk_state_future_support_gain/support_overlap_mean:0.006 - chunk_state_future_support_gain/smoothed_support_expected_value_mean:0.250 - chunk_state_future_support_gain/smoothed_support_overlap_mean:0.503 - chunk_state_future_support_gain/candidate_entropy_mean:0.531 - chunk_state_future_support_gain/tv_gain_mean:-0.542 - chunk_state_future_support_gain/transport_gain_mean:-0.691 - chunk_state_future_support_gain/smoothed_transport_gain_mean:-0.194 - chunk_state_future_support_gain/score_mean_before_candidate_filter:0.002 - chunk_state_future_support_gain/score_mean:0.002 - chunk_state_future_support_gain/label_consistent_ratio_before_candidate_filter:0.156 - chunk_state_future_support_gain/label_consistent_ratio:0.156 - chunk_state_future_support_gain/improved_state_ratio:0.750 - chunk_state_future_support_gain/positive_margin_mean:0.010 - chunk_state_future_support_gain/state_oov_mean:0.949 - chunk_state_future_support_gain/state_mean_mass_mean:0.002 - chunk_state_future_support_gain/state_max_mass_mean:0.027 - chunk_state_future_support_gain/state_top_margin_mean:0.005 - chunk_state_future_support_gain/soft_weight_mean:0.002 - chunk_state_future_support_gain/learnable_state_keep_ratio:0.000 - chunk_state_future_support_gain/state_keep_ratio:0.000 - chunk_state_probe/raw_positive_ratio:0.002 - chunk_state_score/mode_majority_completion:0.000 - chunk_state_score/mode_answer_consensus:0.000 - chunk_state_score/mode_answer_distribution:0.000 - chunk_state_score/mode_answer_value_gain:0.000 - chunk_state_score/mode_answer_value_margin:0.000 - chunk_state_score/mode_answer_support_mass:0.000 - chunk_state_score/mode_future_support_gain:1.000 - chunk_state_score/mode_support_anchor:0.000 - chunk_state_score/mode_support_flow:0.000 - chunk_state_score/mode_answer_source_consistency:0.000 - chunk_state_probe/samples:4.000 - chunk_state_diag/boundary_mean:800.000 - chunk_state_diag/boundary_min:768.000 - chunk_state_diag/boundary_max:1024.000 - chunk_state_diag/boundary_zero_ratio:0.000 - chunk_state_diag/skipped_short_sources:0.000 - chunk_state_diag/skipped_support_sources:30.000 - chunk_state_diag/majority_consistent_fallbacks:2.000 - chunk_state_diag/support_low_fallbacks:0.000 - chunk_state_diag/real_state_count:2.000 - chunk_state_diag/pad_state_count:6.000 - chunk_state_diag/loss_weight_mean:0.250 - chunk_state_diag/source_response_len_mean:2080.750 - chunk_state_diag/probe_score_std:0.004 - chunk_state_diag/state_probe_mean_max:0.004 - chunk_state_diag/state_probe_mean_min:0.000 - chunk_state_diag/state_all_positive_ratio:0.000 - chunk_state_diag/state_all_negative_ratio:0.250 - chunk_state_diag/state_mixed_ratio:0.750 - chunk_state_diag/source_majority_consistent_mean:1.000 - chunk_state_diag/source_prompt_majority_ratio_mean:0.609 - chunk_state_diag/source_answer_mass_mean:0.696 - chunk_state_diag/source_answer_mass_min:0.679 - chunk_state_diag/source_prompt_top_mass_mean:0.696 - chunk_state_diag/source_prompt_top_mass_min:0.679 - chunk_state_diag/prompt_valid_answer_coverage_mean:0.875 - chunk_state_diag/prompt_answer_top_margin_mean:0.656 - chunk_state_diag/prompt_answer_entropy_mean:1.256 - chunk_state_diag/source_pseudo_acc_mean:1.000 - chunk_state_diag/source_original_acc_mean:1.000 - chunk_state_diag/prompt_pseudo_mean:0.637 - chunk_state_diag/prompt_original_mean:0.637 - chunk_state_diag/prompt_original_pass:1.000 - chunk_state_diag/probe_mean_source_original_correct:0.002 - chunk_state_diag/probe_mean_source_original_wrong:0.000 - chunk_state_diag/source_original_correct_ratio:1.000 - chunk_state_diag/jsonl_rows:8.000 - chunk_state/num_states:8.000 - chunk_state/real_states:2.000 - chunk_state/pad_states:6.000 - chunk_state/num_candidates:64.000 - chunk_state/num_actor_samples:64.000 - chunk_state/loss_weight_mean:0.000 - chunk_state/base_loss_weight_mean:0.250 - chunk_state/zeroed_state_ratio:1.000 - chunk_state/confidence_gate_ratio:0.000 - chunk_state/confidence_weight_mean:1.000 - chunk_state/min_state_positive_margin:-1.000 - chunk_state/future_support_keep_mode_hard:0.000 - chunk_state/future_support_keep_mode_soft:1.000 - chunk_state/future_support_keep_mode_off:0.000 - chunk_state/future_support_soft_weight_mean:0.002 - chunk_state/future_support_state_weight_mean:0.020 - chunk_state/future_support_soft_weight_floor:0.020 - chunk_state/future_support_keep_ratio:0.000 - chunk_state/source_quality_weight_mode_off:1.000 - chunk_state/source_quality_weight_mode_source_mass:0.000 - chunk_state/source_quality_weight_mode_prompt_top_mass:0.000 - chunk_state/source_quality_weight_mode_product:0.000 - chunk_state/source_quality_weight_mode_prompt_valid_answer_coverage:0.000 - chunk_state/source_quality_weight_mode_prompt_top_margin:0.000 - chunk_state/source_quality_weight_mode_coverage_margin_product:0.000 - chunk_state/source_quality_weight_mode_group_quality:0.000 - chunk_state/source_quality_weight_mean:1.000 - chunk_state/source_quality_weight_floor:0.000 - chunk_state/source_quality_weight_power:1.000 - chunk_state/source_quality_max_entropy:0.000 - chunk_state/source_answer_mass_mean:0.696 - chunk_state/source_prompt_top_mass_mean:0.696 - chunk_state/prompt_valid_answer_coverage_mean:0.875 - chunk_state/prompt_answer_top_margin_mean:0.656 - chunk_state/prompt_answer_entropy_mean:1.256 - chunk_state/majority_ratio_mean:0.696 - chunk_state/answer_coverage_mean:0.051 - chunk_state/answer_coverage_weighted_mean:0.000 - chunk_state/positive_margin_mean:0.010 - chunk_state/positive_margin_weighted_mean:0.000 - chunk_state/positive_ratio:0.002 - chunk_state/label_consistent_only:0.000 - chunk_state/zero_inconsistent_candidates:0.000 - chunk_state/prune_zero_weight_samples:1.000 - chunk_state/prune_padded_to_shards:0.000 - chunk_state/pruned_sample_ratio:0.000 - chunk_state/label_consistent_ratio:0.156 - chunk_state/informative_ratio:0.750 - chunk_state/kept_state_ratio:0.000 - chunk_state/target_entropy:2.066 - chunk_state/target_prior_mean:1.000 - chunk_state/target_prior_max:1.000 - chunk_state/weight_max:0.189 - chunk_state/weight_min:0.105 - chunk_state/powerflow_weight_clip:4.000 - chunk_state/powerflow_weight_clip_renorm:1.000 - chunk_state/powerflow_weight_before_clip_max:0.000 - chunk_state/powerflow_weight_before_clip_mean:0.000 - chunk_state/powerflow_weight_mean:0.000 - chunk_state/powerflow_weight_max:0.000 - chunk_state/powerflow_weight_min:0.000 - chunk_state/boxed_reward_mean:0.002 - chunk_state/boxed_reward_weighted_mean:0.000 - chunk_state/actor_batch_powerflow_weight_nonzero_ratio:0.000 - chunk_state/actor_batch_powerflow_weight_shard0_mean:0.000 - chunk_state/actor_batch_powerflow_weight_shard0_nonzero_ratio:0.000 - chunk_state/actor_batch_powerflow_weight_shard_mean_low:0.000 - chunk_state/actor_batch_powerflow_weight_shard_mean_high:0.000 - chunk_state/actor_batch_powerflow_weight_zero_shard_ratio:1.000 - chunk_state_actor_span/mode_chunk:1.000 - chunk_state_actor_span/response_len_mean:109.078 - chunk_state_actor_span/truncated_ratio:0.000 - actor/pg_loss:0.000 - actor/powerflow_loss:0.000 - actor/log_prob:-0.073 - actor/old_log_prob:0.000 - actor/ref_log_prob:-0.073 - actor/ref_log_prob/std:0.000 - actor/boxed_reward/mean:0.000 - actor/boxed_reward/min:0.000 - actor/boxed_reward/max:0.000 - actor/powerflow_weight/mean:0.000 - actor/powerflow_weight/min:0.000 - actor/powerflow_weight/max:0.000 - actor/powerflow_weight/nonzero_ratio:0.000 - actor/powerflow_local_batch_size:1.000 - actor/log_z:-1.730 - actor/importance_weight:0.800 - actor/powerflow_chunk_loss_target_only:0.000 - actor/ppo_kl:0.073 - actor/ref_kl:0.000 - actor/beta_coef:4.000 - actor/cispo_mask_ratio:0.082 - actor/cispo_dropped_tokens:10.500 - actor/condition_1_count:0.000 - actor/condition_2_count:10.500 - actor/pg_clipfrac:0.000 - actor/pg_clipfrac_lower:0.000 - actor/grad_norm:0.000 - perf/mfu/actor:0.000 - perf/max_memory_allocated_gb:166.224 - perf/max_memory_reserved_gb:176.207 - perf/cpu_memory_used_gb:791.911 - actor/lr:0.000 - timing_s/generate_sequences:18.231 - timing_s/reshard:0.595 - timing_s/gen:23.166 - timing_s/chunk_state_make_states:0.019 - timing_s/chunk_state_chunks/generate_sequences:0.534 - timing_s/chunk_state_chunks/reshard:0.404 - timing_s/chunk_state_chunks:0.990 - timing_s/chunk_state_probe/generate_sequences:6.653 - timing_s/chunk_state_probe/reshard:0.382 - timing_s/chunk_state_probe:7.210 - timing_s/chunk_state_score:6.625 - timing_s/chunk_state_build_actor_batch:0.006 - timing_s/chunk_state_ref:0.984 - timing_s/update_actor:2.450 - timing_per_token_ms/gen:0.021 - timing_per_token_ms/update_actor:0.002[36m(TaskRunner pid=562575)[0m Training Progress:  67%|██████▋   | 2/3 [03:27<01:43, 103.57s/it]

[36m(TaskRunner pid=562575)[0m 'Final validation skipped'
