MODEL_READY: /models/Qwen2.5-Math-7B
Using python: /mlx_devbox/users/quyanyi/playground/.venvs/ttrl_b200/bin/python
Using model: /models/Qwen2.5-Math-7B
Using data: /mlx_devbox/users/quyanyi/playground/TTRL/verl/data/MATH-TTT
Output directory: /tmp/ttrl_b200/checkpoints/ttrl_chunk_state_powerflow_midstate_probe4_strictsrc_b32_r32_v64_20step_20260731
Actor offload: param=False optimizer=False activation=False
Rollout: free_cache_engine=False enforce_eager=False gpu_memory_utilization=0.82
Critic offload: param=False optimizer=False activation=False
/mlx_devbox/users/quyanyi/playground/TTRL/verl/verl/__init__.py:18: UserWarning: pkg_resources is deprecated as an API. See https://setuptools.pypa.io/en/latest/pkg_resources.html. The pkg_resources package is slated for removal as early as 2025-11-30. Refrain from using this package or pin to Setuptools<81.
  import pkg_resources
/mlx_devbox/users/quyanyi/playground/.venvs/ttrl_b200/lib/python3.11/site-packages/huggingface_hub/constants.py:298: FutureWarning: The `HF_HUB_ENABLE_HF_TRANSFER` environment variable is deprecated as 'hf_transfer' is not used anymore. Please use `HF_XET_HIGH_PERFORMANCE` instead to enable high performance transfer with Xet. Visit https://huggingface.co/docs/huggingface_hub/package_reference/environment_variables#hfxethighperformance for more details.
  warnings.warn(
2026-07-31 21:54:51,685	INFO worker.py:2024 -- Started a local Ray instance.
[36m(pid=4099970)[0m /mlx_devbox/users/quyanyi/playground/TTRL/verl/verl/__init__.py:18: UserWarning: pkg_resources is deprecated as an API. See https://setuptools.pypa.io/en/latest/pkg_resources.html. The pkg_resources package is slated for removal as early as 2025-11-30. Refrain from using this package or pin to Setuptools<81.
[36m(pid=4099970)[0m   import pkg_resources
[36m(pid=4099970)[0m /mlx_devbox/users/quyanyi/playground/.venvs/ttrl_b200/lib/python3.11/site-packages/huggingface_hub/constants.py:298: FutureWarning: The `HF_HUB_ENABLE_HF_TRANSFER` environment variable is deprecated as 'hf_transfer' is not used anymore. Please use `HF_XET_HIGH_PERFORMANCE` instead to enable high performance transfer with Xet. Visit https://huggingface.co/docs/huggingface_hub/package_reference/environment_variables#hfxethighperformance for more details.
[36m(pid=4099970)[0m   warnings.warn(
[36m(TaskRunner pid=4099970)[0m TaskRunner hostname: trial-302172199-trialrun-302172199-worker-0, PID: 4099970
[36m(TaskRunner pid=4099970)[0m {'actor_rollout_ref': {'actor': {'checkpoint': {'load_contents': ['model',
[36m(TaskRunner pid=4099970)[0m                                                                   'optimizer',
[36m(TaskRunner pid=4099970)[0m                                                                   'extra'],
[36m(TaskRunner pid=4099970)[0m                                                 'save_contents': ['model',
[36m(TaskRunner pid=4099970)[0m                                                                   'optimizer',
[36m(TaskRunner pid=4099970)[0m                                                                   'extra']},
[36m(TaskRunner pid=4099970)[0m                                  'chunk_weighted_nll_enable': False,
[36m(TaskRunner pid=4099970)[0m                                  'clip_ratio': 0.2,
[36m(TaskRunner pid=4099970)[0m                                  'clip_ratio_c': 3.0,
[36m(TaskRunner pid=4099970)[0m                                  'clip_ratio_high': 0.2,
[36m(TaskRunner pid=4099970)[0m                                  'clip_ratio_low': 0.2,
[36m(TaskRunner pid=4099970)[0m                                  'entropy_checkpointing': False,
[36m(TaskRunner pid=4099970)[0m                                  'entropy_coeff': 0,
[36m(TaskRunner pid=4099970)[0m                                  'entropy_from_logits_with_chunking': False,
[36m(TaskRunner pid=4099970)[0m                                  'fsdp_config': {'forward_prefetch': False,
[36m(TaskRunner pid=4099970)[0m                                                  'fsdp_size': -1,
[36m(TaskRunner pid=4099970)[0m                                                  'offload_policy': False,
[36m(TaskRunner pid=4099970)[0m                                                  'optimizer_offload': False,
[36m(TaskRunner pid=4099970)[0m                                                  'param_offload': False,
[36m(TaskRunner pid=4099970)[0m                                                  'reshard_after_forward': True,
[36m(TaskRunner pid=4099970)[0m                                                  'wrap_policy': {'min_num_params': 0}},
[36m(TaskRunner pid=4099970)[0m                                  'grad_clip': 1.0,
[36m(TaskRunner pid=4099970)[0m                                  'kl_loss_coef': 0.001,
[36m(TaskRunner pid=4099970)[0m                                  'kl_loss_type': 'low_var_kl',
[36m(TaskRunner pid=4099970)[0m                                  'loss_agg_mode': 'token-mean',
[36m(TaskRunner pid=4099970)[0m                                  'optim': {'lr': 5e-07,
[36m(TaskRunner pid=4099970)[0m                                            'lr_warmup_steps': -1,
[36m(TaskRunner pid=4099970)[0m                                            'lr_warmup_steps_ratio': 0.03,
[36m(TaskRunner pid=4099970)[0m                                            'min_lr_ratio': 0.0,
[36m(TaskRunner pid=4099970)[0m                                            'num_cycles': 0.5,
[36m(TaskRunner pid=4099970)[0m                                            'total_training_steps': -1,
[36m(TaskRunner pid=4099970)[0m                                            'warmup_style': 'cosine',
[36m(TaskRunner pid=4099970)[0m                                            'weight_decay': 0.01},
[36m(TaskRunner pid=4099970)[0m                                  'policy_loss': {'clip_cov_lb': 1.0,
[36m(TaskRunner pid=4099970)[0m                                                  'clip_cov_ratio': 0.0002,
[36m(TaskRunner pid=4099970)[0m                                                  'clip_cov_ub': 5.0,
[36m(TaskRunner pid=4099970)[0m                                                  'kl_cov_ratio': 0.0002,
[36m(TaskRunner pid=4099970)[0m                                                  'loss_mode': 'vanilla',
[36m(TaskRunner pid=4099970)[0m                                                  'ppo_kl_coef': 0.1},
[36m(TaskRunner pid=4099970)[0m                                  'powerflow_beta_coef': 4.0,
[36m(TaskRunner pid=4099970)[0m                                  'powerflow_enable': True,
[36m(TaskRunner pid=4099970)[0m                                  'powerflow_init_ref_log_prob': 0.36,
[36m(TaskRunner pid=4099970)[0m                                  'powerflow_on_policy': False,
[36m(TaskRunner pid=4099970)[0m                                  'powerflow_proj_layers': 3,
[36m(TaskRunner pid=4099970)[0m                                  'powerflow_use_boxed_reward': True,
[36m(TaskRunner pid=4099970)[0m                                  'powerflow_use_chunk_weights': True,
[36m(TaskRunner pid=4099970)[0m                                  'ppo_epochs': 1,
[36m(TaskRunner pid=4099970)[0m                                  'ppo_max_token_len_per_gpu': 2048,
[36m(TaskRunner pid=4099970)[0m                                  'ppo_micro_batch_size': None,
[36m(TaskRunner pid=4099970)[0m                                  'ppo_micro_batch_size_per_gpu': 4,
[36m(TaskRunner pid=4099970)[0m                                  'ppo_mini_batch_size': 32,
[36m(TaskRunner pid=4099970)[0m                                  'profiler': {'all_ranks': False,
[36m(TaskRunner pid=4099970)[0m                                               'discrete': False,
[36m(TaskRunner pid=4099970)[0m                                               'ranks': None},
[36m(TaskRunner pid=4099970)[0m                                  'shuffle': False,
[36m(TaskRunner pid=4099970)[0m                                  'strategy': 'fsdp',
[36m(TaskRunner pid=4099970)[0m                                  'ulysses_sequence_parallel_size': 1,
[36m(TaskRunner pid=4099970)[0m                                  'use_dynamic_bsz': False,
[36m(TaskRunner pid=4099970)[0m                                  'use_kl_loss': False,
[36m(TaskRunner pid=4099970)[0m                                  'use_torch_compile': True},
[36m(TaskRunner pid=4099970)[0m                        'hybrid_engine': True,
[36m(TaskRunner pid=4099970)[0m                        'model': {'attn_implementation': 'sdpa',
[36m(TaskRunner pid=4099970)[0m                                  'custom_chat_template': None,
[36m(TaskRunner pid=4099970)[0m                                  'enable_activation_offload': False,
[36m(TaskRunner pid=4099970)[0m                                  'enable_gradient_checkpointing': True,
[36m(TaskRunner pid=4099970)[0m                                  'exclude_modules': None,
[36m(TaskRunner pid=4099970)[0m                                  'external_lib': None,
[36m(TaskRunner pid=4099970)[0m                                  'fused_kernel_options': {'impl_backend': 'triton'},
[36m(TaskRunner pid=4099970)[0m                                  'lora_alpha': 16,
[36m(TaskRunner pid=4099970)[0m                                  'lora_rank': 0,
[36m(TaskRunner pid=4099970)[0m                                  'override_config': {},
[36m(TaskRunner pid=4099970)[0m                                  'path': '/models/Qwen2.5-Math-7B',
[36m(TaskRunner pid=4099970)[0m                                  'target_modules': 'all-linear',
[36m(TaskRunner pid=4099970)[0m                                  'trust_remote_code': False,
[36m(TaskRunner pid=4099970)[0m                                  'use_fused_kernels': True,
[36m(TaskRunner pid=4099970)[0m                                  'use_liger': False,
[36m(TaskRunner pid=4099970)[0m                                  'use_remove_padding': True,
[36m(TaskRunner pid=4099970)[0m                                  'use_shm': False},
[36m(TaskRunner pid=4099970)[0m                        'ref': {'entropy_checkpointing': False,
[36m(TaskRunner pid=4099970)[0m                                'entropy_from_logits_with_chunking': False,
[36m(TaskRunner pid=4099970)[0m                                'fsdp_config': {'forward_prefetch': False,
[36m(TaskRunner pid=4099970)[0m                                                'param_offload': True,
[36m(TaskRunner pid=4099970)[0m                                                'reshard_after_forward': True,
[36m(TaskRunner pid=4099970)[0m                                                'wrap_policy': {'min_num_params': 0}},
[36m(TaskRunner pid=4099970)[0m                                'log_prob_max_token_len_per_gpu': 2048,
[36m(TaskRunner pid=4099970)[0m                                'log_prob_micro_batch_size': None,
[36m(TaskRunner pid=4099970)[0m                                'log_prob_micro_batch_size_per_gpu': 4,
[36m(TaskRunner pid=4099970)[0m                                'log_prob_use_dynamic_bsz': False,
[36m(TaskRunner pid=4099970)[0m                                'profiler': {'all_ranks': False,
[36m(TaskRunner pid=4099970)[0m                                             'discrete': False,
[36m(TaskRunner pid=4099970)[0m                                             'ranks': None},
[36m(TaskRunner pid=4099970)[0m                                'strategy': 'fsdp',
[36m(TaskRunner pid=4099970)[0m                                'ulysses_sequence_parallel_size': 1,
[36m(TaskRunner pid=4099970)[0m                                'use_torch_compile': True},
[36m(TaskRunner pid=4099970)[0m                        'rollout': {'agent': {'num_workers': 8},
[36m(TaskRunner pid=4099970)[0m                                    'calculate_log_probs': True,
[36m(TaskRunner pid=4099970)[0m                                    'disable_log_stats': True,
[36m(TaskRunner pid=4099970)[0m                                    'do_sample': True,
[36m(TaskRunner pid=4099970)[0m                                    'dtype': 'bfloat16',
[36m(TaskRunner pid=4099970)[0m                                    'enable_chunked_prefill': True,
[36m(TaskRunner pid=4099970)[0m                                    'enforce_eager': False,
[36m(TaskRunner pid=4099970)[0m                                    'engine_kwargs': {'sglang': {'attention_backend': None},
[36m(TaskRunner pid=4099970)[0m                                                      'vllm': {'attention_config': {'backend': 'FLASH_ATTN'},
[36m(TaskRunner pid=4099970)[0m                                                               'disable_mm_preprocessor_cache': False,
[36m(TaskRunner pid=4099970)[0m                                                               'swap_space': None}},
[36m(TaskRunner pid=4099970)[0m                                    'free_cache_engine': False,
[36m(TaskRunner pid=4099970)[0m                                    'gpu_memory_utilization': 0.82,
[36m(TaskRunner pid=4099970)[0m                                    'ignore_eos': False,
[36m(TaskRunner pid=4099970)[0m                                    'layered_summon': False,
[36m(TaskRunner pid=4099970)[0m                                    'load_format': 'dummy_dtensor',
[36m(TaskRunner pid=4099970)[0m                                    'log_prob_max_token_len_per_gpu': 2048,
[36m(TaskRunner pid=4099970)[0m                                    'log_prob_micro_batch_size': None,
[36m(TaskRunner pid=4099970)[0m                                    'log_prob_micro_batch_size_per_gpu': 4,
[36m(TaskRunner pid=4099970)[0m                                    'log_prob_use_dynamic_bsz': False,
[36m(TaskRunner pid=4099970)[0m                                    'logprobs': 1,
[36m(TaskRunner pid=4099970)[0m                                    'max_model_len': 4096,
[36m(TaskRunner pid=4099970)[0m                                    'max_num_batched_tokens': 32768,
[36m(TaskRunner pid=4099970)[0m                                    'max_num_seqs': 1024,
[36m(TaskRunner pid=4099970)[0m                                    'mode': 'sync',
[36m(TaskRunner pid=4099970)[0m                                    'multi_stage_wake_up': False,
[36m(TaskRunner pid=4099970)[0m                                    'multi_turn': {'completion_callback': None,
[36m(TaskRunner pid=4099970)[0m                                                   'enable': False,
[36m(TaskRunner pid=4099970)[0m                                                   'format': 'hermes',
[36m(TaskRunner pid=4099970)[0m                                                   'interaction_config_path': None,
[36m(TaskRunner pid=4099970)[0m                                                   'max_assistant_turns': None,
[36m(TaskRunner pid=4099970)[0m                                                   'max_parallel_calls': 1,
[36m(TaskRunner pid=4099970)[0m                                                   'max_tool_response_length': 256,
[36m(TaskRunner pid=4099970)[0m                                                   'max_user_turns': None,
[36m(TaskRunner pid=4099970)[0m                                                   'tokenization_sanity_check_mode': 'strict',
[36m(TaskRunner pid=4099970)[0m                                                   'tool_config_path': None,
[36m(TaskRunner pid=4099970)[0m                                                   'tool_response_truncate_side': 'middle',
[36m(TaskRunner pid=4099970)[0m                                                   'use_inference_chat_template': False},
[36m(TaskRunner pid=4099970)[0m                                    'n': 32,
[36m(TaskRunner pid=4099970)[0m                                    'name': 'vllm',
[36m(TaskRunner pid=4099970)[0m                                    'profiler': {'all_ranks': False,
[36m(TaskRunner pid=4099970)[0m                                                 'discrete': False,
[36m(TaskRunner pid=4099970)[0m                                                 'ranks': None},
[36m(TaskRunner pid=4099970)[0m                                    'prompt_length': 1024,
[36m(TaskRunner pid=4099970)[0m                                    'response_length': 3072,
[36m(TaskRunner pid=4099970)[0m                                    'temperature': 1.0,
[36m(TaskRunner pid=4099970)[0m                                    'tensor_model_parallel_size': 1,
[36m(TaskRunner pid=4099970)[0m                                    'top_k': -1,
[36m(TaskRunner pid=4099970)[0m                                    'top_p': 1,
[36m(TaskRunner pid=4099970)[0m                                    'use_rollout_log_probs_as_old': True,
[36m(TaskRunner pid=4099970)[0m                                    'val_kwargs': {'do_sample': True,
[36m(TaskRunner pid=4099970)[0m                                                   'n': 16,
[36m(TaskRunner pid=4099970)[0m                                                   'temperature': 0.6,
[36m(TaskRunner pid=4099970)[0m                                                   'top_k': -1,
[36m(TaskRunner pid=4099970)[0m                                                   'top_p': 0.95}}},
[36m(TaskRunner pid=4099970)[0m  'algorithm': {'adv_estimator': 'grpo',
[36m(TaskRunner pid=4099970)[0m                'gamma': 1.0,
[36m(TaskRunner pid=4099970)[0m                'kl_ctrl': {'horizon': 10000,
[36m(TaskRunner pid=4099970)[0m                            'kl_coef': 0.0,
[36m(TaskRunner pid=4099970)[0m                            'target_kl': 0.1,
[36m(TaskRunner pid=4099970)[0m                            'type': 'fixed'},
[36m(TaskRunner pid=4099970)[0m                'kl_penalty': 'kl',
[36m(TaskRunner pid=4099970)[0m                'lam': 1.0,
[36m(TaskRunner pid=4099970)[0m                'norm_adv_by_std_in_grpo': True,
[36m(TaskRunner pid=4099970)[0m                'pf_ppo': {'reweight_method': 'pow', 'weight_pow': 2.0},
[36m(TaskRunner pid=4099970)[0m                'use_kl_in_reward': False,
[36m(TaskRunner pid=4099970)[0m                'use_pf_ppo': False},
[36m(TaskRunner pid=4099970)[0m  'critic': {'checkpoint': {'load_contents': ['model', 'optimizer', 'extra'],
[36m(TaskRunner pid=4099970)[0m                            'save_contents': ['model', 'optimizer', 'extra']},
[36m(TaskRunner pid=4099970)[0m             'cliprange_value': 0.5,
[36m(TaskRunner pid=4099970)[0m             'forward_max_token_len_per_gpu': 32768,
[36m(TaskRunner pid=4099970)[0m             'forward_micro_batch_size': None,
[36m(TaskRunner pid=4099970)[0m             'forward_micro_batch_size_per_gpu': 4,
[36m(TaskRunner pid=4099970)[0m             'grad_clip': 1.0,
[36m(TaskRunner pid=4099970)[0m             'loss_agg_mode': 'token-mean',
[36m(TaskRunner pid=4099970)[0m             'model': {'attn_implementation': 'sdpa',
[36m(TaskRunner pid=4099970)[0m                       'enable_activation_offload': False,
[36m(TaskRunner pid=4099970)[0m                       'enable_gradient_checkpointing': True,
[36m(TaskRunner pid=4099970)[0m                       'external_lib': None,
[36m(TaskRunner pid=4099970)[0m                       'fsdp_config': {'forward_prefetch': False,
[36m(TaskRunner pid=4099970)[0m                                       'fsdp_size': -1,
[36m(TaskRunner pid=4099970)[0m                                       'offload_policy': False,
[36m(TaskRunner pid=4099970)[0m                                       'optimizer_offload': False,
[36m(TaskRunner pid=4099970)[0m                                       'param_offload': False,
[36m(TaskRunner pid=4099970)[0m                                       'reshard_after_forward': True,
[36m(TaskRunner pid=4099970)[0m                                       'wrap_policy': {'min_num_params': 0}},
[36m(TaskRunner pid=4099970)[0m                       'lora_alpha': 16,
[36m(TaskRunner pid=4099970)[0m                       'lora_rank': 0,
[36m(TaskRunner pid=4099970)[0m                       'override_config': {},
[36m(TaskRunner pid=4099970)[0m                       'path': '/models/Qwen2.5-Math-7B',
[36m(TaskRunner pid=4099970)[0m                       'target_modules': 'all-linear',
[36m(TaskRunner pid=4099970)[0m                       'tokenizer_path': '/models/Qwen2.5-Math-7B',
[36m(TaskRunner pid=4099970)[0m                       'trust_remote_code': False,
[36m(TaskRunner pid=4099970)[0m                       'use_remove_padding': True,
[36m(TaskRunner pid=4099970)[0m                       'use_shm': False},
[36m(TaskRunner pid=4099970)[0m             'optim': {'lr': 9e-06,
[36m(TaskRunner pid=4099970)[0m                       'lr_warmup_steps_ratio': 0.0,
[36m(TaskRunner pid=4099970)[0m                       'min_lr_ratio': None,
[36m(TaskRunner pid=4099970)[0m                       'total_training_steps': -1,
[36m(TaskRunner pid=4099970)[0m                       'warmup_style': 'constant',
[36m(TaskRunner pid=4099970)[0m                       'weight_decay': 0.01},
[36m(TaskRunner pid=4099970)[0m             'ppo_epochs': 1,
[36m(TaskRunner pid=4099970)[0m             'ppo_max_token_len_per_gpu': 32768,
[36m(TaskRunner pid=4099970)[0m             'ppo_micro_batch_size': None,
[36m(TaskRunner pid=4099970)[0m             'ppo_micro_batch_size_per_gpu': 4,
[36m(TaskRunner pid=4099970)[0m             'ppo_mini_batch_size': 32,
[36m(TaskRunner pid=4099970)[0m             'profiler': {'all_ranks': False, 'discrete': False, 'ranks': None},
[36m(TaskRunner pid=4099970)[0m             'rollout_n': 32,
[36m(TaskRunner pid=4099970)[0m             'shuffle': False,
[36m(TaskRunner pid=4099970)[0m             'strategy': 'fsdp',
[36m(TaskRunner pid=4099970)[0m             'ulysses_sequence_parallel_size': 1,
[36m(TaskRunner pid=4099970)[0m             'use_dynamic_bsz': False},
[36m(TaskRunner pid=4099970)[0m  'custom_reward_function': {'name': 'reward_func',
[36m(TaskRunner pid=4099970)[0m                             'path': './verl/utils/reward_score/ttrl_math/__init__.py'},
[36m(TaskRunner pid=4099970)[0m  'data': {'custom_cls': {'name': None, 'path': None},
[36m(TaskRunner pid=4099970)[0m           'filter_overlong_prompts': True,
[36m(TaskRunner pid=4099970)[0m           'filter_overlong_prompts_workers': 1,
[36m(TaskRunner pid=4099970)[0m           'image_key': 'images',
[36m(TaskRunner pid=4099970)[0m           'max_prompt_length': 1024,
[36m(TaskRunner pid=4099970)[0m           'max_response_length': 3072,
[36m(TaskRunner pid=4099970)[0m           'prompt_key': 'prompt',
[36m(TaskRunner pid=4099970)[0m           'return_full_prompt': False,
[36m(TaskRunner pid=4099970)[0m           'return_raw_chat': False,
[36m(TaskRunner pid=4099970)[0m           'return_raw_input_ids': False,
[36m(TaskRunner pid=4099970)[0m           'reward_fn_key': 'data_source',
[36m(TaskRunner pid=4099970)[0m           'shuffle': True,
[36m(TaskRunner pid=4099970)[0m           'tokenizer': None,
[36m(TaskRunner pid=4099970)[0m           'train_batch_size': 32,
[36m(TaskRunner pid=4099970)[0m           'train_files': ['/mlx_devbox/users/quyanyi/playground/TTRL/verl/data/MATH-TTT/train.parquet'],
[36m(TaskRunner pid=4099970)[0m           'truncation': 'error',
[36m(TaskRunner pid=4099970)[0m           'trust_remote_code': False,
[36m(TaskRunner pid=4099970)[0m           'use_shm': False,
[36m(TaskRunner pid=4099970)[0m           'val_batch_size': None,
[36m(TaskRunner pid=4099970)[0m           'val_files': ['/mlx_devbox/users/quyanyi/playground/TTRL/verl/data/MATH-TTT/test.parquet'],
[36m(TaskRunner pid=4099970)[0m           'validation_shuffle': False,
[36m(TaskRunner pid=4099970)[0m           'video_key': 'videos'},
[36m(TaskRunner pid=4099970)[0m  'ray_init': {'num_cpus': None, 'timeline_json_file': None},
[36m(TaskRunner pid=4099970)[0m  'reward_model': {'enable': False,
[36m(TaskRunner pid=4099970)[0m                   'forward_max_token_len_per_gpu': 32768,
[36m(TaskRunner pid=4099970)[0m                   'launch_reward_fn_async': False,
[36m(TaskRunner pid=4099970)[0m                   'max_length': None,
[36m(TaskRunner pid=4099970)[0m                   'micro_batch_size': None,
[36m(TaskRunner pid=4099970)[0m                   'micro_batch_size_per_gpu': None,
[36m(TaskRunner pid=4099970)[0m                   'model': {'attn_implementation': 'sdpa',
[36m(TaskRunner pid=4099970)[0m                             'external_lib': None,
[36m(TaskRunner pid=4099970)[0m                             'fsdp_config': {'forward_prefetch': False,
[36m(TaskRunner pid=4099970)[0m                                             'fsdp_size': -1,
[36m(TaskRunner pid=4099970)[0m                                             'param_offload': False,
[36m(TaskRunner pid=4099970)[0m                                             'reshard_after_forward': True,
[36m(TaskRunner pid=4099970)[0m                                             'wrap_policy': {'min_num_params': 0}},
[36m(TaskRunner pid=4099970)[0m                             'input_tokenizer': '/models/Qwen2.5-Math-7B',
[36m(TaskRunner pid=4099970)[0m                             'path': '~/models/FsfairX-LLaMA3-RM-v0.1',
[36m(TaskRunner pid=4099970)[0m                             'trust_remote_code': False,
[36m(TaskRunner pid=4099970)[0m                             'use_fused_kernels': True,
[36m(TaskRunner pid=4099970)[0m                             'use_remove_padding': False,
[36m(TaskRunner pid=4099970)[0m                             'use_shm': False},
[36m(TaskRunner pid=4099970)[0m                   'num_processes': 128,
[36m(TaskRunner pid=4099970)[0m                   'profiler': {'all_ranks': False,
[36m(TaskRunner pid=4099970)[0m                                'discrete': False,
[36m(TaskRunner pid=4099970)[0m                                'ranks': None},
[36m(TaskRunner pid=4099970)[0m                   'reward_manager': 'prime',
[36m(TaskRunner pid=4099970)[0m                   'sandbox_fusion': {'max_concurrent': 64,
[36m(TaskRunner pid=4099970)[0m                                      'memory_limit_mb': 1024,
[36m(TaskRunner pid=4099970)[0m                                      'url': None},
[36m(TaskRunner pid=4099970)[0m                   'strategy': 'fsdp',
[36m(TaskRunner pid=4099970)[0m                   'ulysses_sequence_parallel_size': 1,
[36m(TaskRunner pid=4099970)[0m                   'use_dynamic_bsz': False},
[36m(TaskRunner pid=4099970)[0m Generating train split: 0 examples [00:00, ? examples/s]Generating train split: 500 examples [00:00, 144402.12 examples/s]
[36m(TaskRunner pid=4099970)[0m Setting TOKENIZERS_PARALLELISM=false for forked processes.
[36m(TaskRunner pid=4099970)[0m WARNING:2026-07-31 21:55:25,154:Setting TOKENIZERS_PARALLELISM=false for forked processes.
[36m(TaskRunner pid=4099970)[0m Filtering prompts longer than 1024 tokens (num_proc=1):   0%|          | 0/500 [00:00<?, ? examples/s]
[36m(TaskRunner pid=4099970)[0m Filtering prompts longer than 1024 tokens (num_proc=1): 100%|██████████| 500/500 [00:01<00:00, 295.34 examples/s]
[36m(TaskRunner pid=4099970)[0m Filtering prompts longer than 1024 tokens (num_proc=1): 100%|██████████| 500/500 [00:01<00:00, 275.04 examples/s]
[36m(TaskRunner pid=4099970)[0m Generating train split: 0 examples [00:00, ? examples/s]Generating train split: 500 examples [00:00, 154236.38 examples/s]
[36m(TaskRunner pid=4099970)[0m Setting TOKENIZERS_PARALLELISM=false for forked processes.
[36m(TaskRunner pid=4099970)[0m WARNING:2026-07-31 21:55:28,089:Setting TOKENIZERS_PARALLELISM=false for forked processes.
[36m(TaskRunner pid=4099970)[0m Filtering prompts longer than 1024 tokens (num_proc=1):   0%|          | 0/500 [00:00<?, ? examples/s]
[36m(TaskRunner pid=4099970)[0m Filtering prompts longer than 1024 tokens (num_proc=1): 100%|██████████| 500/500 [00:01<00:00, 292.84 examples/s]
[36m(TaskRunner pid=4099970)[0m Filtering prompts longer than 1024 tokens (num_proc=1): 100%|██████████| 500/500 [00:01<00:00, 271.39 examples/s]
[36m(TaskRunner pid=4099970)[0m DeprecationWarning: `ray.state.available_resources_per_node` is a private attribute and access will be removed in a future Ray version.
[36m(pid=4099972)[0m /mlx_devbox/users/quyanyi/playground/TTRL/verl/verl/__init__.py:18: UserWarning: pkg_resources is deprecated as an API. See https://setuptools.pypa.io/en/latest/pkg_resources.html. The pkg_resources package is slated for removal as early as 2025-11-30. Refrain from using this package or pin to Setuptools<81.
[36m(pid=4099972)[0m   import pkg_resources
[36m(pid=4099972)[0m /mlx_devbox/users/quyanyi/playground/.venvs/ttrl_b200/lib/python3.11/site-packages/huggingface_hub/constants.py:298: FutureWarning: The `HF_HUB_ENABLE_HF_TRANSFER` environment variable is deprecated as 'hf_transfer' is not used anymore. Please use `HF_XET_HIGH_PERFORMANCE` instead to enable high performance transfer with Xet. Visit https://huggingface.co/docs/huggingface_hub/package_reference/environment_variables#hfxethighperformance for more details.
[36m(pid=4099972)[0m   warnings.warn(
[36m(pid=4099976)[0m /mlx_devbox/users/quyanyi/playground/TTRL/verl/verl/__init__.py:18: UserWarning: pkg_resources is deprecated as an API. See https://setuptools.pypa.io/en/latest/pkg_resources.html. The pkg_resources package is slated for removal as early as 2025-11-30. Refrain from using this package or pin to Setuptools<81.[32m [repeated 7x across cluster] (Ray deduplicates logs by default. Set RAY_DEDUP_LOGS=0 to disable log deduplication, or see https://docs.ray.io/en/master/ray-observability/user-guides/configure-logging.html#log-deduplication for more options.)[0m
[36m(pid=4099976)[0m   import pkg_resources[32m [repeated 7x across cluster][0m
[36m(WorkerDict pid=4099972)[0m WARNING:2026-07-31 21:55:50,434:Initializing torch.distributed: rank=0 world_size=8 init_method=tcp://[fdbd:dc61:ff:f000:ffff:ffff:0:16]:34221 master=fdbd:dc61:ff:f000:ffff:ffff:0:16:34221
[36m(pid=4099976)[0m /mlx_devbox/users/quyanyi/playground/.venvs/ttrl_b200/lib/python3.11/site-packages/huggingface_hub/constants.py:298: FutureWarning: The `HF_HUB_ENABLE_HF_TRANSFER` environment variable is deprecated as 'hf_transfer' is not used anymore. Please use `HF_XET_HIGH_PERFORMANCE` instead to enable high performance transfer with Xet. Visit https://huggingface.co/docs/huggingface_hub/package_reference/environment_variables#hfxethighperformance for more details.[32m [repeated 7x across cluster][0m
[36m(pid=4099976)[0m   warnings.warn([32m [repeated 7x across cluster][0m
[36m(WorkerDict pid=4099972)[0m [W731 21:55:52.678003659 ProcessGroupNCCL.cpp:932] Warning: TORCH_NCCL_AVOID_RECORD_STREAMS is the default now, this environment variable is thus deprecated. (function operator())
[36m(TaskRunner pid=4099970)[0m  'trainer': {'balance_batch': True,
[36m(TaskRunner pid=4099970)[0m              'controller_nsight_options': {'cuda-graph-trace': 'graph',
[36m(TaskRunner pid=4099970)[0m                                            'cuda-memory-usage': 'true',
[36m(TaskRunner pid=4099970)[0m                                            'trace': 'cuda,nvtx,cublas,ucx'},
[36m(TaskRunner pid=4099970)[0m              'critic_warmup': 0,
[36m(TaskRunner pid=4099970)[0m              'default_hdfs_dir': None,
[36m(TaskRunner pid=4099970)[0m              'default_local_dir': '/tmp/ttrl_b200/checkpoints/ttrl_chunk_state_powerflow_midstate_probe4_strictsrc_b32_r32_v64_20step_20260731',
[36m(TaskRunner pid=4099970)[0m              'del_local_ckpt_after_load': False,
[36m(TaskRunner pid=4099970)[0m              'device': 'cuda',
[36m(TaskRunner pid=4099970)[0m              'esi_redundant_time': 0,
[36m(TaskRunner pid=4099970)[0m              'experiment_name': '0731-ttrl_chunk_state_powerflow_midstate_probe4_strictsrc_b32_r32_v64_20step_20260731-MATH-TTT-Qwen2.5-Math-7B-midstate-probe4-strictsrc-powerflow',
[36m(TaskRunner pid=4099970)[0m              'final_val_enable': True,
[36m(TaskRunner pid=4099970)[0m              'log_val_generations': 0,
[36m(TaskRunner pid=4099970)[0m              'logger': ['console'],
[36m(TaskRunner pid=4099970)[0m              'max_actor_ckpt_to_keep': 0,
[36m(TaskRunner pid=4099970)[0m              'max_critic_ckpt_to_keep': 0,
[36m(TaskRunner pid=4099970)[0m              'n_gpus_per_node': 8,
[36m(TaskRunner pid=4099970)[0m              'nnodes': 1,
[36m(TaskRunner pid=4099970)[0m              'profile_steps': None,
[36m(TaskRunner pid=4099970)[0m              'project_name': 'TTRL-verl-local',
[36m(TaskRunner pid=4099970)[0m              'ray_wait_register_center_timeout': 300,
[36m(TaskRunner pid=4099970)[0m              'resume_from_path': None,
[36m(TaskRunner pid=4099970)[0m              'resume_mode': 'disable',
[36m(TaskRunner pid=4099970)[0m              'rollout_data_dir': None,
[36m(TaskRunner pid=4099970)[0m              'save_freq': 2000000,
[36m(TaskRunner pid=4099970)[0m              'test_freq': 20,
[36m(TaskRunner pid=4099970)[0m              'total_epochs': 10,
[36m(TaskRunner pid=4099970)[0m              'total_training_steps': 20,
[36m(TaskRunner pid=4099970)[0m              'val_before_train': False,
[36m(TaskRunner pid=4099970)[0m              'val_only': False,
[36m(TaskRunner pid=4099970)[0m              'validation_data_dir': None,
[36m(TaskRunner pid=4099970)[0m              'worker_nsight_options': {'capture-range': 'cudaProfilerApi',
[36m(TaskRunner pid=4099970)[0m                                        'capture-range-end': None,
[36m(TaskRunner pid=4099970)[0m                                        'cuda-graph-trace': 'graph',
[36m(TaskRunner pid=4099970)[0m                                        'cuda-memory-usage': 'true',
[36m(TaskRunner pid=4099970)[0m                                        'kill': 'none',
[36m(TaskRunner pid=4099970)[0m                                        'trace': 'cuda,nvtx,cublas,ucx'}},
[36m(TaskRunner pid=4099970)[0m  'ttrl': {'chunk_state_actor_span': 'chunk',
[36m(TaskRunner pid=4099970)[0m           'chunk_state_alpha': 2.0,
[36m(TaskRunner pid=4099970)[0m           'chunk_state_boundaries': [256, 512, 768],
[36m(TaskRunner pid=4099970)[0m           'chunk_state_candidates': 8,
[36m(TaskRunner pid=4099970)[0m           'chunk_state_chunk_size': 256,
[36m(TaskRunner pid=4099970)[0m           'chunk_state_diag_enable': True,
[36m(TaskRunner pid=4099970)[0m           'chunk_state_diag_jsonl': '/mlx_devbox/users/quyanyi/playground/TTRL/important_experiment_logs/chunk_state_diag/ttrl_chunk_state_powerflow_midstate_probe4_strictsrc_b32_r32_v64_20step_20260731.jsonl',
[36m(TaskRunner pid=4099970)[0m           'chunk_state_enable': True,
[36m(TaskRunner pid=4099970)[0m           'chunk_state_eps': 0.05,
[36m(TaskRunner pid=4099970)[0m           'chunk_state_max_prefix_tokens': 1024,
[36m(TaskRunner pid=4099970)[0m           'chunk_state_min_boundary': 256,
[36m(TaskRunner pid=4099970)[0m           'chunk_state_min_informative_gap': 0.0,
[36m(TaskRunner pid=4099970)[0m           'chunk_state_probe_max_tokens': 1024,
[36m(TaskRunner pid=4099970)[0m           'chunk_state_probe_samples': 4,
[36m(TaskRunner pid=4099970)[0m           'chunk_state_skip_all_negative': True,
[36m(TaskRunner pid=4099970)[0m           'chunk_state_skip_uniform': False,
[36m(TaskRunner pid=4099970)[0m           'chunk_state_source_mode': 'success',
[36m(TaskRunner pid=4099970)[0m           'chunk_state_states_per_prompt': 1,
[36m(TaskRunner pid=4099970)[0m           'chunk_state_teacher_anchor_candidate_index': 0,
[36m(TaskRunner pid=4099970)[0m           'chunk_state_teacher_anchor_enable': True,
[36m(TaskRunner pid=4099970)[0m           'chunk_state_teacher_anchor_score': 1.0,
[36m(TaskRunner pid=4099970)[0m           'enable': True,
[36m(TaskRunner pid=4099970)[0m           'majority_vote_num_processes': 64,
[36m(TaskRunner pid=4099970)[0m           'n_samples_per_prompt': 32,
[36m(TaskRunner pid=4099970)[0m           'n_votes_per_prompt': 64,
[36m(TaskRunner pid=4099970)[0m           'powerflow_no_majority': False,
[36m(TaskRunner pid=4099970)[0m           'sharpened_alpha': 2.0,
[36m(TaskRunner pid=4099970)[0m           'sharpened_conf_temperature': 1.0,
[36m(TaskRunner pid=4099970)[0m           'sharpened_enable': False,
[36m(TaskRunner pid=4099970)[0m           'sharpened_negative_enable': True,
[36m(TaskRunner pid=4099970)[0m           'sharpened_negative_reward': -0.25,
[36m(TaskRunner pid=4099970)[0m           'sharpened_reward_mode': 'prob',
[36m(TaskRunner pid=4099970)[0m           'sharpened_soft_coef': 0.25,
[36m(TaskRunner pid=4099970)[0m           'sharpened_tau_low': 0.125,
[36m(TaskRunner pid=4099970)[0m           'sharpened_tau_marg': 0.125,
[36m(TaskRunner pid=4099970)[0m           'sharpened_tau_pos': 0.375,
[36m(TaskRunner pid=4099970)[0m           'sharpened_use_confidence': True}}
[36m(TaskRunner pid=4099970)[0m using customized reward function 'reward_func' from './verl/utils/reward_score/ttrl_math/__init__.py'
[36m(TaskRunner pid=4099970)[0m using customized reward function 'reward_func' from './verl/utils/reward_score/ttrl_math/__init__.py'
[36m(TaskRunner pid=4099970)[0m Using dataset class: RLHFDataset
[36m(TaskRunner pid=4099970)[0m dataset len: 500
[36m(TaskRunner pid=4099970)[0m filter dataset len: 500
[36m(TaskRunner pid=4099970)[0m Using dataset class: RLHFDataset
[36m(TaskRunner pid=4099970)[0m dataset len: 500
[36m(TaskRunner pid=4099970)[0m filter dataset len: 500
[36m(TaskRunner pid=4099970)[0m [validate_config] All configuration checks passed successfully!
[36m(TaskRunner pid=4099970)[0m Size of train dataloader: 15, Size of val dataloader: 1
[36m(TaskRunner pid=4099970)[0m Total training steps: 20
[36m(TaskRunner pid=4099970)[0m colocated worker base class <class 'verl.single_controller.base.worker.Worker'>
[36m(WorkerDict pid=4099972)[0m Model config after override: Qwen2Config {
[36m(WorkerDict pid=4099972)[0m   "architectures": [
[36m(WorkerDict pid=4099972)[0m     "Qwen2ForCausalLM"
[36m(WorkerDict pid=4099972)[0m   ],
[36m(WorkerDict pid=4099972)[0m   "attention_dropout": 0.0,
[36m(WorkerDict pid=4099972)[0m   "bos_token_id": null,
[36m(WorkerDict pid=4099972)[0m   "dtype": "bfloat16",
[36m(WorkerDict pid=4099972)[0m   "eos_token_id": 151643,
[36m(WorkerDict pid=4099972)[0m   "hidden_act": "silu",
[36m(WorkerDict pid=4099972)[0m   "hidden_size": 3584,
[36m(WorkerDict pid=4099972)[0m   "initializer_range": 0.02,
[36m(WorkerDict pid=4099972)[0m   "intermediate_size": 18944,
[36m(WorkerDict pid=4099972)[0m   "layer_types": [
[36m(WorkerDict pid=4099972)[0m     "full_attention",
[36m(WorkerDict pid=4099972)[0m     "full_attention",
[36m(WorkerDict pid=4099972)[0m     "full_attention",
[36m(WorkerDict pid=4099972)[0m     "full_attention",[36m(WorkerDict pid=4099973)[0m Loading weights:   0%|          | 0/339 [00:00<?, ?it/s]
[36m(WorkerDict pid=4099972)[0m Loading weights:   0%|          | 0/339 [00:00<?, ?it/s]Loading weights: 100%|██████████| 339/339 [00:00<00:00, 10590.10it/s]
[36m(WorkerDict pid=4099971)[0m Loading weights: 100%|██████████| 339/339 [00:00<00:00, 11944.67it/s]

[36m(WorkerDict pid=4099972)[0m     "full_attention",
[36m(WorkerDict pid=4099972)[0m     "full_attention",
[36m(WorkerDict pid=4099972)[0m     "full_attention",
[36m(WorkerDict pid=4099972)[0m     "full_attention",
[36m(WorkerDict pid=4099972)[0m     "full_attention",
[36m(WorkerDict pid=4099972)[0m     "full_attention",
[36m(WorkerDict pid=4099972)[0m     "full_attention",
[36m(WorkerDict pid=4099972)[0m     "full_attention",
[36m(WorkerDict pid=4099972)[0m     "full_attention",
[36m(WorkerDict pid=4099972)[0m     "full_attention",
[36m(WorkerDict pid=4099972)[0m     "full_attention",
[36m(WorkerDict pid=4099972)[0m     "full_attention",
[36m(WorkerDict pid=4099972)[0m     "full_attention",
[36m(WorkerDict pid=4099972)[0m     "full_attention",
[36m(WorkerDict pid=4099972)[0m     "full_attention",
[36m(WorkerDict pid=4099972)[0m     "full_attention",
[36m(WorkerDict pid=4099972)[0m     "full_attention",
[36m(WorkerDict pid=4099972)[0m     "full_attention",
[36m(WorkerDict pid=4099972)[0m     "full_attention",
[36m(WorkerDict pid=4099972)[0m     "full_attention",
[36m(WorkerDict pid=4099972)[0m     "full_attention",
[36m(WorkerDict pid=4099972)[0m     "full_attention",
[36m(WorkerDict pid=4099972)[0m     "full_attention",
[36m(WorkerDict pid=4099972)[0m     "full_attention"
[36m(WorkerDict pid=4099972)[0m   ],
[36m(WorkerDict pid=4099972)[0m   "max_position_embeddings": 4096,
[36m(WorkerDict pid=4099972)[0m   "max_window_layers": 28,
[36m(WorkerDict pid=4099972)[0m   "model_type": "qwen2",
[36m(WorkerDict pid=4099972)[0m   "num_attention_heads": 28,
[36m(WorkerDict pid=4099972)[0m   "num_hidden_layers": 28,
[36m(WorkerDict pid=4099972)[0m   "num_key_value_heads": 4,
[36m(WorkerDict pid=4099972)[0m   "pad_token_id": 151643,
[36m(WorkerDict pid=4099972)[0m   "rms_norm_eps": 1e-06,
[36m(WorkerDict pid=4099972)[0m   "rope_parameters": {
[36m(WorkerDict pid=4099972)[0m     "rope_theta": 10000,
[36m(WorkerDict pid=4099972)[0m     "rope_type": "default"
[36m(WorkerDict pid=4099972)[0m   },
[36m(WorkerDict pid=4099972)[0m   "sliding_window": null,
[36m(WorkerDict pid=4099972)[0m   "tie_word_embeddings": false,
[36m(WorkerDict pid=4099972)[0m   "transformers_version": "5.12.1",
[36m(WorkerDict pid=4099972)[0m   "use_cache": true,
[36m(WorkerDict pid=4099972)[0m   "use_mrope": false,
[36m(WorkerDict pid=4099972)[0m   "use_sliding_window": false,
[36m(WorkerDict pid=4099972)[0m   "vocab_size": 152064
[36m(WorkerDict pid=4099972)[0m }
[36m(WorkerDict pid=4099972)[0m 
[36m(WorkerDict pid=4099972)[0m ref attention implementation verified: sdpa
[36m(WorkerDict pid=4099972)[0m Monkey patch _flash_attention_forward in transformers.integrations.flash_attention
[36m(WorkerDict pid=4099972)[0m Using Triton backend for fused kernels in Qwen2ForCausalLM
[36m(WorkerDict pid=4099972)[0m Qwen2ForCausalLM contains 7.62B parameters
[36m(WorkerDict pid=4099972)[0m wrap_policy: functools.partial(<function _or_policy at 0x7ef6e968b420>, policies=[functools.partial(<function transformer_auto_wrap_policy at 0x7ef6e968b2e0>, transformer_layer_cls={<class 'transformers.models.qwen2.modeling_qwen2.Qwen2DecoderLayer'>})])
[36m(WorkerDict pid=4099972)[0m trial-302172199-trialrun-302172199-worker-0:4099972:4099972 [0] NCCL INFO ENV/Plugin: Could not find: libnccl-env.so
[36m(WorkerDict pid=4099972)[0m trial-302172199-trialrun-302172199-worker-0:4099972:4099972 [0] NCCL INFO NCCL_SOCKET_FAMILY set by environment to AF_INET6
[36m(WorkerDict pid=4099972)[0m trial-302172199-trialrun-302172199-worker-0:4099972:4099972 [0] NCCL INFO NCCL_SOCKET_IFNAME set by environment to =eth0
[36m(WorkerDict pid=4099972)[0m trial-302172199-trialrun-302172199-worker-0:4099972:4099972 [0] NCCL INFO cudaDriverVersion 13000
[36m(WorkerDict pid=4099972)[0m trial-302172199-trialrun-302172199-worker-0:4099972:4099972 [0] NCCL INFO NCCL version 2.28.9+cuda13.0
[36m(WorkerDict pid=4099972)[0m trial-302172199-trialrun-302172199-worker-0:4099972:4099972 [0] NCCL INFO Comm config Blocking set to 1
[36m(WorkerDict pid=4099972)[0m trial-302172199-trialrun-302172199-worker-0:4099972:4099972 [0] NCCL INFO NCCL_NET_PLUGIN set by environment to none
[36m(WorkerDict pid=4099972)[0m trial-302172199-trialrun-302172199-worker-0:4099972:4099972 [0] NCCL INFO NCCL_SOCKET_FAMILY set by environment to AF_INET6
[36m(WorkerDict pid=4099972)[0m trial-302172199-trialrun-302172199-worker-0:4099972:4099972 [0] NCCL INFO NCCL_SOCKET_IFNAME set by environment to =eth0
[36m(WorkerDict pid=4099972)[0m trial-302172199-trialrun-302172199-worker-0:4099972:4099972 [0] NCCL INFO NET/Socket : Using [0]eth0:fdbd:dc61:ff:f000:ffff:ffff:0:16<0>
[36m(WorkerDict pid=4099972)[0m trial-302172199-trialrun-302172199-worker-0:4099972:4099972 [0] NCCL INFO Initialized NET plugin Socket
[36m(WorkerDict pid=4099972)[0m trial-302172199-trialrun-302172199-worker-0:4099972:4099972 [0] NCCL INFO Assigned NET plugin Socket to comm
[36m(WorkerDict pid=4099972)[0m trial-302172199-trialrun-302172199-worker-0:4099972:4099972 [0] NCCL INFO Using network Socket
[36m(WorkerDict pid=4099972)[0m trial-302172199-trialrun-302172199-worker-0:4099972:4099972 [0] NCCL INFO ncclCommInitRankConfig comm 0xfa6bde0 rank 0 nranks 8 cudaDev 0 nvmlDev 0 busId f000 commId 0xc5367eed209f61b8 - Init START
[36m(WorkerDict pid=4099972)[0m trial-302172199-trialrun-302172199-worker-0:4099972:4099972 [0] NCCL INFO RAS client listening socket at ::1<28028>
[36m(WorkerDict pid=4099972)[0m trial-302172199-trialrun-302172199-worker-0:4099972:4099972 [0] NCCL INFO MNNVL busId 0xf000 fabric UUID 0.0 cliqueId 0x0 state 3 healthMask 0x80
[36m(WorkerDict pid=4099972)[0m trial-302172199-trialrun-302172199-worker-0:4099972:4099972 [0] NCCL INFO Could not find real path of /sys/class/pci_bus/fffffff/../../fffffff:ff:f
[36m(WorkerDict pid=4099972)[0m trial-302172199-trialrun-302172199-worker-0:4099972:4099972 [0] NCCL INFO TOPO/NET : Importing network plugins to topology
[36m(WorkerDict pid=4099972)[0m trial-302172199-trialrun-302172199-worker-0:4099972:4099972 [0] NCCL INFO ncclTopoPopulateNics : Filled eth0 in topo with pciPath=(null) keep=1 coll=(null)
[36m(WorkerDict pid=4099972)[0m trial-302172199-trialrun-302172199-worker-0:4099972:4099972 [0] NCCL INFO === System : maxBw 721.8 totalBw 721.8 ===
[36m(WorkerDict pid=4099972)[0m trial-302172199-trialrun-302172199-worker-0:4099972:4099972 [0] NCCL INFO CPU/0-0 (1/1/4)
[36m(WorkerDict pid=4099972)[0m trial-302172199-trialrun-302172199-worker-0:4099972:4099972 [0] NCCL INFO + PCI[5000.0] - NIC/0-0
[36m(WorkerDict pid=4099972)[0m trial-302172199-trialrun-302172199-worker-0:4099972:4099972 [0] NCCL INFO                 + NET[1.2] - NET/0-0 (0/0/0/1.250000)
[36m(WorkerDict pid=4099972)[0m trial-302172199-trialrun-302172199-worker-0:4099972:4099972 [0] NCCL INFO                 + NET[1.2] - NET/0-0 (0/0/0/1.250000)
[36m(WorkerDict pid=4099972)[0m trial-302172199-trialrun-302172199-worker-0:4099972:4099972 [0] NCCL INFO + PCI[48.0] - PCI/0-8000 (1000c0301000ffff)
[36m(WorkerDict pid=4099972)[0m trial-302172199-trialrun-302172199-worker-0:4099972:4099972 [0] NCCL INFO               + PCI[48.0] - GPU/0-f000 (0)
[36m(WorkerDict pid=4099972)[0m trial-302172199-trialrun-302172199-worker-0:4099972:4099972 [0] NCCL INFO                             + NVL[721.8] - NVS/0-0
[36m(WorkerDict pid=4099972)[0m trial-302172199-trialrun-302172199-worker-0:4099972:4099972 [0] NCCL INFO + PCI[48.0] - PCI/0-26000 (1000c0301000ffff)
[36m(WorkerDict pid=4099972)[0m trial-302172199-trialrun-302172199-worker-0:4099972:4099972 [0] NCCL INFO               + PCI[48.0] - GPU/0-2d000 (1)
[36m(WorkerDict pid=4099972)[0m trial-302172199-trialrun-302172199-worker-0:4099972:4099972 [0] NCCL INFO                             + NVL[721.8] - NVS/0-0
[36m(WorkerDict pid=4099972)[0m trial-302172199-trialrun-302172199-worker-0:4099972:4099972 [0] NCCL INFO + PCI[48.0] - PCI/0-3d000 (1000c0301000ffff)
[36m(WorkerDict pid=4099972)[0m trial-302172199-trialrun-302172199-worker-0:4099972:4099972 [0] NCCL INFO               + PCI[48.0] - GPU/0-44000 (2)
[36m(WorkerDict pid=4099972)[0m trial-302172199-trialrun-302172199-worker-0:4099972:4099972 [0] NCCL INFO                             + NVL[721.8] - NVS/0-0
[36m(WorkerDict pid=4099972)[0m trial-302172199-trialrun-302172199-worker-0:4099972:4099972 [0] NCCL INFO + PCI[48.0] - PCI/0-54000 (1000c0301000ffff)
[36m(WorkerDict pid=4099972)[0m trial-302172199-trialrun-302172199-worker-0:4099972:4099972 [0] NCCL INFO               + PCI[48.0] - GPU/0-5b000 (3)
[36m(WorkerDict pid=4099972)[0m trial-302172199-trialrun-302172199-worker-0:4099972:4099972 [0] NCCL INFO                             + NVL[721.8] - NVS/0-0
[36m(WorkerDict pid=4099972)[0m trial-302172199-trialrun-302172199-worker-0:4099972:4099972 [0] NCCL INFO + SYS[40.0] - CPU/0-1
[36m(WorkerDict pid=4099972)[0m trial-302172199-trialrun-302172199-worker-0:4099972:4099972 [0] NCCL INFO CPU/0-1 (1/1/4)
[36m(WorkerDict pid=4099972)[0m trial-302172199-trialrun-302172199-worker-0:4099972:4099972 [0] NCCL INFO + PCI[48.0] - PCI/0-82000 (1000c0301000ffff)
[36m(WorkerDict pid=4099972)[0m trial-302172199-trialrun-302172199-worker-0:4099972:4099972 [0] NCCL INFO               + PCI[48.0] - GPU/0-89000 (4)
[36m(WorkerDict pid=4099972)[0m trial-302172199-trialrun-302172199-worker-0:4099972:4099972 [0] NCCL INFO                             + NVL[721.8] - NVS/0-0
[36m(WorkerDict pid=4099972)[0m trial-302172199-trialrun-302172199-worker-0:4099972:4099972 [0] NCCL INFO + PCI[48.0] - PCI/0-a1000 (1000c0301000ffff)
[36m(WorkerDict pid=4099972)[0m trial-302172199-trialrun-302172199-worker-0:4099972:4099972 [0] NCCL INFO               + PCI[48.0] - GPU/0-a8000 (5)
[36m(WorkerDict pid=4099972)[0m trial-302172199-trialrun-302172199-worker-0:4099972:4099972 [0] NCCL INFO                             + NVL[721.8] - NVS/0-0
[36m(WorkerDict pid=4099972)[0m trial-302172199-trialrun-302172199-worker-0:4099972:4099972 [0] NCCL INFO + PCI[48.0] - PCI/0-b9000 (1000c0301000ffff)
[36m(WorkerDict pid=4099972)[0m trial-302172199-trialrun-302172199-worker-0:4099972:4099972 [0] NCCL INFO               + PCI[48.0] - GPU/0-c0000 (6)
[36m(WorkerDict pid=4099972)[0m trial-302172199-trialrun-302172199-worker-0:4099972:4099972 [0] NCCL INFO                             + NVL[721.8] - NVS/0-0
[36m(WorkerDict pid=4099972)[0m trial-302172199-trialrun-302172199-worker-0:4099972:4099972 [0] NCCL INFO + PCI[48.0] - PCI/0-d1000 (1000c0301000ffff)
[36m(WorkerDict pid=4099972)[0m trial-302172199-trialrun-302172199-worker-0:4099972:4099972 [0] NCCL INFO               + PCI[48.0] - GPU/0-d8000 (7)
[36m(WorkerDict pid=4099972)[0m trial-302172199-trialrun-302172199-worker-0:4099972:4099972 [0] NCCL INFO                             + NVL[721.8] - NVS/0-0
[36m(WorkerDict pid=4099972)[0m trial-302172199-trialrun-302172199-worker-0:4099972:4099972 [0] NCCL INFO + SYS[40.0] - CPU/0-0
[36m(WorkerDict pid=4099972)[0m trial-302172199-trialrun-302172199-worker-0:4099972:4099972 [0] NCCL INFO ==========================================
[36m(WorkerDict pid=4099972)[0m trial-302172199-trialrun-302172199-worker-0:4099972:4099972 [0] NCCL INFO GPU/0-f000 :GPU/0-f000 (0/5000.0/LOC) GPU/0-2d000 (2/721.8/NVL) GPU/0-44000 (2/721.8/NVL) GPU/0-5b000 (2/721.8/NVL) GPU/0-89000 (2/721.8/NVL) GPU/0-a8000 (2/721.8/NVL) GPU/0-c0000 (2/721.8/NVL) GPU/0-d8000 (2/721.8/NVL) NVS/0-0 (1/721.8/NVL) CPU/0-0 (2/48.0/PHB) CPU/0-1 (3/40.0/SYS) NET/0-0 (4/1.2/PHB) NET/0-0 (0/0.0/DIS) 
[36m(WorkerDict pid=4099972)[0m trial-302172199-trialrun-302172199-worker-0:4099972:4099972 [0] NCCL INFO GPU/0-2d000 :GPU/0-f000 (2/721.8/NVL) GPU/0-2d000 (0/5000.0/LOC) GPU/0-44000 (2/721.8/NVL) GPU/0-5b000 (2/721.8/NVL) GPU/0-89000 (2/721.8/NVL) GPU/0-a8000 (2/721.8/NVL) GPU/0-c0000 (2/721.8/NVL) GPU/0-d8000 (2/721.8/NVL) NVS/0-0 (1/721.8/NVL) CPU/0-0 (2/48.0/PHB) CPU/0-1 (3/40.0/SYS) NET/0-0 (4/1.2/PHB) NET/0-0 (0/0.0/DIS) 
[36m(WorkerDict pid=4099972)[0m trial-302172199-trialrun-302172199-worker-0:4099972:4099972 [0] NCCL INFO GPU/0-44000 :GPU/0-f000 (2/721.8/NVL) GPU/0-2d000 (2/721.8/NVL) GPU/0-44000 (0/5000.0/LOC) GPU/0-5b000 (2/721.8/NVL) GPU/0-89000 (2/721.8/NVL) GPU/0-a8000 (2/721.8/NVL) GPU/0-c0000 (2/721.8/NVL) GPU/0-d8000 (2/721.8/NVL) NVS/0-0 (1/721.8/NVL) CPU/0-0 (2/48.0/PHB) CPU/0-1 (3/40.0/SYS) NET/0-0 (4/1.2/PHB) NET/0-0 (0/0.0/DIS) 
[36m(WorkerDict pid=4099972)[0m trial-302172199-trialrun-302172199-worker-0:4099972:4099972 [0] NCCL INFO GPU/0-5b000 :GPU/0-f000 (2/721.8/NVL) GPU/0-2d000 (2/721.8/NVL) GPU/0-44000 (2/721.8/NVL) GPU/0-5b000 (0/5000.0/LOC) GPU/0-89000 (2/721.8/NVL) GPU/0-a8000 (2/721.8/NVL) GPU/0-c0000 (2/721.8/NVL) GPU/0-d8000 (2/721.8/NVL) NVS/0-0 (1/721.8/NVL) CPU/0-0 (2/48.0/PHB) CPU/0-1 (3/40.0/SYS) NET/0-0 (4/1.2/PHB) NET/0-0 (0/0.0/DIS) 
[36m(WorkerDict pid=4099972)[0m trial-302172199-trialrun-302172199-worker-0:4099972:4099972 [0] NCCL INFO GPU/0-89000 :GPU/0-f000 (2/721.8/NVL) GPU/0-2d000 (2/721.8/NVL) GPU/0-44000 (2/721.8/NVL) GPU/0-5b000 (2/721.8/NVL) GPU/0-89000 (0/5000.0/LOC) GPU/0-a8000 (2/721.8/NVL) GPU/0-c0000 (2/721.8/NVL) GPU/0-d8000 (2/721.8/NVL) NVS/0-0 (1/721.8/NVL) CPU/0-0 (3/40.0/SYS) CPU/0-1 (2/48.0/PHB) NET/0-0 (5/1.2/SYS) NET/0-0 (0/0.0/DIS) 
[36m(WorkerDict pid=4099972)[0m trial-302172199-trialrun-302172199-worker-0:4099972:4099972 [0] NCCL INFO GPU/0-a8000 :GPU/0-f000 (2/721.8/NVL) GPU/0-2d000 (2/721.8/NVL) GPU/0-44000 (2/721.8/NVL) GPU/0-5b000 (2/721.8/NVL) GPU/0-89000 (2/721.8/NVL) GPU/0-a8000 (0/5000.0/LOC) GPU/0-c0000 (2/721.8/NVL) GPU/0-d8000 (2/721.8/NVL) NVS/0-0 (1/721.8/NVL) CPU/0-0 (3/40.0/SYS) CPU/0-1 (2/48.0/PHB) NET/0-0 (5/1.2/SYS) NET/0-0 (0/0.0/DIS) 
[36m(WorkerDict pid=4099972)[0m trial-302172199-trialrun-302172199-worker-0:4099972:4099972 [0] NCCL INFO GPU/0-c0000 :GPU/0-f000 (2/721.8/NVL) GPU/0-2d000 (2/721.8/NVL) GPU/0-44000 (2/721.8/NVL) GPU/0-5b000 (2/721.8/NVL) GPU/0-89000 (2/721.8/NVL) GPU/0-a8000 (2/721.8/NVL) GPU/0-c0000 (0/5000.0/LOC) GPU/0-d8000 (2/721.8/NVL) NVS/0-0 (1/721.8/NVL) CPU/0-0 (3/40.0/SYS) CPU/0-1 (2/48.0/PHB) NET/0-0 (5/1.2/SYS) NET/0-0 (0/0.0/DIS) 
[36m(WorkerDict pid=4099972)[0m trial-302172199-trialrun-302172199-worker-0:4099972:4099972 [0] NCCL INFO GPU/0-d8000 :GPU/0-f000 (2/721.8/NVL) GPU/0-2d000 (2/721.8/NVL) GPU/0-44000 (2/721.8/NVL) GPU/0-5b000 (2/721.8/NVL) GPU/0-89000 (2/721.8/NVL) GPU/0-a8000 (2/721.8/NVL) GPU/0-c0000 (2/721.8/NVL) GPU/0-d8000 (0/5000.0/LOC) NVS/0-0 (1/721.8/NVL) CPU/0-0 (3/40.0/SYS) CPU/0-1 (2/48.0/PHB) NET/0-0 (5/1.2/SYS) NET/0-0 (0/0.0/DIS) 
[36m(WorkerDict pid=4099972)[0m trial-302172199-trialrun-302172199-worker-0:4099972:4099972 [0] NCCL INFO NET/0-0 :GPU/0-f000 (4/1.2/PHB) GPU/0-2d000 (4/1.2/PHB) GPU/0-44000 (4/1.2/PHB) GPU/0-5b000 (4/1.2/PHB) GPU/0-89000 (5/1.2/SYS) GPU/0-a8000 (5/1.2/SYS) GPU/0-c0000 (5/1.2/SYS) GPU/0-d8000 (5/1.2/SYS) CPU/0-0 (2/1.2/PHB) CPU/0-1 (3/1.2/SYS) NET/0-0 (0/5000.0/LOC) NET/0-0 (0/0.0/DIS) 
[36m(WorkerDict pid=4099972)[0m trial-302172199-trialrun-302172199-worker-0:4099972:4099972 [0] NCCL INFO NET/0-0 :GPU/0-f000 (4/1.2/PHB) GPU/0-2d000 (4/1.2/PHB) GPU/0-44000 (4/1.2/PHB) GPU/0-5b000 (4/1.2/PHB) GPU/0-89000 (5/1.2/SYS) GPU/0-a8000 (5/1.2/SYS) GPU/0-c0000 (5/1.2/SYS) GPU/0-d8000 (5/1.2/SYS) CPU/0-0 (2/1.2/PHB) CPU/0-1 (3/1.2/SYS) NET/0-0 (0/5000.0/LOC) NET/0-0 (0/0.0/DIS) 
[36m(WorkerDict pid=4099972)[0m trial-302172199-trialrun-302172199-worker-0:4099972:4099972 [0] NCCL INFO ncclTopoGetCpuAffinity: Affinity for GPU 0 is 0-62,128-190. (GPU affinity = 0-63,128-191 ; CPU affinity = 0-62,64-126,128-190,192-254).
[36m(WorkerDict pid=4099972)[0m trial-302172199-trialrun-302172199-worker-0:4099972:4099972 [0] NCCL INFO NCCL_NVLS_ENABLE set by environment to 1.
[36m(WorkerDict pid=4099972)[0m trial-302172199-trialrun-302172199-worker-0:4099972:4099972 [0] NCCL INFO NVLS multicast support is available on dev 0 (NVLS_NCHANNELS 24)
[36m(WorkerDict pid=4099972)[0m trial-302172199-trialrun-302172199-worker-0:4099972:4099972 [0] NCCL INFO Pattern 4, crossNic 0, nChannels 16, bw 45.000000/45.000000, type NVL/PIX, sameChannels 1
[36m(WorkerDict pid=4099972)[0m trial-302172199-trialrun-302172199-worker-0:4099972:4099972 [0] NCCL INFO  0 : GPU/0-f000 GPU/0-2d000 GPU/0-44000 GPU/0-5b000 GPU/0-89000 GPU/0-a8000 GPU/0-c0000 GPU/0-d8000
[36m(WorkerDict pid=4099972)[0m trial-302172199-trialrun-302172199-worker-0:4099972:4099972 [0] NCCL INFO  1 : GPU/0-f000 GPU/0-2d000 GPU/0-44000 GPU/0-5b000 GPU/0-89000 GPU/0-a8000 GPU/0-c0000 GPU/0-d8000
[36m(WorkerDict pid=4099972)[0m trial-302172199-trialrun-302172199-worker-0:4099972:4099972 [0] NCCL INFO  2 : GPU/0-f000 GPU/0-2d000 GPU/0-44000 GPU/0-5b000 GPU/0-89000 GPU/0-a8000 GPU/0-c0000 GPU/0-d8000
[36m(WorkerDict pid=4099972)[0m trial-302172199-trialrun-302172199-worker-0:4099972:4099972 [0] NCCL INFO  3 : GPU/0-f000 GPU/0-2d000 GPU/0-44000 GPU/0-5b000 GPU/0-89000 GPU/0-a8000 GPU/0-c0000 GPU/0-d8000
[36m(WorkerDict pid=4099972)[0m trial-302172199-trialrun-302172199-worker-0:4099972:4099972 [0] NCCL INFO  4 : GPU/0-f000 GPU/0-2d000 GPU/0-44000 GPU/0-5b000 GPU/0-89000 GPU/0-a8000 GPU/0-c0000 GPU/0-d8000
[36m(WorkerDict pid=4099972)[0m trial-302172199-trialrun-302172199-worker-0:4099972:4099972 [0] NCCL INFO  5 : GPU/0-f000 GPU/0-2d000 GPU/0-44000 GPU/0-5b000 GPU/0-89000 GPU/0-a8000 GPU/0-c0000 GPU/0-d8000
[36m(WorkerDict pid=4099972)[0m trial-302172199-trialrun-302172199-worker-0:4099972:4099972 [0] NCCL INFO  6 : GPU/0-f000 GPU/0-2d000 GPU/0-44000 GPU/0-5b000 GPU/0-89000 GPU/0-a8000 GPU/0-c0000 GPU/0-d8000
[36m(WorkerDict pid=4099972)[0m trial-302172199-trialrun-302172199-worker-0:4099972:4099972 [0] NCCL INFO  7 : GPU/0-f000 GPU/0-2d000 GPU/0-44000 GPU/0-5b000 GPU/0-89000 GPU/0-a8000 GPU/0-c0000 GPU/0-d8000
[36m(WorkerDict pid=4099972)[0m trial-302172199-trialrun-302172199-worker-0:4099972:4099972 [0] NCCL INFO  8 : GPU/0-f000 GPU/0-2d000 GPU/0-44000 GPU/0-5b000 GPU/0-89000 GPU/0-a8000 GPU/0-c0000 GPU/0-d8000
[36m(WorkerDict pid=4099972)[0m trial-302172199-trialrun-302172199-worker-0:4099972:4099972 [0] NCCL INFO  9 : GPU/0-f000 GPU/0-2d000 GPU/0-44000 GPU/0-5b000 GPU/0-89000 GPU/0-a8000 GPU/0-c0000 GPU/0-d8000
[36m(WorkerDict pid=4099972)[0m trial-302172199-trialrun-302172199-worker-0:4099972:4099972 [0] NCCL INFO 10 : GPU/0-f000 GPU/0-2d000 GPU/0-44000 GPU/0-5b000 GPU/0-89000 GPU/0-a8000 GPU/0-c0000 GPU/0-d8000
[36m(WorkerDict pid=4099972)[0m trial-302172199-trialrun-302172199-worker-0:4099972:4099972 [0] NCCL INFO 11 : GPU/0-f000 GPU/0-2d000 GPU/0-44000 GPU/0-5b000 GPU/0-89000 GPU/0-a8000 GPU/0-c0000 GPU/0-d8000
[36m(WorkerDict pid=4099972)[0m trial-302172199-trialrun-302172199-worker-0:4099972:4099972 [0] NCCL INFO 12 : GPU/0-f000 GPU/0-2d000 GPU/0-44000 GPU/0-5b000 GPU/0-89000 GPU/0-a8000 GPU/0-c0000 GPU/0-d8000
[36m(WorkerDict pid=4099972)[0m trial-302172199-trialrun-302172199-worker-0:4099972:4099972 [0] NCCL INFO 13 : GPU/0-f000 GPU/0-2d000 GPU/0-44000 GPU/0-5b000 GPU/0-89000 GPU/0-a8000 GPU/0-c0000 GPU/0-d8000
[36m(WorkerDict pid=4099972)[0m trial-302172199-trialrun-302172199-worker-0:4099972:4099972 [0] NCCL INFO 14 : GPU/0-f000 GPU/0-2d000 GPU/0-44000 GPU/0-5b000 GPU/0-89000 GPU/0-a8000 GPU/0-c0000 GPU/0-d8000
[36m(WorkerDict pid=4099972)[0m trial-302172199-trialrun-302172199-worker-0:4099972:4099972 [0] NCCL INFO 15 : GPU/0-f000 GPU/0-2d000 GPU/0-44000 GPU/0-5b000 GPU/0-89000 GPU/0-a8000 GPU/0-c0000 GPU/0-d8000
[36m(WorkerDict pid=4099972)[0m trial-302172199-trialrun-302172199-worker-0:4099972:4099972 [0] NCCL INFO Pattern 1, crossNic 0, nChannels 16, bw 40.000000/40.000000, type NVL/PIX, sameChannels 1
[36m(WorkerDict pid=4099972)[0m trial-302172199-trialrun-302172199-worker-0:4099972:4099972 [0] NCCL INFO  0 : GPU/0-f000 GPU/0-2d000 GPU/0-44000 GPU/0-5b000 GPU/0-89000 GPU/0-a8000 GPU/0-c0000 GPU/0-d8000
[36m(WorkerDict pid=4099972)[0m trial-302172199-trialrun-302172199-worker-0:4099972:4099972 [0] NCCL INFO  1 : GPU/0-f000 GPU/0-2d000 GPU/0-44000 GPU/0-5b000 GPU/0-89000 GPU/0-a8000 GPU/0-c0000 GPU/0-d8000
[36m(WorkerDict pid=4099972)[0m trial-302172199-trialrun-302172199-worker-0:4099972:4099972 [0] NCCL INFO  2 : GPU/0-f000 GPU/0-2d000 GPU/0-44000 GPU/0-5b000 GPU/0-89000 GPU/0-a8000 GPU/0-c0000 GPU/0-d8000
[36m(WorkerDict pid=4099972)[0m trial-302172199-trialrun-302172199-worker-0:4099972:4099972 [0] NCCL INFO  3 : GPU/0-f000 GPU/0-2d000 GPU/0-44000 GPU/0-5b000 GPU/0-89000 GPU/0-a8000 GPU/0-c0000 GPU/0-d8000
[36m(WorkerDict pid=4099972)[0m trial-302172199-trialrun-302172199-worker-0:4099972:4099972 [0] NCCL INFO  4 : GPU/0-f000 GPU/0-2d000 GPU/0-44000 GPU/0-5b000 GPU/0-89000 GPU/0-a8000 GPU/0-c0000 GPU/0-d8000
[36m(WorkerDict pid=4099972)[0m trial-302172199-trialrun-302172199-worker-0:4099972:4099972 [0] NCCL INFO  5 : GPU/0-f000 GPU/0-2d000 GPU/0-44000 GPU/0-5b000 GPU/0-89000 GPU/0-a8000 GPU/0-c0000 GPU/0-d8000
[36m(WorkerDict pid=4099972)[0m trial-302172199-trialrun-302172199-worker-0:4099972:4099972 [0] NCCL INFO  6 : GPU/0-f000 GPU/0-2d000 GPU/0-44000 GPU/0-5b000 GPU/0-89000 GPU/0-a8000 GPU/0-c0000 GPU/0-d8000
[36m(WorkerDict pid=4099972)[0m trial-302172199-trialrun-302172199-worker-0:4099972:4099972 [0] NCCL INFO  7 : GPU/0-f000 GPU/0-2d000 GPU/0-44000 GPU/0-5b000 GPU/0-89000 GPU/0-a8000 GPU/0-c0000 GPU/0-d8000
[36m(WorkerDict pid=4099972)[0m trial-302172199-trialrun-302172199-worker-0:4099972:4099972 [0] NCCL INFO  8 : GPU/0-f000 GPU/0-2d000 GPU/0-44000 GPU/0-5b000 GPU/0-89000 GPU/0-a8000 GPU/0-c0000 GPU/0-d8000
[36m(WorkerDict pid=4099972)[0m trial-302172199-trialrun-302172199-worker-0:4099972:4099972 [0] NCCL INFO  9 : GPU/0-f000 GPU/0-2d000 GPU/0-44000 GPU/0-5b000 GPU/0-89000 GPU/0-a8000 GPU/0-c0000 GPU/0-d8000
[36m(WorkerDict pid=4099972)[0m trial-302172199-trialrun-302172199-worker-0:4099972:4099972 [0] NCCL INFO 10 : GPU/0-f000 GPU/0-2d000 GPU/0-44000 GPU/0-5b000 GPU/0-89000 GPU/0-a8000 GPU/0-c0000 GPU/0-d8000
[36m(WorkerDict pid=4099972)[0m trial-302172199-trialrun-302172199-worker-0:4099972:4099972 [0] NCCL INFO 11 : GPU/0-f000 GPU/0-2d000 GPU/0-44000 GPU/0-5b000 GPU/0-89000 GPU/0-a8000 GPU/0-c0000 GPU/0-d8000
[36m(WorkerDict pid=4099972)[0m trial-302172199-trialrun-302172199-worker-0:4099972:4099972 [0] NCCL INFO 12 : GPU/0-f000 GPU/0-2d000 GPU/0-44000 GPU/0-5b000 GPU/0-89000 GPU/0-a8000 GPU/0-c0000 GPU/0-d8000
[36m(WorkerDict pid=4099972)[0m trial-302172199-trialrun-302172199-worker-0:4099972:4099972 [0] NCCL INFO 13 : GPU/0-f000 GPU/0-2d000 GPU/0-44000 GPU/0-5b000 GPU/0-89000 GPU/0-a8000 GPU/0-c0000 GPU/0-d8000
[36m(WorkerDict pid=4099972)[0m trial-302172199-trialrun-302172199-worker-0:4099972:4099972 [0] NCCL INFO 14 : GPU/0-f000 GPU/0-2d000 GPU/0-44000 GPU/0-5b000 GPU/0-89000 GPU/0-a8000 GPU/0-c0000 GPU/0-d8000
[36m(WorkerDict pid=4099972)[0m trial-302172199-trialrun-302172199-worker-0:4099972:4099972 [0] NCCL INFO 15 : GPU/0-f000 GPU/0-2d000 GPU/0-44000 GPU/0-5b000 GPU/0-89000 GPU/0-a8000 GPU/0-c0000 GPU/0-d8000
[36m(WorkerDict pid=4099972)[0m trial-302172199-trialrun-302172199-worker-0:4099972:4099972 [0] NCCL INFO Pattern 5, crossNic 0, nChannels 8, bw 80.000000/90.000000, type NVL/PIX, sameChannels 0
[36m(WorkerDict pid=4099972)[0m trial-302172199-trialrun-302172199-worker-0:4099972:4099972 [0] NCCL INFO  0 : GPU/0-f000
[36m(WorkerDict pid=4099972)[0m trial-302172199-trialrun-302172199-worker-0:4099972:4099972 [0] NCCL INFO  1 : GPU/0-2d000
[36m(WorkerDict pid=4099972)[0m trial-302172199-trialrun-302172199-worker-0:4099972:4099972 [0] NCCL INFO  2 : GPU/0-44000
[36m(WorkerDict pid=4099972)[0m trial-302172199-trialrun-302172199-worker-0:4099972:4099972 [0] NCCL INFO  3 : GPU/0-5b000
[36m(WorkerDict pid=4099972)[0m trial-302172199-trialrun-302172199-worker-0:4099972:4099972 [0] NCCL INFO  4 : GPU/0-89000
[36m(WorkerDict pid=4099972)[0m trial-302172199-trialrun-302172199-worker-0:4099972:4099972 [0] NCCL INFO  5 : GPU/0-a8000
[36m(WorkerDict pid=4099972)[0m trial-302172199-trialrun-302172199-worker-0:4099972:4099972 [0] NCCL INFO  6 : GPU/0-c0000
[36m(WorkerDict pid=4099972)[0m trial-302172199-trialrun-302172199-worker-0:4099972:4099972 [0] NCCL INFO  7 : GPU/0-d8000
[36m(WorkerDict pid=4099972)[0m trial-302172199-trialrun-302172199-worker-0:4099972:4099972 [0] NCCL INFO comm 0xfa6bde0 rank 0 nRanks 8 nNodes 1 localRanks 8 localRank 0 MNNVL 0
[36m(WorkerDict pid=4099972)[0m trial-302172199-trialrun-302172199-worker-0:4099972:4099972 [0] NCCL INFO Tree 0 : -1 -> 0 -> 1/-1/-1
[36m(WorkerDict pid=4099972)[0m trial-302172199-trialrun-302172199-worker-0:4099972:4099972 [0] NCCL INFO Tree 16 : -1 -> 0 -> 1/-1/-1
[36m(WorkerDict pid=4099972)[0m trial-302172199-trialrun-302172199-worker-0:4099972:4099972 [0] NCCL INFO Tree 1 : -1 -> 0 -> 1/-1/-1
[36m(WorkerDict pid=4099972)[0m trial-302172199-trialrun-302172199-worker-0:4099972:4099972 [0] NCCL INFO Tree 17 : -1 -> 0 -> 1/-1/-1
[36m(WorkerDict pid=4099972)[0m trial-302172199-trialrun-302172199-worker-0:4099972:4099972 [0] NCCL INFO Tree 2 : -1 -> 0 -> 1/-1/-1
[36m(WorkerDict pid=4099972)[0m trial-302172199-trialrun-302172199-worker-0:4099972:4099972 [0] NCCL INFO Tree 18 : -1 -> 0 -> 1/-1/-1
[36m(WorkerDict pid=4099972)[0m trial-302172199-trialrun-302172199-worker-0:4099972:4099972 [0] NCCL INFO Tree 3 : -1 -> 0 -> 1/-1/-1
[36m(WorkerDict pid=4099972)[0m trial-302172199-trialrun-302172199-worker-0:4099972:4099972 [0] NCCL INFO Tree 19 : -1 -> 0 -> 1/-1/-1
[36m(WorkerDict pid=4099972)[0m trial-302172199-trialrun-302172199-worker-0:4099972:4099972 [0] NCCL INFO Tree 4 : -1 -> 0 -> 1/-1/-1
[36m(WorkerDict pid=4099972)[0m trial-302172199-trialrun-302172199-worker-0:4099972:4099972 [0] NCCL INFO Tree 20 : -1 -> 0 -> 1/-1/-1
[36m(WorkerDict pid=4099972)[0m trial-302172199-trialrun-302172199-worker-0:4099972:4099972 [0] NCCL INFO Tree 5 : -1 -> 0 -> 1/-1/-1
[36m(WorkerDict pid=4099972)[0m trial-302172199-trialrun-302172199-worker-0:4099972:4099972 [0] NCCL INFO Tree 21 : -1 -> 0 -> 1/-1/-1
[36m(WorkerDict pid=4099972)[0m trial-302172199-trialrun-302172199-worker-0:4099972:4099972 [0] NCCL INFO Tree 6 : -1 -> 0 -> 1/-1/-1
[36m(WorkerDict pid=4099972)[0m trial-302172199-trialrun-302172199-worker-0:4099972:4099972 [0] NCCL INFO Tree 22 : -1 -> 0 -> 1/-1/-1
[36m(WorkerDict pid=4099972)[0m trial-302172199-trialrun-302172199-worker-0:4099972:4099972 [0] NCCL INFO Tree 7 : -1 -> 0 -> 1/-1/-1
[36m(WorkerDict pid=4099972)[0m trial-302172199-trialrun-302172199-worker-0:4099972:4099972 [0] NCCL INFO Tree 23 : -1 -> 0 -> 1/-1/-1
[36m(WorkerDict pid=4099972)[0m trial-302172199-trialrun-302172199-worker-0:4099972:4099972 [0] NCCL INFO Tree 8 : -1 -> 0 -> 1/-1/-1
[36m(WorkerDict pid=4099972)[0m trial-302172199-trialrun-302172199-worker-0:4099972:4099972 [0] NCCL INFO Tree 24 : -1 -> 0 -> 1/-1/-1
[36m(WorkerDict pid=4099972)[0m trial-302172199-trialrun-302172199-worker-0:4099972:4099972 [0] NCCL INFO Tree 9 : -1 -> 0 -> 1/-1/-1
[36m(WorkerDict pid=4099972)[0m trial-302172199-trialrun-302172199-worker-0:4099972:4099972 [0] NCCL INFO Tree 25 : -1 -> 0 -> 1/-1/-1
[36m(WorkerDict pid=4099972)[0m trial-302172199-trialrun-302172199-worker-0:4099972:4099972 [0] NCCL INFO Tree 10 : -1 -> 0 -> 1/-1/-1
[36m(WorkerDict pid=4099972)[0m trial-302172199-trialrun-302172199-worker-0:4099972:4099972 [0] NCCL INFO Tree 26 : -1 -> 0 -> 1/-1/-1
[36m(WorkerDict pid=4099972)[0m trial-302172199-trialrun-302172199-worker-0:4099972:4099972 [0] NCCL INFO Tree 11 : -1 -> 0 -> 1/-1/-1
[36m(WorkerDict pid=4099972)[0m trial-302172199-trialrun-302172199-worker-0:4099972:4099972 [0] NCCL INFO Tree 27 : -1 -> 0 -> 1/-1/-1
[36m(WorkerDict pid=4099972)[0m trial-302172199-trialrun-302172199-worker-0:4099972:4099972 [0] NCCL INFO Tree 12 : -1 -> 0 -> 1/-1/-1
[36m(WorkerDict pid=4099972)[0m trial-302172199-trialrun-302172199-worker-0:4099972:4099972 [0] NCCL INFO Tree 28 : -1 -> 0 -> 1/-1/-1
[36m(WorkerDict pid=4099972)[0m trial-302172199-trialrun-302172199-worker-0:4099972:4099972 [0] NCCL INFO Tree 13 : -1 -> 0 -> 1/-1/-1
[36m(WorkerDict pid=4099972)[0m trial-302172199-trialrun-302172199-worker-0:4099972:4099972 [0] NCCL INFO Tree 29 : -1 -> 0 -> 1/-1/-1
[36m(WorkerDict pid=4099972)[0m trial-302172199-trialrun-302172199-worker-0:4099972:4099972 [0] NCCL INFO Tree 14 : -1 -> 0 -> 1/-1/-1
[36m(WorkerDict pid=4099972)[0m trial-302172199-trialrun-302172199-worker-0:4099972:4099972 [0] NCCL INFO Tree 30 : -1 -> 0 -> 1/-1/-1
[36m(WorkerDict pid=4099972)[0m trial-302172199-trialrun-302172199-worker-0:4099972:4099972 [0] NCCL INFO Tree 15 : -1 -> 0 -> 1/-1/-1
[36m(WorkerDict pid=4099972)[0m trial-302172199-trialrun-302172199-worker-0:4099972:4099972 [0] NCCL INFO Tree 31 : -1 -> 0 -> 1/-1/-1
[36m(WorkerDict pid=4099972)[0m trial-302172199-trialrun-302172199-worker-0:4099972:4099972 [0] NCCL INFO Channel 00/32 : 0 1 2 3 4 5 6 7
[36m(WorkerDict pid=4099972)[0m trial-302172199-trialrun-302172199-worker-0:4099972:4099972 [0] NCCL INFO Channel 01/32 : 0 1 2 3 4 5 6 7
[36m(WorkerDict pid=4099972)[0m trial-302172199-trialrun-302172199-worker-0:4099972:4099972 [0] NCCL INFO Channel 02/32 : 0 1 2 3 4 5 6 7
[36m(WorkerDict pid=4099972)[0m trial-302172199-trialrun-302172199-worker-0:4099972:4099972 [0] NCCL INFO Channel 03/32 : 0 1 2 3 4 5 6 7
[36m(WorkerDict pid=4099972)[0m trial-302172199-trialrun-302172199-worker-0:4099972:4099972 [0] NCCL INFO Channel 04/32 : 0 1 2 3 4 5 6 7
[36m(WorkerDict pid=4099972)[0m trial-302172199-trialrun-302172199-worker-0:4099972:4099972 [0] NCCL INFO Channel 05/32 : 0 1 2 3 4 5 6 7
[36m(WorkerDict pid=4099972)[0m trial-302172199-trialrun-302172199-worker-0:4099972:4099972 [0] NCCL INFO Channel 06/32 : 0 1 2 3 4 5 6 7
[36m(WorkerDict pid=4099972)[0m trial-302172199-trialrun-302172199-worker-0:4099972:4099972 [0] NCCL INFO Channel 07/32 : 0 1 2 3 4 5 6 7
[36m(WorkerDict pid=4099972)[0m trial-302172199-trialrun-302172199-worker-0:4099972:4099972 [0] NCCL INFO Channel 08/32 : 0 1 2 3 4 5 6 7
[36m(WorkerDict pid=4099972)[0m trial-302172199-trialrun-302172199-worker-0:4099972:4099972 [0] NCCL INFO Channel 09/32 : 0 1 2 3 4 5 6 7
[36m(WorkerDict pid=4099972)[0m trial-302172199-trialrun-302172199-worker-0:4099972:4099972 [0] NCCL INFO Channel 10/32 : 0 1 2 3 4 5 6 7
[36m(WorkerDict pid=4099972)[0m trial-302172199-trialrun-302172199-worker-0:4099972:4099972 [0] NCCL INFO Channel 11/32 : 0 1 2 3 4 5 6 7
[36m(WorkerDict pid=4099972)[0m trial-302172199-trialrun-302172199-worker-0:4099972:4099972 [0] NCCL INFO Channel 12/32 : 0 1 2 3 4 5 6 7
[36m(WorkerDict pid=4099972)[0m trial-302172199-trialrun-302172199-worker-0:4099972:4099972 [0] NCCL INFO Channel 13/32 : 0 1 2 3 4 5 6 7
[36m(WorkerDict pid=4099972)[0m trial-302172199-trialrun-302172199-worker-0:4099972:4099972 [0] NCCL INFO Channel 14/32 : 0 1 2 3 4 5 6 7
[36m(WorkerDict pid=4099972)[0m trial-302172199-trialrun-302172199-worker-0:4099972:4099972 [0] NCCL INFO Channel 15/32 : 0 1 2 3 4 5 6 7
[36m(WorkerDict pid=4099972)[0m trial-302172199-trialrun-302172199-worker-0:4099972:4099972 [0] NCCL INFO Channel 16/32 : 0 1 2 3 4 5 6 7
[36m(WorkerDict pid=4099972)[0m trial-302172199-trialrun-302172199-worker-0:4099972:4099972 [0] NCCL INFO Channel 17/32 : 0 1 2 3 4 5 6 7
[36m(WorkerDict pid=4099972)[0m trial-302172199-trialrun-302172199-worker-0:4099972:4099972 [0] NCCL INFO Channel 18/32 : 0 1 2 3 4 5 6 7
[36m(WorkerDict pid=4099972)[0m trial-302172199-trialrun-302172199-worker-0:4099972:4099972 [0] NCCL INFO Channel 19/32 : 0 1 2 3 4 5 6 7
[36m(WorkerDict pid=4099972)[0m trial-302172199-trialrun-302172199-worker-0:4099972:4099972 [0] NCCL INFO Channel 20/32 : 0 1 2 3 4 5 6 7
[36m(WorkerDict pid=4099972)[0m trial-302172199-trialrun-302172199-worker-0:4099972:4099972 [0] NCCL INFO Channel 21/32 : 0 1 2 3 4 5 6 7
[36m(WorkerDict pid=4099972)[0m trial-302172199-trialrun-302172199-worker-0:4099972:4099972 [0] NCCL INFO Channel 22/32 : 0 1 2 3 4 5 6 7
[36m(WorkerDict pid=4099972)[0m trial-302172199-trialrun-302172199-worker-0:4099972:4099972 [0] NCCL INFO Channel 23/32 : 0 1 2 3 4 5 6 7
[36m(WorkerDict pid=4099972)[0m trial-302172199-trialrun-302172199-worker-0:4099972:4099972 [0] NCCL INFO Channel 24/32 : 0 1 2 3 4 5 6 7
[36m(WorkerDict pid=4099972)[0m trial-302172199-trialrun-302172199-worker-0:4099972:4099972 [0] NCCL INFO Channel 25/32 : 0 1 2 3 4 5 6 7
[36m(WorkerDict pid=4099972)[0m trial-302172199-trialrun-302172199-worker-0:4099972:4099972 [0] NCCL INFO Channel 26/32 : 0 1 2 3 4 5 6 7
[36m(WorkerDict pid=4099972)[0m trial-302172199-trialrun-302172199-worker-0:4099972:4099972 [0] NCCL INFO Channel 27/32 : 0 1 2 3 4 5 6 7
[36m(WorkerDict pid=4099972)[0m trial-302172199-trialrun-302172199-worker-0:4099972:4099972 [0] NCCL INFO Channel 28/32 : 0 1 2 3 4 5 6 7
[36m(WorkerDict pid=4099972)[0m trial-302172199-trialrun-302172199-worker-0:4099972:4099972 [0] NCCL INFO Channel 29/32 : 0 1 2 3 4 5 6 7
[36m(WorkerDict pid=4099972)[0m trial-302172199-trialrun-302172199-worker-0:4099972:4099972 [0] NCCL INFO Channel 30/32 : 0 1 2 3 4 5 6 7
[36m(WorkerDict pid=4099972)[0m trial-302172199-trialrun-302172199-worker-0:4099972:4099972 [0] NCCL INFO Channel 31/32 : 0 1 2 3 4 5 6 7
[36m(WorkerDict pid=4099972)[0m trial-302172199-trialrun-302172199-worker-0:4099972:4099972 [0] NCCL INFO Ring 00 : 7 -> 0 -> 1
[36m(WorkerDict pid=4099972)[0m trial-302172199-trialrun-302172199-worker-0:4099972:4099972 [0] NCCL INFO Ring 01 : 7 -> 0 -> 1
[36m(WorkerDict pid=4099972)[0m trial-302172199-trialrun-302172199-worker-0:4099972:4099972 [0] NCCL INFO Ring 02 : 7 -> 0 -> 1
[36m(WorkerDict pid=4099972)[0m trial-302172199-trialrun-302172199-worker-0:4099972:4099972 [0] NCCL INFO Ring 03 : 7 -> 0 -> 1
[36m(WorkerDict pid=4099972)[0m trial-302172199-trialrun-302172199-worker-0:4099972:4099972 [0] NCCL INFO Ring 04 : 7 -> 0 -> 1
[36m(WorkerDict pid=4099972)[0m trial-302172199-trialrun-302172199-worker-0:4099972:4099972 [0] NCCL INFO Ring 05 : 7 -> 0 -> 1
[36m(WorkerDict pid=4099972)[0m trial-302172199-trialrun-302172199-worker-0:4099972:4099972 [0] NCCL INFO Ring 06 : 7 -> 0 -> 1
[36m(WorkerDict pid=4099972)[0m trial-302172199-trialrun-302172199-worker-0:4099972:4099972 [0] NCCL INFO Ring 07 : 7 -> 0 -> 1
[36m(WorkerDict pid=4099972)[0m trial-302172199-trialrun-302172199-worker-0:4099972:4099972 [0] NCCL INFO Ring 08 : 7 -> 0 -> 1
[36m(WorkerDict pid=4099972)[0m trial-302172199-trialrun-302172199-worker-0:4099972:4099972 [0] NCCL INFO Ring 09 : 7 -> 0 -> 1
[36m(WorkerDict pid=4099972)[0m trial-302172199-trialrun-302172199-worker-0:4099972:4099972 [0] NCCL INFO Ring 10 : 7 -> 0 -> 1
[36m(WorkerDict pid=4099972)[0m trial-302172199-trialrun-302172199-worker-0:4099972:4099972 [0] NCCL INFO Ring 11 : 7 -> 0 -> 1
[36m(WorkerDict pid=4099972)[0m trial-302172199-trialrun-302172199-worker-0:4099972:4099972 [0] NCCL INFO Ring 12 : 7 -> 0 -> 1
[36m(WorkerDict pid=4099972)[0m trial-302172199-trialrun-302172199-worker-0:4099972:4099972 [0] NCCL INFO Ring 13 : 7 -> 0 -> 1
[36m(WorkerDict pid=4099972)[0m trial-302172199-trialrun-302172199-worker-0:4099972:4099972 [0] NCCL INFO Ring 14 : 7 -> 0 -> 1
[36m(WorkerDict pid=4099972)[0m trial-302172199-trialrun-302172199-worker-0:4099972:4099972 [0] NCCL INFO Ring 15 : 7 -> 0 -> 1
[36m(WorkerDict pid=4099972)[0m trial-302172199-trialrun-302172199-worker-0:4099972:4099972 [0] NCCL INFO Ring 16 : 7 -> 0 -> 1
[36m(WorkerDict pid=4099972)[0m trial-302172199-trialrun-302172199-worker-0:4099972:4099972 [0] NCCL INFO Ring 17 : 7 -> 0 -> 1
[36m(WorkerDict pid=4099972)[0m trial-302172199-trialrun-302172199-worker-0:4099972:4099972 [0] NCCL INFO Ring 18 : 7 -> 0 -> 1
[36m(WorkerDict pid=4099972)[0m trial-302172199-trialrun-302172199-worker-0:4099972:4099972 [0] NCCL INFO Ring 19 : 7 -> 0 -> 1
[36m(WorkerDict pid=4099972)[0m trial-302172199-trialrun-302172199-worker-0:4099972:4099972 [0] NCCL INFO Ring 20 : 7 -> 0 -> 1
[36m(WorkerDict pid=4099972)[0m trial-302172199-trialrun-302172199-worker-0:4099972:4099972 [0] NCCL INFO Ring 21 : 7 -> 0 -> 1
[36m(WorkerDict pid=4099972)[0m trial-302172199-trialrun-302172199-worker-0:4099972:4099972 [0] NCCL INFO Ring 22 : 7 -> 0 -> 1
[36m(WorkerDict pid=4099972)[0m trial-302172199-trialrun-302172199-worker-0:4099972:4099972 [0] NCCL INFO Ring 23 : 7 -> 0 -> 1
[36m(WorkerDict pid=4099972)[0m trial-302172199-trialrun-302172199-worker-0:4099972:4099972 [0] NCCL INFO Ring 24 : 7 -> 0 -> 1
[36m(WorkerDict pid=4099972)[0m trial-302172199-trialrun-302172199-worker-0:4099972:4099972 [0] NCCL INFO Ring 25 : 7 -> 0 -> 1
[36m(WorkerDict pid=4099972)[0m trial-302172199-trialrun-302172199-worker-0:4099972:4099972 [0] NCCL INFO Ring 26 : 7 -> 0 -> 1
[36m(WorkerDict pid=4099972)[0m trial-302172199-trialrun-302172199-worker-0:4099972:4099972 [0] NCCL INFO Ring 27 : 7 -> 0 -> 1
[36m(WorkerDict pid=4099972)[0m trial-302172199-trialrun-302172199-worker-0:4099972:4099972 [0] NCCL INFO Ring 28 : 7 -> 0 -> 1
[36m(WorkerDict pid=4099972)[0m trial-302172199-trialrun-302172199-worker-0:4099972:4099972 [0] NCCL INFO Ring 29 : 7 -> 0 -> 1
[36m(WorkerDict pid=4099972)[0m trial-302172199-trialrun-302172199-worker-0:4099972:4099972 [0] NCCL INFO Ring 30 : 7 -> 0 -> 1
[36m(WorkerDict pid=4099972)[0m trial-302172199-trialrun-302172199-worker-0:4099972:4099972 [0] NCCL INFO Ring 31 : 7 -> 0 -> 1
[36m(WorkerDict pid=4099972)[0m trial-302172199-trialrun-302172199-worker-0:4099972:4099972 [0] NCCL INFO Trees [0] 1/-1/-1->0->-1 [1] 1/-1/-1->0->-1 [2] 1/-1/-1->0->-1 [3] 1/-1/-1->0->-1 [4] 1/-1/-1->0->-1 [5] 1/-1/-1->0->-1 [6] 1/-1/-1->0->-1 [7] 1/-1/-1->0->-1 [8] 1/-1/-1->0->-1 [9] 1/-1/-1->0->-1 [10] 1/-1/-1->0->-1 [11] 1/-1/-1->0->-1 [12] 1/-1/-1->0->-1 [13] 1/-1/-1->0->-1 [14] 1/-1/-1->0->-1 [15] 1/-1/-1->0->-1 [16] 1/-1/-1->0->-1 [17] 1/-1/-1->0->-1 [18] 1/-1/-1->0->-1 [19] 1/-1/-1->0->-1 [20] 1/-1/-1->0->-1 [21] 1/-1/-1->0->-1 [22] 1/-1/-1->0->-1 [23] 1/-1/-1->0->-1 [24] 1/-1/-1->0->-1 [25] 1/-1/-1->0->-1 [26] 1/-1/-1->0->-1 [27] 1/-1/-1->0->-1 [28] 1/-1/-1->0->-1 [29] 1/-1/-1->0->-1 [30] 1/-1/-1->0->-1 [31] 1/-1/-1->0->-1
[36m(WorkerDict pid=4099972)[0m trial-302172199-trialrun-302172199-worker-0:4099972:4099972 [0] NCCL INFO P2P Chunksize set to 524288
[36m(WorkerDict pid=4099972)[0m trial-302172199-trialrun-302172199-worker-0:4099972:4099972 [0] NCCL INFO PROFILER/Plugin: Could not find: libnccl-profiler.so
[36m(WorkerDict pid=4099972)[0m trial-302172199-trialrun-302172199-worker-0:4099972:4099972 [0] NCCL INFO Check P2P Type isAllDirectP2p 1 directMode 0 isAllCudaP2p 1
[36m(WorkerDict pid=4099972)[0m trial-302172199-trialrun-302172199-worker-0:4099972:4099972 [0] NCCL INFO ncclP2pSchedule: group size used is 8
[36m(WorkerDict pid=4099972)[0m trial-302172199-trialrun-302172199-worker-0:4099972:4115564 [0] NCCL INFO [Proxy Service] Device 0 CPU core 169
[36m(WorkerDict pid=4099972)[0m trial-302172199-trialrun-302172199-worker-0:4099972:4115568 [0] NCCL INFO [Proxy Service UDS] Dev
[36m(WorkerDict pid=4099976)[0m trial-302172199-trialrun-302172199-worker-0:4099976:4099976 [3] NCCL I
[36m(WorkerDict pid=4099975)[0m trial-302172199-trialrun-302172199-worke
[36m(WorkerDict pid=4099973)[0m trial-302172199-trialrun-302172199-worker-0:4099973:4099973 [7] NC
[36m(WorkerDict pid=4099968)[0m trial-302172199-trialrun-302172199-worker-0:4099968:4099968 [4] 
[36m(WorkerDict pid=4099977)[0m trial-302172199-trialrun-302172199-worker-0:4099977:4099977 [6] 
[36m(WorkerDict pid=4099972)[0m ice 0 CPU core 48
[36m(WorkerDict pid=4099972)[0m trial-302172199-trialrun-302172199-worker-0:4099972:4099972 [0] NCCL INFO TUNER/Plugin: Could not find: libnccl-tuner.so
[36m(WorkerDict pid=4099972)[0m trial-302172199-trialrun-302172199-worker-0:4099972:4099972 [0] NCCL INFO threadThresholds 8/8/64 | 64/8/64 | 512 | 512
[36m(WorkerDict pid=4099972)[0m trial-302172199-trialrun-302172199-worker-0:4099972:4099972 [0] NCCL INFO 32 coll channels, 32 collnet channels, 24 nvls channels, 32 p2p channels, 32 p2p channels per peer
[36m(WorkerDict pid=4099972)[0m trial-302172199-trialrun-302172199-worker-0:4099972:4099972 [0] NCCL INFO CC Off, workFifoBytes 1048576
[36m(WorkerDict pid=4099972)[0m trial-302172199-trialrun-302172199-worker-0:4099972:4099972 [0] NCCL INFO ncclCommInitRankConfig comm 0xfa6bde0 rank 0 nranks 8 cudaDev 0 nvmlDev 0 busId f000 commId 0xc5367eed209f61b8 - Init COMPLETE
[36m(WorkerDict pid=4099972)[0m trial-302172199-trialrun-302172199-worker-0:4099972:4099972 [0] NCCL INFO Init timings - ncclCommInitRankConfig: rank 0 nranks 8 total 3.35 (kernels 0.30, alloc 0.82, bootstrap 0.20, allgathers 0.02, topo 1.53, graphs 0.03, connections 0.45, rest 0.00)
[36m(WorkerDict pid=4099972)[0m trial-302172199-trialrun-302172199-worker-0:4099972:4099972 [0] NCCL INFO Channel 00/0 : 0[0] -> 1[1] via P2P/CUMEM
[36m(WorkerDict pid=4099972)[0m trial-302172199-trialrun-302172199-worker-0:4099972:4099972 [0] NCCL INFO Channel 01/0 : 0[0] -> 1[1] via P2P/CUMEM
[36m(WorkerDict pid=4099972)[0m trial-302172199-trialrun-302172199-worker-0:4099972:4099972 [0] NCCL INFO Channel 02/0 : 0[0] -> 1[1] via P2P/CUMEM
[36m(WorkerDict pid=4099972)[0m trial-302172199-trialrun-302172199-worker-0:4099972:4099972 [0] NCCL INFO Channel 03/0 : 0[0] -> 1[1] via P2P/CUMEM
[36m(WorkerDict pid=4099972)[0m trial-302172199-trialrun-302172199-worker-0:4099972:4099972 [0] NCCL INFO Channel 04/0 : 0[0] -> 1[1] via P2P/CUMEM
[36m(WorkerDict pid=4099972)[0m trial-302172199-trialrun-302172199-worker-0:4099972:4099972 [0] NCCL INFO Channel 05/0 : 0[0] -> 1[1] via P2P/CUMEM
[36m(WorkerDict pid=4099972)[0m trial-302172199-trialrun-302172199-worker-0:4099972:4099972 [0] NCCL INFO Channel 06/0 : 0[0] -> 1[1] via P2P/CUMEM
[36m(WorkerDict pid=4099972)[0m trial-302172199-trialrun-302172199-worker-0:4099972:4099972 [0] NCCL INFO Channel 07/0 : 0[0] -> 1[1] via P2P/CUMEM
[36m(WorkerDict pid=4099972)[0m trial-302172199-trialrun-302172199-worker-0:4099972:4099972 [0] NCCL INFO Channel 08/0 : 0[0] -> 1[1] via P2P/CUMEM
[36m(WorkerDict pid=4099972)[0m trial-302172199-trialrun-302172199-worker-0:4099972:4099972 [0] NCCL INFO Channel 09/0 : 0[0] -> 1[1] via P2P/CUMEM
[36m(WorkerDict pid=4099972)[0m trial-302172199-trialrun-302172199-worker-0:4099972:4099972 [0] NCCL INFO Channel 10/0 : 0[0] -> 1[1] via P2P/CUMEM
[36m(WorkerDict pid=4099972)[0m trial-302172199-trialrun-302172199-worker-0:4099972:4099972 [0] NCCL INFO Channel 11/0 : 0[0] -> 1[1] via P2P/CUMEM
[36m(WorkerDict pid=4099972)[0m trial-302172199-trialrun-302172199-worker-0:4099972:4099972 [0] NCCL INFO Channel 12/0 : 0[0] -> 1[1] via P2P/CUMEM
[36m(WorkerDict pid=4099972)[0m trial-302172199-trialrun-302172199-worker-0:4099972:4099972 [0] NCCL INFO Channel 13/0 : 0[0] -> 1[1] via P2P/CUMEM
[36m(WorkerDict pid=4099972)[0m trial-302172199-trialrun-302172199-worker-0:4099972:4099972 [0] NCCL INFO Channel 14/0 : 0[0] -> 1[1] via P2P/CUMEM
[36m(WorkerDict pid=4099972)[0m trial-302172199-trialrun-302172199-worker-0:4099972:4099972 [0] NCCL INFO Channel 15/0 : 0[0] -> 1[1] via P2P/CUMEM
[36m(WorkerDict pid=4099972)[0m trial-302172199-trialrun-302172199-worker-0:4099972:4099972 [0] NCCL INFO Channel 16/0 : 0[0] -> 1[1] via P2P/CUMEM
[36m(WorkerDict pid=4099972)[0m trial-302172199-trialrun-302172199-worker-0:4099972:4099972 [0] NCCL INFO Channel 17/0 : 0[0] -> 1[1] via P2P/CUMEM
[36m(WorkerDict pid=4099972)[0m trial-302172199-trialrun-302172199-worker-0:4099972:4099972 [0] NCCL INFO Channel 18/0 : 0[0] -> 1[1] via P2P/CUMEM
[36m(WorkerDict pid=4099972)[0m trial-302172199-trialrun-302172199-worker-0:4099972:4099972 [0] NCCL INFO Channel 19/0 : 0[0] -> 1[1] via P2P/CUMEM
[36m(WorkerDict pid=4099972)[0m trial-302172199-trialrun-302172199-worker-0:4099972:4099972 [0] NCCL INFO Channel 20/0 : 0[0] -> 1[1] via P2P/CUMEM
[36m(WorkerDict pid=4099972)[0m trial-302172199-trialrun-302172199-worker-0:4099972:4099972 [0] NCCL INFO Channel 21/0 : 0[0] -> 1[1] via P2P/CUMEM
[36m(WorkerDict pid=4099972)[0m trial-302172199-trialrun-302172199-worker-0:4099972:4099972 [0] NCCL INFO Channel 22/0 : 0[0] -> 1[1] via P2P/CUMEM
[36m(WorkerDict pid=4099972)[0m trial-302172199-trialrun-302172199-worker-0:4099972:4099972 [0] NCCL INFO Channel 23/0 : 0[0] -> 1[1] via P2P/CUMEM
[36m(WorkerDict pid=4099972)[0m trial-302172199-trialrun-302172199-worker-0:4099972:4099972 [0] NCCL INFO Channel 24/0 : 0[0] -> 1[1] via P2P/CUMEM
[36m(WorkerDict pid=4099972)[0m trial-302172199-trialrun-302172199-worker-0:4099972:4099972 [0] NCCL INFO Channel 25/0 : 0[0] -> 1[1] via P2P/CUMEM
[36m(WorkerDict pid=4099972)[0m trial-302172199-trialrun-302172199-worker-0:4099972:4099972 [0] NCCL INFO Channel 26/0 : 0
[36m(WorkerDict pid=4099976)[0m NFO Ring 30 : 2 -> 3 -> 4
[36m(WorkerDict pid=4099976)[0m trial-302172199-trialrun-302172199-worker-0:4099976:4115565 [0] NCCL INFO [Proxy Service UDS] Device 3 CPU core 41
[36m(WorkerDict pid=4099976)[0m trial-302172199-trialrun-302172199-worker-0:4099976:4099976 [3] NCCL INFO Channel 14/0 : 3[3] -> 4[4] 
[36m(WorkerDict pid=4099975)[0m trial-3021721
[36m(WorkerDict pid=4099973)[0m CL INFO Ring 30 : 6 -> 7 -> 0
[36m(WorkerDict pid=4099973)[0m trial-302172199-trialrun-302172199-worker-0:4099973:4099973 [7] N
[36m(WorkerDict pid=4099972)[0m Actor use_remove_padding=True
[36m(WorkerDict pid=4099972)[0m Actor use_fused_kernels=True
[36m(WorkerDict pid=4099978)[0m Monkey patch _flash_attention_forward in transformers.integrations.flash_attention[32m [repeated 7x across cluster][0m
[36m(WorkerDict pid=4099978)[0m Using Triton backend for fused kernels in Qwen2ForCausalLM[32m [repeated 7x across cluster][0m
[36m(WorkerDict pid=4099977)[0m trial-302172199-trialrun-302172199-worker-0:4099977:4099977 [6] NCCL INFO ENV/Plugin: Could not find: libnccl-env.so[32m [repeated 7x across cluster][0m
[36m(WorkerDict pid=4099977)[0m trial-302172199-trialrun-302172199-worker-0:4099977:4099977 [6] NCCL INFO NCCL_SOCKET_FAMILY set by environment to AF_INET6[32m [repeated 14x across cluster][0m
[36m(WorkerDict pid=4099977)[0m trial-302172199-trialrun-302172199-worker-0:4099977:4099977 [6] NCCL INFO NCCL_SOCKET_IFNAME set by environment to =eth0[32m [repeated 14x across cluster][0m
[36m(WorkerDict pid=4099977)[0m trial-302172199-trialrun-302172199-worker-0:4099977:4099977 [6] NCCL INFO cudaDriverVersion 13000[32m [repeated 7x across cluster][0m
[36m(WorkerDict pid=4099977)[0m trial-302172199-trialrun-302172199-worker-0:4099977:4099977 [6] NCCL INFO NCCL version 2.28.9+cuda13.0[32m [repeated 7x across cluster][0m
[36m(WorkerDict pid=4099977)[0m trial-302172199-trialrun-302172199-worker-0:4099977:4099977 [6] NCCL INFO Comm config Blocking set to 1[32m [repeated 7x across cluster][0m
[36m(WorkerDict pid=4099977)[0m trial-302172199-trialrun-302172199-worker-0:4099977:4099977 [6] NCCL INFO NCCL_NET_PLUGIN set by environment to none[32m [repeated 7x across cluster][0m
[36m(WorkerDict pid=4099977)[0m trial-302172199-trialrun-302172199-worker-0:4099977:4099977 [6] NCCL INFO NET/Socket : Using [0]eth0:fdbd:dc61:ff:f000:ffff:ffff:0:16<0>[32m [repeated 7x across cluster][0m
[36m(WorkerDict pid=4099977)[0m trial-302172199-trialrun-302172199-worker-0:4099977:4099977 [6] NCCL INFO Initialized NET plugin Socket[32m [repeated 7x across cluster][0m
[36m(WorkerDict pid=4099977)[0m trial-302172199-trialrun-302172199-worker-0:4099977:4099977 [6] NCCL INFO Assigned NET plugin Socket to comm[32m [repeated 7x across cluster][0m
[36m(WorkerDict pid=4099977)[0m trial-302172199-trialrun-302172199-worker-0:4099977:4099977 [6] NCCL INFO Using network Socket[32m [repeated 7x across cluster][0m
[36m(WorkerDict pid=4099977)[0m trial-302172199-trialrun-302172199-worker-0:4099977:4099977 [6] NCCL INFO ncclCommInitRankConfig comm 0x125b1e20 rank 6 nranks 8 cudaDev 6 nvmlDev 6 busId c0000 commId 0xc5367eed209f61b8 - Init START[32m [repeated 7x across cluster][0m
[36m(WorkerDict pid=4099977)[0m trial-302172199-trialrun-302172199-worker-0:4099977:4099977 [6] NCCL INFO RAS client listening socket at ::1<28028>[32m [repeated 7x across cluster][0m
[36m(WorkerDict pid=4099977)[0m trial-302172199-trialrun-302172199-worker-0:4099977:4099977 [6] NCCL INFO MNNVL busId 0xc0000 fabric UUID 0.0 cliqueId 0x0 state 3 healthMask 0x80[32m [repeated 7x across cluster][0m
[36m(WorkerDict pid=4099976)[0m WARNING:2026-07-31 21:55:52,550:Initializing torch.distributed: rank=3 world_size=8 init_method=tcp://[fdbd:dc61:ff:f000:ffff:ffff:0:16]:34221 master=fdbd:dc61:ff:f000:ffff:ffff:0:16:34221[32m [repeated 7x across cluster][0m
[36m(WorkerDict pid=4099978)[0m [W731 21:55:52.879533328 ProcessGroupNCCL.cpp:932] Warning: TORCH_NCCL_AVOID_RECORD_STREAMS is the default now, this environment variable is thus deprecated. (function operator())[32m [repeated 7x across cluster][0m
[36m(WorkerDict pid=4099972)[0m Loading weights:   0%|          | 0/339 [00:00<?, ?it/s][32m [repeated 4x across cluster][0m
[36m(WorkerDict pid=4099976)[0m Loading weights:   0%|          | 0/339 [00:00<?, ?it/s]Loading weights: 100%|██████████| 339/339 [00:00<00:00, 11726.76it/s][32m [repeated 3x across cluster][0m
[36m(WorkerDict pid=4099978)[0m Loading weights: 100%|██████████| 339/339 [00:00<00:00, 11522.44it/s][32m [repeated 3x across cluster][0m
[36m(WorkerDict pid=4099977)[0m trial-302172199-trialrun-302172199-worker-0:4099977:4099977 [6] NCCL INFO Could not find real path of /sys/class/pci_bus/fffffff/../../fffffff:ff:f[32m [repeated 7x across cluster][0m
[36m(WorkerDict pid=4099977)[0m trial-302172199-trialrun-302172199-worker-0:4099977:4099977 [6] NCCL INFO TOPO/NET : Importing network plugins to topology[32m [repeated 7x across cluster][0m
[36m(WorkerDict pid=4099977)[0m trial-302172199-trialrun-302172199-worker-0:4099977:4099977 [6] NCCL INFO ncclTopoPopulateNics : Filled eth0 in topo with pciPath=(null) keep=1 coll=(null)[32m [repeated 7x across cluster][0m
[36m(WorkerDict pid=4099977)[0m trial-302172199-trialrun-302172199-worker-0:4099977:4099977 [6] NCCL INFO === System : maxBw 721.8 totalBw 721.8 ===[32m [repeated 7x across cluster][0m
[36m(WorkerDict pid=4099977)[0m trial-302172199-trialrun-302172199-worker-0:4099977:4099977 [6] NCCL INFO NET/0-0 :GPU/0-f000 (4/1.2/PHB) GPU/0-2d000 (4/1.2/PHB) GPU/0-44000 (4/1.2/PHB) GPU/0-5b000 (4/1.2/PHB) GPU/0-89000 (5/1.2/SYS) GPU/0-a8000 (5/1.2/SYS) GPU/0-c0000 (5/1.2/SYS) GPU/0-d8000 (5/1.2/SYS) CPU/0-0 (2/1.2/PHB) CPU/0-1 (3/1.2/SYS) NET/0-0 (0/5000.0/LOC) NET/0-0 (0/0.0/DIS) [32m [repeated 84x across cluster][0m
[36m(WorkerDict pid=4099977)[0m trial-302172199-trialrun-302172199-worker-0:4099977:4099977 [6] NCCL INFO + SYS[40.0] - CPU/0-0[32m [repeated 203x across cluster][0m
[36m(WorkerDict pid=4099977)[0m trial-302172199-trialrun-302172199-worker-0:4099977:4099977 [6] NCCL INFO ==========================================[32m [repeated 7x across cluster][0m
[36m(WorkerDict pid=4099977)[0m trial-302172199-trialrun-302172199-worker-0:4099977:4099977 [6] NCCL INFO ncclTopoGetCpuAffinity: Affinity for GPU 6 is 64-126,192-254. (GPU affinity = 64-127,192-255 ; CPU affinity = 0-62,64-126,128-190,192-254).[32m [repeated 7x across cluster][0m
[36m(WorkerDict pid=4099977)[0m trial-302172199-trialrun-302172199-worker-0:4099977:4099977 [6] NCCL INFO NCCL_NVLS_ENABLE set by environment to 1.[32m [repeated 7x across cluster][0m
[36m(WorkerDict pid=4099977)[0m trial-302172199-trialrun-302172199-worker-0:4099977:4099977 [6] NCCL INFO NVLS multicast support is available on dev 6 (NVLS_NCHANNELS 24)[32m [repeated 7x across cluster][0m
[36m(WorkerDict pid=4099977)[0m trial-302172199-trialrun-302172199-worker-0:4099977:4099977 [6] NCCL INFO Pattern 5, crossNic 0, nChannels 8, bw 80.000000/90.000000, type NVL/PIX, sameChannels 0[32m [repeated 21x across cluster][0m
[36m(WorkerDict pid=4099977)[0m trial-302172199-trialrun-302172199-worker-0:4099977:4099977 [6] NCCL INFO  7 : GPU/0-d8000[32m [repeated 280x across cluster][0m
[36m(WorkerDict pid=4099977)[0m trial-302172199-trialrun-302172199-worker-0:4099977:4099977 [6] NCCL INFO comm 0x125b1e20 rank 6 nRanks 8 nNodes 1 localRanks 8 localRank 6 MNNVL 0[32m [repeated 7x across cluster][0m
[36m(WorkerDict pid=4099975)[0m trial-302172199-trialrun-302172199-worker-0:4099975:4099975 [1] NCCL INFO Tree 31 : 0 -> 1 -> 2/-1/-1[32m [repeated 32x across cluster][0m
[36m(WorkerDict pid=4099977)[0m trial-302172199-trialrun-302172199-worker-0:4099977:4099977 [6] NCCL INFO Channel 14/0 : 6[6] [32m [repeated 2x across cluster][0m
[36m(WorkerDict pid=4099977)[0m trial-302172199-trialrun-302172199-worker-0:4099977:4099977 [6] NCCL INFO Ring 31 : 5 -> 6 -> 7[32m [repeated 220x across cluster][0m
[36m(WorkerDict pid=4099977)[0m trial-302172199-trialrun-302172199-worker-0:4099977:4099977 [6] NCCL INFO Trees [0] 7/-1/-1->6->5 [1] 7/-1/-1->6->5 [2] 7/-1/-1->6->5 [3] 7/-1/-1->6->5 [4] 7/-1/-1->6->5 [5] 7/-1/-1->6->5 [6] 7/-1/-1->6->5 [7] 7/-1/-1->6->5 [8] 7/-1/-1->6->5 [9] 7/-1/-1->6->5 [10] 7/-1/-1->6->5 [11] 7/-1/-1->6->5 [12] 7/-1/-1->6->5 [13] 7/-1/-1->6->5 [14] 7/-1/-1->6->5 [15] 7/-1/-1->6->5 [16] 7/-1/-1->6->5 [17] 7/-1/-1->6->5 [18] 7/-1/-1->6->5 [19] 7/-1/-1->6->5 [20] 7/-1/-1->6->5 [21] 7/-1/-1->6->5 [22] 7/-1/-1->6->5 [23] 7/-1/-1->6->5 [24] 7/-1/-1->6->5 [25] 7/-1/-1->6->5 [26] 7/-1/-1->6->5 [27] 7/-1/-1->6->5 [28] 7/-1/-1->6->5 [29] 7/-1/-1->6->5 [30] 7/-1/-1->6->5 [31] 7/-1/-1->6->5[32m [repeated 7x across cluster][0m
[36m(WorkerDict pid=4099977)[0m trial-302172199-trialrun-302172199-worker-0:4099977:4099977 [6] NCCL INFO P2P Chunksize set to 524288[32m [repeated 7x across cluster][0m
[36m(WorkerDict pid=4099977)[0m trial-302172199-trialrun-302172199-worker-0:4099977:4099977 [6] NCCL INFO PROFILER/Plugin: Could not find: libnccl-profiler.so[32m [repeated 7x across cluster][0m
[36m(WorkerDict pid=4099977)[0m trial-302172199-trialrun-302172199-worker-0:4099977:4099977 [6] NCCL INFO Check P2P Type isAllDirectP2p 1 directMode 0 isAllCudaP2p 1[32m [repeated 7x across cluster][0m
[36m(WorkerDict pid=4099977)[0m trial-302172199-trialrun-302172199-worker-0:4099977:4099977 [6] NCCL INFO ncclP2pSchedule: group size used is 8[32m [repeated 7x across cluster][0m
[36m(WorkerDict pid=4099977)[0m trial-302172199-trialrun-302172199-worker-0:4099977:4115567 [0] NCCL INFO [Proxy Service] Device 6 CPU core 108[32m [repeated 7x across cluster][0m
[36m(WorkerDict pid=4099971)[0m trial-302172199-trialrun-302172199-worker-0:4099971:4099971 [2] NCCL I
[36m(WorkerDict pid=4099978)[0m trial-302172199-trialrun-302172199-worker-0:4099978:4099978 [5] NC
[36m(WorkerDict pid=4099972)[0m Model config after override: Qwen2Config {
[36m(WorkerDict pid=4099972)[0m   "architectures": [
[36m(WorkerDict pid=4099972)[0m     "Qwen2ForCausalLM"
[36m(WorkerDict pid=4099972)[0m   ],
[36m(WorkerDict pid=4099972)[0m   "attention_dropout": 0.0,
[36m(WorkerDict pid=4099972)[0m   "bos_token_id": null,
[36m(WorkerDict pid=4099972)[0m   "dtype": "bfloat16",
[36m(WorkerDict pid=4099972)[0m   "eos_token_id": 151643,
[36m(WorkerDict pid=4099972)[0m   "hidden_act": "silu",
[36m(WorkerDict pid=4099972)[0m   "hidden_size": 3584,
[36m(WorkerDict pid=4099972)[0m   "initializer_range": 0.02,
[36m(WorkerDict pid=4099972)[0m   "intermediate_size": 18944,
[36m(WorkerDict pid=4099972)[0m   "layer_types": [
[36m(WorkerDict pid=4099972)[0m     "full_attention",
[36m(WorkerDict pid=4099972)[0m     "full_attention",
[36m(WorkerDict pid=4099972)[0m     "full_attention",
[36m(WorkerDict pid=4099972)[0m     "full_attention",
[36m(WorkerDict pid=4099972)[0m     "full_attention",
[36m(WorkerDict pid=4099972)[0m     "full_attention",
[36m(WorkerDict pid=4099972)[0m     "full_attention",
[36m(WorkerDict pid=4099972)[0m     "full_attention",
[36m(WorkerDict pid=4099972)[0m     "full_attention",
[36m(WorkerDict pid=4099972)[0m     "full_attention",
[36m(WorkerDict pid=4099972)[0m     "full_attention",
[36m(WorkerDict pid=4099972)[0m     "full_attention",
[36m(WorkerDict pid=4099972)[0m     "full_attention",
[36m(WorkerDict pid=4099972)[0m     "full_attention",
[36m(WorkerDict pid=4099972)[0m     "full_attention",
[36m(WorkerDict pid=4099972)[0m     "full_attention",
[36m(WorkerDict pid=4099972)[0m     "full_attention",
[36m(WorkerDict pid=4099972)[0m     "full_attention",
[36m(WorkerDict pid=4099972)[0m     "full_attention",
[36m(WorkerDict pid=4099972)[0m     "full_attention",
[36m(WorkerDict pid=4099972)[0m     "full_attention",
[36m(WorkerDict pid=4099972)[0m     "full_attention",
[36m(WorkerDict pid=4099972)[0m     "full_attention",
[36m(WorkerDict pid=4099972)[0m     "full_attention",
[36m(WorkerDict pid=4099972)[0m     "full_attention",
[36m(WorkerDict pid=4099972)[0m     "full_attention",
[36m(WorkerDict pid=4099972)[0m     "full_attention",
[36m(WorkerDict pid=4099972)[0m     "full_attention"
[36m(WorkerDict pid=4099972)[0m   ],
[36m(WorkerDict pid=4099972)[0m   "max_position_embeddings": 4096,
[36m(WorkerDict pid=4099972)[0m   "max_window_layers": 28,
[36m(WorkerDict pid=4099972)[0m   "model_type": "qwen2",
[36m(WorkerDict pid=4099972)[0m   "num_attention_heads": 28,
[36m(WorkerDict pid=4099972)[0m   "num_hidden_layers": 28,
[36m(WorkerDict pid=4099972)[0m   "num_key_value_heads": 4,
[36m(WorkerDict pid=4099972)[0m   "pad_token_id": 151643,
[36m(WorkerDict pid=4099972)[0m Loading weights:   0%|          | 1/339 [00:01<06:00,  1.07s/it]
[36m(WorkerDict pid=4099972)[0m Loading weights:  97%|█████████▋| 329/339 [00:03<00:00, 102.20it/s]Loading weights: 100%|██████████| 339/339 [00:03<00:00, 87.69it/s] 
[36m(WorkerDict pid=4099976)[0m Loading weights:   0%|          | 0/339 [00:00<?, ?it/s][32m [repeated 7x across cluster][0m
[36m(WorkerDict pid=4099976)[0m Loading weights:  94%|█████████▎| 317/339 [00:04<00:00, 90.50it/s][32m [repeated 4x across cluster][0m
[36m(WorkerDict pid=4099972)[0m WARNING:2026-07-31 21:56:21,016:Dropping unsupported vLLM engine kwargs for this version: ['disable_mm_preprocessor_cache']
[36m(WorkerDict pid=4099968)[0m Loading weights:  91%|█████████ | 307/339 [00:05<00:00, 70.64it/s][32m [repeated 215x across cluster][0m
[36m(WorkerDict pid=4099978)[0m Loading weights:  99%|█████████▉| 337/339 [00:05<00:00, 81.68it/s]Loading weights: 100%|██████████| 339/339 [00:05<00:00, 63.41it/s][32m [repeated 6x across cluster][0m
[36m(WorkerDict pid=4099968)[0m Loading weights: 100%|██████████| 339/339 [00:05<00:00, 63.28it/s][32m [repeated 9x across cluster][0m
[36m(WorkerDict pid=4099971)[0m /mlx_devbox/users/quyanyi/playground/.venvs/ttrl_b200/lib/python3.11/site-packages/nvidia_cutlass_dsl/python_packages/cutlass/cute/core.py:5791: DeprecationWarning: Use explicit `struct.scalar.ptr` for pointer instead.
[36m(WorkerDict pid=4099971)[0m   warnings.warn(
[36m(WorkerDict pid=4099971)[0m /mlx_devbox/users/quyanyi/playground/.venvs/ttrl_b200/lib/python3.11/site-packages/nvidia_cutlass_dsl/python_packages/cutlass/cute/core.py:5791: DeprecationWarning: Use explicit `struct.scalar.ptr` for pointer instead.
[36m(WorkerDict pid=4099971)[0m   warnings.warn(
[36m(WorkerDict pid=4099971)[0m /mlx_devbox/users/quyanyi/playground/.venvs/ttrl_b200/lib/python3.11/site-packages/nvidia_cutlass_dsl/python_packages/cutlass/cute/core.py:5791: DeprecationWarning: Use explicit `struct.scalar.ptr` for pointer instead.
[36m(WorkerDict pid=4099971)[0m   warnings.warn(
[36m(WorkerDict pid=4099976)[0m WARNING:2026-07-31 21:56:21,015:Dropping unsupported vLLM engine kwargs for this version: ['disable_mm_preprocessor_cache'][32m [repeated 7x across cluster][0m
[36m(WorkerDict pid=4099972)[0m 2026-07-31 21:56:51,392 - INFO - autotuner.py:622 - flashinfer.jit: [Autotuner]: Autotuning process starts ...
[36m(WorkerDict pid=4099978)[0m /mlx_devbox/users/quyanyi/playground/.venvs/ttrl_b200/lib/python3.11/site-packages/nvidia_cutlass_dsl/python_packages/cutlass/cute/core.py:5791: DeprecationWarning: Use explicit `struct.scalar.ptr` for pointer instead.[32m [repeated 101x across cluster][0m
[36m(WorkerDict pid=4099978)[0m   warnings.warn([32m [repeated 101x across cluster][0m
[36m(WorkerDict pid=4099971)[0m 2026-07-31 21:56:51,405 - INFO - autotuner.py:641 - flashinfer.jit: [Autotuner]: Autotuning process ends
[36m(WorkerDict pid=4099972)[0m Capturing CUDA graphs (mixed prefill-decode, PIECEWISE):   0%|          | 0/51 [00:00<?, ?it/s]
[36m(WorkerDict pid=4099972)[0m Capturing CUDA graphs (mixed prefill-decode, PIECEWISE):   8%|▊         | 4/51 [00:00<00:01, 35.55it/s]
[36m(WorkerDict pid=4099972)[0m Capturing CUDA graphs (mixed prefill-decode, PIECEWISE):  16%|█▌        | 8/51 [00:00<00:01, 33.01it/s]
[36m(WorkerDict pid=4099972)[0m Capturing CUDA graphs (mixed prefill-decode, PIECEWISE):  24%|██▎       | 12/51 [00:00<00:01, 31.99it/s]
[36m(WorkerDict pid=4099972)[0m Capturing CUDA graphs (mixed prefill-decode, PIECEWISE):  31%|███▏      | 16/51 [00:00<00:01, 30.30it/s]
[36m(WorkerDict pid=4099972)[0m Capturing CUDA graphs (mixed prefill-decode, PIECEWISE):  39%|███▉      | 20/51 [00:00<00:01, 30.50it/s]
[36m(WorkerDict pid=4099972)[0m Capturing CUDA graphs (mixed prefill-decode, PIECEWISE):  47%|████▋     | 24/51 [00:00<00:00, 30.38it/s]
[36m(WorkerDict pid=4099972)[0m Capturing CUDA graphs (mixed prefill-decode, PIECEWISE):  55%|█████▍    | 28/51 [00:00<00:00, 30.25it/s]
[36m(WorkerDict pid=4099972)[0m Capturing CUDA graphs (mixed prefill-decode, PIECEWISE):  63%|██████▎   | 32/51 [00:01<00:00, 29.42it/s]
[36m(WorkerDict pid=4099972)[0m Capturing CUDA graphs (mixed prefill-decode, PIECEWISE):  69%|██████▊   | 35/51 [00:01<00:00, 29.18it/s]
[36m(WorkerDict pid=4099972)[0m Capturing CUDA graphs (mixed prefill-decode, PIECEWISE):  75%|███████▍  | 38/51 [00:01<00:00, 28.75it/s]
[36m(WorkerDict pid=4099972)[0m Capturing CUDA graphs (mixed prefill-decode, PIECEWISE):  80%|████████  | 41/51 [00:01<00:00, 28.18it/s]
[36m(WorkerDict pid=4099972)[0m Capturing CUDA graphs (mixed prefill-decode, PIECEWISE):  86%|████████▋ | 44/51 [00:01<00:00, 27.52it/s]
[36m(WorkerDict pid=4099972)[0m Capturing CUDA graphs (mixed prefill-decode, PIECEWISE):  92%|█████████▏| 47/51 [00:01<00:00, 27.28it/s]
[36m(WorkerDict pid=4099972)[0m Capturing CUDA graphs (mixed prefill-decode, PIECEWISE): 100%|██████████| 51/51 [00:01<00:00, 26.59it/s]Capturing CUDA graphs (mixed prefill-decode, PIECEWISE): 100%|██████████| 51/51 [00:01<00:00, 28.93it/s]
[36m(WorkerDict pid=4099972)[0m Capturing CUDA graphs (decode, FULL):   0%|          | 0/51 [00:00<?, ?it/s]
[36m(WorkerDict pid=4099972)[0m Capturing CUDA graphs (decode, FULL):   8%|▊         | 4/51 [00:00<00:01, 37.85it/s]
[36m(WorkerDict pid=4099972)[0m Capturing CUDA graphs (decode, FULL):  16%|█▌        | 8/51 [00:00<00:01, 37.59it/s]
[36m(WorkerDict pid=4099972)[0m Capturing CUDA graphs (decode, FULL):  24%|██▎       | 12/51 [00:00<00:01, 37.52it/s]
[36m(WorkerDict pid=4099972)[0m Capturing CUDA graphs (decode, FULL):  31%|███▏      | 16/51 [00:00<00:00, 37.72it/s]
[36m(WorkerDict pid=4099972)[0m Capturing CUDA graphs (decode, FULL):  39%|███▉      | 20/51 [00:00<00:00, 33.66it/s]
[36m(WorkerDict pid=4099972)[0m Capturing CUDA graphs (decode, FULL):  47%|████▋     | 24/51 [00:00<00:00, 34.98it/s]
[36m(WorkerDict pid=4099972)[0m Capturing CUDA graphs (decode, FULL):  55%|█████▍    | 28/51 [00:00<00:00, 35.89it/s]
[36m(WorkerDict pid=4099972)[0m Capturing CUDA graphs (decode, FULL):  63%|██████▎   | 32/51 [00:00<00:00, 36.66it/s]
[36m(WorkerDict pid=4099972)[0m Capturing CUDA graphs (decode, FULL):  71%|███████   | 36/51 [00:00<00:00, 36.76it/s]
[36m(WorkerDict pid=4099972)[0m Capturing CUDA graphs (decode, FULL):  78%|███████▊  | 40/51 [00:01<00:00, 37.20it/s]
[36m(WorkerDict pid=4099972)[0m Capturing CUDA graphs (decode, FULL):  86%|████████▋ | 44/51 [00:01<00:00, 37.22it/s]
[36m(WorkerDict pid=4099976)[0m 2026-07-31 21:56:51,391 - INFO - autotuner.py:622 - flashinfer.jit: [Autotuner]: Autotuning process starts ...[32m [repeated 7x across cluster][0m
[36m(WorkerDict pid=4099972)[0m /mlx_devbox/users/quyanyi/playground/.venvs/ttrl_b200/lib/python3.11/site-packages/nvidia_cutlass_dsl/python_packages/cutlass/cute/core.py:5791: DeprecationWarning: Use explicit `struct.scalar.ptr` for pointer instead.[32m [repeated 2x across cluster][0m
[36m(WorkerDict pid=4099972)[0m   warnings.warn([32m [repeated 2x across cluster][0m
[36m(WorkerDict pid=4099972)[0m 2026-07-31 21:56:51,407 - INFO - autotuner.py:641 - flashinfer.jit: [Autotuner]: Autotuning process ends[32m [repeated 7x across cluster][0m
[36m(WorkerDict pid=4099972)[0m Capturing CUDA graphs (decode, FULL):  94%|█████████▍| 48/51 [00:12<00:02,  1.15it/s]Capturing CUDA graphs (decode, FULL): 100%|██████████| 51/51 [00:12<00:00,  4.10it/s]
[36m(WorkerDict pid=4099978)[0m /mlx_devbox/users/quyanyi/playground/.venvs/ttrl_b200/lib/python3.11/site-packages/nvidia_cutlass_dsl/python_packages/cutlass/cute/core.py:5791: DeprecationWarning: Use explicit `struct.scalar.ptr` for pointer instead.[32m [repeated 102x across cluster][0m
[36m(WorkerDict pid=4099978)[0m   warnings.warn([32m [repeated 102x across cluster][0m
[36m(WorkerDict pid=4099972)[0m /mlx_devbox/users/quyanyi/playground/TTRL/verl/verl/workers/sharding_manager/fsdp_vllm.py:97: FutureWarning: FSDP.state_dict_type() and FSDP.set_state_dict_type() are being deprecated. Please use APIs, get_state_dict() and set_state_dict(), which can support different parallelisms, FSDP1, FSDP2, DDP. API doc: https://pytorch.org/docs/stable/distributed.checkpoint.html#torch.distributed.checkpoint.state_dict.get_state_dict .Tutorial: https://pytorch.org/tutorials/recipes/distributed_checkpoint_recipe.html .
[36m(WorkerDict pid=4099972)[0m   FSDP.set_state_dict_type(
[36m(TaskRunner pid=4099970)[0m Training Progress:   0%|          | 0/20 [00:00<?, ?it/s]
[36m(WorkerDict pid=4099972)[0m /mlx_devbox/users/quyanyi/playground/.venvs/ttrl_b200/lib/python3.11/site-packages/nvidia_cutlass_dsl/python_packages/cutlass/cute/core.py:5791: DeprecationWarning: Use explicit `struct.scalar.ptr` for pointer instead.
[36m(WorkerDict pid=4099972)[0m   warnings.warn(
[36m(WorkerDict pid=4099968)[0m /mlx_devbox/users/quyanyi/playground/TTRL/verl/verl/workers/sharding_manager/fsdp_vllm.py:97: FutureWarning: FSDP.state_dict_type() and FSDP.set_state_dict_type() are being deprecated. Please use APIs, get_state_dict() and set_state_dict(), which can support different parallelisms, FSDP1, FSDP2, DDP. API doc: https://pytorch.org/docs/stable/distributed.checkpoint.html#torch.distributed.checkpoint.state_dict.get_state_dict .Tutorial: https://pytorch.org/tutorials/recipes/distributed_checkpoint_recipe.html .[32m [repeated 7x across cluster][0m
[36m(WorkerDict pid=4099968)[0m   FSDP.set_state_dict_type([32m [repeated 7x across cluster][0m
[36m(WorkerDict pid=4099971)[0m /mlx_devbox/users/quyanyi/playground/.venvs/ttrl_b200/lib/python3.11/site-packages/nvidia_cutlass_dsl/python_packages/cutlass/cute/core.py:5791: DeprecationWarning: Use explicit `struct.scalar.ptr` for pointer instead.
[36m(WorkerDict pid=4099971)[0m   warnings.warn(
[36m(TaskRunner pid=4099970)[0m <string>:1: SyntaxWarning: 'set' object is not callable; perhaps you missed a comma?
[36m(WorkerDict pid=4099976)[0m /mlx_devbox/users/quyanyi/playground/.venvs/ttrl_b200/lib/python3.11/site-packages/nvidia_cutlass_dsl/python_packages/cutlass/cute/core.py:5791: DeprecationWarning: Use explicit `struct.scalar.ptr` for pointer instead.[32m [repeated 102x across cluster][0m
[36m(WorkerDict pid=4099976)[0m   warnings.warn([32m [repeated 102x across cluster][0m
[36m(WorkerDict pid=4099972)[0m   "rms_norm_eps": 1e-06,
[36m(WorkerDict pid=4099972)[0m   "rope_parameters": {
[36m(WorkerDict pid=4099972)[0m     "rope_theta": 10000,
[36m(WorkerDict pid=4099972)[0m     "rope_type": "default"
[36m(WorkerDict pid=4099972)[0m   },
[36m(WorkerDict pid=4099972)[0m   "sliding_window": null,
[36m(WorkerDict pid=4099972)[0m   "tie_word_embeddings": false,
[36m(WorkerDict pid=4099972)[0m   "transformers_version": "5.12.1",
[36m(WorkerDict pid=4099972)[0m   "use_cache": true,
[36m(WorkerDict pid=4099972)[0m   "use_mrope": false,
[36m(WorkerDict pid=4099972)[0m   "use_sliding_window": false,
[36m(WorkerDict pid=4099972)[0m   "vocab_size": 152064
[36m(WorkerDict pid=4099972)[0m }
[36m(WorkerDict pid=4099972)[0m 
[36m(WorkerDict pid=4099977)[0m trial-302172199-trialrun-302172199-worker-0:4099977:4099977 [6] NCCL INFO TUNER/Plugin: Could not find: libnccl-tuner.so[32m [repeated 7x across cluster][0m
[36m(WorkerDict pid=4099977)[0m trial-302172199-trialrun-302172199-worker-0:4099977:4099977 [6] NCCL INFO threadThresholds 8/8/64 | 64/8/64 | 512 | 512[32m [repeated 7x across cluster][0m
[36m(WorkerDict pid=4099977)[0m trial-302172199-trialrun-302172199-worker-0:4099977:4099977 [6] NCCL INFO 32 coll channels, 32 collnet channels, 24 nvls channels, 32 p2p channels, 32 p2p channels per peer[32m [repeated 7x across cluster][0m
[36m(WorkerDict pid=4099977)[0m trial-302172199-trialrun-302172199-worker-0:4099977:4099977 [6] NCCL INFO ncclCommInitRankConfig comm 0x125b1e20 rank 6 nranks 8 cudaDev 6 nvmlDev 6 busId c0000 commId 0xc5367eed209f61b8 - Init COMPLETE[32m [repeated 7x across cluster][0m
[36m(WorkerDict pid=4099977)[0m trial-302172199-trialrun-302172199-worker-0:4099977:4099977 [6] NCCL INFO Init timings - ncclCommInitRankConfig: rank 6 nranks 8 total 3.35 (kernels 0.29, alloc 0.81, bootstrap 0.21, allgathers 0.02, topo 1.53, graphs 0.03, connections 0.45, rest 0.00)[32m [repeated 7x across cluster][0m
[36m(WorkerDict pid=4099977)[0m trial-302172199-trialrun-302172199-worker-0:4099977:4099977 [6] NCCL INFO Channel 13/0 : 6[6] -> 7[7] via P2P/CUMEM[32m [repeated 106x across cluster][0m
[36m(WorkerDict pid=4099971)[0m NFO Ring 30 : 1 -> 2 -> 3
[36m(WorkerDict pid=4099977)[0m trial-302172199-trialrun-302172199-worker-0:4099977:4115570 [0] NCCL INFO [Proxy Service UDS] Device 6 CPU core 76[32m [repeated 6x across cluster][0m
[36m(WorkerDict pid=4099978)[0m trial-302172199-trialrun-302172199-worker-0:4099978:4099978 [5] NCCL INFO Channel 14/0 : 5[5] -> [32m [repeated 2x across cluster][0m
[36m(WorkerDict pid=4099978)[0m CL INFO Ring 30 : 4 -> 5 -> 6
[36m(WorkerDict pid=4099972)[0m actor attention implementation verified: sdpa
[36m(WorkerDict pid=4099972)[0m [PowerFlow] Added proj_z (layers=3, hidden=3584, init_offset=1.08)
[36m(WorkerDict pid=4099972)[0m Monkey patch _flash_attention_forward in transformers.integrations.flash_attention
[36m(WorkerDict pid=4099972)[0m Using Triton backend for fused kernels in Qwen2ForCausalLM
[36m(WorkerDict pid=4099972)[0m Qwen2ForCausalLM contains 7.64B parameters
[36m(WorkerDict pid=4099972)[0m [PowerFlow] Updated auto_wrap_policy to wrap ProjZModule
[36m(WorkerDict pid=4099972)[0m wrap_policy: <function ActorRolloutRefWorker._build_model_optimizer.<locals>.powerflow_wrap_policy at 0x7ef44d3a1d00>
[36m(WorkerDict pid=4099972)[0m Total steps: 20, num_warmup_steps: 0
[36m(WorkerDict pid=4099972)[0m Actor use_remove_padding=True
[36m(WorkerDict pid=4099972)[0m Actor use_fused_kernels=True
[36m(WorkerDict pid=4099977)[0m Monkey patch _flash_attention_forward in transformers.integrations.flash_attention[32m [repeated 7x across cluster][0m
[36m(WorkerDict pid=4099977)[0m Using Triton backend for fused kernels in Qwen2ForCausalLM[32m [repeated 7x across cluster][0m
[36m(WorkerDict pid=4099972)[0m kwargs: {'n': 1, 'logprobs': 1, 'max_tokens': 3072, 'repetition_penalty': 1.0, 'detokenize': False, 'temperature': 1.0, 'top_k': -1, 'top_p': 1, 'ignore_eos': False}
[36m(WorkerDict pid=4099972)[0m WARNING 07-31 21:57:08 [jit_monitor.py:106] Triton kernel JIT compilation during inference: _compute_slot_mapping_kernel. This causes a latency spike; consider extending warmup to cover this shape/config.
[36m(TaskRunner pid=4099970)[0m [Shutdown] 2 subprocess(es) terminated.
[36m(WorkerDict pid=4099968)[0m kwargs: {'n': 1, 'logprobs': 1, 'max_tokens': 3072, 'repetition_penalty': 1.0, 'detokenize': False, 'temperature': 1.0, 'top_k': -1, 'top_p': 1, 'ignore_eos': False}[32m [repeated 7x across cluster][0m
[36m(TaskRunner pid=4099970)[0m [Shutdown] 67 subprocess(es) terminated.
[36m(TaskRunner pid=4099970)[0m [Shutdown] 5 subprocess(es) terminated.
[36m(TaskRunner pid=4099970)[0m [Shutdown] 2 subprocess(es) terminated.
[36m(WorkerDict pid=4099972)[0m WARNING 07-31 21:58:25 [jit_monitor.py:106] Triton kernel JIT compilation during inference: efficient_entropy_kernel_general_mainloop. This causes a latency spike; consider extending warmup to cover this shape/config.
[36m(WorkerDict pid=4099972)[0m WARNING 07-31 21:58:25 [jit_monitor.py:106] Triton kernel JIT compilation during inference: efficient_entropy_triton_kernel_epilogue. This causes a latency spike; consider extending warmup to cover this shape/config.
[36m(WorkerDict pid=4099972)[0m WARNING 07-31 21:58:28 [jit_monitor.py:106] Triton kernel JIT compilation during inference: efficient_entropy_backward_kernel_general_d_logits_split_N. This causes a latency spike; consider extending warmup to cover this shape/config.
[36m(TaskRunner pid=4099970)[0m Training Progress:   5%|▌         | 1/20 [01:28<27:56, 88.23s/it]
[36m(TaskRunner pid=4099970)[0m <string>:1: SymPyDeprecationWarning: 
[36m(TaskRunner pid=4099970)[0m 
[36m(TaskRunner pid=4099970)[0m Using non-Expr arguments in Pow is deprecated (in this case, one of the
[36m(TaskRunner pid=4099970)[0m arguments is of type 'FiniteSet').
[36m(TaskRunner pid=4099970)[0m 
[36m(TaskRunner pid=4099970)[0m If you really did intend to construct a power with this base, use the **
[36m(TaskRunner pid=4099970)[0m operator instead.
[36m(TaskRunner pid=4099970)[0m 
[36m(TaskRunner pid=4099970)[0m See https://docs.sympy.org/latest/explanation/active-deprecations.html#non-expr-args-deprecated
[36m(TaskRunner pid=4099970)[0m for details.
[36m(TaskRunner pid=4099970)[0m 
[36m(TaskRunner pid=4099970)[0m This has been deprecated since SymPy version 1.7. It
[36m(TaskRunner pid=4099970)[0m will be removed in a future version of SymPy.
[36m(TaskRunner pid=4099970)[0m 
[36m(TaskRunner pid=4099970)[0m /mlx_devbox/users/quyanyi/playground/.venvs/ttrl_b200/lib/python3.11/site-packages/sympy/core/power.py:1257: SymPyDeprecationWarning: 
[36m(TaskRunner pid=4099970)[0m 
[36m(TaskRunner pid=4099970)[0m Using non-Expr arguments in Pow is deprecated (in this case, one of the
[36m(TaskRunner pid=4099970)[0m arguments is of type 'FiniteSet').
[36m(TaskRunner pid=4099970)[0m 
[36m(TaskRunner pid=4099970)[0m If you really did intend to construct a power with this base, use the **
[36m(TaskRunner pid=4099970)[0m operator instead.
[36m(TaskRunner pid=4099970)[0m 
[36m(TaskRunner pid=4099970)[0m See https://docs.sympy.org/latest/explanation/active-deprecations.html#non-expr-args-deprecated
[36m(TaskRunner pid=4099970)[0m for details.
[36m(TaskRunner pid=4099970)[0m 
[36m(TaskRunner pid=4099970)[0m This has been deprecated since SymPy version 1.7. It
[36m(TaskRunner pid=4099970)[0m will be removed in a future version of SymPy.
[36m(TaskRunner pid=4099970)[0m 
[36m(TaskRunner pid=4099970)[0m   p = self.func(*self.as_base_exp())  # in case it's unevaluated
[36m(TaskRunner pid=4099970)[0m <string>:1: SyntaxWarning: 'set' object is not callable; perhaps you missed a comma?
[36m(TaskRunner pid=4099970)[0m <string>:1: SymPyDeprecationWarning: 
[36m(TaskRunner pid=4099970)[0m 
[36m(TaskRunner pid=4099970)[0m Using non-Expr arguments in Pow is deprecated (in this case, one of the
[36m(TaskRunner pid=4099970)[0m arguments is of type 'FiniteSet').
[36m(TaskRunner pid=4099970)[0m 
[36m(TaskRunner pid=4099970)[0m If you really did intend to construct a power with this base, use the **
[36m(TaskRunner pid=4099970)[0m operator instead.
[36m(TaskRunner pid=4099970)[0m 
[36m(TaskRunner pid=4099970)[0m See https://docs.sympy.org/latest/explanation/active-deprecations.html#non-expr-args-deprecated
[36m(TaskRunner pid=4099970)[0m for details.
[36m(TaskRunner pid=4099970)[0m 
[36m(TaskRunner pid=4099970)[0m This has been deprecated since SymPy version 1.7. It
[36m(TaskRunner pid=4099970)[0m will be removed in a future version of SymPy.
[36m(TaskRunner pid=4099970)[0m 
[36m(TaskRunner pid=4099970)[0m /mlx_devbox/users/quyanyi/playground/.venvs/ttrl_b200/lib/python3.11/site-packages/sympy/core/power.py:1257: SymPyDeprecationWarning: 
[36m(TaskRunner pid=4099970)[0m 
[36m(TaskRunner pid=4099970)[0m Using non-Expr arguments in Pow is deprecated (in this case, one of the
[36m(TaskRunner pid=4099970)[0m arguments is of type 'FiniteSet').
[36m(TaskRunner pid=4099970)[0m 
[36m(TaskRunner pid=4099970)[0m If you really did intend to construct a power with this base, use the **
[36m(TaskRunner pid=4099970)[0m operator instead.
[36m(TaskRunner pid=4099970)[0m 
[36m(TaskRunner pid=4099970)[0m See https://docs.sympy.org/latest/explanation/active-deprecations.html#non-expr-args-deprecated
[36m(TaskRunner pid=4099970)[0m for details.
[36m(TaskRunner pid=4099970)[0m 
[36m(TaskRunner pid=4099970)[0m This has been deprecated since SymPy version 1.7. It
[36m(TaskRunner pid=4099970)[0m will be removed in a future version of SymPy.
[36m(TaskRunner pid=4099970)[0m 
[36m(TaskRunner pid=4099970)[0m   p = self.func(*self.as_base_exp())  # in case it's unevaluated
[36m(TaskRunner pid=4099970)[0m WARNING:2026-07-31 21:59:12,114:Timeout during comparison
[36m(TaskRunner pid=4099970)[0m Training Progress:   5%|▌         | 1/20 [02:05<39:38, 125.17s/it]
[36m(TaskRunner pid=4099970)[0m step:1 - chunk_state_source/selected_original_acc_mean:0.906 - chunk_state_source/prompt_original_pass:0.906 - chunk_state_source/prompt_original_mean:0.334 - chunk_state_teacher_anchor/enabled:1.000 - chunk_state_teacher_anchor/replaced_ratio:1.000 - chunk_state_teacher_anchor/mean_len:225.125 - chunk_state_teacher_anchor/candidate_index:0.000 - chunk_state_probe/samples:4.000 - chunk_state_probe/raw_positive_ratio:0.303 - chunk_state_teacher_anchor/score_floor:1.000 - chunk_state_diag/boundary_mean:456.000 - chunk_state_diag/boundary_min:256.000 - chunk_state_diag/boundary_max:768.000 - chunk_state_diag/boundary_zero_ratio:0.000 - chunk_state_diag/skipped_short_sources:0.000 - chunk_state_diag/source_response_len_mean:1272.656 - chunk_state_diag/probe_score_std:0.416 - chunk_state_diag/state_probe_mean_max:0.875 - chunk_state_diag/state_probe_mean_min:0.125 - chunk_state_diag/state_all_positive_ratio:0.156 - chunk_state_diag/state_all_negative_ratio:0.000 - chunk_state_diag/state_mixed_ratio:0.844 - chunk_state_diag/source_pseudo_acc_mean:0.844 - chunk_state_diag/source_original_acc_mean:0.906 - chunk_state_diag/prompt_pseudo_mean:0.323 - chunk_state_diag/prompt_original_mean:0.334 - chunk_state_diag/prompt_original_pass:0.906 - chunk_state_diag/probe_mean_source_original_correct:0.401 - chunk_state_diag/probe_mean_source_original_wrong:0.167 - chunk_state_diag/source_original_correct_ratio:0.906 - chunk_state_diag/jsonl_rows:32.000 - chunk_state/num_states:32.000 - chunk_state/num_candidates:256.000 - chunk_state/num_actor_samples:256.000 - chunk_state/positive_ratio:0.379 - chunk_state/informative_ratio:1.000 - chunk_state/kept_state_ratio:1.000 - chunk_state/target_entropy:1.037 - chunk_state/weight_max:0.984 - chunk_state/weight_min:0.000 - chunk_state/powerflow_weight_mean:1.000 - chunk_state/powerflow_weight_max:7.875 - chunk_state/powerflow_weight_min:0.003 - chunk_state_actor_span/mode_chunk:1.000 - chunk_state_actor_span/response_len_mean:225.680 - chunk_state_actor_span/truncated_ratio:0.000 - actor/pg_loss:0.850 - actor/powerflow_loss:0.850 - actor/log_prob:-0.186 - actor/old_log_prob:0.000 - actor/ref_log_prob:-0.186 - actor/ref_log_prob/std:0.066 - actor/boxed_reward/mean:0.344 - actor/boxed_reward/min:0.000 - actor/boxed_reward/max:1.000 - actor/powerflow_weight/mean:1.000 - actor/powerflow_weight/min:0.007 - actor/powerflow_weight/max:7.875 - actor/log_z:-1.207 - actor/importance_weight:0.800 - actor/ppo_kl:0.186 - actor/ref_kl:-0.000 - actor/beta_coef:4.000 - actor/cispo_mask_ratio:0.141 - actor/cispo_dropped_tokens:141.125 - actor/condition_1_count:0.000 - actor/condition_2_count:141.125 - actor/pg_clipfrac:0.000 - actor/pg_clipfrac_lower:0.000 - actor/grad_norm:28.623 - perf/mfu/actor:0.000 - perf/max_memory_allocated_gb:159.964 - perf/max_memory_reserved_gb:175.270 - perf/cpu_memory_used_gb:788.466 - actor/lr:0.000 - timing_s/generate_sequences:29.719 - timing_s/reshard:0.300 - timing_s/gen:51.501 - timing_s/chunk_state_make_states:0.020 - timing_s/chunk_state_chunks/generate_sequences:1.063 - timing_s/chunk_state_chunks/reshard:0.333 - timing_s/chunk_state_chunks:1.551 - timing_s/chunk_state_probe/generate_sequences:5.861 - timing_s/chunk_state_probe/reshard:0.331 - timing_s/chunk_state_probe:6.953 - timing_s/chunk_state_score:10.767 - timing_s/chunk_state_build_actor_batch:0.012 - timing_s/chunk_state_ref:6.123 - timing_s/update_actor:7.789 - timing_per_token_ms/gen:0.049 - timing_per_token_ms/update_actor:0.007
[36m(TaskRunner pid=4099970)[0m [Shutdown] 6 subprocess(es) terminated.
Error executing job with overrides: ['data.train_files=[/mlx_devbox/users/quyanyi/playground/TTRL/verl/data/MATH-TTT/train.parquet]', 'data.val_files=[/mlx_devbox/users/quyanyi/playground/TTRL/verl/data/MATH-TTT/test.parquet]', 'data.max_prompt_length=1024', 'data.max_response_length=3072', 'data.train_batch_size=32', 'data.filter_overlong_prompts=True', 'data.truncation=error', 'actor_rollout_ref.model.path=/models/Qwen2.5-Math-7B', 'actor_rollout_ref.model.attn_implementation=sdpa', 'actor_rollout_ref.model.enable_gradient_checkpointing=True', 'actor_rollout_ref.model.enable_activation_offload=False', 'actor_rollout_ref.model.use_remove_padding=True', 'actor_rollout_ref.actor.ppo_mini_batch_size=32', 'actor_rollout_ref.actor.ppo_micro_batch_size_per_gpu=4', 'actor_rollout_ref.actor.use_dynamic_bsz=False', 'actor_rollout_ref.actor.use_kl_loss=True', 'actor_rollout_ref.actor.optim.lr=5e-7', 'actor_rollout_ref.actor.optim.lr_warmup_steps_ratio=0.03', 'actor_rollout_ref.actor.optim.warmup_style=cosine', 'actor_rollout_ref.actor.fsdp_config.param_offload=False', 'actor_rollout_ref.actor.fsdp_config.optimizer_offload=False', 'actor_rollout_ref.actor.ppo_max_token_len_per_gpu=2048', 'actor_rollout_ref.ref.log_prob_micro_batch_size_per_gpu=4', 'actor_rollout_ref.ref.fsdp_config.param_offload=True', 'actor_rollout_ref.rollout.name=vllm', 'actor_rollout_ref.rollout.temperature=1.0', 'actor_rollout_ref.rollout.enforce_eager=False', 'actor_rollout_ref.rollout.free_cache_engine=False', 'actor_rollout_ref.rollout.log_prob_micro_batch_size_per_gpu=4', 'actor_rollout_ref.rollout.tensor_model_parallel_size=1', 'actor_rollout_ref.rollout.gpu_memory_utilization=0.82', 'actor_rollout_ref.rollout.n=32', 'actor_rollout_ref.rollout.val_kwargs.do_sample=True', 'actor_rollout_ref.rollout.val_kwargs.n=16', 'actor_rollout_ref.rollout.val_kwargs.top_p=0.95', 'actor_rollout_ref.rollout.val_kwargs.temperature=0.6', 'actor_rollout_ref.rollout.max_model_len=4096', 'actor_rollout_ref.rollout.max_num_batched_tokens=32768', 'critic.optim.lr=9e-6', 'critic.model.use_remove_padding=True', 'critic.model.path=/models/Qwen2.5-Math-7B', 'critic.model.attn_implementation=sdpa', 'critic.model.enable_gradient_checkpointing=True', 'critic.model.enable_activation_offload=False', 'critic.ppo_micro_batch_size_per_gpu=4', 'critic.model.fsdp_config.param_offload=False', 'critic.model.fsdp_config.optimizer_offload=False', 'algorithm.kl_ctrl.kl_coef=0.00', 'algorithm.adv_estimator=grpo', 'custom_reward_function.path=./verl/utils/reward_score/ttrl_math/__init__.py', 'custom_reward_function.name=reward_func', 'ttrl.enable=True', 'ttrl.n_votes_per_prompt=64', 'ttrl.n_samples_per_prompt=32', 'trainer.logger=[console]', 'trainer.project_name=TTRL-verl-local', 'trainer.experiment_name=0731-ttrl_chunk_state_powerflow_midstate_probe4_strictsrc_b32_r32_v64_20step_20260731-MATH-TTT-Qwen2.5-Math-7B-midstate-probe4-strictsrc-powerflow', 'trainer.n_gpus_per_node=8', 'trainer.nnodes=1', 'trainer.save_freq=2000000', 'trainer.test_freq=20', 'trainer.val_before_train=False', 'trainer.max_actor_ckpt_to_keep=0', 'trainer.max_critic_ckpt_to_keep=0', 'trainer.default_local_dir=/tmp/ttrl_b200/checkpoints/ttrl_chunk_state_powerflow_midstate_probe4_strictsrc_b32_r32_v64_20step_20260731', 'trainer.total_epochs=10', 'actor_rollout_ref.model.use_fused_kernels=True', 'actor_rollout_ref.model.fused_kernel_options.impl_backend=triton', 'actor_rollout_ref.rollout.engine_kwargs.vllm.attention_config.backend=FLASH_ATTN', 'reward_model.reward_manager=prime', 'reward_model.num_processes=128', 'ttrl.majority_vote_num_processes=64', '+actor_rollout_ref.rollout.logprobs=1', 'actor_rollout_ref.rollout.calculate_log_probs=True', 'actor_rollout_ref.rollout.use_rollout_log_probs_as_old=True', 'trainer.resume_mode=disable', 'trainer.total_training_steps=20', 'ttrl.chunk_state_enable=True', 'ttrl.chunk_state_candidates=8', 'ttrl.chunk_state_chunk_size=256', 'ttrl.chunk_state_probe_max_tokens=3072', 'ttrl.chunk_state_states_per_prompt=1', 'ttrl.chunk_state_max_prefix_tokens=1024', 'ttrl.chunk_state_boundaries=[0,256,512,768,1024]', 'ttrl.chunk_state_alpha=2.0', 'ttrl.chunk_state_eps=0.05', 'ttrl.chunk_state_skip_uniform=False', 'actor_rollout_ref.actor.chunk_weighted_nll_enable=False', 'actor_rollout_ref.actor.powerflow_enable=True', 'actor_rollout_ref.actor.powerflow_use_boxed_reward=True', 'actor_rollout_ref.actor.powerflow_beta_coef=4.0', 'actor_rollout_ref.actor.powerflow_init_ref_log_prob=0.36', 'actor_rollout_ref.actor.use_kl_loss=False', 'actor_rollout_ref.actor.ppo_epochs=1', 'ttrl.chunk_state_diag_enable=True', 'trainer.test_freq=20', 'ttrl.chunk_state_source_mode=success', 'ttrl.chunk_state_skip_all_negative=True', 'actor_rollout_ref.actor.powerflow_use_chunk_weights=True', 'ttrl.chunk_state_boundaries=[256,512,768]', 'ttrl.chunk_state_min_boundary=256', 'ttrl.chunk_state_teacher_anchor_enable=True', 'ttrl.chunk_state_teacher_anchor_score=1.0', 'ttrl.chunk_state_teacher_anchor_candidate_index=0', 'ttrl.chunk_state_diag_jsonl=/mlx_devbox/users/quyanyi/playground/TTRL/important_experiment_logs/chunk_state_diag/ttrl_chunk_state_powerflow_midstate_probe4_strictsrc_b32_r32_v64_20step_20260731.jsonl', 'trainer.total_training_steps=20', 'trainer.test_freq=20', 'trainer.val_before_train=False', 'trainer.final_val_enable=True', 'trainer.save_freq=2000000', 'ttrl.chunk_state_probe_samples=4', 'ttrl.chunk_state_probe_max_tokens=1024', 'ttrl.chunk_state_diag_jsonl=/mlx_devbox/users/quyanyi/playground/TTRL/important_experiment_logs/chunk_state_diag/ttrl_chunk_state_powerflow_midstate_probe4_strictsrc_b32_r32_v64_20step_20260731.jsonl']
Traceback (most recent call last):
  File "/mlx_devbox/users/quyanyi/playground/TTRL/verl/verl/trainer/main_ppo.py", line 31, in main
    run_ppo(config)
  File "/mlx_devbox/users/quyanyi/playground/TTRL/verl/verl/trainer/main_ppo.py", line 63, in run_ppo
    ray.get(runner.run.remote(config))
  File "/mlx_devbox/users/quyanyi/playground/.venvs/ttrl_b200/lib/python3.11/site-packages/ray/_private/auto_init_hook.py", line 22, in auto_init_wrapper
    return fn(*args, **kwargs)
           ^^^^^^^^^^^^^^^^^^^
  File "/mlx_devbox/users/quyanyi/playground/.venvs/ttrl_b200/lib/python3.11/site-packages/ray/_private/client_mode_hook.py", line 110, in wrapper
    return func(*args, **kwargs)
           ^^^^^^^^^^^^^^^^^^^^^
  File "/mlx_devbox/users/quyanyi/playground/.venvs/ttrl_b200/lib/python3.11/site-packages/ray/_private/worker.py", line 2968, in get
    values, debugger_breakpoint = worker.get_objects(
                                  ^^^^^^^^^^^^^^^^^^^
  File "/mlx_devbox/users/quyanyi/playground/.venvs/ttrl_b200/lib/python3.11/site-packages/ray/_private/worker.py", line 1050, in get_objects
    raise value.as_instanceof_cause()
ray.exceptions.RayTaskError(AssertionError): [36mray::TaskRunner.run()[39m (pid=4099970, ip=fdbd:dc61:ff:f000:ffff:ffff:0:16, actor_id=a5932e2762b5c90ab0be6d2001000000, repr=<main_ppo.TaskRunner object at 0x7fa8e8482150>)
           ^^^^^^^^^^^^^^^^^^^^^^^^^^^^^^^^^^^^
           ^^^^^^^^^^^^^^^^^^^^^^^^^^^^^^^
  File "/mlx_devbox/users/quyanyi/playground/TTRL/verl/verl/trainer/main_ppo.py", line 217, in run
    trainer.fit()
  File "/mlx_devbox/users/quyanyi/playground/TTRL/verl/verl/trainer/ppo/ray_trainer.py", line 1983, in fit
    self._run_chunk_state_training_step(batch, metrics, timing_raw)
  File "/mlx_devbox/users/quyanyi/playground/TTRL/verl/verl/trainer/ppo/ray_trainer.py", line 1729, in _run_chunk_state_training_step
    chunk_output = self.actor_rollout_wg.generate_sequences(chunk_prompts)
                   ^^^^^^^^^^^^^^^^^^^^^^^^^^^^^^^^^^^^^^^^^^^^^^^^^^^^^^^
  File "/mlx_devbox/users/quyanyi/playground/TTRL/verl/verl/single_controller/ray/base.py", line 48, in __call__
    args, kwargs = dispatch_fn(self, *args, **kwargs)
                   ^^^^^^^^^^^^^^^^^^^^^^^^^^^^^^^^^^
  File "/mlx_devbox/users/quyanyi/playground/TTRL/verl/verl/single_controller/base/decorator.py", line 381, in dispatch_dp_compute_data_proto
    splitted_args, splitted_kwargs = _split_args_kwargs_data_proto_with_auto_padding(
                                     ^^^^^^^^^^^^^^^^^^^^^^^^^^^^^^^^^^^^^^^^^^^^^^^^
  File "/mlx_devbox/users/quyanyi/playground/TTRL/verl/verl/single_controller/base/decorator.py", line 116, in _split_args_kwargs_data_proto_with_auto_padding
    splitted_args.append(arg.chunk(chunks=chunks))
                         ^^^^^^^^^^^^^^^^^^^^^^^^
  File "/mlx_devbox/users/quyanyi/playground/TTRL/verl/verl/protocol.py", line 699, in chunk
    assert len(self) % chunks == 0, (
           ^^^^^^^^^^^^^^^^^^^^^^^
AssertionError: only support equal chunk. Got size of DataProto 31 and chunk 8.

Set the environment variable HYDRA_FULL_ERROR=1 for a complete stack trace.
