MODEL_READY: /models/Qwen2.5-Math-7B
Using python: /mlx_devbox/users/quyanyi/playground/.venvs/ttrl_h100_cu129/bin/python
Using model: /models/Qwen2.5-Math-7B
Using data: /mlx_devbox/users/quyanyi/playground/TTRL/verl/data/MATH-TTT
Output directory: /tmp/ttrl_h100/checkpoints/ttrl_sharpened_grpo_b16_r32_v64_5step_h100_aggr_nofree_kl_refmb8_mem060_soft002_20260803
Actor offload: param=False optimizer=False activation=False
Rollout: free_cache_engine=False enforce_eager=False gpu_memory_utilization=0.60
Critic offload: param=False optimizer=False activation=False
/mlx_devbox/users/quyanyi/playground/TTRL/verl/verl/__init__.py:18: UserWarning: pkg_resources is deprecated as an API. See https://setuptools.pypa.io/en/latest/pkg_resources.html. The pkg_resources package is slated for removal as early as 2025-11-30. Refrain from using this package or pin to Setuptools<81.
  import pkg_resources
/mlx_devbox/users/quyanyi/playground/.venvs/ttrl_h100_cu129/lib/python3.11/site-packages/transformers/utils/hub.py:110: FutureWarning: Using `TRANSFORMERS_CACHE` is deprecated and will be removed in v5 of Transformers. Use `HF_HOME` instead.
  warnings.warn(
2026-08-03 09:52:25,629	WARNING utils.py:481 -- Ray currently does not support initializing Ray with fractional cpus. Your num_cpus will be truncated from 169.2 to 169.
2026-08-03 09:52:29,320	INFO worker.py:2024 -- Started a local Ray instance.
[36m(pid=302731)[0m /mlx_devbox/users/quyanyi/playground/TTRL/verl/verl/__init__.py:18: UserWarning: pkg_resources is deprecated as an API. See https://setuptools.pypa.io/en/latest/pkg_resources.html. The pkg_resources package is slated for removal as early as 2025-11-30. Refrain from using this package or pin to Setuptools<81.
[36m(pid=302731)[0m   import pkg_resources
[36m(pid=302731)[0m /mlx_devbox/users/quyanyi/playground/.venvs/ttrl_h100_cu129/lib/python3.11/site-packages/transformers/utils/hub.py:110: FutureWarning: Using `TRANSFORMERS_CACHE` is deprecated and will be removed in v5 of Transformers. Use `HF_HOME` instead.
[36m(pid=302731)[0m   warnings.warn(
[36m(TaskRunner pid=302731)[0m TaskRunner hostname: trial-302244509-trialrun-302244509-worker-0, PID: 302731
[36m(TaskRunner pid=302731)[0m {'actor_rollout_ref': {'actor': {'checkpoint': {'load_contents': ['model',
[36m(TaskRunner pid=302731)[0m                                                                   'optimizer',
[36m(TaskRunner pid=302731)[0m                                                                   'extra'],
[36m(TaskRunner pid=302731)[0m                                                 'save_contents': ['model',
[36m(TaskRunner pid=302731)[0m                                                                   'optimizer',
[36m(TaskRunner pid=302731)[0m                                                                   'extra']},
[36m(TaskRunner pid=302731)[0m                                  'chunk_weighted_nll_enable': False,
[36m(TaskRunner pid=302731)[0m                                  'clip_ratio': 0.2,
[36m(TaskRunner pid=302731)[0m                                  'clip_ratio_c': 3.0,
[36m(TaskRunner pid=302731)[0m                                  'clip_ratio_high': 0.2,
[36m(TaskRunner pid=302731)[0m                                  'clip_ratio_low': 0.2,
[36m(TaskRunner pid=302731)[0m                                  'entropy_checkpointing': False,
[36m(TaskRunner pid=302731)[0m                                  'entropy_coeff': 0,
[36m(TaskRunner pid=302731)[0m                                  'entropy_from_logits_with_chunking': False,
[36m(TaskRunner pid=302731)[0m                                  'fsdp_config': {'forward_prefetch': False,
[36m(TaskRunner pid=302731)[0m                                                  'fsdp_size': -1,
[36m(TaskRunner pid=302731)[0m                                                  'offload_policy': False,
[36m(TaskRunner pid=302731)[0m                                                  'optimizer_offload': False,
[36m(TaskRunner pid=302731)[0m                                                  'param_offload': False,
[36m(TaskRunner pid=302731)[0m                                                  'reshard_after_forward': True,
[36m(TaskRunner pid=302731)[0m                                                  'wrap_policy': {'min_num_params': 0}},
[36m(TaskRunner pid=302731)[0m                                  'grad_clip': 1.0,
[36m(TaskRunner pid=302731)[0m                                  'kl_loss_coef': 0.001,
[36m(TaskRunner pid=302731)[0m                                  'kl_loss_type': 'low_var_kl',
[36m(TaskRunner pid=302731)[0m                                  'loss_agg_mode': 'token-mean',
[36m(TaskRunner pid=302731)[0m                                  'optim': {'lr': 5e-07,
[36m(TaskRunner pid=302731)[0m                                            'lr_warmup_steps': -1,
[36m(TaskRunner pid=302731)[0m                                            'lr_warmup_steps_ratio': 0.03,
[36m(TaskRunner pid=302731)[0m                                            'min_lr_ratio': 0.0,
[36m(TaskRunner pid=302731)[0m                                            'num_cycles': 0.5,
[36m(TaskRunner pid=302731)[0m                                            'total_training_steps': -1,
[36m(TaskRunner pid=302731)[0m                                            'warmup_style': 'cosine',
[36m(TaskRunner pid=302731)[0m                                            'weight_decay': 0.01},
[36m(TaskRunner pid=302731)[0m                                  'policy_loss': {'clip_cov_lb': 1.0,
[36m(TaskRunner pid=302731)[0m                                                  'clip_cov_ratio': 0.0002,
[36m(TaskRunner pid=302731)[0m                                                  'clip_cov_ub': 5.0,
[36m(TaskRunner pid=302731)[0m                                                  'kl_cov_ratio': 0.0002,
[36m(TaskRunner pid=302731)[0m                                                  'loss_mode': 'vanilla',
[36m(TaskRunner pid=302731)[0m                                                  'ppo_kl_coef': 0.1},
[36m(TaskRunner pid=302731)[0m                                  'powerflow_beta_coef': 4.0,
[36m(TaskRunner pid=302731)[0m                                  'powerflow_chunk_loss_mode': 'standard',
[36m(TaskRunner pid=302731)[0m                                  'powerflow_enable': False,
[36m(TaskRunner pid=302731)[0m                                  'powerflow_init_ref_log_prob': 0.36,
[36m(TaskRunner pid=302731)[0m                                  'powerflow_on_policy': False,
[36m(TaskRunner pid=302731)[0m                                  'powerflow_proj_layers': 3,
[36m(TaskRunner pid=302731)[0m                                  'powerflow_use_boxed_reward': False,
[36m(TaskRunner pid=302731)[0m                                  'powerflow_use_chunk_weights': False,
[36m(TaskRunner pid=302731)[0m                                  'ppo_epochs': 1,
[36m(TaskRunner pid=302731)[0m                                  'ppo_max_token_len_per_gpu': 4096,
[36m(TaskRunner pid=302731)[0m                                  'ppo_micro_batch_size': None,
[36m(TaskRunner pid=302731)[0m                                  'ppo_micro_batch_size_per_gpu': 2,
[36m(TaskRunner pid=302731)[0m                                  'ppo_mini_batch_size': 1,
[36m(TaskRunner pid=302731)[0m                                  'profiler': {'all_ranks': False,
[36m(TaskRunner pid=302731)[0m                                               'discrete': False,
[36m(TaskRunner pid=302731)[0m                                               'ranks': None},
[36m(TaskRunner pid=302731)[0m                                  'shuffle': False,
[36m(TaskRunner pid=302731)[0m                                  'strategy': 'fsdp',
[36m(TaskRunner pid=302731)[0m                                  'ulysses_sequence_parallel_size': 1,
[36m(TaskRunner pid=302731)[0m                                  'use_dynamic_bsz': False,
[36m(TaskRunner pid=302731)[0m                                  'use_kl_loss': True,
[36m(TaskRunner pid=302731)[0m                                  'use_torch_compile': True},
[36m(TaskRunner pid=302731)[0m                        'hybrid_engine': True,
[36m(TaskRunner pid=302731)[0m                        'model': {'attn_implementation': 'sdpa',
[36m(TaskRunner pid=302731)[0m                                  'custom_chat_template': None,
[36m(TaskRunner pid=302731)[0m                                  'enable_activation_offload': False,
[36m(TaskRunner pid=302731)[0m                                  'enable_gradient_checkpointing': True,
[36m(TaskRunner pid=302731)[0m                                  'exclude_modules': None,
[36m(TaskRunner pid=302731)[0m                                  'external_lib': None,
[36m(TaskRunner pid=302731)[0m                                  'fused_kernel_options': {'impl_backend': 'triton'},
[36m(TaskRunner pid=302731)[0m                                  'lora_alpha': 16,
[36m(TaskRunner pid=302731)[0m                                  'lora_rank': 0,
[36m(TaskRunner pid=302731)[0m                                  'override_config': {},
[36m(TaskRunner pid=302731)[0m                                  'path': '/models/Qwen2.5-Math-7B',
[36m(TaskRunner pid=302731)[0m                                  'target_modules': 'all-linear',
[36m(TaskRunner pid=302731)[0m                                  'trust_remote_code': False,
[36m(TaskRunner pid=302731)[0m                                  'use_fused_kernels': True,
[36m(TaskRunner pid=302731)[0m                                  'use_liger': False,
[36m(TaskRunner pid=302731)[0m                                  'use_remove_padding': True,
[36m(TaskRunner pid=302731)[0m                                  'use_shm': False},
[36m(TaskRunner pid=302731)[0m                        'ref': {'entropy_checkpointing': False,
[36m(TaskRunner pid=302731)[0m                                'entropy_from_logits_with_chunking': False,
[36m(TaskRunner pid=302731)[0m                                'fsdp_config': {'forward_prefetch': False,
[36m(TaskRunner pid=302731)[0m                                                'param_offload': True,
[36m(TaskRunner pid=302731)[0m                                                'reshard_after_forward': True,
[36m(TaskRunner pid=302731)[0m                                                'wrap_policy': {'min_num_params': 0}},
[36m(TaskRunner pid=302731)[0m                                'log_prob_max_token_len_per_gpu': 4096,
[36m(TaskRunner pid=302731)[0m                                'log_prob_micro_batch_size': None,
[36m(TaskRunner pid=302731)[0m                                'log_prob_micro_batch_size_per_gpu': 8,
[36m(TaskRunner pid=302731)[0m                                'log_prob_use_dynamic_bsz': False,
[36m(TaskRunner pid=302731)[0m                                'profiler': {'all_ranks': False,
[36m(TaskRunner pid=302731)[0m                                             'discrete': False,
[36m(TaskRunner pid=302731)[0m                                             'ranks': None},
[36m(TaskRunner pid=302731)[0m                                'strategy': 'fsdp',
[36m(TaskRunner pid=302731)[0m                                'ulysses_sequence_parallel_size': 1,
[36m(TaskRunner pid=302731)[0m                                'use_torch_compile': True},
[36m(TaskRunner pid=302731)[0m                        'rollout': {'agent': {'num_workers': 8},
[36m(TaskRunner pid=302731)[0m                                    'calculate_log_probs': True,
[36m(TaskRunner pid=302731)[0m                                    'disable_log_stats': True,
[36m(TaskRunner pid=302731)[0m                                    'do_sample': True,
[36m(TaskRunner pid=302731)[0m                                    'dtype': 'bfloat16',
[36m(TaskRunner pid=302731)[0m                                    'enable_chunked_prefill': True,
[36m(TaskRunner pid=302731)[0m                                    'enforce_eager': False,
[36m(TaskRunner pid=302731)[0m                                    'engine_kwargs': {'sglang': {'attention_backend': None},
[36m(TaskRunner pid=302731)[0m                                                      'vllm': {'attention_config': {'backend': None},
[36m(TaskRunner pid=302731)[0m                                                               'disable_mm_preprocessor_cache': False,
[36m(TaskRunner pid=302731)[0m                                                               'swap_space': None}},
[36m(TaskRunner pid=302731)[0m                                    'free_cache_engine': False,
[36m(TaskRunner pid=302731)[0m                                    'gpu_memory_utilization': 0.6,
[36m(TaskRunner pid=302731)[0m                                    'ignore_eos': False,
[36m(TaskRunner pid=302731)[0m                                    'layered_summon': False,
[36m(TaskRunner pid=302731)[0m                                    'load_format': 'dummy_dtensor',
[36m(TaskRunner pid=302731)[0m                                    'log_prob_max_token_len_per_gpu': 4096,
[36m(TaskRunner pid=302731)[0m                                    'log_prob_micro_batch_size': None,
[36m(TaskRunner pid=302731)[0m                                    'log_prob_micro_batch_size_per_gpu': 8,
[36m(TaskRunner pid=302731)[0m                                    'log_prob_use_dynamic_bsz': False,
[36m(TaskRunner pid=302731)[0m                                    'logprobs': 1,
[36m(TaskRunner pid=302731)[0m                                    'max_model_len': 4096,
[36m(TaskRunner pid=302731)[0m                                    'max_num_batched_tokens': 8192,
[36m(TaskRunner pid=302731)[0m                                    'max_num_seqs': 1024,
[36m(TaskRunner pid=302731)[0m                                    'mode': 'sync',
[36m(TaskRunner pid=302731)[0m                                    'multi_stage_wake_up': False,
[36m(TaskRunner pid=302731)[0m                                    'multi_turn': {'completion_callback': None,
[36m(TaskRunner pid=302731)[0m                                                   'enable': False,
[36m(TaskRunner pid=302731)[0m                                                   'format': 'hermes',
[36m(TaskRunner pid=302731)[0m                                                   'interaction_config_path': None,
[36m(TaskRunner pid=302731)[0m                                                   'max_assistant_turns': None,
[36m(TaskRunner pid=302731)[0m                                                   'max_parallel_calls': 1,
[36m(TaskRunner pid=302731)[0m                                                   'max_tool_response_length': 256,
[36m(TaskRunner pid=302731)[0m                                                   'max_user_turns': None,
[36m(TaskRunner pid=302731)[0m                                                   'tokenization_sanity_check_mode': 'strict',
[36m(TaskRunner pid=302731)[0m                                                   'tool_config_path': None,
[36m(TaskRunner pid=302731)[0m                                                   'tool_response_truncate_side': 'middle',
[36m(TaskRunner pid=302731)[0m                                                   'use_inference_chat_template': False},
[36m(TaskRunner pid=302731)[0m                                    'n': 32,
[36m(TaskRunner pid=302731)[0m                                    'name': 'vllm',
[36m(TaskRunner pid=302731)[0m                                    'profiler': {'all_ranks': False,
[36m(TaskRunner pid=302731)[0m                                                 'discrete': False,
[36m(TaskRunner pid=302731)[0m                                                 'ranks': None},
[36m(TaskRunner pid=302731)[0m                                    'prompt_length': 1024,
[36m(TaskRunner pid=302731)[0m                                    'response_length': 3072,
[36m(TaskRunner pid=302731)[0m                                    'temperature': 1.0,
[36m(TaskRunner pid=302731)[0m                                    'tensor_model_parallel_size': 1,
[36m(TaskRunner pid=302731)[0m                                    'top_k': -1,
[36m(TaskRunner pid=302731)[0m                                    'top_p': 1,
[36m(TaskRunner pid=302731)[0m                                    'use_rollout_log_probs_as_old': True,
[36m(TaskRunner pid=302731)[0m                                    'val_kwargs': {'do_sample': True,
[36m(TaskRunner pid=302731)[0m                                                   'n': 16,
[36m(TaskRunner pid=302731)[0m                                                   'temperature': 0.6,
[36m(TaskRunner pid=302731)[0m                                                   'top_k': -1,
[36m(TaskRunner pid=302731)[0m                                                   'top_p': 0.95}}},
[36m(TaskRunner pid=302731)[0m  'algorithm': {'adv_estimator': 'grpo',
[36m(TaskRunner pid=302731)[0m                'gamma': 1.0,
[36m(TaskRunner pid=302731)[0m                'kl_ctrl': {'horizon': 10000,
[36m(TaskRunner pid=302731)[0m                            'kl_coef': 0.0,
[36m(TaskRunner pid=302731)[0m                            'target_kl': 0.1,
[36m(TaskRunner pid=302731)[0m                            'type': 'fixed'},
[36m(TaskRunner pid=302731)[0m                'kl_penalty': 'kl',
[36m(TaskRunner pid=302731)[0m                'lam': 1.0,
[36m(TaskRunner pid=302731)[0m                'norm_adv_by_std_in_grpo': True,
[36m(TaskRunner pid=302731)[0m                'pf_ppo': {'reweight_method': 'pow', 'weight_pow': 2.0},
[36m(TaskRunner pid=302731)[0m                'use_kl_in_reward': False,
[36m(TaskRunner pid=302731)[0m                'use_pf_ppo': False},
[36m(TaskRunner pid=302731)[0m  'critic': {'checkpoint': {'load_contents': ['model', 'optimizer', 'extra'],
[36m(TaskRunner pid=302731)[0m                            'save_contents': ['model', 'optimizer', 'extra']},
[36m(TaskRunner pid=302731)[0m             'cliprange_value': 0.5,
[36m(TaskRunner pid=302731)[0m             'forward_max_token_len_per_gpu': 32768,
[36m(TaskRunner pid=302731)[0m             'forward_micro_batch_size': None,
[36m(TaskRunner pid=302731)[0m             'forward_micro_batch_size_per_gpu': 2,
[36m(TaskRunner pid=302731)[0m             'grad_clip': 1.0,
[36m(TaskRunner pid=302731)[0m             'loss_agg_mode': 'token-mean',
[36m(TaskRunner pid=302731)[0m             'model': {'attn_implementation': 'sdpa',
[36m(TaskRunner pid=302731)[0m                       'enable_activation_offload': False,
[36m(TaskRunner pid=302731)[0m                       'enable_gradient_checkpointing': True,
[36m(TaskRunner pid=302731)[0m                       'external_lib': None,
[36m(TaskRunner pid=302731)[0m                       'fsdp_config': {'forward_prefetch': False,
[36m(TaskRunner pid=302731)[0m                                       'fsdp_size': -1,
[36m(TaskRunner pid=302731)[0m                                       'offload_policy': False,
[36m(TaskRunner pid=302731)[0m                                       'optimizer_offload': False,
[36m(TaskRunner pid=302731)[0m                                       'param_offload': False,
[36m(TaskRunner pid=302731)[0m                                       'reshard_after_forward': True,
[36m(TaskRunner pid=302731)[0m                                       'wrap_policy': {'min_num_params': 0}},
[36m(TaskRunner pid=302731)[0m                       'lora_alpha': 16,
[36m(TaskRunner pid=302731)[0m                       'lora_rank': 0,
[36m(TaskRunner pid=302731)[0m                       'override_config': {},
[36m(TaskRunner pid=302731)[0m                       'path': '/models/Qwen2.5-Math-7B',
[36m(TaskRunner pid=302731)[0m                       'target_modules': 'all-linear',
[36m(TaskRunner pid=302731)[0m                       'tokenizer_path': '/models/Qwen2.5-Math-7B',
[36m(TaskRunner pid=302731)[0m                       'trust_remote_code': False,
[36m(TaskRunner pid=302731)[0m                       'use_remove_padding': True,
[36m(TaskRunner pid=302731)[0m                       'use_shm': False},
[36m(TaskRunner pid=302731)[0m             'optim': {'lr': 9e-06,
[36m(TaskRunner pid=302731)[0m                       'lr_warmup_steps_ratio': 0.0,
[36m(TaskRunner pid=302731)[0m                       'min_lr_ratio': None,
[36m(TaskRunner pid=302731)[0m                       'total_training_steps': -1,
[36m(TaskRunner pid=302731)[0m                       'warmup_style': 'constant',
[36m(TaskRunner pid=302731)[0m                       'weight_decay': 0.01},
[36m(TaskRunner pid=302731)[0m             'ppo_epochs': 1,
[36m(TaskRunner pid=302731)[0m             'ppo_max_token_len_per_gpu': 32768,
[36m(TaskRunner pid=302731)[0m             'ppo_micro_batch_size': None,
[36m(TaskRunner pid=302731)[0m             'ppo_micro_batch_size_per_gpu': 2,
[36m(TaskRunner pid=302731)[0m             'ppo_mini_batch_size': 1,
[36m(TaskRunner pid=302731)[0m             'profiler': {'all_ranks': False, 'discrete': False, 'ranks': None},
[36m(TaskRunner pid=302731)[0m             'rollout_n': 32,
[36m(TaskRunner pid=302731)[0m             'shuffle': False,
[36m(TaskRunner pid=302731)[0m             'strategy': 'fsdp',
[36m(TaskRunner pid=302731)[0m             'ulysses_sequence_parallel_size': 1,
[36m(TaskRunner pid=302731)[0m             'use_dynamic_bsz': False},
[36m(TaskRunner pid=302731)[0m  'custom_reward_function': {'name': 'reward_func',
[36m(TaskRunner pid=302731)[0m                             'path': './verl/utils/reward_score/ttrl_math/__init__.py'},
[36m(TaskRunner pid=302731)[0m  'data': {'custom_cls': {'name': None, 'path': None},
[36m(TaskRunner pid=302731)[0m           'filter_overlong_prompts': True,
[36m(TaskRunner pid=302731)[0m           'filter_overlong_prompts_workers': 1,
[36m(TaskRunner pid=302731)[0m           'image_key': 'images',
[36m(TaskRunner pid=302731)[0m           'max_prompt_length': 1024,
[36m(TaskRunner pid=302731)[0m           'max_response_length': 3072,
[36m(TaskRunner pid=302731)[0m           'prompt_key': 'prompt',
[36m(TaskRunner pid=302731)[0m           'return_full_prompt': False,
[36m(TaskRunner pid=302731)[0m           'return_raw_chat': False,
[36m(TaskRunner pid=302731)[0m           'return_raw_input_ids': False,
[36m(TaskRunner pid=302731)[0m           'reward_fn_key': 'data_source',
[36m(TaskRunner pid=302731)[0m           'shuffle': True,
[36m(TaskRunner pid=302731)[0m           'tokenizer': None,
[36m(TaskRunner pid=302731)[0m           'train_batch_size': 16,
[36m(TaskRunner pid=302731)[0m           'train_files': ['/mlx_devbox/users/quyanyi/playground/TTRL/verl/data/MATH-TTT/train.parquet'],
[36m(TaskRunner pid=302731)[0m           'truncation': 'error',
[36m(TaskRunner pid=302731)[0m           'trust_remote_code': False,
[36m(TaskRunner pid=302731)[0m           'use_shm': False,
[36m(TaskRunner pid=302731)[0m           'val_batch_size': None,
[36m(TaskRunner pid=302731)[0m           'val_files': ['/mlx_devbox/users/quyanyi/playground/TTRL/verl/data/MATH-TTT/test.parquet'],
[36m(TaskRunner pid=302731)[0m           'validation_shuffle': False,
[36m(TaskRunner pid=302731)[0m           'video_key': 'videos'},
[36m(TaskRunner pid=302731)[0m  'ray_init': {'num_cpus': None, 'timeline_json_file': None},
[36m(TaskRunner pid=302731)[0m  'reward_model': {'enable': False,
[36m(TaskRunner pid=302731)[0m                   'forward_max_token_len_per_gpu': 32768,
[36m(TaskRunner pid=302731)[0m                   'launch_reward_fn_async': False,
[36m(TaskRunner pid=302731)[0m                   'max_length': None,
[36m(TaskRunner pid=302731)[0m                   'micro_batch_size': None,
[36m(TaskRunner pid=302731)[0m                   'micro_batch_size_per_gpu': None,
[36m(TaskRunner pid=302731)[0m                   'model': {'attn_implementation': 'sdpa',
[36m(TaskRunner pid=302731)[0m                             'external_lib': None,
[36m(TaskRunner pid=302731)[0m                             'fsdp_config': {'forward_prefetch': False,
[36m(TaskRunner pid=302731)[0m                                             'fsdp_size': -1,
[36m(TaskRunner pid=302731)[0m                                             'param_offload': False,
[36m(TaskRunner pid=302731)[0m                                             'reshard_after_forward': True,
[36m(TaskRunner pid=302731)[0m                                             'wrap_policy': {'min_num_params': 0}},
[36m(TaskRunner pid=302731)[0m                             'input_tokenizer': '/models/Qwen2.5-Math-7B',
[36m(TaskRunner pid=302731)[0m                             'path': '~/models/FsfairX-LLaMA3-RM-v0.1',
[36m(TaskRunner pid=302731)[0m                             'trust_remote_code': False,
[36m(TaskRunner pid=302731)[0m                             'use_fused_kernels': True,
[36m(TaskRunner pid=302731)[0m                             'use_remove_padding': False,
[36m(TaskRunner pid=302731)[0m                             'use_shm': False},
[36m(TaskRunner pid=302731)[0m                   'num_processes': 128,
[36m(TaskRunner pid=302731)[0m                   'profiler': {'all_ranks': False,
[36m(TaskRunner pid=302731)[0m                                'discrete': False,
[36m(TaskRunner pid=302731)[0m                                'ranks': None},
[36m(TaskRunner pid=302731)[0m                   'reward_manager': 'prime',
[36m(TaskRunner pid=302731)[0m                   'sandbox_fusion': {'max_concurrent': 64,
[36m(TaskRunner pid=302731)[0m                                      'memory_limit_mb': 1024,
[36m(TaskRunner pid=302731)[0m                                      'url': None},
[36m(TaskRunner pid=302731)[0m                   'strategy': 'fsdp',
[36m(TaskRunner pid=302731)[0m                   'ulysses_sequence_parallel_size': 1,
[36m(TaskRunner pid=302731)[0m                   'use_dynamic_bsz': False},
[36m(TaskRunner pid=302731)[0m  'trainer': {'balance_batch': True,
[36m(TaskRunner pid=302731)[0m              'controller_nsight_options': {'cuda-graph-trace': 'graph',
[36m(TaskRunner pid=302731)[0m                                            'cuda-memory-usage': 'true',
[36m(TaskRunner pid=302731)[0m                                            'trace': 'cuda,nvtx,cublas,ucx'},
[36m(TaskRunner pid=302731)[0m              'critic_warmup': 0,
[36m(TaskRunner pid=302731)[0m              'default_hdfs_dir': None,
[36m(TaskRunner pid=302731)[0m              'default_local_dir': '/tmp/ttrl_h100/checkpoints/ttrl_sharpened_grpo_b16_r32_v64_5step_h100_aggr_nofree_kl_refmb8_mem060_soft002_20260803',
[36m(TaskRunner pid=302731)[0m              'del_local_ckpt_after_load': False,
[36m(TaskRunner pid=302731)[0m              'device': 'cuda',
[36m(TaskRunner pid=302731)[0m              'esi_redundant_time': 0,
[36m(TaskRunner pid=302731)[0m              'experiment_name': '0803-ttrl_sharpened_grpo_b16_r32_v64_5step_h100_aggr_nofree_kl_refmb8_mem060_soft002_20260803-MATH-TTT-Qwen2.5-Math-7B-grpo-h100-aggr',
[36m(TaskRunner pid=302731)[0m              'final_val_enable': False,
[36m(TaskRunner pid=302731)[0m              'log_val_generations': 0,
[36m(TaskRunner pid=302731)[0m              'logger': ['console'],
[36m(TaskRunner pid=302731)[0m              'max_actor_ckpt_to_keep': 0,
[36m(TaskRunner pid=302731)[0m              'max_critic_ckpt_to_keep': 0,
[36m(TaskRunner pid=302731)[0m              'n_gpus_per_node': 8,
[36m(TaskRunner pid=302731)[0m              'nnodes': 1,
[36m(TaskRunner pid=302731)[0m              'profile_steps': None,
[36m(TaskRunner pid=302731)[0m              'project_name': 'TTRL-verl-local',
[36m(TaskRunner pid=302731)[0m              'ray_wait_register_center_timeout': 300,
[36m(TaskRunner pid=302731)[0m              'resume_from_path': None,
[36m(TaskRunner pid=302731)[0m              'resume_mode': 'disable',
[36m(TaskRunner pid=302731)[0m              'rollout_data_dir': None,
[36m(TaskRunner pid=302731)[0m              'save_freq': 2000000,
[36m(TaskRunner pid=302731)[0m              'test_freq': 20,
[36m(TaskRunner pid=302731)[0m              'total_epochs': 10,
[36m(TaskRunner pid=302731)[0m              'total_training_steps': 5,
[36m(TaskRunner pid=302731)[0m              'val_before_train': False,
[36m(TaskRunner pid=302731)[0m              'val_only': False,
[36m(TaskRunner pid=302731)[0m              'validation_data_dir': None,
[36m(TaskRunner pid=302731)[0m              'validation_metric_dump_path': None,
[36m(TaskRunner pid=302731)[0m              'worker_nsight_options': {'capture-range': 'cudaProfilerApi',
[36m(TaskRunner pid=302731)[0m                                        'capture-range-end': None,
[36m(TaskRunner pid=302731)[0m                                        'cuda-graph-trace': 'graph',
[36m(TaskRunner pid=302731)[0m                                        'cuda-memory-usage': 'true',
[36m(TaskRunner pid=302731)[0m                                        'kill': 'none',
[36m(TaskRunner pid=302731)[0m                                        'trace': 'cuda,nvtx,cublas,ucx'}},
[36m(TaskRunner pid=302731)[0m  'ttrl': {'chunk_state_actor_span': 'chunk',
[36m(TaskRunner pid=302731)[0m           'chunk_state_alpha': 2.0,
[36m(TaskRunner pid=302731)[0m           'chunk_state_answer_source_consistency_enable': False,
[36m(TaskRunner pid=302731)[0m           'chunk_state_answer_support_min_mass': 0.0,
[36m(TaskRunner pid=302731)[0m           'chunk_state_answer_support_score': 'mass',
[36m(TaskRunner pid=302731)[0m           'chunk_state_boundaries': [0, 256, 512, 768, 1024],
[36m(TaskRunner pid=302731)[0m           'chunk_state_boundary_mode': 'cycle',
[36m(TaskRunner pid=302731)[0m           'chunk_state_candidates': 8,
[36m(TaskRunner pid=302731)[0m           'chunk_state_chunk_size': 256,
[36m(TaskRunner pid=302731)[0m           'chunk_state_confidence_power': 0.0,
[36m(TaskRunner pid=302731)[0m           'chunk_state_diag_enable': False,
[36m(TaskRunner pid=302731)[0m           'chunk_state_diag_jsonl': None,
[36m(TaskRunner pid=302731)[0m           'chunk_state_enable': False,
[36m(TaskRunner pid=302731)[0m           'chunk_state_eps': 0.05,
[36m(TaskRunner pid=302731)[0m           'chunk_state_full_rollout_guard_assistant_marker': True,
[36m(TaskRunner pid=302731)[0m           'chunk_state_full_rollout_guard_asy_repeat': True,
[36m(TaskRunner pid=302731)[0m           'chunk_state_full_rollout_guard_document_marker': True,
[36m(TaskRunner pid=302731)[0m           'chunk_state_full_rollout_guard_empty_boxed': True,
[36m(TaskRunner pid=302731)[0m           'chunk_state_full_rollout_guard_enable': False,
[36m(TaskRunner pid=302731)[0m           'chunk_state_full_rollout_guard_human_marker': True,
[36m(TaskRunner pid=302731)[0m           'chunk_state_full_rollout_guard_max_boxed_count': 4,
[36m(TaskRunner pid=302731)[0m           'chunk_state_full_rollout_guard_ngram_max_count': 4,
[36m(TaskRunner pid=302731)[0m           'chunk_state_full_rollout_guard_ngram_repeat': True,
[36m(TaskRunner pid=302731)[0m           'chunk_state_full_rollout_guard_ngram_size': 12,
[36m(TaskRunner pid=302731)[0m           'chunk_state_full_rollout_guard_prompt_copy': True,
[36m(TaskRunner pid=302731)[0m           'chunk_state_full_rollout_guard_prompt_copy_min_count': 2,
[36m(TaskRunner pid=302731)[0m           'chunk_state_full_rollout_guard_source_only_clean': False,
[36m(TaskRunner pid=302731)[0m           'chunk_state_future_support_anchor_prior_power': 1.0,
[36m(TaskRunner pid=302731)[0m           'chunk_state_future_support_anchor_prior_weight': 0.0,
[36m(TaskRunner pid=302731)[0m           'chunk_state_future_support_baseline_scale': 1.0,
[36m(TaskRunner pid=302731)[0m           'chunk_state_future_support_gain_slack': 0.125,
[36m(TaskRunner pid=302731)[0m           'chunk_state_future_support_keep_mode': 'hard',
[36m(TaskRunner pid=302731)[0m           'chunk_state_future_support_max_mass_coef': 0.25,
[36m(TaskRunner pid=302731)[0m           'chunk_state_future_support_max_state_oov': 1.0,
[36m(TaskRunner pid=302731)[0m           'chunk_state_future_support_min_candidate_coverage': 0.0,
[36m(TaskRunner pid=302731)[0m           'chunk_state_future_support_min_candidate_mean_mass': 0.0,
[36m(TaskRunner pid=302731)[0m           'chunk_state_future_support_min_mass': 0.03125,
[36m(TaskRunner pid=302731)[0m           'chunk_state_future_support_min_positive_margin': 0.0,
[36m(TaskRunner pid=302731)[0m           'chunk_state_future_support_min_state_coverage': 0.0,
[36m(TaskRunner pid=302731)[0m           'chunk_state_future_support_min_state_max_mass': 0.0,
[36m(TaskRunner pid=302731)[0m           'chunk_state_future_support_min_state_mean_mass': 0.0,
[36m(TaskRunner pid=302731)[0m           'chunk_state_future_support_min_state_top_margin': 0.0,
[36m(TaskRunner pid=302731)[0m           'chunk_state_future_support_prior_smoothing': 0.0,
[36m(TaskRunner pid=302731)[0m           'chunk_state_future_support_score_type': 'slack_gain',
[36m(TaskRunner pid=302731)[0m           'chunk_state_future_support_soft_weight_floor': 0.0,
[36m(TaskRunner pid=302731)[0m           'chunk_state_future_support_source_prior_weight': 2.0,
[36m(TaskRunner pid=302731)[0m           'chunk_state_label_consistent_only': False,
[36m(TaskRunner pid=302731)[0m           'chunk_state_max_prefix_tokens': 1024,
[36m(TaskRunner pid=302731)[0m           'chunk_state_max_prompt_answer_entropy': 0.0,
[36m(TaskRunner pid=302731)[0m           'chunk_state_mid_boundary_max_ratio': 0.8,
[36m(TaskRunner pid=302731)[0m           'chunk_state_mid_boundary_min_ratio': 0.25,
[36m(TaskRunner pid=302731)[0m           'chunk_state_mid_require_nonzero_boundary': False,
[36m(TaskRunner pid=302731)[0m           'chunk_state_min_answer_coverage': 0.0,
[36m(TaskRunner pid=302731)[0m           'chunk_state_min_boundary': 0,
[36m(TaskRunner pid=302731)[0m           'chunk_state_min_informative_gap': 0.0,
[36m(TaskRunner pid=302731)[0m           'chunk_state_min_majority_ratio': 0.0,
[36m(TaskRunner pid=302731)[0m           'chunk_state_min_prompt_top_margin': 0.0,
[36m(TaskRunner pid=302731)[0m           'chunk_state_min_prompt_top_mass': 0.0,
[36m(TaskRunner pid=302731)[0m           'chunk_state_min_prompt_valid_answer_coverage': 0.0,
[36m(TaskRunner pid=302731)[0m           'chunk_state_min_source_answer_mass': 0.0,
[36m(TaskRunner pid=302731)[0m           'chunk_state_min_state_positive_margin': -1.0,
[36m(TaskRunner pid=302731)[0m           'chunk_state_powerflow_weight_clip': 0.0,
[36m(TaskRunner pid=302731)[0m           'chunk_state_powerflow_weight_clip_renorm': True,
[36m(TaskRunner pid=302731)[0m           'chunk_state_probe_max_tokens': 3072,
[36m(TaskRunner pid=302731)[0m           'chunk_state_probe_samples': 1,
[36m(TaskRunner pid=302731)[0m           'chunk_state_prune_zero_weight_samples': False,
[36m(TaskRunner pid=302731)[0m           'chunk_state_score_mode': 'probe_reward',
[36m(TaskRunner pid=302731)[0m           'chunk_state_skip_all_negative': False,
[36m(TaskRunner pid=302731)[0m           'chunk_state_skip_empty_state_batch': False,
[36m(TaskRunner pid=302731)[0m           'chunk_state_skip_uniform': False,
[36m(TaskRunner pid=302731)[0m           'chunk_state_source_chunk_candidate_index': 0,
[36m(TaskRunner pid=302731)[0m           'chunk_state_source_chunk_enable': False,
[36m(TaskRunner pid=302731)[0m           'chunk_state_source_low_max_answer_mass': 0.35,
[36m(TaskRunner pid=302731)[0m           'chunk_state_source_min_valid_answer_mass': 0.03125,
[36m(TaskRunner pid=302731)[0m           'chunk_state_source_mixed_low_ratio': 0.75,
[36m(TaskRunner pid=302731)[0m           'chunk_state_source_mode': 'random',
[36m(TaskRunner pid=302731)[0m           'chunk_state_source_quality_max_entropy': 0.0,
[36m(TaskRunner pid=302731)[0m           'chunk_state_source_quality_weight_floor': 0.0,
[36m(TaskRunner pid=302731)[0m           'chunk_state_source_quality_weight_mode': 'off',
[36m(TaskRunner pid=302731)[0m           'chunk_state_source_quality_weight_power': 1.0,
[36m(TaskRunner pid=302731)[0m           'chunk_state_source_select_by_mass': False,
[36m(TaskRunner pid=302731)[0m           'chunk_state_staged_probe_enable': False,
[36m(TaskRunner pid=302731)[0m           'chunk_state_staged_probe_extra_max_tokens': 3072,
[36m(TaskRunner pid=302731)[0m           'chunk_state_staged_probe_extra_samples': 4,
[36m(TaskRunner pid=302731)[0m           'chunk_state_staged_probe_merge_mode': 'repeat_base',
[36m(TaskRunner pid=302731)[0m           'chunk_state_staged_probe_topk': 2,
[36m(TaskRunner pid=302731)[0m           'chunk_state_states_per_prompt': 1,
[36m(TaskRunner pid=302731)[0m           'chunk_state_suffix_max_tokens': 3072,
[36m(TaskRunner pid=302731)[0m           'chunk_state_suffix_support_answer_aggregate': False,
[36m(TaskRunner pid=302731)[0m           'chunk_state_suffix_support_answer_representatives': 1,
[36m(TaskRunner pid=302731)[0m           'chunk_state_suffix_support_answer_split_power': 1.0,
[36m(TaskRunner pid=302731)[0m           'chunk_state_suffix_support_baseline_scale': 1.0,
[36m(TaskRunner pid=302731)[0m           'chunk_state_suffix_support_gain_slack': 0.0,
[36m(TaskRunner pid=302731)[0m           'chunk_state_suffix_support_min_mass': 0.03125,
[36m(TaskRunner pid=302731)[0m           'chunk_state_suffix_support_min_positive_margin': 0.0,
[36m(TaskRunner pid=302731)[0m           'chunk_state_suffix_support_score_type': 'gain',
[36m(TaskRunner pid=302731)[0m           'chunk_state_suffix_support_split_duplicates': False,
[36m(TaskRunner pid=302731)[0m           'chunk_state_support_anchor_candidate_start': 0,
[36m(TaskRunner pid=302731)[0m           'chunk_state_support_anchor_count': 4,
[36m(TaskRunner pid=302731)[0m           'chunk_state_support_anchor_enable': False,
[36m(TaskRunner pid=302731)[0m           'chunk_state_support_anchor_min_mass': 0.03125,
[36m(TaskRunner pid=302731)[0m           'chunk_state_support_anchor_min_prefix_match': 0.75,
[36m(TaskRunner pid=302731)[0m           'chunk_state_support_anchor_prefix_compat_enable': False,
[36m(TaskRunner pid=302731)[0m           'chunk_state_support_anchor_prefix_compat_mode': 'hard',
[36m(TaskRunner pid=302731)[0m           'chunk_state_support_anchor_prefix_compat_tokens': 128,
[36m(TaskRunner pid=302731)[0m           'chunk_state_support_anchor_prefix_score_power': 1.0,
[36m(TaskRunner pid=302731)[0m           'chunk_state_support_anchor_selection_mode': 'mass_ranked',
[36m(TaskRunner pid=302731)[0m           'chunk_state_support_anchor_skip_source': True,
[36m(TaskRunner pid=302731)[0m           'chunk_state_support_flow_answer_split_power': 1.0,
[36m(TaskRunner pid=302731)[0m           'chunk_state_support_flow_baseline_scale': 1.0,
[36m(TaskRunner pid=302731)[0m           'chunk_state_support_flow_gain_slack': 0.0,
[36m(TaskRunner pid=302731)[0m           'chunk_state_support_flow_min_positive_margin': 0.0,
[36m(TaskRunner pid=302731)[0m           'chunk_state_support_flow_posterior_split_duplicates': True,
[36m(TaskRunner pid=302731)[0m           'chunk_state_support_flow_score_type': 'gain',
[36m(TaskRunner pid=302731)[0m           'chunk_state_support_flow_softplus_temperature': 0.125,
[36m(TaskRunner pid=302731)[0m           'chunk_state_support_flow_source_prior_weight': 1.0,
[36m(TaskRunner pid=302731)[0m           'chunk_state_support_flow_split_mass_by_answer': False,
[36m(TaskRunner pid=302731)[0m           'chunk_state_target_guard_anchor': True,
[36m(TaskRunner pid=302731)[0m           'chunk_state_target_guard_bad_probe_ratio': 0.5,
[36m(TaskRunner pid=302731)[0m           'chunk_state_target_guard_candidate_assistant_marker': True,
[36m(TaskRunner pid=302731)[0m           'chunk_state_target_guard_candidate_asy_repeat': True,
[36m(TaskRunner pid=302731)[0m           'chunk_state_target_guard_candidate_document_marker': True,
[36m(TaskRunner pid=302731)[0m           'chunk_state_target_guard_candidate_empty_boxed': True,
[36m(TaskRunner pid=302731)[0m           'chunk_state_target_guard_candidate_enable': False,
[36m(TaskRunner pid=302731)[0m           'chunk_state_target_guard_candidate_human_marker': True,
[36m(TaskRunner pid=302731)[0m           'chunk_state_target_guard_candidate_max_boxed_count': 1,
[36m(TaskRunner pid=302731)[0m           'chunk_state_target_guard_candidate_ngram_max_count': 4,
[36m(TaskRunner pid=302731)[0m           'chunk_state_target_guard_candidate_ngram_repeat': True,
[36m(TaskRunner pid=302731)[0m           'chunk_state_target_guard_candidate_ngram_size': 8,
[36m(TaskRunner pid=302731)[0m           'chunk_state_target_guard_candidate_prompt_copy': True,
[36m(TaskRunner pid=302731)[0m           'chunk_state_target_guard_candidate_prompt_copy_min_chars': 160,
[36m(TaskRunner pid=302731)[0m           'chunk_state_target_guard_candidate_prompt_copy_min_overlap': 1,
[36m(TaskRunner pid=302731)[0m           'chunk_state_target_guard_candidate_prompt_copy_ngram_size': 24,
[36m(TaskRunner pid=302731)[0m           'chunk_state_target_guard_enable': False,
[36m(TaskRunner pid=302731)[0m           'chunk_state_target_guard_max_boxed_count': 2,
[36m(TaskRunner pid=302731)[0m           'chunk_state_target_guard_min_answer_mass': 0.0,
[36m(TaskRunner pid=302731)[0m           'chunk_state_target_guard_use_distribution_score': False,
[36m(TaskRunner pid=302731)[0m           'chunk_state_target_guard_use_mass_gain': False,
[36m(TaskRunner pid=302731)[0m           'chunk_state_teacher_anchor_candidate_index': 0,
[36m(TaskRunner pid=302731)[0m           'chunk_state_teacher_anchor_enable': False,
[36m(TaskRunner pid=302731)[0m           'chunk_state_teacher_anchor_score': 1.0,
[36m(TaskRunner pid=302731)[0m           'chunk_state_zero_inconsistent_candidates': False,
[36m(TaskRunner pid=302731)[0m           'enable': True,
[36m(TaskRunner pid=302731)[0m           'full_rollout_powerflow_alpha': 4.0,
[36m(TaskRunner pid=302731)[0m           'full_rollout_powerflow_assistant_marker': True,
[36m(TaskRunner pid=302731)[0m Generating train split: 0 examples [00:00, ? examples/s]Generating train split: 500 examples [00:00, 105157.30 examples/s]
[36m(TaskRunner pid=302731)[0m Setting TOKENIZERS_PARALLELISM=false for forked processes.
[36m(TaskRunner pid=302731)[0m WARNING:2026-08-03 09:53:12,809:Setting TOKENIZERS_PARALLELISM=false for forked processes.
[36m(TaskRunner pid=302731)[0m Filtering prompts longer than 1024 tokens (num_proc=1):   0%|          | 0/500 [00:00<?, ? examples/s]
[36m(TaskRunner pid=302731)[0m Filtering prompts longer than 1024 tokens (num_proc=1): 100%|██████████| 500/500 [00:00<00:00, 727.66 examples/s]
[36m(TaskRunner pid=302731)[0m Filtering prompts longer than 1024 tokens (num_proc=1): 100%|██████████| 500/500 [00:00<00:00, 634.96 examples/s]
[36m(TaskRunner pid=302731)[0m Generating train split: 0 examples [00:00, ? examples/s]Generating train split: 500 examples [00:00, 140343.44 examples/s]
[36m(TaskRunner pid=302731)[0m Setting TOKENIZERS_PARALLELISM=false for forked processes.
[36m(TaskRunner pid=302731)[0m WARNING:2026-08-03 09:53:13,750:Setting TOKENIZERS_PARALLELISM=false for forked processes.
[36m(TaskRunner pid=302731)[0m Filtering prompts longer than 1024 tokens (num_proc=1):   0%|          | 0/500 [00:00<?, ? examples/s]
[36m(TaskRunner pid=302731)[0m Filtering prompts longer than 1024 tokens (num_proc=1): 100%|██████████| 500/500 [00:00<00:00, 798.22 examples/s]
[36m(TaskRunner pid=302731)[0m Filtering prompts longer than 1024 tokens (num_proc=1): 100%|██████████| 500/500 [00:00<00:00, 687.07 examples/s]
[36m(TaskRunner pid=302731)[0m DeprecationWarning: `ray.state.available_resources_per_node` is a private attribute and access will be removed in a future Ray version.
[36m(pid=302734)[0m /mlx_devbox/users/quyanyi/playground/TTRL/verl/verl/__init__.py:18: UserWarning: pkg_resources is deprecated as an API. See https://setuptools.pypa.io/en/latest/pkg_resources.html. The pkg_resources package is slated for removal as early as 2025-11-30. Refrain from using this package or pin to Setuptools<81.
[36m(pid=302734)[0m   import pkg_resources
[36m(pid=302734)[0m /mlx_devbox/users/quyanyi/playground/.venvs/ttrl_h100_cu129/lib/python3.11/site-packages/transformers/utils/hub.py:110: FutureWarning: Using `TRANSFORMERS_CACHE` is deprecated and will be removed in v5 of Transformers. Use `HF_HOME` instead.
[36m(pid=302734)[0m   warnings.warn(
[36m(pid=302732)[0m /mlx_devbox/users/quyanyi/playground/TTRL/verl/verl/__init__.py:18: UserWarning: pkg_resources is deprecated as an API. See https://setuptools.pypa.io/en/latest/pkg_resources.html. The pkg_resources package is slated for removal as early as 2025-11-30. Refrain from using this package or pin to Setuptools<81.[32m [repeated 7x across cluster] (Ray deduplicates logs by default. Set RAY_DEDUP_LOGS=0 to disable log deduplication, or see https://docs.ray.io/en/master/ray-observability/user-guides/configure-logging.html#log-deduplication for more options.)[0m
[36m(pid=302732)[0m   import pkg_resources[32m [repeated 7x across cluster][0m
[36m(WorkerDict pid=302734)[0m WARNING:2026-08-03 09:53:42,541:Initializing torch.distributed: rank=0 world_size=8 init_method=tcp://127.0.0.1:41339 master=127.0.0.1:41339
[36m(pid=302732)[0m /mlx_devbox/users/quyanyi/playground/.venvs/ttrl_h100_cu129/lib/python3.11/site-packages/transformers/utils/hub.py:110: FutureWarning: Using `TRANSFORMERS_CACHE` is deprecated and will be removed in v5 of Transformers. Use `HF_HOME` instead.[32m [repeated 7x across cluster][0m
[36m(pid=302732)[0m   warnings.warn([32m [repeated 7x across cluster][0m
[36m(WorkerDict pid=302734)[0m [W803 09:53:45.300347103 ProcessGroupNCCL.cpp:924] Warning: TORCH_NCCL_AVOID_RECORD_STREAMS is the default now, this environment variable is thus deprecated. (function operator())
[36m(WorkerDict pid=302734)[0m `torch_dtype` is deprecated! Use `dtype` instead!
[36m(WorkerDict pid=302734)[0m Loading checkpoint shards:   0%|          | 0/4 [00:00<?, ?it/s]
[36m(WorkerDict pid=302738)[0m Loading checkpoint shards:   0%|          | 0/4 [00:00<?, ?it/s]Loading checkpoint shards: 100%|██████████| 4/4 [00:00<00:00, 105.37it/s]
[36m(WorkerDict pid=302737)[0m Loading checkpoint shards: 100%|██████████| 4/4 [00:00<00:00, 104.26it/s]
[36m(TaskRunner pid=302731)[0m           'full_rollout_powerflow_asy_repeat': True,
[36m(TaskRunner pid=302731)[0m           'full_rollout_powerflow_beta': 4.0,
[36m(TaskRunner pid=302731)[0m           'full_rollout_powerflow_document_marker': True,
[36m(TaskRunner pid=302731)[0m           'full_rollout_powerflow_empty_boxed': True,
[36m(TaskRunner pid=302731)[0m           'full_rollout_powerflow_enable': False,
[36m(TaskRunner pid=302731)[0m           'full_rollout_powerflow_eps': 0.0,
[36m(TaskRunner pid=302731)[0m           'full_rollout_powerflow_human_marker': True,
[36m(TaskRunner pid=302731)[0m           'full_rollout_powerflow_invalid_weight': 0.0,
[36m(TaskRunner pid=302731)[0m           'full_rollout_powerflow_margin_tau': 0.25,
[36m(TaskRunner pid=302731)[0m           'full_rollout_powerflow_max_boxed_count': 4,
[36m(TaskRunner pid=302731)[0m           'full_rollout_powerflow_min_margin': 0.0,
[36m(TaskRunner pid=302731)[0m           'full_rollout_powerflow_min_top_mass': 0.0,
[36m(TaskRunner pid=302731)[0m           'full_rollout_powerflow_min_valid_answer_coverage': 0.0,
[36m(TaskRunner pid=302731)[0m           'full_rollout_powerflow_mode': 'posterior_sharpen',
[36m(TaskRunner pid=302731)[0m           'full_rollout_powerflow_ngram_max_count': 4,
[36m(TaskRunner pid=302731)[0m           'full_rollout_powerflow_ngram_repeat': True,
[36m(TaskRunner pid=302731)[0m           'full_rollout_powerflow_ngram_size': 12,
[36m(TaskRunner pid=302731)[0m           'full_rollout_powerflow_pollution_guard_enable': True,
[36m(TaskRunner pid=302731)[0m           'full_rollout_powerflow_prompt_copy': True,
[36m(TaskRunner pid=302731)[0m           'full_rollout_powerflow_prompt_copy_min_count': 2,
[36m(TaskRunner pid=302731)[0m           'full_rollout_powerflow_prompt_weight_floor': 0.2,
[36m(TaskRunner pid=302731)[0m           'full_rollout_powerflow_quality_gate_enable': False,
[36m(TaskRunner pid=302731)[0m           'full_rollout_powerflow_representatives_per_answer': 2,
[36m(TaskRunner pid=302731)[0m           'full_rollout_powerflow_slack': 0.02,
[36m(TaskRunner pid=302731)[0m           'full_rollout_powerflow_soft_prompt_weight_enable': False,
[36m(TaskRunner pid=302731)[0m           'full_rollout_powerflow_top_k_answers': 2,
[36m(TaskRunner pid=302731)[0m           'full_rollout_powerflow_weight_clip': 4.0,
[36m(TaskRunner pid=302731)[0m           'full_rollout_powerflow_weight_clip_renorm': True,
[36m(TaskRunner pid=302731)[0m           'majority_vote_num_processes': 64,
[36m(TaskRunner pid=302731)[0m           'n_samples_per_prompt': 32,
[36m(TaskRunner pid=302731)[0m           'n_votes_per_prompt': 64,
[36m(TaskRunner pid=302731)[0m           'powerflow_no_majority': False,
[36m(TaskRunner pid=302731)[0m           'sharpened_alpha': 2.0,
[36m(TaskRunner pid=302731)[0m           'sharpened_conf_temperature': 1.0,
[36m(TaskRunner pid=302731)[0m           'sharpened_enable': True,
[36m(TaskRunner pid=302731)[0m           'sharpened_negative_enable': False,
[36m(TaskRunner pid=302731)[0m           'sharpened_negative_reward': 0.0,
[36m(TaskRunner pid=302731)[0m           'sharpened_reward_mode': 'mv_anchor',
[36m(TaskRunner pid=302731)[0m           'sharpened_soft_coef': 0.02,
[36m(TaskRunner pid=302731)[0m           'sharpened_tau_low': 0.125,
[36m(TaskRunner pid=302731)[0m           'sharpened_tau_marg': 0.125,
[36m(TaskRunner pid=302731)[0m           'sharpened_tau_pos': 0.375,
[36m(TaskRunner pid=302731)[0m           'sharpened_use_confidence': True}}
[36m(TaskRunner pid=302731)[0m using customized reward function 'reward_func' from './verl/utils/reward_score/ttrl_math/__init__.py'
[36m(TaskRunner pid=302731)[0m using customized reward function 'reward_func' from './verl/utils/reward_score/ttrl_math/__init__.py'
[36m(TaskRunner pid=302731)[0m Using dataset class: RLHFDataset
[36m(TaskRunner pid=302731)[0m dataset len: 500
[36m(TaskRunner pid=302731)[0m filter dataset len: 500
[36m(TaskRunner pid=302731)[0m Using dataset class: RLHFDataset
[36m(TaskRunner pid=302731)[0m dataset len: 500
[36m(TaskRunner pid=302731)[0m filter dataset len: 500
[36m(TaskRunner pid=302731)[0m [validate_config] All configuration checks passed successfully!
[36m(TaskRunner pid=302731)[0m Size of train dataloader: 31, Size of val dataloader: 1
[36m(TaskRunner pid=302731)[0m Total training steps: 5
[36m(TaskRunner pid=302731)[0m colocated worker base class <class 'verl.single_controller.base.worker.Worker'>
[36m(WorkerDict pid=302734)[0m [Gloo] Rank 0 is connected to 7 peer ranks. Expected number of connected peer ranks is : 7
[36m(WorkerDict pid=302734)[0m Model config after override: Qwen2Config {
[36m(WorkerDict pid=302734)[0m   "architectures": [
[36m(WorkerDict pid=302734)[0m     "Qwen2ForCausalLM"
[36m(WorkerDict pid=302734)[0m   ],
[36m(WorkerDict pid=302734)[0m   "attention_dropout": 0.0,
[36m(WorkerDict pid=302734)[0m   "dtype": "bfloat16",
[36m(WorkerDict pid=302734)[0m   "eos_token_id": 151643,
[36m(WorkerDict pid=302734)[0m   "hidden_act": "silu",
[36m(WorkerDict pid=302734)[0m   "hidden_size": 3584,
[36m(WorkerDict pid=302734)[0m   "initializer_range": 0.02,
[36m(WorkerDict pid=302734)[0m   "intermediate_size": 18944,
[36m(WorkerDict pid=302734)[0m   "layer_types": [
[36m(WorkerDict pid=302734)[0m     "full_attention",
[36m(WorkerDict pid=302734)[0m     "full_attention",
[36m(WorkerDict pid=302734)[0m     "full_attention",
[36m(WorkerDict pid=302734)[0m     "full_attention",
[36m(WorkerDict pid=302734)[0m     "full_attention",
[36m(WorkerDict pid=302734)[0m     "full_attention",
[36m(WorkerDict pid=302734)[0m     "full_attention",
[36m(WorkerDict pid=302734)[0m     "full_attention",
[36m(WorkerDict pid=302734)[0m     "full_attention",
[36m(WorkerDict pid=302734)[0m     "full_attention",
[36m(WorkerDict pid=302734)[0m     "full_attention",
[36m(WorkerDict pid=302734)[0m     "full_attention",
[36m(WorkerDict pid=302734)[0m     "full_attention",
[36m(WorkerDict pid=302734)[0m     "full_attention",
[36m(WorkerDict pid=302734)[0m     "full_attention",
[36m(WorkerDict pid=302734)[0m     "full_attention",
[36m(WorkerDict pid=302734)[0m     "full_attention",
[36m(WorkerDict pid=302734)[0m     "full_attention",
[36m(WorkerDict pid=302734)[0m     "full_attention",
[36m(WorkerDict pid=302734)[0m     "full_attention",
[36m(WorkerDict pid=302734)[0m     "full_attention",
[36m(WorkerDict pid=302734)[0m     "full_attention",
[36m(WorkerDict pid=302734)[0m     "full_attention",
[36m(WorkerDict pid=302734)[0m     "full_attention",
[36m(WorkerDict pid=302734)[0m     "full_attention",
[36m(WorkerDict pid=302734)[0m     "full_attention",
[36m(WorkerDict pid=302734)[0m     "full_attention",
[36m(WorkerDict pid=302734)[0m     "full_attention"
[36m(WorkerDict pid=302734)[0m   ],
[36m(WorkerDict pid=302734)[0m   "max_position_embeddings": 4096,
[36m(WorkerDict pid=302734)[0m   "max_window_layers": 28,
[36m(WorkerDict pid=302734)[0m   "model_type": "qwen2",
[36m(WorkerDict pid=302734)[0m   "num_attention_heads": 28,
[36m(WorkerDict pid=302734)[0m   "num_hidden_layers": 28,
[36m(WorkerDict pid=302734)[0m   "num_key_value_heads": 4,
[36m(WorkerDict pid=302734)[0m   "pad_token_id": 151643,
[36m(WorkerDict pid=302734)[0m   "rms_norm_eps": 1e-06,
[36m(WorkerDict pid=302734)[0m   "rope_scaling": null,
[36m(WorkerDict pid=302734)[0m   "rope_theta": 10000,
[36m(WorkerDict pid=302734)[0m   "sliding_window": null,
[36m(WorkerDict pid=302734)[0m   "tie_word_embeddings": false,
[36m(WorkerDict pid=302734)[0m   "transformers_version": "4.57.3",
[36m(WorkerDict pid=302734)[0m   "use_cache": true,
[36m(WorkerDict pid=302734)[0m   "use_mrope": false,
[36m(WorkerDict pid=302734)[0m   "use_sliding_window": false,
[36m(WorkerDict pid=302734)[0m   "vocab_size": 152064
[36m(WorkerDict pid=302734)[0m }
[36m(WorkerDict pid=302734)[0m 
[36m(WorkerDict pid=302739)[0m Monkey patch _flash_attention_forward in transformers.integrations.flash_attention
[36m(WorkerDict pid=302728)[0m Using Triton backend for fused kernels in Qwen2ForCausalLM
[36m(WorkerDict pid=302734)[0m ref attention implementation verified: sdpa
[36m(WorkerDict pid=302734)[0m Qwen2ForCausalLM contains 7.62B parameters
[36m(WorkerDict pid=302734)[0m wrap_policy: functools.partial(<function _or_policy at 0x7ef5e1aa4cc0>, policies=[functools.partial(<function transformer_auto_wrap_policy at 0x7ef5e1aa4b80>, transformer_layer_cls={<class 'transformers.models.qwen2.modeling_qwen2.Qwen2DecoderLayer'>})])
[36m(WorkerDict pid=302734)[0m trial-302244509-trialrun-302244509-worker-0:302734:302734 [0] NCCL INFO NCCL_SOCKET_FAMILY set by environment to AF_INET6
[36m(WorkerDict pid=302734)[0m trial-302244509-trialrun-302244509-worker-0:302734:302734 [0] NCCL INFO NCCL_SOCKET_IFNAME set by environment to eth0
[36m(WorkerDict pid=302734)[0m trial-302244509-trialrun-302244509-worker-0:302734:302734 [0] NCCL INFO cudaDriverVersion 12020
[36m(WorkerDict pid=302734)[0m trial-302244509-trialrun-302244509-worker-0:302734:302734 [0] NCCL INFO NCCL version 2.27.5+cuda12.9
[36m(WorkerDict pid=302734)[0m trial-302244509-trialrun-302244509-worker-0:302734:302734 [0] NCCL INFO Comm config Blocking set to 1
[36m(WorkerDict pid=302734)[0m trial-302244509-trialrun-302244509-worker-0:302734:313235 [0] NCCL INFO NET/Plugin: Could not find: none libnccl-net-none.so. 
[36m(WorkerDict pid=302734)[0m trial-302244509-trialrun-302244509-worker-0:302734:313235 [0] NCCL INFO NCCL_IB_DISABLE set by environment to 1.
[36m(WorkerDict pid=302734)[0m trial-302244509-trialrun-302244509-worker-0:302734:313235 [0] NCCL INFO NCCL_SOCKET_FAMILY set by environment to AF_INET6
[36m(WorkerDict pid=302734)[0m trial-302244509-trialrun-302244509-worker-0:302734:313235 [0] NCCL INFO NCCL_SOCKET_IFNAME set by environment to eth0
[36m(WorkerDict pid=302734)[0m trial-302244509-trialrun-302244509-worker-0:302734:313235 [0] NCCL INFO NET/Socket : Using [0]eth0:fdbd:dccd:cdc2:12c8:0:1ae:8000:2<0>
[36m(WorkerDict pid=302734)[0m trial-302244509-trialrun-302244509-worker-0:302734:313235 [0] NCCL INFO Initialized NET plugin Socket
[36m(WorkerDict pid=302734)[0m trial-302244509-trialrun-302244509-worker-0:302734:313235 [0] NCCL INFO Assigned NET plugin Socket to comm
[36m(WorkerDict pid=302734)[0m trial-302244509-trialrun-302244509-worker-0:302734:313235 [0] NCCL INFO Using network Socket
[36m(WorkerDict pid=302734)[0m trial-302244509-trialrun-302244509-worker-0:302734:313235 [0] NCCL INFO ncclCommInitRankConfig comm 0x1407a590 rank 0 nranks 8 cudaDev 0 nvmlDev 0 busId 4000 commId 0xdfcab0191566c953 - Init START
[36m(WorkerDict pid=302734)[0m trial-302244509-trialrun-302244509-worker-0:302734:313235 [0] NCCL INFO RAS client listening socket at ::1<28028>
[36m(WorkerDict pid=302734)[0m trial-302244509-trialrun-302244509-worker-0:302734:313235 [0] NCCL INFO Could not find real path of /sys/class/pci_bus/fffffff/../../fffffff:ff:f
[36m(WorkerDict pid=302734)[0m trial-302244509-trialrun-302244509-worker-0:302734:313235 [0] NCCL INFO TOPO/NET : Importing network plugins to topology
[36m(WorkerDict pid=302734)[0m trial-302244509-trialrun-302244509-worker-0:302734:313235 [0] NCCL INFO Retrieving state for Socket
[36m(WorkerDict pid=302734)[0m trial-302244509-trialrun-302244509-worker-0:302734:313235 [0] NCCL INFO Initialized state 0 for Socket
[36m(WorkerDict pid=302734)[0m trial-302244509-trialrun-302244509-worker-0:302734:313235 [0] NCCL INFO ncclTopoPopulateNics : Filled eth0 in topo with pciPath=(null) keep=1 coll=(null)
[36m(WorkerDict pid=302734)[0m trial-302244509-trialrun-302244509-worker-0:302734:313235 [0] NCCL INFO === System : maxBw 370.8 totalBw 370.8 ===
[36m(WorkerDict pid=302734)[0m trial-302244509-trialrun-302244509-worker-0:302734:313235 [0] NCCL INFO CPU/0-0 (1/1/3)
[36m(WorkerDict pid=302734)[0m trial-302244509-trialrun-302244509-worker-0:302734:313235 [0] NCCL INFO + PCI[5000.0] - NIC/0-0
[36m(WorkerDict pid=302734)[0m trial-302244509-trialrun-302244509-worker-0:302734:313235 [0] NCCL INFO + PCI[24.0] - PCI/0-2000 (10b5879610b58796)
[36m(WorkerDict pid=302734)[0m trial-302244509-trialrun-302244509-worker-0:302734:313235 [0] NCCL INFO               + PCI[24.0] - GPU/0-4000 (0)
[36m(WorkerDict pid=302734)[0m trial-302244509-trialrun-302244509-worker-0:302734:313235 [0] NCCL INFO                             + NVL[370.8] - NVS/0-0
[36m(WorkerDict pid=302734)[0m trial-302244509-trialrun-302244509-worker-0:302734:313235 [0] NCCL INFO               + PCI[24.0] - GPU/0-5000 (1)
[36m(WorkerDict pid=302734)[0m trial-302244509-trialrun-302244509-worker-0:302734:313235 [0] NCCL INFO                             + NVL[370.8] - NVS/0-0
[36m(WorkerDict pid=302734)[0m trial-302244509-trialrun-302244509-worker-0:302734:313235 [0] NCCL INFO + PCI[24.0] - PCI/0-9000 (10b5879610b58796)
[36m(WorkerDict pid=302734)[0m trial-302244509-trialrun-302244509-worker-0:302734:313235 [0] NCCL INFO               + PCI[24.0] - GPU/0-b000 (2)
[36m(WorkerDict pid=302734)[0m trial-302244509-trialrun-302244509-worker-0:302734:313235 [0] NCCL INFO                             + NVL[370.8] - NVS/0-0
[36m(WorkerDict pid=302734)[0m trial-302244509-trialrun-302244509-worker-0:302734:313235 [0] NCCL INFO               + PCI[24.0] - GPU/0-c000 (3)
[36m(WorkerDict pid=302734)[0m trial-302244509-trialrun-302244509-worker-0:302734:313235 [0] NCCL INFO                             + NVL[370.8] - NVS/0-0
[36m(WorkerDict pid=302734)[0m trial-302244509-trialrun-302244509-worker-0:302734:313235 [0] NCCL INFO + SYS[22.0] - CPU/0-1
[36m(WorkerDict pid=302734)[0m trial-302244509-trialrun-302244509-worker-0:302734:313235 [0] NCCL INFO CPU/0-1 (1/1/3)
[36m(WorkerDict pid=302734)[0m trial-302244509-trialrun-302244509-worker-0:302734:313235 [0] NCCL INFO + PCI[24.0] - PCI/0-82000 (10b5879610b58796)
[36m(WorkerDict pid=302734)[0m trial-302244509-trialrun-302244509-worker-0:302734:313235 [0] NCCL INFO               + PCI[24.0] - GPU/0-84000 (4)
[36m(WorkerDict pid=302734)[0m trial-302244509-trialrun-302244509-worker-0:302734:313235 [0] NCCL INFO                             + NVL[370.8] - NVS/0-0
[36m(WorkerDict pid=302734)[0m trial-302244509-trialrun-302244509-worker-0:302734:313235 [0] NCCL INFO               + PCI[24.0] - GPU/0-85000 (5)
[36m(WorkerDict pid=302734)[0m trial-302244509-trialrun-302244509-worker-0:302734:313235 [0] NCCL INFO                             + NVL[370.8] - NVS/0-0
[36m(WorkerDict pid=302734)[0m trial-302244509-trialrun-302244509-worker-0:302734:313235 [0] NCCL INFO + PCI[24.0] - PCI/0-89000 (10b5879610b58796)
[36m(WorkerDict pid=302734)[0m trial-302244509-trialrun-302244509-worker-0:302734:313235 [0] NCCL INFO               + PCI[24.0] - GPU/0-8b000 (6)
[36m(WorkerDict pid=302734)[0m trial-302244509-trialrun-302244509-worker-0:302734:313235 [0] NCCL INFO                             + NVL[370.8] - NVS/0-0
[36m(WorkerDict pid=302734)[0m trial-302244509-trialrun-302244509-worker-0:302734:313235 [0] NCCL INFO               + PCI[24.0] - GPU/0-8c000 (7)
[36m(WorkerDict pid=302734)[0m trial-302244509-trialrun-302244509-worker-0:302734:313235 [0] NCCL INFO                             + NVL[370.8] - NVS/0-0
[36m(WorkerDict pid=302734)[0m trial-302244509-trialrun-302244509-worker-0:302734:313235 [0] NCCL INFO + SYS[22.0] - CPU/0-0
[36m(WorkerDict pid=302734)[0m trial-302244509-trialrun-302244509-worker-0:302734:313235 [0] NCCL INFO ==========================================
[36m(WorkerDict pid=302734)[0m trial-302244509-trialrun-302244509-worker-0:302734:313235 [0] NCCL INFO GPU/0-4000 :GPU/0-4000 (0/5000.0/LOC) GPU/0-5000 (2/370.8/NVL) GPU/0-b000 (2/370.8/NVL) GPU/0-c000 (2/370.8/NVL) GPU/0-84000 (2/370.8/NVL) GPU/0-85000 (2/370.8/NVL) GPU/0-8b000 (2/370.8/NVL) GPU/0-8c000 (2/370.8/NVL) NVS/0-0 (1/370.8/NVL) CPU/0-0 (2/24.0/PHB) CPU/0-1 (3/22.0/SYS) 
[36m(WorkerDict pid=302734)[0m trial-302244509-trialrun-302244509-worker-0:302734:313235 [0] NCCL INFO GPU/0-5000 :GPU/0-4000 (2/370.8/NVL) GPU/0-5000 (0/5000.0/LOC) GPU/0-b000 (2/370.8/NVL) GPU/0-c000 (2/370.8/NVL) GPU/0-84000 (2/370.8/NVL) GPU/0-85000 (2/370.8/NVL) GPU/0-8b000 (2/370.8/NVL) GPU/0-8c000 (2/370.8/NVL) NVS/0-0 (1/370.8/NVL) CPU/0-0 (2/24.0/PHB) CPU/0-1 (3/22.0/SYS) 
[36m(WorkerDict pid=302734)[0m trial-302244509-trialrun-302244509-worker-0:302734:313235 [0] NCCL INFO GPU/0-b000 :GPU/0-4000 (2/370.8/NVL) GPU/0-5000 (2/370.8/NVL) GPU/0-b000 (0/5000.0/LOC) GPU/0-c000 (2/370.8/NVL) GPU/0-84000 (2/370.8/NVL) GPU/0-85000 (2/370.8/NVL) GPU/0-8b000 (2/370.8/NVL) GPU/0-8c000 (2/370.8/NVL) NVS/0-0 (1/370.8/NVL) CPU/0-0 (2/24.0/PHB) CPU/0-1 (3/22.0/SYS) 
[36m(WorkerDict pid=302734)[0m trial-302244509-trialrun-302244509-worker-0:302734:313235 [0] NCCL INFO GPU/0-c000 :GPU/0-4000 (2/370.8/NVL) GPU/0-5000 (2/370.8/NVL) GPU/0-b000 (2/370.8/NVL) GPU/0-c000 (0/5000.0/LOC) GPU/0-84000 (2/370.8/NVL) GPU/0-85000 (2/370.8/NVL) GPU/0-8b000 (2/370.8/NVL) GPU/0-8c000 (2/370.8/NVL) NVS/0-0 (1/370.8/NVL) CPU/0-0 (2/24.0/PHB) CPU/0-1 (3/22.0/SYS) 
[36m(WorkerDict pid=302734)[0m trial-302244509-trialrun-302244509-worker-0:302734:313235 [0] NCCL INFO GPU/0-84000 :GPU/0-4000 (2/370.8/NVL) GPU/0-5000 (2/370.8/NVL) GPU/0-b000 (2/370.8/NVL) GPU/0-c000 (2/370.8/NVL) GPU/0-84000 (0/5000.0/LOC) GPU/0-85000 (2/370.8/NVL) GPU/0-8b000 (2/370.8/NVL) GPU/0-8c000 (2/370.8/NVL) NVS/0-0 (1/370.8/NVL) CPU/0-0 (3/22.0/SYS) CPU/0-1 (2/24.0/PHB) 
[36m(WorkerDict pid=302734)[0m trial-302244509-trialrun-302244509-worker-0:302734:313235 [0] NCCL INFO GPU/0-85000 :GPU/0-4000 (2/370.8/NVL) GPU/0-5000 (2/370.8/NVL) GPU/0-b000 (2/370.8/NVL) GPU/0-c000 (2/370.8/NVL) GPU/0-84000 (2/370.8/NVL) GPU/0-85000 (0/5000.0/LOC) GPU/0-8b000 (2/370.8/NVL) GPU/0-8c000 (2/370.8/NVL) NVS/0-0 (1/370.8/NVL) CPU/0-0 (3/22.0/SYS) CPU/0-1 (2/24.0/PHB) 
[36m(WorkerDict pid=302734)[0m trial-302244509-trialrun-302244509-worker-0:302734:313235 [0] NCCL INFO GPU/0-8b000 :GPU/0-4000 (2/370.8/NVL) GPU/0-5000 (2/370.8/NVL) GPU/0-b000 (2/370.8/NVL) GPU/0-c000 (2/370.8/NVL) GPU/0-84000 (2/370.8/NVL) GPU/0-85000 (2/370.8/NVL) GPU/0-8b000 (0/5000.0/LOC) GPU/0-8c000 (2/370.8/NVL) NVS/0-0 (1/370.8/NVL) CPU/0-0 (3/22.0/SYS) CPU/0-1 (2/24.0/PHB) 
[36m(WorkerDict pid=302734)[0m trial-302244509-trialrun-302244509-worker-0:302734:313235 [0] NCCL INFO GPU/0-8c000 :GPU/0-4000 (2/370.8/NVL) GPU/0-5000 (2/370.8/NVL) GPU/0-b000 (2/370.8/NVL) GPU/0-c000 (2/370.8/NVL) GPU/0-84000 (2/370.8/NVL) GPU/0-85000 (2/370.8/NVL) GPU/0-8b000 (2/370.8/NVL) GPU/0-8c000 (0/5000.0/LOC) NVS/0-0 (1/370.8/NVL) CPU/0-0 (3/22.0/SYS) CPU/0-1 (2/24.0/PHB) 
[36m(WorkerDict pid=302734)[0m trial-302244509-trialrun-302244509-worker-0:302734:313235 [0] NCCL INFO Setting affinity for GPU 0 to 0-51,104-155
[36m(WorkerDict pid=302734)[0m trial-302244509-trialrun-302244509-worker-0:302734:313235 [0] NCCL INFO NCCL_NVLS_ENABLE set by environment to 0.
[36m(WorkerDict pid=302734)[0m trial-302244509-trialrun-302244509-worker-0:302734:313235 [0] NCCL INFO Pattern 4, crossNic 0, nChannels 12, bw 30.000000/30.000000, type NVL/PIX, sameChannels 1
[36m(WorkerDict pid=302734)[0m trial-302244509-trialrun-302244509-worker-0:302734:313235 [0] NCCL INFO  0 : GPU/0-4000 GPU/0-5000 GPU/0-b000 GPU/0-c000 GPU/0-84000 GPU/0-85000 GPU/0-8b000 GPU/0-8c000
[36m(WorkerDict pid=302734)[0m trial-302244509-trialrun-302244509-worker-0:302734:313235 [0] NCCL INFO  1 : GPU/0-4000 GPU/0-5000 GPU/0-b000 GPU/0-c000 GPU/0-84000 GPU/0-85000 GPU/0-8b000 GPU/0-8c000
[36m(WorkerDict pid=302734)[0m trial-302244509-trialrun-302244509-worker-0:302734:313235 [0] NCCL INFO  2 : GPU/0-4000 GPU/0-5000 GPU/0-b000 GPU/0-c000 GPU/0-84000 GPU/0-85000 GPU/0-8b000 GPU/0-8c000
[36m(WorkerDict pid=302734)[0m trial-302244509-trialrun-302244509-worker-0:302734:313235 [0] NCCL INFO  3 : GPU/0-4000 GPU/0-5000 GPU/0-b000 GPU/0-c000 GPU/0-84000 GPU/0-85000 GPU/0-8b000 GPU/0-8c000
[36m(WorkerDict pid=302734)[0m trial-302244509-trialrun-302244509-worker-0:302734:313235 [0] NCCL INFO  4 : GPU/0-4000 GPU/0-5000 GPU/0-b000 GPU/0-c000 GPU/0-84000 GPU/0-85000 GPU/0-8b000 GPU/0-8c000
[36m(WorkerDict pid=302734)[0m trial-302244509-trialrun-302244509-worker-0:302734:313235 [0] NCCL INFO  5 : GPU/0-4000 GPU/0-5000 GPU/0-b000 GPU/0-c000 GPU/0-84000 GPU/0-85000 GPU/0-8b000 GPU/0-8c000
[36m(WorkerDict pid=302734)[0m trial-302244509-trialrun-302244509-worker-0:302734:313235 [0] NCCL INFO  6 : GPU/0-4000 GPU/0-5000 GPU/0-b000 GPU/0-c000 GPU/0-84000 GPU/0-85000 GPU/0-8b000 GPU/0-8c000
[36m(WorkerDict pid=302734)[0m trial-302244509-trialrun-302244509-worker-0:302734:313235 [0] NCCL INFO  7 : GPU/0-4000 GPU/0-5000 GPU/0-b000 GPU/0-c000 GPU/0-84000 GPU/0-85000 GPU/0-8b000 GPU/0-8c000
[36m(WorkerDict pid=302734)[0m trial-302244509-trialrun-302244509-worker-0:302734:313235 [0] NCCL INFO  8 : GPU/0-4000 GPU/0-5000 GPU/0-b000 GPU/0-c000 GPU/0-84000 GPU/0-85000 GPU/0-8b000 GPU/0-8c000
[36m(WorkerDict pid=302734)[0m trial-302244509-trialrun-302244509-worker-0:302734:313235 [0] NCCL INFO  9 : GPU/0-4000 GPU/0-5000 GPU/0-b000 GPU/0-c000 GPU/0-84000 GPU/0-85000 GPU/0-8b000 GPU/0-8c000
[36m(WorkerDict pid=302734)[0m trial-302244509-trialrun-302244509-worker-0:302734:313235 [0] NCCL INFO 10 : GPU/0-4000 GPU/0-5000 GPU/0-b000 GPU/0-c000 GPU/0-84000 GPU/0-85000 GPU/0-8b000 GPU/0-8c000
[36m(WorkerDict pid=302734)[0m trial-302244509-trialrun-302244509-worker-0:302734:313235 [0] NCCL INFO 11 : GPU/0-4000 GPU/0-5000 GPU/0-b000 GPU/0-c000 GPU/0-84000 GPU/0-85000 GPU/0-8b000 GPU/0-8c000
[36m(WorkerDict pid=302734)[0m trial-302244509-trialrun-302244509-worker-0:302734:313235 [0] NCCL INFO Pattern 1, crossNic 0, nChannels 12, bw 30.000000/30.000000, type NVL/PIX, sameChannels 1
[36m(WorkerDict pid=302734)[0m trial-302244509-trialrun-302244509-worker-0:302734:313235 [0] NCCL INFO  0 : GPU/0-4000 GPU/0-5000 GPU/0-b000 GPU/0-c000 GPU/0-84000 GPU/0-85000 GPU/0-8b000 GPU/0-8c000
[36m(WorkerDict pid=302734)[0m trial-302244509-trialrun-302244509-worker-0:302734:313235 [0] NCCL INFO  1 : GPU/0-4000 GPU/0-5000 GPU/0-b000 GPU/0-c000 GPU/0-84000 GPU/0-85000 GPU/0-8b000 GPU/0-8c000
[36m(WorkerDict pid=302734)[0m trial-302244509-trialrun-302244509-worker-0:302734:313235 [0] NCCL INFO  2 : GPU/0-4000 GPU/0-5000 GPU/0-b000 GPU/0-c000 GPU/0-84000 GPU/0-85000 GPU/0-8b000 GPU/0-8c000
[36m(WorkerDict pid=302734)[0m trial-302244509-trialrun-302244509-worker-0:302734:313235 [0] NCCL INFO  3 : GPU/0-4000 GPU/0-5000 GPU/0-b000 GPU/0-c000 GPU/0-84000 GPU/0-85000 GPU/0-8b000 GPU/0-8c000
[36m(WorkerDict pid=302734)[0m trial-302244509-trialrun-302244509-worker-0:302734:313235 [0] NCCL INFO  4 : GPU/0-4000 GPU/0-5000 GPU/0-b000 GPU/0-c000 GPU/0-84000 GPU/0-85000 GPU/0-8b000 GPU/0-8c000
[36m(WorkerDict pid=302734)[0m trial-302244509-trialrun-302244509-worker-0:302734:313235 [0] NCCL INFO  5 : GPU/0-4000 GPU/0-5000 GPU/0-b000 GPU/0-c000 GPU/0-84000 GPU/0-85000 GPU/0-8b000 GPU/0-8c000
[36m(WorkerDict pid=302734)[0m trial-302244509-trialrun-302244509-worker-0:302734:313235 [0] NCCL INFO  6 : GPU/0-4000 GPU/0-5000 GPU/0-b000 GPU/0-c000 GPU/0-84000 GPU/0-85000 GPU/0-8b000 GPU/0-8c000
[36m(WorkerDict pid=302734)[0m trial-302244509-trialrun-302244509-worker-0:302734:313235 [0] NCCL INFO  7 : GPU/0-4000 GPU/0-5000 GPU/0-b000 GPU/0-c000 GPU/0-84000 GPU/0-85000 GPU/0-8b000 GPU/0-8c000
[36m(WorkerDict pid=302734)[0m trial-302244509-trialrun-302244509-worker-0:302734:313235 [0] NCCL INFO  8 : GPU/0-4000 GPU/0-5000 GPU/0-b000 GPU/0-c000 GPU/0-84000 GPU/0-85000 GPU/0-8b000 GPU/0-8c000
[36m(WorkerDict pid=302734)[0m trial-302244509-trialrun-302244509-worker-0:302734:313235 [0] NCCL INFO  9 : GPU/0-4000 GPU/0-5000 GPU/0-b000 GPU/0-c000 GPU/0-84000 GPU/0-85000 GPU/0-8b000 GPU/0-8c000
[36m(WorkerDict pid=302734)[0m trial-302244509-trialrun-302244509-worker-0:302734:313235 [0] NCCL INFO 10 : GPU/0-4000 GPU/0-5000 GPU/0-b000 GPU/0-c000 GPU/0-84000 GPU/0-85000 GPU/0-8b000 GPU/0-8c000
[36m(WorkerDict pid=302734)[0m trial-302244509-trialrun-302244509-worker-0:302734:313235 [0] NCCL INFO 11 : GPU/0-4000 GPU/0-5000 GPU/0-b000 GPU/0-c000 GPU/0-84000 GPU/0-85000 GPU/0-8b000 GPU/0-8c000
[36m(WorkerDict pid=302734)[0m trial-302244509-trialrun-302244509-worker-0:302734:313235 [0] NCCL INFO comm 0x1407a590 rank 0 nRanks 8 nNodes 1 localRanks 8 localRank 0 MNNVL 0
[36m(WorkerDict pid=302734)[0m trial-302244509-trialrun-302244509-worker-0:302734:313235 [0] NCCL INFO Tree 0 : -1 -> 0 -> 1/-1/-1
[36m(WorkerDict pid=302734)[0m trial-302244509-trialrun-302244509-worker-0:302734:313235 [0] NCCL INFO Tree 12 : -1 -> 0 -> 1/-1/-1
[36m(WorkerDict pid=302734)[0m trial-302244509-trialrun-302244509-worker-0:302734:313235 [0] NCCL INFO Tree 1 : -1 -> 0 -> 1/-1/-1
[36m(WorkerDict pid=302734)[0m trial-302244509-trialrun-302244509-worker-0:302734:313235 [0] NCCL INFO Tree 13 : -1 -> 0 -> 1/-1/-1
[36m(WorkerDict pid=302734)[0m trial-302244509-trialrun-302244509-worker-0:302734:313235 [0] NCCL INFO Tree 2 : -1 -> 0 -> 1/-1/-1
[36m(WorkerDict pid=302734)[0m trial-302244509-trialrun-302244509-worker-0:302734:313235 [0] NCCL INFO Tree 14 : -1 -> 0 -> 1/-1/-1
[36m(WorkerDict pid=302734)[0m trial-302244509-trialrun-302244509-worker-0:302734:313235 [0] NCCL INFO Tree 3 : -1 -> 0 -> 1/-1/-1
[36m(WorkerDict pid=302734)[0m trial-302244509-trialrun-302244509-worker-0:302734:313235 [0] NCCL INFO Tree 15 : -1 -> 0 -> 1/-1/-1
[36m(WorkerDict pid=302734)[0m trial-302244509-trialrun-302244509-worker-0:302734:313235 [0] NCCL INFO Tree 4 : -1 -> 0 -> 1/-1/-1
[36m(WorkerDict pid=302734)[0m trial-302244509-trialrun-302244509-worker-0:302734:313235 [0] NCCL INFO Tree 16 : -1 -> 0 -> 1/-1/-1
[36m(WorkerDict pid=302734)[0m trial-302244509-trialrun-302244509-worker-0:302734:313235 [0] NCCL INFO Tree 5 : -1 -> 0 -> 1/-1/-1
[36m(WorkerDict pid=302734)[0m trial-302244509-trialrun-302244509-worker-0:302734:313235 [0] NCCL INFO Tree 17 : -1 -> 0 -> 1/-1/-1
[36m(WorkerDict pid=302734)[0m trial-302244509-trialrun-302244509-worker-0:302734:313235 [0] NCCL INFO Tree 6 : -1 -> 0 -> 1/-1/-1
[36m(WorkerDict pid=302734)[0m trial-302244509-trialrun-302244509-worker-0:302734:313235 [0] NCCL INFO Tree 18 : -1 -> 0 -> 1/-1/-1
[36m(WorkerDict pid=302734)[0m trial-302244509-trialrun-302244509-worker-0:302734:313235 [0] NCCL INFO Tree 7 : -1 -> 0 -> 1/-1/-1
[36m(WorkerDict pid=302734)[0m trial-302244509-trialrun-302244509-worker-0:302734:313235 [0] NCCL INFO Tree 19 : -1 -> 0 -> 1/-1/-1
[36m(WorkerDict pid=302734)[0m trial-302244509-trialrun-302244509-worker-0:302734:313235 [0] NCCL INFO Tree 8 : -1 -> 0 -> 1/-1/-1
[36m(WorkerDict pid=302734)[0m trial-302244509-trialrun-302244509-worker-0:302734:313235 [0] NCCL INFO Tree 20 : -1 -> 0 -> 1/-1/-1
[36m(WorkerDict pid=302734)[0m trial-302244509-trialrun-302244509-worker-0:302734:313235 [0] NCCL INFO Tree 9 : -1 -> 0 -> 1/-1/-1
[36m(WorkerDict pid=302734)[0m trial-302244509-trialrun-302244509-worker-0:302734:313235 [0] NCCL INFO Tree 21 : -1 -> 0 -> 1/-1/-1
[36m(WorkerDict pid=302734)[0m trial-302244509-trialrun-302244509-worker-0:302734:313235 [0] NCCL INFO Tree 10 : -1 -> 0 -> 1/-1/-1
[36m(WorkerDict pid=302734)[0m trial-302244509-trialrun-302244509-worker-0:302734:313235 [0] NCCL INFO Tree 22 : -1 -> 0 -> 1/-1/-1
[36m(WorkerDict pid=302734)[0m trial-302244509-trialrun-302244509-worker-0:302734:313235 [0] NCCL INFO Tree 11 : -1 -> 0 -> 1/-1/-1
[36m(WorkerDict pid=302734)[0m trial-302244509-trialrun-302244509-worker-0:302734:313235 [0] NCCL INFO Tree 23 : -1 -> 0 -> 1/-1/-1
[36m(WorkerDict pid=302734)[0m trial-302244509-trialrun-302244509-worker-0:302734:313235 [0] NCCL INFO NCCL_MIN_NCHANNELS set by environment to 4.
[36m(WorkerDict pid=302734)[0m trial-302244509-trialrun-302244509-worker-0:302734:313235 [0] NCCL INFO Channel 00/24 : 0 1 2 3 4 5 6 7
[36m(WorkerDict pid=302734)[0m trial-302244509-trialrun-302244509-worker-0:302734:313235 [0] NCCL INFO Channel 01/24 : 0 1 2 3 4 5 6 7
[36m(WorkerDict pid=302734)[0m trial-302244509-trialrun-302244509-worker-0:302734:313235 [0] NCCL INFO Channel 02/24 : 0 1 2 3 4 5 6 7
[36m(WorkerDict pid=302734)[0m trial-302244509-trialrun-302244509-worker-0:302734:313235 [0] NCCL INFO Channel 03/24 : 0 1 2 3 4 5 6 7
[36m(WorkerDict pid=302734)[0m trial-302244509-trialrun-302244509-worker-0:302734:313235 [0] NCCL INFO Channel 04/24 : 0 1 2 3 4 5 6 7
[36m(WorkerDict pid=302734)[0m trial-302244509-trialrun-302244509-worker-0:302734:313235 [0] NCCL INFO Channel 05/24 : 0 1 2 3 4 5 6 7
[36m(WorkerDict pid=302734)[0m trial-302244509-trialrun-302244509-worker-0:302734:313235 [0] NCCL INFO Channel 06/24 : 0 1 2 3 4 5 6 7
[36m(WorkerDict pid=302734)[0m trial-302244509-trialrun-302244509-worker-0:302734:313235 [0] NCCL INFO Channel 07/24 : 0 1 2 3 4 5 6 7
[36m(WorkerDict pid=302734)[0m trial-302244509-trialrun-302244509-worker-0:302734:313235 [0] NCCL INFO Channel 08/24 : 0 1 2 3 4 5 6 7
[36m(WorkerDict pid=302734)[0m trial-302244509-trialrun-302244509-worker-0:302734:313235 [0] NCCL INFO Channel 09/24 : 0 1 2 3 4 5 6 7
[36m(WorkerDict pid=302734)[0m trial-302244509-trialrun-302244509-worker-0:302734:313235 [0] NCCL INFO Channel 10/24 : 0 1 2 3 4 5 6 7
[36m(WorkerDict pid=302734)[0m trial-302244509-trialrun-302244509-worker-0:302734:313235 [0] NCCL INFO Channel 11/24 : 0 1 2 3 4 5 6 7
[36m(WorkerDict pid=302734)[0m trial-302244509-trialrun-302244509-worker-0:302734:313235 [0] NCCL INFO Channel 12/24 : 0 1 2 3 4 5 6 7
[36m(WorkerDict pid=302734)[0m trial-302244509-trialrun-302244509-worker-0:302734:313235 [0] NCCL INFO Channel 13/24 : 0 1 2 3 4 5 6 7
[36m(WorkerDict pid=302734)[0m trial-302244509-trialrun-302244509-worker-0:302734:313235 [0] NCCL INFO Channel 14/24 : 0 1 2 3 4 5 6 7
[36m(WorkerDict pid=302734)[0m trial-302244509-trialrun-302244509-worker-0:302734:313235 [0] NCCL INFO Channel 15/24 : 0 1 2 3 4 5 6 7
[36m(WorkerDict pid=302734)[0m trial-302244509-trialrun-302244509-worker-0:302734:313235 [0] NCCL INFO Channel 16/24 : 0 1 2 3 4 5 6 7
[36m(WorkerDict pid=302734)[0m trial-302244509-trialrun-302244509-worker-0:302734:313235 [0] NCCL INFO Channel 17/24 : 0 1 2 3 4 5 6 7
[36m(WorkerDict pid=302734)[0m trial-302244509-trialrun-302244509-worker-0:302734:313235 [0] NCCL INFO Channel 18/24 : 0 1 2 3 4 5 6 7
[36m(WorkerDict pid=302734)[0m trial-302244509-trialrun-302244509-worker-0:302734:313235 [0] NCCL INFO Channel 19/24 : 0 1 2 3 4 5 6 7
[36m(WorkerDict pid=302734)[0m trial-302244509-trialrun-302244509-worker-0:302734:313235 [0] NCCL INFO Channel 20/24 : 0 1 2 3 4 5 6 7
[36m(WorkerDict pid=302734)[0m trial-302244509-trialrun-302244509-worker-0:302734:313235 [0] NCCL INFO Channel 21/24 : 0 1 2 3 4 5 6 7
[36m(WorkerDict pid=302734)[0m trial-302244509-trialrun-302244509-worker-0:302734:313235 [0] NCCL INFO Channel 22/24 : 0 1 2 3 4 5 6 7
[36m(WorkerDict pid=302734)[0m trial-302244509-trialrun-302244509-worker-0:302734:313235 [0] NCCL INFO Channel 23/24 : 0 1 2 3 4 5 6 7
[36m(WorkerDict pid=302734)[0m trial-302244509-trialrun-302244509-worker-0:302734:313235 [0] NCCL INFO Ring 00 : 7 -> 0 -> 1
[36m(WorkerDict pid=302734)[0m trial-302244509-trialrun-302244509-worker-0:302734:313235 [0] NCCL INFO Ring 01 : 7 -> 0 -> 1
[36m(WorkerDict pid=302734)[0m trial-302244509-trialrun-302244509-worker-0:302734:313235 [0] NCCL INFO Ring 02 : 7 -> 0 -> 1
[36m(WorkerDict pid=302734)[0m trial-302244509-trialrun-302244509-worker-0:302734:313235 [0] NCCL INFO Ring 03 : 7 -> 0 -> 1
[36m(WorkerDict pid=302734)[0m trial-302244509-trialrun-302244509-worker-0:302734:313235 [0] NCCL INFO Ring 04 : 7 -> 0 -> 1
[36m(WorkerDict pid=302734)[0m trial-302244509-trialrun-302244509-worker-0:302734:313235 [0] NCCL INFO Ring 05 : 7 -> 0 -> 1
[36m(WorkerDict pid=302734)[0m trial-302244509-trialrun-302244509-worker-0:302734:313235 [0] NCCL INFO Ring 06 : 7 -> 0 -> 1
[36m(WorkerDict pid=302734)[0m trial-302244509-trialrun-302244509-worker-0:302734:313235 [0] NCCL INFO Ring 07 : 7 -> 0 -> 1
[36m(WorkerDict pid=302734)[0m trial-302244509-trialrun-302244509-worker-0:302734:313235 [0] NCCL INFO Ring 08 : 7 -> 0 -> 1
[36m(WorkerDict pid=302734)[0m trial-302244509-trialrun-302244509-worker-0:302734:313235 [0] NCCL INFO Ring 09 : 7 -> 0 -> 1
[36m(WorkerDict pid=302734)[0m trial-302244509-trialrun-302244509-worker-0:302734:313235 [0] NCCL INFO Ring 10 : 7 -> 0 -> 1
[36m(WorkerDict pid=302734)[0m trial-302244509-trialrun-302244509-worker-0:302734:313235 [0] NCCL INFO Ring 11 : 7 -> 0 -> 1
[36m(WorkerDict pid=302734)[0m trial-302244509-trialrun-302244509-worker-0:302734:313235 [0] NCCL INFO Ring 12 : 7 -> 0 -> 1
[36m(WorkerDict pid=302734)[0m trial-302244509-trialrun-302244509-worker-0:302734:313235 [0] NCCL INFO Ring 13 : 7 -> 0 -> 1
[36m(WorkerDict pid=302734)[0m trial-302244509-trialrun-302244509-worker-0:302734:313235 [0] NCCL INFO Ring 14 : 7 -> 0 -> 1
[36m(WorkerDict pid=302734)[0m trial-302244509-trialrun-302244509-worker-0:302734:313235 [0] NCCL INFO Ring 15 : 7 -> 0 -> 1
[36m(WorkerDict pid=302734)[0m trial-302244509-trialrun-302244509-worker-0:302734:313235 [0] NCCL INFO Ring 16 : 7 -> 0 -> 1
[36m(WorkerDict pid=302734)[0m trial-302244509-trialrun-302244509-worker-0:302734:313235 [0] NCCL INFO Ring 17 : 7 -> 0 -> 1
[36m(WorkerDict pid=302734)[0m trial-302244509-trialrun-302244509-worker-0:302734:313235 [0] NCCL INFO Ring 18 : 7 -> 0 -> 1
[36m(WorkerDict pid=302734)[0m trial-302244509-trialrun-302244509-worker-0:302734:313235 [0] NCCL INFO Ring 19 : 7 -> 0 -> 1
[36m(WorkerDict pid=302734)[0m trial-302244509-trialrun-302244509-worker-0:302734:313235 [0] NCCL INFO Ring 20 : 7 -> 0 -> 1
[36m(WorkerDict pid=302734)[0m trial-302244509-trialrun-302244509-worker-0:302734:313235 [0] NCCL INFO Ring 21 : 7 -> 0 -> 1
[36m(WorkerDict pid=302734)[0m trial-302244509-trialrun-302244509-worker-0:302734:313235 [0] NCCL INFO Ring 22 : 7 -> 0 -> 1
[36m(WorkerDict pid=302734)[0m trial-302244509-trialrun-302244509-worker-0:302734:313235 [0] NCCL INFO Ring 23 : 7 -> 0 -> 1
[36m(WorkerDict pid=302734)[0m trial-302244509-trialrun-302244509-worker-0:302734:313235 [0] NCCL INFO Trees [0] 1/-1/-1->0->-1 [1] 1/-1/-1->0->-1 [2] 1/-1/-1->0->-1 [3] 1/-1/-1->0->-
[36m(WorkerDict pid=302739)[0m trial-302244509-trialrun-302244509-worker-0:302739:313237 [6] NCCL INFO NCCL_BUFFSIZE set by environment to 4194304.
[36m(WorkerDict pid=302739)[0m trial-302244509-trialrun-302244509-worker-0:302739:313237 [6] NCCL INFO NCCL_P2P_NVL_CHUNKSIZE set by environment to 1048576.
[36m(WorkerDict pid=302739)[0m trial-302244509-trialrun-302244509-worker-0:302739:313237 [6] NCCL INFO P2P Chunksize set to 524288
[36m(WorkerDict pid=302739)[0m trial-302244509-trialrun-302244509-worker-0:302739:313237 [6] NCCL INFO PROFILER/Plugin: Could n
[36m(WorkerDict pid=302730)[0m trial-302244509-trialrun-302244509-worker-0:302730:313239 [2] NCCL INFO PROFILER/Plugin: Could not 
[36m(WorkerDict pid=302735)[0m trial-302244509-trialrun-302244509-worker-0:302735:313238 [1] NCCL INFO Ring 08 
[36m(WorkerDict pid=302732)[0m trial-302244509-trialrun-302244509-worker-0:302732:313240 [7] NCCL INFO PR
[36m(WorkerDict pid=302734)[0m 1 [4] 1/-1/-1->0->-1 [5] 1/-1/-1->0->-1 [6] 1/-1/-1->0->-1 [7] 1/-1/-1->0->-1 [8] 1/-1/-1->0->-1 [9] 1/-1/-1->0->-1 [10] 1/-1/-1->0->-1 [11] 1/-1/-1->0->-1 [12] 1/-1/-1->0->-1 [13] 1/-1/-1->0->-1 [14] 1/-1/-1->0->-1 [15] 1/-1/-1->0->-1 [16] 1/-1/-1->0->-1 [17] 1/-1/-1->0->-1 [18] 1/-1/-1->0->-1 [19] 1/-1/-1->0->-1 [20] 1/-1/-1->0->-1 [21] 1/-1/-1->0->-1 [22] 1/-1/-1->0->-1 [23] 1/-1/-1->0->-1
[36m(WorkerDict pid=302734)[0m trial-302244509-trialrun-302244509-worker-0:302734:313235 [0] NCCL INFO PROFILER/Plugin: Could not find: libnccl-profiler.so. 
[36m(WorkerDict pid=302734)[0m trial-302244509-trialrun-302244509-worker-0:302734:313235 [0] NCCL INFO Check P2P Type isAllDirectP2p 1 directMode 0
[36m(WorkerDict pid=302734)[0m trial-302244509-trialrun-302244509-worker-0:302734:313267 [0] NCCL INFO [Proxy Service] Device 0 CPU core 138
[36m(WorkerDict pid=302734)[0m trial-302244509-trialrun-302244509-worker-0:302734:313268 [0] NCCL INFO [Proxy Service UDS] Device 0 CPU core 12
[36m(WorkerDict pid=302734)[0m trial-302244509-trialrun-302244509-worker-0:302734:313235 [0] NCCL INFO NCCL_PROTO set by environment to Simple
[36m(WorkerDict pid=302734)[0m trial-302244509-trialrun-302244509-worker-0:302734:313235 [0] NCCL INFO NCCL_ALGO set by environment to Ring,Tree
[36m(WorkerDict pid=302734)[0m trial-302244509-trialrun-302244509-worker-0:302734:313235 [0] NCCL INFO Enabled NCCL Func/Proto/Algo Matrix:
[36m(WorkerDict pid=302734)[0m      Function |       LL     LL128    Simple   |          Tree           Ring  CollNetDirect   CollNetChain           NVLS       NVLSTree            PAT  
[36m(WorkerDict pid=302734)[0m     Broadcast |        0         0         1   |             1              1              0              0              0              0              0  
[36m(WorkerDict pid=302734)[0m        Reduce |        0         0         1   |             1              1              0              0              0              0              0  
[36m(WorkerDict pid=302734)[0m     AllGather |        0         0         1   |             1              1              0              0              0              0              0  
[36m(WorkerDict pid=302734)[0m ReduceScatter |        0         0         1   |             1              1              0              0              0              0              0  
[36m(WorkerDict pid=302734)[0m     AllReduce |        0         0         1   |             1              1              0              0              0              0  
[36m(WorkerDict pid=302734)[0m trial-302244509-trialrun-302244509-worker-0:302734:313235 [0] NCCL INFO threadThresholds 8/8/64 | 64/8/64 | 512 | 512
[36m(WorkerDict pid=302734)[0m trial-302244509-trialrun-302244509-worker-0:302734:313235 [0] NCCL INFO 24 coll channels, 24 collnet channels, 0 nvls channels, 32 p2p channels, 32 p2p channels per peer
[36m(WorkerDict pid=302734)[0m trial-302244509-trialrun-302244509-worker-0:302734:313235 [0] NCCL INFO CC Off, workFifoBytes 1048576
[36m(WorkerDict pid=302734)[0m trial-302244509-trialrun-302244509-worker-0:302734:313235 [0] NCCL INFO TUNER/Plugin: Could not find: libnccl-tuner.so. Using internal tuner plugin.
[36m(WorkerDict pid=302734)[0m trial-302244509-trialrun-302244509-worker-0:302734:313235 [0] NCCL INFO ncclCommInitRankConfig comm 0x1407a590 rank 0 nranks 8 cudaDev 0 nvmlDev 0 busId 4000 commId 0xdfcab0191566c953 - Init COMPLETE
[36m(WorkerDict pid=302734)[0m trial-302244509-trialrun-302244509-worker-0:302734:313235 [0] NCCL INFO Init timings - ncclCommInitRankConfig: rank 0 nranks 8 total 2.77 (kernels 0.33, alloc 0.27, bootstrap 1.44, allgathers 0.03, topo 0.63, graphs 0.01, connections 0.04, rest 0.03)
[36m(WorkerDict pid=302734)[0m trial-302244509-trialrun-302244509-worker-0:302734:313273 [0] NCCL INFO Channel 00/0 : 0[0] -> 1[1] via P2P/CUMEM
[36m(WorkerDict pid=302734)[0m trial-302244509-trialrun-302244509-worker-0:302734:313273 [0] NCCL INFO Channel 01/0 : 0[0] -> 1[1] via P2P/CUMEM
[36m(WorkerDict pid=302734)[0m trial-302244509-trialrun-302244509-worker-0:302734:313273 [0] NCCL INFO Channel 02/0 : 0[0] -> 1[1] via P2P/CUMEM
[36m(WorkerDict pid=302734)[0m trial-302244509-trialrun-302244509-worker-0:302734:313273 [0] NCCL INFO Channel 03/0 : 0[0] -> 1[1] via P2P/CUMEM
[36m(WorkerDict pid=302734)[0m trial-302244509-trialrun-302244509-worker-0:302734:313273 [0] NCCL INFO Channel 04/0 : 0[0] -> 1[1] via P2P/CUMEM
[36m(WorkerDict pid=302734)[0m trial-302244509-trialrun-302244509-worker-0:302734:313273 [0] NCCL INFO Channel 
[36m(WorkerDict pid=302739)[0m ot find: libnccl-profiler.so. 
[36m(WorkerDict pid=302730)[0m find: libnccl-profiler.so. 
[36m(WorkerDict pid=302737)[0m trial-302244509-trialrun-302244509-worker-0:302737:313274 [5] NCCL INFO Channel 23/0 : 5[5] -> 6[6] via P
[36m(WorkerDict pid=302735)[0m : 0 -> 1 -> 2
[36m(WorkerDict pid=302732)[0m OFILER/Plugin: Could not find: libnccl-profiler.so. 
[36m(WorkerDict pid=302734)[0m 05/0 : 0[0] -> 1[1] via P2P/CUMEM
[36m(WorkerDict pid=302734)[0m trial-302244509-trialrun-302244509-worker-0:302734:313273 [0] NCCL INFO Connected all rings, use ring PXN 0 GDR 1
[36m(WorkerDict pid=302732)[0m [Gloo] Rank 7 is connected to 7 peer ranks. Expected number of connected peer ranks is : 7[32m [repeated 7x across cluster][0m
[36m(WorkerDict pid=302739)[0m P/CUMEM
[36m(WorkerDict pid=302730)[0m MEM
[36m(WorkerDict pid=302737)[0m 2P/CUMEM
[36m(WorkerDict pid=302728)[0m CUMEM
[36m(WorkerDict pid=302738)[0m 2P/CUMEM
[36m(WorkerDict pid=302735)[0m M
[36m(WorkerDict pid=302734)[0m Actor use_remove_padding=True
[36m(WorkerDict pid=302734)[0m Actor use_fused_kernels=True
[36m(WorkerDict pid=302734)[0m Monkey patch _flash_attention_forward in transformers.integrations.flash_attention[32m [repeated 7x across cluster][0m
[36m(WorkerDict pid=302737)[0m Using Triton backend for fused kernels in Qwen2ForCausalLM[32m [repeated 7x across cluster][0m
[36m(WorkerDict pid=302732)[0m trial-302244509-trialrun-302244509-worker-0:302732:313240 [7] NCCL INFO NCCL_SOCKET_FAMILY set by environment to AF_INET6[32m [repeated 14x across cluster][0m
[36m(WorkerDict pid=302732)[0m trial-302244509-trialrun-302244509-worker-0:302732:313240 [7] NCCL INFO NCCL_SOCKET_IFNAME set by environment to eth0[32m [repeated 14x across cluster][0m
[36m(WorkerDict pid=302732)[0m trial-302244509-trialrun-302244509-worker-0:302732:302732 [7] NCCL INFO cudaDriverVersion 12020[32m [repeated 7x across cluster][0m
[36m(WorkerDict pid=302732)[0m trial-302244509-trialrun-302244509-worker-0:302732:302732 [7] NCCL INFO NCCL version 2.27.5+cuda12.9[32m [repeated 7x across cluster][0m
[36m(WorkerDict pid=302732)[0m trial-302244509-trialrun-302244509-worker-0:302732:302732 [7] NCCL INFO Comm config Blocking set to 1[32m [repeated 7x across cluster][0m
[36m(WorkerDict pid=302732)[0m trial-302244509-trialrun-302244509-worker-0:302732:313240 [7] NCCL INFO NET/Plugin: Could not find: none libnccl-net-none.so. [32m [repeated 7x across cluster][0m
[36m(WorkerDict pid=302732)[0m trial-302244509-trialrun-302244509-worker-0:302732:313240 [7] NCCL INFO NCCL_IB_DISABLE set by environment to 1.[32m [repeated 7x across cluster][0m
[36m(WorkerDict pid=302732)[0m trial-302244509-trialrun-302244509-worker-0:302732:313240 [7] NCCL INFO NET/Socket : Using [0]eth0:fdbd:dccd:cdc2:12c8:0:1ae:8000:2<0>[32m [repeated 7x across cluster][0m
[36m(WorkerDict pid=302732)[0m trial-302244509-trialrun-302244509-worker-0:302732:313240 [7] NCCL INFO Initialized NET plugin Socket[32m [repeated 7x across cluster][0m
[36m(WorkerDict pid=302732)[0m trial-302244509-trialrun-302244509-worker-0:302732:313240 [7] NCCL INFO Assigned NET plugin Socket to comm[32m [repeated 7x across cluster][0m
[36m(WorkerDict pid=302732)[0m trial-302244509-trialrun-302244509-worker-0:302732:313240 [7] NCCL INFO Using network Socket[32m [repeated 7x across cluster][0m
[36m(WorkerDict pid=302732)[0m trial-302244509-trialrun-302244509-worker-0:302732:313240 [7] NCCL INFO ncclCommInitRankConfig comm 0xf0ecc60 rank 7 nranks 8 cudaDev 7 nvmlDev 7 busId 8c000 commId 0xdfcab0191566c953 - Init START[32m [repeated 7x across cluster][0m
[36m(WorkerDict pid=302732)[0m trial-302244509-trialrun-302244509-worker-0:302732:313240 [7] NCCL INFO RAS client listening socket at ::1<28028>[32m [repeated 7x across cluster][0m
[36m(WorkerDict pid=302732)[0m trial-302244509-trialrun-302244509-worker-0:302732:313240 [7] NCCL INFO Could not find real path of /sys/class/pci_bus/fffffff/../../fffffff:ff:f[32m [repeated 7x across cluster][0m
[36m(WorkerDict pid=302732)[0m trial-302244509-trialrun-302244509-worker-0:302732:313240 [7] NCCL INFO TOPO/NET : Importing network plugins to topology[32m [repeated 7x across cluster][0m
[36m(WorkerDict pid=302732)[0m trial-302244509-trialrun-302244509-worker-0:302732:313240 [7] NCCL INFO Retrieving state for Socket[32m [repeated 7x across cluster][0m
[36m(WorkerDict pid=302732)[0m trial-302244509-trialrun-302244509-worker-0:302732:313240 [7] NCCL INFO Initialized state 0 for Socket[32m [repeated 7x across cluster][0m
[36m(WorkerDict pid=302732)[0m trial-302244509-trialrun-302244509-worker-0:302732:313240 [7] NCCL INFO ncclTopoPopulateNics : Filled eth0 in topo with pciPath=(null) keep=1 coll=(null)[32m [repeated 7x across cluster][0m
[36m(WorkerDict pid=302732)[0m trial-302244509-trialrun-302244509-worker-0:302732:313240 [7] NCCL INFO === System : maxBw 370.8 totalBw 370.8 ===[32m [repeated 7x across cluster][0m
[36m(WorkerDict pid=302732)[0m trial-302244509-trialrun-302244509-worker-0:302732:313240 [7] NCCL INFO GPU/0-8c000 :GPU/0-4000 (2/370.8/NVL) GPU/0-5000 (2/370.8/NVL) GPU/0-b000 (2/370.8/NVL) GPU/0-c000 (2/370.8/NVL) GPU/0-84000 (2/370.8/NVL) GPU/0-85000 (2/370.8/NVL) GPU/0-8b000 (2/370.8/NVL) GPU/0-8c000 (0/5000.0/LOC) NVS/0-0 (1/370.8/NVL) CPU/0-0 (3/22.0/SYS) CPU/0-1 (2/24.0/PHB) [32m [repeated 70x across cluster][0m
[36m(WorkerDict pid=302732)[0m trial-302244509-trialrun-302244509-worker-0:302732:313240 [7] NCCL INFO + SYS[22.0] - CPU/0-0[32m [repeated 161x across cluster][0m
[36m(WorkerDict pid=302732)[0m trial-302244509-trialrun-302244509-worker-0:302732:313240 [7] NCCL INFO ==========================================[32m [repeated 7x across cluster][0m
[36m(WorkerDict pid=302732)[0m trial-302244509-trialrun-302244509-worker-0:302732:313240 [7] NCCL INFO Setting affinity for GPU 7 to 52-103,156-207[32m [repeated 7x across cluster][0m
[36m(WorkerDict pid=302732)[0m trial-302244509-trialrun-302244509-worker-0:302732:313240 [7] NCCL INFO NCCL_NVLS_ENABLE set by environment to 0.[32m [repeated 7x across cluster][0m
[36m(WorkerDict pid=302732)[0m trial-302244509-trialrun-302244509-worker-0:302732:313240 [7] NCCL INFO Pattern 1, crossNic 0, nChannels 12, bw 30.000000/30.000000, type NVL/PIX, sameChannels 1[32m [repeated 14x across cluster][0m
[36m(WorkerDict pid=302732)[0m trial-302244509-trialrun-302244509-worker-0:302732:313240 [7] NCCL INFO 11 : GPU/0-4000 GPU/0-5000 GPU/0-b000 GPU/0-c000 GPU/0-84000 GPU/0-85000 GPU/0-8b000 GPU/0-8c000[32m [repeated 168x across cluster][0m
[36m(WorkerDict pid=302732)[0m trial-302244509-trialrun-302244509-worker-0:302732:313240 [7] NCCL INFO comm 0xf0ecc60 rank 7 nRanks 8 nNodes 1 localRanks 8 localRank 7 MNNVL 0[32m [repeated 7x across cluster][0m
[36m(WorkerDict pid=302735)[0m trial-302244509-trialrun-302244509-worker-0:302735:313238 [1] NCCL INFO Tree 23 : 0 -> 1 -> 2/-1/-1[32m [repeated 24x across cluster][0m
[36m(WorkerDict pid=302732)[0m trial-302244509-trialrun-302244509-worker-0:302732:313240 [7] NCCL INFO NCCL_MIN_NCHANNELS set by environment to 4.[32m [repeated 7x across cluster][0m
[36m(WorkerDict pid=302735)[0m trial-302244509-trialrun-302244509-worker-0:302735:313238 [1] NCCL INFO Ring 23 : 0 -> 1 -> 2[32m [repeated 167x across cluster][0m
[36m(WorkerDict pid=302735)[0m trial-302244509-trialrun-302244509-worker-0:302735:313238 [1] NCCL INFO Trees [0] 2/-1/-1->1->0 [1] 2/-1/-1->1->0 [2] 2/-1/-1->1->0 [3] 2/-1/-1->1->0 [4] 2/-1/-1->1->0 [5] 2/-1/-1->1->0 [6] 2/-1/-1->1->0 [7] 2/-1/-1->1->0 [8] 2/-1/-1->1->0 [9] 2/-1/-1->1->0 [10] 2/-1/-1->1->0 [11] 2/-1/-1->1->0 [12] 2/-1/-1->1->0 [13] 2/-1/-1->1->0 [14] 2/-1/-1->1->0 [15] 2/-1/-1->1->0 [16] 2/-1/-1->1->0 [17] 2/-1/-1->1->0 [18] 2/-1/-1->1->0 [19] 2/-1/-1->1->0 [20] 2/-1/-1->1->0 [21] 2/-1/-1->1->0 [22] 2/-1/-1->1->0 [23] 2/-1/-1->1->0[32m [repeated 7x across cluster][0m
[36m(WorkerDict pid=302735)[0m trial-302244509-trialrun-302244509-worker-0:302735:313238 [1] NCCL INFO NCCL_BUFFSIZE set by environment to 4194304.[32m [repeated 7x across cluster][0m
[36m(WorkerDict pid=302735)[0m trial-302244509-trialrun-302244509-worker-0:302735:313238 [1] NCCL INFO NCCL_P2P_NVL_CHUNKSIZE set by environment to 1048576.[32m [repeated 7x across cluster][0m
[36m(WorkerDict pid=302735)[0m trial-302244509-trialrun-302244509-worker-0:302735:313238 [1] NCCL INFO P2P Chunksize set to 524288[32m [repeated 7x across cluster][0m
[36m(WorkerDict pid=302732)[0m WARNING:2026-08-03 09:53:45,057:Initializing torch.distributed: rank=7 world_size=8 init_method=tcp://127.0.0.1:41339 master=127.0.0.1:41339[32m [repeated 7x across cluster][0m
[36m(WorkerDict pid=302732)[0m [W803 09:53:45.333679715 ProcessGroupNCCL.cpp:924] Warning: TORCH_NCCL_AVOID_RECORD_STREAMS is the default now, this environment variable is thus deprecated. (function operator())[32m [repeated 7x across cluster][0m
[36m(WorkerDict pid=302732)[0m `torch_dtype` is deprecated! Use `dtype` instead![32m [repeated 7x across cluster][0m
[36m(WorkerDict pid=302734)[0m Loading checkpoint shards:   0%|          | 0/4 [00:00<?, ?it/s][32m [repeated 5x across cluster][0m
[36m(WorkerDict pid=302732)[0m Loading checkpoint shards:   0%|          | 0/4 [00:00<?, ?it/s]Loading checkpoint shards: 100%|██████████| 4/4 [00:00<00:00, 109.37it/s][32m [repeated 2x across cluster][0m
[36m(WorkerDict pid=302734)[0m Loading checkpoint shards: 100%|██████████| 4/4 [00:00<00:00, 95.89it/s][32m [repeated 4x across cluster][0m
[36m(WorkerDict pid=302734)[0m Loading checkpoint shards:  25%|██▌       | 1/4 [00:03<00:11,  3.75s/it]
[36m(WorkerDict pid=302732)[0m Loading checkpoint shards:   0%|          | 0/4 [00:00<?, ?it/s][32m [repeated 7x across cluster][0m
[36m(WorkerDict pid=302730)[0m Loading checkpoint shards:  75%|███████▌  | 3/4 [00:10<00:03,  3.62s/it][32m [repeated 16x across cluster][0m
[36m(WorkerDict pid=302734)[0m Loading checkpoint shards: 100%|██████████| 4/4 [00:14<00:00,  3.50s/it]Loading checkpoint shards: 100%|██████████| 4/4 [00:14<00:00,  3.57s/it]
[36m(WorkerDict pid=302738)[0m trial-302244509-trialrun-302244509-worker-0:302738:313236 [4] NCCL INFO PROFILER/Plugin: Could n[32m [repeated 2x across cluster][0m
[36m(WorkerDict pid=302728)[0m trial-302244509-trialrun-302244509-worker-0:302728:313242 [3] NCCL INFO PROFILER/Plugin: Could not 
[36m(WorkerDict pid=302735)[0m trial-302244509-trialrun-302244509-worker-0:302735:313238 [1] NCCL INFO PROFILER/Plugin: Could not find: libnccl-profiler.so. 
[36m(WorkerDict pid=302732)[0m trial-302244509-trialrun-302244509-worker-0:302732:313257 [7] NCCL INFO [Proxy Service] Device 7 CPU core 191[32m [repeated 7x across cluster][0m
[36m(WorkerDict pid=302732)[0m trial-302244509-trialrun-302244509-worker-0:302732:313258 [7] NCCL INFO [Proxy Service UDS] Device 7 CPU core 98[32m [repeated 7x across cluster][0m
[36m(WorkerDict pid=302732)[0m trial-302244509-trialrun-302244509-worker-0:302732:313240 [7] NCCL INFO NCCL_PROTO set by environment to Simple[32m [repeated 7x across cluster][0m
[36m(WorkerDict pid=302732)[0m trial-302244509-trialrun-302244509-worker-0:302732:313240 [7] NCCL INFO NCCL_ALGO set by environment to Ring,Tree[32m [repeated 7x across cluster][0m
[36m(WorkerDict pid=302732)[0m trial-302244509-trialrun-302244509-worker-0:302732:313240 [7] NCCL INFO threadThresholds 8/8/64 | 64/8/64 | 512 | 512[32m [repeated 7x across cluster][0m
[36m(WorkerDict pid=302732)[0m trial-302244509-trialrun-302244509-worker-0:302732:313240 [7] NCCL INFO 24 coll channels, 24 collnet channels, 0 nvls channels, 32 p2p channels, 32 p2p channels per peer[32m [repeated 7x across cluster][0m
[36m(WorkerDict pid=302732)[0m trial-302244509-trialrun-302244509-worker-0:302732:313240 [7] NCCL INFO TUNER/Plugin: Could not find: libnccl-tuner.so. Using internal tuner plugin.[32m [repeated 7x across cluster][0m
[36m(WorkerDict pid=302732)[0m trial-302244509-trialrun-302244509-worker-0:302732:313240 [7] NCCL INFO ncclCommInitRankConfig comm 0xf0ecc60 rank 7 nranks 8 cudaDev 7 nvmlDev 7 busId 8c000 commId 0xdfcab0191566c953 - Init COMPLETE[32m [repeated 7x across cluster][0m
[36m(WorkerDict pid=302732)[0m trial-302244509-trialrun-302244509-worker-0:302732:313240 [7] NCCL INFO Init timings - ncclCommInitRankConfig: rank 7 nranks 8 total 2.66 (kernels 0.55, alloc 1.26, bootstrap 0.11, allgathers 0.03, topo 0.63, graphs 0.01, connections 0.05, rest 0.02)[32m [repeated 7x across cluster][0m
[36m(WorkerDict pid=302735)[0m trial-302244509-trialrun-302244509-worker-0:302735:313272 [1] NCCL INFO Channel 23/0 : 1[1] -> 2[2] via P2P/CUMEM[32m [repeated 183x across cluster][0m
[36m(WorkerDict pid=302732)[0m trial-302244509-trialrun-302244509-worker-0:302732:313276 [7] NCCL INFO Channel 23/0
[36m(WorkerDict pid=302738)[0m ot find: libnccl-profiler.so. [32m [repeated 2x across cluster][0m
[36m(WorkerDict pid=302728)[0m find: libnccl-profiler.so. 
[36m(WorkerDict pid=302738)[0m trial-302244509-trialrun-302244509-worker-0:302738:313275 [4] NCCL INFO Channel 23/0 : 4[4] -> 5[5] via P
[36m(WorkerDict pid=302734)[0m Model config after override: Qwen2Config {
[36m(WorkerDict pid=302734)[0m   "architectures": [
[36m(WorkerDict pid=302734)[0m     "Qwen2ForCausalLM"
[36m(WorkerDict pid=302734)[0m   ],
[36m(WorkerDict pid=302734)[0m   "attention_dropout": 0.0,
[36m(WorkerDict pid=302734)[0m   "dtype": "bfloat16",
[36m(WorkerDict pid=302734)[0m   "eos_token_id": 151643,
[36m(WorkerDict pid=302734)[0m   "hidden_act": "silu",
[36m(WorkerDict pid=302734)[0m   "hidden_size": 3584,
[36m(WorkerDict pid=302734)[0m   "initializer_range": 0.02,
[36m(WorkerDict pid=302734)[0m   "intermediate_size": 18944,
[36m(WorkerDict pid=302734)[0m   "layer_types": [
[36m(WorkerDict pid=302734)[0m     "full_attention",
[36m(WorkerDict pid=302734)[0m     "full_attention",
[36m(WorkerDict pid=302734)[0m     "full_attention",
[36m(WorkerDict pid=302734)[0m     "full_attention",
[36m(WorkerDict pid=302734)[0m     "full_attention",
[36m(WorkerDict pid=302734)[0m     "full_attention",
[36m(WorkerDict pid=302734)[0m     "full_attention",
[36m(WorkerDict pid=302734)[0m     "full_attention",
[36m(WorkerDict pid=302734)[0m     "full_attention",
[36m(WorkerDict pid=302734)[0m     "full_attention",
[36m(WorkerDict pid=302734)[0m     "full_attention",
[36m(WorkerDict pid=302734)[0m     "full_attention",
[36m(WorkerDict pid=302734)[0m     "full_attention",
[36m(WorkerDict pid=302734)[0m     "full_attention",
[36m(WorkerDict pid=302734)[0m     "full_attention",
[36m(WorkerDict pid=302734)[0m     "full_attention",
[36m(WorkerDict pid=302734)[0m     "full_attention",
[36m(WorkerDict pid=302734)[0m     "full_attention",
[36m(WorkerDict pid=302734)[0m     "full_attention",
[36m(WorkerDict pid=302734)[0m     "full_attention",
[36m(WorkerDict pid=302734)[0m     "full_attention",
[36m(WorkerDict pid=302734)[0m     "full_attention",
[36m(WorkerDict pid=302734)[0m     "full_attention",
[36m(WorkerDict pid=302734)[0m     "full_attention",
[36m(WorkerDict pid=302734)[0m     "full_attention",
[36m(WorkerDict pid=302734)[0m     "full_attention",
[36m(WorkerDict pid=302734)[0m     "full_attention",
[36m(WorkerDict pid=302734)[0m     "full_attention"
[36m(WorkerDict pid=302734)[0m   ],
[36m(WorkerDict pid=302734)[0m   "max_position_embeddings": 4096,
[36m(WorkerDict pid=302734)[0m   "max_window_layers": 28,
[36m(WorkerDict pid=302734)[0m   "model_type": "qwen2",
[36m(WorkerDict pid=302734)[0m   "num_attention_heads": 28,
[36m(WorkerDict pid=302734)[0m   "num_hidden_layers": 28,
[36m(WorkerDict pid=302734)[0m   "num_key_value_heads": 4,
[36m(WorkerDict pid=302734)[0m   "pad_token_id": 151643,
[36m(WorkerDict pid=302734)[0m   "rms_norm_eps": 1e-06,
[36m(WorkerDict pid=302734)[0m   "rope_scaling": null,
[36m(WorkerDict pid=302734)[0m   "rope_theta": 10000,
[36m(WorkerDict pid=302734)[0m   "sliding_window": null,
[36m(WorkerDict pid=302734)[0m   "tie_word_embeddings": false,
[36m(WorkerDict pid=302734)[0m   "transformers_version": "4.57.3",
[36m(WorkerDict pid=302734)[0m   "use_cache": true,
[36m(WorkerDict pid=302734)[0m   "use_mrope": false,
[36m(WorkerDict pid=302734)[0m   "use_sliding_window": false,
[36m(WorkerDict pid=302734)[0m   "vocab_size": 152064
[36m(WorkerDict pid=302734)[0m }
[36m(WorkerDict pid=302734)[0m 
[36m(WorkerDict pid=302732)[0m  : 7[7] -> 0[0] via P2P/CUMEM
[36m(WorkerDict pid=302732)[0m trial-302244509-trialrun-302244509-worker-0:302732:313276 [7] NCCL INFO Connected all rings, use ring PXN 0 GDR 1[32m [repeated 7x across cluster][0m
[36m(WorkerDict pid=302734)[0m actor attention implementation verified: sdpa
[36m(WorkerDict pid=302734)[0m Monkey patch _flash_attention_forward in transformers.integrations.flash_attention
[36m(WorkerDict pid=302734)[0m Using Triton backend for fused kernels in Qwen2ForCausalLM
[36m(WorkerDict pid=302739)[0m Monkey patch _flash_attention_forward in transformers.integrations.flash_attention
[36m(WorkerDict pid=302739)[0m Using Triton backend for fused kernels in Qwen2ForCausalLM
[36m(WorkerDict pid=302734)[0m Qwen2ForCausalLM contains 7.62B parameters
[36m(WorkerDict pid=302734)[0m wrap_policy: functools.partial(<function _or_policy at 0x7ef5e1aa4cc0>, policies=[functools.partial(<function transformer_auto_wrap_policy at 0x7ef5e1aa4b80>, transformer_layer_cls={<class 'transformers.models.qwen2.modeling_qwen2.Qwen2DecoderLayer'>})])
[36m(WorkerDict pid=302734)[0m Total steps: 5, num_warmup_steps: 0
[36m(WorkerDict pid=302734)[0m Actor use_remove_padding=True
[36m(WorkerDict pid=302734)[0m Actor use_fused_kernels=True
[36m(WorkerDict pid=302734)[0m [Gloo] Rank 0 is connected to 7 peer ranks. Expected number of connected peer ranks is : 7
[36m(WorkerDict pid=302734)[0m [Gloo] Rank 0 is connected to 0 peer ranks. Expected number of connected peer ranks is : 0
[36m(WorkerDict pid=302737)[0m Monkey patch _flash_attention_forward in transformers.integrations.flash_attention[32m [repeated 6x across cluster][0m
[36m(WorkerDict pid=302734)[0m WARNING:2026-08-03 09:54:28,205:Dropping unsupported vLLM engine kwargs for this version: ['disable_mm_preprocessor_cache']
[36m(WorkerDict pid=302737)[0m Loading checkpoint shards:  75%|███████▌  | 3/4 [00:11<00:03,  3.86s/it][32m [repeated 7x across cluster][0m
[36m(WorkerDict pid=302737)[0m Loading checkpoint shards: 100%|██████████| 4/4 [00:15<00:00,  3.71s/it]Loading checkpoint shards: 100%|██████████| 4/4 [00:15<00:00,  3.79s/it][32m [repeated 7x across cluster][0m
[36m(WorkerDict pid=302734)[0m 2026-08-03 09:54:52,879 - INFO - autotuner.py:256 - flashinfer.jit: [Autotuner]: Autotuning process starts ...
[36m(WorkerDict pid=302734)[0m 2026-08-03 09:54:52,897 - INFO - autotuner.py:262 - flashinfer.jit: [Autotuner]: Autotuning process ends
[36m(WorkerDict pid=302732)[0m WARNING:2026-08-03 09:54:28,195:Dropping unsupported vLLM engine kwargs for this version: ['disable_mm_preprocessor_cache'][32m [repeated 7x across cluster][0m
[36m(WorkerDict pid=302734)[0m Capturing CUDA graphs (mixed prefill-decode, PIECEWISE):   0%|          | 0/51 [00:00<?, ?it/s]
[36m(WorkerDict pid=302734)[0m Capturing CUDA graphs (mixed prefill-decode, PIECEWISE):   4%|▍         | 2/51 [00:00<00:02, 17.24it/s]
[36m(WorkerDict pid=302734)[0m Capturing CUDA graphs (mixed prefill-decode, PIECEWISE):  10%|▉         | 5/51 [00:00<00:02, 19.23it/s]
[36m(WorkerDict pid=302734)[0m Capturing CUDA graphs (mixed prefill-decode, PIECEWISE):  14%|█▎        | 7/51 [00:00<00:02, 17.41it/s]
[36m(WorkerDict pid=302734)[0m Capturing CUDA graphs (mixed prefill-decode, PIECEWISE):  18%|█▊        | 9/51 [00:00<00:02, 18.03it/s]
[36m(WorkerDict pid=302734)[0m Capturing CUDA graphs (mixed prefill-decode, PIECEWISE):  24%|██▎       | 12/51 [00:00<00:02, 18.76it/s]
[36m(WorkerDict pid=302734)[0m Capturing CUDA graphs (mixed prefill-decode, PIECEWISE):  27%|██▋       | 14/51 [00:00<00:01, 18.83it/s]
[36m(WorkerDict pid=302734)[0m Capturing CUDA graphs (mixed prefill-decode, PIECEWISE):  31%|███▏      | 16/51 [00:00<00:01, 18.44it/s]
[36m(WorkerDict pid=302734)[0m Capturing CUDA graphs (mixed prefill-decode, PIECEWISE):  35%|███▌      | 18/51 [00:00<00:01, 18.29it/s]
[36m(WorkerDict pid=302734)[0m Capturing CUDA graphs (mixed prefill-decode, PIECEWISE):  41%|████      | 21/51 [00:01<00:01, 19.11it/s]
[36m(WorkerDict pid=302734)[0m Capturing CUDA graphs (mixed prefill-decode, PIECEWISE):  45%|████▌     | 23/51 [00:01<00:01, 18.82it/s]
[36m(WorkerDict pid=302734)[0m Capturing CUDA graphs (mixed prefill-decode, PIECEWISE):  49%|████▉     | 25/51 [00:01<00:01, 18.83it/s]
[36m(WorkerDict pid=302734)[0m Capturing CUDA graphs (mixed prefill-decode, PIECEWISE):  53%|█████▎    | 27/51 [00:01<00:01, 18.97it/s]
[36m(WorkerDict pid=302734)[0m Capturing CUDA graphs (mixed prefill-decode, PIECEWISE):  57%|█████▋    | 29/51 [00:01<00:01, 18.51it/s]
[36m(WorkerDict pid=302734)[0m Capturing CUDA graphs (mixed prefill-decode, PIECEWISE):  61%|██████    | 31/51 [00:01<00:01, 18.48it/s]
[36m(WorkerDict pid=302734)[0m Capturing CUDA graphs (mixed prefill-decode, PIECEWISE):  65%|██████▍   | 33/51 [00:01<00:01, 17.87it/s]
[36m(WorkerDict pid=302734)[0m Capturing CUDA graphs (mixed prefill-decode, PIECEWISE):  69%|██████▊   | 35/51 [00:01<00:00, 17.85it/s]
[36m(WorkerDict pid=302734)[0m Capturing CUDA graphs (mixed prefill-decode, PIECEWISE):  73%|███████▎  | 37/51 [00:02<00:00, 16.03it/s]
[36m(WorkerDict pid=302734)[0m Capturing CUDA graphs (mixed prefill-decode, PIECEWISE):  76%|███████▋  | 39/51 [00:02<00:00, 13.47it/s]
[36m(WorkerDict pid=302734)[0m Capturing CUDA graphs (mixed prefill-decode, PIECEWISE):  80%|████████  | 41/51 [00:02<00:00, 14.65it/s]
[36m(WorkerDict pid=302734)[0m Capturing CUDA graphs (mixed prefill-decode, PIECEWISE):  84%|████████▍ | 43/51 [00:02<00:00, 15.86it/s]
[36m(WorkerDict pid=302734)[0m Capturing CUDA graphs (mixed prefill-decode, PIECEWISE):  88%|████████▊ | 45/51 [00:02<00:00, 16.54it/s]
[36m(WorkerDict pid=302734)[0m Capturing CUDA graphs (mixed prefill-decode, PIECEWISE):  92%|█████████▏| 47/51 [00:02<00:00, 16.59it/s]
[36m(WorkerDict pid=302734)[0m Capturing CUDA graphs (mixed prefill-decode, PIECEWISE):  96%|█████████▌| 49/51 [00:02<00:00, 17.38it/s]
[36m(WorkerDict pid=302734)[0m Capturing CUDA graphs (mixed prefill-decode, PIECEWISE): 100%|██████████| 51/51 [00:02<00:00, 17.62it/s]
[36m(WorkerDict pid=302734)[0m Capturing CUDA graphs (decode, FULL):   0%|          | 0/51 [00:00<?, ?it/s]
[36m(WorkerDict pid=302734)[0m Capturing CUDA graphs (decode, FULL):   6%|▌         | 3/51 [00:00<00:01, 29.57it/s]
[36m(WorkerDict pid=302734)[0m Capturing CUDA graphs (decode, FULL):  14%|█▎        | 7/51 [00:00<00:01, 30.39it/s]
[36m(WorkerDict pid=302734)[0m Capturing CUDA graphs (decode, FULL):  22%|██▏       | 11/51 [00:00<00:01, 30.86it/s]
[36m(WorkerDict pid=302734)[0m Capturing CUDA graphs (decode, FULL):  29%|██▉       | 15/51 [00:00<00:01, 30.52it/s]
[36m(WorkerDict pid=302734)[0m Capturing CUDA graphs (decode, FULL):  37%|███▋      | 19/51 [00:00<00:01, 30.59it/s]
[36m(WorkerDict pid=302734)[0m Capturing CUDA graphs (decode, FULL):  45%|████▌     | 23/51 [00:00<00:00, 30.59it/s]
[36m(WorkerDict pid=302734)[0m Capturing CUDA graphs (decode, FULL):  53%|█████▎    | 27/51 [00:00<00:00, 30.90it/s]
[36m(WorkerDict pid=302734)[0m Capturing CUDA graphs (decode, FULL):  61%|██████    | 31/51 [00:01<00:00, 31.23it/s]
[36m(WorkerDict pid=302734)[0m Capturing CUDA graphs (decode, FULL):  69%|██████▊   | 35/51 [00:01<00:00, 31.71it/s]
[36m(WorkerDict pid=302734)[0m Capturing CUDA graphs (decode, FULL):  76%|███████▋  | 39/51 [00:01<00:00, 31.73it/s]
[36m(WorkerDict pid=302734)[0m Capturing CUDA graphs (decode, FULL):  84%|████████▍ | 43/51 [00:01<00:00, 31.54it/s]
[36m(WorkerDict pid=302734)[0m Capturing CUDA graphs (decode, FULL):  92%|█████████▏| 47/51 [00:01<00:00, 31.66it/s]
[36m(WorkerDict pid=302732)[0m 2026-08-03 09:54:52,879 - INFO - autotuner.py:256 - flashinfer.jit: [Autotuner]: Autotuning process starts ...[32m [repeated 7x across cluster][0m
[36m(WorkerDict pid=302732)[0m 2026-08-03 09:54:52,901 - INFO - autotuner.py:262 - flashinfer.jit: [Autotuner]: Autotuning process ends[32m [repeated 7x across cluster][0m
[36m(WorkerDict pid=302734)[0m Capturing CUDA graphs (decode, FULL): 100%|██████████| 51/51 [00:01<00:00, 32.36it/s]Capturing CUDA graphs (decode, FULL): 100%|██████████| 51/51 [00:01<00:00, 31.40it/s]
[36m(WorkerDict pid=302735)[0m /mlx_devbox/users/quyanyi/playground/.venvs/ttrl_h100_cu129/lib/python3.11/site-packages/torch/distributed/fsdp/fully_sharded_data_parallel.py:675: FutureWarning: FSDP.state_dict_type() and FSDP.set_state_dict_type() are being deprecated. Please use APIs, get_state_dict() and set_state_dict(), which can support different parallelisms, FSDP1, FSDP2, DDP. API doc: https://pytorch.org/docs/stable/distributed.checkpoint.html#torch.distributed.checkpoint.state_dict.get_state_dict .Tutorial: https://pytorch.org/tutorials/recipes/distributed_checkpoint_recipe.html .
[36m(WorkerDict pid=302735)[0m   warnings.warn(
[36m(TaskRunner pid=302731)[0m Training Progress:   0%|          | 0/5 [00:00<?, ?it/s]
[36m(TaskRunner pid=302731)[0m <string>:1: SymPyDeprecationWarning: 
[36m(TaskRunner pid=302731)[0m 
[36m(TaskRunner pid=302731)[0m Using non-Expr arguments in Pow is deprecated (in this case, one of the
[36m(TaskRunner pid=302731)[0m arguments is of type 'FiniteSet').
[36m(TaskRunner pid=302731)[0m 
[36m(TaskRunner pid=302731)[0m If you really did intend to construct a power with this base, use the **
[36m(TaskRunner pid=302731)[0m operator instead.
[36m(TaskRunner pid=302731)[0m 
[36m(TaskRunner pid=302731)[0m See https://docs.sympy.org/latest/explanation/active-deprecations.html#non-expr-args-deprecated
[36m(TaskRunner pid=302731)[0m for details.
[36m(TaskRunner pid=302731)[0m 
[36m(TaskRunner pid=302731)[0m This has been deprecated since SymPy version 1.7. It
[36m(TaskRunner pid=302731)[0m will be removed in a future version of SymPy.
[36m(TaskRunner pid=302731)[0m 
[36m(TaskRunner pid=302731)[0m /usr/local/lib/python3.11/dist-packages/sympy/core/power.py:1257: SymPyDeprecationWarning: 
[36m(TaskRunner pid=302731)[0m 
[36m(TaskRunner pid=302731)[0m Using non-Expr arguments in Pow is deprecated (in this case, one of the
[36m(TaskRunner pid=302731)[0m arguments is of type 'FiniteSet').
[36m(TaskRunner pid=302731)[0m 
[36m(TaskRunner pid=302731)[0m If you really did intend to construct a power with this base, use the **
[36m(TaskRunner pid=302731)[0m operator instead.
[36m(TaskRunner pid=302731)[0m 
[36m(TaskRunner pid=302731)[0m See https://docs.sympy.org/latest/explanation/active-deprecations.html#non-expr-args-deprecated
[36m(TaskRunner pid=302731)[0m for details.
[36m(TaskRunner pid=302731)[0m 
[36m(TaskRunner pid=302731)[0m This has been deprecated since SymPy version 1.7. It
[36m(TaskRunner pid=302731)[0m will be removed in a future version of SymPy.
[36m(TaskRunner pid=302731)[0m 
[36m(TaskRunner pid=302731)[0m   p = self.func(*self.as_base_exp())  # in case it's unevaluated
[36m(WorkerDict pid=302732)[0m /mlx_devbox/users/quyanyi/playground/.venvs/ttrl_h100_cu129/lib/python3.11/site-packages/torch/distributed/fsdp/fully_sharded_data_parallel.py:675: FutureWarning: FSDP.state_dict_type() and FSDP.set_state_dict_type() are being deprecated. Please use APIs, get_state_dict() and set_state_dict(), which can support different parallelisms, FSDP1, FSDP2, DDP. API doc: https://pytorch.org/docs/stable/distributed.checkpoint.html#torch.distributed.checkpoint.state_dict.get_state_dict .Tutorial: https://pytorch.org/tutorials/recipes/distributed_checkpoint_recipe.html .[32m [repeated 7x across cluster][0m
[36m(WorkerDict pid=302732)[0m   warnings.warn([32m [repeated 7x across cluster][0m
[36m(TaskRunner pid=302731)[0m WARNING:2026-08-03 09:55:39,305:Timeout during comparison
[36m(TaskRunner pid=302731)[0m WARNING:2026-08-03 09:57:22,056:Timeout during comparison
[36m(TaskRunner pid=302731)[0m Training Progress:  20%|██        | 1/5 [02:23<09:32, 143.18s/it]
[36m(TaskRunner pid=302731)[0m <string>:1: SymPyDeprecationWarning: 
[36m(TaskRunner pid=302731)[0m 
[36m(TaskRunner pid=302731)[0m Using non-Expr arguments in Pow is deprecated (in this case, one of the
[36m(TaskRunner pid=302731)[0m arguments is of type 'FiniteSet').
[36m(TaskRunner pid=302731)[0m 
[36m(TaskRunner pid=302731)[0m If you really did intend to construct a power with this base, use the **
[36m(TaskRunner pid=302731)[0m operator instead.
[36m(TaskRunner pid=302731)[0m 
[36m(TaskRunner pid=302731)[0m See https://docs.sympy.org/latest/explanation/active-deprecations.html#non-expr-args-deprecated
[36m(TaskRunner pid=302731)[0m for details.
[36m(TaskRunner pid=302731)[0m 
[36m(TaskRunner pid=302731)[0m This has been deprecated since SymPy version 1.7. It
[36m(TaskRunner pid=302731)[0m will be removed in a future version of SymPy.
[36m(TaskRunner pid=302731)[0m 
[36m(TaskRunner pid=302731)[0m /usr/local/lib/python3.11/dist-packages/sympy/core/power.py:1257: SymPyDeprecationWarning: 
[36m(TaskRunner pid=302731)[0m 
[36m(TaskRunner pid=302731)[0m Using non-Expr arguments in Pow is deprecated (in this case, one of the
[36m(TaskRunner pid=302731)[0m arguments is of type 'FiniteSet').
[36m(TaskRunner pid=302731)[0m 
[36m(TaskRunner pid=302731)[0m If you really did intend to construct a power with this base, use the **
[36m(TaskRunner pid=302731)[0m operator instead.
[36m(TaskRunner pid=302731)[0m 
[36m(TaskRunner pid=302731)[0m See https://docs.sympy.org/latest/explanation/active-deprecations.html#non-expr-args-deprecated
[36m(TaskRunner pid=302731)[0m for details.
[36m(TaskRunner pid=302731)[0m 
[36m(TaskRunner pid=302731)[0m This has been deprecated since SymPy version 1.7. It
[36m(TaskRunner pid=302731)[0m will be removed in a future version of SymPy.
[36m(TaskRunner pid=302731)[0m 
[36m(TaskRunner pid=302731)[0m   p = self.func(*self.as_base_exp())  # in case it's unevaluated
[36m(TaskRunner pid=302731)[0m <string>:1: SymPyDeprecationWarning: 
[36m(TaskRunner pid=302731)[0m 
[36m(TaskRunner pid=302731)[0m Using non-Expr arguments in Pow is deprecated (in this case, one of the
[36m(TaskRunner pid=302731)[0m arguments is of type 'FiniteSet').
[36m(TaskRunner pid=302731)[0m 
[36m(TaskRunner pid=302731)[0m If you really did intend to construct a power with this base, use the **
[36m(TaskRunner pid=302731)[0m operator instead.
[36m(TaskRunner pid=302731)[0m 
[36m(TaskRunner pid=302731)[0m See https://docs.sympy.org/latest/explanation/active-deprecations.html#non-expr-args-deprecated
[36m(TaskRunner pid=302731)[0m for details.
[36m(TaskRunner pid=302731)[0m 
[36m(TaskRunner pid=302731)[0m This has been deprecated since SymPy version 1.7. It
[36m(TaskRunner pid=302731)[0m will be removed in a future version of SymPy.
[36m(TaskRunner pid=302731)[0m 
[36m(TaskRunner pid=302731)[0m /usr/local/lib/python3.11/dist-packages/sympy/core/power.py:1257: SymPyDeprecationWarning: 
[36m(TaskRunner pid=302731)[0m 
[36m(TaskRunner pid=302731)[0m Using non-Expr arguments in Pow is deprecated (in this case, one of the
[36m(TaskRunner pid=302731)[0m arguments is of type 'FiniteSet').
[36m(TaskRunner pid=302731)[0m 
[36m(TaskRunner pid=302731)[0m If you really did intend to construct a power with this base, use the **
[36m(TaskRunner pid=302731)[0m operator instead.
[36m(TaskRunner pid=302731)[0m 
[36m(TaskRunner pid=302731)[0m See https://docs.sympy.org/latest/explanation/active-deprecations.html#non-expr-args-deprecated
[36m(TaskRunner pid=302731)[0m for details.
[36m(TaskRunner pid=302731)[0m 
[36m(TaskRunner pid=302731)[0m This has been deprecated since SymPy version 1.7. It
[36m(TaskRunner pid=302731)[0m will be removed in a future version of SymPy.
[36m(TaskRunner pid=302731)[0m 
[36m(TaskRunner pid=302731)[0m   p = self.func(*self.as_base_exp())  # in case it's unevaluated
[36m(TaskRunner pid=302731)[0m Training Progress:  40%|████      | 2/5 [03:47<05:26, 108.67s/it]
[36m(TaskRunner pid=302731)[0m <string>:1: SymPyDeprecationWarning: 
[36m(TaskRunner pid=302731)[0m 
[36m(TaskRunner pid=302731)[0m Using non-Expr arguments in Pow is deprecated (in this case, one of the
[36m(TaskRunner pid=302731)[0m arguments is of type 'FiniteSet').
[36m(TaskRunner pid=302731)[0m 
[36m(TaskRunner pid=302731)[0m If you really did intend to construct a power with this base, use the **
[36m(TaskRunner pid=302731)[0m operator instead.
[36m(TaskRunner pid=302731)[0m 
[36m(TaskRunner pid=302731)[0m See https://docs.sympy.org/latest/explanation/active-deprecations.html#non-expr-args-deprecated
[36m(TaskRunner pid=302731)[0m for details.
[36m(TaskRunner pid=302731)[0m 
[36m(TaskRunner pid=302731)[0m This has been deprecated since SymPy version 1.7. It
[36m(TaskRunner pid=302731)[0m will be removed in a future version of SymPy.
[36m(TaskRunner pid=302731)[0m 
[36m(TaskRunner pid=302731)[0m <string>:1: SymPyDeprecationWarning: 
[36m(TaskRunner pid=302731)[0m 
[36m(TaskRunner pid=302731)[0m Using non-Expr arguments in Pow is deprecated (in this case, one of the
[36m(TaskRunner pid=302731)[0m arguments is of type 'FiniteSet').
[36m(TaskRunner pid=302731)[0m 
[36m(TaskRunner pid=302731)[0m If you really did intend to construct a power with this base, use the **
[36m(TaskRunner pid=302731)[0m operator instead.
[36m(TaskRunner pid=302731)[0m 
[36m(TaskRunner pid=302731)[0m See https://docs.sympy.org/latest/explanation/active-deprecations.html#non-expr-args-deprecated
[36m(TaskRunner pid=302731)[0m for details.
[36m(TaskRunner pid=302731)[0m 
[36m(TaskRunner pid=302731)[0m This has been deprecated since SymPy version 1.7. It
[36m(TaskRunner pid=302731)[0m will be removed in a future version of SymPy.
[36m(TaskRunner pid=302731)[0m 
[36m(TaskRunner pid=302731)[0m <string>:1: SymPyDeprecationWarning: 
[36m(TaskRunner pid=302731)[0m 
[36m(TaskRunner pid=302731)[0m Using non-Expr arguments in Pow is deprecated (in this case, one of the
[36m(TaskRunner pid=302731)[0m arguments is of type 'FiniteSet').
[36m(TaskRunner pid=302731)[0m 
[36m(TaskRunner pid=302731)[0m If you really did intend to construct a power with this base, use the **
[36m(TaskRunner pid=302731)[0m operator instead.
[36m(TaskRunner pid=302731)[0m 
[36m(TaskRunner pid=302731)[0m See https://docs.sympy.org/latest/explanation/active-deprecations.html#non-expr-args-deprecated
[36m(TaskRunner pid=302731)[0m for details.
[36m(TaskRunner pid=302731)[0m 
[36m(TaskRunner pid=302731)[0m This has been deprecated since SymPy version 1.7. It
[36m(TaskRunner pid=302731)[0m will be removed in a future version of SymPy.
[36m(TaskRunner pid=302731)[0m 
[36m(TaskRunner pid=302731)[0m <string>:1: SymPyDeprecationWarning: 
[36m(TaskRunner pid=302731)[0m 
[36m(TaskRunner pid=302731)[0m Using non-Expr arguments in Pow is deprecated (in this case, one of the
[36m(TaskRunner pid=302731)[0m arguments is of type 'FiniteSet').
[36m(TaskRunner pid=302731)[0m 
[36m(TaskRunner pid=302731)[0m If you really did intend to construct a power with this base, use the **
[36m(TaskRunner pid=302731)[0m operator instead.
[36m(TaskRunner pid=302731)[0m 
[36m(TaskRunner pid=302731)[0m See https://docs.sympy.org/latest/explanation/active-deprecations.html#non-expr-args-deprecated
[36m(TaskRunner pid=302731)[0m for details.
[36m(TaskRunner pid=302731)[0m 
[36m(TaskRunner pid=302731)[0m This has been deprecated since SymPy version 1.7. It
[36m(TaskRunner pid=302731)[0m will be removed in a future version of SymPy.
[36m(TaskRunner pid=302731)[0m 
[36m(TaskRunner pid=302731)[0m Training Progress:  60%|██████    | 3/5 [05:18<03:20, 100.31s/it]
[36m(TaskRunner pid=302731)[0m <string>:1: SymPyDeprecationWarning: 
[36m(TaskRunner pid=302731)[0m 
[36m(TaskRunner pid=302731)[0m Using non-Expr arguments in Pow is deprecated (in this case, one of the
[36m(TaskRunner pid=302731)[0m arguments is of type 'FiniteSet').
[36m(TaskRunner pid=302731)[0m 
[36m(TaskRunner pid=302731)[0m If you really did intend to construct a power with this base, use the **
[36m(TaskRunner pid=302731)[0m operator instead.
[36m(TaskRunner pid=302731)[0m 
[36m(TaskRunner pid=302731)[0m See https://docs.sympy.org/latest/explanation/active-deprecations.html#non-expr-args-deprecated
[36m(TaskRunner pid=302731)[0m for details.
[36m(TaskRunner pid=302731)[0m 
[36m(TaskRunner pid=302731)[0m This has been deprecated since SymPy version 1.7. It
[36m(TaskRunner pid=302731)[0m will be removed in a future version of SymPy.
[36m(TaskRunner pid=302731)[0m 
[36m(TaskRunner pid=302731)[0m <string>:1: SymPyDeprecationWarning: 
[36m(TaskRunner pid=302731)[0m 
[36m(TaskRunner pid=302731)[0m Using non-Expr arguments in Pow is deprecated (in this case, one of the
[36m(TaskRunner pid=302731)[0m arguments is of type 'FiniteSet').
[36m(TaskRunner pid=302731)[0m 
[36m(TaskRunner pid=302731)[0m If you really did intend to construct a power with this base, use the **
[36m(TaskRunner pid=302731)[0m operator instead.
[36m(TaskRunner pid=302731)[0m 
[36m(TaskRunner pid=302731)[0m See https://docs.sympy.org/latest/explanation/active-deprecations.html#non-expr-args-deprecated
[36m(TaskRunner pid=302731)[0m for details.
[36m(TaskRunner pid=302731)[0m 
[36m(TaskRunner pid=302731)[0m This has been deprecated since SymPy version 1.7. It
[36m(TaskRunner pid=302731)[0m will be removed in a future version of SymPy.
[36m(TaskRunner pid=302731)[0m 
[36m(WorkerDict pid=302737)[0m Using Triton backend for fused kernels in Qwen2ForCausalLM[32m [repeated 6x across cluster][0m
[36m(WorkerDict pid=302738)[0m kwargs: {'n': 1, 'logprobs': 1, 'max_tokens': 3072, 'repetition_penalty': 1.0, 'detokenize': False, 'temperature': 1.0, 'top_k': -1, 'top_p': 1, 'ignore_eos': False}
[36m(WorkerDict pid=302732)[0m [Gloo] Rank 0 is connected to 0 peer ranks. Expected number of connected peer ranks is : 0[32m [repeated 14x across cluster][0m
[36m(TaskRunner pid=302731)[0m [Shutdown] 4 subprocess(es) terminated.
[36m(WorkerDict pid=302732)[0m kwargs: {'n': 1, 'logprobs': 1, 'max_tokens': 3072, 'repetition_penalty': 1.0, 'detokenize': False, 'temperature': 1.0, 'top_k': -1, 'top_p': 1, 'ignore_eos': False}[32m [repeated 7x across cluster][0m
[36m(TaskRunner pid=302731)[0m [Shutdown] 4 subprocess(es) terminated.
[36m(TaskRunner pid=302731)[0m step:1 - global_seqlen/min:48476.000 - global_seqlen/max:88496.000 - global_seqlen/minmax_diff:40020.000 - global_seqlen/balanced_min:70032.000 - global_seqlen/balanced_max:70033.000 - global_seqlen/mean:70032.250 - training/rollout_probs_diff_max:0.000 - training/rollout_probs_diff_mean:0.000 - training/rollout_probs_diff_std:0.000 - train/sharpened_reward:0.350 - train/sharpened_coverage:0.625 - train/sharpened_top_prob:0.451 - train/sharpened_entropy:0.058 - train/sharpened_negative_rate:0.000 - train/sharpened_label_hit:0.625 - train/sharpened_negative_hit:0.000 - actor/pg_loss:-0.049 - actor/pg_clipfrac:0.001 - actor/ppo_kl:0.001 - actor/pg_clipfrac_lower:0.000 - actor/kl_loss:0.000 - actor/kl_coef:0.001 - actor/grad_norm:3.395 - perf/mfu/actor:0.041 - perf/max_memory_allocated_gb:66.259 - perf/max_memory_reserved_gb:71.814 - perf/cpu_memory_used_gb:384.944 - actor/lr:0.000 - train/label_accuracy:0.750 - train/reward_accuracy:0.750 - train/majority_voting_reward:0.350 - train/ground_truth_reward:0.350 - train/pass@32:0.938 - train/majority_ratio:0.353 - training/global_step:1.000 - training/epoch:0.000 - critic/score/mean:0.350 - critic/score/max:1.000 - critic/score/min:0.000 - critic/rewards/mean:0.350 - critic/rewards/max:1.000 - critic/rewards/min:0.000 - critic/advantages/mean:-0.228 - critic/advantages/max:5.480 - critic/advantages/min:-1.460 - critic/returns/mean:-0.228 - critic/returns/max:5.480 - critic/returns/min:-1.460 - response_length/mean:1001.191 - response_length/max:3072.000 - response_length/min:2.000 - response_length/clip_ratio:0.090 - prompt_length/mean:93.062 - prompt_length/max:208.000 - prompt_length/min:49.000 - prompt_length/clip_ratio:0.000 - timing_s/generate_sequences:27.444 - timing_s/reshard:0.389 - timing_s/gen:32.588 - timing_s/reward:3.692 - timing_s/old_log_prob:0.024 - timing_s/ref:17.222 - timing_s/adv:0.015 - timing_s/update_actor:82.027 - timing_s/step:142.993 - timing_per_token_ms/ref:0.031 - timing_per_token_ms/gen:0.064 - timing_per_token_ms/adv:0.000 - timing_per_token_ms/update_actor:0.146 - perf/total_num_tokens:560258.000 - perf/time_per_step:142.993 - perf/throughput:489.760
[36m(TaskRunner pid=302731)[0m [Shutdown] 8 subprocess(es) terminated.
[36m(TaskRunner pid=302731)[0m [Shutdown] 5 subprocess(es) terminated.
[36m(TaskRunner pid=302731)[0m step:2 - global_seqlen/min:43525.000 - global_seqlen/max:88030.000 - global_seqlen/minmax_diff:44505.000 - global_seqlen/balanced_min:62619.000 - global_seqlen/balanced_max:62619.000 - global_seqlen/mean:62619.000 - training/rollout_probs_diff_max:0.000 - training/rollout_probs_diff_mean:0.000 - training/rollout_probs_diff_std:0.000 - train/sharpened_reward:0.438 - train/sharpened_coverage:0.812 - train/sharpened_top_prob:0.543 - train/sharpened_entropy:0.074 - train/sharpened_negative_rate:0.000 - train/sharpened_label_hit:0.750 - train/sharpened_negative_hit:0.000 - actor/pg_loss:0.078 - actor/pg_clipfrac:0.003 - actor/ppo_kl:0.001 - actor/pg_clipfrac_lower:0.000 - actor/kl_loss:0.001 - actor/kl_coef:0.001 - actor/grad_norm:3.570 - perf/mfu/actor:0.073 - perf/max_memory_allocated_gb:66.259 - perf/max_memory_reserved_gb:71.814 - perf/cpu_memory_used_gb:385.246 - actor/lr:0.000 - train/label_accuracy:0.812 - train/reward_accuracy:0.695 - train/majority_voting_reward:0.438 - train/ground_truth_reward:0.434 - train/pass@32:0.875 - train/majority_ratio:0.438 - training/global_step:2.000 - training/epoch:0.000 - critic/score/mean:0.438 - critic/score/max:1.000 - critic/score/min:0.000 - critic/rewards/mean:0.438 - critic/rewards/max:1.000 - critic/rewards/min:0.000 - critic/advantages/mean:-0.189 - critic/advantages/max:5.480 - critic/advantages/min:-1.860 - critic/returns/mean:-0.189 - critic/returns/max:5.480 - critic/returns/min:-1.860 - response_length/mean:892.484 - response_length/max:3072.000 - response_length/min:4.000 - response_length/clip_ratio:0.064 - prompt_length/mean:85.938 - prompt_length/max:262.000 - prompt_length/min:47.000 - prompt_length/clip_ratio:0.000 - timing_s/generate_sequences:22.905 - timing_s/reshard:0.554 - timing_s/gen:26.876 - timing_s/reward:2.478 - timing_s/old_log_prob:0.022 - timing_s/ref:8.768 - timing_s/adv:0.016 - timing_s/update_actor:41.253 - timing_s/step:84.476 - timing_per_token_ms/ref:0.018 - timing_per_token_ms/gen:0.059 - timing_per_token_ms/adv:0.000 - timing_per_token_ms/update_actor:0.082 - perf/total_num_tokens:500952.000 - perf/time_per_step:84.476 - perf/throughput:741.264
[36m(TaskRunner pid=302731)[0m [Shutdown] 4 subprocess(es) terminated.
[36m(TaskRunner pid=302731)[0m [Shutdown] 7 subprocess(es) terminated.
[36m(TaskRunner pid=302731)[0m step:3 - global_seqlen/min:43609.000 - global_seqlen/max:92875.000 - global_seqlen/minmax_diff:49266.000 - global_seqlen/balanced_min:76378.000 - global_seqlen/balanced_max:76379.000 - global_seqlen/mean:76378.875 - training/rollout_probs_diff_max:0.000 - training/rollout_probs_diff_mean:0.000 - training/rollout_probs_diff_std:0.000 - train/sharpened_reward:0.309 - train/sharpened_coverage:0.625 - train/sharpened_top_prob:0.389 - train/sharpened_entropy:0.060 - train/sharpened_negative_rate:0.000 - train/sharpened_label_hit:0.562 - train/sharpened_negative_hit:0.000 - actor/pg_loss:-0.085 - actor/pg_clipfrac:0.002 - actor/ppo_kl:0.001 - actor/pg_clipfrac_lower:0.000 - actor/kl_loss:0.001 - actor/kl_coef:0.001 - actor/grad_norm:2.860 - perf/mfu/actor:0.086 - perf/max_memory_allocated_gb:66.259 - perf/max_memory_reserved_gb:71.814 - perf/cpu_memory_used_gb:385.476 - actor/lr:0.000 - train/label_accuracy:0.688 - train/reward_accuracy:0.678 - train/majority_voting_reward:0.309 - train/ground_truth_reward:0.273 - train/pass@32:0.875 - train/majority_ratio:0.306 - training/global_step:3.000 - training/epoch:0.000 - critic/score/mean:0.309 - critic/score/max:1.000 - critic/score/min:0.000 - critic/rewards/mean:0.309 - critic/rewards/max:1.000 - critic/rewards/min:0.000 - critic/advantages/mean:-0.172 - critic/advantages/max:5.480 - critic/advantages/min:-1.361 - critic/returns/mean:-0.172 - critic/returns/max:5.480 - critic/returns/min:-1.361 - response_length/mean:1109.857 - response_length/max:3072.000 - response_length/min:2.000 - response_length/clip_ratio:0.090 - prompt_length/mean:83.562 - prompt_length/max:142.000 - prompt_length/min:49.000 - prompt_length/clip_ratio:0.000 - timing_s/generate_sequences:24.042 - timing_s/reshard:0.586 - timing_s/gen:28.347 - timing_s/reward:2.804 - timing_s/old_log_prob:0.022 - timing_s/ref:10.649 - timing_s/adv:0.015 - timing_s/update_actor:43.221 - timing_s/step:90.339 - timing_per_token_ms/ref:0.017 - timing_per_token_ms/gen:0.050 - timing_per_token_ms/adv:0.000 - timing_per_token_ms/update_actor:0.071 - perf/total_num_tokens:611031.000 - perf/time_per_step:90.339 - perf/throughput:845.465
[36m(TaskRunner pid=302731)[0m [Shutdown] 4 subprocess(es) terminated.
[36m(TaskRunner pid=302731)[0m [Shutdown] 3 subprocess(es) terminated.
[36m(TaskRunner pid=302731)[0m Training Progress:  80%|████████  | 4/5 [06:44<01:34, 94.84s/it] 
[36m(TaskRunner pid=302731)[0m <string>:1: SymPyDeprecationWarning: 
[36m(TaskRunner pid=302731)[0m 
[36m(TaskRunner pid=302731)[0m Using non-Expr arguments in Pow is deprecated (in this case, one of the
[36m(TaskRunner pid=302731)[0m arguments is of type 'FiniteSet').
[36m(TaskRunner pid=302731)[0m 
[36m(TaskRunner pid=302731)[0m If you really did intend to construct a power with this base, use the **
[36m(TaskRunner pid=302731)[0m operator instead.
[36m(TaskRunner pid=302731)[0m 
[36m(TaskRunner pid=302731)[0m See https://docs.sympy.org/latest/explanation/active-deprecations.html#non-expr-args-deprecated
[36m(TaskRunner pid=302731)[0m for details.
[36m(TaskRunner pid=302731)[0m 
[36m(TaskRunner pid=302731)[0m This has been deprecated since SymPy version 1.7. It
[36m(TaskRunner pid=302731)[0m will be removed in a future version of SymPy.
[36m(TaskRunner pid=302731)[0m 
[36m(WorkerDict pid=302732)[0m INFO:2026-08-03 10:03:23,202:[Rank 7] Saved model to /tmp/ttrl_h100/checkpoints/ttrl_sharpened_grpo_b16_r32_v64_5step_h100_aggr_nofree_kl_refmb8_mem060_soft002_20260803/global_step_5/actor/model_world_size_8_rank_7.pt
[36m(WorkerDict pid=302732)[0m INFO:2026-08-03 10:03:35,870:[Rank 7] Saved optim to /tmp/ttrl_h100/checkpoints/ttrl_sharpened_grpo_b16_r32_v64_5step_h100_aggr_nofree_kl_refmb8_mem060_soft002_20260803/global_step_5/actor/optim_world_size_8_rank_7.pt
[36m(WorkerDict pid=302732)[0m INFO:2026-08-03 10:03:35,871:[Rank 7] Saved extra_state to /tmp/ttrl_h100/checkpoints/ttrl_sharpened_grpo_b16_r32_v64_5step_h100_aggr_nofree_kl_refmb8_mem060_soft002_20260803/global_step_5/actor/extra_state_world_size_8_rank_7.pt
[36m(WorkerDict pid=302738)[0m INFO:2026-08-03 10:03:23,418:[Rank 4] Saved model to /tmp/ttrl_h100/checkpoints/ttrl_sharpened_grpo_b16_r32_v64_5step_h100_aggr_nofree_kl_refmb8_mem060_soft002_20260803/global_step_5/actor/model_world_size_8_rank_4.pt[32m [repeated 7x across cluster][0m
[36m(WorkerDict pid=302734)[0m INFO:2026-08-03 10:03:36,803:[Rank 0] Saved model config and tokenizer class to /tmp/ttrl_h100/checkpoints/ttrl_sharpened_grpo_b16_r32_v64_5step_h100_aggr_nofree_kl_refmb8_mem060_soft002_20260803/global_step_5/actor/huggingface
[36m(TaskRunner pid=302731)[0m step:4 - global_seqlen/min:37493.000 - global_seqlen/max:88467.000 - global_seqlen/minmax_diff:50974.000 - global_seqlen/balanced_min:66431.000 - global_seqlen/balanced_max:66432.000 - global_seqlen/mean:66431.750 - training/rollout_probs_diff_max:0.000 - training/rollout_probs_diff_mean:0.000 - training/rollout_probs_diff_std:0.000 - train/sharpened_reward:0.531 - train/sharpened_coverage:0.750 - train/sharpened_top_prob:0.598 - train/sharpened_entropy:0.065 - train/sharpened_negative_rate:0.000 - train/sharpened_label_hit:0.562 - train/sharpened_negative_hit:0.000 - actor/pg_loss:-0.048 - actor/pg_clipfrac:0.001 - actor/ppo_kl:0.000 - actor/pg_clipfrac_lower:0.000 - actor/kl_loss:0.001 - actor/kl_coef:0.001 - actor/grad_norm:2.633 - perf/mfu/actor:0.076 - perf/max_memory_allocated_gb:66.259 - perf/max_memory_reserved_gb:71.814 - perf/cpu_memory_used_gb:385.538 - actor/lr:0.000 - train/label_accuracy:0.750 - train/reward_accuracy:0.721 - train/majority_voting_reward:0.531 - train/ground_truth_reward:0.504 - train/pass@32:0.938 - train/majority_ratio:0.539 - training/global_step:4.000 - training/epoch:0.000 - critic/score/mean:0.531 - critic/score/max:1.000 - critic/score/min:0.000 - critic/rewards/mean:0.531 - critic/rewards/max:1.000 - critic/rewards/min:0.000 - critic/advantages/mean:-0.377 - critic/advantages/max:3.060 - critic/advantages/min:-1.860 - critic/returns/mean:-0.377 - critic/returns/max:3.060 - critic/returns/min:-1.860 - response_length/mean:945.684 - response_length/max:3072.000 - response_length/min:2.000 - response_length/clip_ratio:0.084 - prompt_length/mean:92.312 - prompt_length/max:202.000 - prompt_length/min:42.000 - prompt_length/clip_ratio:0.000 - timing_s/generate_sequences:23.063 - timing_s/reshard:0.635 - timing_s/gen:27.318 - timing_s/reward:2.829 - timing_s/old_log_prob:0.023 - timing_s/ref:9.344 - timing_s/adv:0.016 - timing_s/update_actor:42.230 - timing_s/step:86.428 - timing_per_token_ms/ref:0.018 - timing_per_token_ms/gen:0.056 - timing_per_token_ms/adv:0.000 - timing_per_token_ms/update_actor:0.079 - perf/total_num_tokens:531454.000 - perf/time_per_step:86.428 - perf/throughput:768.635
[36m(TaskRunner pid=302731)[0m [Shutdown] 8 subprocess(es) terminated.
[36m(TaskRunner pid=302731)[0m [Shutdown] 5 subprocess(es) terminated.
[36m(TaskRunner pid=302731)[0m local_global_step_folder: /tmp/ttrl_h100/checkpoints/ttrl_sharpened_grpo_b16_r32_v64_5step_h100_aggr_nofree_kl_refmb8_mem060_soft002_20260803/global_step_5
[36m(TaskRunner pid=302731)[0m Training Progress: 100%|██████████| 5/5 [08:37<00:00, 101.50s/it]Training Progress: 100%|██████████| 5/5 [08:37<00:00, 103.57s/it]
[36m(WorkerDict pid=302738)[0m INFO:2026-08-03 10:03:37,062:[Rank 4] Saved optim to /tmp/ttrl_h100/checkpoints/ttrl_sharpened_grpo_b16_r32_v64_5step_h100_aggr_nofree_kl_refmb8_mem060_soft002_20260803/global_step_5/actor/optim_world_size_8_rank_4.pt[32m [repeated 7x across cluster][0m
[36m(WorkerDict pid=302738)[0m INFO:2026-08-03 10:03:37,063:[Rank 4] Saved extra_state to /tmp/ttrl_h100/checkpoints/ttrl_sharpened_grpo_b16_r32_v64_5step_h100_aggr_nofree_kl_refmb8_mem060_soft002_20260803/global_step_5/actor/extra_state_world_size_8_rank_4.pt[32m [repeated 7x across cluster][0m
[36m(TaskRunner pid=302731)[0m step:5 - global_seqlen/min:39904.000 - global_seqlen/max:112064.000 - global_seqlen/minmax_diff:72160.000 - global_seqlen/balanced_min:72555.000 - global_seqlen/balanced_max:72556.000 - global_seqlen/mean:72555.875 - training/rollout_probs_diff_max:0.000 - training/rollout_probs_diff_mean:0.000 - training/rollout_probs_diff_std:0.000 - train/sharpened_reward:0.432 - train/sharpened_coverage:0.750 - train/sharpened_top_prob:0.517 - train/sharpened_entropy:0.067 - train/sharpened_negative_rate:0.000 - train/sharpened_label_hit:0.688 - train/sharpened_negative_hit:0.000 - actor/pg_loss:0.052 - actor/pg_clipfrac:0.001 - actor/ppo_kl:0.001 - actor/pg_clipfrac_lower:0.000 - actor/kl_loss:0.001 - actor/kl_coef:0.001 - actor/grad_norm:3.045 - perf/mfu/actor:0.082 - perf/max_memory_allocated_gb:66.259 - perf/max_memory_reserved_gb:71.818 - perf/cpu_memory_used_gb:385.749 - actor/lr:0.000 - train/label_accuracy:0.750 - train/reward_accuracy:0.715 - train/majority_voting_reward:0.432 - train/ground_truth_reward:0.426 - train/pass@32:0.938 - train/majority_ratio:0.459 - training/global_step:5.000 - training/epoch:0.000 - critic/score/mean:0.432 - critic/score/max:1.000 - critic/score/min:0.000 - critic/rewards/mean:0.432 - critic/rewards/max:1.000 - critic/rewards/min:0.000 - critic/advantages/mean:-0.192 - critic/advantages/max:5.480 - critic/advantages/min:-2.287 - critic/returns/mean:-0.192 - critic/returns/max:5.480 - critic/returns/min:-2.287 - response_length/mean:994.186 - response_length/max:3072.000 - response_length/min:2.000 - response_length/clip_ratio:0.066 - prompt_length/mean:139.500 - prompt_length/max:695.000 - prompt_length/min:44.000 - prompt_length/clip_ratio:0.000 - timing_s/generate_sequences:23.492 - timing_s/reshard:0.642 - timing_s/gen:29.853 - timing_s/reward:3.176 - timing_s/old_log_prob:0.023 - timing_s/ref:10.592 - timing_s/adv:0.015 - timing_s/update_actor:42.836 - timing_s/save_checkpoint:20.730 - timing_s/step:113.288 - timing_per_token_ms/ref:0.018 - timing_per_token_ms/gen:0.059 - timing_per_token_ms/adv:0.000 - timing_per_token_ms/update_actor:0.074 - perf/total_num_tokens:580447.000 - perf/time_per_step:113.288 - perf/throughput:640.456
[36m(TaskRunner pid=302731)[0m 'Final validation skipped'
