MODEL_READY: /models/Qwen2.5-Math-7B
Using python: /mlx_devbox/users/quyanyi/playground/.venvs/ttrl_b200/bin/python
Using model: /models/Qwen2.5-Math-7B
Using data: /mlx_devbox/users/quyanyi/playground/TTRL/verl/data/MATH-TTT
Output directory: /tmp/ttrl_b200/checkpoints/ttrl_chunk_state_powerflow_support_flow_massprop_answersplit05_stateq70_gate030_softplusgain_mid_c128_b32_r32_v64_3step_20260802
Actor offload: param=False optimizer=False activation=False
Rollout: free_cache_engine=False enforce_eager=False gpu_memory_utilization=0.86
Critic offload: param=False optimizer=False activation=False
/mlx_devbox/users/quyanyi/playground/TTRL/verl/verl/__init__.py:18: UserWarning: pkg_resources is deprecated as an API. See https://setuptools.pypa.io/en/latest/pkg_resources.html. The pkg_resources package is slated for removal as early as 2025-11-30. Refrain from using this package or pin to Setuptools<81.
  import pkg_resources
/mlx_devbox/users/quyanyi/playground/.venvs/ttrl_b200/lib/python3.11/site-packages/huggingface_hub/constants.py:298: FutureWarning: The `HF_HUB_ENABLE_HF_TRANSFER` environment variable is deprecated as 'hf_transfer' is not used anymore. Please use `HF_XET_HIGH_PERFORMANCE` instead to enable high performance transfer with Xet. Visit https://huggingface.co/docs/huggingface_hub/package_reference/environment_variables#hfxethighperformance for more details.
  warnings.warn(
2026-08-02 06:22:49,837	INFO worker.py:2024 -- Started a local Ray instance.
[36m(pid=220787)[0m /mlx_devbox/users/quyanyi/playground/TTRL/verl/verl/__init__.py:18: UserWarning: pkg_resources is deprecated as an API. See https://setuptools.pypa.io/en/latest/pkg_resources.html. The pkg_resources package is slated for removal as early as 2025-11-30. Refrain from using this package or pin to Setuptools<81.
[36m(pid=220787)[0m   import pkg_resources
[36m(pid=220787)[0m /mlx_devbox/users/quyanyi/playground/.venvs/ttrl_b200/lib/python3.11/site-packages/huggingface_hub/constants.py:298: FutureWarning: The `HF_HUB_ENABLE_HF_TRANSFER` environment variable is deprecated as 'hf_transfer' is not used anymore. Please use `HF_XET_HIGH_PERFORMANCE` instead to enable high performance transfer with Xet. Visit https://huggingface.co/docs/huggingface_hub/package_reference/environment_variables#hfxethighperformance for more details.
[36m(pid=220787)[0m   warnings.warn(
[36m(TaskRunner pid=220787)[0m TaskRunner hostname: trial-302172199-trialrun-302172199-worker-0, PID: 220787
[36m(TaskRunner pid=220787)[0m {'actor_rollout_ref': {'actor': {'checkpoint': {'load_contents': ['model',
[36m(TaskRunner pid=220787)[0m                                                                   'optimizer',
[36m(TaskRunner pid=220787)[0m                                                                   'extra'],
[36m(TaskRunner pid=220787)[0m                                                 'save_contents': ['model',
[36m(TaskRunner pid=220787)[0m                                                                   'optimizer',
[36m(TaskRunner pid=220787)[0m                                                                   'extra']},
[36m(TaskRunner pid=220787)[0m                                  'chunk_weighted_nll_enable': False,
[36m(TaskRunner pid=220787)[0m                                  'clip_ratio': 0.2,
[36m(TaskRunner pid=220787)[0m                                  'clip_ratio_c': 3.0,
[36m(TaskRunner pid=220787)[0m                                  'clip_ratio_high': 0.2,
[36m(TaskRunner pid=220787)[0m                                  'clip_ratio_low': 0.2,
[36m(TaskRunner pid=220787)[0m                                  'entropy_checkpointing': False,
[36m(TaskRunner pid=220787)[0m                                  'entropy_coeff': 0,
[36m(TaskRunner pid=220787)[0m                                  'entropy_from_logits_with_chunking': False,
[36m(TaskRunner pid=220787)[0m                                  'fsdp_config': {'forward_prefetch': False,
[36m(TaskRunner pid=220787)[0m                                                  'fsdp_size': -1,
[36m(TaskRunner pid=220787)[0m                                                  'offload_policy': False,
[36m(TaskRunner pid=220787)[0m                                                  'optimizer_offload': False,
[36m(TaskRunner pid=220787)[0m                                                  'param_offload': False,
[36m(TaskRunner pid=220787)[0m                                                  'reshard_after_forward': True,
[36m(TaskRunner pid=220787)[0m                                                  'wrap_policy': {'min_num_params': 0}},
[36m(TaskRunner pid=220787)[0m                                  'grad_clip': 1.0,
[36m(TaskRunner pid=220787)[0m                                  'kl_loss_coef': 0.001,
[36m(TaskRunner pid=220787)[0m                                  'kl_loss_type': 'low_var_kl',
[36m(TaskRunner pid=220787)[0m                                  'loss_agg_mode': 'token-mean',
[36m(TaskRunner pid=220787)[0m                                  'optim': {'lr': 5e-07,
[36m(TaskRunner pid=220787)[0m                                            'lr_warmup_steps': -1,
[36m(TaskRunner pid=220787)[0m                                            'lr_warmup_steps_ratio': 0.03,
[36m(TaskRunner pid=220787)[0m                                            'min_lr_ratio': 0.0,
[36m(TaskRunner pid=220787)[0m                                            'num_cycles': 0.5,
[36m(TaskRunner pid=220787)[0m                                            'total_training_steps': -1,
[36m(TaskRunner pid=220787)[0m                                            'warmup_style': 'cosine',
[36m(TaskRunner pid=220787)[0m                                            'weight_decay': 0.01},
[36m(TaskRunner pid=220787)[0m                                  'policy_loss': {'clip_cov_lb': 1.0,
[36m(TaskRunner pid=220787)[0m                                                  'clip_cov_ratio': 0.0002,
[36m(TaskRunner pid=220787)[0m                                                  'clip_cov_ub': 5.0,
[36m(TaskRunner pid=220787)[0m                                                  'kl_cov_ratio': 0.0002,
[36m(TaskRunner pid=220787)[0m                                                  'loss_mode': 'vanilla',
[36m(TaskRunner pid=220787)[0m                                                  'ppo_kl_coef': 0.1},
[36m(TaskRunner pid=220787)[0m                                  'powerflow_beta_coef': 4.0,
[36m(TaskRunner pid=220787)[0m                                  'powerflow_chunk_loss_mode': 'standard',
[36m(TaskRunner pid=220787)[0m                                  'powerflow_enable': True,
[36m(TaskRunner pid=220787)[0m                                  'powerflow_init_ref_log_prob': 0.36,
[36m(TaskRunner pid=220787)[0m                                  'powerflow_on_policy': False,
[36m(TaskRunner pid=220787)[0m                                  'powerflow_proj_layers': 3,
[36m(TaskRunner pid=220787)[0m                                  'powerflow_use_boxed_reward': True,
[36m(TaskRunner pid=220787)[0m                                  'powerflow_use_chunk_weights': True,
[36m(TaskRunner pid=220787)[0m                                  'ppo_epochs': 1,
[36m(TaskRunner pid=220787)[0m                                  'ppo_max_token_len_per_gpu': 8192,
[36m(TaskRunner pid=220787)[0m                                  'ppo_micro_batch_size': None,
[36m(TaskRunner pid=220787)[0m                                  'ppo_micro_batch_size_per_gpu': 1,
[36m(TaskRunner pid=220787)[0m                                  'ppo_mini_batch_size': 8,
[36m(TaskRunner pid=220787)[0m                                  'profiler': {'all_ranks': False,
[36m(TaskRunner pid=220787)[0m                                               'discrete': False,
[36m(TaskRunner pid=220787)[0m                                               'ranks': None},
[36m(TaskRunner pid=220787)[0m                                  'shuffle': False,
[36m(TaskRunner pid=220787)[0m                                  'strategy': 'fsdp',
[36m(TaskRunner pid=220787)[0m                                  'ulysses_sequence_parallel_size': 1,
[36m(TaskRunner pid=220787)[0m                                  'use_dynamic_bsz': False,
[36m(TaskRunner pid=220787)[0m                                  'use_kl_loss': False,
[36m(TaskRunner pid=220787)[0m                                  'use_torch_compile': True},
[36m(TaskRunner pid=220787)[0m                        'hybrid_engine': True,
[36m(TaskRunner pid=220787)[0m                        'model': {'attn_implementation': 'sdpa',
[36m(TaskRunner pid=220787)[0m                                  'custom_chat_template': None,
[36m(TaskRunner pid=220787)[0m                                  'enable_activation_offload': False,
[36m(TaskRunner pid=220787)[0m                                  'enable_gradient_checkpointing': True,
[36m(TaskRunner pid=220787)[0m                                  'exclude_modules': None,
[36m(TaskRunner pid=220787)[0m                                  'external_lib': None,
[36m(TaskRunner pid=220787)[0m                                  'fused_kernel_options': {'impl_backend': 'triton'},
[36m(TaskRunner pid=220787)[0m                                  'lora_alpha': 16,
[36m(TaskRunner pid=220787)[0m                                  'lora_rank': 0,
[36m(TaskRunner pid=220787)[0m                                  'override_config': {},
[36m(TaskRunner pid=220787)[0m                                  'path': '/models/Qwen2.5-Math-7B',
[36m(TaskRunner pid=220787)[0m                                  'target_modules': 'all-linear',
[36m(TaskRunner pid=220787)[0m                                  'trust_remote_code': False,
[36m(TaskRunner pid=220787)[0m                                  'use_fused_kernels': True,
[36m(TaskRunner pid=220787)[0m                                  'use_liger': False,
[36m(TaskRunner pid=220787)[0m                                  'use_remove_padding': True,
[36m(TaskRunner pid=220787)[0m                                  'use_shm': False},
[36m(TaskRunner pid=220787)[0m                        'ref': {'entropy_checkpointing': False,
[36m(TaskRunner pid=220787)[0m                                'entropy_from_logits_with_chunking': False,
[36m(TaskRunner pid=220787)[0m                                'fsdp_config': {'forward_prefetch': False,
[36m(TaskRunner pid=220787)[0m                                                'param_offload': True,
[36m(TaskRunner pid=220787)[0m                                                'reshard_after_forward': True,
[36m(TaskRunner pid=220787)[0m                                                'wrap_policy': {'min_num_params': 0}},
[36m(TaskRunner pid=220787)[0m                                'log_prob_max_token_len_per_gpu': 8192,
[36m(TaskRunner pid=220787)[0m                                'log_prob_micro_batch_size': None,
[36m(TaskRunner pid=220787)[0m                                'log_prob_micro_batch_size_per_gpu': 1,
[36m(TaskRunner pid=220787)[0m                                'log_prob_use_dynamic_bsz': False,
[36m(TaskRunner pid=220787)[0m                                'profiler': {'all_ranks': False,
[36m(TaskRunner pid=220787)[0m                                             'discrete': False,
[36m(TaskRunner pid=220787)[0m                                             'ranks': None},
[36m(TaskRunner pid=220787)[0m                                'strategy': 'fsdp',
[36m(TaskRunner pid=220787)[0m                                'ulysses_sequence_parallel_size': 1,
[36m(TaskRunner pid=220787)[0m                                'use_torch_compile': True},
[36m(TaskRunner pid=220787)[0m                        'rollout': {'agent': {'num_workers': 8},
[36m(TaskRunner pid=220787)[0m                                    'calculate_log_probs': True,
[36m(TaskRunner pid=220787)[0m                                    'disable_log_stats': True,
[36m(TaskRunner pid=220787)[0m                                    'do_sample': True,
[36m(TaskRunner pid=220787)[0m                                    'dtype': 'bfloat16',
[36m(TaskRunner pid=220787)[0m                                    'enable_chunked_prefill': True,
[36m(TaskRunner pid=220787)[0m                                    'enforce_eager': False,
[36m(TaskRunner pid=220787)[0m                                    'engine_kwargs': {'sglang': {'attention_backend': None},
[36m(TaskRunner pid=220787)[0m                                                      'vllm': {'attention_config': {'backend': 'FLASH_ATTN'},
[36m(TaskRunner pid=220787)[0m                                                               'disable_mm_preprocessor_cache': False,
[36m(TaskRunner pid=220787)[0m                                                               'swap_space': None}},
[36m(TaskRunner pid=220787)[0m                                    'free_cache_engine': False,
[36m(TaskRunner pid=220787)[0m                                    'gpu_memory_utilization': 0.86,
[36m(TaskRunner pid=220787)[0m                                    'ignore_eos': False,
[36m(TaskRunner pid=220787)[0m                                    'layered_summon': False,
[36m(TaskRunner pid=220787)[0m                                    'load_format': 'dummy_dtensor',
[36m(TaskRunner pid=220787)[0m                                    'log_prob_max_token_len_per_gpu': 8192,
[36m(TaskRunner pid=220787)[0m                                    'log_prob_micro_batch_size': None,
[36m(TaskRunner pid=220787)[0m                                    'log_prob_micro_batch_size_per_gpu': 1,
[36m(TaskRunner pid=220787)[0m                                    'log_prob_use_dynamic_bsz': False,
[36m(TaskRunner pid=220787)[0m                                    'logprobs': 1,
[36m(TaskRunner pid=220787)[0m                                    'max_model_len': 4096,
[36m(TaskRunner pid=220787)[0m                                    'max_num_batched_tokens': 65536,
[36m(TaskRunner pid=220787)[0m                                    'max_num_seqs': 1024,
[36m(TaskRunner pid=220787)[0m                                    'mode': 'sync',
[36m(TaskRunner pid=220787)[0m                                    'multi_stage_wake_up': False,
[36m(TaskRunner pid=220787)[0m                                    'multi_turn': {'completion_callback': None,
[36m(TaskRunner pid=220787)[0m                                                   'enable': False,
[36m(TaskRunner pid=220787)[0m                                                   'format': 'hermes',
[36m(TaskRunner pid=220787)[0m                                                   'interaction_config_path': None,
[36m(TaskRunner pid=220787)[0m                                                   'max_assistant_turns': None,
[36m(TaskRunner pid=220787)[0m                                                   'max_parallel_calls': 1,
[36m(TaskRunner pid=220787)[0m                                                   'max_tool_response_length': 256,
[36m(TaskRunner pid=220787)[0m                                                   'max_user_turns': None,
[36m(TaskRunner pid=220787)[0m                                                   'tokenization_sanity_check_mode': 'strict',
[36m(TaskRunner pid=220787)[0m                                                   'tool_config_path': None,
[36m(TaskRunner pid=220787)[0m                                                   'tool_response_truncate_side': 'middle',
[36m(TaskRunner pid=220787)[0m                                                   'use_inference_chat_template': False},
[36m(TaskRunner pid=220787)[0m                                    'n': 32,
[36m(TaskRunner pid=220787)[0m                                    'name': 'vllm',
[36m(TaskRunner pid=220787)[0m                                    'profiler': {'all_ranks': False,
[36m(TaskRunner pid=220787)[0m                                                 'discrete': False,
[36m(TaskRunner pid=220787)[0m                                                 'ranks': None},
[36m(TaskRunner pid=220787)[0m                                    'prompt_length': 1024,
[36m(TaskRunner pid=220787)[0m                                    'response_length': 3072,
[36m(TaskRunner pid=220787)[0m                                    'temperature': 1.0,
[36m(TaskRunner pid=220787)[0m                                    'tensor_model_parallel_size': 1,
[36m(TaskRunner pid=220787)[0m                                    'top_k': -1,
[36m(TaskRunner pid=220787)[0m                                    'top_p': 1,
[36m(TaskRunner pid=220787)[0m                                    'use_rollout_log_probs_as_old': True,
[36m(TaskRunner pid=220787)[0m                                    'val_kwargs': {'do_sample': True,
[36m(TaskRunner pid=220787)[0m                                                   'n': 16,
[36m(TaskRunner pid=220787)[0m                                                   'temperature': 0.6,
[36m(TaskRunner pid=220787)[0m                                                   'top_k': -1,
[36m(TaskRunner pid=220787)[0m                                                   'top_p': 0.95}}},
[36m(TaskRunner pid=220787)[0m  'algorithm': {'adv_estimator': 'grpo',
[36m(TaskRunner pid=220787)[0m                'gamma': 1.0,
[36m(TaskRunner pid=220787)[0m                'kl_ctrl': {'horizon': 10000,
[36m(TaskRunner pid=220787)[0m                            'kl_coef': 0.0,
[36m(TaskRunner pid=220787)[0m                            'target_kl': 0.1,
[36m(TaskRunner pid=220787)[0m                            'type': 'fixed'},
[36m(TaskRunner pid=220787)[0m                'kl_penalty': 'kl',
[36m(TaskRunner pid=220787)[0m                'lam': 1.0,
[36m(TaskRunner pid=220787)[0m                'norm_adv_by_std_in_grpo': True,
[36m(TaskRunner pid=220787)[0m                'pf_ppo': {'reweight_method': 'pow', 'weight_pow': 2.0},
[36m(TaskRunner pid=220787)[0m                'use_kl_in_reward': False,
[36m(TaskRunner pid=220787)[0m                'use_pf_ppo': False},
[36m(TaskRunner pid=220787)[0m  'critic': {'checkpoint': {'load_contents': ['model', 'optimizer', 'extra'],
[36m(TaskRunner pid=220787)[0m                            'save_contents': ['model', 'optimizer', 'extra']},
[36m(TaskRunner pid=220787)[0m             'cliprange_value': 0.5,
[36m(TaskRunner pid=220787)[0m             'forward_max_token_len_per_gpu': 32768,
[36m(TaskRunner pid=220787)[0m             'forward_micro_batch_size': None,
[36m(TaskRunner pid=220787)[0m             'forward_micro_batch_size_per_gpu': 1,
[36m(TaskRunner pid=220787)[0m             'grad_clip': 1.0,
[36m(TaskRunner pid=220787)[0m             'loss_agg_mode': 'token-mean',
[36m(TaskRunner pid=220787)[0m             'model': {'attn_implementation': 'sdpa',
[36m(TaskRunner pid=220787)[0m                       'enable_activation_offload': False,
[36m(TaskRunner pid=220787)[0m                       'enable_gradient_checkpointing': True,
[36m(TaskRunner pid=220787)[0m                       'external_lib': None,
[36m(TaskRunner pid=220787)[0m                       'fsdp_config': {'forward_prefetch': False,
[36m(TaskRunner pid=220787)[0m                                       'fsdp_size': -1,
[36m(TaskRunner pid=220787)[0m                                       'offload_policy': False,
[36m(TaskRunner pid=220787)[0m                                       'optimizer_offload': False,
[36m(TaskRunner pid=220787)[0m                                       'param_offload': False,
[36m(TaskRunner pid=220787)[0m                                       'reshard_after_forward': True,
[36m(TaskRunner pid=220787)[0m                                       'wrap_policy': {'min_num_params': 0}},
[36m(TaskRunner pid=220787)[0m                       'lora_alpha': 16,
[36m(TaskRunner pid=220787)[0m                       'lora_rank': 0,
[36m(TaskRunner pid=220787)[0m                       'override_config': {},
[36m(TaskRunner pid=220787)[0m                       'path': '/models/Qwen2.5-Math-7B',
[36m(TaskRunner pid=220787)[0m                       'target_modules': 'all-linear',
[36m(TaskRunner pid=220787)[0m                       'tokenizer_path': '/models/Qwen2.5-Math-7B',
[36m(TaskRunner pid=220787)[0m                       'trust_remote_code': False,
[36m(TaskRunner pid=220787)[0m                       'use_remove_padding': True,
[36m(TaskRunner pid=220787)[0m                       'use_shm': False},
[36m(TaskRunner pid=220787)[0m             'optim': {'lr': 9e-06,
[36m(TaskRunner pid=220787)[0m                       'lr_warmup_steps_ratio': 0.0,
[36m(TaskRunner pid=220787)[0m                       'min_lr_ratio': None,
[36m(TaskRunner pid=220787)[0m                       'total_training_steps': -1,
[36m(TaskRunner pid=220787)[0m                       'warmup_style': 'constant',
[36m(TaskRunner pid=220787)[0m                       'weight_decay': 0.01},
[36m(TaskRunner pid=220787)[0m             'ppo_epochs': 1,
[36m(TaskRunner pid=220787)[0m             'ppo_max_token_len_per_gpu': 32768,
[36m(TaskRunner pid=220787)[0m             'ppo_micro_batch_size': None,
[36m(TaskRunner pid=220787)[0m             'ppo_micro_batch_size_per_gpu': 1,
[36m(TaskRunner pid=220787)[0m             'ppo_mini_batch_size': 8,
[36m(TaskRunner pid=220787)[0m             'profiler': {'all_ranks': False, 'discrete': False, 'ranks': None},
[36m(TaskRunner pid=220787)[0m             'rollout_n': 32,
[36m(TaskRunner pid=220787)[0m             'shuffle': False,
[36m(TaskRunner pid=220787)[0m             'strategy': 'fsdp',
[36m(TaskRunner pid=220787)[0m             'ulysses_sequence_parallel_size': 1,
[36m(TaskRunner pid=220787)[0m             'use_dynamic_bsz': False},
[36m(TaskRunner pid=220787)[0m  'custom_reward_function': {'name': 'reward_func',
[36m(TaskRunner pid=220787)[0m                             'path': './verl/utils/reward_score/ttrl_math/__init__.py'},
[36m(TaskRunner pid=220787)[0m  'data': {'custom_cls': {'name': None, 'path': None},
[36m(TaskRunner pid=220787)[0m           'filter_overlong_prompts': True,
[36m(TaskRunner pid=220787)[0m           'filter_overlong_prompts_workers': 1,
[36m(TaskRunner pid=220787)[0m           'image_key': 'images',
[36m(TaskRunner pid=220787)[0m           'max_prompt_length': 1024,
[36m(TaskRunner pid=220787)[0m           'max_response_length': 3072,
[36m(TaskRunner pid=220787)[0m           'prompt_key': 'prompt',
[36m(TaskRunner pid=220787)[0m           'return_full_prompt': False,
[36m(TaskRunner pid=220787)[0m           'return_raw_chat': False,
[36m(TaskRunner pid=220787)[0m           'return_raw_input_ids': False,
[36m(TaskRunner pid=220787)[0m           'reward_fn_key': 'data_source',
[36m(TaskRunner pid=220787)[0m           'shuffle': True,
[36m(TaskRunner pid=220787)[0m           'tokenizer': None,
[36m(TaskRunner pid=220787)[0m           'train_batch_size': 32,
[36m(TaskRunner pid=220787)[0m           'train_files': ['/mlx_devbox/users/quyanyi/playground/TTRL/verl/data/MATH-TTT/train.parquet'],
[36m(TaskRunner pid=220787)[0m           'truncation': 'error',
[36m(TaskRunner pid=220787)[0m           'trust_remote_code': False,
[36m(TaskRunner pid=220787)[0m           'use_shm': False,
[36m(TaskRunner pid=220787)[0m           'val_batch_size': None,
[36m(TaskRunner pid=220787)[0m           'val_files': ['/mlx_devbox/users/quyanyi/playground/TTRL/verl/data/MATH-TTT/test.parquet'],
[36m(TaskRunner pid=220787)[0m           'validation_shuffle': False,
[36m(TaskRunner pid=220787)[0m           'video_key': 'videos'},
[36m(TaskRunner pid=220787)[0m  'ray_init': {'num_cpus': None, 'timeline_json_file': None},
[36m(TaskRunner pid=220787)[0m  'reward_model': {'enable': False,
[36m(TaskRunner pid=220787)[0m                   'forward_max_token_len_per_gpu': 32768,
[36m(TaskRunner pid=220787)[0m                   'launch_reward_fn_async': False,
[36m(TaskRunner pid=220787)[0m                   'max_length': None,
[36m(TaskRunner pid=220787)[0m                   'micro_batch_size': None,
[36m(TaskRunner pid=220787)[0m                   'micro_batch_size_per_gpu': None,
[36m(TaskRunner pid=220787)[0m                   'model': {'attn_implementation': 'sdpa',
[36m(TaskRunner pid=220787)[0m                             'external_lib': None,
[36m(TaskRunner pid=220787)[0m                             'fsdp_config': {'forward_prefetch': False,
[36m(TaskRunner pid=220787)[0m                                             'fsdp_size': -1,
[36m(TaskRunner pid=220787)[0m                                             'param_offload': False,
[36m(TaskRunner pid=220787)[0m                                             'reshard_after_forward': True,
[36m(TaskRunner pid=220787)[0m                                             'wrap_policy': {'min_num_params': 0}},
[36m(TaskRunner pid=220787)[0m                             'input_tokenizer': '/models/Qwen2.5-Math-7B',
[36m(TaskRunner pid=220787)[0m                             'path': '~/models/FsfairX-LLaMA3-RM-v0.1',
[36m(TaskRunner pid=220787)[0m                             'trust_remote_code': False,
[36m(TaskRunner pid=220787)[0m                             'use_fused_kernels': True,
[36m(TaskRunner pid=220787)[0m                             'use_remove_padding': False,
[36m(TaskRunner pid=220787)[0m                             'use_shm': False},
[36m(TaskRunner pid=220787)[0m                   'num_processes': 128,
[36m(TaskRunner pid=220787)[0m                   'profiler': {'all_ranks': False,
[36m(TaskRunner pid=220787)[0m                                'discrete': False,
[36m(TaskRunner pid=220787)[0m                                'ranks': None},
[36m(TaskRunner pid=220787)[0m                   'reward_manager': 'prime',
[36m(TaskRunner pid=220787)[0m                   'sandbox_fusion': {'max_concurrent': 64,
[36m(TaskRunner pid=220787)[0m                                      'memory_limit_mb': 1024,
[36m(TaskRunner pid=220787)[0m                                      'url': None},
[36m(TaskRunner pid=220787)[0m                   'strategy': 'fsdp',
[36m(TaskRunner pid=220787)[0m                   'ulysses_sequence_parallel_size': 1,
[36m(TaskRunner pid=220787)[0m                   'use_dynamic_bsz': False},
[36m(TaskRunner pid=220787)[0m  'trainer': {'balance_batch': True,
[36m(TaskRunner pid=220787)[0m              'controller_nsight_options': {'cuda-graph-trace': 'graph',
[36m(TaskRunner pid=220787)[0m                                            'cuda-memory-usage': 'true',
[36m(TaskRunner pid=220787)[0m                                            'trace': 'cuda,nvtx,cublas,ucx'},
[36m(TaskRunner pid=220787)[0m              'critic_warmup': 0,
[36m(TaskRunner pid=220787)[0m              'default_hdfs_dir': None,
[36m(TaskRunner pid=220787)[0m              'default_local_dir': '/tmp/ttrl_b200/checkpoints/ttrl_chunk_state_powerflow_support_flow_massprop_answersplit05_stateq70_gate030_softplusgain_mid_c128_b32_r32_v64_3step_20260802',
[36m(TaskRunner pid=220787)[0m              'del_local_ckpt_after_load': False,
[36m(TaskRunner pid=220787)[0m              'device': 'cuda',
[36m(TaskRunner pid=220787)[0m              'esi_redundant_time': 0,
[36m(TaskRunner pid=220787)[0m              'experiment_name': '0802-ttrl_chunk_state_powerflow_support_flow_massprop_answersplit05_stateq70_gate030_softplusgain_mid_c128_b32_r32_v64_3step_20260802-MATH-TTT-Qwen2.5-Math-7B-support-flow-massprop-answersplit05-stateq70-gate030-softplusgain-3step-smoke',
[36m(TaskRunner pid=220787)[0m              'final_val_enable': False,
[36m(TaskRunner pid=220787)[0m              'log_val_generations': 0,
[36m(TaskRunner pid=220787)[0m              'logger': ['console'],
[36m(TaskRunner pid=220787)[0m              'max_actor_ckpt_to_keep': 0,
[36m(TaskRunner pid=220787)[0m              'max_critic_ckpt_to_keep': 0,
[36m(TaskRunner pid=220787)[0m              'n_gpus_per_node': 8,
[36m(TaskRunner pid=220787)[0m              'nnodes': 1,
[36m(TaskRunner pid=220787)[0m              'profile_steps': None,
[36m(TaskRunner pid=220787)[0m              'project_name': 'TTRL-verl-local',
[36m(TaskRunner pid=220787)[0m              'ray_wait_register_center_timeout': 300,
[36m(TaskRunner pid=220787)[0m              'resume_from_path': None,
[36m(TaskRunner pid=220787)[0m              'resume_mode': 'auto',
[36m(TaskRunner pid=220787)[0m              'rollout_data_dir': None,
[36m(TaskRunner pid=220787)[0m              'save_freq': -1,
[36m(TaskRunner pid=220787)[0m              'test_freq': -1,
[36m(TaskRunner pid=220787)[0m              'total_epochs': 1,
[36m(TaskRunner pid=220787)[0m              'total_training_steps': 3,
[36m(TaskRunner pid=220787)[0m              'val_before_train': False,
[36m(TaskRunner pid=220787)[0m              'val_only': False,
[36m(TaskRunner pid=220787)[0m              'validation_data_dir': None,
[36m(TaskRunner pid=220787)[0m              'validation_metric_dump_path': None,
[36m(TaskRunner pid=220787)[0m              'worker_nsight_options': {'capture-range': 'cudaProfilerApi',
[36m(TaskRunner pid=220787)[0m                                        'capture-range-end': None,
[36m(TaskRunner pid=220787)[0m                                        'cuda-graph-trace': 'graph',
[36m(TaskRunner pid=220787)[0m                                        'cuda-memory-usage': 'true',
[36m(TaskRunner pid=220787)[0m                                        'kill': 'none',
[36m(TaskRunner pid=220787)[0m                                        'trace': 'cuda,nvtx,cublas,ucx'}},
[36m(TaskRunner pid=220787)[0m  'ttrl': {'chunk_state_actor_span': 'chunk',
[36m(TaskRunner pid=220787)[0m           'chunk_state_alpha': 2.0,
[36m(TaskRunner pid=220787)[0m           'chunk_state_answer_source_consistency_enable': False,
[36m(TaskRunner pid=220787)[0m           'chunk_state_answer_support_min_mass': 0.0,
[36m(TaskRunner pid=220787)[0m           'chunk_state_answer_support_score': 'mass',
[36m(TaskRunner pid=220787)[0m           'chunk_state_boundaries': [0, 256, 512, 768, 1024],
[36m(TaskRunner pid=220787)[0m           'chunk_state_boundary_mode': 'mid',
[36m(TaskRunner pid=220787)[0m           'chunk_state_candidates': 8,
[36m(TaskRunner pid=220787)[0m           'chunk_state_chunk_size': 128,
[36m(TaskRunner pid=220787)[0m           'chunk_state_confidence_power': 0.0,
[36m(TaskRunner pid=220787)[0m           'chunk_state_diag_enable': True,
[36m(TaskRunner pid=220787)[0m           'chunk_state_diag_jsonl': '/mlx_devbox/users/quyanyi/playground/TTRL/important_experiment_logs/chunk_state_diag/ttrl_chunk_state_powerflow_support_flow_massprop_answersplit05_stateq70_gate030_softplusgain_mid_c128_b32_r32_v64_3step_20260802.jsonl',
[36m(TaskRunner pid=220787)[0m           'chunk_state_enable': True,
[36m(TaskRunner pid=220787)[0m           'chunk_state_eps': 0.05,
[36m(TaskRunner pid=220787)[0m           'chunk_state_future_support_anchor_prior_power': 1.0,
[36m(TaskRunner pid=220787)[0m           'chunk_state_future_support_anchor_prior_weight': 0.0,
[36m(TaskRunner pid=220787)[0m           'chunk_state_future_support_baseline_scale': 1.0,
[36m(TaskRunner pid=220787)[0m           'chunk_state_future_support_gain_slack': 0.125,
[36m(TaskRunner pid=220787)[0m           'chunk_state_future_support_keep_mode': 'hard',
[36m(TaskRunner pid=220787)[0m           'chunk_state_future_support_max_mass_coef': 0.25,
[36m(TaskRunner pid=220787)[0m           'chunk_state_future_support_max_state_oov': 1.0,
[36m(TaskRunner pid=220787)[0m           'chunk_state_future_support_min_candidate_coverage': 0.0,
[36m(TaskRunner pid=220787)[0m           'chunk_state_future_support_min_candidate_mean_mass': 0.0,
[36m(TaskRunner pid=220787)[0m           'chunk_state_future_support_min_mass': 0.03125,
[36m(TaskRunner pid=220787)[0m           'chunk_state_future_support_min_positive_margin': 0.0,
[36m(TaskRunner pid=220787)[0m           'chunk_state_future_support_min_state_coverage': 0.0,
[36m(TaskRunner pid=220787)[0m           'chunk_state_future_support_min_state_max_mass': 0.0,
[36m(TaskRunner pid=220787)[0m           'chunk_state_future_support_min_state_mean_mass': 0.0,
[36m(TaskRunner pid=220787)[0m           'chunk_state_future_support_min_state_top_margin': 0.0,
[36m(TaskRunner pid=220787)[0m           'chunk_state_future_support_prior_smoothing': 0.0,
[36m(TaskRunner pid=220787)[0m           'chunk_state_future_support_score_type': 'slack_gain',
[36m(TaskRunner pid=220787)[0m           'chunk_state_future_support_soft_weight_floor': 0.0,
[36m(TaskRunner pid=220787)[0m           'chunk_state_future_support_source_prior_weight': 2.0,
[36m(TaskRunner pid=220787)[0m           'chunk_state_label_consistent_only': False,
[36m(TaskRunner pid=220787)[0m           'chunk_state_max_prefix_tokens': 1024,
[36m(TaskRunner pid=220787)[0m           'chunk_state_max_prompt_answer_entropy': 0.0,
[36m(TaskRunner pid=220787)[0m           'chunk_state_mid_boundary_max_ratio': 0.7,
[36m(TaskRunner pid=220787)[0m           'chunk_state_mid_boundary_min_ratio': 0.25,
[36m(TaskRunner pid=220787)[0m           'chunk_state_min_answer_coverage': 0.7,
[36m(TaskRunner pid=220787)[0m           'chunk_state_min_boundary': 0,
[36m(TaskRunner pid=220787)[0m           'chunk_state_min_informative_gap': 0.001,
[36m(TaskRunner pid=220787)[0m           'chunk_state_min_majority_ratio': 0.0,
[36m(TaskRunner pid=220787)[0m           'chunk_state_min_prompt_top_margin': 0.0,
[36m(TaskRunner pid=220787)[0m           'chunk_state_min_prompt_top_mass': 0.3,
[36m(TaskRunner pid=220787)[0m           'chunk_state_min_prompt_valid_answer_coverage': 0.0,
[36m(TaskRunner pid=220787)[0m           'chunk_state_min_source_answer_mass': 0.0,
[36m(TaskRunner pid=220787)[0m           'chunk_state_min_state_positive_margin': 0.1,
[36m(TaskRunner pid=220787)[0m           'chunk_state_powerflow_weight_clip': 4.0,
[36m(TaskRunner pid=220787)[0m           'chunk_state_powerflow_weight_clip_renorm': True,
[36m(TaskRunner pid=220787)[0m           'chunk_state_probe_max_tokens': 1,
[36m(TaskRunner pid=220787)[0m           'chunk_state_probe_samples': 1,
[36m(TaskRunner pid=220787)[0m           'chunk_state_prune_zero_weight_samples': True,
[36m(TaskRunner pid=220787)[0m           'chunk_state_score_mode': 'support_flow',
[36m(TaskRunner pid=220787)[0m           'chunk_state_skip_all_negative': False,
[36m(TaskRunner pid=220787)[0m Setting TOKENIZERS_PARALLELISM=false for forked processes.
[36m(TaskRunner pid=220787)[0m WARNING:2026-08-02 06:23:21,904:Setting TOKENIZERS_PARALLELISM=false for forked processes.
[36m(TaskRunner pid=220787)[0m Filtering prompts longer than 1024 tokens (num_proc=1):   0%|          | 0/500 [00:00<?, ? examples/s]
[36m(TaskRunner pid=220787)[0m Filtering prompts longer than 1024 tokens (num_proc=1): 100%|██████████| 500/500 [00:01<00:00, 289.67 examples/s]
[36m(TaskRunner pid=220787)[0m Filtering prompts longer than 1024 tokens (num_proc=1): 100%|██████████| 500/500 [00:01<00:00, 270.56 examples/s]
[36m(TaskRunner pid=220787)[0m Setting TOKENIZERS_PARALLELISM=false for forked processes.
[36m(TaskRunner pid=220787)[0m WARNING:2026-08-02 06:23:24,892:Setting TOKENIZERS_PARALLELISM=false for forked processes.
[36m(TaskRunner pid=220787)[0m Filtering prompts longer than 1024 tokens (num_proc=1):   0%|          | 0/500 [00:00<?, ? examples/s]
[36m(TaskRunner pid=220787)[0m Filtering prompts longer than 1024 tokens (num_proc=1): 100%|██████████| 500/500 [00:01<00:00, 290.01 examples/s]
[36m(TaskRunner pid=220787)[0m Filtering prompts longer than 1024 tokens (num_proc=1): 100%|██████████| 500/500 [00:01<00:00, 268.13 examples/s]
[36m(TaskRunner pid=220787)[0m DeprecationWarning: `ray.state.available_resources_per_node` is a private attribute and access will be removed in a future Ray version.
[36m(pid=220783)[0m /mlx_devbox/users/quyanyi/playground/TTRL/verl/verl/__init__.py:18: UserWarning: pkg_resources is deprecated as an API. See https://setuptools.pypa.io/en/latest/pkg_resources.html. The pkg_resources package is slated for removal as early as 2025-11-30. Refrain from using this package or pin to Setuptools<81.
[36m(pid=220783)[0m   import pkg_resources
[36m(pid=220783)[0m /mlx_devbox/users/quyanyi/playground/.venvs/ttrl_b200/lib/python3.11/site-packages/huggingface_hub/constants.py:298: FutureWarning: The `HF_HUB_ENABLE_HF_TRANSFER` environment variable is deprecated as 'hf_transfer' is not used anymore. Please use `HF_XET_HIGH_PERFORMANCE` instead to enable high performance transfer with Xet. Visit https://huggingface.co/docs/huggingface_hub/package_reference/environment_variables#hfxethighperformance for more details.
[36m(pid=220783)[0m   warnings.warn(
[36m(pid=220782)[0m /mlx_devbox/users/quyanyi/playground/TTRL/verl/verl/__init__.py:18: UserWarning: pkg_resources is deprecated as an API. See https://setuptools.pypa.io/en/latest/pkg_resources.html. The pkg_resources package is slated for removal as early as 2025-11-30. Refrain from using this package or pin to Setuptools<81.[32m [repeated 7x across cluster] (Ray deduplicates logs by default. Set RAY_DEDUP_LOGS=0 to disable log deduplication, or see https://docs.ray.io/en/master/ray-observability/user-guides/configure-logging.html#log-deduplication for more options.)[0m
[36m(pid=220782)[0m   import pkg_resources[32m [repeated 7x across cluster][0m
[36m(WorkerDict pid=220783)[0m WARNING:2026-08-02 06:23:47,029:Initializing torch.distributed: rank=0 world_size=8 init_method=tcp://[fdbd:dc61:ff:f000:ffff:ffff:0:16]:57261 master=fdbd:dc61:ff:f000:ffff:ffff:0:16:57261
[36m(pid=220785)[0m /mlx_devbox/users/quyanyi/playground/.venvs/ttrl_b200/lib/python3.11/site-packages/huggingface_hub/constants.py:298: FutureWarning: The `HF_HUB_ENABLE_HF_TRANSFER` environment variable is deprecated as 'hf_transfer' is not used anymore. Please use `HF_XET_HIGH_PERFORMANCE` instead to enable high performance transfer with Xet. Visit https://huggingface.co/docs/huggingface_hub/package_reference/environment_variables#hfxethighperformance for more details.[32m [repeated 7x across cluster][0m
[36m(pid=220785)[0m   warnings.warn([32m [repeated 7x across cluster][0m
[36m(WorkerDict pid=220783)[0m [W802 06:23:49.335138167 ProcessGroupNCCL.cpp:932] Warning: TORCH_NCCL_AVOID_RECORD_STREAMS is the default now, this environment variable is thus deprecated. (function operator())
[36m(TaskRunner pid=220787)[0m           'chunk_state_skip_uniform': False,
[36m(TaskRunner pid=220787)[0m           'chunk_state_source_chunk_candidate_index': 0,
[36m(TaskRunner pid=220787)[0m           'chunk_state_source_chunk_enable': True,
[36m(TaskRunner pid=220787)[0m           'chunk_state_source_low_max_answer_mass': 0.35,
[36m(TaskRunner pid=220787)[0m           'chunk_state_source_min_valid_answer_mass': 0.03125,
[36m(TaskRunner pid=220787)[0m           'chunk_state_source_mixed_low_ratio': 0.75,
[36m(TaskRunner pid=220787)[0m           'chunk_state_source_mode': 'support_mixed',
[36m(TaskRunner pid=220787)[0m           'chunk_state_source_quality_max_entropy': 0.0,
[36m(TaskRunner pid=220787)[0m           'chunk_state_source_quality_weight_floor': 0.0,
[36m(TaskRunner pid=220787)[0m           'chunk_state_source_quality_weight_mode': 'off',
[36m(TaskRunner pid=220787)[0m           'chunk_state_source_quality_weight_power': 1.0,
[36m(TaskRunner pid=220787)[0m           'chunk_state_source_select_by_mass': True,
[36m(TaskRunner pid=220787)[0m           'chunk_state_staged_probe_enable': False,
[36m(TaskRunner pid=220787)[0m           'chunk_state_staged_probe_extra_max_tokens': 1,
[36m(TaskRunner pid=220787)[0m           'chunk_state_staged_probe_extra_samples': 4,
[36m(TaskRunner pid=220787)[0m           'chunk_state_staged_probe_merge_mode': 'repeat_base',
[36m(TaskRunner pid=220787)[0m           'chunk_state_staged_probe_topk': 2,
[36m(TaskRunner pid=220787)[0m           'chunk_state_states_per_prompt': 1,
[36m(TaskRunner pid=220787)[0m           'chunk_state_support_anchor_candidate_start': 1,
[36m(TaskRunner pid=220787)[0m           'chunk_state_support_anchor_count': 7,
[36m(TaskRunner pid=220787)[0m           'chunk_state_support_anchor_enable': True,
[36m(TaskRunner pid=220787)[0m           'chunk_state_support_anchor_min_mass': 0.03125,
[36m(TaskRunner pid=220787)[0m           'chunk_state_support_anchor_min_prefix_match': 0.75,
[36m(TaskRunner pid=220787)[0m           'chunk_state_support_anchor_prefix_compat_enable': False,
[36m(TaskRunner pid=220787)[0m           'chunk_state_support_anchor_prefix_compat_mode': 'hard',
[36m(TaskRunner pid=220787)[0m           'chunk_state_support_anchor_prefix_compat_tokens': 128,
[36m(TaskRunner pid=220787)[0m           'chunk_state_support_anchor_prefix_score_power': 1.0,
[36m(TaskRunner pid=220787)[0m           'chunk_state_support_anchor_selection_mode': 'mass_ranked',
[36m(TaskRunner pid=220787)[0m           'chunk_state_support_anchor_skip_source': True,
[36m(TaskRunner pid=220787)[0m           'chunk_state_support_flow_answer_split_power': 0.5,
[36m(TaskRunner pid=220787)[0m           'chunk_state_support_flow_baseline_scale': 1.0,
[36m(TaskRunner pid=220787)[0m           'chunk_state_support_flow_gain_slack': 0.0,
[36m(TaskRunner pid=220787)[0m           'chunk_state_support_flow_min_positive_margin': 0.0,
[36m(TaskRunner pid=220787)[0m           'chunk_state_support_flow_score_type': 'softplus_gain',
[36m(TaskRunner pid=220787)[0m           'chunk_state_support_flow_softplus_temperature': 0.125,
[36m(TaskRunner pid=220787)[0m           'chunk_state_support_flow_source_prior_weight': 1.0,
[36m(TaskRunner pid=220787)[0m           'chunk_state_support_flow_split_mass_by_answer': True,
[36m(TaskRunner pid=220787)[0m           'chunk_state_target_guard_anchor': True,
[36m(TaskRunner pid=220787)[0m           'chunk_state_target_guard_bad_probe_ratio': 0.5,
[36m(TaskRunner pid=220787)[0m           'chunk_state_target_guard_candidate_assistant_marker': True,
[36m(TaskRunner pid=220787)[0m           'chunk_state_target_guard_candidate_enable': False,
[36m(TaskRunner pid=220787)[0m           'chunk_state_target_guard_candidate_max_boxed_count': 1,
[36m(TaskRunner pid=220787)[0m           'chunk_state_target_guard_enable': False,
[36m(TaskRunner pid=220787)[0m           'chunk_state_target_guard_max_boxed_count': 2,
[36m(TaskRunner pid=220787)[0m           'chunk_state_target_guard_min_answer_mass': 0.0,
[36m(TaskRunner pid=220787)[0m           'chunk_state_target_guard_use_distribution_score': False,
[36m(TaskRunner pid=220787)[0m           'chunk_state_target_guard_use_mass_gain': False,
[36m(TaskRunner pid=220787)[0m           'chunk_state_teacher_anchor_candidate_index': 0,
[36m(TaskRunner pid=220787)[0m           'chunk_state_teacher_anchor_enable': False,
[36m(TaskRunner pid=220787)[0m           'chunk_state_teacher_anchor_score': 1.0,
[36m(TaskRunner pid=220787)[0m           'chunk_state_zero_inconsistent_candidates': False,
[36m(TaskRunner pid=220787)[0m           'enable': True,
[36m(TaskRunner pid=220787)[0m           'majority_vote_num_processes': 64,
[36m(TaskRunner pid=220787)[0m           'n_samples_per_prompt': 32,
[36m(TaskRunner pid=220787)[0m           'n_votes_per_prompt': 64,
[36m(TaskRunner pid=220787)[0m           'powerflow_no_majority': False,
[36m(TaskRunner pid=220787)[0m           'sharpened_alpha': 2.0,
[36m(TaskRunner pid=220787)[0m           'sharpened_conf_temperature': 1.0,
[36m(TaskRunner pid=220787)[0m           'sharpened_enable': False,
[36m(TaskRunner pid=220787)[0m           'sharpened_negative_enable': True,
[36m(TaskRunner pid=220787)[0m           'sharpened_negative_reward': -0.25,
[36m(TaskRunner pid=220787)[0m           'sharpened_reward_mode': 'prob',
[36m(TaskRunner pid=220787)[0m           'sharpened_soft_coef': 0.25,
[36m(TaskRunner pid=220787)[0m           'sharpened_tau_low': 0.125,
[36m(TaskRunner pid=220787)[0m           'sharpened_tau_marg': 0.125,
[36m(TaskRunner pid=220787)[0m           'sharpened_tau_pos': 0.375,
[36m(TaskRunner pid=220787)[0m           'sharpened_use_confidence': True}}
[36m(TaskRunner pid=220787)[0m using customized reward function 'reward_func' from './verl/utils/reward_score/ttrl_math/__init__.py'
[36m(TaskRunner pid=220787)[0m using customized reward function 'reward_func' from './verl/utils/reward_score/ttrl_math/__init__.py'
[36m(TaskRunner pid=220787)[0m Using dataset class: RLHFDataset
[36m(TaskRunner pid=220787)[0m dataset len: 500
[36m(TaskRunner pid=220787)[0m filter dataset len: 500
[36m(TaskRunner pid=220787)[0m Using dataset class: RLHFDataset
[36m(TaskRunner pid=220787)[0m dataset len: 500
[36m(TaskRunner pid=220787)[0m filter dataset len: 500
[36m(TaskRunner pid=220787)[0m [validate_config] All configuration checks passed successfully!
[36m(TaskRunner pid=220787)[0m Size of train dataloader: 15, Size of val dataloader: 1
[36m(TaskRunner pid=220787)[0m Total training steps: 3
[36m(TaskRunner pid=220787)[0m colocated worker base class <class 'verl.single_controller.base.worker.Worker'>
[36m(WorkerDict pid=220783)[0m Model config after override: Qwen2Config {
[36m(WorkerDict pid=220783)[0m   "architectures": [
[36m(WorkerDict pid=220783)[0m     "Qwen2ForCausalLM"
[36m(WorkerDict pid=220783)[0m   ],
[36m(WorkerDict pid=220783)[0m   "attention_dropout": 0.0,
[36m(WorkerDict pid=220783)[0m   "bos_token_id": null,
[36m(WorkerDict pid=220783)[0m   "dtype": "bfloat16",
[36m(WorkerDict pid=220783)[0m   "eos_token_id": 151643,
[36m(WorkerDict pid=220783)[0m   "hidden_act": "silu",
[36m(WorkerDict pid=220783)[0m   "hidden_size": 3584,
[36m(WorkerDict pid=220783)[0m   "initializer_range": 0.02,
[36m(WorkerDict pid=220783)[0m   "intermediate_size": 18944,
[36m(WorkerDict pid=220783)[0m   "layer_types": [
[36m(WorkerDict pid=220783)[0m     "full_attention",
[36m(WorkerDict pid=220783)[0m     "full_attention",
[36m(WorkerDict pid=220783)[0m     "full_attention",
[36m(WorkerDict pid=220783)[0m     "full_attention",
[36m(WorkerDict pid=220783)[0m     "full_attention",
[36m(WorkerDict pid=220783)[0m     "full_attention",
[36m(WorkerDict pid=220783)[0m     "full_attention",
[36m(WorkerDict pid=220783)[0m     "full_attention",
[36m(WorkerDict pid=220783)[0m     "full_attention",
[36m(WorkerDict pid=220783)[0m     "full_attention",
[36m(WorkerDict pid=220783)[0m     "full_attention",
[36m(WorkerDict pid=220792)[0m Loading weights:   0%|          | 0/339 [00:00<?, ?it/s]
[36m(WorkerDict pid=220783)[0m Loading weights:   0%|          | 0/339 [00:00<?, ?it/s]Loading weights: 100%|██████████| 339/339 [00:00<00:00, 10709.18it/s]
[36m(WorkerDict pid=220792)[0m Loading weights: 100%|██████████| 339/339 [00:00<00:00, 10184.65it/s]
[36m(WorkerDict pid=220783)[0m     "full_attention",
[36m(WorkerDict pid=220783)[0m     "full_attention",
[36m(WorkerDict pid=220783)[0m     "full_attention",
[36m(WorkerDict pid=220783)[0m     "full_attention",
[36m(WorkerDict pid=220783)[0m     "full_attention",
[36m(WorkerDict pid=220783)[0m     "full_attention",
[36m(WorkerDict pid=220783)[0m     "full_attention",
[36m(WorkerDict pid=220783)[0m     "full_attention",
[36m(WorkerDict pid=220783)[0m     "full_attention",
[36m(WorkerDict pid=220783)[0m     "full_attention",
[36m(WorkerDict pid=220783)[0m     "full_attention",
[36m(WorkerDict pid=220783)[0m     "full_attention",
[36m(WorkerDict pid=220783)[0m     "full_attention",
[36m(WorkerDict pid=220783)[0m     "full_attention",
[36m(WorkerDict pid=220783)[0m     "full_attention",
[36m(WorkerDict pid=220783)[0m     "full_attention",
[36m(WorkerDict pid=220783)[0m     "full_attention"
[36m(WorkerDict pid=220783)[0m   ],
[36m(WorkerDict pid=220783)[0m   "max_position_embeddings": 4096,
[36m(WorkerDict pid=220783)[0m   "max_window_layers": 28,
[36m(WorkerDict pid=220783)[0m   "model_type": "qwen2",
[36m(WorkerDict pid=220783)[0m   "num_attention_heads": 28,
[36m(WorkerDict pid=220783)[0m   "num_hidden_layers": 28,
[36m(WorkerDict pid=220783)[0m   "num_key_value_heads": 4,
[36m(WorkerDict pid=220783)[0m   "pad_token_id": 151643,
[36m(WorkerDict pid=220783)[0m   "rms_norm_eps": 1e-06,
[36m(WorkerDict pid=220783)[0m   "rope_parameters": {
[36m(WorkerDict pid=220783)[0m     "rope_theta": 10000,
[36m(WorkerDict pid=220783)[0m     "rope_type": "default"
[36m(WorkerDict pid=220783)[0m   },
[36m(WorkerDict pid=220783)[0m   "sliding_window": null,
[36m(WorkerDict pid=220783)[0m   "tie_word_embeddings": false,
[36m(WorkerDict pid=220783)[0m   "transformers_version": "5.12.1",
[36m(WorkerDict pid=220783)[0m   "use_cache": true,
[36m(WorkerDict pid=220783)[0m   "use_mrope": false,
[36m(WorkerDict pid=220783)[0m   "use_sliding_window": false,
[36m(WorkerDict pid=220783)[0m   "vocab_size": 152064
[36m(WorkerDict pid=220783)[0m }
[36m(WorkerDict pid=220783)[0m 
[36m(WorkerDict pid=220782)[0m Monkey patch _flash_attention_forward in transformers.integrations.flash_attention
[36m(WorkerDict pid=220782)[0m Using Triton backend for fused kernels in Qwen2ForCausalLM
[36m(WorkerDict pid=220783)[0m ref attention implementation verified: sdpa
[36m(WorkerDict pid=220783)[0m Qwen2ForCausalLM contains 7.62B parameters
[36m(WorkerDict pid=220783)[0m wrap_policy: functools.partial(<function _or_policy at 0x7ed0c4ba7420>, policies=[functools.partial(<function transformer_auto_wrap_policy at 0x7ed0c4ba72e0>, transformer_layer_cls={<class 'transformers.models.qwen2.modeling_qwen2.Qwen2DecoderLayer'>})])
[36m(WorkerDict pid=220783)[0m trial-302172199-trialrun-302172199-worker-0:220783:220783 [0] NCCL INFO ENV/Plugin: Could not find: libnccl-env.so
[36m(WorkerDict pid=220783)[0m trial-302172199-trialrun-302172199-worker-0:220783:220783 [0] NCCL INFO NCCL_SOCKET_FAMILY set by environment to AF_INET6
[36m(WorkerDict pid=220783)[0m trial-302172199-trialrun-302172199-worker-0:220783:220783 [0] NCCL INFO NCCL_SOCKET_IFNAME set by environment to =eth0
[36m(WorkerDict pid=220783)[0m trial-302172199-trialrun-302172199-worker-0:220783:220783 [0] NCCL INFO cudaDriverVersion 13000
[36m(WorkerDict pid=220783)[0m trial-302172199-trialrun-302172199-worker-0:220783:220783 [0] NCCL INFO NCCL version 2.28.9+cuda13.0
[36m(WorkerDict pid=220783)[0m trial-302172199-trialrun-302172199-worker-0:220783:220783 [0] NCCL INFO Comm config Blocking set to 1
[36m(WorkerDict pid=220783)[0m trial-302172199-trialrun-302172199-worker-0:220783:220783 [0] NCCL INFO NCCL_NET_PLUGIN set by environment to none
[36m(WorkerDict pid=220783)[0m trial-302172199-trialrun-302172199-worker-0:220783:220783 [0] NCCL INFO NCCL_SOCKET_FAMILY set by environment to AF_INET6
[36m(WorkerDict pid=220783)[0m trial-302172199-trialrun-302172199-worker-0:220783:220783 [0] NCCL INFO NCCL_SOCKET_IFNAME set by environment to =eth0
[36m(WorkerDict pid=220783)[0m trial-302172199-trialrun-302172199-worker-0:220783:220783 [0] NCCL INFO NET/Socket : Using [0]eth0:fdbd:dc61:ff:f000:ffff:ffff:0:16<0>
[36m(WorkerDict pid=220783)[0m trial-302172199-trialrun-302172199-worker-0:220783:220783 [0] NCCL INFO Initialized NET plugin Socket
[36m(WorkerDict pid=220783)[0m trial-302172199-trialrun-302172199-worker-0:220783:220783 [0] NCCL INFO Assigned NET plugin Socket to comm
[36m(WorkerDict pid=220783)[0m trial-302172199-trialrun-302172199-worker-0:220783:220783 [0] NCCL INFO Using network Socket
[36m(WorkerDict pid=220783)[0m trial-302172199-trialrun-302172199-worker-0:220783:220783 [0] NCCL INFO ncclCommInitRankConfig comm 0xed54f90 rank 0 nranks 8 cudaDev 0 nvmlDev 0 busId f000 commId 0x460742843b379fdb - Init START
[36m(WorkerDict pid=220783)[0m trial-302172199-trialrun-302172199-worker-0:220783:220783 [0] NCCL INFO RAS client listening socket at ::1<28028>
[36m(WorkerDict pid=220783)[0m trial-302172199-trialrun-302172199-worker-0:220783:220783 [0] NCCL INFO MNNVL busId 0xf000 fabric UUID 0.0 cliqueId 0x0 state 3 healthMask 0x80
[36m(WorkerDict pid=220783)[0m trial-302172199-trialrun-302172199-worker-0:220783:220783 [0] NCCL INFO Could not find real path of /sys/class/pci_bus/fffffff/../../fffffff:ff:f
[36m(WorkerDict pid=220783)[0m trial-302172199-trialrun-302172199-worker-0:220783:220783 [0] NCCL INFO TOPO/NET : Importing network plugins to topology
[36m(WorkerDict pid=220783)[0m trial-302172199-trialrun-302172199-worker-0:220783:220783 [0] NCCL INFO ncclTopoPopulateNics : Filled eth0 in topo with pciPath=(null) keep=1 coll=(null)
[36m(WorkerDict pid=220783)[0m trial-302172199-trialrun-302172199-worker-0:220783:220783 [0] NCCL INFO === System : maxBw 721.8 totalBw 721.8 ===
[36m(WorkerDict pid=220783)[0m trial-302172199-trialrun-302172199-worker-0:220783:220783 [0] NCCL INFO CPU/0-0 (1/1/4)
[36m(WorkerDict pid=220783)[0m trial-302172199-trialrun-302172199-worker-0:220783:220783 [0] NCCL INFO + PCI[5000.0] - NIC/0-0
[36m(WorkerDict pid=220783)[0m trial-302172199-trialrun-302172199-worker-0:220783:220783 [0] NCCL INFO                 + NET[1.2] - NET/0-0 (0/0/0/1.250000)
[36m(WorkerDict pid=220783)[0m trial-302172199-trialrun-302172199-worker-0:220783:220783 [0] NCCL INFO                 + NET[1.2] - NET/0-0 (0/0/0/1.250000)
[36m(WorkerDict pid=220783)[0m trial-302172199-trialrun-302172199-worker-0:220783:220783 [0] NCCL INFO + PCI[48.0] - PCI/0-8000 (1000c0301000ffff)
[36m(WorkerDict pid=220783)[0m trial-302172199-trialrun-302172199-worker-0:220783:220783 [0] NCCL INFO               + PCI[48.0] - GPU/0-f000 (0)
[36m(WorkerDict pid=220783)[0m trial-302172199-trialrun-302172199-worker-0:220783:220783 [0] NCCL INFO                             + NVL[721.8] - NVS/0-0
[36m(WorkerDict pid=220783)[0m trial-302172199-trialrun-302172199-worker-0:220783:220783 [0] NCCL INFO + PCI[48.0] - PCI/0-26000 (1000c0301000ffff)
[36m(WorkerDict pid=220783)[0m trial-302172199-trialrun-302172199-worker-0:220783:220783 [0] NCCL INFO               + PCI[48.0] - GPU/0-2d000 (1)
[36m(WorkerDict pid=220783)[0m trial-302172199-trialrun-302172199-worker-0:220783:220783 [0] NCCL INFO                             + NVL[721.8] - NVS/0-0
[36m(WorkerDict pid=220783)[0m trial-302172199-trialrun-302172199-worker-0:220783:220783 [0] NCCL INFO + PCI[48.0] - PCI/0-3d000 (1000c0301000ffff)
[36m(WorkerDict pid=220783)[0m trial-302172199-trialrun-302172199-worker-0:220783:220783 [0] NCCL INFO               + PCI[48.0] - GPU/0-44000 (2)
[36m(WorkerDict pid=220783)[0m trial-302172199-trialrun-302172199-worker-0:220783:220783 [0] NCCL INFO                             + NVL[721.8] - NVS/0-0
[36m(WorkerDict pid=220783)[0m trial-302172199-trialrun-302172199-worker-0:220783:220783 [0] NCCL INFO + PCI[48.0] - PCI/0-54000 (1000c0301000ffff)
[36m(WorkerDict pid=220783)[0m trial-302172199-trialrun-302172199-worker-0:220783:220783 [0] NCCL INFO               + PCI[48.0] - GPU/0-5b000 (3)
[36m(WorkerDict pid=220783)[0m trial-302172199-trialrun-302172199-worker-0:220783:220783 [0] NCCL INFO                             + NVL[721.8] - NVS/0-0
[36m(WorkerDict pid=220783)[0m trial-302172199-trialrun-302172199-worker-0:220783:220783 [0] NCCL INFO + SYS[40.0] - CPU/0-1
[36m(WorkerDict pid=220783)[0m trial-302172199-trialrun-302172199-worker-0:220783:220783 [0] NCCL INFO CPU/0-1 (1/1/4)
[36m(WorkerDict pid=220783)[0m trial-302172199-trialrun-302172199-worker-0:220783:220783 [0] NCCL INFO + PCI[48.0] - PCI/0-82000 (1000c0301000ffff)
[36m(WorkerDict pid=220783)[0m trial-302172199-trialrun-302172199-worker-0:220783:220783 [0] NCCL INFO               + PCI[48.0] - GPU/0-89000 (4)
[36m(WorkerDict pid=220783)[0m trial-302172199-trialrun-302172199-worker-0:220783:220783 [0] NCCL INFO                             + NVL[721.8] - NVS/0-0
[36m(WorkerDict pid=220783)[0m trial-302172199-trialrun-302172199-worker-0:220783:220783 [0] NCCL INFO + PCI[48.0] - PCI/0-a1000 (1000c0301000ffff)
[36m(WorkerDict pid=220783)[0m trial-302172199-trialrun-302172199-worker-0:220783:220783 [0] NCCL INFO               + PCI[48.0] - GPU/0-a8000 (5)
[36m(WorkerDict pid=220783)[0m trial-302172199-trialrun-302172199-worker-0:220783:220783 [0] NCCL INFO                             + NVL[721.8] - NVS/0-0
[36m(WorkerDict pid=220783)[0m trial-302172199-trialrun-302172199-worker-0:220783:220783 [0] NCCL INFO + PCI[48.0] - PCI/0-b9000 (1000c0301000ffff)
[36m(WorkerDict pid=220783)[0m trial-302172199-trialrun-302172199-worker-0:220783:220783 [0] NCCL INFO               + PCI[48.0] - GPU/0-c0000 (6)
[36m(WorkerDict pid=220783)[0m trial-302172199-trialrun-302172199-worker-0:220783:220783 [0] NCCL INFO                             + NVL[721.8] - NVS/0-0
[36m(WorkerDict pid=220783)[0m trial-302172199-trialrun-302172199-worker-0:220783:220783 [0] NCCL INFO + PCI[48.0] - PCI/0-d1000 (1000c0301000ffff)
[36m(WorkerDict pid=220783)[0m trial-302172199-trialrun-302172199-worker-0:220783:220783 [0] NCCL INFO               + PCI[48.0] - GPU/0-d8000 (7)
[36m(WorkerDict pid=220783)[0m trial-302172199-trialrun-302172199-worker-0:220783:220783 [0] NCCL INFO                             + NVL[721.8] - NVS/0-0
[36m(WorkerDict pid=220783)[0m trial-302172199-trialrun-302172199-worker-0:220783:220783 [0] NCCL INFO + SYS[40.0] - CPU/0-0
[36m(WorkerDict pid=220783)[0m trial-302172199-trialrun-302172199-worker-0:220783:220783 [0] NCCL INFO ==========================================
[36m(WorkerDict pid=220783)[0m trial-302172199-trialrun-302172199-worker-0:220783:220783 [0] NCCL INFO GPU/0-f000 :GPU/0-f000 (0/5000.0/LOC) GPU/0-2d000 (2/721.8/NVL) GPU/0-44000 (2/721.8/NVL) GPU/0-5b000 (2/721.8/NVL) GPU/0-89000 (2/721.8/NVL) GPU/0-a8000 (2/721.8/NVL) GPU/0-c0000 (2/721.8/NVL) GPU/0-d8000 (2/721.8/NVL) NVS/0-0 (1/721.8/NVL) CPU/0-0 (2/48.0/PHB) CPU/0-1 (3/40.0/SYS) NET/0-0 (4/1.2/PHB) NET/0-0 (0/0.0/DIS) 
[36m(WorkerDict pid=220783)[0m trial-302172199-trialrun-302172199-worker-0:220783:220783 [0] NCCL INFO GPU/0-2d000 :GPU/0-f000 (2/721.8/NVL) GPU/0-2d000 (0/5000.0/LOC) GPU/0-44000 (2/721.8/NVL) GPU/0-5b000 (2/721.8/NVL) GPU/0-89000 (2/721.8/NVL) GPU/0-a8000 (2/721.8/NVL) GPU/0-c0000 (2/721.8/NVL) GPU/0-d8000 (2/721.8/NVL) NVS/0-0 (1/721.8/NVL) CPU/0-0 (2/48.0/PHB) CPU/0-1 (3/40.0/SYS) NET/0-0 (4/1.2/PHB) NET/0-0 (0/0.0/DIS) 
[36m(WorkerDict pid=220783)[0m trial-302172199-trialrun-302172199-worker-0:220783:220783 [0] NCCL INFO GPU/0-44000 :GPU/0-f000 (2/721.8/NVL) GPU/0-2d000 (2/721.8/NVL) GPU/0-44000 (0/5000.0/LOC) GPU/0-5b000 (2/721.8/NVL) GPU/0-89000 (2/721.8/NVL) GPU/0-a8000 (2/721.8/NVL) GPU/0-c0000 (2/721.8/NVL) GPU/0-d8000 (2/721.8/NVL) NVS/0-0 (1/721.8/NVL) CPU/0-0 (2/48.0/PHB) CPU/0-1 (3/40.0/SYS) NET/0-0 (4/1.2/PHB) NET/0-0 (0/0.0/DIS) 
[36m(WorkerDict pid=220783)[0m trial-302172199-trialrun-302172199-worker-0:220783:220783 [0] NCCL INFO GPU/0-5b000 :GPU/0-f000 (2/721.8/NVL) GPU/0-2d000 (2/721.8/NVL) GPU/0-44000 (2/721.8/NVL) GPU/0-5b000 (0/5000.0/LOC) GPU/0-89000 (2/721.8/NVL) GPU/0-a8000 (2/721.8/NVL) GPU/0-c0000 (2/721.8/NVL) GPU/0-d8000 (2/721.8/NVL) NVS/0-0 (1/721.8/NVL) CPU/0-0 (2/48.0/PHB) CPU/0-1 (3/40.0/SYS) NET/0-0 (4/1.2/PHB) NET/0-0 (0/0.0/DIS) 
[36m(WorkerDict pid=220783)[0m trial-302172199-trialrun-302172199-worker-0:220783:220783 [0] NCCL INFO GPU/0-89000 :GPU/0-f000 (2/721.8/NVL) GPU/0-2d000 (2/721.8/NVL) GPU/0-44000 (2/721.8/NVL) GPU/0-5b000 (2/721.8/NVL) GPU/0-89000 (0/5000.0/LOC) GPU/0-a8000 (2/721.8/NVL) GPU/0-c0000 (2/721.8/NVL) GPU/0-d8000 (2/721.8/NVL) NVS/0-0 (1/721.8/NVL) CPU/0-0 (3/40.0/SYS) CPU/0-1 (2/48.0/PHB) NET/0-0 (5/1.2/SYS) NET/0-0 (0/0.0/DIS) 
[36m(WorkerDict pid=220783)[0m trial-302172199-trialrun-302172199-worker-0:220783:220783 [0] NCCL INFO GPU/0-a8000 :GPU/0-f000 (2/721.8/NVL) GPU/0-2d000 (2/721.8/NVL) GPU/0-44000 (2/721.8/NVL) GPU/0-5b000 (2/721.8/NVL) GPU/0-89000 (2/721.8/NVL) GPU/0-a8000 (0/5000.0/LOC) GPU/0-c0000 (2/721.8/NVL) GPU/0-d8000 (2/721.8/NVL) NVS/0-0 (1/721.8/NVL) CPU/0-0 (3/40.0/SYS) CPU/0-1 (2/48.0/PHB) NET/0-0 (5/1.2/SYS) NET/0-0 (0/0.0/DIS) 
[36m(WorkerDict pid=220783)[0m trial-302172199-trialrun-302172199-worker-0:220783:220783 [0] NCCL INFO GPU/0-c0000 :GPU/0-f000 (2/721.8/NVL) GPU/0-2d000 (2/721.8/NVL) GPU/0-44000 (2/721.8/NVL) GPU/0-5b000 (2/721.8/NVL) GPU/0-89000 (2/721.8/NVL) GPU/0-a8000 (2/721.8/NVL) GPU/0-c0000 (0/5000.0/LOC) GPU/0-d8000 (2/721.8/NVL) NVS/0-0 (1/721.8/NVL) CPU/0-0 (3/40.0/SYS) CPU/0-1 (2/48.0/PHB) NET/0-0 (5/1.2/SYS) NET/0-0 (0/0.0/DIS) 
[36m(WorkerDict pid=220783)[0m trial-302172199-trialrun-302172199-worker-0:220783:220783 [0] NCCL INFO GPU/0-d8000 :GPU/0-f000 (2/721.8/NVL) GPU/0-2d000 (2/721.8/NVL) GPU/0-44000 (2/721.8/NVL) GPU/0-5b000 (2/721.8/NVL) GPU/0-89000 (2/721.8/NVL) GPU/0-a8000 (2/721.8/NVL) GPU/0-c0000 (2/721.8/NVL) GPU/0-d8000 (0/5000.0/LOC) NVS/0-0 (1/721.8/NVL) CPU/0-0 (3/40.0/SYS) CPU/0-1 (2/48.0/PHB) NET/0-0 (5/1.2/SYS) NET/0-0 (0/0.0/DIS) 
[36m(WorkerDict pid=220783)[0m trial-302172199-trialrun-302172199-worker-0:220783:220783 [0] NCCL INFO NET/0-0 :GPU/0-f000 (4/1.2/PHB) GPU/0-2d000 (4/1.2/PHB) GPU/0-44000 (4/1.2/PHB) GPU/0-5b000 (4/1.2/PHB) GPU/0-89000 (5/1.2/SYS) GPU/0-a8000 (5/1.2/SYS) GPU/0-c0000 (5/1.2/SYS) GPU/0-d8000 (5/1.2/SYS) CPU/0-0 (2/1.2/PHB) CPU/0-1 (3/1.2/SYS) NET/0-0 (0/5000.0/LOC) NET/0-0 (0/0.0/DIS) 
[36m(WorkerDict pid=220783)[0m trial-302172199-trialrun-302172199-worker-0:220783:220783 [0] NCCL INFO NET/0-0 :GPU/0-f000 (4/1.2/PHB) GPU/0-2d000 (4/1.2/PHB) GPU/0-44000 (4/1.2/PHB) GPU/0-5b000 (4/1.2/PHB) GPU/0-89000 (5/1.2/SYS) GPU/0-a8000 (5/1.2/SYS) GPU/0-c0000 (5/1.2/SYS) GPU/0-d8000 (5/1.2/SYS) CPU/0-0 (2/1.2/PHB) CPU/0-1 (3/1.2/SYS) NET/0-0 (0/5000.0/LOC) NET/0-0 (0/0.0/DIS) 
[36m(WorkerDict pid=220783)[0m trial-302172199-trialrun-302172199-worker-0:220783:220783 [0] NCCL INFO ncclTopoGetCpuAffinity: Affinity for GPU 0 is 0-62,128-190. (GPU affinity = 0-63,128-191 ; CPU affinity = 0-62,64-126,128-190,192-254).
[36m(WorkerDict pid=220783)[0m trial-302172199-trialrun-302172199-worker-0:220783:220783 [0] NCCL INFO NCCL_NVLS_ENABLE set by environment to 1.
[36m(WorkerDict pid=220783)[0m trial-302172199-trialrun-302172199-worker-0:220783:220783 [0] NCCL INFO NVLS multicast support is available on dev 0 (NVLS_NCHANNELS 24)
[36m(WorkerDict pid=220783)[0m trial-302172199-trialrun-302172199-worker-0:220783:220783 [0] NCCL INFO Pattern 4, crossNic 0, nChannels 16, bw 45.000000/45.000000, type NVL/PIX, sameChannels 1
[36m(WorkerDict pid=220783)[0m trial-302172199-trialrun-302172199-worker-0:220783:220783 [0] NCCL INFO  0 : GPU/0-f000 GPU/0-2d000 GPU/0-44000 GPU/0-5b000 GPU/0-89000 GPU/0-a8000 GPU/0-c0000 GPU/0-d8000
[36m(WorkerDict pid=220783)[0m trial-302172199-trialrun-302172199-worker-0:220783:220783 [0] NCCL INFO  1 : GPU/0-f000 GPU/0-2d000 GPU/0-44000 GPU/0-5b000 GPU/0-89000 GPU/0-a8000 GPU/0-c0000 GPU/0-d8000
[36m(WorkerDict pid=220783)[0m trial-302172199-trialrun-302172199-worker-0:220783:220783 [0] NCCL INFO  2 : GPU/0-f000 GPU/0-2d000 GPU/0-44000 GPU/0-5b000 GPU/0-89000 GPU/0-a8000 GPU/0-c0000 GPU/0-d8000
[36m(WorkerDict pid=220783)[0m trial-302172199-trialrun-302172199-worker-0:220783:220783 [0] NCCL INFO  3 : GPU/0-f000 GPU/0-2d000 GPU/0-44000 GPU/0-5b000 GPU/0-89000 GPU/0-a8000 GPU/0-c0000 GPU/0-d8000
[36m(WorkerDict pid=220783)[0m trial-302172199-trialrun-302172199-worker-0:220783:220783 [0] NCCL INFO  4 : GPU/0-f000 GPU/0-2d000 GPU/0-44000 GPU/0-5b000 GPU/0-89000 GPU/0-a8000 GPU/0-c0000 GPU/0-d8000
[36m(WorkerDict pid=220783)[0m trial-302172199-trialrun-302172199-worker-0:220783:220783 [0] NCCL INFO  5 : GPU/0-f000 GPU/0-2d000 GPU/0-44000 GPU/0-5b000 GPU/0-89000 GPU/0-a8000 GPU/0-c0000 GPU/0-d8000
[36m(WorkerDict pid=220783)[0m trial-302172199-trialrun-302172199-worker-0:220783:220783 [0] NCCL INFO  6 : GPU/0-f000 GPU/0-2d000 GPU/0-44000 GPU/0-5b000 GPU/0-89000 GPU/0-a8000 GPU/0-c0000 GPU/0-d8000
[36m(WorkerDict pid=220783)[0m trial-302172199-trialrun-302172199-worker-0:220783:220783 [0] NCCL INFO  7 : GPU/0-f000 GPU/0-2d000 GPU/0-44000 GPU/0-5b000 GPU/0-89000 GPU/0-a8000 GPU/0-c0000 GPU/0-d8000
[36m(WorkerDict pid=220783)[0m trial-302172199-trialrun-302172199-worker-0:220783:220783 [0] NCCL INFO  8 : GPU/0-f000 GPU/0-2d000 GPU/0-44000 GPU/0-5b000 GPU/0-89000 GPU/0-a8000 GPU/0-c0000 GPU/0-d8000
[36m(WorkerDict pid=220783)[0m trial-302172199-trialrun-302172199-worker-0:220783:220783 [0] NCCL INFO  9 : GPU/0-f000 GPU/0-2d000 GPU/0-44000 G
[36m(WorkerDict pid=220785)[0m trial-302172199-trialrun-302172199-worker-0:220785:220785 [2] NCCL INFO Pattern 5, crossN
[36m(WorkerDict pid=220788)[0m trial-302172199-trialrun-302172199-worker-0:220788:220788 [1] NCCL INFO Pattern 5, cross
[36m(WorkerDict pid=220792)[0m trial-302172199-trialrun-302172199-worker-0:220792:220792 [6] NCCL INFO Pattern 5, cr
[36m(WorkerDict pid=220783)[0m PU/0-5b000 GPU/0-89000 GPU/0-a8000 GPU/0-c0000 GPU/0-d8000
[36m(WorkerDict pid=220783)[0m trial-302172199-trialrun-302172199-worker-0:220783:220783 [0] NCCL INFO Pattern 5, crossNic
[36m(WorkerDict pid=220782)[0m -f000 (2/721.8/NVL) GPU/0-2d000 (2/721.8/NVL) GPU/0-44000 (2/721.8/NVL) GPU/0-5b000 (2/721.8/NVL) GPU/0-89000 (2/721.8/NVL) GPU/0-a8000 (0/5000.0/LOC) GPU/0-c0000 (2/721.8/NVL) GPU/0-d8000 (2/721.8/NVL) NVS/0-0 (1/721.8/NVL) CPU/0-0 (3/40.0/SYS) CPU/0-1 (2/48.0/PHB) NET/0-0 (5/1.2/SYS) NET/0-0 (0/0.0/DIS) 
[36m(WorkerDict pid=220793)[0m -f000 (2/721.8/NVL) GPU/0-2d000 (2/721.8/NVL) GPU/0-44000 (2/721.8/NVL) GPU/0-5b000 (2/721.8/NVL) GPU/0-89000 (2/721.8/NVL) GPU/0-a8000 (0/5000.0/LOC) GPU/0-c0000 (2/721.8/NVL) GPU/0-d8000 (2/721.8/NVL) NVS/0-0 (1/721.8/NVL) CPU/0-0 (3/40.0/SYS) CPU/0-1 (2/48.0/PHB) NET/0-0 (5/1.2/SYS) NET/0-0 (0/0.0/DIS) 
[36m(WorkerDict pid=220783)[0m  0, nChannels 8, bw 80.000000/90.000000, type NVL/PIX, sameChannels 0
[36m(WorkerDict pid=220783)[0m trial-302172199-trialrun-302172199-worker-0:220783:220783 [0] NCCL INFO comm 0xed54f90 rank 0 nRanks 8 nNodes 1 localRanks 8 localRank 0 MNNVL 0
[36m(WorkerDict pid=220783)[0m trial-302172199-trialrun-302172199-worker-0:220783:220783 [0] NCCL INFO Tree 0 : -1 -> 0 -> 1/-1/-1
[36m(WorkerDict pid=220783)[0m trial-302172199-trialrun-302172199-worker-0:220783:220783 [0] NCCL INFO Tree 16 : -1 -> 0 -> 1/-1/-1
[36m(WorkerDict pid=220783)[0m trial-302172199-trialrun-302172199-worker-0:220783:220783 [0] NCCL INFO Tree 1 : -1 -> 0 -> 1/-1/-1
[36m(WorkerDict pid=220783)[0m trial-302172199-trialrun-302172199-worker-0:220783:220783 [0] NCCL INFO Tree 17 : -1 -> 0 -> 1/-1/-1
[36m(WorkerDict pid=220783)[0m trial-302172199-trialrun-302172199-worker-0:220783:220783 [0] NCCL INFO Tree 2 : -1 -> 0 -> 1/-1/-1
[36m(WorkerDict pid=220783)[0m trial-302172199-trialrun-302172199-worker-0:220783:220783 [0] NCCL INFO Tree 18 : -1 -> 0 -> 1/-1/-1
[36m(WorkerDict pid=220783)[0m trial-302172199-trialrun-302172199-worker-0:220783:220783 [0] NCCL INFO Tree 3 : -1 -> 0 -> 1/-1/-1
[36m(WorkerDict pid=220783)[0m trial-302172199-trialrun-302172199-worker-0:220783:220783 [0] NCCL INFO Tree 19 : -1 -> 0 -> 1/-1/-1
[36m(WorkerDict pid=220783)[0m trial-302172199-trialrun-302172199-worker-0:220783:220783 [0] NCCL INFO Tree 4 : -1 -> 0 -> 1/-1/-1
[36m(WorkerDict pid=220783)[0m trial-302172199-trialrun-302172199-worker-0:220783:220783 [0] NCCL INFO Tree 20 : -1 -> 0 -> 1/-1/-1
[36m(WorkerDict pid=220783)[0m trial-302172199-trialrun-302172199-worker-0:220783:220783 [0] NCCL INFO Tree 5 : -1 -> 0 -> 1/-1/-1
[36m(WorkerDict pid=220783)[0m trial-302172199-trialrun-302172199-worker-0:220783:220783 [0] NCCL INFO Tree 21 : -1 -> 0 -> 1/-1/-1
[36m(WorkerDict pid=220783)[0m trial-302172199-trialrun-302172199-worker-0:220783:220783 [0] NCCL INFO Tree 6 : -1 -> 0 -> 1/-1/-1
[36m(WorkerDict pid=220783)[0m trial-302172199-trialrun-302172199-worker-0:220783:220783 [0] NCCL INFO Tree 22 : -1 -> 0 -> 1/-1/-1
[36m(WorkerDict pid=220783)[0m trial-302172199-trialrun-302172199-worker-0:220783:220783 [0] NCCL INFO Tree 7 : -1 -> 0 -> 1/-1/-1
[36m(WorkerDict pid=220783)[0m trial-302172199-trialrun-302172199-worker-0:220783:220783 [0] NCCL INFO Tree 23 : -1 -> 0 -> 1/-1/-1
[36m(WorkerDict pid=220783)[0m trial-302172199-trialrun-302172199-worker-0:220783:220783 [0] NCCL INFO Tree 8 : -1 -> 0 -> 1/-1/-1
[36m(WorkerDict pid=220783)[0m trial-302172199-trialrun-302172199-worker-0:220783:220783 [0] NCCL INFO Tree 24 : -1 -> 0 -> 1/-1/-1
[36m(WorkerDict pid=220783)[0m trial-302172199-trialrun-302172199-worker-0:220783:220783 [0] NCCL INFO Tree 9 : -1 -> 0 -> 1/-1/-1
[36m(WorkerDict pid=220783)[0m trial-302172199-trialrun-302172199-worker-0:220783:220783 [0] NCCL INFO Tree 25 : -1 -> 0 -> 1/-1/-1
[36m(WorkerDict pid=220783)[0m trial-302172199-trialrun-302172199-worker-0:220783:220783 [0] NCCL INFO Tree 10 : -1 -> 0 -> 1/-1/-1
[36m(WorkerDict pid=220783)[0m trial-302172199-trialrun-302172199-worker-0:220783:220783 [0] NCCL INFO Tree 26 : -1 -> 0 -> 1/-1/-1
[36m(WorkerDict pid=220783)[0m trial-302172199-trialrun-302172199-worker-0:220783:220783 [0] NCCL INFO Tree 11 : -1 -> 0 -> 1/-1/-1
[36m(WorkerDict pid=220783)[0m trial-302172199-trialrun-302172199-worker-0:220783:220783 [0] NCCL INFO Tree 27 : -1 -> 0 -> 1/-1/-1
[36m(WorkerDict pid=220783)[0m trial-302172199-trialrun-302172199-worker-0:220783:220783 [0] NCCL INFO Tree 12 : -1 -> 0 -> 1/-1/-1
[36m(WorkerDict pid=220783)[0m trial-302172199-trialrun-302172199-worker-0:220783:220783 [0] NCCL INFO Tree 28 : -1 -> 0 -> 1/-1/-1
[36m(WorkerDict pid=220783)[0m trial-302172199-trialrun-302172199-worker-0:220783:220783 [0] NCCL INFO Tree 13 : -1 -> 0 -> 1/-1/-1
[36m(WorkerDict pid=220783)[0m trial-302172199-trialrun-302172199-worker-0:220783:220783 [0] NCCL INFO Tree 29 : -1 -> 0 -> 1/-1/-1
[36m(WorkerDict pid=220783)[0m trial-302172199-trialrun-302172199-worker-0:220783:220783 [0] NCCL INFO Tree 14 : -1 -> 0 -> 1/-1/-1
[36m(WorkerDict pid=220783)[0m trial-302172199-trialrun-302172199-worker-0:220783:220783 [0] NCCL INFO Tree 30 : -1 -> 0 -> 1/-1/-1
[36m(WorkerDict pid=220783)[0m trial-302172199-trialrun-302172199-worker-0:220783:220783 [0] NCCL INFO Tree 15 : -1 -> 0 -> 1/-1/-1
[36m(WorkerDict pid=220783)[0m trial-302172199-trialrun-302172199-worker-0:220783:220783 [0] NCCL INFO Tree 31 : -1 -> 0 -> 1/-1/-1
[36m(WorkerDict pid=220783)[0m trial-302172199-trialrun-302172199-worker-0:220783:220783 [0] NCCL INFO Channel 00/32 : 0 1 2 3 4 5 6 7
[36m(WorkerDict pid=220783)[0m trial-302172199-trialrun-302172199-worker-0:220783:220783 [0] NCCL INFO Channel 01/32 : 0 1 2 3 4 5 6 7
[36m(WorkerDict pid=220783)[0m trial-302172199-trialrun-302172199-worker-0:220783:220783 [0] NCCL INFO Channel 02/32 : 0 1 2 3 4 5 6 7
[36m(WorkerDict pid=220783)[0m trial-302172199-trialrun-302172199-worker-0:220783:220783 [0] NCCL INFO Channel 03/32 : 0 1 2 3 4 5 6 7
[36m(WorkerDict pid=220783)[0m trial-302172199-trialrun-302172199-worker-0:220783:220783 [0] NCCL INFO Channel 04/32 : 0 1 2 3 4 5 6 7
[36m(WorkerDict pid=220783)[0m trial-302172199-trialrun-302172199-worker-0:220783:220783 [0] NCCL INFO Channel 05/32 : 0 1 2 3 4 5 6 7
[36m(WorkerDict pid=220783)[0m trial-302172199-trialrun-302172199-worker-0:220783:220783 [0] NCCL INFO Channel 06/32 : 0 1 2 3 4 5 6 7
[36m(WorkerDict pid=220783)[0m trial-302172199-trialrun-302172199-worker-0:220783:220783 [0] NCCL INFO Channel 07/32 : 0 1 2 3 4 5 6 7
[36m(WorkerDict pid=220783)[0m trial-302172199-trialrun-302172199-worker-0:220783:220783 [0] NCCL INFO Channel 08/32 : 0 1 2 3 4 5 6 7
[36m(WorkerDict pid=220783)[0m trial-302172199-trialrun-302172199-worker-0:220783:220783 [0] NCCL INFO Channel 09/32 : 0 1 2 3 4 5 6 7
[36m(WorkerDict pid=220783)[0m trial-302172199-trialrun-302172199-worker-0:220783:220783 [0] NCCL INFO Channel 10/32 : 0 1 2 3 4 5 6 7
[36m(WorkerDict pid=220783)[0m trial-302172199-trialrun-302172199-worker-0:220783:220783 [0] NCCL INFO Channel 11/32 : 0 1 2 3 4 5 6 7
[36m(WorkerDict pid=220783)[0m trial-302172199-trialrun-302172199-worker-0:220783:220783 [0] NCCL INFO Channel 12/32 : 0 1 2 3 4 5 6 7
[36m(WorkerDict pid=220783)[0m trial-302172199-trialrun-302172199-worker-0:220783:220783 [0] NCCL INFO Channel 13/32 : 0 1 2 3 4 5 6 7
[36m(WorkerDict pid=220783)[0m trial-302172199-trialrun-302172199-worker-0:220783:220783 [0] NCCL INFO Channel 14/32 : 0 1 2 3 4 5 6 7
[36m(WorkerDict pid=220783)[0m trial-302172199-trialrun-302172199-worker-0:220783:220783 [0] NCCL INFO Channel 15/32 : 0 1 2 3 4 5 6 7
[36m(WorkerDict pid=220783)[0m trial-302172199-trialrun-302172199-worker-0:220783:220783 [0] NCCL INFO Channel 16/32 : 0 1 2 3 4 5 6 7
[36m(WorkerDict pid=220783)[0m trial-302172199-trialrun-302172199-worker-0:220783:220783 [0] NCCL INFO Channel 17/32 : 0 1 2 3 4 5 6 7
[36m(WorkerDict pid=220783)[0m trial-302172199-trialrun-302172199-worker-0:220783:220783 [0] NCCL INFO Channel 18/32 : 0 1 2 3 4 5 6 7
[36m(WorkerDict pid=220783)[0m trial-302172199-trialrun-302172199-worker-0:220783:220783 [0] NCCL INFO Channel 19/32 : 0 1 2 3 4 5 6 7
[36m(WorkerDict pid=220783)[0m trial-302172199-trialrun-302172199-worker-0:220783:220783 [0] NCCL INFO Channel 20/32 : 0 1 2 3 4 5 6 7
[36m(WorkerDict pid=220783)[0m trial-302172199-trialrun-302172199-worker-0:220783:220783 [0] NCCL INFO Channel 21/32 : 0 1 2 3 4 5 6 7
[36m(WorkerDict pid=220783)[0m trial-302172199-trialrun-302172199-worker-0:220783:220783 [0] NCCL INFO Channel 22/32 : 0 1 2 3 4 5 6 7
[36m(WorkerDict pid=220783)[0m trial-302172199-trialrun-302172199-worker-0:220783:220783 [0] NCCL INFO Channel 23/32 : 0 1 2 3 4 5 6 7
[36m(WorkerDict pid=220783)[0m trial-302172199-trialrun-302172199-worker-0:220783:220783 [0] NCCL INFO Channel 24/32 : 0 1 2 3 4 5 6 7
[36m(WorkerDict pid=220783)[0m trial-302172199-trialrun-302172199-worker-0:220783:220783 [0] NCCL INFO Channel 25/32 : 0 1 2 3 4 5 6 7
[36m(WorkerDict pid=220783)[0m trial-302172199-trialrun-302172199-worker-0:220783:220783 [0] NCCL INFO Channel 26/32 : 0 1 2 3 4 5 6 7
[36m(WorkerDict pid=220783)[0m trial-302172199-trialrun-302172199-worker-0:220783:220783 [0] NCCL INFO Channel 27/32 : 0 1 2 3 4 5 6 7
[36m(WorkerDict pid=220783)[0m trial-302172199-trialrun-302172199-worker-0:220783:220783 [0] NCCL INFO Channel 28/32 : 0 1 2 3 4 5 6 7
[36m(WorkerDict pid=220783)[0m trial-302172199-trialrun-302172199-worker-0:220783:220783 [0] NCCL INFO Channel 29/32 : 0 1 2 3 4 5 6 7
[36m(WorkerDict pid=220783)[0m trial-302172199-trialrun-302172199-worker-0:220783:220783 [0] NCCL INFO Channel 30/32 : 0 1 2 3 4 5 6 7
[36m(WorkerDict pid=220783)[0m trial-302172199-trialrun-302172199-worker-0:220783:220783 [0] NCCL INFO Channel 31/32 : 0 1 2 3 4 5 6 7
[36m(WorkerDict pid=220783)[0m trial-302172199-trialrun-302172199-worker-0:220783:220783 [0] NCCL INFO Ring 00 : 7 -> 0 -> 1
[36m(WorkerDict pid=220783)[0m trial-302172199-trialrun-302172199-worker-0:220783:220783 [0] NCCL INFO Ring 01 : 7 -> 0 -> 1
[36m(WorkerDict pid=220783)[0m trial-302172199-trialrun-302172199-worker-0:220783:220783 [0] NCCL INFO Ring 02 : 7 -> 0 -> 1
[36m(WorkerDict pid=220783)[0m trial-302172199-trialrun-302172199-worker-0:220783:220783 [0] NCCL INFO Ring 03 : 7 -> 0 -> 1
[36m(WorkerDict pid=220783)[0m trial-302172199-trialrun-302172199-worker-0:220783:220783 [0] NCCL INFO Ring 04 : 7 -> 0 -> 1
[36m(WorkerDict pid=220783)[0m trial-302172199-trialrun-302172199-worker-0:220783:220783 [0] NCCL INFO Ring 05 : 7 -> 0 -> 1
[36m(WorkerDict pid=220783)[0m trial-302172199-trialrun-302172199-worker-0:220783:220783 [0] NCCL INFO Ring 06 : 7 -> 0 -> 1
[36m(WorkerDict pid=220783)[0m trial-302172199-trialrun-302172199-worker-0:220783:220783 
[36m(WorkerDict pid=220782)[0m 4000 GPU/0-5b000 GPU/0-89000 GPU/0-a8000 GPU/0-c0000 GPU/0-d8000
[36m(WorkerDict pid=220782)[0m trial-302172199-trialrun-302172199-worker-0:220782:220782 [4] NCCL INFO Trees [0] 5/-1/-1->4->3 [1] 5/-1/-1->4->3 [2] 5/-1/-1->4->3 [3] 5/-1/-1->4->3 [4] 5/
[36m(WorkerDict pid=220785)[0m ic 0, nChannels 8, bw 80.000000/90.000000, type NVL/PIX, sameChannels 0
[36m(WorkerDict pid=220788)[0m Nic 0, nChannels 8, bw 80.000000/90.000000, type NVL/PIX, sameChannels 0
[36m(WorkerDict pid=220788)[0m trial-302172199-trialrun-302172199-worker-0:220788:220788 [1] NCCL INFO P2P Chunksize set to 524288
[36m(WorkerDict pid=220788)[0m trial-302172199-trialrun-302172199-worker-0:220788:220788 [1] NCCL INFO PROFILER/Plugin: Could not find: libnccl-profiler.so
[36m(WorkerDict pid=220788)[0m trial-302172199-trialrun-302172199-worker-0:220788:220788 [1] NCCL INFO Check P2P Type isAllDirectP2p 1 directMode 0 isAllCudaP2p 1
[36m(WorkerDict pid=220788)[0m trial-302172199-trialrun-302172
[36m(WorkerDict pid=220793)[0m 4000 GPU/0-5b000 GPU/0-89000 GPU/0-a8000 GPU/0-c0000 GPU/0-d8000
[36m(WorkerDict pid=220792)[0m ossNic 0, nChannels 8, bw 80.000000/90.000000, type NVL/PIX, sameChannels 0
[36m(WorkerDict pid=220783)[0m trial-302172199-trialrun-302172199-worker-0:220783:236383 [0] NCCL INFO [Proxy Service] Device 0 CPU core 22
[36m(WorkerDict pid=220783)[0m trial-302172199-trialrun-302172199-worker-0:220783:220783 [0] NCCL INFO ncclP2pSchedule: group size used is 8
[36m(WorkerDict pid=220783)[0m trial-302172199-trialrun-302172199-worker-0:220783:236386 [0] NCCL INFO [Proxy Service UDS] Device 0 CPU core 14
[36m(WorkerDict pid=220783)[0m trial-302172199-trialrun-302172199-worker-0:220783:220783 [0] NCCL INFO TUNER/Plugin: Could not find: libnccl-tuner.so
[36m(WorkerDict pid=220783)[0m trial-302172199-trialrun-302172199-worker-0:220783:220783 [0] NCCL INFO threadThresholds 8/8/64 | 64/8/64 | 512 | 512
[36m(WorkerDict pid=220783)[0m trial-302172199-trialrun-302172199-worker-0:220783:220783 [0] NCCL INFO 32 coll channels, 32 collnet channels, 24 nvls channels, 32 p2p channels, 32 p2p channels per peer
[36m(WorkerDict pid=220783)[0m 
[36m(WorkerDict pid=220783)[0m trial-302172199-trialrun-302172199-worker-0:220783:220783 [0] NCCL INFO CC Off, workFifoBytes 1048576
[36m(WorkerDict pid=220783)[0m trial-302172199-trialrun-302172199-worker-0:220783:220783 [0] NCCL INFO ncclCommInitRankConfig comm 0xed54f90 rank 0 nranks 8 cudaDev 0 nvmlDev 0 busId f000 commId 0x460742843b379fdb - Init COMPLETE
[36m(WorkerDict pid=220783)[0m trial-302172199-trialrun-302172199-worker-0:220783:220783 [0] NCCL INFO Init timings - ncclCommInitRankConfig: rank 0 nranks 8 total 3.28 (kernels 0.31, alloc 0.78, bootstrap 0.20, allgathers 0.02, topo 1.49, graphs 0.03, connections 0.45, rest 0.00)
[36m(WorkerDict pid=220783)[0m trial-302172199-trialrun-302172199-worker-0:220783:220783 [0] NCCL INFO Channel 00/0 : 0[0] -> 1[1] via P2P/CUMEM
[36m(WorkerDict pid=220783)[0m trial-302172199-trialrun-302172199-worker-0:220783:220783 [0] NCCL INFO Channel 01/0 : 0[0] -> 1[1] via P2P/CUMEM
[36m(WorkerDict pid=220783)[0m trial-302172199-trialrun-302172199-worker-0:220783:220783 [0] NCCL INFO Channel 02/0 : 0[0] -> 1[1] via P2P/CUMEM
[36m(WorkerDict pid=220783)[0m trial-302172199-trialrun-302172199-worker-0:220783:220783 [0] NCCL INFO Channel 03/0 : 0[0] -> 1[1] via P2P/CUMEM
[36m(WorkerDict pid=220783)[0m trial-302172199-trialrun-302172199-worker-0:220783:220783 [0] NCCL INFO Channel 04/0 : 0[0] -> 1[1] via P2P/CUMEM
[36m(WorkerDict pid=220783)[0m trial-302172199-trialrun-302172199-worker-0:220783:220783 [0] NCCL INFO Channel 05/0 : 0[0] -> 1[1] via P2P/CUMEM
[36m(WorkerDict pid=220783)[0m trial-302172199-trialrun-302172199-worker-0:220783:220783 [0] NCCL INFO Channel 06/0 : 0[0] -> 1[1] via P2P/CUMEM
[36m(WorkerDict pid=220783)[0m trial-302172199-trialrun-302172199-worker-0:220783:220783 [0] NCCL INFO Channel 07/0 : 0[0] -> 1[1] via P2P/CUMEM
[36m(WorkerDict pid=220783)[0m trial-302172199-trialrun-302172199-worker-0:220783:220783 [0] NCCL INFO Channel 08/0 : 0[0] -> 1[1] via P2P/CUMEM
[36m(WorkerDict pid=220783)[0m trial-302172199-trialrun-302172199-worker-0:220783:220783 [0] NCCL INFO Channel 09/0 : 0[0] -> 1[1] via P2P/CUMEM
[36m(WorkerDict pid=220783)[0m trial-302172199-trialrun-302172199-worker-0:220783:220783 [0] NCCL INFO Channel 10/0 : 0[0] -> 1[1] via P2P/CUMEM
[36m(WorkerDict pid=220783)[0m trial-302172199-trialrun-302172199-worker-0:220783:220783 [0] NCCL INFO Channel 11/0 : 0[0] -> 1[1] via P2P/CUMEM
[36m(WorkerDict pid=220783)[0m trial-302172199-trialrun-302172199-worker-0:220783:220783 [0] NCCL INFO Channel 12/0 : 0[0] -> 1[1] via P2P/CUMEM
[36m(WorkerDict pid=220783)[0m trial-302172199-trialrun-302172199-worker-0:220783:220783 [0] NCCL INFO Channel 13/0 : 0[0] -> 1[1] via P2P/CUMEM
[36m(WorkerDict pid=220783)[0m trial-302172199-trialrun-302172199-worker-0:220783:220783 [0] NCCL INFO Channel 14/0 : 0[0] -> 1[1] via P2P/CUMEM
[36m(WorkerDict pid=220783)[0m trial-302172199-trialrun-302172199-worker-0:220783:220783 [0] NCCL INFO Channel 15/0 : 0[0] -> 1[1] via P2P/CUMEM
[36m(WorkerDict pid=220783)[0m trial-302172199-trialrun-302172199-worker-0:220783:220783 [0] NCCL INFO Channel 16/0 : 0[0] -> 1[1] via P2P/CUMEM
[36m(WorkerDict pid=220783)[0m trial-302172199-trialrun-302172199-worker-0:220783:220783 [0] NCCL INFO Channel 17/0 : 0[0] -> 1[1] via P2P/CUMEM
[36m(WorkerDict pid=220783)[0m trial-302172199-trialrun-302172199-worker-0:220783:220783 [0] NCCL INFO Channel 18/0 : 0[0] -> 1[1] via P2P/CUMEM
[36m(WorkerDict pid=220783)[0m trial-302172199-trialrun-302172199-worker-0:220783:220783 [0] NCCL INFO Channel 19/0 : 0[0] -> 1[1] via P2P/CUMEM
[36m(WorkerDict pid=220783)[0m trial-302172199-trialrun-302172199-worker-0:220783:220783 [0] NCCL INFO Channel 20/0 : 0[0] -> 1[1] via P2P/CUMEM
[36m(WorkerDict pid=220783)[0m trial-302172199-trialrun-302172199-worker-0:220783:220783 [0] NCCL INFO Channel 21/0 : 0[0] -> 1[1] via P2P/CUMEM
[36m(WorkerDict pid=220783)[0m trial-302172199-trialrun-302172199-worker-0:220783:220783 [0] NCCL INFO Channel 22/0 : 0[0] -> 1[1] via P2P/CUMEM
[36m(WorkerDict pid=220783)[0m trial-302172199-trialrun-302172199-worker-0:220783:220783 [0] NCCL INFO Channel 23/0 : 0[0] -> 1[1] via P2P/CUMEM
[36m(WorkerDict pid=220783)[0m trial-302172199-trialrun-302172199-worker-0:220783:220783 [0] NCCL INFO Channel 24/0 : 0[0] -> 1[1] via P2P/CUMEM
[36m(WorkerDict pid=220783)[0m trial-302172199-trialrun-302172199-worker-0:220783:220783 [0] NCCL INFO Channel 25/0 : 0[0] -> 1[1] via P2P/CUMEM
[36m(WorkerDict pid=220783)[0m trial-302172199-trialrun-302172199-worker-0:220783:220783 [0] NCCL INFO Channel 26/0 : 0[0] -> 1[1] via P2P/CUMEM
[36m(WorkerDict pid=220783)[0m trial-302172199-trialrun-302172199-worker-0:220783:220783 [0] NCCL INFO Channel 27/0 : 0[0] -> 1[1] via P2P/CUMEM
[36m(WorkerDict pid=220783)[0m trial-302172199-trialrun-302172199-worker-0:220783:220783 [0] NCCL INFO Channel 28/0 : 0[0] -> 1[1] via P2P/CUMEM
[36m(WorkerDict pid=220783)[0m trial-302172199-trialrun-302172199-worker-0:220783:220783 [0] NCCL INFO Channel 29/0 : 0[0] -> 1[1] via P2P/CUMEM
[36m(WorkerDict pid=220783)[0m trial-302172199-trialrun-302172199-worker-0:220783:220783 [0] NCCL INFO Channel 30/0 : 0[0] -> 1[1] via P2P/CUMEM
[36m(WorkerDict pid=220783)[0m trial-302
[36m(WorkerDict pid=220782)[0m -1/-1->4->3 [5] 5/-1/-1->4->3 [6] 5/-1/-1->4->3 [7] 5/-1/-1->4->3 [8] 5/-1/-1->4->3 [9] 5/-1/-1->4->3 [10] 5/-1/-1->4->3 [11] 5/-1/-1->4->3 [12] 5/-1/-1->4->3 [13] 5/-1/-1->4->3 [14] 5/-1/-1->4->3 [15] 5/-1/-1->4->3 [16] 5/-1/-1->4->3 [17] 5/-1/-1->4->3 [18] 5/-1/-1->4->3 [19] 5/-1/-1->4->3 [20] 5/-1/-1->4->3 [21] 5/-1/-1->4->3 [22] 5/-1/-1->4->3 [23] 5/-1/-1->4->3 [24] 5/-1/-1->4->3 [25] 5/-1/-1->4->3 [26] 5/-1/-1->4->3 [27] 5/-1/-1->4->3 [28] 5/-1/-1->4->3 [29] 5/-1/-1->4->3 [30] 5/-1/-1->4->3 [31] 5/-1/-1->4->3
[36m(WorkerDict pid=220785)[0m 1->2->1 [5] 3/-1/-1->2->1 [6] 3/-1/-1->2->1 [7] 3/-1/-1->2->1 [8] 3/-1/-1->2->1 [9] 3/-1/-1->2->1 [10] 3/-1/-1->2->1 [11] 3/-1/-1->2->1 [12] 3/-1/-1->2->1 [13] 3/-1/-1->2->1 [14] 3/-1/-1->2->1 [15] 3/-1/-1->2->1 [16] 3/-1/-1->2->1 [17] 3/-1/-1->2->1 [18] 3/-1/-1->2->1 [19] 3/-1/-1->2->1 [20] 3/-1/-1->2->1 [21] 3/-1/-1->2->1 [22] 3/-1/-1->2->1 [23] 3/-1/-1->2->1 [24] 3/-1/-1->2->1 [25] 3/-1/-1->2->1 [26] 3/-1/-1->2->1 [27] 3/-1/-1->2->1 [28] 3/-1/-1->2->1 [29] 3/-1/-1->2->1 [30] 3/-1/-1->2->1 [31] 3/-1/-1->2->1
[36m(WorkerDict pid=220785)[0m trial-302172199-trialrun-302172199-worker-0:220785:220785 [2] NCCL INFO Channel 17/0 : 2[2] ->
[36m(WorkerDict pid=220788)[0m trial-302172199-trialrun-302172199-worker-0:220788:220788 [1] NCCL INFO Channel 25/
[36m(WorkerDict pid=220786)[0m /-1->3->2 [5] 4/-1/-1->3->2 [6] 4/-1/-1->3->2 [7] 4/-1/-1->3->2 [8] 4/-1/-1->3->2 [9] 4/-1/-1->3->2 [10] 4/-1/-1->3->2 [11] 4/-1/-1->3->2 [12] 4/-1/-1->3->2 [13] 4/-1/-1->3->2 [14] 4/-1/-1->3->2 [15] 4/-1/-1->3->2 [16] 4/-1/-1->3->2 [17] 4/-1/-1->3->2 [18] 4/-1/-1->3->2 [19] 4/-1/-1->3->2 [20] 4/-1/-1->3->2 [21] 4/-1/-1->3->2 [22] 4/-1/-1->3->2 [23] 4/-1/-1->3->2 [24] 4/-1/-1->3->2 [25] 4/-1/-1->3->2 [26] 4/-1/-1->3->2 [27] 4/-1/-1->3->2 [28] 4/-1/-1->3->2 [29] 4/-1/-1->3->2 [30] 4/-1/-1->3->2 [31] 4/-1/-1->3->2
[36m(WorkerDict pid=220793)[0m ] -1/-1/-1->7->6 [5] -1/-1/-1->7->6 [6] -1/-1/-1->7->6 [7] -1/-1/-1->7->6 [8] -1/-1/-1->7->6 [9] -1/-1/-1->7->6 [10] -1/-1/-1->7->6 [11] -1/-1/-1->7->6 [12] -1/-1/-1->7->6 [13] -1/-1/-1->7->6 [14] -1/-1/-1->7->6 [15] -1/-1/-1->7->6 [16] -1/-1/-1->7->6 [17] -1/-1/-1->7->6 [18] -1/-1/-1->7->6 [19] -1/-1/-1->7->6 [20] -1/-1/-1->7->6 [21] -1/-1/-1->7->6 [22] -1/-1/-1->7->6 [23] -1/-1/-1->7->6 [24] -1/-1/-1->7->6 [25] -1/-1/-1->7->6 [26] -1/-1/-1->7->6 [27] -1/-1/-1->7->6 [28] -1/-1/-1->7->6 [29] -1/-1/-1->7->6 [30] -1/-1/-1->7->6 [31] -1/-1/-1->7->6
[36m(WorkerDict pid=220793)[0m trial-302172199-trialrun-302172199-worker-0:220793:22079
[36m(WorkerDict pid=220792)[0m -1/-1->6->5 [5] 7/-1/-1->6->5 [6] 7/-1/-1->6->5 [7] 7/-1/-1->6->5 [8] 7/-1/-1->6->5 [9] 7/-1/-1->6->5 [10] 7/-1/-1->6->5 [11] 7/-1/-1->6->5 [12] 7/-1/-1->6->5 [13] 7/-1/-1->6->5 [14] 7/-1/-1->6->5 [15] 7/-1/-1->6->5 [16] 7/-1/-1->6->5 [17] 7/-1/-1->6->5 [18] 7/-1/-1->6->5 [19] 7/-1/-1->6->5 [20] 7/-1/-1->6->5 [21] 7/-1/-1->6->5 [22] 7/-1/-1->6->5 [23] 7/-1/-1->6->5 [24] 7/-1/-1->6->5 [25] 7/-1/-1->6->5 [26] 7/-1/-1->6->5 [27] 7/-1/-1->6->5 [28] 7/-1/-1->6->5 [29] 7/-1/-1->6->5 [30] 7/-1/-1->6->5 [31] 7/-1/-1->6->5
[36m(WorkerDict pid=220790)[0m -1/-1->5->4 [5] 6/-1/-1->5->4 [6] 6/-1/-1->5->4 [7] 6/-1/-1->5->4 [8] 6/-1/-1->5->4 [9] 6/-1/-1->5->4 [10] 6/-1/-1->5->4 [11] 6/-1/-1->5->4 [12] 6/-1/-1->5->4 [13] 6/-1/-1->5->4 [14] 6/-1/-1->5->4 [15] 6/-1/-1->5->4 [16] 6/-1/-1->5->4 [17] 6/-1/-1->5->4 [18] 6/-1/-1->5->4 [19] 6/-1/-1->5->4 [20] 6/-1/-1->5->4 [21] 6/-1/-1->5->4 [22] 6/-1/-1->5->4 [23] 6/-1/-1->5->4 [24] 6/-1/-1->5->4 [25] 6/-1/-1->5->4 [26] 6/-1/-1->5->4 [27] 6/-1/-1->5->4 [28] 6/-1/-1->5->4 [29] 6/-1/-1->5->4 [30] 6/-1/-1->5->4 [31] 6/-1/-1->5->4
[36m(WorkerDict pid=220783)[0m Actor use_remove_padding=True
[36m(WorkerDict pid=220783)[0m Actor use_fused_kernels=True
[36m(WorkerDict pid=220790)[0m Monkey patch _flash_attention_forward in transformers.integrations.flash_attention[32m [repeated 7x across cluster][0m
[36m(WorkerDict pid=220790)[0m Using Triton backend for fused kernels in Qwen2ForCausalLM[32m [repeated 7x across cluster][0m
[36m(WorkerDict pid=220790)[0m trial-302172199-trialrun-302172199-worker-0:220790:220790 [5] NCCL INFO ENV/Plugin: Could not find: libnccl-env.so[32m [repeated 7x across cluster][0m
[36m(WorkerDict pid=220790)[0m trial-302172199-trialrun-302172199-worker-0:220790:220790 [5] NCCL INFO NCCL_SOCKET_FAMILY set by environment to AF_INET6[32m [repeated 14x across cluster][0m
[36m(WorkerDict pid=220790)[0m trial-302172199-trialrun-302172199-worker-0:220790:220790 [5] NCCL INFO NCCL_SOCKET_IFNAME set by environment to =eth0[32m [repeated 14x across cluster][0m
[36m(WorkerDict pid=220790)[0m trial-302172199-trialrun-302172199-worker-0:220790:220790 [5] NCCL INFO cudaDriverVersion 13000[32m [repeated 7x across cluster][0m
[36m(WorkerDict pid=220790)[0m trial-302172199-trialrun-302172199-worker-0:220790:220790 [5] NCCL INFO NCCL version 2.28.9+cuda13.0[32m [repeated 7x across cluster][0m
[36m(WorkerDict pid=220790)[0m trial-302172199-trialrun-302172199-worker-0:220790:220790 [5] NCCL INFO Comm config Blocking set to 1[32m [repeated 7x across cluster][0m
[36m(WorkerDict pid=220790)[0m trial-302172199-trialrun-302172199-worker-0:220790:220790 [5] NCCL INFO NCCL_NET_PLUGIN set by environment to none[32m [repeated 7x across cluster][0m
[36m(WorkerDict pid=220790)[0m trial-302172199-trialrun-302172199-worker-0:220790:220790 [5] NCCL INFO NET/Socket : Using [0]eth0:fdbd:dc61:ff:f000:ffff:ffff:0:16<0>[32m [repeated 7x across cluster][0m
[36m(WorkerDict pid=220790)[0m trial-302172199-trialrun-302172199-worker-0:220790:220790 [5] NCCL INFO Initialized NET plugin Socket[32m [repeated 7x across cluster][0m
[36m(WorkerDict pid=220790)[0m trial-302172199-trialrun-302172199-worker-0:220790:220790 [5] NCCL INFO Assigned NET plugin Socket to comm[32m [repeated 7x across cluster][0m
[36m(WorkerDict pid=220790)[0m trial-302172199-trialrun-302172199-worker-0:220790:220790 [5] NCCL INFO Using network Socket[32m [repeated 7x across cluster][0m
[36m(WorkerDict pid=220790)[0m trial-302172199-trialrun-302172199-worker-0:220790:220790 [5] NCCL INFO ncclCommInitRankConfig comm 0xf407930 rank 5 nranks 8 cudaDev 5 nvmlDev 5 busId a8000 commId 0x460742843b379fdb - Init START[32m [repeated 7x across cluster][0m
[36m(WorkerDict pid=220790)[0m trial-302172199-trialrun-302172199-worker-0:220790:220790 [5] NCCL INFO RAS client listening socket at ::1<28028>[32m [repeated 7x across cluster][0m
[36m(WorkerDict pid=220790)[0m trial-302172199-trialrun-302172199-worker-0:220790:220790 [5] NCCL INFO MNNVL busId 0xa8000 fabric UUID 0.0 cliqueId 0x0 state 3 healthMask 0x80[32m [repeated 7x across cluster][0m
[36m(WorkerDict pid=220790)[0m trial-302172199-trialrun-302172199-worker-0:220790:220790 [5] NCCL INFO Could not find real path of /sys/class/pci_bus/fffffff/../../fffffff:ff:f[32m [repeated 7x across cluster][0m
[36m(WorkerDict pid=220790)[0m trial-302172199-trialrun-302172199-worker-0:220790:220790 [5] NCCL INFO TOPO/NET : Importing network plugins to topology[32m [repeated 7x across cluster][0m
[36m(WorkerDict pid=220790)[0m trial-302172199-trialrun-302172199-worker-0:220790:220790 [5] NCCL INFO ncclTopoPopulateNics : Filled eth0 in topo with pciPath=(null) keep=1 coll=(null)[32m [repeated 7x across cluster][0m
[36m(WorkerDict pid=220790)[0m trial-302172199-trialrun-302172199-worker-0:220790:220790 [5] NCCL INFO === System : maxBw 721.8 totalBw 721.8 ===[32m [repeated 7x across cluster][0m
[36m(WorkerDict pid=220793)[0m trial-302172199-trialrun-302172199-worker-0:220793:220793 [7] NCCL INFO NET/0-0 :GPU/0-f000 (4/1.2/PHB) GPU/0-2d000 (4/1.2/PHB) GPU/0-44000 (4/1.2/PHB) GPU/0-5b000 (4/1.2/PHB) GPU/0-89000 (5/1.2/SYS) GPU/0-a8000 (5/1.2/SYS) GPU/0-c0000 (5/1.2/SYS) GPU/0-d8000 (5/1.2/SYS) CPU/0-0 (2/1.2/PHB) CPU/0-1 (3/1.2/SYS) NET/0-0 (0/5000.0/LOC) NET/0-0 (0/0.0/DIS) [32m [repeated 84x across cluster][0m
[36m(WorkerDict pid=220790)[0m trial-302172199-trialrun-302172199-worker-0:220790:220790 [5] NCCL INFO + SYS[40.0] - CPU/0-0[32m [repeated 203x across cluster][0m
[36m(WorkerDict pid=220790)[0m trial-302172199-trialrun-302172199-worker-0:220790:220790 [5] NCCL INFO ==========================================[32m [repeated 7x across cluster][0m
[36m(WorkerDict pid=220793)[0m trial-302172199-trialrun-302172199-worker-0:220793:220793 [7] NCCL INFO ncclTopoGetCpuAffinity: Affinity for GPU 7 is 64-126,192-254. (GPU affinity = 64-127,192-255 ; CPU affinity = 0-62,64-126,128-190,192-254).[32m [repeated 7x across cluster][0m
[36m(WorkerDict pid=220793)[0m trial-302172199-trialrun-302172199-worker-0:220793:220793 [7] NCCL INFO NCCL_NVLS_ENABLE set by environment to 1.[32m [repeated 7x across cluster][0m
[36m(WorkerDict pid=220793)[0m trial-302172199-trialrun-302172199-worker-0:220793:220793 [7] NCCL INFO NVLS multicast support is available on dev 7 (NVLS_NCHANNELS 24)[32m [repeated 7x across cluster][0m
[36m(WorkerDict pid=220793)[0m trial-302172199-trialrun-302172199-worker-0:220793:220793 [7] NCCL INFO Pattern 5, crossNic 0, nChannels 8, bw 80.000000/90.000000, type NVL/PIX, sameChannels 0[32m [repeated 17x across cluster][0m
[36m(WorkerDict pid=220790)[0m trial-302172199-trialrun-302172199-worker-0:220790:220790 [5] NCCL INFO  7 : GPU/0-d8000[32m [repeated 310x across cluster][0m
[36m(WorkerDict pid=220786)[0m trial-302172199-trialrun-302172199-worker-0:220786:220786 [3] NCCL INFO Pattern 5, cross
[36m(WorkerDict pid=220790)[0m trial-302172199-trialrun-302172199-worker-0:220790:220790 [5] NCCL INFO Pattern 5, cr
[36m(WorkerDict pid=220790)[0m trial-302172199-trialrun-302172199-worker-0:220790:220790 [5] NCCL INFO comm 0xf407930 rank 5 nRanks 8 nNodes 1 localRanks 8 localRank 5 MNNVL 0[32m [repeated 7x across cluster][0m
[36m(WorkerDict pid=220788)[0m trial-302172199-trialrun-302172199-worker-0:220788:220788 [1] NCCL INFO Tree 31 : 0 -> 1 -> 2/-1/-1[32m [repeated 32x across cluster][0m
[36m(WorkerDict pid=220790)[0m trial-302172199-trialrun-302172199-worker-0:220790:220790 [5] NCCL INFO Channel 17/0 : 5[32m [repeated 4x across cluster][0m
[36m(WorkerDict pid=220783)[0m trial-302172199-trialrun-302172199-worker-0:220783:220783 [0] NCCL INFO Ring 31 : 7 -> 0 -> 1[32m [repeated 249x across cluster][0m
[36m(WorkerDict pid=220783)[0m trial-302172199-trialrun-302172199-worker-0:220783:220783 [0] NCCL INFO Trees [0] 1/-1/-1->0->-1 [1] 1/-1/-1->0->-1 [2] 1/-1/-1->0->-1 [3] 1/-1/-1->0->-1 [4] 1/-1/-1->0->-1 [5] 1/-1/-1->0->-1 [6] 1/-1/-1->0->-1 [7] 1/-1/-1->0->-1 [8] 1/-1/-1->0->-1 [9] 1/-1/-1->0->-1 [10] 1/-1/-1->0->-1 [11] 1/-1/-1->0->-1 [12] 1/-1/-1->0->-1 [13] 1/-1/-1->0->-1 [14] 1/-1/-1->0->-1 [15] 1/-1/-1->0->-1 [16] 1/-1/-1->0->-1 [17] 1/-1/-1->0->-1 [18] 1/-1/-1->0->-1 [19] 1/-1/-1->0->-1 [20] 1/-1/-1->0->-1 [21] 1/-1/-1->0->-1 [22] 1/-1/-1->0->-1 [23] 1/-1/-1->0->-1 [24] 1/-1/-1->0->-1 [25] 1/-1/-1->0->-1 [26] 1/-1/-1->0->-1 [27] 1/-1/-1->0->-1 [28] 1/-1/-1->0->-1 [29] 1/-1/-1->0->-1 [30] 1/-1/-1->0->-1 [31] 1/-1/-1->0->-1[32m [repeated 7x across cluster][0m
[36m(WorkerDict pid=220786)[0m Nic 0, nChannels 8, bw 80.000000/90.000000, type NVL/PIX, sameChannels 0
[36m(WorkerDict pid=220790)[0m trial-302172199-trialrun-302172199-worker-0:220790:220790 [5] NCCL INFO P2P Chunksize set to 524288[32m [repeated 7x across cluster][0m
[36m(WorkerDict pid=220790)[0m trial-302172199-trialrun-302172199-worker-0:220790:220790 [5] NCCL INFO PROFILER/Plugin: Could not find: libnccl-profiler.so[32m [repeated 7x across cluster][0m
[36m(WorkerDict pid=220790)[0m trial-302172199-trialrun-302172199-worker-0:220790:220790 [5] NCCL INFO Check P2P Type isAllDirectP2p 1 directMode 0 isAllCudaP2p 1[32m [repeated 7x across cluster][0m
[36m(WorkerDict pid=220790)[0m ossNic 0, nChannels 8, bw 80.000000/90.000000, type NVL/PIX, sameChannels 0
[36m(WorkerDict pid=220790)[0m trial-302172199-trialrun-302172199-worker-0:220790:236376 [0] NCCL INFO [Proxy Service] Device 5 CPU core 121[32m [repeated 7x across cluster][0m
[36m(WorkerDict pid=220790)[0m trial-302172199-trialrun-302172199-worker-0:220790:220790 [5] NCCL INFO ncclP2pSchedule: group size used is 8[32m [repeated 7x across cluster][0m
[36m(WorkerDict pid=220790)[0m trial-302172199-trialrun-302172199-worker-0:220790:236381 [0] NCCL INFO [Proxy Service UDS] Device 5 CPU core 202[32m [repeated 7x across cluster][0m
[36m(WorkerDict pid=220782)[0m WARNING:2026-08-02 06:23:49,229:Initializing torch.distributed: rank=4 world_size=8 init_method=tcp://[fdbd:dc61:ff:f000:ffff:ffff:0:16]:57261 master=fdbd:dc61:ff:f000:ffff:ffff:0:16:57261[32m [repeated 7x across cluster][0m
[36m(WorkerDict pid=220782)[0m [W802 06:23:49.436095004 ProcessGroupNCCL.cpp:932] Warning: TORCH_NCCL_AVOID_RECORD_STREAMS is the default now, this environment variable is thus deprecated. (function operator())[32m [repeated 7x across cluster][0m
[36m(WorkerDict pid=220792)[0m Loading weights:   0%|          | 0/339 [00:00<?, ?it/s][32m [repeated 3x across cluster][0m
[36m(WorkerDict pid=220782)[0m Loading weights:   0%|          | 0/339 [00:00<?, ?it/s]Loading weights: 100%|██████████| 339/339 [00:00<00:00, 12067.94it/s][32m [repeated 4x across cluster][0m
[36m(WorkerDict pid=220790)[0m Loading weights: 100%|██████████| 339/339 [00:00<00:00, 11528.42it/s][32m [repeated 2x across cluster][0m
[36m(WorkerDict pid=220783)[0m Loading weights:   0%|          | 1/339 [00:01<06:10,  1.10s/it]
[36m(WorkerDict pid=220783)[0m Loading weights:  97%|█████████▋| 329/339 [00:04<00:00, 98.09it/s]Loading weights: 100%|██████████| 339/339 [00:04<00:00, 84.39it/s]
[36m(WorkerDict pid=220782)[0m Loading weights:   0%|          | 0/339 [00:00<?, ?it/s][32m [repeated 7x across cluster][0m
[36m(WorkerDict pid=220792)[0m Loading weights:  97%|█████████▋| 329/339 [00:05<00:00, 73.60it/s][32m [repeated 13x across cluster][0m
[36m(WorkerDict pid=220783)[0m WARNING:2026-08-02 06:24:16,726:Dropping unsupported vLLM engine kwargs for this version: ['disable_mm_preprocessor_cache']
[36m(WorkerDict pid=220790)[0m Loading weights:  91%|█████████ | 307/339 [00:04<00:00, 72.61it/s][32m [repeated 214x across cluster][0m
[36m(WorkerDict pid=220782)[0m Loading weights:  97%|█████████▋| 329/339 [00:04<00:00, 86.11it/s]Loading weights: 100%|██████████| 339/339 [00:05<00:00, 67.54it/s][32m [repeated 2x across cluster][0m
[36m(WorkerDict pid=220790)[0m Loading weights: 100%|██████████| 339/339 [00:05<00:00, 65.70it/s][32m [repeated 5x across cluster][0m
[36m(WorkerDict pid=220783)[0m /mlx_devbox/users/quyanyi/playground/.venvs/ttrl_b200/lib/python3.11/site-packages/nvidia_cutlass_dsl/python_packages/cutlass/cute/core.py:5791: DeprecationWarning: Use explicit `struct.scalar.ptr` for pointer instead.
[36m(WorkerDict pid=220783)[0m   warnings.warn(
[36m(WorkerDict pid=220782)[0m WARNING:2026-08-02 06:24:16,726:Dropping unsupported vLLM engine kwargs for this version: ['disable_mm_preprocessor_cache'][32m [repeated 7x across cluster][0m
[36m(WorkerDict pid=220783)[0m 2026-08-02 06:24:47,282 - INFO - autotuner.py:622 - flashinfer.jit: [Autotuner]: Autotuning process starts ...
[36m(WorkerDict pid=220783)[0m 2026-08-02 06:24:47,303 - INFO - autotuner.py:641 - flashinfer.jit: [Autotuner]: Autotuning process ends
[36m(WorkerDict pid=220790)[0m /mlx_devbox/users/quyanyi/playground/.venvs/ttrl_b200/lib/python3.11/site-packages/nvidia_cutlass_dsl/python_packages/cutlass/cute/core.py:5791: DeprecationWarning: Use explicit `struct.scalar.ptr` for pointer instead.[32m [repeated 103x across cluster][0m
[36m(WorkerDict pid=220790)[0m   warnings.warn([32m [repeated 103x across cluster][0m
[36m(WorkerDict pid=220783)[0m Capturing CUDA graphs (mixed prefill-decode, PIECEWISE):   0%|          | 0/51 [00:00<?, ?it/s]
[36m(WorkerDict pid=220783)[0m Capturing CUDA graphs (mixed prefill-decode, PIECEWISE):   8%|▊         | 4/51 [00:00<00:01, 32.49it/s]
[36m(WorkerDict pid=220783)[0m Capturing CUDA graphs (mixed prefill-decode, PIECEWISE):  16%|█▌        | 8/51 [00:00<00:01, 32.27it/s]
[36m(WorkerDict pid=220783)[0m Capturing CUDA graphs (mixed prefill-decode, PIECEWISE):  24%|██▎       | 12/51 [00:00<00:01, 31.93it/s]
[36m(WorkerDict pid=220783)[0m Capturing CUDA graphs (mixed prefill-decode, PIECEWISE):  31%|███▏      | 16/51 [00:00<00:01, 30.67it/s]
[36m(WorkerDict pid=220783)[0m Capturing CUDA graphs (mixed prefill-decode, PIECEWISE):  39%|███▉      | 20/51 [00:00<00:01, 30.94it/s]
[36m(WorkerDict pid=220783)[0m Capturing CUDA graphs (mixed prefill-decode, PIECEWISE):  47%|████▋     | 24/51 [00:00<00:00, 30.99it/s]
[36m(WorkerDict pid=220783)[0m Capturing CUDA graphs (mixed prefill-decode, PIECEWISE):  55%|█████▍    | 28/51 [00:00<00:00, 29.69it/s]
[36m(WorkerDict pid=220783)[0m Capturing CUDA graphs (mixed prefill-decode, PIECEWISE):  61%|██████    | 31/51 [00:01<00:00, 29.58it/s]Capturing CUDA graphs (mixed prefill-decode, PIECEWISE):  67%|██████▋   | 34/51 [00:01<00:00, 29.47it/s]
[36m(WorkerDict pid=220783)[0m Capturing CUDA graphs (mixed prefill-decode, PIECEWISE):  73%|███████▎  | 37/51 [00:01<00:00, 29.24it/s]
[36m(WorkerDict pid=220783)[0m Capturing CUDA graphs (mixed prefill-decode, PIECEWISE):  78%|███████▊  | 40/51 [00:01<00:00, 29.01it/s]
[36m(WorkerDict pid=220783)[0m Capturing CUDA graphs (mixed prefill-decode, PIECEWISE):  84%|████████▍ | 43/51 [00:01<00:00, 28.78it/s]
[36m(WorkerDict pid=220783)[0m Capturing CUDA graphs (mixed prefill-decode, PIECEWISE):  90%|█████████ | 46/51 [00:01<00:00, 28.50it/s]
[36m(WorkerDict pid=220783)[0m Capturing CUDA graphs (mixed prefill-decode, PIECEWISE):  96%|█████████▌| 49/51 [00:01<00:00, 28.86it/s]
[36m(WorkerDict pid=220783)[0m Capturing CUDA graphs (mixed prefill-decode, PIECEWISE): 100%|██████████| 51/51 [00:01<00:00, 29.49it/s]
[36m(WorkerDict pid=220783)[0m Capturing CUDA graphs (decode, FULL):   0%|          | 0/51 [00:00<?, ?it/s]
[36m(WorkerDict pid=220783)[0m Capturing CUDA graphs (decode, FULL):   8%|▊         | 4/51 [00:00<00:01, 38.09it/s]
[36m(WorkerDict pid=220783)[0m Capturing CUDA graphs (decode, FULL):  16%|█▌        | 8/51 [00:00<00:01, 37.85it/s]
[36m(WorkerDict pid=220783)[0m Capturing CUDA graphs (decode, FULL):  24%|██▎       | 12/51 [00:00<00:01, 34.14it/s]
[36m(WorkerDict pid=220783)[0m Capturing CUDA graphs (decode, FULL):  31%|███▏      | 16/51 [00:00<00:01, 34.62it/s]
[36m(WorkerDict pid=220783)[0m Capturing CUDA graphs (decode, FULL):  39%|███▉      | 20/51 [00:00<00:00, 35.95it/s]
[36m(WorkerDict pid=220783)[0m Capturing CUDA graphs (decode, FULL):  47%|████▋     | 24/51 [00:00<00:00, 36.70it/s]
[36m(WorkerDict pid=220783)[0m Capturing CUDA graphs (decode, FULL):  55%|█████▍    | 28/51 [00:00<00:00, 37.20it/s]
[36m(WorkerDict pid=220783)[0m Capturing CUDA graphs (decode, FULL):  63%|██████▎   | 32/51 [00:00<00:00, 35.50it/s]
[36m(WorkerDict pid=220783)[0m Capturing CUDA graphs (decode, FULL):  71%|███████   | 36/51 [00:01<00:00, 33.15it/s]
[36m(WorkerDict pid=220783)[0m Capturing CUDA graphs (decode, FULL):  78%|███████▊  | 40/51 [00:01<00:00, 33.15it/s]
[36m(WorkerDict pid=220783)[0m Capturing CUDA graphs (decode, FULL):  86%|████████▋ | 44/51 [00:01<00:00, 34.48it/s]
[36m(WorkerDict pid=220782)[0m 2026-08-02 06:24:47,282 - INFO - autotuner.py:622 - flashinfer.jit: [Autotuner]: Autotuning process starts ...[32m [repeated 7x across cluster][0m
[36m(WorkerDict pid=220782)[0m 2026-08-02 06:24:47,303 - INFO - autotuner.py:641 - flashinfer.jit: [Autotuner]: Autotuning process ends[32m [repeated 7x across cluster][0m
[36m(WorkerDict pid=220786)[0m /mlx_devbox/users/quyanyi/playground/.venvs/ttrl_b200/lib/python3.11/site-packages/nvidia_cutlass_dsl/python_packages/cutlass/cute/core.py:5791: DeprecationWarning: Use explicit `struct.scalar.ptr` for pointer instead.
[36m(WorkerDict pid=220786)[0m   warnings.warn(
[36m(WorkerDict pid=220783)[0m /mlx_devbox/users/quyanyi/playground/.venvs/ttrl_b200/lib/python3.11/site-packages/nvidia_cutlass_dsl/python_packages/cutlass/cute/core.py:5791: DeprecationWarning: Use explicit `struct.scalar.ptr` for pointer instead.
[36m(WorkerDict pid=220783)[0m   warnings.warn(
[36m(WorkerDict pid=220783)[0m /mlx_devbox/users/quyanyi/playground/.venvs/ttrl_b200/lib/python3.11/site-packages/nvidia_cutlass_dsl/python_packages/cutlass/cute/core.py:5791: DeprecationWarning: Use explicit `struct.scalar.ptr` for pointer instead.
[36m(WorkerDict pid=220783)[0m   warnings.warn(
[36m(WorkerDict pid=220783)[0m /mlx_devbox/users/quyanyi/playground/.venvs/ttrl_b200/lib/python3.11/site-packages/nvidia_cutlass_dsl/python_packages/cutlass/cute/core.py:5791: DeprecationWarning: Use explicit `struct.scalar.ptr` for pointer instead.
[36m(WorkerDict pid=220783)[0m   warnings.warn(
[36m(WorkerDict pid=220783)[0m Capturing CUDA graphs (decode, FULL):  94%|█████████▍| 48/51 [00:12<00:02,  1.16it/s]
[36m(WorkerDict pid=220788)[0m /mlx_devbox/users/quyanyi/playground/.venvs/ttrl_b200/lib/python3.11/site-packages/nvidia_cutlass_dsl/python_packages/cutlass/cute/core.py:5791: DeprecationWarning: Use explicit `struct.scalar.ptr` for pointer instead.[32m [repeated 100x across cluster][0m
[36m(WorkerDict pid=220788)[0m   warnings.warn([32m [repeated 100x across cluster][0m
[36m(WorkerDict pid=220783)[0m Capturing CUDA graphs (decode, FULL): 100%|██████████| 51/51 [00:12<00:00,  4.10it/s]
[36m(WorkerDict pid=220783)[0m /mlx_devbox/users/quyanyi/playground/TTRL/verl/verl/workers/sharding_manager/fsdp_vllm.py:97: FutureWarning: FSDP.state_dict_type() and FSDP.set_state_dict_type() are being deprecated. Please use APIs, get_state_dict() and set_state_dict(), which can support different parallelisms, FSDP1, FSDP2, DDP. API doc: https://pytorch.org/docs/stable/distributed.checkpoint.html#torch.distributed.checkpoint.state_dict.get_state_dict .Tutorial: https://pytorch.org/tutorials/recipes/distributed_checkpoint_recipe.html .
[36m(WorkerDict pid=220783)[0m   FSDP.set_state_dict_type(
[36m(TaskRunner pid=220787)[0m Training Progress:   0%|          | 0/3 [00:00<?, ?it/s]
[36m(WorkerDict pid=220783)[0m /mlx_devbox/users/quyanyi/playground/.venvs/ttrl_b200/lib/python3.11/site-packages/nvidia_cutlass_dsl/python_packages/cutlass/cute/core.py:5791: DeprecationWarning: Use explicit `struct.scalar.ptr` for pointer instead.[32m [repeated 2x across cluster][0m
[36m(WorkerDict pid=220783)[0m   warnings.warn([32m [repeated 2x across cluster][0m
[36m(WorkerDict pid=220793)[0m /mlx_devbox/users/quyanyi/playground/TTRL/verl/verl/workers/sharding_manager/fsdp_vllm.py:97: FutureWarning: FSDP.state_dict_type() and FSDP.set_state_dict_type() are being deprecated. Please use APIs, get_state_dict() and set_state_dict(), which can support different parallelisms, FSDP1, FSDP2, DDP. API doc: https://pytorch.org/docs/stable/distributed.checkpoint.html#torch.distributed.checkpoint.state_dict.get_state_dict .Tutorial: https://pytorch.org/tutorials/recipes/distributed_checkpoint_recipe.html .[32m [repeated 7x across cluster][0m
[36m(WorkerDict pid=220793)[0m   FSDP.set_state_dict_type([32m [repeated 7x across cluster][0m
[36m(TaskRunner pid=220787)[0m <string>:1: SymPyDeprecationWarning: 
[36m(TaskRunner pid=220787)[0m 
[36m(TaskRunner pid=220787)[0m Using non-Expr arguments in Pow is deprecated (in this case, one of the
[36m(TaskRunner pid=220787)[0m arguments is of type 'FiniteSet').
[36m(TaskRunner pid=220787)[0m 
[36m(TaskRunner pid=220787)[0m If you really did intend to construct a power with this base, use the **
[36m(TaskRunner pid=220787)[0m operator instead.
[36m(TaskRunner pid=220787)[0m 
[36m(TaskRunner pid=220787)[0m See https://docs.sympy.org/latest/explanation/active-deprecations.html#non-expr-args-deprecated
[36m(TaskRunner pid=220787)[0m for details.
[36m(TaskRunner pid=220787)[0m 
[36m(TaskRunner pid=220787)[0m This has been deprecated since SymPy version 1.7. It
[36m(TaskRunner pid=220787)[0m will be removed in a future version of SymPy.
[36m(TaskRunner pid=220787)[0m 
[36m(TaskRunner pid=220787)[0m /mlx_devbox/users/quyanyi/playground/.venvs/ttrl_b200/lib/python3.11/site-packages/sympy/core/basic.py:1949: SymPyDeprecationWarning: 
[36m(TaskRunner pid=220787)[0m 
[36m(TaskRunner pid=220787)[0m Using non-Expr arguments in Pow is deprecated (in this case, one of the
[36m(TaskRunner pid=220787)[0m arguments is of type 'FiniteSet').
[36m(TaskRunner pid=220787)[0m 
[36m(TaskRunner pid=220787)[0m If you really did intend to construct a power with this base, use the **
[36m(TaskRunner pid=220787)[0m operator instead.
[36m(TaskRunner pid=220787)[0m 
[36m(TaskRunner pid=220787)[0m See https://docs.sympy.org/latest/explanation/active-deprecations.html#non-expr-args-deprecated
[36m(TaskRunner pid=220787)[0m for details.
[36m(TaskRunner pid=220787)[0m 
[36m(TaskRunner pid=220787)[0m This has been deprecated since SymPy version 1.7. It
[36m(TaskRunner pid=220787)[0m will be removed in a future version of SymPy.
[36m(TaskRunner pid=220787)[0m 
[36m(TaskRunner pid=220787)[0m   return self.func(*terms)
[36m(WorkerDict pid=220790)[0m /mlx_devbox/users/quyanyi/playground/.venvs/ttrl_b200/lib/python3.11/site-packages/nvidia_cutlass_dsl/python_packages/cutlass/cute/core.py:5791: DeprecationWarning: Use explicit `struct.scalar.ptr` for pointer instead.[32m [repeated 102x across cluster][0m
[36m(WorkerDict pid=220790)[0m   warnings.warn([32m [repeated 102x across cluster][0m
[36m(TaskRunner pid=220787)[0m <string>:1: SymPyDeprecationWarning: 
[36m(TaskRunner pid=220787)[0m 
[36m(TaskRunner pid=220787)[0m Using non-Expr arguments in Pow is deprecated (in this case, one of the
[36m(TaskRunner pid=220787)[0m arguments is of type 'FiniteSet').
[36m(TaskRunner pid=220787)[0m 
[36m(TaskRunner pid=220787)[0m If you really did intend to construct a power with this base, use the **
[36m(TaskRunner pid=220787)[0m operator instead.
[36m(TaskRunner pid=220787)[0m 
[36m(TaskRunner pid=220787)[0m See https://docs.sympy.org/latest/explanation/active-deprecations.html#non-expr-args-deprecated
[36m(TaskRunner pid=220787)[0m for details.
[36m(TaskRunner pid=220787)[0m 
[36m(TaskRunner pid=220787)[0m This has been deprecated since SymPy version 1.7. It
[36m(TaskRunner pid=220787)[0m will be removed in a future version of SymPy.
[36m(TaskRunner pid=220787)[0m 
[36m(TaskRunner pid=220787)[0m /mlx_devbox/users/quyanyi/playground/.venvs/ttrl_b200/lib/python3.11/site-packages/sympy/core/power.py:1257: SymPyDeprecationWarning: 
[36m(TaskRunner pid=220787)[0m 
[36m(TaskRunner pid=220787)[0m Using non-Expr arguments in Pow is deprecated (in this case, one of the
[36m(TaskRunner pid=220787)[0m arguments is of type 'FiniteSet').
[36m(TaskRunner pid=220787)[0m 
[36m(TaskRunner pid=220787)[0m If you really did intend to construct a power with this base, use the **
[36m(TaskRunner pid=220787)[0m operator instead.
[36m(TaskRunner pid=220787)[0m 
[36m(TaskRunner pid=220787)[0m See https://docs.sympy.org/latest/explanation/active-deprecations.html#non-expr-args-deprecated
[36m(TaskRunner pid=220787)[0m for details.
[36m(TaskRunner pid=220787)[0m 
[36m(TaskRunner pid=220787)[0m This has been deprecated since SymPy version 1.7. It
[36m(TaskRunner pid=220787)[0m will be removed in a future version of SymPy.
[36m(TaskRunner pid=220787)[0m 
[36m(TaskRunner pid=220787)[0m   p = self.func(*self.as_base_exp())  # in case it's unevaluated
[36m(TaskRunner pid=220787)[0m WARNING:2026-08-02 06:25:50,169:Timeout during comparison
[36m(TaskRunner pid=220787)[0m WARNING:2026-08-02 06:26:08,854:Timeout during comparison
[36m(TaskRunner pid=220787)[0m WARNING:2026-08-02 06:26:12,509:Timeout during comparison
[36m(WorkerDict pid=220790)[0m trial-302172199-trialrun-302172199-worker-0:220790:220790 [5] NCCL INFO TUNER/Plugin: Could not find: libnccl-tuner.so[32m [repeated 7x across cluster][0m
[36m(WorkerDict pid=220790)[0m trial-302172199-trialrun-302172199-worker-0:220790:220790 [5] NCCL INFO threadThresholds 8/8/64 | 64/8/64 | 512 | 512[32m [repeated 7x across cluster][0m
[36m(WorkerDict pid=220790)[0m trial-302172199-trialrun-302172199-worker-0:220790:220790 [5] NCCL INFO 32 coll channels, 32 collnet channels, 24 nvls channels, 32 p2p channels, 32 p2p channels per peer[32m [repeated 7x across cluster][0m
[36m(WorkerDict pid=220790)[0m trial-302172199-trialrun-302172199-worker-0:220790:220790 [5] NCCL INFO ncclCommInitRankConfig comm 0xf407930 rank 5 nranks 8 cudaDev 5 nvmlDev 5 busId a8000 commId 0x460742843b379fdb - Init COMPLETE[32m [repeated 7x across cluster][0m
[36m(WorkerDict pid=220790)[0m trial-302172199-trialrun-302172199-worker-0:220790:220790 [5] NCCL INFO Init timings - ncclCommInitRankConfig: rank 5 nranks 8 total 3.28 (kernels 0.31, alloc 0.77, bootstrap 0.21, allgathers 0.02, topo 1.49, graphs 0.03, connections 0.45, rest 0.00)[32m [repeated 7x across cluster][0m
[36m(WorkerDict pid=220790)[0m trial-302172199-trialrun-302172199-worker-0:220790:220790 [5] NCCL INFO Channel 16/0 : 5[5] -> 6[6] via P2P/CUMEM[32m [repeated 127x across cluster][0m
[36m(WorkerDict pid=220783)[0m Model config after override: Qwen2Config {
[36m(WorkerDict pid=220783)[0m   "architectures": [
[36m(WorkerDict pid=220783)[0m     "Qwen2ForCausalLM"
[36m(WorkerDict pid=220783)[0m   ],
[36m(WorkerDict pid=220783)[0m   "attention_dropout": 0.0,
[36m(WorkerDict pid=220783)[0m   "bos_token_id": null,
[36m(WorkerDict pid=220783)[0m   "dtype": "bfloat16",
[36m(WorkerDict pid=220783)[0m   "eos_token_id": 151643,
[36m(WorkerDict pid=220783)[0m   "hidden_act": "silu",
[36m(WorkerDict pid=220783)[0m   "hidden_size": 3584,
[36m(WorkerDict pid=220783)[0m   "initializer_range": 0.02,
[36m(WorkerDict pid=220783)[0m   "intermediate_size": 18944,
[36m(WorkerDict pid=220783)[0m   "layer_types": [
[36m(WorkerDict pid=220783)[0m     "full_attention",
[36m(WorkerDict pid=220783)[0m     "full_attention",
[36m(WorkerDict pid=220783)[0m     "full_attention",
[36m(WorkerDict pid=220783)[0m     "full_attention",
[36m(WorkerDict pid=220783)[0m     "full_attention",
[36m(WorkerDict pid=220783)[0m     "full_attention",
[36m(WorkerDict pid=220783)[0m     "full_attention",
[36m(WorkerDict pid=220783)[0m     "full_attention",
[36m(WorkerDict pid=220783)[0m     "full_attention",
[36m(WorkerDict pid=220783)[0m     "full_attention",
[36m(WorkerDict pid=220783)[0m     "full_attention",
[36m(WorkerDict pid=220783)[0m     "full_attention",
[36m(WorkerDict pid=220783)[0m     "full_attention",
[36m(WorkerDict pid=220783)[0m     "full_attention",
[36m(WorkerDict pid=220783)[0m     "full_attention",
[36m(WorkerDict pid=220783)[0m     "full_attention",
[36m(WorkerDict pid=220783)[0m     "full_attention",
[36m(WorkerDict pid=220783)[0m     "full_attention",
[36m(WorkerDict pid=220783)[0m     "full_attention",
[36m(WorkerDict pid=220783)[0m     "full_attention",
[36m(WorkerDict pid=220783)[0m     "full_attention",
[36m(WorkerDict pid=220783)[0m     "full_attention",
[36m(WorkerDict pid=220783)[0m     "full_attention",
[36m(WorkerDict pid=220783)[0m     "full_attention",
[36m(WorkerDict pid=220783)[0m     "full_attention",
[36m(WorkerDict pid=220783)[0m     "full_attention",
[36m(WorkerDict pid=220783)[0m     "full_attention",
[36m(WorkerDict pid=220783)[0m     "full_attention"
[36m(WorkerDict pid=220783)[0m   ],
[36m(WorkerDict pid=220783)[0m   "max_position_embeddings": 4096,
[36m(WorkerDict pid=220783)[0m   "max_window_layers": 28,
[36m(WorkerDict pid=220783)[0m   "model_type": "qwen2",
[36m(WorkerDict pid=220783)[0m   "num_attention_heads": 28,
[36m(WorkerDict pid=220783)[0m   "num_hidden_layers": 28,
[36m(WorkerDict pid=220783)[0m   "num_key_value_heads": 4,
[36m(WorkerDict pid=220783)[0m   "pad_token_id": 151643,
[36m(WorkerDict pid=220783)[0m   "rms_norm_eps": 1e-06,
[36m(WorkerDict pid=220783)[0m   "rope_parameters": {
[36m(WorkerDict pid=220783)[0m     "rope_theta": 10000,
[36m(WorkerDict pid=220783)[0m     "rope_type": "default"
[36m(WorkerDict pid=220783)[0m   },
[36m(WorkerDict pid=220783)[0m   "sliding_window": null,
[36m(WorkerDict pid=220783)[0m   "tie_word_embeddings": false,
[36m(WorkerDict pid=220783)[0m   "transformers_version": "5.12.1",
[36m(WorkerDict pid=220783)[0m   "use_cache": true,
[36m(WorkerDict pid=220783)[0m   "use_mrope": false,
[36m(WorkerDict pid=220783)[0m   "use_sliding_window": false,
[36m(WorkerDict pid=220783)[0m   "vocab_size": 152064
[36m(WorkerDict pid=220783)[0m }
[36m(WorkerDict pid=220783)[0m 
[36m(WorkerDict pid=220783)[0m actor attention implementation verified: sdpa
[36m(WorkerDict pid=220783)[0m [PowerFlow] Added proj_z (layers=3, hidden=3584, init_offset=1.08)
[36m(WorkerDict pid=220783)[0m Monkey patch _flash_attention_forward in transformers.integrations.flash_attention
[36m(WorkerDict pid=220783)[0m Using Triton backend for fused kernels in Qwen2ForCausalLM
[36m(WorkerDict pid=220783)[0m Qwen2ForCausalLM contains 7.64B parameters
[36m(WorkerDict pid=220783)[0m [PowerFlow] Updated auto_wrap_policy to wrap ProjZModule
[36m(WorkerDict pid=220783)[0m wrap_policy: <function ActorRolloutRefWorker._build_model_optimizer.<locals>.powerflow_wrap_policy at 0x7ece18cf9d00>
[36m(WorkerDict pid=220783)[0m Total steps: 3, num_warmup_steps: 0
[36m(WorkerDict pid=220783)[0m Actor use_remove_padding=True
[36m(WorkerDict pid=220783)[0m Actor use_fused_kernels=True
[36m(WorkerDict pid=220790)[0m Monkey patch _flash_attention_forward in transformers.integrations.flash_attention[32m [repeated 7x across cluster][0m
[36m(WorkerDict pid=220790)[0m Using Triton backend for fused kernels in Qwen2ForCausalLM[32m [repeated 7x across cluster][0m
[36m(WorkerDict pid=220783)[0m kwargs: {'n': 1, 'logprobs': 1, 'max_tokens': 3072, 'repetition_penalty': 1.0, 'detokenize': False, 'temperature': 1.0, 'top_k': -1, 'top_p': 1, 'ignore_eos': False}
[36m(TaskRunner pid=220787)[0m Checkpoint tracker file does not exist: /tmp/ttrl_b200/checkpoints/ttrl_chunk_state_powerflow_support_flow_massprop_answersplit05_stateq70_gate030_softplusgain_mid_c128_b32_r32_v64_3step_20260802/latest_checkpointed_iteration.txt
[36m(TaskRunner pid=220787)[0m Training from scratch
[36m(WorkerDict pid=220783)[0m WARNING 08-02 06:25:03 [jit_monitor.py:106] Triton kernel JIT compilation during inference: _compute_slot_mapping_kernel. This causes a latency spike; consider extending warmup to cover this shape/config.
[36m(TaskRunner pid=220787)[0m [Shutdown] 2 subprocess(es) terminated.
[36m(WorkerDict pid=220792)[0m kwargs: {'n': 1, 'logprobs': 1, 'max_tokens': 3072, 'repetition_penalty': 1.0, 'detokenize': False, 'temperature': 1.0, 'top_k': -1, 'top_p': 1, 'ignore_eos': False}[32m [repeated 7x across cluster][0m
[36m(TaskRunner pid=220787)[0m [Shutdown] 3 subprocess(es) terminated.
[36m(TaskRunner pid=220787)[0m [Shutdown] 5 subprocess(es) terminated.
[36m(WorkerDict pid=220783)[0m WARNING 08-02 06:26:16 [jit_monitor.py:106] Triton kernel JIT compilation during inference: efficient_entropy_kernel_general_mainloop. This causes a latency spike; consider extending warmup to cover this shape/config.
[36m(WorkerDict pid=220783)[0m WARNING 08-02 06:26:16 [jit_monitor.py:106] Triton kernel JIT compilation during inference: efficient_entropy_triton_kernel_epilogue. This causes a latency spike; consider extending warmup to cover this shape/config.
[36m(WorkerDict pid=220783)[0m WARNING 08-02 06:26:17 [jit_monitor.py:106] Triton kernel JIT compilation during inference: efficient_entropy_backward_kernel_general_d_logits_split_N. This causes a latency spike; consider extending warmup to cover this shape/config.
[36m(TaskRunner pid=220787)[0m step:1 - chunk_state_source/selected_original_acc_mean:0.167 - chunk_state_source/prompt_original_pass:0.875 - chunk_state_source/prompt_original_mean:0.344 - chunk_state_source_chunk/enabled:1.000 - chunk_state_source_chunk/injected_ratio:1.000 - chunk_state_source_chunk/mean_len:128.000 - chunk_state_source_chunk/candidate_index:0.000 - chunk_state_support_anchor/enabled:1.000 - chunk_state_support_anchor/count:7.000 - chunk_state_support_anchor/candidate_start:1.000 - chunk_state_support_anchor/min_mass:0.031 - chunk_state_support_anchor/selection_mode_answer_stratified:0.000 - chunk_state_support_anchor/prefix_compat_enable:0.000 - chunk_state_support_anchor/prefix_compat_mode_hard:1.000 - chunk_state_support_anchor/prefix_compat_mode_soft:0.000 - chunk_state_support_anchor/prefix_compat_tokens:128.000 - chunk_state_support_anchor/min_prefix_match:0.750 - chunk_state_support_anchor/prefix_score_power:1.000 - chunk_state_support_anchor/skip_source:1.000 - chunk_state_support_anchor/injected_ratio:0.857 - chunk_state_support_anchor/state_keep_ratio:1.000 - chunk_state_support_anchor/skipped_no_anchor_ratio:0.000 - chunk_state_support_anchor/skipped_by_compat_ratio:0.000 - chunk_state_support_anchor/skipped_source_ratio:0.031 - chunk_state_support_anchor/score_mean:0.134 - chunk_state_support_anchor/positive_candidate_ratio:0.750 - chunk_state_support_anchor/prefix_match_mean:1.000 - chunk_state_support_anchor/prefix_match_min:1.000 - chunk_state_support_anchor/anchor_mass_mean:0.179 - chunk_state_support_anchor/anchor_mass_max:0.808 - chunk_state_support_anchor/anchor_len_mean:113.556 - chunk_state_support_anchor/unique_answer_ratio:0.805 - chunk_state_support_anchor/selected_rank_mean:2.729 - chunk_state_probe/skipped_for_support_flow:1.000 - chunk_state_support_flow/score_type_mass:0.000 - chunk_state_support_flow/score_type_soft_mass:0.000 - chunk_state_support_flow/score_type_gain:0.000 - chunk_state_support_flow/score_type_relative_gain:0.000 - chunk_state_support_flow/score_type_soft_relative_mass:0.000 - chunk_state_support_flow/score_type_softplus_gain:1.000 - chunk_state_support_flow/gain_slack:0.000 - chunk_state_support_flow/baseline_scale:1.000 - chunk_state_support_flow/source_prior_weight:1.000 - chunk_state_support_flow/min_positive_margin:0.000 - chunk_state_support_flow/softplus_temperature:0.125 - chunk_state_support_flow/split_mass_by_answer:1.000 - chunk_state_support_flow/answer_split_power:0.500 - chunk_state_support_flow/answer_duplicate_ratio:0.196 - chunk_state_support_flow/raw_anchor_mass_mean:0.134 - chunk_state_support_flow/anchor_mass_mean:0.081 - chunk_state_support_flow/source_mass_mean:0.092 - chunk_state_support_flow/positive_margin_mean:0.116 - chunk_state_support_flow/state_keep_ratio:1.000 - chunk_state_support_flow/score_mean:0.484 - chunk_state_support_flow/score_max_mean:0.637 - chunk_state_support_flow/label_consistent_ratio:1.000 - chunk_state_support_flow/raw_positive_ratio:0.484 - chunk_state_score/mode_majority_completion:0.000 - chunk_state_score/mode_answer_consensus:0.000 - chunk_state_score/mode_answer_distribution:0.000 - chunk_state_score/mode_answer_value_gain:0.000 - chunk_state_score/mode_answer_value_margin:0.000 - chunk_state_score/mode_answer_support_mass:0.000 - chunk_state_score/mode_future_support_gain:0.000 - chunk_state_score/mode_support_anchor:0.000 - chunk_state_score/mode_support_flow:1.000 - chunk_state_score/mode_answer_source_consistency:0.000 - chunk_state_diag/boundary_mean:789.333 - chunk_state_diag/boundary_min:512.000 - chunk_state_diag/boundary_max:1024.000 - chunk_state_diag/boundary_zero_ratio:0.000 - chunk_state_diag/skipped_short_sources:0.000 - chunk_state_diag/skipped_support_sources:8.000 - chunk_state_diag/majority_consistent_fallbacks:0.000 - chunk_state_diag/support_low_fallbacks:0.000 - chunk_state_diag/real_state_count:24.000 - chunk_state_diag/pad_state_count:0.000 - chunk_state_diag/loss_weight_mean:1.000 - chunk_state_diag/source_response_len_mean:2186.917 - chunk_state_diag/probe_score_std:0.224 - chunk_state_diag/state_probe_mean_max:0.769 - chunk_state_diag/state_probe_mean_min:0.048 - chunk_state_diag/state_all_positive_ratio:1.000 - chunk_state_diag/state_all_negative_ratio:0.000 - chunk_state_diag/state_mixed_ratio:0.000 - chunk_state_diag/source_answer_mass_mean:0.092 - chunk_state_diag/source_answer_mass_min:0.031 - chunk_state_diag/source_prompt_top_mass_mean:0.491 - chunk_state_diag/source_prompt_top_mass_min:0.300 - chunk_state_diag/prompt_valid_answer_coverage_mean:0.853 - chunk_state_diag/prompt_answer_top_margin_mean:0.414 - chunk_state_diag/prompt_answer_entropy_mean:1.900 - chunk_state_diag/source_pseudo_acc_mean:0.125 - chunk_state_diag/source_original_acc_mean:0.167 - chunk_state_diag/prompt_pseudo_mean:0.401 - chunk_state_diag/prompt_original_mean:0.430 - chunk_state_diag/prompt_original_pass:1.000 - chunk_state_diag/probe_mean_source_original_correct:0.203 - chunk_state_diag/probe_mean_source_original_wrong:0.540 - chunk_state_diag/source_original_correct_ratio:0.167 - chunk_state_diag/jsonl_rows:24.000 - chunk_state/num_states:24.000 - chunk_state/real_states:24.000 - chunk_state/pad_states:0.000 - chunk_state/num_candidates:192.000 - chunk_state/num_actor_samples:64.000 - chunk_state/loss_weight_mean:1.000 - chunk_state/base_loss_weight_mean:1.000 - chunk_state/zeroed_state_ratio:0.667 - chunk_state/confidence_gate_ratio:0.333 - chunk_state/confidence_weight_mean:1.000 - chunk_state/min_state_positive_margin:0.100 - chunk_state/future_support_keep_mode_hard:1.000 - chunk_state/future_support_keep_mode_soft:0.000 - chunk_state/future_support_keep_mode_off:0.000 - chunk_state/future_support_soft_weight_mean:1.000 - chunk_state/future_support_state_weight_mean:1.000 - chunk_state/future_support_soft_weight_floor:0.000 - chunk_state/future_support_keep_ratio:1.000 - chunk_state/source_quality_weight_mode_off:1.000 - chunk_state/source_quality_weight_mode_source_mass:0.000 - chunk_state/source_quality_weight_mode_prompt_top_mass:0.000 - chunk_state/source_quality_weight_mode_product:0.000 - chunk_state/source_quality_weight_mode_prompt_valid_answer_coverage:0.000 - chunk_state/source_quality_weight_mode_prompt_top_margin:0.000 - chunk_state/source_quality_weight_mode_coverage_margin_product:0.000 - chunk_state/source_quality_weight_mode_group_quality:0.000 - chunk_state/source_quality_weight_mean:1.000 - chunk_state/source_quality_weight_floor:0.000 - chunk_state/source_quality_weight_power:1.000 - chunk_state/source_quality_max_entropy:0.000 - chunk_state/source_answer_mass_mean:0.092 - chunk_state/source_prompt_top_mass_mean:0.491 - chunk_state/prompt_valid_answer_coverage_mean:0.853 - chunk_state/prompt_answer_top_margin_mean:0.414 - chunk_state/prompt_answer_entropy_mean:1.900 - chunk_state/majority_ratio_mean:0.491 - chunk_state/answer_coverage_mean:0.734 - chunk_state/answer_coverage_weighted_mean:0.875 - chunk_state/positive_margin_mean:0.116 - chunk_state/positive_margin_weighted_mean:0.289 - chunk_state/positive_ratio:0.484 - chunk_state/label_consistent_only:0.000 - chunk_state/zero_inconsistent_candidates:0.000 - chunk_state/prune_zero_weight_samples:1.000 - chunk_state/prune_padded_to_shards:0.000 - chunk_state/pruned_sample_ratio:0.667 - chunk_state/label_consistent_ratio:1.000 - chunk_state/informative_ratio:1.000 - chunk_state/kept_state_ratio:0.333 - chunk_state/target_entropy:1.993 - chunk_state/target_prior_mean:1.000 - chunk_state/target_prior_max:1.000 - chunk_state/weight_max:0.389 - chunk_state/weight_min:0.033 - chunk_state/powerflow_weight_clip:4.000 - chunk_state/powerflow_weight_clip_renorm:1.000 - chunk_state/powerflow_weight_before_clip_max:2.679 - chunk_state/powerflow_weight_before_clip_mean:1.000 - chunk_state/powerflow_weight_mean:1.000 - chunk_state/powerflow_weight_max:2.679 - chunk_state/powerflow_weight_min:0.338 - chunk_state/boxed_reward_mean:0.636 - chunk_state/boxed_reward_weighted_mean:0.736 - chunk_state/actor_batch_powerflow_weight_nonzero_ratio:1.000 - chunk_state/actor_batch_powerflow_weight_shard0_mean:1.178 - chunk_state/actor_batch_powerflow_weight_shard0_nonzero_ratio:1.000 - chunk_state/actor_batch_powerflow_weight_shard_mean_low:0.886 - chunk_state/actor_batch_powerflow_weight_shard_mean_high:1.178 - chunk_state/actor_batch_powerflow_weight_zero_shard_ratio:0.000 - chunk_state_actor_span/mode_chunk:1.000 - chunk_state_actor_span/response_len_mean:116.771 - chunk_state_actor_span/truncated_ratio:0.000 - actor/pg_loss:1.156 - actor/powerflow_loss:1.156 - actor/log_prob:-1.273 - actor/old_log_prob:0.000 - actor/ref_log_prob:-1.270 - actor/ref_log_prob/std:0.000 - actor/boxed_reward/mean:0.384 - actor/boxed_reward/min:0.000 - actor/boxed_reward/max:0.915 - actor/powerflow_weight/mean:1.178 - actor/powerflow_weight/min:0.488 - actor/powerflow_weight/max:2.679 - actor/powerflow_weight/nonzero_ratio:1.000 - actor/powerflow_local_batch_size:1.000 - actor/log_z:-1.491 - actor/importance_weight:0.800 - actor/powerflow_chunk_loss_target_only:0.000 - actor/ppo_kl:1.273 - actor/ref_kl:0.002 - actor/beta_coef:4.000 - actor/cispo_mask_ratio:0.460 - actor/cispo_dropped_tokens:54.625 - actor/condition_1_count:0.000 - actor/condition_2_count:54.625 - actor/pg_clipfrac:0.000 - actor/pg_clipfrac_lower:0.000 - actor/grad_norm:16.168 - perf/mfu/actor:0.000 - perf/max_memory_allocated_gb:163.207 - perf/max_memory_reserved_gb:176.094 - perf/cpu_memory_used_gb:790.493 - actor/lr:0.000 - timing_s/generate_sequences:29.880 - timing_s/reshard:0.302 - timing_s/gen:43.426 - timing_s/chunk_state_make_states:0.018 - timing_s/chunk_state_chunks/generate_sequences:0.569 - timing_s/chunk_state_chunks/reshard:0.340 - timing_s/chunk_state_chunks:0.969 - timing_s/chunk_state_score:7.355 - timing_s/chunk_state_build_actor_batch:0.010 - timing_s/chunk_state_ref:4.854 - timing_s/update_actor:2.857 - timing_per_token_ms/update_actor:0.003 - timing_per_token_ms/gen:0.043[36m(TaskRunner pid=220787)[0m Training Progress:  33%|███▎      | 1/3 [01:17<02:34, 77.45s/it]

[36m(TaskRunner pid=220787)[0m [Shutdown] 11 subprocess(es) terminated.
[36m(TaskRunner pid=220787)[0m [Shutdown] 3 subprocess(es) terminated.
[36m(TaskRunner pid=220787)[0m [Shutdown] 3 subprocess(es) terminated.
[36m(TaskRunner pid=220787)[0m step:2 - chunk_state_source/selected_original_acc_mean:0.083 - chunk_state_source/prompt_original_pass:0.938 - chunk_state_source/prompt_original_mean:0.301 - chunk_state_source_chunk/enabled:1.000 - chunk_state_source_chunk/injected_ratio:1.000 - chunk_state_source_chunk/mean_len:128.000 - chunk_state_source_chunk/candidate_index:0.000 - chunk_state_support_anchor/enabled:1.000 - chunk_state_support_anchor/count:7.000 - chunk_state_support_anchor/candidate_start:1.000 - chunk_state_support_anchor/min_mass:0.031 - chunk_state_support_anchor/selection_mode_answer_stratified:0.000 - chunk_state_support_anchor/prefix_compat_enable:0.000 - chunk_state_support_anchor/prefix_compat_mode_hard:1.000 - chunk_state_support_anchor/prefix_compat_mode_soft:0.000 - chunk_state_support_anchor/prefix_compat_tokens:128.000 - chunk_state_support_anchor/min_prefix_match:0.750 - chunk_state_support_anchor/prefix_score_power:1.000 - chunk_state_support_anchor/skip_source:1.000 - chunk_state_support_anchor/injected_ratio:0.792 - chunk_state_support_anchor/state_keep_ratio:1.000 - chunk_state_support_anchor/skipped_no_anchor_ratio:0.000 - chunk_state_support_anchor/skipped_by_compat_ratio:0.000 - chunk_state_support_anchor/skipped_source_ratio:0.031 - chunk_state_support_anchor/score_mean:0.154 - chunk_state_support_anchor/positive_candidate_ratio:0.693 - chunk_state_support_anchor/prefix_match_mean:1.000 - chunk_state_support_anchor/prefix_match_min:1.000 - chunk_state_support_anchor/anchor_mass_mean:0.222 - chunk_state_support_anchor/anchor_mass_max:0.862 - chunk_state_support_anchor/anchor_len_mean:115.391 - chunk_state_support_anchor/unique_answer_ratio:0.827 - chunk_state_support_anchor/selected_rank_mean:2.609 - chunk_state_probe/skipped_for_support_flow:1.000 - chunk_state_support_flow/score_type_mass:0.000 - chunk_state_support_flow/score_type_soft_mass:0.000 - chunk_state_support_flow/score_type_gain:0.000 - chunk_state_support_flow/score_type_relative_gain:0.000 - chunk_state_support_flow/score_type_soft_relative_mass:0.000 - chunk_state_support_flow/score_type_softplus_gain:1.000 - chunk_state_support_flow/gain_slack:0.000 - chunk_state_support_flow/baseline_scale:1.000 - chunk_state_support_flow/source_prior_weight:1.000 - chunk_state_support_flow/min_positive_margin:0.000 - chunk_state_support_flow/softplus_temperature:0.125 - chunk_state_support_flow/split_mass_by_answer:1.000 - chunk_state_support_flow/answer_split_power:0.500 - chunk_state_support_flow/answer_duplicate_ratio:0.158 - chunk_state_support_flow/raw_anchor_mass_mean:0.154 - chunk_state_support_flow/anchor_mass_mean:0.102 - chunk_state_support_flow/source_mass_mean:0.115 - chunk_state_support_flow/positive_margin_mean:0.335 - chunk_state_support_flow/state_keep_ratio:1.000 - chunk_state_support_flow/score_mean:0.467 - chunk_state_support_flow/score_max_mean:0.756 - chunk_state_support_flow/label_consistent_ratio:1.000 - chunk_state_support_flow/raw_positive_ratio:0.467 - chunk_state_score/mode_majority_completion:0.000 - chunk_state_score/mode_answer_consensus:0.000 - chunk_state_score/mode_answer_distribution:0.000 - chunk_state_score/mode_answer_value_gain:0.000 - chunk_state_score/mode_answer_value_margin:0.000 - chunk_state_score/mode_answer_support_mass:0.000 - chunk_state_score/mode_future_support_gain:0.000 - chunk_state_score/mode_support_anchor:0.000 - chunk_state_score/mode_support_flow:1.000 - chunk_state_score/mode_answer_source_consistency:0.000 - chunk_state_diag/boundary_mean:757.333 - chunk_state_diag/boundary_min:512.000 - chunk_state_diag/boundary_max:1024.000 - chunk_state_diag/boundary_zero_ratio:0.000 - chunk_state_diag/skipped_short_sources:0.000 - chunk_state_diag/skipped_support_sources:15.000 - chunk_state_diag/majority_consistent_fallbacks:0.000 - chunk_state_diag/support_low_fallbacks:0.000 - chunk_state_diag/real_state_count:17.000 - chunk_state_diag/pad_state_count:7.000 - chunk_state_diag/loss_weight_mean:0.708 - chunk_state_diag/source_response_len_mean:1846.250 - chunk_state_diag/probe_score_std:0.240 - chunk_state_diag/state_probe_mean_max:0.851 - chunk_state_diag/state_probe_mean_min:0.040 - chunk_state_diag/state_all_positive_ratio:1.000 - chunk_state_diag/state_all_negative_ratio:0.000 - chunk_state_diag/state_mixed_ratio:0.000 - chunk_state_diag/source_answer_mass_mean:0.115 - chunk_state_diag/source_answer_mass_min:0.031 - chunk_state_diag/source_prompt_top_mass_mean:0.637 - chunk_state_diag/source_prompt_top_mass_min:0.304 - chunk_state_diag/prompt_valid_answer_coverage_mean:0.841 - chunk_state_diag/prompt_answer_top_margin_mean:0.547 - chunk_state_diag/prompt_answer_entropy_mean:1.324 - chunk_state_diag/source_pseudo_acc_mean:0.125 - chunk_state_diag/source_original_acc_mean:0.083 - chunk_state_diag/prompt_pseudo_mean:0.505 - chunk_state_diag/prompt_original_mean:0.517 - chunk_state_diag/prompt_original_pass:1.000 - chunk_state_diag/probe_mean_source_original_correct:0.048 - chunk_state_diag/probe_mean_source_original_wrong:0.505 - chunk_state_diag/source_original_correct_ratio:0.083 - chunk_state_diag/jsonl_rows:24.000 - chunk_state/num_states:24.000 - chunk_state/real_states:17.000 - chunk_state/pad_states:7.000 - chunk_state/num_candidates:192.000 - chunk_state/num_actor_samples:40.000 - chunk_state/loss_weight_mean:1.000 - chunk_state/base_loss_weight_mean:0.708 - chunk_state/zeroed_state_ratio:0.792 - chunk_state/confidence_gate_ratio:0.500 - chunk_state/confidence_weight_mean:1.000 - chunk_state/min_state_positive_margin:0.100 - chunk_state/future_support_keep_mode_hard:1.000 - chunk_state/future_support_keep_mode_soft:0.000 - chunk_state/future_support_keep_mode_off:0.000 - chunk_state/future_support_soft_weight_mean:1.000 - chunk_state/future_support_state_weight_mean:1.000 - chunk_state/future_support_soft_weight_floor:0.000 - chunk_state/future_support_keep_ratio:1.000 - chunk_state/source_quality_weight_mode_off:1.000 - chunk_state/source_quality_weight_mode_source_mass:0.000 - chunk_state/source_quality_weight_mode_prompt_top_mass:0.000 - chunk_state/source_quality_weight_mode_product:0.000 - chunk_state/source_quality_weight_mode_prompt_valid_answer_coverage:0.000 - chunk_state/source_quality_weight_mode_prompt_top_margin:0.000 - chunk_state/source_quality_weight_mode_coverage_margin_product:0.000 - chunk_state/source_quality_weight_mode_group_quality:0.000 - chunk_state/source_quality_weight_mean:1.000 - chunk_state/source_quality_weight_floor:0.000 - chunk_state/source_quality_weight_power:1.000 - chunk_state/source_quality_max_entropy:0.000 - chunk_state/source_answer_mass_mean:0.115 - chunk_state/source_prompt_top_mass_mean:0.637 - chunk_state/prompt_valid_answer_coverage_mean:0.841 - chunk_state/prompt_answer_top_margin_mean:0.547 - chunk_state/prompt_answer_entropy_mean:1.324 - chunk_state/majority_ratio_mean:0.637 - chunk_state/answer_coverage_mean:0.646 - chunk_state/answer_coverage_weighted_mean:0.825 - chunk_state/positive_margin_mean:0.335 - chunk_state/positive_margin_weighted_mean:0.335 - chunk_state/positive_ratio:0.467 - chunk_state/label_consistent_only:0.000 - chunk_state/zero_inconsistent_candidates:0.000 - chunk_state/prune_zero_weight_samples:1.000 - chunk_state/prune_padded_to_shards:0.000 - chunk_state/pruned_sample_ratio:0.792 - chunk_state/label_consistent_ratio:1.000 - chunk_state/informative_ratio:1.000 - chunk_state/kept_state_ratio:0.500 - chunk_state/target_entropy:1.903 - chunk_state/target_prior_mean:1.000 - chunk_state/target_prior_max:1.000 - chunk_state/weight_max:0.596 - chunk_state/weight_min:0.024 - chunk_state/powerflow_weight_clip:4.000 - chunk_state/powerflow_weight_clip_renorm:1.000 - chunk_state/powerflow_weight_before_clip_max:2.869 - chunk_state/powerflow_weight_before_clip_mean:1.000 - chunk_state/powerflow_weight_mean:1.000 - chunk_state/powerflow_weight_max:2.869 - chunk_state/powerflow_weight_min:0.277 - chunk_state/boxed_reward_mean:0.634 - chunk_state/boxed_reward_weighted_mean:0.726 - chunk_state/actor_batch_powerflow_weight_nonzero_ratio:1.000 - chunk_state/actor_batch_powerflow_weight_shard0_mean:1.304 - chunk_state/actor_batch_powerflow_weight_shard0_nonzero_ratio:1.000 - chunk_state/actor_batch_powerflow_weight_shard_mean_low:0.785 - chunk_state/actor_batch_powerflow_weight_shard_mean_high:1.304 - chunk_state/actor_batch_powerflow_weight_zero_shard_ratio:0.000 - chunk_state_actor_span/mode_chunk:1.000 - chunk_state_actor_span/response_len_mean:118.833 - chunk_state_actor_span/truncated_ratio:0.000 - actor/pg_loss:1.389 - actor/powerflow_loss:1.389 - actor/log_prob:-1.404 - actor/old_log_prob:0.000 - actor/ref_log_prob:-1.405 - actor/ref_log_prob/std:0.000 - actor/boxed_reward/mean:0.379 - actor/boxed_reward/min:0.000 - actor/boxed_reward/max:0.911 - actor/powerflow_weight/mean:1.304 - actor/powerflow_weight/min:0.600 - actor/powerflow_weight/max:2.869 - actor/powerflow_weight/nonzero_ratio:1.000 - actor/powerflow_local_batch_size:1.000 - actor/log_z:-1.203 - actor/importance_weight:0.800 - actor/powerflow_chunk_loss_target_only:0.000 - actor/ppo_kl:1.404 - actor/ref_kl:-0.001 - actor/beta_coef:4.000 - actor/cispo_mask_ratio:0.347 - actor/cispo_dropped_tokens:25.400 - actor/condition_1_count:0.000 - actor/condition_2_count:25.400 - actor/pg_clipfrac:0.000 - actor/pg_clipfrac_lower:0.000 - actor/grad_norm:6.453 - perf/mfu/actor:0.000 - perf/max_memory_allocated_gb:166.224 - perf/max_memory_reserved_gb:176.094 - perf/cpu_memory_used_gb:790.849 - actor/lr:0.000 - timing_s/generate_sequences:18.003 - timing_s/reshard:0.423 - timing_s/gen:24.068 - timing_s/chunk_state_make_states:0.022 - timing_s/chunk_state_chunks/generate_sequences:0.559 - timing_s/chunk_state_chunks/reshard:0.489 - timing_s/chunk_state_chunks:1.126 - timing_s/chunk_state_score:5.838 - timing_s/chunk_state_build_actor_batch:0.009 - timing_s/chunk_state_ref:0.588 - timing_s/update_actor:1.662 - timing_per_token_ms/update_actor:0.001 - timing_per_token_ms/gen:0.022[36m(TaskRunner pid=220787)[0m Training Progress:  67%|██████▋   | 2/3 [01:58<00:55, 55.78s/it]
[36m(TaskRunner pid=220787)[0m <string>:1: SymPyDeprecationWarning: 
[36m(TaskRunner pid=220787)[0m 
[36m(TaskRunner pid=220787)[0m Using non-Expr arguments in Pow is deprecated (in this case, one of the
[36m(TaskRunner pid=220787)[0m arguments is of type 'FiniteSet').
[36m(TaskRunner pid=220787)[0m 
[36m(TaskRunner pid=220787)[0m If you really did intend to construct a power with this base, use the **
[36m(TaskRunner pid=220787)[0m operator instead.
[36m(TaskRunner pid=220787)[0m 
[36m(TaskRunner pid=220787)[0m See https://docs.sympy.org/latest/explanation/active-deprecations.html#non-expr-args-deprecated
[36m(TaskRunner pid=220787)[0m for details.
[36m(TaskRunner pid=220787)[0m 
[36m(TaskRunner pid=220787)[0m This has been deprecated since SymPy version 1.7. It
[36m(TaskRunner pid=220787)[0m will be removed in a future version of SymPy.
[36m(TaskRunner pid=220787)[0m 
[36m(TaskRunner pid=220787)[0m /mlx_devbox/users/quyanyi/playground/.venvs/ttrl_b200/lib/python3.11/site-packages/sympy/core/power.py:1257: SymPyDeprecationWarning: 
[36m(TaskRunner pid=220787)[0m 
[36m(TaskRunner pid=220787)[0m Using non-Expr arguments in Pow is deprecated (in this case, one of the
[36m(TaskRunner pid=220787)[0m arguments is of type 'FiniteSet').
[36m(TaskRunner pid=220787)[0m 
[36m(TaskRunner pid=220787)[0m If you really did intend to construct a power with this base, use the **
[36m(TaskRunner pid=220787)[0m operator instead.
[36m(TaskRunner pid=220787)[0m 
[36m(TaskRunner pid=220787)[0m See https://docs.sympy.org/latest/explanation/active-deprecations.html#non-expr-args-deprecated
[36m(TaskRunner pid=220787)[0m for details.
[36m(TaskRunner pid=220787)[0m 
[36m(TaskRunner pid=220787)[0m This has been deprecated since SymPy version 1.7. It
[36m(TaskRunner pid=220787)[0m will be removed in a future version of SymPy.
[36m(TaskRunner pid=220787)[0m 
[36m(TaskRunner pid=220787)[0m   p = self.func(*self.as_base_exp())  # in case it's unevaluated
[36m(TaskRunner pid=220787)[0m <string>:1: SymPyDeprecationWarning: 
[36m(TaskRunner pid=220787)[0m 
[36m(TaskRunner pid=220787)[0m Using non-Expr arguments in Pow is deprecated (in this case, one of the
[36m(TaskRunner pid=220787)[0m arguments is of type 'FiniteSet').
[36m(TaskRunner pid=220787)[0m 
[36m(TaskRunner pid=220787)[0m If you really did intend to construct a power with this base, use the **
[36m(TaskRunner pid=220787)[0m operator instead.
[36m(TaskRunner pid=220787)[0m 
[36m(TaskRunner pid=220787)[0m See https://docs.sympy.org/latest/explanation/active-deprecations.html#non-expr-args-deprecated
[36m(TaskRunner pid=220787)[0m for details.
[36m(TaskRunner pid=220787)[0m 
[36m(TaskRunner pid=220787)[0m This has been deprecated since SymPy version 1.7. It
[36m(TaskRunner pid=220787)[0m will be removed in a future version of SymPy.
[36m(TaskRunner pid=220787)[0m 
[36m(TaskRunner pid=220787)[0m /mlx_devbox/users/quyanyi/playground/.venvs/ttrl_b200/lib/python3.11/site-packages/sympy/core/power.py:1257: SymPyDeprecationWarning: 
[36m(TaskRunner pid=220787)[0m 
[36m(TaskRunner pid=220787)[0m Using non-Expr arguments in Pow is deprecated (in this case, one of the
[36m(TaskRunner pid=220787)[0m arguments is of type 'FiniteSet').
[36m(TaskRunner pid=220787)[0m 
[36m(TaskRunner pid=220787)[0m If you really did intend to construct a power with this base, use the **
[36m(TaskRunner pid=220787)[0m operator instead.
[36m(TaskRunner pid=220787)[0m 
[36m(TaskRunner pid=220787)[0m See https://docs.sympy.org/latest/explanation/active-deprecations.html#non-expr-args-deprecated
[36m(TaskRunner pid=220787)[0m for details.
[36m(TaskRunner pid=220787)[0m 
[36m(TaskRunner pid=220787)[0m This has been deprecated since SymPy version 1.7. It
[36m(TaskRunner pid=220787)[0m will be removed in a future version of SymPy.
[36m(TaskRunner pid=220787)[0m 
[36m(TaskRunner pid=220787)[0m   p = self.func(*self.as_base_exp())  # in case it's unevaluated

[36m(TaskRunner pid=220787)[0m [Shutdown] 3 subprocess(es) terminated.
[36m(TaskRunner pid=220787)[0m [Shutdown] 42 subprocess(es) terminated.
[36m(TaskRunner pid=220787)[0m [Shutdown] 3 subprocess(es) terminated.
[36m(TaskRunner pid=220787)[0m step:3 - chunk_state_source/selected_original_acc_mean:0.083 - chunk_state_source/prompt_original_pass:0.938 - chunk_state_source/prompt_original_mean:0.318 - chunk_state_source_chunk/enabled:1.000 - chunk_state_source_chunk/injected_ratio:1.000 - chunk_state_source_chunk/mean_len:128.000 - chunk_state_source_chunk/candidate_index:0.000 - chunk_state_support_anchor/enabled:1.000 - chunk_state_support_anchor/count:7.000 - chunk_state_support_anchor/candidate_start:1.000 - chunk_state_support_anchor/min_mass:0.031 - chunk_state_support_anchor/selection_mode_answer_stratified:0.000 - chunk_state_support_anchor/prefix_compat_enable:0.000 - chunk_state_support_anchor/prefix_compat_mode_hard:1.000 - chunk_state_support_anchor/prefix_compat_mode_soft:0.000 - chunk_state_support_anchor/prefix_compat_tokens:128.000 - chunk_state_support_anchor/min_prefix_match:0.750 - chunk_state_support_anchor/prefix_score_power:1.000 - chunk_state_support_anchor/skip_source:1.000 - chunk_state_support_anchor/injected_ratio:0.911 - chunk_state_support_anchor/state_keep_ratio:1.000 - chunk_state_support_anchor/skipped_no_anchor_ratio:0.000 - chunk_state_support_anchor/skipped_by_compat_ratio:0.000 - chunk_state_support_anchor/skipped_source_ratio:0.031 - chunk_state_support_anchor/score_mean:0.172 - chunk_state_support_anchor/positive_candidate_ratio:0.797 - chunk_state_support_anchor/prefix_match_mean:1.000 - chunk_state_support_anchor/prefix_match_min:1.000 - chunk_state_support_anchor/anchor_mass_mean:0.216 - chunk_state_support_anchor/anchor_mass_max:0.778 - chunk_state_support_anchor/anchor_len_mean:111.549 - chunk_state_support_anchor/unique_answer_ratio:0.754 - chunk_state_support_anchor/selected_rank_mean:2.824 - chunk_state_probe/skipped_for_support_flow:1.000 - chunk_state_support_flow/score_type_mass:0.000 - chunk_state_support_flow/score_type_soft_mass:0.000 - chunk_state_support_flow/score_type_gain:0.000 - chunk_state_support_flow/score_type_relative_gain:0.000 - chunk_state_support_flow/score_type_soft_relative_mass:0.000 - chunk_state_support_flow/score_type_softplus_gain:1.000 - chunk_state_support_flow/gain_slack:0.000 - chunk_state_support_flow/baseline_scale:1.000 - chunk_state_support_flow/source_prior_weight:1.000 - chunk_state_support_flow/min_positive_margin:0.000 - chunk_state_support_flow/softplus_temperature:0.125 - chunk_state_support_flow/split_mass_by_answer:1.000 - chunk_state_support_flow/answer_split_power:0.500 - chunk_state_support_flow/answer_duplicate_ratio:0.257 - chunk_state_support_flow/raw_anchor_mass_mean:0.172 - chunk_state_support_flow/anchor_mass_mean:0.105 - chunk_state_support_flow/source_mass_mean:0.077 - chunk_state_support_flow/positive_margin_mean:0.186 - chunk_state_support_flow/state_keep_ratio:1.000 - chunk_state_support_flow/score_mean:0.542 - chunk_state_support_flow/score_max_mean:0.731 - chunk_state_support_flow/label_consistent_ratio:1.000 - chunk_state_support_flow/raw_positive_ratio:0.542 - chunk_state_score/mode_majority_completion:0.000 - chunk_state_score/mode_answer_consensus:0.000 - chunk_state_score/mode_answer_distribution:0.000 - chunk_state_score/mode_answer_value_gain:0.000 - chunk_state_score/mode_answer_value_margin:0.000 - chunk_state_score/mode_answer_support_mass:0.000 - chunk_state_score/mode_future_support_gain:0.000 - chunk_state_score/mode_support_anchor:0.000 - chunk_state_score/mode_support_flow:1.000 - chunk_state_score/mode_answer_source_consistency:0.000 - chunk_state_diag/boundary_mean:725.333 - chunk_state_diag/boundary_min:512.000 - chunk_state_diag/boundary_max:1024.000 - chunk_state_diag/boundary_zero_ratio:0.000 - chunk_state_diag/skipped_short_sources:0.000 - chunk_state_diag/skipped_support_sources:12.000 - chunk_state_diag/majority_consistent_fallbacks:0.000 - chunk_state_diag/support_low_fallbacks:0.000 - chunk_state_diag/real_state_count:20.000 - chunk_state_diag/pad_state_count:4.000 - chunk_state_diag/loss_weight_mean:0.833 - chunk_state_diag/source_response_len_mean:1934.875 - chunk_state_diag/probe_score_std:0.232 - chunk_state_diag/state_probe_mean_max:0.816 - chunk_state_diag/state_probe_mean_min:0.090 - chunk_state_diag/state_all_positive_ratio:1.000 - chunk_state_diag/state_all_negative_ratio:0.000 - chunk_state_diag/state_mixed_ratio:0.000 - chunk_state_diag/source_answer_mass_mean:0.077 - chunk_state_diag/source_answer_mass_min:0.031 - chunk_state_diag/source_prompt_top_mass_mean:0.473 - chunk_state_diag/source_prompt_top_mass_min:0.316 - chunk_state_diag/prompt_valid_answer_coverage_mean:0.835 - chunk_state_diag/prompt_answer_top_margin_mean:0.328 - chunk_state_diag/prompt_answer_entropy_mean:1.771 - chunk_state_diag/source_pseudo_acc_mean:0.083 - chunk_state_diag/source_original_acc_mean:0.083 - chunk_state_diag/prompt_pseudo_mean:0.457 - chunk_state_diag/prompt_original_mean:0.456 - chunk_state_diag/prompt_original_pass:1.000 - chunk_state_diag/probe_mean_source_original_correct:0.096 - chunk_state_diag/probe_mean_source_original_wrong:0.583 - chunk_state_diag/source_original_correct_ratio:0.083 - chunk_state_diag/jsonl_rows:24.000 - chunk_state/num_states:24.000 - chunk_state/real_states:20.000 - chunk_state/pad_states:4.000 - chunk_state/num_candidates:192.000 - chunk_state/num_actor_samples:80.000 - chunk_state/loss_weight_mean:1.000 - chunk_state/base_loss_weight_mean:0.833 - chunk_state/zeroed_state_ratio:0.583 - chunk_state/confidence_gate_ratio:0.583 - chunk_state/confidence_weight_mean:1.000 - chunk_state/min_state_positive_margin:0.100 - chunk_state/future_support_keep_mode_hard:1.000 - chunk_state/future_support_keep_mode_soft:0.000 - chunk_state/future_support_keep_mode_off:0.000 - chunk_state/future_support_soft_weight_mean:1.000 - chunk_state/future_support_state_weight_mean:1.000 - chunk_state/future_support_soft_weight_floor:0.000 - chunk_state/future_support_keep_ratio:1.000 - chunk_state/source_quality_weight_mode_off:1.000 - chunk_state/source_quality_weight_mode_source_mass:0.000 - chunk_state/source_quality_weight_mode_prompt_top_mass:0.000 - chunk_state/source_quality_weight_mode_product:0.000 - chunk_state/source_quality_weight_mode_prompt_valid_answer_coverage:0.000 - chunk_state/source_quality_weight_mode_prompt_top_margin:0.000 - chunk_state/source_quality_weight_mode_coverage_margin_product:0.000 - chunk_state/source_quality_weight_mode_group_quality:0.000 - chunk_state/source_quality_weight_mean:1.000 - chunk_state/source_quality_weight_floor:0.000 - chunk_state/source_quality_weight_power:1.000 - chunk_state/source_quality_max_entropy:0.000 - chunk_state/source_answer_mass_mean:0.077 - chunk_state/source_prompt_top_mass_mean:0.473 - chunk_state/prompt_valid_answer_coverage_mean:0.835 - chunk_state/prompt_answer_top_margin_mean:0.328 - chunk_state/prompt_answer_entropy_mean:1.771 - chunk_state/majority_ratio_mean:0.473 - chunk_state/answer_coverage_mean:0.760 - chunk_state/answer_coverage_weighted_mean:0.837 - chunk_state/positive_margin_mean:0.186 - chunk_state/positive_margin_weighted_mean:0.311 - chunk_state/positive_ratio:0.542 - chunk_state/label_consistent_only:0.000 - chunk_state/zero_inconsistent_candidates:0.000 - chunk_state/prune_zero_weight_samples:1.000 - chunk_state/prune_padded_to_shards:0.000 - chunk_state/pruned_sample_ratio:0.583 - chunk_state/label_consistent_ratio:1.000 - chunk_state/informative_ratio:1.000 - chunk_state/kept_state_ratio:0.583 - chunk_state/target_entropy:1.922 - chunk_state/target_prior_mean:1.000 - chunk_state/target_prior_max:1.000 - chunk_state/weight_max:0.866 - chunk_state/weight_min:0.016 - chunk_state/powerflow_weight_clip:4.000 - chunk_state/powerflow_weight_clip_renorm:1.000 - chunk_state/powerflow_weight_before_clip_max:2.457 - chunk_state/powerflow_weight_before_clip_mean:1.000 - chunk_state/powerflow_weight_mean:1.000 - chunk_state/powerflow_weight_max:2.457 - chunk_state/powerflow_weight_min:0.300 - chunk_state/boxed_reward_mean:0.656 - chunk_state/boxed_reward_weighted_mean:0.746 - chunk_state/actor_batch_powerflow_weight_nonzero_ratio:1.000 - chunk_state/actor_batch_powerflow_weight_shard0_mean:1.118 - chunk_state/actor_batch_powerflow_weight_shard0_nonzero_ratio:1.000 - chunk_state/actor_batch_powerflow_weight_shard_mean_low:0.916 - chunk_state/actor_batch_powerflow_weight_shard_mean_high:1.118 - chunk_state/actor_batch_powerflow_weight_zero_shard_ratio:0.000 - chunk_state_actor_span/mode_chunk:1.000 - chunk_state_actor_span/response_len_mean:113.708 - chunk_state_actor_span/truncated_ratio:0.000 - actor/pg_loss:0.803 - actor/powerflow_loss:0.803 - actor/log_prob:-1.752 - actor/old_log_prob:0.000 - actor/ref_log_prob:-1.756 - actor/ref_log_prob/std:0.000 - actor/boxed_reward/mean:0.391 - actor/boxed_reward/min:0.000 - actor/boxed_reward/max:0.921 - actor/powerflow_weight/mean:1.118 - actor/powerflow_weight/min:0.480 - actor/powerflow_weight/max:2.457 - actor/powerflow_weight/nonzero_ratio:1.000 - actor/powerflow_local_batch_size:1.000 - actor/log_z:-1.321 - actor/importance_weight:0.800 - actor/powerflow_chunk_loss_target_only:0.000 - actor/ppo_kl:1.752 - actor/ref_kl:-0.004 - actor/beta_coef:4.000 - actor/cispo_mask_ratio:0.526 - actor/cispo_dropped_tokens:59.900 - actor/condition_1_count:0.000 - actor/condition_2_count:59.900 - actor/pg_clipfrac:0.000 - actor/pg_clipfrac_lower:0.000 - actor/grad_norm:16.326 - perf/mfu/actor:0.000 - perf/max_memory_allocated_gb:166.224 - perf/max_memory_reserved_gb:176.094 - perf/cpu_memory_used_gb:791.054 - actor/lr:0.000 - timing_s/generate_sequences:18.327 - timing_s/reshard:0.469 - timing_s/gen:22.527 - timing_s/chunk_state_make_states:0.023 - timing_s/chunk_state_chunks/generate_sequences:0.556 - timing_s/chunk_state_chunks/reshard:0.515 - timing_s/chunk_state_chunks:1.143 - timing_s/chunk_state_score:5.921 - timing_s/chunk_state_build_actor_batch:0.010 - timing_s/chunk_state_ref:1.192 - timing_s/update_actor:3.144 - timing_per_token_ms/update_actor:0.003 - timing_per_token_ms/gen:0.021[36m(TaskRunner pid=220787)[0m Training Progress:  67%|██████▋   | 2/3 [02:37<01:18, 78.91s/it]
[36m(TaskRunner pid=220787)[0m Traceback (most recent call last):
[36m(TaskRunner pid=220787)[0m   File "/usr/lib/python3.11/weakref.py", line 666, in _exitfunc
[36m(TaskRunner pid=220787)[0m     f()
[36m(TaskRunner pid=220787)[0m   File "/usr/lib/python3.11/weakref.py", line 590, in __call__
[36m(TaskRunner pid=220787)[0m     return info.func(*info.args, **(info.kwargs or {}))
[36m(TaskRunner pid=220787)[0m            ^^^^^^^^^^^^^^^^^^^^^^^^^^^^^^^^^^^^^^^^^^^^
[36m(TaskRunner pid=220787)[0m   File "/mlx_devbox/users/quyanyi/playground/.venvs/ttrl_b200/lib/python3.11/site-packages/torch/library.py", line 479, in _del_library
[36m(TaskRunner pid=220787)[0m     m.reset()
[36m(TaskRunner pid=220787)[0m   File "/mlx_devbox/users/quyanyi/playground/.venvs/ttrl_b200/lib/python3.11/site-packages/torch/utils/data/_utils/signal_handling.py", line 73, in handler
[36m(TaskRunner pid=220787)[0m     _error_if_any_worker_fails()
[36m(TaskRunner pid=220787)[0m RuntimeError: DataLoader worker (pid 239212) is killed by signal: Killed. 

[36m(TaskRunner pid=220787)[0m 'Final validation skipped'
