MODEL_READY: /models/Qwen2.5-Math-7B
Using python: /mlx_devbox/users/quyanyi/playground/.venvs/ttrl_h100_cu129/bin/python
Using model: /models/Qwen2.5-Math-7B
Using data: /mlx_devbox/users/quyanyi/playground/TTRL/verl/data/MATH-TTT
Output directory: /tmp/ttrl_h100/checkpoints/ttrl_sharpened_grpo_b16_r32_v64_3step_h100_aggr_nofree_kl_refmb8_nvls_fa2_mem060_soft002_20260803
Actor offload: param=False optimizer=False activation=False
Rollout: free_cache_engine=False enforce_eager=False gpu_memory_utilization=0.60
Critic offload: param=False optimizer=False activation=False
/mlx_devbox/users/quyanyi/playground/TTRL/verl/verl/__init__.py:18: UserWarning: pkg_resources is deprecated as an API. See https://setuptools.pypa.io/en/latest/pkg_resources.html. The pkg_resources package is slated for removal as early as 2025-11-30. Refrain from using this package or pin to Setuptools<81.
  import pkg_resources
/mlx_devbox/users/quyanyi/playground/.venvs/ttrl_h100_cu129/lib/python3.11/site-packages/transformers/utils/hub.py:110: FutureWarning: Using `TRANSFORMERS_CACHE` is deprecated and will be removed in v5 of Transformers. Use `HF_HOME` instead.
  warnings.warn(
2026-08-03 11:12:19,508	WARNING utils.py:481 -- Ray currently does not support initializing Ray with fractional cpus. Your num_cpus will be truncated from 169.2 to 169.
2026-08-03 11:12:23,036	INFO worker.py:2024 -- Started a local Ray instance.
[36m(pid=419958)[0m /mlx_devbox/users/quyanyi/playground/TTRL/verl/verl/__init__.py:18: UserWarning: pkg_resources is deprecated as an API. See https://setuptools.pypa.io/en/latest/pkg_resources.html. The pkg_resources package is slated for removal as early as 2025-11-30. Refrain from using this package or pin to Setuptools<81.
[36m(pid=419958)[0m   import pkg_resources
[36m(pid=419958)[0m /mlx_devbox/users/quyanyi/playground/.venvs/ttrl_h100_cu129/lib/python3.11/site-packages/transformers/utils/hub.py:110: FutureWarning: Using `TRANSFORMERS_CACHE` is deprecated and will be removed in v5 of Transformers. Use `HF_HOME` instead.
[36m(pid=419958)[0m   warnings.warn(
[36m(TaskRunner pid=419958)[0m TaskRunner hostname: trial-302244509-trialrun-302244509-worker-0, PID: 419958
[36m(TaskRunner pid=419958)[0m {'actor_rollout_ref': {'actor': {'checkpoint': {'load_contents': ['model',
[36m(TaskRunner pid=419958)[0m                                                                   'optimizer',
[36m(TaskRunner pid=419958)[0m                                                                   'extra'],
[36m(TaskRunner pid=419958)[0m                                                 'save_contents': ['model',
[36m(TaskRunner pid=419958)[0m                                                                   'optimizer',
[36m(TaskRunner pid=419958)[0m                                                                   'extra']},
[36m(TaskRunner pid=419958)[0m                                  'chunk_weighted_nll_enable': False,
[36m(TaskRunner pid=419958)[0m                                  'clip_ratio': 0.2,
[36m(TaskRunner pid=419958)[0m                                  'clip_ratio_c': 3.0,
[36m(TaskRunner pid=419958)[0m                                  'clip_ratio_high': 0.2,
[36m(TaskRunner pid=419958)[0m                                  'clip_ratio_low': 0.2,
[36m(TaskRunner pid=419958)[0m                                  'entropy_checkpointing': False,
[36m(TaskRunner pid=419958)[0m                                  'entropy_coeff': 0,
[36m(TaskRunner pid=419958)[0m                                  'entropy_from_logits_with_chunking': False,
[36m(TaskRunner pid=419958)[0m                                  'fsdp_config': {'forward_prefetch': False,
[36m(TaskRunner pid=419958)[0m                                                  'fsdp_size': -1,
[36m(TaskRunner pid=419958)[0m                                                  'offload_policy': False,
[36m(TaskRunner pid=419958)[0m                                                  'optimizer_offload': False,
[36m(TaskRunner pid=419958)[0m                                                  'param_offload': False,
[36m(TaskRunner pid=419958)[0m                                                  'reshard_after_forward': True,
[36m(TaskRunner pid=419958)[0m                                                  'wrap_policy': {'min_num_params': 0}},
[36m(TaskRunner pid=419958)[0m                                  'grad_clip': 1.0,
[36m(TaskRunner pid=419958)[0m                                  'kl_loss_coef': 0.001,
[36m(TaskRunner pid=419958)[0m                                  'kl_loss_type': 'low_var_kl',
[36m(TaskRunner pid=419958)[0m                                  'loss_agg_mode': 'token-mean',
[36m(TaskRunner pid=419958)[0m                                  'optim': {'lr': 5e-07,
[36m(TaskRunner pid=419958)[0m                                            'lr_warmup_steps': -1,
[36m(TaskRunner pid=419958)[0m                                            'lr_warmup_steps_ratio': 0.03,
[36m(TaskRunner pid=419958)[0m                                            'min_lr_ratio': 0.0,
[36m(TaskRunner pid=419958)[0m                                            'num_cycles': 0.5,
[36m(TaskRunner pid=419958)[0m                                            'total_training_steps': -1,
[36m(TaskRunner pid=419958)[0m                                            'warmup_style': 'cosine',
[36m(TaskRunner pid=419958)[0m                                            'weight_decay': 0.01},
[36m(TaskRunner pid=419958)[0m                                  'policy_loss': {'clip_cov_lb': 1.0,
[36m(TaskRunner pid=419958)[0m                                                  'clip_cov_ratio': 0.0002,
[36m(TaskRunner pid=419958)[0m                                                  'clip_cov_ub': 5.0,
[36m(TaskRunner pid=419958)[0m                                                  'kl_cov_ratio': 0.0002,
[36m(TaskRunner pid=419958)[0m                                                  'loss_mode': 'vanilla',
[36m(TaskRunner pid=419958)[0m                                                  'ppo_kl_coef': 0.1},
[36m(TaskRunner pid=419958)[0m                                  'powerflow_beta_coef': 4.0,
[36m(TaskRunner pid=419958)[0m                                  'powerflow_chunk_loss_mode': 'standard',
[36m(TaskRunner pid=419958)[0m                                  'powerflow_enable': False,
[36m(TaskRunner pid=419958)[0m                                  'powerflow_init_ref_log_prob': 0.36,
[36m(TaskRunner pid=419958)[0m                                  'powerflow_on_policy': False,
[36m(TaskRunner pid=419958)[0m                                  'powerflow_proj_layers': 3,
[36m(TaskRunner pid=419958)[0m                                  'powerflow_use_boxed_reward': False,
[36m(TaskRunner pid=419958)[0m                                  'powerflow_use_chunk_weights': False,
[36m(TaskRunner pid=419958)[0m                                  'ppo_epochs': 1,
[36m(TaskRunner pid=419958)[0m                                  'ppo_max_token_len_per_gpu': 4096,
[36m(TaskRunner pid=419958)[0m                                  'ppo_micro_batch_size': None,
[36m(TaskRunner pid=419958)[0m                                  'ppo_micro_batch_size_per_gpu': 2,
[36m(TaskRunner pid=419958)[0m                                  'ppo_mini_batch_size': 1,
[36m(TaskRunner pid=419958)[0m                                  'profiler': {'all_ranks': False,
[36m(TaskRunner pid=419958)[0m                                               'discrete': False,
[36m(TaskRunner pid=419958)[0m                                               'ranks': None},
[36m(TaskRunner pid=419958)[0m                                  'shuffle': False,
[36m(TaskRunner pid=419958)[0m                                  'strategy': 'fsdp',
[36m(TaskRunner pid=419958)[0m                                  'ulysses_sequence_parallel_size': 1,
[36m(TaskRunner pid=419958)[0m                                  'use_dynamic_bsz': False,
[36m(TaskRunner pid=419958)[0m                                  'use_kl_loss': True,
[36m(TaskRunner pid=419958)[0m                                  'use_torch_compile': True},
[36m(TaskRunner pid=419958)[0m                        'hybrid_engine': True,
[36m(TaskRunner pid=419958)[0m                        'model': {'attn_implementation': 'flash_attention_2',
[36m(TaskRunner pid=419958)[0m                                  'custom_chat_template': None,
[36m(TaskRunner pid=419958)[0m                                  'enable_activation_offload': False,
[36m(TaskRunner pid=419958)[0m                                  'enable_gradient_checkpointing': True,
[36m(TaskRunner pid=419958)[0m                                  'exclude_modules': None,
[36m(TaskRunner pid=419958)[0m                                  'external_lib': None,
[36m(TaskRunner pid=419958)[0m                                  'fused_kernel_options': {'impl_backend': 'triton'},
[36m(TaskRunner pid=419958)[0m                                  'lora_alpha': 16,
[36m(TaskRunner pid=419958)[0m                                  'lora_rank': 0,
[36m(TaskRunner pid=419958)[0m                                  'override_config': {},
[36m(TaskRunner pid=419958)[0m                                  'path': '/models/Qwen2.5-Math-7B',
[36m(TaskRunner pid=419958)[0m                                  'target_modules': 'all-linear',
[36m(TaskRunner pid=419958)[0m                                  'trust_remote_code': False,
[36m(TaskRunner pid=419958)[0m                                  'use_fused_kernels': True,
[36m(TaskRunner pid=419958)[0m                                  'use_liger': False,
[36m(TaskRunner pid=419958)[0m                                  'use_remove_padding': True,
[36m(TaskRunner pid=419958)[0m                                  'use_shm': False},
[36m(TaskRunner pid=419958)[0m                        'ref': {'entropy_checkpointing': False,
[36m(TaskRunner pid=419958)[0m                                'entropy_from_logits_with_chunking': False,
[36m(TaskRunner pid=419958)[0m                                'fsdp_config': {'forward_prefetch': False,
[36m(TaskRunner pid=419958)[0m                                                'param_offload': True,
[36m(TaskRunner pid=419958)[0m                                                'reshard_after_forward': True,
[36m(TaskRunner pid=419958)[0m                                                'wrap_policy': {'min_num_params': 0}},
[36m(TaskRunner pid=419958)[0m                                'log_prob_max_token_len_per_gpu': 4096,
[36m(TaskRunner pid=419958)[0m                                'log_prob_micro_batch_size': None,
[36m(TaskRunner pid=419958)[0m                                'log_prob_micro_batch_size_per_gpu': 8,
[36m(TaskRunner pid=419958)[0m                                'log_prob_use_dynamic_bsz': False,
[36m(TaskRunner pid=419958)[0m                                'profiler': {'all_ranks': False,
[36m(TaskRunner pid=419958)[0m                                             'discrete': False,
[36m(TaskRunner pid=419958)[0m                                             'ranks': None},
[36m(TaskRunner pid=419958)[0m                                'strategy': 'fsdp',
[36m(TaskRunner pid=419958)[0m                                'ulysses_sequence_parallel_size': 1,
[36m(TaskRunner pid=419958)[0m                                'use_torch_compile': True},
[36m(TaskRunner pid=419958)[0m                        'rollout': {'agent': {'num_workers': 8},
[36m(TaskRunner pid=419958)[0m                                    'calculate_log_probs': True,
[36m(TaskRunner pid=419958)[0m                                    'disable_log_stats': True,
[36m(TaskRunner pid=419958)[0m                                    'do_sample': True,
[36m(TaskRunner pid=419958)[0m                                    'dtype': 'bfloat16',
[36m(TaskRunner pid=419958)[0m                                    'enable_chunked_prefill': True,
[36m(TaskRunner pid=419958)[0m                                    'enforce_eager': False,
[36m(TaskRunner pid=419958)[0m                                    'engine_kwargs': {'sglang': {'attention_backend': None},
[36m(TaskRunner pid=419958)[0m                                                      'vllm': {'attention_config': {'backend': None},
[36m(TaskRunner pid=419958)[0m                                                               'disable_mm_preprocessor_cache': False,
[36m(TaskRunner pid=419958)[0m                                                               'swap_space': None}},
[36m(TaskRunner pid=419958)[0m                                    'free_cache_engine': False,
[36m(TaskRunner pid=419958)[0m                                    'gpu_memory_utilization': 0.6,
[36m(TaskRunner pid=419958)[0m                                    'ignore_eos': False,
[36m(TaskRunner pid=419958)[0m                                    'layered_summon': False,
[36m(TaskRunner pid=419958)[0m                                    'load_format': 'dummy_dtensor',
[36m(TaskRunner pid=419958)[0m                                    'log_prob_max_token_len_per_gpu': 4096,
[36m(TaskRunner pid=419958)[0m                                    'log_prob_micro_batch_size': None,
[36m(TaskRunner pid=419958)[0m                                    'log_prob_micro_batch_size_per_gpu': 8,
[36m(TaskRunner pid=419958)[0m                                    'log_prob_use_dynamic_bsz': False,
[36m(TaskRunner pid=419958)[0m                                    'logprobs': 1,
[36m(TaskRunner pid=419958)[0m                                    'max_model_len': 4096,
[36m(TaskRunner pid=419958)[0m                                    'max_num_batched_tokens': 8192,
[36m(TaskRunner pid=419958)[0m                                    'max_num_seqs': 1024,
[36m(TaskRunner pid=419958)[0m                                    'mode': 'sync',
[36m(TaskRunner pid=419958)[0m                                    'multi_stage_wake_up': False,
[36m(TaskRunner pid=419958)[0m                                    'multi_turn': {'completion_callback': None,
[36m(TaskRunner pid=419958)[0m                                                   'enable': False,
[36m(TaskRunner pid=419958)[0m                                                   'format': 'hermes',
[36m(TaskRunner pid=419958)[0m                                                   'interaction_config_path': None,
[36m(TaskRunner pid=419958)[0m                                                   'max_assistant_turns': None,
[36m(TaskRunner pid=419958)[0m                                                   'max_parallel_calls': 1,
[36m(TaskRunner pid=419958)[0m                                                   'max_tool_response_length': 256,
[36m(TaskRunner pid=419958)[0m                                                   'max_user_turns': None,
[36m(TaskRunner pid=419958)[0m                                                   'tokenization_sanity_check_mode': 'strict',
[36m(TaskRunner pid=419958)[0m                                                   'tool_config_path': None,
[36m(TaskRunner pid=419958)[0m                                                   'tool_response_truncate_side': 'middle',
[36m(TaskRunner pid=419958)[0m                                                   'use_inference_chat_template': False},
[36m(TaskRunner pid=419958)[0m                                    'n': 32,
[36m(TaskRunner pid=419958)[0m                                    'name': 'vllm',
[36m(TaskRunner pid=419958)[0m                                    'profiler': {'all_ranks': False,
[36m(TaskRunner pid=419958)[0m                                                 'discrete': False,
[36m(TaskRunner pid=419958)[0m                                                 'ranks': None},
[36m(TaskRunner pid=419958)[0m                                    'prompt_length': 1024,
[36m(TaskRunner pid=419958)[0m                                    'response_length': 3072,
[36m(TaskRunner pid=419958)[0m                                    'temperature': 1.0,
[36m(TaskRunner pid=419958)[0m                                    'tensor_model_parallel_size': 1,
[36m(TaskRunner pid=419958)[0m                                    'top_k': -1,
[36m(TaskRunner pid=419958)[0m                                    'top_p': 1,
[36m(TaskRunner pid=419958)[0m                                    'use_rollout_log_probs_as_old': True,
[36m(TaskRunner pid=419958)[0m                                    'val_kwargs': {'do_sample': True,
[36m(TaskRunner pid=419958)[0m                                                   'n': 16,
[36m(TaskRunner pid=419958)[0m                                                   'temperature': 0.6,
[36m(TaskRunner pid=419958)[0m                                                   'top_k': -1,
[36m(TaskRunner pid=419958)[0m                                                   'top_p': 0.95}}},
[36m(TaskRunner pid=419958)[0m  'algorithm': {'adv_estimator': 'grpo',
[36m(TaskRunner pid=419958)[0m                'gamma': 1.0,
[36m(TaskRunner pid=419958)[0m                'kl_ctrl': {'horizon': 10000,
[36m(TaskRunner pid=419958)[0m                            'kl_coef': 0.0,
[36m(TaskRunner pid=419958)[0m                            'target_kl': 0.1,
[36m(TaskRunner pid=419958)[0m                            'type': 'fixed'},
[36m(TaskRunner pid=419958)[0m                'kl_penalty': 'kl',
[36m(TaskRunner pid=419958)[0m                'lam': 1.0,
[36m(TaskRunner pid=419958)[0m                'norm_adv_by_std_in_grpo': True,
[36m(TaskRunner pid=419958)[0m                'pf_ppo': {'reweight_method': 'pow', 'weight_pow': 2.0},
[36m(TaskRunner pid=419958)[0m                'use_kl_in_reward': False,
[36m(TaskRunner pid=419958)[0m                'use_pf_ppo': False},
[36m(TaskRunner pid=419958)[0m  'critic': {'checkpoint': {'load_contents': ['model', 'optimizer', 'extra'],
[36m(TaskRunner pid=419958)[0m                            'save_contents': ['model', 'optimizer', 'extra']},
[36m(TaskRunner pid=419958)[0m             'cliprange_value': 0.5,
[36m(TaskRunner pid=419958)[0m             'forward_max_token_len_per_gpu': 32768,
[36m(TaskRunner pid=419958)[0m             'forward_micro_batch_size': None,
[36m(TaskRunner pid=419958)[0m             'forward_micro_batch_size_per_gpu': 2,
[36m(TaskRunner pid=419958)[0m             'grad_clip': 1.0,
[36m(TaskRunner pid=419958)[0m             'loss_agg_mode': 'token-mean',
[36m(TaskRunner pid=419958)[0m             'model': {'attn_implementation': 'flash_attention_2',
[36m(TaskRunner pid=419958)[0m                       'enable_activation_offload': False,
[36m(TaskRunner pid=419958)[0m                       'enable_gradient_checkpointing': True,
[36m(TaskRunner pid=419958)[0m                       'external_lib': None,
[36m(TaskRunner pid=419958)[0m                       'fsdp_config': {'forward_prefetch': False,
[36m(TaskRunner pid=419958)[0m                                       'fsdp_size': -1,
[36m(TaskRunner pid=419958)[0m                                       'offload_policy': False,
[36m(TaskRunner pid=419958)[0m                                       'optimizer_offload': False,
[36m(TaskRunner pid=419958)[0m                                       'param_offload': False,
[36m(TaskRunner pid=419958)[0m                                       'reshard_after_forward': True,
[36m(TaskRunner pid=419958)[0m                                       'wrap_policy': {'min_num_params': 0}},
[36m(TaskRunner pid=419958)[0m                       'lora_alpha': 16,
[36m(TaskRunner pid=419958)[0m                       'lora_rank': 0,
[36m(TaskRunner pid=419958)[0m                       'override_config': {},
[36m(TaskRunner pid=419958)[0m                       'path': '/models/Qwen2.5-Math-7B',
[36m(TaskRunner pid=419958)[0m                       'target_modules': 'all-linear',
[36m(TaskRunner pid=419958)[0m                       'tokenizer_path': '/models/Qwen2.5-Math-7B',
[36m(TaskRunner pid=419958)[0m                       'trust_remote_code': False,
[36m(TaskRunner pid=419958)[0m                       'use_remove_padding': True,
[36m(TaskRunner pid=419958)[0m                       'use_shm': False},
[36m(TaskRunner pid=419958)[0m             'optim': {'lr': 9e-06,
[36m(TaskRunner pid=419958)[0m                       'lr_warmup_steps_ratio': 0.0,
[36m(TaskRunner pid=419958)[0m                       'min_lr_ratio': None,
[36m(TaskRunner pid=419958)[0m                       'total_training_steps': -1,
[36m(TaskRunner pid=419958)[0m                       'warmup_style': 'constant',
[36m(TaskRunner pid=419958)[0m                       'weight_decay': 0.01},
[36m(TaskRunner pid=419958)[0m             'ppo_epochs': 1,
[36m(TaskRunner pid=419958)[0m             'ppo_max_token_len_per_gpu': 32768,
[36m(TaskRunner pid=419958)[0m             'ppo_micro_batch_size': None,
[36m(TaskRunner pid=419958)[0m             'ppo_micro_batch_size_per_gpu': 2,
[36m(TaskRunner pid=419958)[0m             'ppo_mini_batch_size': 1,
[36m(TaskRunner pid=419958)[0m             'profiler': {'all_ranks': False, 'discrete': False, 'ranks': None},
[36m(TaskRunner pid=419958)[0m             'rollout_n': 32,
[36m(TaskRunner pid=419958)[0m             'shuffle': False,
[36m(TaskRunner pid=419958)[0m             'strategy': 'fsdp',
[36m(TaskRunner pid=419958)[0m             'ulysses_sequence_parallel_size': 1,
[36m(TaskRunner pid=419958)[0m             'use_dynamic_bsz': False},
[36m(TaskRunner pid=419958)[0m  'custom_reward_function': {'name': 'reward_func',
[36m(TaskRunner pid=419958)[0m                             'path': './verl/utils/reward_score/ttrl_math/__init__.py'},
[36m(TaskRunner pid=419958)[0m  'data': {'custom_cls': {'name': None, 'path': None},
[36m(TaskRunner pid=419958)[0m           'filter_overlong_prompts': True,
[36m(TaskRunner pid=419958)[0m           'filter_overlong_prompts_workers': 1,
[36m(TaskRunner pid=419958)[0m           'image_key': 'images',
[36m(TaskRunner pid=419958)[0m           'max_prompt_length': 1024,
[36m(TaskRunner pid=419958)[0m           'max_response_length': 3072,
[36m(TaskRunner pid=419958)[0m           'prompt_key': 'prompt',
[36m(TaskRunner pid=419958)[0m           'return_full_prompt': False,
[36m(TaskRunner pid=419958)[0m           'return_raw_chat': False,
[36m(TaskRunner pid=419958)[0m           'return_raw_input_ids': False,
[36m(TaskRunner pid=419958)[0m           'reward_fn_key': 'data_source',
[36m(TaskRunner pid=419958)[0m           'shuffle': True,
[36m(TaskRunner pid=419958)[0m           'tokenizer': None,
[36m(TaskRunner pid=419958)[0m           'train_batch_size': 16,
[36m(TaskRunner pid=419958)[0m           'train_files': ['/mlx_devbox/users/quyanyi/playground/TTRL/verl/data/MATH-TTT/train.parquet'],
[36m(TaskRunner pid=419958)[0m           'truncation': 'error',
[36m(TaskRunner pid=419958)[0m           'trust_remote_code': False,
[36m(TaskRunner pid=419958)[0m           'use_shm': False,
[36m(TaskRunner pid=419958)[0m           'val_batch_size': None,
[36m(TaskRunner pid=419958)[0m           'val_files': ['/mlx_devbox/users/quyanyi/playground/TTRL/verl/data/MATH-TTT/test.parquet'],
[36m(TaskRunner pid=419958)[0m           'validation_shuffle': False,
[36m(TaskRunner pid=419958)[0m           'video_key': 'videos'},
[36m(TaskRunner pid=419958)[0m  'ray_init': {'num_cpus': None, 'timeline_json_file': None},
[36m(TaskRunner pid=419958)[0m  'reward_model': {'enable': False,
[36m(TaskRunner pid=419958)[0m                   'forward_max_token_len_per_gpu': 32768,
[36m(TaskRunner pid=419958)[0m                   'launch_reward_fn_async': False,
[36m(TaskRunner pid=419958)[0m                   'max_length': None,
[36m(TaskRunner pid=419958)[0m                   'micro_batch_size': None,
[36m(TaskRunner pid=419958)[0m                   'micro_batch_size_per_gpu': None,
[36m(TaskRunner pid=419958)[0m                   'model': {'attn_implementation': 'flash_attention_2',
[36m(TaskRunner pid=419958)[0m                             'external_lib': None,
[36m(TaskRunner pid=419958)[0m                             'fsdp_config': {'forward_prefetch': False,
[36m(TaskRunner pid=419958)[0m                                             'fsdp_size': -1,
[36m(TaskRunner pid=419958)[0m                                             'param_offload': False,
[36m(TaskRunner pid=419958)[0m                                             'reshard_after_forward': True,
[36m(TaskRunner pid=419958)[0m                                             'wrap_policy': {'min_num_params': 0}},
[36m(TaskRunner pid=419958)[0m                             'input_tokenizer': '/models/Qwen2.5-Math-7B',
[36m(TaskRunner pid=419958)[0m                             'path': '~/models/FsfairX-LLaMA3-RM-v0.1',
[36m(TaskRunner pid=419958)[0m                             'trust_remote_code': False,
[36m(TaskRunner pid=419958)[0m                             'use_fused_kernels': True,
[36m(TaskRunner pid=419958)[0m                             'use_remove_padding': False,
[36m(TaskRunner pid=419958)[0m                             'use_shm': False},
[36m(TaskRunner pid=419958)[0m                   'num_processes': 128,
[36m(TaskRunner pid=419958)[0m                   'profiler': {'all_ranks': False,
[36m(TaskRunner pid=419958)[0m                                'discrete': False,
[36m(TaskRunner pid=419958)[0m                                'ranks': None},
[36m(TaskRunner pid=419958)[0m                   'reward_manager': 'prime',
[36m(TaskRunner pid=419958)[0m                   'sandbox_fusion': {'max_concurrent': 64,
[36m(TaskRunner pid=419958)[0m                                      'memory_limit_mb': 1024,
[36m(TaskRunner pid=419958)[0m                                      'url': None},
[36m(TaskRunner pid=419958)[0m                   'strategy': 'fsdp',
[36m(TaskRunner pid=419958)[0m                   'ulysses_sequence_parallel_size': 1,
[36m(TaskRunner pid=419958)[0m                   'use_dynamic_bsz': False},
[36m(TaskRunner pid=419958)[0m  'trainer': {'balance_batch': True,
[36m(TaskRunner pid=419958)[0m              'controller_nsight_options': {'cuda-graph-trace': 'graph',
[36m(TaskRunner pid=419958)[0m                                            'cuda-memory-usage': 'true',
[36m(TaskRunner pid=419958)[0m                                            'trace': 'cuda,nvtx,cublas,ucx'},
[36m(TaskRunner pid=419958)[0m              'critic_warmup': 0,
[36m(TaskRunner pid=419958)[0m              'default_hdfs_dir': None,
[36m(TaskRunner pid=419958)[0m              'default_local_dir': '/tmp/ttrl_h100/checkpoints/ttrl_sharpened_grpo_b16_r32_v64_3step_h100_aggr_nofree_kl_refmb8_nvls_fa2_mem060_soft002_20260803',
[36m(TaskRunner pid=419958)[0m              'del_local_ckpt_after_load': False,
[36m(TaskRunner pid=419958)[0m              'device': 'cuda',
[36m(TaskRunner pid=419958)[0m              'esi_redundant_time': 0,
[36m(TaskRunner pid=419958)[0m              'experiment_name': '0803-ttrl_sharpened_grpo_b16_r32_v64_3step_h100_aggr_nofree_kl_refmb8_nvls_fa2_mem060_soft002_20260803-MATH-TTT-Qwen2.5-Math-7B-grpo-h100-aggr',
[36m(TaskRunner pid=419958)[0m              'final_val_enable': False,
[36m(TaskRunner pid=419958)[0m              'log_val_generations': 0,
[36m(TaskRunner pid=419958)[0m              'logger': ['console'],
[36m(TaskRunner pid=419958)[0m              'max_actor_ckpt_to_keep': 0,
[36m(TaskRunner pid=419958)[0m              'max_critic_ckpt_to_keep': 0,
[36m(TaskRunner pid=419958)[0m              'n_gpus_per_node': 8,
[36m(TaskRunner pid=419958)[0m              'nnodes': 1,
[36m(TaskRunner pid=419958)[0m              'profile_steps': None,
[36m(TaskRunner pid=419958)[0m              'project_name': 'TTRL-verl-local',
[36m(TaskRunner pid=419958)[0m              'ray_wait_register_center_timeout': 300,
[36m(TaskRunner pid=419958)[0m              'resume_from_path': None,
[36m(TaskRunner pid=419958)[0m              'resume_mode': 'disable',
[36m(TaskRunner pid=419958)[0m              'rollout_data_dir': None,
[36m(TaskRunner pid=419958)[0m              'save_freq': 2000000,
[36m(TaskRunner pid=419958)[0m              'test_freq': 20,
[36m(TaskRunner pid=419958)[0m              'total_epochs': 10,
[36m(TaskRunner pid=419958)[0m              'total_training_steps': 3,
[36m(TaskRunner pid=419958)[0m              'val_before_train': False,
[36m(TaskRunner pid=419958)[0m              'val_only': False,
[36m(TaskRunner pid=419958)[0m              'validation_data_dir': None,
[36m(TaskRunner pid=419958)[0m              'validation_metric_dump_path': None,
[36m(TaskRunner pid=419958)[0m              'worker_nsight_options': {'capture-range': 'cudaProfilerApi',
[36m(TaskRunner pid=419958)[0m                                        'capture-range-end': None,
[36m(TaskRunner pid=419958)[0m                                        'cuda-graph-trace': 'graph',
[36m(TaskRunner pid=419958)[0m                                        'cuda-memory-usage': 'true',
[36m(TaskRunner pid=419958)[0m                                        'kill': 'none',
[36m(TaskRunner pid=419958)[0m                                        'trace': 'cuda,nvtx,cublas,ucx'}},
[36m(TaskRunner pid=419958)[0m  'ttrl': {'chunk_state_actor_span': 'chunk',
[36m(TaskRunner pid=419958)[0m           'chunk_state_alpha': 2.0,
[36m(TaskRunner pid=419958)[0m           'chunk_state_answer_source_consistency_enable': False,
[36m(TaskRunner pid=419958)[0m           'chunk_state_answer_support_min_mass': 0.0,
[36m(TaskRunner pid=419958)[0m           'chunk_state_answer_support_score': 'mass',
[36m(TaskRunner pid=419958)[0m           'chunk_state_boundaries': [0, 256, 512, 768, 1024],
[36m(TaskRunner pid=419958)[0m           'chunk_state_boundary_mode': 'cycle',
[36m(TaskRunner pid=419958)[0m           'chunk_state_candidates': 8,
[36m(TaskRunner pid=419958)[0m           'chunk_state_chunk_size': 256,
[36m(TaskRunner pid=419958)[0m           'chunk_state_confidence_power': 0.0,
[36m(TaskRunner pid=419958)[0m           'chunk_state_diag_enable': False,
[36m(TaskRunner pid=419958)[0m           'chunk_state_diag_jsonl': None,
[36m(TaskRunner pid=419958)[0m           'chunk_state_enable': False,
[36m(TaskRunner pid=419958)[0m           'chunk_state_eps': 0.05,
[36m(TaskRunner pid=419958)[0m           'chunk_state_full_rollout_guard_assistant_marker': True,
[36m(TaskRunner pid=419958)[0m           'chunk_state_full_rollout_guard_asy_repeat': True,
[36m(TaskRunner pid=419958)[0m           'chunk_state_full_rollout_guard_document_marker': True,
[36m(TaskRunner pid=419958)[0m           'chunk_state_full_rollout_guard_empty_boxed': True,
[36m(TaskRunner pid=419958)[0m           'chunk_state_full_rollout_guard_enable': False,
[36m(TaskRunner pid=419958)[0m           'chunk_state_full_rollout_guard_human_marker': True,
[36m(TaskRunner pid=419958)[0m           'chunk_state_full_rollout_guard_max_boxed_count': 4,
[36m(TaskRunner pid=419958)[0m           'chunk_state_full_rollout_guard_ngram_max_count': 4,
[36m(TaskRunner pid=419958)[0m           'chunk_state_full_rollout_guard_ngram_repeat': True,
[36m(TaskRunner pid=419958)[0m           'chunk_state_full_rollout_guard_ngram_size': 12,
[36m(TaskRunner pid=419958)[0m           'chunk_state_full_rollout_guard_prompt_copy': True,
[36m(TaskRunner pid=419958)[0m           'chunk_state_full_rollout_guard_prompt_copy_min_count': 2,
[36m(TaskRunner pid=419958)[0m           'chunk_state_full_rollout_guard_source_only_clean': False,
[36m(TaskRunner pid=419958)[0m           'chunk_state_future_support_anchor_prior_power': 1.0,
[36m(TaskRunner pid=419958)[0m           'chunk_state_future_support_anchor_prior_weight': 0.0,
[36m(TaskRunner pid=419958)[0m           'chunk_state_future_support_baseline_scale': 1.0,
[36m(TaskRunner pid=419958)[0m           'chunk_state_future_support_gain_slack': 0.125,
[36m(TaskRunner pid=419958)[0m           'chunk_state_future_support_keep_mode': 'hard',
[36m(TaskRunner pid=419958)[0m           'chunk_state_future_support_max_mass_coef': 0.25,
[36m(TaskRunner pid=419958)[0m           'chunk_state_future_support_max_state_oov': 1.0,
[36m(TaskRunner pid=419958)[0m           'chunk_state_future_support_min_candidate_coverage': 0.0,
[36m(TaskRunner pid=419958)[0m           'chunk_state_future_support_min_candidate_mean_mass': 0.0,
[36m(TaskRunner pid=419958)[0m           'chunk_state_future_support_min_mass': 0.03125,
[36m(TaskRunner pid=419958)[0m           'chunk_state_future_support_min_positive_margin': 0.0,
[36m(TaskRunner pid=419958)[0m           'chunk_state_future_support_min_state_coverage': 0.0,
[36m(TaskRunner pid=419958)[0m           'chunk_state_future_support_min_state_max_mass': 0.0,
[36m(TaskRunner pid=419958)[0m           'chunk_state_future_support_min_state_mean_mass': 0.0,
[36m(TaskRunner pid=419958)[0m           'chunk_state_future_support_min_state_top_margin': 0.0,
[36m(TaskRunner pid=419958)[0m           'chunk_state_future_support_prior_smoothing': 0.0,
[36m(TaskRunner pid=419958)[0m           'chunk_state_future_support_score_type': 'slack_gain',
[36m(TaskRunner pid=419958)[0m           'chunk_state_future_support_soft_weight_floor': 0.0,
[36m(TaskRunner pid=419958)[0m           'chunk_state_future_support_source_prior_weight': 2.0,
[36m(TaskRunner pid=419958)[0m           'chunk_state_label_consistent_only': False,
[36m(TaskRunner pid=419958)[0m           'chunk_state_max_prefix_tokens': 1024,
[36m(TaskRunner pid=419958)[0m           'chunk_state_max_prompt_answer_entropy': 0.0,
[36m(TaskRunner pid=419958)[0m           'chunk_state_mid_boundary_max_ratio': 0.8,
[36m(TaskRunner pid=419958)[0m           'chunk_state_mid_boundary_min_ratio': 0.25,
[36m(TaskRunner pid=419958)[0m           'chunk_state_mid_require_nonzero_boundary': False,
[36m(TaskRunner pid=419958)[0m           'chunk_state_min_answer_coverage': 0.0,
[36m(TaskRunner pid=419958)[0m           'chunk_state_min_boundary': 0,
[36m(TaskRunner pid=419958)[0m           'chunk_state_min_informative_gap': 0.0,
[36m(TaskRunner pid=419958)[0m           'chunk_state_min_majority_ratio': 0.0,
[36m(TaskRunner pid=419958)[0m           'chunk_state_min_prompt_top_margin': 0.0,
[36m(TaskRunner pid=419958)[0m           'chunk_state_min_prompt_top_mass': 0.0,
[36m(TaskRunner pid=419958)[0m           'chunk_state_min_prompt_valid_answer_coverage': 0.0,
[36m(TaskRunner pid=419958)[0m           'chunk_state_min_source_answer_mass': 0.0,
[36m(TaskRunner pid=419958)[0m           'chunk_state_min_state_positive_margin': -1.0,
[36m(TaskRunner pid=419958)[0m           'chunk_state_powerflow_weight_clip': 0.0,
[36m(TaskRunner pid=419958)[0m           'chunk_state_powerflow_weight_clip_renorm': True,
[36m(TaskRunner pid=419958)[0m           'chunk_state_probe_max_tokens': 3072,
[36m(TaskRunner pid=419958)[0m           'chunk_state_probe_samples': 1,
[36m(TaskRunner pid=419958)[0m           'chunk_state_prune_zero_weight_samples': False,
[36m(TaskRunner pid=419958)[0m           'chunk_state_score_mode': 'probe_reward',
[36m(TaskRunner pid=419958)[0m           'chunk_state_skip_all_negative': False,
[36m(TaskRunner pid=419958)[0m           'chunk_state_skip_empty_state_batch': False,
[36m(TaskRunner pid=419958)[0m           'chunk_state_skip_uniform': False,
[36m(TaskRunner pid=419958)[0m           'chunk_state_source_chunk_candidate_index': 0,
[36m(TaskRunner pid=419958)[0m           'chunk_state_source_chunk_enable': False,
[36m(TaskRunner pid=419958)[0m           'chunk_state_source_low_max_answer_mass': 0.35,
[36m(TaskRunner pid=419958)[0m           'chunk_state_source_min_valid_answer_mass': 0.03125,
[36m(TaskRunner pid=419958)[0m           'chunk_state_source_mixed_low_ratio': 0.75,
[36m(TaskRunner pid=419958)[0m           'chunk_state_source_mode': 'random',
[36m(TaskRunner pid=419958)[0m           'chunk_state_source_quality_max_entropy': 0.0,
[36m(TaskRunner pid=419958)[0m           'chunk_state_source_quality_weight_floor': 0.0,
[36m(TaskRunner pid=419958)[0m           'chunk_state_source_quality_weight_mode': 'off',
[36m(TaskRunner pid=419958)[0m           'chunk_state_source_quality_weight_power': 1.0,
[36m(TaskRunner pid=419958)[0m           'chunk_state_source_select_by_mass': False,
[36m(TaskRunner pid=419958)[0m           'chunk_state_staged_probe_enable': False,
[36m(TaskRunner pid=419958)[0m           'chunk_state_staged_probe_extra_max_tokens': 3072,
[36m(TaskRunner pid=419958)[0m           'chunk_state_staged_probe_extra_samples': 4,
[36m(TaskRunner pid=419958)[0m           'chunk_state_staged_probe_merge_mode': 'repeat_base',
[36m(TaskRunner pid=419958)[0m           'chunk_state_staged_probe_topk': 2,
[36m(TaskRunner pid=419958)[0m           'chunk_state_states_per_prompt': 1,
[36m(TaskRunner pid=419958)[0m           'chunk_state_suffix_max_tokens': 3072,
[36m(TaskRunner pid=419958)[0m           'chunk_state_suffix_support_answer_aggregate': False,
[36m(TaskRunner pid=419958)[0m           'chunk_state_suffix_support_answer_representatives': 1,
[36m(TaskRunner pid=419958)[0m           'chunk_state_suffix_support_answer_split_power': 1.0,
[36m(TaskRunner pid=419958)[0m           'chunk_state_suffix_support_baseline_scale': 1.0,
[36m(TaskRunner pid=419958)[0m           'chunk_state_suffix_support_gain_slack': 0.0,
[36m(TaskRunner pid=419958)[0m           'chunk_state_suffix_support_min_mass': 0.03125,
[36m(TaskRunner pid=419958)[0m           'chunk_state_suffix_support_min_positive_margin': 0.0,
[36m(TaskRunner pid=419958)[0m           'chunk_state_suffix_support_score_type': 'gain',
[36m(TaskRunner pid=419958)[0m           'chunk_state_suffix_support_split_duplicates': False,
[36m(TaskRunner pid=419958)[0m           'chunk_state_support_anchor_candidate_start': 0,
[36m(TaskRunner pid=419958)[0m           'chunk_state_support_anchor_count': 4,
[36m(TaskRunner pid=419958)[0m           'chunk_state_support_anchor_enable': False,
[36m(TaskRunner pid=419958)[0m           'chunk_state_support_anchor_min_mass': 0.03125,
[36m(TaskRunner pid=419958)[0m           'chunk_state_support_anchor_min_prefix_match': 0.75,
[36m(TaskRunner pid=419958)[0m           'chunk_state_support_anchor_prefix_compat_enable': False,
[36m(TaskRunner pid=419958)[0m           'chunk_state_support_anchor_prefix_compat_mode': 'hard',
[36m(TaskRunner pid=419958)[0m           'chunk_state_support_anchor_prefix_compat_tokens': 128,
[36m(TaskRunner pid=419958)[0m           'chunk_state_support_anchor_prefix_score_power': 1.0,
[36m(TaskRunner pid=419958)[0m           'chunk_state_support_anchor_selection_mode': 'mass_ranked',
[36m(TaskRunner pid=419958)[0m           'chunk_state_support_anchor_skip_source': True,
[36m(TaskRunner pid=419958)[0m           'chunk_state_support_flow_answer_split_power': 1.0,
[36m(TaskRunner pid=419958)[0m           'chunk_state_support_flow_baseline_scale': 1.0,
[36m(TaskRunner pid=419958)[0m           'chunk_state_support_flow_gain_slack': 0.0,
[36m(TaskRunner pid=419958)[0m           'chunk_state_support_flow_min_positive_margin': 0.0,
[36m(TaskRunner pid=419958)[0m           'chunk_state_support_flow_posterior_split_duplicates': True,
[36m(TaskRunner pid=419958)[0m           'chunk_state_support_flow_score_type': 'gain',
[36m(TaskRunner pid=419958)[0m           'chunk_state_support_flow_softplus_temperature': 0.125,
[36m(TaskRunner pid=419958)[0m           'chunk_state_support_flow_source_prior_weight': 1.0,
[36m(TaskRunner pid=419958)[0m           'chunk_state_support_flow_split_mass_by_answer': False,
[36m(TaskRunner pid=419958)[0m           'chunk_state_target_guard_anchor': True,
[36m(TaskRunner pid=419958)[0m           'chunk_state_target_guard_bad_probe_ratio': 0.5,
[36m(TaskRunner pid=419958)[0m           'chunk_state_target_guard_candidate_assistant_marker': True,
[36m(TaskRunner pid=419958)[0m           'chunk_state_target_guard_candidate_asy_repeat': True,
[36m(TaskRunner pid=419958)[0m           'chunk_state_target_guard_candidate_document_marker': True,
[36m(TaskRunner pid=419958)[0m           'chunk_state_target_guard_candidate_empty_boxed': True,
[36m(TaskRunner pid=419958)[0m           'chunk_state_target_guard_candidate_enable': False,
[36m(TaskRunner pid=419958)[0m           'chunk_state_target_guard_candidate_human_marker': True,
[36m(TaskRunner pid=419958)[0m           'chunk_state_target_guard_candidate_max_boxed_count': 1,
[36m(TaskRunner pid=419958)[0m           'chunk_state_target_guard_candidate_ngram_max_count': 4,
[36m(TaskRunner pid=419958)[0m           'chunk_state_target_guard_candidate_ngram_repeat': True,
[36m(TaskRunner pid=419958)[0m           'chunk_state_target_guard_candidate_ngram_size': 8,
[36m(TaskRunner pid=419958)[0m           'chunk_state_target_guard_candidate_prompt_copy': True,
[36m(TaskRunner pid=419958)[0m           'chunk_state_target_guard_candidate_prompt_copy_min_chars': 160,
[36m(TaskRunner pid=419958)[0m           'chunk_state_target_guard_candidate_prompt_copy_min_overlap': 1,
[36m(TaskRunner pid=419958)[0m           'chunk_state_target_guard_candidate_prompt_copy_ngram_size': 24,
[36m(TaskRunner pid=419958)[0m           'chunk_state_target_guard_enable': False,
[36m(TaskRunner pid=419958)[0m           'chunk_state_target_guard_max_boxed_count': 2,
[36m(TaskRunner pid=419958)[0m           'chunk_state_target_guard_min_answer_mass': 0.0,
[36m(TaskRunner pid=419958)[0m           'chunk_state_target_guard_use_distribution_score': False,
[36m(TaskRunner pid=419958)[0m           'chunk_state_target_guard_use_mass_gain': False,
[36m(TaskRunner pid=419958)[0m           'chunk_state_teacher_anchor_candidate_index': 0,
[36m(TaskRunner pid=419958)[0m           'chunk_state_teacher_anchor_enable': False,
[36m(TaskRunner pid=419958)[0m           'chunk_state_teacher_anchor_score': 1.0,
[36m(TaskRunner pid=419958)[0m           'chunk_state_zero_inconsistent_candidates': False,
[36m(TaskRunner pid=419958)[0m           'enable': True,
[36m(TaskRunner pid=419958)[0m           'full_rollout_powerflow_alpha': 4.0,
[36m(TaskRunner pid=419958)[0m           'full_rollout_powerflow_assistant_marker': True,
[36m(TaskRunner pid=419958)[0m Generating train split: 0 examples [00:00, ? examples/s]
[36m(TaskRunner pid=419958)[0m Generating train split: 500 examples [00:00, 84980.63 examples/s]
[36m(TaskRunner pid=419958)[0m Setting TOKENIZERS_PARALLELISM=false for forked processes.
[36m(TaskRunner pid=419958)[0m WARNING:2026-08-03 11:13:12,741:Setting TOKENIZERS_PARALLELISM=false for forked processes.
[36m(TaskRunner pid=419958)[0m Filtering prompts longer than 1024 tokens (num_proc=1):   0%|          | 0/500 [00:00<?, ? examples/s]
[36m(TaskRunner pid=419958)[0m Filtering prompts longer than 1024 tokens (num_proc=1): 100%|██████████| 500/500 [00:00<00:00, 746.66 examples/s]
[36m(TaskRunner pid=419958)[0m Filtering prompts longer than 1024 tokens (num_proc=1): 100%|██████████| 500/500 [00:00<00:00, 644.88 examples/s]
[36m(TaskRunner pid=419958)[0m Generating train split: 0 examples [00:00, ? examples/s]Generating train split: 500 examples [00:00, 99617.71 examples/s]
[36m(TaskRunner pid=419958)[0m Setting TOKENIZERS_PARALLELISM=false for forked processes.
[36m(TaskRunner pid=419958)[0m WARNING:2026-08-03 11:13:13,671:Setting TOKENIZERS_PARALLELISM=false for forked processes.
[36m(TaskRunner pid=419958)[0m Filtering prompts longer than 1024 tokens (num_proc=1):   0%|          | 0/500 [00:00<?, ? examples/s]
[36m(TaskRunner pid=419958)[0m Filtering prompts longer than 1024 tokens (num_proc=1): 100%|██████████| 500/500 [00:00<00:00, 686.59 examples/s]
[36m(TaskRunner pid=419958)[0m Filtering prompts longer than 1024 tokens (num_proc=1): 100%|██████████| 500/500 [00:00<00:00, 594.88 examples/s]
[36m(TaskRunner pid=419958)[0m DeprecationWarning: `ray.state.available_resources_per_node` is a private attribute and access will be removed in a future Ray version.
[36m(pid=419959)[0m /mlx_devbox/users/quyanyi/playground/TTRL/verl/verl/__init__.py:18: UserWarning: pkg_resources is deprecated as an API. See https://setuptools.pypa.io/en/latest/pkg_resources.html. The pkg_resources package is slated for removal as early as 2025-11-30. Refrain from using this package or pin to Setuptools<81.
[36m(pid=419959)[0m   import pkg_resources
[36m(pid=419959)[0m /mlx_devbox/users/quyanyi/playground/.venvs/ttrl_h100_cu129/lib/python3.11/site-packages/transformers/utils/hub.py:110: FutureWarning: Using `TRANSFORMERS_CACHE` is deprecated and will be removed in v5 of Transformers. Use `HF_HOME` instead.
[36m(pid=419959)[0m   warnings.warn(
[36m(pid=419968)[0m /mlx_devbox/users/quyanyi/playground/TTRL/verl/verl/__init__.py:18: UserWarning: pkg_resources is deprecated as an API. See https://setuptools.pypa.io/en/latest/pkg_resources.html. The pkg_resources package is slated for removal as early as 2025-11-30. Refrain from using this package or pin to Setuptools<81.[32m [repeated 7x across cluster] (Ray deduplicates logs by default. Set RAY_DEDUP_LOGS=0 to disable log deduplication, or see https://docs.ray.io/en/master/ray-observability/user-guides/configure-logging.html#log-deduplication for more options.)[0m
[36m(pid=419968)[0m   import pkg_resources[32m [repeated 7x across cluster][0m
[36m(WorkerDict pid=419959)[0m WARNING:2026-08-03 11:13:42,107:Initializing torch.distributed: rank=0 world_size=8 init_method=tcp://127.0.0.1:44545 master=127.0.0.1:44545
[36m(pid=419968)[0m /mlx_devbox/users/quyanyi/playground/.venvs/ttrl_h100_cu129/lib/python3.11/site-packages/transformers/utils/hub.py:110: FutureWarning: Using `TRANSFORMERS_CACHE` is deprecated and will be removed in v5 of Transformers. Use `HF_HOME` instead.[32m [repeated 7x across cluster][0m
[36m(pid=419968)[0m   warnings.warn([32m [repeated 7x across cluster][0m
[36m(WorkerDict pid=419959)[0m [W803 11:13:44.007526476 ProcessGroupNCCL.cpp:924] Warning: TORCH_NCCL_AVOID_RECORD_STREAMS is the default now, this environment variable is thus deprecated. (function operator())
[36m(WorkerDict pid=419959)[0m `torch_dtype` is deprecated! Use `dtype` instead!
[36m(TaskRunner pid=419958)[0m           'full_rollout_powerflow_asy_repeat': True,
[36m(TaskRunner pid=419958)[0m           'full_rollout_powerflow_beta': 4.0,
[36m(TaskRunner pid=419958)[0m           'full_rollout_powerflow_document_marker': True,
[36m(TaskRunner pid=419958)[0m           'full_rollout_powerflow_empty_boxed': True,
[36m(TaskRunner pid=419958)[0m           'full_rollout_powerflow_enable': False,
[36m(TaskRunner pid=419958)[0m           'full_rollout_powerflow_eps': 0.0,
[36m(TaskRunner pid=419958)[0m           'full_rollout_powerflow_human_marker': True,
[36m(TaskRunner pid=419958)[0m           'full_rollout_powerflow_invalid_weight': 0.0,
[36m(TaskRunner pid=419958)[0m           'full_rollout_powerflow_margin_tau': 0.25,
[36m(TaskRunner pid=419958)[0m           'full_rollout_powerflow_max_boxed_count': 4,
[36m(TaskRunner pid=419958)[0m           'full_rollout_powerflow_min_margin': 0.0,
[36m(TaskRunner pid=419958)[0m           'full_rollout_powerflow_min_top_mass': 0.0,
[36m(TaskRunner pid=419958)[0m           'full_rollout_powerflow_min_valid_answer_coverage': 0.0,
[36m(TaskRunner pid=419958)[0m           'full_rollout_powerflow_mode': 'posterior_sharpen',
[36m(TaskRunner pid=419958)[0m           'full_rollout_powerflow_ngram_max_count': 4,
[36m(TaskRunner pid=419958)[0m           'full_rollout_powerflow_ngram_repeat': True,
[36m(TaskRunner pid=419958)[0m           'full_rollout_powerflow_ngram_size': 12,
[36m(TaskRunner pid=419958)[0m           'full_rollout_powerflow_pollution_guard_enable': True,
[36m(TaskRunner pid=419958)[0m           'full_rollout_powerflow_prompt_copy': True,
[36m(TaskRunner pid=419958)[0m           'full_rollout_powerflow_prompt_copy_min_count': 2,
[36m(TaskRunner pid=419958)[0m           'full_rollout_powerflow_prompt_weight_floor': 0.2,
[36m(TaskRunner pid=419958)[0m           'full_rollout_powerflow_quality_gate_enable': False,
[36m(TaskRunner pid=419958)[0m           'full_rollout_powerflow_representatives_per_answer': 2,
[36m(TaskRunner pid=419958)[0m           'full_rollout_powerflow_slack': 0.02,
[36m(TaskRunner pid=419958)[0m           'full_rollout_powerflow_soft_prompt_weight_enable': False,
[36m(TaskRunner pid=419958)[0m           'full_rollout_powerflow_top_k_answers': 2,
[36m(TaskRunner pid=419958)[0m           'full_rollout_powerflow_weight_clip': 4.0,
[36m(TaskRunner pid=419958)[0m           'full_rollout_powerflow_weight_clip_renorm': True,
[36m(TaskRunner pid=419958)[0m           'majority_vote_num_processes': 64,
[36m(TaskRunner pid=419958)[0m           'n_samples_per_prompt': 32,
[36m(TaskRunner pid=419958)[0m           'n_votes_per_prompt': 64,
[36m(TaskRunner pid=419958)[0m           'powerflow_no_majority': False,
[36m(TaskRunner pid=419958)[0m           'sharpened_alpha': 2.0,
[36m(TaskRunner pid=419958)[0m           'sharpened_conf_temperature': 1.0,
[36m(TaskRunner pid=419958)[0m           'sharpened_enable': True,
[36m(TaskRunner pid=419958)[0m           'sharpened_negative_enable': False,
[36m(TaskRunner pid=419958)[0m           'sharpened_negative_reward': 0.0,
[36m(TaskRunner pid=419958)[0m           'sharpened_reward_mode': 'mv_anchor',
[36m(TaskRunner pid=419958)[0m           'sharpened_soft_coef': 0.02,
[36m(TaskRunner pid=419958)[0m           'sharpened_tau_low': 0.125,
[36m(TaskRunner pid=419958)[0m           'sharpened_tau_marg': 0.125,
[36m(TaskRunner pid=419958)[0m           'sharpened_tau_pos': 0.375,
[36m(TaskRunner pid=419958)[0m           'sharpened_use_confidence': True}}
[36m(TaskRunner pid=419958)[0m using customized reward function 'reward_func' from './verl/utils/reward_score/ttrl_math/__init__.py'
[36m(TaskRunner pid=419958)[0m using customized reward function 'reward_func' from './verl/utils/reward_score/ttrl_math/__init__.py'
[36m(TaskRunner pid=419958)[0m Using dataset class: RLHFDataset
[36m(TaskRunner pid=419958)[0m dataset len: 500
[36m(TaskRunner pid=419958)[0m filter dataset len: 500
[36m(TaskRunner pid=419958)[0m Using dataset class: RLHFDataset
[36m(TaskRunner pid=419958)[0m dataset len: 500
[36m(TaskRunner pid=419958)[0m filter dataset len: 500
[36m(TaskRunner pid=419958)[0m [validate_config] All configuration checks passed successfully!
[36m(TaskRunner pid=419958)[0m Size of train dataloader: 31, Size of val dataloader: 1
[36m(TaskRunner pid=419958)[0m Total training steps: 3
[36m(TaskRunner pid=419958)[0m colocated worker base class <class 'verl.single_controller.base.worker.Worker'>
[36m(WorkerDict pid=419959)[0m [Gloo] Rank 0 is connected to 7 peer ranks. Expected number of connected peer ranks is : 7
[36m(WorkerDict pid=419959)[0m Model config after override: Qwen2Config {
[36m(WorkerDict pid=419959)[0m   "architectures": [
[36m(WorkerDict pid=419959)[0m     "Qwen2ForCausalLM"
[36m(WorkerDict pid=419959)[0m   ],
[36m(WorkerDict pid=419959)[0m   "attention_dropout": 0.0,
[36m(WorkerDict pid=419959)[0m   "dtype": "bfloat16",
[36m(WorkerDict pid=419959)[0m   "eos_token_id": 151643,
[36m(WorkerDict pid=419959)[0m   "hidden_act": "silu",
[36m(WorkerDict pid=419959)[0m   "hidden_size": 3584,
[36m(WorkerDict pid=419959)[0m   "initializer_range": 0.02,
[36m(WorkerDict pid=419959)[0m   "intermediate_size": 18944,
[36m(WorkerDict pid=419959)[0m   "layer_types": [
[36m(WorkerDict pid=419959)[0m     "full_attention",
[36m(WorkerDict pid=419959)[0m     "full_attention",
[36m(WorkerDict pid=419959)[0m     "full_attention",
[36m(WorkerDict pid=419959)[0m     "full_attention",
[36m(WorkerDict pid=419959)[0m     "full_attention",
[36m(WorkerDict pid=419959)[0m     "full_attention",
[36m(WorkerDict pid=419959)[0m     "full_attention",
[36m(WorkerDict pid=419959)[0m     "full_attention",
[36m(WorkerDict pid=419959)[0m     "full_attention",
[36m(WorkerDict pid=419959)[0m     "full_attention",
[36m(WorkerDict pid=419959)[0m     "full_attention",
[36m(WorkerDict pid=419959)[0m     "full_attention",
[36m(WorkerDict pid=419959)[0m     "full_attention",
[36m(WorkerDict pid=419959)[0m     "full_attention",
[36m(WorkerDict pid=419959)[0m     "full_attention",
[36m(WorkerDict pid=419959)[0m     "full_attention",
[36m(WorkerDict pid=419959)[0m     "full_attention",
[36m(WorkerDict pid=419959)[0m     "full_attention",
[36m(WorkerDict pid=419959)[0m     "full_attention",
[36m(WorkerDict pid=419959)[0m     "full_attention",
[36m(WorkerDict pid=419959)[0m     "full_attention",
[36m(WorkerDict pid=419959)[0m     "full_attention",
[36m(WorkerDict pid=419959)[0m     "full_attention",
[36m(WorkerDict pid=419959)[0m     "full_attention",
[36m(WorkerDict pid=419959)[0m     "full_attention",
[36m(WorkerDict pid=419959)[0m     "full_attention",
[36m(WorkerDict pid=419959)[0m     "full_attention",
[36m(WorkerDict pid=419959)[0m     "full_attention"
[36m(WorkerDict pid=419959)[0m   ],
[36m(WorkerDict pid=419959)[0m   "max_position_embeddings": 4096,
[36m(WorkerDict pid=419959)[0m   "max_window_layers": 28,
[36m(WorkerDict pid=419959)[0m   "model_type": "qwen2",
[36m(WorkerDict pid=419959)[0m   "num_attention_heads": 28,
[36m(WorkerDict pid=419959)[0m   "num_hidden_layers": 28,
[36m(WorkerDict pid=419959)[0m   "num_key_value_heads": 4,
[36m(WorkerDict pid=419959)[0m   "pad_token_id": 151643,
[36m(WorkerDict pid=419959)[0m   "rms_norm_eps": 1e-06,
[36m(WorkerDict pid=419959)[0m   "rope_scaling": null,
[36m(WorkerDict pid=419959)[0m   "rope_theta": 10000,
[36m(WorkerDict pid=419959)[0m   "sliding_window": null,
[36m(WorkerDict pid=419959)[0m   "tie_word_embeddings": false,
[36m(WorkerDict pid=419959)[0m   "transformers_version": "4.57.3",
[36m(WorkerDict pid=419959)[0m   "use_cache": true,
[36m(WorkerDict pid=419959)[0m   "use_mrope": false,
[36m(WorkerDict pid=419959)[0m   "use_sliding_window": false,
[36m(WorkerDict pid=419959)[0m   "vocab_size": 152064
[36m(WorkerDict pid=419959)[0m }
[36m(WorkerDict pid=419959)[0m 
[36m(WorkerDict pid=419959)[0m ref attention implementation verified: flash_attention_2
[36m(WorkerDict pid=419959)[0m Loading checkpoint shards:   0%|          | 0/4 [00:00<?, ?it/s]Loading checkpoint shards: 100%|██████████| 4/4 [00:00<00:00, 91.81it/s]
[36m(WorkerDict pid=419959)[0m Monkey patch _flash_attention_forward in transformers.integrations.flash_attention
[36m(WorkerDict pid=419959)[0m Using Triton backend for fused kernels in Qwen2ForCausalLM
[36m(WorkerDict pid=419959)[0m Qwen2ForCausalLM contains 7.62B parameters
[36m(WorkerDict pid=419959)[0m wrap_policy: functools.partial(<function _or_policy at 0x7edc3dfa0cc0>, policies=[functools.partial(<function transformer_auto_wrap_policy at 0x7edc3dfa0b80>, transformer_layer_cls={<class 'transformers.models.qwen2.modeling_qwen2.Qwen2DecoderLayer'>})])
[36m(WorkerDict pid=419959)[0m trial-302244509-trialrun-302244509-worker-0:419959:419959 [0] NCCL INFO NCCL_SOCKET_FAMILY set by environment to AF_INET6
[36m(WorkerDict pid=419959)[0m trial-302244509-trialrun-302244509-worker-0:419959:419959 [0] NCCL INFO NCCL_SOCKET_IFNAME set by environment to eth0
[36m(WorkerDict pid=419959)[0m trial-302244509-trialrun-302244509-worker-0:419959:419959 [0] NCCL INFO cudaDriverVersion 12020
[36m(WorkerDict pid=419959)[0m trial-302244509-trialrun-302244509-worker-0:419959:419959 [0] NCCL INFO NCCL version 2.27.5+cuda12.9
[36m(WorkerDict pid=419959)[0m trial-302244509-trialrun-302244509-worker-0:419959:419959 [0] NCCL INFO Comm config Blocking set to 1
[36m(WorkerDict pid=419959)[0m trial-302244509-trialrun-302244509-worker-0:419959:430472 [0] NCCL INFO NET/Plugin: Could not find: none libnccl-net-none.so. 
[36m(WorkerDict pid=419959)[0m trial-302244509-trialrun-302244509-worker-0:419959:430472 [0] NCCL INFO NCCL_IB_DISABLE set by environment to 1.
[36m(WorkerDict pid=419959)[0m trial-302244509-trialrun-302244509-worker-0:419959:430472 [0] NCCL INFO NCCL_SOCKET_FAMILY set by environment to AF_INET6
[36m(WorkerDict pid=419959)[0m trial-302244509-trialrun-302244509-worker-0:419959:430472 [0] NCCL INFO NCCL_SOCKET_IFNAME set by environment to eth0
[36m(WorkerDict pid=419959)[0m trial-302244509-trialrun-302244509-worker-0:419959:430472 [0] NCCL INFO NET/Socket : Using [0]eth0:fdbd:dccd:cdc2:12c8:0:1ae:8000:2<0>
[36m(WorkerDict pid=419959)[0m trial-302244509-trialrun-302244509-worker-0:419959:430472 [0] NCCL INFO Initialized NET plugin Socket
[36m(WorkerDict pid=419959)[0m trial-302244509-trialrun-302244509-worker-0:419959:430472 [0] NCCL INFO Assigned NET plugin Socket to comm
[36m(WorkerDict pid=419959)[0m trial-302244509-trialrun-302244509-worker-0:419959:430472 [0] NCCL INFO Using network Socket
[36m(WorkerDict pid=419959)[0m trial-302244509-trialrun-302244509-worker-0:419959:430472 [0] NCCL INFO ncclCommInitRankConfig comm 0x138e1480 rank 0 nranks 8 cudaDev 0 nvmlDev 0 busId 4000 commId 0xd1721560dbe8db86 - Init START
[36m(WorkerDict pid=419959)[0m trial-302244509-trialrun-302244509-worker-0:419959:430472 [0] NCCL INFO RAS client listening socket at ::1<28028>
[36m(WorkerDict pid=419959)[0m trial-302244509-trialrun-302244509-worker-0:419959:430472 [0] NCCL INFO Could not find real path of /sys/class/pci_bus/fffffff/../../fffffff:ff:f
[36m(WorkerDict pid=419959)[0m trial-302244509-trialrun-302244509-worker-0:419959:430472 [0] NCCL INFO TOPO/NET : Importing network plugins to topology
[36m(WorkerDict pid=419959)[0m trial-302244509-trialrun-302244509-worker-0:419959:430472 [0] NCCL INFO Retrieving state for Socket
[36m(WorkerDict pid=419959)[0m trial-302244509-trialrun-302244509-worker-0:419959:430472 [0] NCCL INFO Initialized state 0 for Socket
[36m(WorkerDict pid=419959)[0m trial-302244509-trialrun-302244509-worker-0:419959:430472 [0] NCCL INFO ncclTopoPopulateNics : Filled eth0 in topo with pciPath=(null) keep=1 coll=(null)
[36m(WorkerDict pid=419959)[0m trial-302244509-trialrun-302244509-worker-0:419959:430472 [0] NCCL INFO === System : maxBw 370.8 totalBw 370.8 ===
[36m(WorkerDict pid=419959)[0m trial-302244509-trialrun-302244509-worker-0:419959:430472 [0] NCCL INFO CPU/0-0 (1/1/3)
[36m(WorkerDict pid=419959)[0m trial-302244509-trialrun-302244509-worker-0:419959:430472 [0] NCCL INFO + PCI[5000.0] - NIC/0-0
[36m(WorkerDict pid=419959)[0m trial-302244509-trialrun-302244509-worker-0:419959:430472 [0] NCCL INFO + PCI[24.0] - PCI/0-2000 (10b5879610b58796)
[36m(WorkerDict pid=419959)[0m trial-302244509-trialrun-302244509-worker-0:419959:430472 [0] NCCL INFO               + PCI[24.0] - GPU/0-4000 (0)
[36m(WorkerDict pid=419959)[0m trial-302244509-trialrun-302244509-worker-0:419959:430472 [0] NCCL INFO                             + NVL[370.8] - NVS/0-0
[36m(WorkerDict pid=419959)[0m trial-302244509-trialrun-302244509-worker-0:419959:430472 [0] NCCL INFO               + PCI[24.0] - GPU/0-5000 (1)
[36m(WorkerDict pid=419959)[0m trial-302244509-trialrun-302244509-worker-0:419959:430472 [0] NCCL INFO                             + NVL[370.8] - NVS/0-0
[36m(WorkerDict pid=419959)[0m trial-302244509-trialrun-302244509-worker-0:419959:430472 [0] NCCL INFO + PCI[24.0] - PCI/0-9000 (10b5879610b58796)
[36m(WorkerDict pid=419959)[0m trial-302244509-trialrun-302244509-worker-0:419959:430472 [0] NCCL INFO               + PCI[24.0] - GPU/0-b000 (2)
[36m(WorkerDict pid=419959)[0m trial-302244509-trialrun-302244509-worker-0:419959:430472 [0] NCCL INFO                             + NVL[370.8] - NVS/0-0
[36m(WorkerDict pid=419959)[0m trial-302244509-trialrun-302244509-worker-0:419959:430472 [0] NCCL INFO               + PCI[24.0] - GPU/0-c000 (3)
[36m(WorkerDict pid=419959)[0m trial-302244509-trialrun-302244509-worker-0:419959:430472 [0] NCCL INFO                             + NVL[370.8] - NVS/0-0
[36m(WorkerDict pid=419959)[0m trial-302244509-trialrun-302244509-worker-0:419959:430472 [0] NCCL INFO + SYS[22.0] - CPU/0-1
[36m(WorkerDict pid=419959)[0m trial-302244509-trialrun-302244509-worker-0:419959:430472 [0] NCCL INFO CPU/0-1 (1/1/3)
[36m(WorkerDict pid=419959)[0m trial-302244509-trialrun-302244509-worker-0:419959:430472 [0] NCCL INFO + PCI[24.0] - PCI/0-82000 (10b5879610b58796)
[36m(WorkerDict pid=419959)[0m trial-302244509-trialrun-302244509-worker-0:419959:430472 [0] NCCL INFO               + PCI[24.0] - GPU/0-84000 (4)
[36m(WorkerDict pid=419959)[0m trial-302244509-trialrun-302244509-worker-0:419959:430472 [0] NCCL INFO                             + NVL[370.8] - NVS/0-0
[36m(WorkerDict pid=419959)[0m trial-302244509-trialrun-302244509-worker-0:419959:430472 [0] NCCL INFO               + PCI[24.0] - GPU/0-85000 (5)
[36m(WorkerDict pid=419959)[0m trial-302244509-trialrun-302244509-worker-0:419959:430472 [0] NCCL INFO                             + NVL[370.8] - NVS/0-0
[36m(WorkerDict pid=419959)[0m trial-302244509-trialrun-302244509-worker-0:419959:430472 [0] NCCL INFO + PCI[24.0] - PCI/0-89000 (10b5879610b58796)
[36m(WorkerDict pid=419959)[0m trial-302244509-trialrun-302244509-worker-0:419959:430472 [0] NCCL INFO               + PCI[24.0] - GPU/0-8b000 (6)
[36m(WorkerDict pid=419959)[0m trial-302244509-trialrun-302244509-worker-0:419959:430472 [0] NCCL INFO                             + NVL[370.8] - NVS/0-0
[36m(WorkerDict pid=419959)[0m trial-302244509-trialrun-302244509-worker-0:419959:430472 [0] NCCL INFO               + PCI[24.0] - GPU/0-8c000 (7)
[36m(WorkerDict pid=419959)[0m trial-302244509-trialrun-302244509-worker-0:419959:430472 [0] NCCL INFO                             + NVL[370.8] - NVS/0-0
[36m(WorkerDict pid=419959)[0m trial-302244509-trialrun-302244509-worker-0:419959:430472 [0] NCCL INFO + SYS[22.0] - CPU/0-0
[36m(WorkerDict pid=419959)[0m trial-302244509-trialrun-302244509-worker-0:419959:430472 [0] NCCL INFO ==========================================
[36m(WorkerDict pid=419959)[0m trial-302244509-trialrun-302244509-worker-0:419959:430472 [0] NCCL INFO GPU/0-4000 :GPU/0-4000 (0/5000.0/LOC) GPU/0-5000 (2/370.8/NVL) GPU/0-b000 (2/370.8/NVL) GPU/0-c000 (2/370.8/NVL) GPU/0-84000 (2/370.8/NVL) GPU/0-85000 (2/370.8/NVL) GPU/0-8b000 (2/370.8/NVL) GPU/0-8c000 (2/370.8/NVL) NVS/0-0 (1/370.8/NVL) CPU/0-0 (2/24.0/PHB) CPU/0-1 (3/22.0/SYS) 
[36m(WorkerDict pid=419959)[0m trial-302244509-trialrun-302244509-worker-0:419959:430472 [0] NCCL INFO GPU/0-5000 :GPU/0-4000 (2/370.8/NVL) GPU/0-5000 (0/5000.0/LOC) GPU/0-b000 (2/370.8/NVL) GPU/0-c000 (2/370.8/NVL) GPU/0-84000 (2/370.8/NVL) GPU/0-85000 (2/370.8/NVL) GPU/0-8b000 (2/370.8/NVL) GPU/0-8c000 (2/370.8/NVL) NVS/0-0 (1/370.8/NVL) CPU/0-0 (2/24.0/PHB) CPU/0-1 (3/22.0/SYS) 
[36m(WorkerDict pid=419959)[0m trial-302244509-trialrun-302244509-worker-0:419959:430472 [0] NCCL INFO GPU/0-b000 :GPU/0-4000 (2/370.8/NVL) GPU/0-5000 (2/370.8/NVL) GPU/0-b000 (0/5000.0/LOC) GPU/0-c000 (2/370.8/NVL) GPU/0-84000 (2/370.8/NVL) GPU/0-85000 (2/370.8/NVL) GPU/0-8b000 (2/370.8/NVL) GPU/0-8c000 (2/370.8/NVL) NVS/0-0 (1/370.8/NVL) CPU/0-0 (2/24.0/PHB) CPU/0-1 (3/22.0/SYS) 
[36m(WorkerDict pid=419959)[0m trial-302244509-trialrun-302244509-worker-0:419959:430472 [0] NCCL INFO GPU/0-c000 :GPU/0-4000 (2/370.8/NVL) GPU/0-5000 (2/370.8/NVL) GPU/0-b000 (2/370.8/NVL) GPU/0-c000 (0/5000.0/LOC) GPU/0-84000 (2/370.8/NVL) GPU/0-85000 (2/370.8/NVL) GPU/0-8b000 (2/370.8/NVL) GPU/0-8c000 (2/370.8/NVL) NVS/0-0 (1/370.8/NVL) CPU/0-0 (2/24.0/PHB) CPU/0-1 (3/22.0/SYS) 
[36m(WorkerDict pid=419959)[0m trial-302244509-trialrun-302244509-worker-0:419959:430472 [0] NCCL INFO GPU/0-84000 :GPU/0-4000 (2/370.8/NVL) GPU/0-5000 (2/370.8/NVL) GPU/0-b000 (2/370.8/NVL) GPU/0-c000 (2/370.8/NVL) GPU/0-84000 (0/5000.0/LOC) GPU/0-85000 (2/370.8/NVL) GPU/0-8b000 (2/370.8/NVL) GPU/0-8c000 (2/370.8/NVL) NVS/0-0 (1/370.8/NVL) CPU/0-0 (3/22.0/SYS) CPU/0-1 (2/24.0/PHB) 
[36m(WorkerDict pid=419959)[0m trial-302244509-trialrun-302244509-worker-0:419959:430472 [0] NCCL INFO GPU/0-85000 :GPU/0-4000 (2/370.8/NVL) GPU/0-5000 (2/370.8/NVL) GPU/0-b000 (2/370.8/NVL) GPU/0-c000 (2/370.8/NVL) GPU/0-84000 (2/370.8/NVL) GPU/0-85000 (0/5000.0/LOC) GPU/0-8b000 (2/370.8/NVL) GPU/0-8c000 (2/370.8/NVL) NVS/0-0 (1/370.8/NVL) CPU/0-0 (3/22.0/SYS) CPU/0-1 (2/24.0/PHB) 
[36m(WorkerDict pid=419959)[0m trial-302244509-trialrun-302244509-worker-0:419959:430472 [0] NCCL INFO GPU/0-8b000 :GPU/0-4000 (2/370.8/NVL) GPU/0-5000 (2/370.8/NVL) GPU/0-b000 (2/370.8/NVL) GPU/0-c000 (2/370.8/NVL) GPU/0-84000 (2/370.8/NVL) GPU/0-85000 (2/370.8/NVL) GPU/0-8b000 (0/5000.0/LOC) GPU/0-8c000 (2/370.8/NVL) NVS/0-0 (1/370.8/NVL) CPU/0-0 (3/22.0/SYS) CPU/0-1 (2/24.0/PHB) 
[36m(WorkerDict pid=419959)[0m trial-302244509-trialrun-302244509-worker-0:419959:430472 [0] NCCL INFO GPU/0-8c000 :GPU/0-4000 (2/370.8/NVL) GPU/0-5000 (2/370.8/NVL) GPU/0-b000 (2/370.8/NVL) GPU/0-c000 (2/370.8/NVL) GPU/0-84000 (2/370.8/NVL) GPU/0-85000 (2/370.8/NVL) GPU/0-8b000 (2/370.8/NVL) GPU/0-8c000 (0/5000.0/LOC) NVS/0-0 (1/370.8/NVL) CPU/0-0 (3/22.0/SYS) CPU/0-1 (2/24.0/PHB) 
[36m(WorkerDict pid=419959)[0m trial-302244509-trialrun-302244509-worker-0:419959:430472 [0] NCCL INFO Setting affinity for GPU 0 to 0-51,104-155
[36m(WorkerDict pid=419959)[0m trial-302244509-trialrun-302244509-worker-0:419959:430472 [0] NCCL INFO NCCL_NVLS_ENABLE set by environment to 1.
[36m(WorkerDict pid=419959)[0m trial-302244509-trialrun-302244509-worker-0:419959:430472 [0] NCCL INFO NVLS multicast support is available on dev 0 (NVLS_NCHANNELS 16)
[36m(WorkerDict pid=419959)[0m trial-302244509-trialrun-302244509-worker-0:419959:430472 [0] NCCL INFO Pattern 4, crossNic 0, nChannels 12, bw 30.000000/30.000000, type NVL/PIX, sameChannels 1
[36m(WorkerDict pid=419959)[0m trial-302244509-trialrun-302244509-worker-0:419959:430472 [0] NCCL INFO  0 : GPU/0-4000 GPU/0-5000 GPU/0-b000 GPU/0-c000 GPU/0-84000 GPU/0-85000 GPU/0-8b000 GPU/0-8c000
[36m(WorkerDict pid=419959)[0m trial-302244509-trialrun-302244509-worker-0:419959:430472 [0] NCCL INFO  1 : GPU/0-4000 GPU/0-5000 GPU/0-b000 GPU/0-c000 GPU/0-84000 GPU/0-85000 GPU/0-8b000 GPU/0-8c000
[36m(WorkerDict pid=419959)[0m trial-302244509-trialrun-302244509-worker-0:419959:430472 [0] NCCL INFO  2 : GPU/0-4000 GPU/0-5000 GPU/0-b000 GPU/0-c000 GPU/0-84000 GPU/0-85000 GPU/0-8b000 GPU/0-8c000
[36m(WorkerDict pid=419959)[0m trial-302244509-trialrun-302244509-worker-0:419959:430472 [0] NCCL INFO  3 : GPU/0-4000 GPU/0-5000 GPU/0-b000 GPU/0-c000 GPU/0-84000 GPU/0-85000 GPU/0-8b000 GPU/0-8c000
[36m(WorkerDict pid=419959)[0m trial-302244509-trialrun-302244509-worker-0:419959:430472 [0] NCCL INFO  4 : GPU/0-4000 GPU/0-5000 GPU/0-b000 GPU/0-c000 GPU/0-84000 GPU/0-85000 GPU/0-8b000 GPU/0-8c000
[36m(WorkerDict pid=419959)[0m trial-302244509-trialrun-302244509-worker-0:419959:430472 [0] NCCL INFO  5 : GPU/0-4000 GPU/0-5000 GPU/0-b000 GPU/0-c000 GPU/0-84000 GPU/0-85000 GPU/0-8b000 GPU/0-8c000
[36m(WorkerDict pid=419959)[0m trial-302244509-trialrun-302244509-worker-0:419959:430472 [0] NCCL INFO  6 : GPU/0-4000 GPU/0-5000 GPU/0-b000 GPU/0-c000 GPU/0-84000 GPU/0-85000 GPU/0-8b000 GPU/0-8c000
[36m(WorkerDict pid=419959)[0m trial-302244509-trialrun-302244509-worker-0:419959:430472 [0] NCCL INFO  7 : GPU/0-4000 GPU/0-5000 GPU/0-b000 GPU/0-c000 GPU/0-84000 GPU/0-85000 GPU/0-8b000 GPU/0-8c000
[36m(WorkerDict pid=419959)[0m trial-302244509-trialrun-302244509-worker-0:419959:430472 [0] NCCL INFO  8 : GPU/0-4000 GPU/0-5000 GPU/0-b000 GPU/0-c000 GPU/0-84000 GPU/0-85000 GPU/0-8b000 GPU/0-8c000
[36m(WorkerDict pid=419959)[0m trial-302244509-trialrun-302244509-worker-0:419959:430472 [0] NCCL INFO  9 : GPU/0-4000 GPU/0-5000 GPU/0-b000 GPU/0-c000 GPU/0-84000 GPU/0-85000 GPU/0-8b000 GPU/0-8c000
[36m(WorkerDict pid=419959)[0m trial-302244509-trialrun-302244509-worker-0:419959:430472 [0] NCCL INFO 10 : GPU/0-4000 GPU/0-5000 GPU/0-b000 GPU/0-c000 GPU/0-84000 GPU/0-85000 GPU/0-8b000 GPU/0-8c000
[36m(WorkerDict pid=419959)[0m trial-302244509-trialrun-302244509-worker-0:419959:430472 [0] NCCL INFO 11 : GPU/0-4000 GPU/0-5000 GPU/0-b000 GPU/0-c000 GPU/0-84000 GPU/0-85000 GPU/0-8b000 GPU/0-8c000
[36m(WorkerDict pid=419959)[0m trial-302244509-trialrun-302244509-worker-0:419959:430472 [0] NCCL INFO Pattern 1, crossNic 0, nChannels 12, bw 30.000000/30.000000, type NVL/PIX, sameChannels 1
[36m(WorkerDict pid=419959)[0m trial-302244509-trialrun-302244509-worker-0:419959:430472 [0] NCCL INFO  0 : GPU/0-4000 GPU/0-5000 GPU/0-b000 GPU/0-c000 GPU/0-84000 GPU/0-85000 GPU/0-8b000 GPU/0-8c000
[36m(WorkerDict pid=419959)[0m trial-302244509-trialrun-302244509-worker-0:419959:430472 [0] NCCL INFO  1 : GPU/0-4000 GPU/0-5000 GPU/0-b000 GPU/0-c000 GPU/0-84000 GPU/0-85000 GPU/0-8b000 GPU/0-8c000
[36m(WorkerDict pid=419959)[0m trial-302244509-trialrun-302244509-worker-0:419959:430472 [0] NCCL INFO  2 : GPU/0-4000 GPU/0-5000 GPU/0-b000 GPU/0-c000 GPU/0-84000 GPU/0-85000 GPU/0-8b000 GPU/0-8c000
[36m(WorkerDict pid=419959)[0m trial-302244509-trialrun-302244509-worker-0:419959:430472 [0] NCCL INFO  3 : GPU/0-4000 GPU/0-5000 GPU/0-b000 GPU/0-c000 GPU/0-84000 GPU/0-85000 GPU/0-8b000 GPU/0-8c000
[36m(WorkerDict pid=419959)[0m trial-302244509-trialrun-302244509-worker-0:419959:430472 [0] NCCL INFO  4 : GPU/0-4000 GPU/0-5000 GPU/0-b000 GPU/0-c000 GPU/0-84000 GPU/0-85000 GPU/0-8b000 GPU/0-8c000
[36m(WorkerDict pid=419959)[0m trial-302244509-trialrun-302244509-worker-0:419959:430472 [0] NCCL INFO  5 : GPU/0-4000 GPU/0-5000 GPU/0-b000 GPU/0-c000 GPU/0-84000 GPU/0-85000 GPU/0-8b000 GPU/0-8c000
[36m(WorkerDict pid=419959)[0m trial-302244509-trialrun-302244509-worker-0:419959:430472 [0] NCCL INFO  6 : GPU/0-4000 GPU/0-5000 GPU/0-b000 GPU/0-c000 GPU/0-84000 GPU/0-85000 GPU/0-8b000 GPU/0-8c000
[36m(WorkerDict pid=419959)[0m trial-302244509-trialrun-302244509-worker-0:419959:430472 [0] NCCL INFO  7 : GPU/0-4000 GPU/0-5000 GPU/0-b000 GPU/0-c000 GPU/0-84000 GPU/0-85000 GPU/0-8b000 GPU/0-8c000
[36m(WorkerDict pid=419959)[0m trial-302244509-trialrun-302244509-worker-0:419959:430472 [0] NCCL INFO  8 : GPU/0-4000 GPU/0-5000 GPU/0-b000 GPU/0-c000 GPU/0-84000 GPU/0-85000 GPU/0-8b000 GPU/0-8c000
[36m(WorkerDict pid=419959)[0m trial-302244509-trialrun-302244509-worker-0:419959:430472 [0] NCCL INFO  9 : GPU/0-4000 GPU/0-5000 GPU/0-b000 GPU/0-c000 GPU/0-84000 GPU/0-85000 GPU/0-8b000 GPU/0-8c000
[36m(WorkerDict pid=419959)[0m trial-302244509-trialrun-302244509-worker-0:419959:430472 [0] NCCL INFO 10 : GPU/0-4000 GPU/0-5000 GPU/0-b000 GPU/0-c000 GPU/0-84000 GPU/0-85000 GPU/0-8b000 GPU/0-8c000
[36m(WorkerDict pid=419959)[0m trial-302244509-trialrun-302244509-worker-0:419959:430472 [0] NCCL INFO 11 : GPU/0-4000 GPU/0-5000 GPU/0-b000 GPU/0-c000 GPU/0-84000 GPU/0-85000 GPU/0-8b000 GPU/0-8c000
[36m(WorkerDict pid=419959)[0m trial-302244509-trialrun-302244509-worker-0:419959:430472 [0] NCCL INFO Pattern 5, crossNic 0, nChannels 8, bw 40.000000/60.000000, type NVL/PIX, sameChannels 0
[36m(WorkerDict pid=419959)[0m trial-302244509-trialrun-302244509-worker-0:419959:430472 [0] NCCL INFO  0 : GPU/0-4000
[36m(WorkerDict pid=419959)[0m trial-302244509-trialrun-302244509-worker-0:419959:430472 [0] NCCL INFO  1 : GPU/0-5000
[36m(WorkerDict pid=419959)[0m trial-302244509-trialrun-302244509-worker-0:419959:430472 [0] NCCL INFO  2 : GPU/0-b000
[36m(WorkerDict pid=419959)[0m trial-302244509-trialrun-302244509-worker-0:419959:430472 [0] NCCL INFO  3 : GPU/0-c000
[36m(WorkerDict pid=419959)[0m trial-302244509-trialrun-302244509-worker-0:419959:430472 [0] NCCL INFO  4 : GPU/0-84000
[36m(WorkerDict pid=419959)[0m trial-302244509-trialrun-302244509-worker-0:419959:430472 [0] NCCL INFO  5 : GPU/0-85000
[36m(WorkerDict pid=419959)[0m trial-302244509-trialrun-302244509-worker-0:419959:430472 [0] NCCL INFO  6 : GPU/0-8b000
[36m(WorkerDict pid=419959)[0m trial-302244509-trialrun-302244509-worker-0:419959:430472 [0] NCCL INFO  7 : GPU/0-8c000
[36m(WorkerDict pid=419959)[0m trial-302244509-trialrun-302244509-worker-0:419959:430472 [0] NCCL INFO comm 0x138e1480 rank 0 nRanks 8 nNodes 1 localRanks 8 localRank 0 MNNVL 0
[36m(WorkerDict pid=419959)[0m trial-302244509-trialrun-302244509-worker-0:419959:430472 [0] NCCL INFO Tree 0 : -1 -> 0 -> 1/-1/-1
[36m(WorkerDict pid=419959)[0m trial-302244509-trialrun-302244509-worker-0:419959:430472 [0] NCCL INFO Tree 12 : -1 -> 0 -> 1/-1/-1
[36m(WorkerDict pid=419959)[0m trial-302244509-trialrun-302244509-worker-0:419959:430472 [0] NCCL INFO Tree 1 : -1 -> 0 -> 1/-1/-1
[36m(WorkerDict pid=419959)[0m trial-302244509-trialrun-302244509-worker-0:419959:430472 [0] NCCL INFO Tree 13 : -1 -> 0 -> 1/-1/-1
[36m(WorkerDict pid=419959)[0m trial-302244509-trialrun-302244509-worker-0:419959:430472 [0] NCCL INFO Tree 2 : -1 -> 0 -> 1/-1/-1
[36m(WorkerDict pid=419959)[0m trial-302244509-trialrun-302244509-worker-0:419959:430472 [0] NCCL INFO Tree 14 : -1 -> 0 -> 1/-1/-1
[36m(WorkerDict pid=419959)[0m trial-302244509-trialrun-302244509-worker-0:419959:430472 [0] NCCL INFO Tree 3 : -1 -> 0 -> 1/-1/-1
[36m(WorkerDict pid=419959)[0m trial-302244509-trialrun-302244509-worker-0:419959:430472 [0] NCCL INFO Tree 15 : -1 -> 0 -> 1/-1/-1
[36m(WorkerDict pid=419959)[0m trial-302244509-trialrun-302244509-worker-0:419959:430472 [0] NCCL INFO Tree 4 : -1 -> 0 -> 1/-1/-1
[36m(WorkerDict pid=419959)[0m trial-302244509-trialrun-302244509-worker-0:419959:430472 [0] NCCL INFO Tree 16 : -1 -> 0 -> 1/-1/-1
[36m(WorkerDict pid=419959)[0m trial-302244509-trialrun-302244509-worker-0:419959:430472 [0] NCCL INFO Tree 5 : -1 -> 0 -> 1/-1/-1
[36m(WorkerDict pid=419959)[0m trial-302244509-trialrun-302244509-worker-0:419959:430472 [0] NCCL INFO Tree 17 : -1 -> 0 -> 1/-1/-1
[36m(WorkerDict pid=419959)[0m trial-302244509-trialrun-302244509-worker-0:419959:430472 [0] NCCL INFO Tree 6 : -1 -> 0 -> 1/-1/-1
[36m(WorkerDict pid=419959)[0m trial-302244509-trialrun-302244509-worker-0:419959:430472 [0] NCCL INFO Tree 18 : -1 -> 0 -> 1/-1/-1
[36m(WorkerDict pid=419959)[0m trial-302244509-trialrun-302244509-worker-0:419959:430472 [0] NCCL INFO Tree 7 : -1 -> 0 -> 1/-1/-1
[36m(WorkerDict pid=419959)[0m trial-302244509-trialrun-302244509-worker-0:419959:430472 [0] NCCL INFO Tree 19 : -1 -> 0 -> 1/-1/-1
[36m(WorkerDict pid=419959)[0m trial-302244509-trialrun-302244509-worker-0:419959:430472 [0] NCCL INFO Tree 8 : -1 -> 0 -> 1/-1/-1
[36m(WorkerDict pid=419959)[0m trial-302244509-trialrun-302244509-worker-0:419959:430472 [0] NCCL INFO Tree 20 : -1 -> 0 -> 1/-1/-1
[36m(WorkerDict pid=419959)[0m trial-302244509-trialrun-302244509-worker-0:419959:430472 [0] NCCL INFO Tree 9 : -1 -> 0 -> 1/-1/-1
[36m(WorkerDict pid=419959)[0m trial-302244509-trialrun-302244509-worker-0:419959:430472 [0] NCCL INFO Tree 21 : -1 -> 0 -> 1/-1/-1
[36m(WorkerDict pid=419959)[0m trial-302244509-trialrun-302244509-worker-0:419959:430472 [0] NCCL INFO Tree 10 : -1 -> 0 -> 1/-1/-1
[36m(WorkerDict pid=419959)[0m trial-302244509-trialrun-302244509-worker-0:419959:430472 [0] NCCL INFO Tree 22 : -1 -> 0 -> 1/-1/-1
[36m(WorkerDict pid=419959)[0m trial-302244509-trialrun-302244509-worker-0:419959:430472 [0] NCCL INFO Tree 11 : -1 -> 0 -> 1/-1/-1
[36m(WorkerDict pid=419959)[0m trial-302244509-trialrun-302244509-worker-0:419959:430472 [0] NCCL INFO Tree 23 : -1 -> 0 -> 1/-1/-1
[36m(WorkerDict pid=419959)[0m trial-302244509-trialrun-302244509-worker-0:419959:430472 [0] NCCL INFO NCCL_MIN_NCHANNELS set by environment to 4.
[36m(WorkerDict pid=419959)[0m trial-302244509-trialrun-302244509-worker-0:419959:430472 [0] NCCL INFO Channel 00/24 : 0 1 2 3 4 5 6 7
[36m(WorkerDict pid=419959)[0m trial-302244509-trialrun-302244509-worker-0:419959:430472 [0] NCCL INFO Channel 01/24 : 0 1 2 3 4 5 6 7
[36m(WorkerDict pid=419959)[0m trial-302244509-trialrun-302244509-worker-0:419959:430472 [0] NCCL INFO Channel 02/24 : 0 1 2 3 4 5 6 7
[36m(WorkerDict pid=419959)[0m trial-302244509-trialrun-302244509-worker-0:419959:430472 [0] NCCL INFO Channel 03/24 : 0 1 2 3 4 5 6 7
[36m(WorkerDict pid=419959)[0m trial-302244509-trialrun-302244509-worker-0:419959:430472 [0] NCCL INFO Channel 04/24 : 0 1 2 3 4 5 6 7
[36m(WorkerDict pid=419959)[0m trial-302244509-trialrun-302244509-worker-0:419959:430472 [0] NCCL INFO Channel 05/24 : 0 1 2 3 4 5 6 7
[36m(WorkerDict pid=419959)[0m trial-302244509-trialrun-302244509-worker-0:419959:430472 [0] NCCL INFO Channel 06/24 : 0 1 2 3 4 5 6 7
[36m(WorkerDict pid=419959)[0m trial-302244509-trialrun-302244509-worker-0:419959:430472 [0] NCCL INFO Channel 07/24 : 0 1 2 3 4 5 6 7
[36m(WorkerDict pid=419959)[0m trial-302244509-trialrun-302244509-worker-0:419959:430472 [0] NCCL INFO Channel 08/24 : 0 1 2 3 4 5 6 7
[36m(WorkerDict pid=419959)[0m trial-302244509-trialrun-302244509-worker-0:419959:430472 [0] NCCL INFO Channel 09/24 : 0 1 2 3 4 5 6 7
[36m(WorkerDict pid=419959)[0m trial-302244509-trialrun-302244509-worker-0:419959:430472 [0] NCCL INFO Channel 10/24 : 0 1 2 3 4 5 6 7
[36m(WorkerDict pid=419959)[0m trial-302244509-trialrun-302244509-worker-0:419959:430472 [0] NCCL INFO Channel 11/24 : 0 1 2 3 4 5 6 7
[36m(WorkerDict pid=419959)[0m trial-302244509-trialrun-302244509-worker-0:419959:430472 [0] NCCL INFO Channel 12/24 : 0 1 2 3 4 5 6 7
[36m(WorkerDict pid=419959)[0m trial-302244509-trialrun-302244509-worker-0:419959:430472 [0] NCCL INFO Channel 13/24 : 0 1 2 3 4 5 6 7
[36m(WorkerDict pid=419959)[0m trial-302244509-trialrun-302244509-worker-0:419959:430472 [0] NCCL INFO Channel 14/24 : 0 1 2 3 4 5 6 7
[36m(WorkerDict pid=419959)[0m trial-302244509-trialrun-302244509-worker-0:419959:430472 [0] NCCL INFO Channel 15/24 : 0 1 2 3 4 5 6 7
[36m(WorkerDict pid=419959)[0m trial-302244509-trialrun-302244509-worker-0:419959:430472 [0] NCCL INFO Channel 16/24 : 0 1 2 3 4 5 6 7
[36m(WorkerDict pid=419959)[0m trial-302244509-trialrun-302244509-worker-0:419959:430472 [0] NCCL INFO Channel 17/24 : 0 1 2 3 4 5 6 7
[36m(WorkerDict pid=419959)[0m trial-302244509-trialrun-302244509-worker-0:419959:430472 [0] NCCL INFO Channel 18/24 : 0 1 2 3 4 5 6 7
[36m(WorkerDict pid=419959)[0m trial-302244509-trialrun-302244509-worker-0:419959:430472 [0] NCCL INFO Channel 19/24 : 0 1 2 3 4 5 6 7
[36m(WorkerDict pid=419959)[0m trial-302244509-trialrun-302244509-worker-0:419959:430472 [0] NCCL INFO Channel 20/24 : 0 1 2 3 4 5 6 7
[36m(WorkerDict pid=419959)[0m trial-302244509-trialrun-302244509-worker-0:419959:430472 [0] NCCL INFO Channel 21/24 : 0 1 2 3 4 5 6 7
[36m(WorkerDict pid=419959)[0m trial-302244509-trialrun-302244509-worker-0:419959:430472 [0] NCCL INFO Channel 22/24 : 0 1 2 3 4 5 6 7
[36m(WorkerDict pid=419959)[0m trial-302244509-trialrun-302244509-worker-0:419959:430472 [0] NCCL INFO Channel 23/24 : 0 1 2 3 4 5 6 7
[36m(WorkerDict pid=419959)[0m trial-302244509-trialrun-302244509-worker-0:419959:430472 [0] NCCL INFO Ring 00 : 7 -> 0 -> 1
[36m(WorkerDict pid=419959)[0m trial-302244509-trialrun-302244509-worker-0:419959:430472 [0] NCCL INFO Ring 01 : 7 -> 0 -> 1
[36m(WorkerDict pid=419959)[0m trial-302244509-trialrun-302244509-worker-0:419959:430472 [0] NCCL INFO Ring 02 : 7 -> 0 -> 1
[36m(WorkerDict pid=419959)[0m trial-302244509-trialrun-302244509-worker-0:419959:430472 [0] NCCL INFO Ring 03 : 7 -> 0 -> 1
[36m(WorkerDict pid=419959)[0m trial-302244509-trialrun-302244509-worker-0:419959:430472 [0] NCCL INFO Ring 04 : 7 -> 0 -> 1
[36m(WorkerDict pid=419959)[0m trial-302244509-trialrun-302244509-worker-0:419959:430472 [0] NCCL INFO Ring 05 : 7 -> 0 -> 1
[36m(WorkerDict pid=419959)[0m trial-302244509-trialrun-302244509-worker-0:419959:430472 [0] NCCL INFO Ring 06 : 7 -> 0 -> 1
[36m(WorkerDict pid=419959)[0m trial-302244509-trialrun-302244509-worker-0:419959:430472 [0] NCCL INFO Ring 07 : 7 -> 0 -> 1
[36m(WorkerDict pid=419959)[0m trial-302244509-trialrun-302244509-worker-0:419959:430472 [0] NCCL INFO Ring 08 : 7 -> 0 -> 1
[36m(WorkerDict pid=419959)[0m trial-302244509-trialrun-302244509-worker-0:419959:430472 [0] NCCL INFO Ring 09 : 7 -> 0 -> 1
[36m(WorkerDict pid=419959)[0m trial-302244509-trialrun-302244509-worker-0:419959:430472 [0] NCCL INFO Ring 10 : 7 -> 0 -> 1
[36m(WorkerDict pid=419959)[0m trial-302244509-trialrun-302244509-worker-0:419959:430472 [0] NCCL INFO Ring 11 : 7 -> 0 -> 1
[36m(WorkerDict pid=419959)[0m trial-302244509-trialrun-302244509-worker-0:419959:430472 [0] NCCL INFO Ring 12 : 7 -> 0 -> 1
[36m(WorkerDict pid=419959)[0m trial-302244509-trialrun-302244509-worker-0:419959:430472 [0] NCCL INFO Ring 13 : 7 -> 0 -> 1
[36m(WorkerDict pid=419959)[0m trial-302244509-trialrun-302244509-worker-0:419959:430472 [0] NCCL INFO Ring 14 : 7 ->
[36m(WorkerDict pid=419956)[0m trial-302244509-trialrun-302244509-worker-
[36m(WorkerDict pid=419961)[0m trial-302244509-trialrun-302244509-worker-0:419961:43047
[36m(WorkerDict pid=419963)[0m trial-302244509-trialrun-302244509-worker-0:419963:43047
[36m(WorkerDict pid=419957)[0m trial-302244509-trialrun-302244509-worker-0:419957:
[36m(WorkerDict pid=419966)[0m trial-302244509-trialrun-302244509-worker-0:419966:43
[36m(WorkerDict pid=419971)[0m trial-302244509-trialrun-302244509-worker-0:419971:
[36m(WorkerDict pid=419968)[0m trial-302244509-trialrun-302244509-worker-0:419968:
[36m(WorkerDict pid=419959)[0m  0 -> 1
[36m(WorkerDict pid=419959)[0m trial-302244509-trialrun-302244509-worker-0:419959:430472 [0] NCCL INFO Trees [0] 1/-1/-1->0->-1 [1] 1/-1/-1->0->-1 [2] 1/-1/-1->0->-1 [3] 1/-1/-1->0->-1 [4] 1/-1/-1->0->-1 [5] 1/-1/-1->0->-1 [6] 1/-1/-1->0->-1 [7] 1/-1/-1->0->-1 [8] 1/-1/-1->0->-1 [9] 1/-1/-1->0->-1 [10] 1/-1/-1->0->-1 [11] 1/-1/-1->0->-1 [12] 1/-1/-1->0->-1 [13] 1/-1/-1->0->-1 [14] 1/-1/-1->0->-1 [15] 1/-1/-1->0->-1 [16] 1/-1/-1->0->-1 [17] 1/-1/-1->0->-1 [18] 1/-1/-1->0->-1 [19] 1/-1/-1->0->-1 [20] 1/-1/-1->0->-1 [21] 1/-1/-1->0->-1 [22] 1/-1/-1->0->-1 [23] 1/-1/-1->0->-1
[36m(WorkerDict pid=419959)[0m trial-302244509-trialrun-302244509-worker-0:419959:430472 [0] NCCL INFO NCCL_BUFFSIZE set by environment to 4194304.
[36m(WorkerDict pid=419959)[0m trial-302244509-trialrun-302244509-worker-0:419959:430472 [0] NCCL INFO NCCL_P2P_NVL_CHUNKSIZE set by environment to 1048576.
[36m(WorkerDict pid=419959)[0m trial-302244509-trialrun-302244509-worker-0:419959:430472 [0] NCCL INFO P2P Chunksize set to 524288
[36m(WorkerDict pid=419959)[0m trial-302244509-trialrun-302244509-worker-0:419959:430472 [0] NCCL INFO PROFILER/Plugin: Could not find: libnccl-profiler.so. 
[36m(WorkerDict pid=419959)[0m trial-302244509-trialrun-302244509-worker-0:419959:430472 [0] NCCL INFO Check P2P Type isAllDirectP2p 1 directMode 0
[36m(WorkerDict pid=419959)[0m trial-302244509-trialrun-302244509-worker-0:419959:430549 [0] NCCL INFO [Proxy Service] Device 0 CPU core 42
[36m(WorkerDict pid=419959)[0m trial-302244509-trialrun-302244509-worker-0:419959:430550 [0] NCCL INFO [Proxy Service UDS] Device 0 CPU core 12
[36m(WorkerDict pid=419959)[0m trial-302244509-trialrun-302244509-worker-0:419959:430472 [0] NCCL INFO NCCL_PROTO set by environment to Simple
[36m(WorkerDict pid=419959)[0m trial-302244509-trialrun-302244509-worker-0:419959:430472 [0] NCCL INFO NCCL_ALGO set by environment to Ring,Tree
[36m(WorkerDict pid=419959)[0m trial-302244509-trialrun-302244509-worker-0:419959:430472 [0] NCCL INFO Enabled NCCL Func/Proto/Algo Matrix:
[36m(WorkerDict pid=419959)[0m      Function |       LL     LL128    Simple   |          Tree           Ring  CollNetDirect   CollNetChain           NVLS       NVLSTree            PAT  
[36m(WorkerDict pid=419959)[0m     Broadcast |        0         0         1   |             1              1              0              0              0              0              0  
[36m(WorkerDict pid=419959)[0m        Reduce |        0         0         1   |             1              1              0              0              0              0              0  
[36m(WorkerDict pid=419959)[0m     AllGather |        0         0         1   |             1              1              0              0              0              0              0  
[36m(WorkerDict pid=419959)[0m ReduceScatter |        0         0         1   |             1              1              0              0              0              0              0  
[36m(WorkerDict pid=419959)[0m     AllReduce |        0         0         1   |             1              1              0              0              0              0  
[36m(WorkerDict pid=419959)[0m trial-302244509-trialrun-302244509-worker-0:419959:430472 [0] NCCL INFO threadThresholds 8/8/64 | 64/8/64 | 512 | 512
[36m(WorkerDict pid=419959)[0m trial-302244509-trialrun-302244509-worker-0:419959:430472 [0] NCCL INFO 24 coll channels, 24 collnet channels, 16 nvls channels, 32 p2p channels, 32 p2p channels per peer
[36m(WorkerDict pid=419959)[0m trial-302244509-trialrun-302244509-worker-0:419959:430472 [0] NCCL INFO CC Off, workFifoBytes 1048576
[36m(WorkerDict pid=419959)[0m trial-302244509-trialrun-302244509-worker-0:419959:430472 [0] NCCL INFO TUNER/Plugin: Could not find: libnccl-tuner.so. Using internal tuner plugin.
[36m(WorkerDict pid=419959)[0m trial-302244509-trialrun-302244509-worker-0:419959:430472 [0] NCCL INFO ncclCommInitRankConfig 
[36m(WorkerDict pid=419956)[0m trial-302244509-trialrun-302244509-worker-0:419956:430473 [1] NCCL INFO 24 coll channels, 24 collnet chan
[36m(WorkerDict pid=419961)[0m trial-302244509-trialrun-302244509-worker-0:419961:430478 [2] NCCL INFO ncclCommInitRankConfig comm 0xf895970 rank 2 nranks 8 cudaDev 2 nvmlDev 2 busId b000 commId 0xd1721560dbe8db86 - Init COMPLETE
[36m(WorkerDict pid=419961)[0m trial-302244509-trialrun-302244509-worker-0:419961:430478 [2] NCCL INFO Init timings - ncclCommInitRankConfig: rank 2 nranks 8 total 2.70 (kernels 0.51, alloc 1.08, bootstrap 0.10, allgathers 0.01, topo 0.67, graphs 0.01, connections 0.30, rest 0.03)
[36m(WorkerDict pid=419961)[0m trial-302244509-trialrun-302244509-worker-0:419961:430597 [2] NCCL INFO Channel 00/0 : 2[2] -> 3[3] via P2P/CUMEM
[36m(WorkerDict pid=419961)[0m trial-302244509-trialrun-302244509-worker-0:419961:430597 [2] NCCL INFO Channel 01/0 : 2[2] -> 3[3] via P2P/CUMEM
[36m(WorkerDict pid=419961)[0m trial-302244509-trialrun-302244509-worker-0:419961:430597 [2] NCCL INFO Channel 02/0 : 2[2] -> 3[3] via P2P/CUMEM
[36m(WorkerDict pid=419961)[0m trial-302244509-trialrun-302244509-worker-0:419961:430597 [2] NCCL INFO Channel 03/0 : 2[2] -> 3[3] via P2P/CUMEM
[36m(WorkerDict pid=419961)[0m trial-302244509-trialrun-302244509-worker-0:419961:430597 [2] NCCL INFO Channel 04/0 : 2[2] -> 3[3] via P2P/CUMEM
[36m(WorkerDict pid=419961)[0m trial-302244509-trialrun-302244509-worker-0:419961:430597 [2] NCCL INFO Channel 05/0 : 2[2] -> 3[3] via P2P/CUMEM
[36m(WorkerDict pid=419961)[0m trial-302244509-trialrun-302244509-worker-0:419961:430597 [2] NCCL INFO Channel 06/0 : 2[2] -> 3[3] via P2P/CUMEM
[36m(WorkerDict pid=419961)[0m trial-302244509-trialrun-302244509-worker-0:419961:430597 [2] NCCL INFO Channel 07/0 : 2[2] -> 3[3] via P2P/CUMEM
[36m(WorkerDict pid=419961)[0m trial-302244509-trialrun-302244509-worker-0:419961:430597 [2] NCCL INFO Channel 08/0 : 2[2] -> 3[3] via P2P/CUMEM
[36m(WorkerDict pid=419961)[0m trial-302244509-trialrun-302244509-worker-0:419961:430597 [2] NCCL INFO Channel 09/0 : 2[2] -> 3[3] via P2P/CUMEM
[36m(WorkerDict pid=419961)[0m trial-302244509-trialrun-302244509-worker-0:419961:430597 [2] NCCL INFO Channel 10/0 : 2[2] -> 3[3] via P2P/CUMEM
[36m(WorkerDict pid=419961)[0m trial-302244509-trialrun-302244509-worker-0:419961:430597 [2] NCCL INFO Channel 11/0 : 2[2] -> 3[3] via P2P/CUMEM
[36m(WorkerDict pid=419961)[0m trial-302244509-trialrun-302244509-worker-0:419961:430597 [2] NCCL INFO Channel 12/0 : 2[2] -> 3[3] via P2P/CUMEM
[36m(WorkerDict pid=419961)[0m trial-302244509-trialrun-302244509-worker-0:419961:430597 [2] NCCL INFO Channel 13/0 : 2[2] -> 3[3] via P2P/CUMEM
[36m(WorkerDict pid=419961)[0m trial-302244509-trialrun-302244509-worker-0:419961:430597 [2] NCCL INFO Channel 14/0 : 2[2] -> 3[3] via P2P/CUMEM
[36m(WorkerDict pid=419961)[0m trial-302244509-t
[36m(WorkerDict pid=419963)[0m trial-302244509-tri
[36m(WorkerDict pid=419957)[0m trial-302
[36m(WorkerDict pid=419966)[0m trial-30224450
[36m(WorkerDict pid=419971)[0m trial-302244509-trialrun-302244509-worker-0:419971:430601 [7] NCCL INFO Channel 14/0 : 7[7] -> 0[0] 
[36m(WorkerDict pid=419968)[0m trial-302
[36m(WorkerDict pid=419956)[0m nels, 16 nvls channels, 32 p2p channels, 32 p2p channels per peer
[36m(WorkerDict pid=419956)[0m trial-302244509-trialrun-302244509-worker-0:419956:430596 [1] NCCL INFO Connected all rings, use ring PXN 0 GDR 1
[36m(WorkerDict pid=419968)[0m [Gloo] Rank 6 is connected to 7 peer ranks. Expected number of connected peer ranks is : 7[32m [repeated 7x across cluster][0m
[36m(WorkerDict pid=419959)[0m comm 0x138e1480 rank 0 nranks 8 cudaDev 0 nvmlDev 0 busId 4000 commId 0xd1721560dbe8db86 - Init COMPLETE
[36m(WorkerDict pid=419971)[0m via P2P/CUMEM
[36m(WorkerDict pid=419959)[0m Actor use_remove_padding=True
[36m(WorkerDict pid=419959)[0m Actor use_fused_kernels=True
[36m(WorkerDict pid=419968)[0m Monkey patch _flash_attention_forward in transformers.integrations.flash_attention[32m [repeated 7x across cluster][0m
[36m(WorkerDict pid=419968)[0m Using Triton backend for fused kernels in Qwen2ForCausalLM[32m [repeated 7x across cluster][0m
[36m(WorkerDict pid=419968)[0m trial-302244509-trialrun-302244509-worker-0:419968:430479 [6] NCCL INFO NCCL_SOCKET_FAMILY set by environment to AF_INET6[32m [repeated 14x across cluster][0m
[36m(WorkerDict pid=419968)[0m trial-302244509-trialrun-302244509-worker-0:419968:430479 [6] NCCL INFO NCCL_SOCKET_IFNAME set by environment to eth0[32m [repeated 14x across cluster][0m
[36m(WorkerDict pid=419968)[0m trial-302244509-trialrun-302244509-worker-0:419968:419968 [6] NCCL INFO cudaDriverVersion 12020[32m [repeated 7x across cluster][0m
[36m(WorkerDict pid=419968)[0m trial-302244509-trialrun-302244509-worker-0:419968:419968 [6] NCCL INFO NCCL version 2.27.5+cuda12.9[32m [repeated 7x across cluster][0m
[36m(WorkerDict pid=419968)[0m trial-302244509-trialrun-302244509-worker-0:419968:419968 [6] NCCL INFO Comm config Blocking set to 1[32m [repeated 7x across cluster][0m
[36m(WorkerDict pid=419968)[0m trial-302244509-trialrun-302244509-worker-0:419968:430479 [6] NCCL INFO NET/Plugin: Could not find: none libnccl-net-none.so. [32m [repeated 7x across cluster][0m
[36m(WorkerDict pid=419968)[0m trial-302244509-trialrun-302244509-worker-0:419968:430479 [6] NCCL INFO NCCL_IB_DISABLE set by environment to 1.[32m [repeated 7x across cluster][0m
[36m(WorkerDict pid=419968)[0m trial-302244509-trialrun-302244509-worker-0:419968:430479 [6] NCCL INFO NET/Socket : Using [0]eth0:fdbd:dccd:cdc2:12c8:0:1ae:8000:2<0>[32m [repeated 7x across cluster][0m
[36m(WorkerDict pid=419968)[0m trial-302244509-trialrun-302244509-worker-0:419968:430479 [6] NCCL INFO Initialized NET plugin Socket[32m [repeated 7x across cluster][0m
[36m(WorkerDict pid=419968)[0m trial-302244509-trialrun-302244509-worker-0:419968:430479 [6] NCCL INFO Assigned NET plugin Socket to comm[32m [repeated 7x across cluster][0m
[36m(WorkerDict pid=419968)[0m trial-302244509-trialrun-302244509-worker-0:419968:430479 [6] NCCL INFO Using network Socket[32m [repeated 7x across cluster][0m
[36m(WorkerDict pid=419968)[0m trial-302244509-trialrun-302244509-worker-0:419968:430479 [6] NCCL INFO ncclCommInitRankConfig comm 0x14cae200 rank 6 nranks 8 cudaDev 6 nvmlDev 6 busId 8b000 commId 0xd1721560dbe8db86 - Init START[32m [repeated 7x across cluster][0m
[36m(WorkerDict pid=419968)[0m trial-302244509-trialrun-302244509-worker-0:419968:430479 [6] NCCL INFO RAS client listening socket at ::1<28028>[32m [repeated 7x across cluster][0m
[36m(WorkerDict pid=419968)[0m trial-302244509-trialrun-302244509-worker-0:419968:430479 [6] NCCL INFO Could not find real path of /sys/class/pci_bus/fffffff/../../fffffff:ff:f[32m [repeated 7x across cluster][0m
[36m(WorkerDict pid=419968)[0m trial-302244509-trialrun-302244509-worker-0:419968:430479 [6] NCCL INFO TOPO/NET : Importing network plugins to topology[32m [repeated 7x across cluster][0m
[36m(WorkerDict pid=419968)[0m trial-302244509-trialrun-302244509-worker-0:419968:430479 [6] NCCL INFO Retrieving state for Socket[32m [repeated 7x across cluster][0m
[36m(WorkerDict pid=419968)[0m trial-302244509-trialrun-302244509-worker-0:419968:430479 [6] NCCL INFO Initialized state 0 for Socket[32m [repeated 7x across cluster][0m
[36m(WorkerDict pid=419968)[0m trial-302244509-trialrun-302244509-worker-0:419968:430479 [6] NCCL INFO ncclTopoPopulateNics : Filled eth0 in topo with pciPath=(null) keep=1 coll=(null)[32m [repeated 7x across cluster][0m
[36m(WorkerDict pid=419968)[0m trial-302244509-trialrun-302244509-worker-0:419968:430479 [6] NCCL INFO === System : maxBw 370.8 totalBw 370.8 ===[32m [repeated 7x across cluster][0m
[36m(WorkerDict pid=419968)[0m trial-302244509-trialrun-302244509-worker-0:419968:430479 [6] NCCL INFO GPU/0-8c000 :GPU/0-4000 (2/370.8/NVL) GPU/0-5000 (2/370.8/NVL) GPU/0-b000 (2/370.8/NVL) GPU/0-c000 (2/370.8/NVL) GPU/0-84000 (2/370.8/NVL) GPU/0-85000 (2/370.8/NVL) GPU/0-8b000 (2/370.8/NVL) GPU/0-8c000 (0/5000.0/LOC) NVS/0-0 (1/370.8/NVL) CPU/0-0 (3/22.0/SYS) CPU/0-1 (2/24.0/PHB) [32m [repeated 70x across cluster][0m
[36m(WorkerDict pid=419968)[0m trial-302244509-trialrun-302244509-worker-0:419968:430479 [6] NCCL INFO + SYS[22.0] - CPU/0-0[32m [repeated 161x across cluster][0m
[36m(WorkerDict pid=419968)[0m trial-302244509-trialrun-302244509-worker-0:419968:430479 [6] NCCL INFO ==========================================[32m [repeated 7x across cluster][0m
[36m(WorkerDict pid=419968)[0m trial-302244509-trialrun-302244509-worker-0:419968:430479 [6] NCCL INFO Setting affinity for GPU 6 to 52-103,156-207[32m [repeated 7x across cluster][0m
[36m(WorkerDict pid=419968)[0m trial-302244509-trialrun-302244509-worker-0:419968:430479 [6] NCCL INFO NCCL_NVLS_ENABLE set by environment to 1.[32m [repeated 7x across cluster][0m
[36m(WorkerDict pid=419968)[0m trial-302244509-trialrun-302244509-worker-0:419968:430479 [6] NCCL INFO NVLS multicast support is available on dev 6 (NVLS_NCHANNELS 16)[32m [repeated 7x across cluster][0m
[36m(WorkerDict pid=419968)[0m trial-302244509-trialrun-302244509-worker-0:419968:430479 [6] NCCL INFO Pattern 5, crossNic 0, nChannels 8, bw 40.000000/60.000000, type NVL/PIX, sameChannels 0[32m [repeated 21x across cluster][0m
[36m(WorkerDict pid=419959)[0m Flash Attention 2 only supports torch.float16 and torch.bfloat16 dtypes, but the current dype in Qwen2ForCausalLM is torch.float32. You should run training or inference using Automatic Mixed-Precision via the `with torch.autocast(device_type='torch_device'):` decorator, or load the model with the `dtype` argument. Example: `model = AutoModel.from_pretrained("openai/whisper-tiny", attn_implementation="flash_attention_2", dtype=torch.float16)`
[36m(WorkerDict pid=419959)[0m Flash Attention 2 only supports torch.float16 and torch.bfloat16 dtypes, but the current dype in Qwen2Model is torch.float32. You should run training or inference using Automatic Mixed-Precision via the `with torch.autocast(device_type='torch_device'):` decorator, or load the model with the `dtype` argument. Example: `model = AutoModel.from_pretrained("openai/whisper-tiny", attn_implementation="flash_attention_2", dtype=torch.float16)`
[36m(WorkerDict pid=419959)[0m Loading checkpoint shards:   0%|          | 0/4 [00:00<?, ?it/s]
[36m(WorkerDict pid=419968)[0m WARNING:2026-08-03 11:13:44,756:Initializing torch.distributed: rank=6 world_size=8 init_method=tcp://127.0.0.1:44545 master=127.0.0.1:44545[32m [repeated 7x across cluster][0m
[36m(WorkerDict pid=419968)[0m [W803 11:13:44.045593304 ProcessGroupNCCL.cpp:924] Warning: TORCH_NCCL_AVOID_RECORD_STREAMS is the default now, this environment variable is thus deprecated. (function operator())[32m [repeated 7x across cluster][0m
[36m(WorkerDict pid=419968)[0m `torch_dtype` is deprecated! Use `dtype` instead![32m [repeated 7x across cluster][0m
[36m(WorkerDict pid=419968)[0m Loading checkpoint shards:   0%|          | 0/4 [00:00<?, ?it/s]Loading checkpoint shards: 100%|██████████| 4/4 [00:00<00:00, 104.27it/s][32m [repeated 7x across cluster][0m
[36m(WorkerDict pid=419959)[0m Loading checkpoint shards:  25%|██▌       | 1/4 [00:03<00:11,  3.86s/it]
[36m(WorkerDict pid=419968)[0m Flash Attention 2 only supports torch.float16 and torch.bfloat16 dtypes, but the current dype in Qwen2Model is torch.float32. You should run training or inference using Automatic Mixed-Precision via the `with torch.autocast(device_type='torch_device'):` decorator, or load the model with the `dtype` argument. Example: `model = AutoModel.from_pretrained("openai/whisper-tiny", attn_implementation="flash_attention_2", dtype=torch.float16)`[32m [repeated 14x across cluster][0m
[36m(WorkerDict pid=419968)[0m Loading checkpoint shards:   0%|          | 0/4 [00:00<?, ?it/s][32m [repeated 7x across cluster][0m
[36m(WorkerDict pid=419959)[0m Loading checkpoint shards:  75%|███████▌  | 3/4 [00:11<00:03,  3.70s/it][32m [repeated 16x across cluster][0m
[36m(WorkerDict pid=419959)[0m Loading checkpoint shards: 100%|██████████| 4/4 [00:14<00:00,  3.57s/it]Loading checkpoint shards: 100%|██████████| 4/4 [00:14<00:00,  3.64s/it]
[36m(WorkerDict pid=419968)[0m trial-302244509-trialrun-302244509-worker-0:419968:430479 [6] NCCL INFO  7 : GPU/0-8c000[32m [repeated 224x across cluster][0m
[36m(WorkerDict pid=419968)[0m trial-302244509-trialrun-302244509-worker-0:419968:430479 [6] NCCL INFO comm 0x14cae200 rank 6 nRanks 8 nNodes 1 localRanks 8 localRank 6 MNNVL 0[32m [repeated 7x across cluster][0m
[36m(WorkerDict pid=419956)[0m 0:419956:430473 [1] NCCL INFO Tree 23 : 0 -> 1 -> 2/-1/-1[32m [repeated 24x across cluster][0m
[36m(WorkerDict pid=419956)[0m trial-302244509-trialrun-302244509-worker-0:419956:430473 [1] NCCL INFO NCCL_MIN_NCHANNELS set by environment to 4.[32m [repeated 7x across cluster][0m
[36m(WorkerDict pid=419968)[0m 430479 [6] NCCL INFO Ring 23 : 5 -> 6 -> 7[32m [repeated 177x across cluster][0m
[36m(WorkerDict pid=419968)[0m trial-302244509-trialrun-302244509-worker-0:419968:430479 [6] NCCL INFO Trees [0] 7/-1/-1->6->5 [1] 7/-1/-1->6->5 [2] 7/-1/-1->6->5 [3] 7/-1/-1->6->5 [4] 7/-1/-1->6->5 [5] 7/-1/-1->6->5 [6] 7/-1/-1->6->5 [7] 7/-1/-1->6->5 [8] 7/-1/-1->6->5 [9] 7/-1/-1->6->5 [10] 7/-1/-1->6->5 [11] 7/-1/-1->6->5 [12] 7/-1/-1->6->5 [13] 7/-1/-1->6->5 [14] 7/-1/-1->6->5 [15] 7/-1/-1->6->5 [16] 7/-1/-1->6->5 [17] 7/-1/-1->6->5 [18] 7/-1/-1->6->5 [19] 7/-1/-1->6->5 [20] 7/-1/-1->6->5 [21] 7/-1/-1->6->5 [22] 7/-1/-1->6->5 [23] 7/-1/-1->6->5[32m [repeated 7x across cluster][0m
[36m(WorkerDict pid=419968)[0m trial-302244509-trialrun-302244509-worker-0:419968:430479 [6] NCCL INFO NCCL_BUFFSIZE set by environment to 4194304.[32m [repeated 7x across cluster][0m
[36m(WorkerDict pid=419968)[0m trial-302244509-trialrun-302244509-worker-0:419968:430479 [6] NCCL INFO NCCL_P2P_NVL_CHUNKSIZE set by environment to 1048576.[32m [repeated 7x across cluster][0m
[36m(WorkerDict pid=419968)[0m trial-302244509-trialrun-302244509-worker-0:419968:430479 [6] NCCL INFO P2P Chunksize set to 524288[32m [repeated 7x across cluster][0m
[36m(WorkerDict pid=419968)[0m trial-302244509-trialrun-302244509-worker-0:419968:430479 [6] NCCL INFO PROFILER/Plugin: Could not find: libnccl-profiler.so. [32m [repeated 7x across cluster][0m
[36m(WorkerDict pid=419968)[0m trial-302244509-trialrun-302244509-worker-0:419968:430551 [6] NCCL INFO [Proxy Service] Device 6 CPU core 186[32m [repeated 7x across cluster][0m
[36m(WorkerDict pid=419968)[0m trial-302244509-trialrun-302244509-worker-0:419968:430552 [6] NCCL INFO [Proxy Service UDS] Device 6 CPU core 205[32m [repeated 7x across cluster][0m
[36m(WorkerDict pid=419968)[0m trial-302244509-trialrun-302244509-worker-0:419968:430479 [6] NCCL INFO NCCL_PROTO set by environment to Simple[32m [repeated 7x across cluster][0m
[36m(WorkerDict pid=419968)[0m trial-302244509-trialrun-302244509-worker-0:419968:430479 [6] NCCL INFO NCCL_ALGO set by environment to Ring,Tree[32m [repeated 7x across cluster][0m
[36m(WorkerDict pid=419968)[0m trial-302244509-trialrun-302244509-worker-0:419968:430479 [6] NCCL INFO threadThresholds 8/8/64 | 64/8/64 | 512 | 512[32m [repeated 7x across cluster][0m
[36m(WorkerDict pid=419968)[0m trial-302244509-trialrun-302244509-worker-0:419968:430479 [6] NCCL INFO 24 coll channels, 24 collnet channels, 16 nvls channels, 32 p2p channels, 32 p2p channels per peer[32m [repeated 6x across cluster][0m
[36m(WorkerDict pid=419956)[0m trial-302244509-trialrun-302244509-worker-0:419956:430473 [1] NCCL INFO TUNER/Plugin: Could not find: libnccl-tuner.so. Using internal tuner plugin.[32m [repeated 7x across cluster][0m
[36m(WorkerDict pid=419956)[0m trial-302244509-trialrun-302244509-worker-0:419956:430473 [1] NCCL INFO ncclCommInitRankConfig comm 0x10049920 rank 1 nranks 8 cudaDev 1 nvmlDev 1 busId 5000 commId 0xd1721560dbe8db86 - Init COMPLETE[32m [repeated 6x across cluster][0m
[36m(WorkerDict pid=419959)[0m trial-302244509-trialrun-302244509-worker-0:419959:430472 [0] NCCL INFO Init timings - ncclCommInitRankConfig: rank 0 nranks 8 total 2.76 (kernels 0.30, alloc 0.51, bootstrap 0.93, allgathers 0.01, topo 0.66, graphs 0.01, connections 0.30, rest 0.03)[32m [repeated 7x across cluster][0m
[36m(WorkerDict pid=419968)[0m trial-302244509-trialrun-302244509-worker-0:419968:430594 [6] NCCL INFO Channel 23/0 : 6[6] -> 7[7] via P2P/CUMEM[32m [repeated 176x across cluster][0m
[36m(WorkerDict pid=419959)[0m Model config after override: Qwen2Config {
[36m(WorkerDict pid=419959)[0m   "architectures": [
[36m(WorkerDict pid=419959)[0m     "Qwen2ForCausalLM"
[36m(WorkerDict pid=419959)[0m   ],
[36m(WorkerDict pid=419959)[0m   "attention_dropout": 0.0,
[36m(WorkerDict pid=419959)[0m   "dtype": "bfloat16",
[36m(WorkerDict pid=419959)[0m   "eos_token_id": 151643,
[36m(WorkerDict pid=419959)[0m   "hidden_act": "silu",
[36m(WorkerDict pid=419959)[0m   "hidden_size": 3584,
[36m(WorkerDict pid=419959)[0m   "initializer_range": 0.02,
[36m(WorkerDict pid=419959)[0m   "intermediate_size": 18944,
[36m(WorkerDict pid=419959)[0m   "layer_types": [
[36m(WorkerDict pid=419959)[0m     "full_attention",
[36m(WorkerDict pid=419959)[0m     "full_attention",
[36m(WorkerDict pid=419959)[0m     "full_attention",
[36m(WorkerDict pid=419959)[0m     "full_attention",
[36m(WorkerDict pid=419959)[0m     "full_attention",
[36m(WorkerDict pid=419959)[0m     "full_attention",
[36m(WorkerDict pid=419959)[0m     "full_attention",
[36m(WorkerDict pid=419959)[0m     "full_attention",
[36m(WorkerDict pid=419959)[0m     "full_attention",
[36m(WorkerDict pid=419959)[0m     "full_attention",
[36m(WorkerDict pid=419959)[0m     "full_attention",
[36m(WorkerDict pid=419959)[0m     "full_attention",
[36m(WorkerDict pid=419959)[0m     "full_attention",
[36m(WorkerDict pid=419959)[0m     "full_attention",
[36m(WorkerDict pid=419959)[0m     "full_attention",
[36m(WorkerDict pid=419959)[0m     "full_attention",
[36m(WorkerDict pid=419959)[0m     "full_attention",
[36m(WorkerDict pid=419959)[0m     "full_attention",
[36m(WorkerDict pid=419959)[0m     "full_attention",
[36m(WorkerDict pid=419959)[0m     "full_attention",
[36m(WorkerDict pid=419959)[0m     "full_attention",
[36m(WorkerDict pid=419959)[0m     "full_attention",
[36m(WorkerDict pid=419959)[0m     "full_attention",
[36m(WorkerDict pid=419959)[0m     "full_attention",
[36m(WorkerDict pid=419959)[0m     "full_attention",
[36m(WorkerDict pid=419959)[0m     "full_attention",
[36m(WorkerDict pid=419959)[0m     "full_attention",
[36m(WorkerDict pid=419959)[0m     "full_attention"
[36m(WorkerDict pid=419959)[0m   ],
[36m(WorkerDict pid=419959)[0m   "max_position_embeddings": 4096,
[36m(WorkerDict pid=419959)[0m   "max_window_layers": 28,
[36m(WorkerDict pid=419959)[0m   "model_type": "qwen2",
[36m(WorkerDict pid=419959)[0m   "num_attention_heads": 28,
[36m(WorkerDict pid=419959)[0m   "num_hidden_layers": 28,
[36m(WorkerDict pid=419959)[0m   "num_key_value_heads": 4,
[36m(WorkerDict pid=419959)[0m   "pad_token_id": 151643,
[36m(WorkerDict pid=419959)[0m   "rms_norm_eps": 1e-06,
[36m(WorkerDict pid=419959)[0m   "rope_scaling": null,
[36m(WorkerDict pid=419959)[0m   "rope_theta": 10000,
[36m(WorkerDict pid=419959)[0m   "sliding_window": null,
[36m(WorkerDict pid=419959)[0m   "tie_word_embeddings": false,
[36m(WorkerDict pid=419959)[0m   "transformers_version": "4.57.3",
[36m(WorkerDict pid=419959)[0m   "use_cache": true,
[36m(WorkerDict pid=419959)[0m   "use_mrope": false,
[36m(WorkerDict pid=419959)[0m   "use_sliding_window": false,
[36m(WorkerDict pid=419959)[0m   "vocab_size": 152064
[36m(WorkerDict pid=419959)[0m }
[36m(WorkerDict pid=419959)[0m 
[36m(WorkerDict pid=419968)[0m trial-302244509-trialrun-302244509-worker-0:419968:430594 [6] NCCL INFO Connected all rings, use ring PXN 0 GDR 1[32m [repeated 7x across cluster][0m
[36m(WorkerDict pid=419959)[0m actor attention implementation verified: flash_attention_2
[36m(WorkerDict pid=419959)[0m Monkey patch _flash_attention_forward in transformers.integrations.flash_attention
[36m(WorkerDict pid=419959)[0m Using Triton backend for fused kernels in Qwen2ForCausalLM
[36m(WorkerDict pid=419959)[0m WARNING:2026-08-03 11:14:30,020:Dropping unsupported vLLM engine kwargs for this version: ['disable_mm_preprocessor_cache']
[36m(WorkerDict pid=419971)[0m Loading checkpoint shards:  75%|███████▌  | 3/4 [00:11<00:03,  3.93s/it][32m [repeated 7x across cluster][0m
[36m(WorkerDict pid=419971)[0m Loading checkpoint shards: 100%|██████████| 4/4 [00:15<00:00,  3.79s/it]Loading checkpoint shards: 100%|██████████| 4/4 [00:15<00:00,  3.87s/it][32m [repeated 7x across cluster][0m
[36m(WorkerDict pid=419959)[0m 2026-08-03 11:14:55,827 - INFO - autotuner.py:256 - flashinfer.jit: [Autotuner]: Autotuning process starts ...
[36m(WorkerDict pid=419959)[0m 2026-08-03 11:14:55,844 - INFO - autotuner.py:262 - flashinfer.jit: [Autotuner]: Autotuning process ends
[36m(WorkerDict pid=419968)[0m WARNING:2026-08-03 11:14:30,012:Dropping unsupported vLLM engine kwargs for this version: ['disable_mm_preprocessor_cache'][32m [repeated 7x across cluster][0m
[36m(WorkerDict pid=419959)[0m Capturing CUDA graphs (mixed prefill-decode, PIECEWISE):   0%|          | 0/51 [00:00<?, ?it/s]
[36m(WorkerDict pid=419959)[0m Capturing CUDA graphs (mixed prefill-decode, PIECEWISE):   6%|▌         | 3/51 [00:00<00:02, 20.72it/s]
[36m(WorkerDict pid=419959)[0m Capturing CUDA graphs (mixed prefill-decode, PIECEWISE):  12%|█▏        | 6/51 [00:00<00:02, 18.97it/s]
[36m(WorkerDict pid=419959)[0m Capturing CUDA graphs (mixed prefill-decode, PIECEWISE):  18%|█▊        | 9/51 [00:00<00:02, 18.67it/s]Capturing CUDA graphs (mixed prefill-decode, PIECEWISE):  22%|██▏       | 11/51 [00:00<00:02, 19.00it/s]
[36m(WorkerDict pid=419959)[0m Capturing CUDA graphs (mixed prefill-decode, PIECEWISE):  25%|██▌       | 13/51 [00:00<00:02, 18.88it/s]
[36m(WorkerDict pid=419959)[0m Capturing CUDA graphs (mixed prefill-decode, PIECEWISE):  29%|██▉       | 15/51 [00:00<00:01, 18.31it/s]
[36m(WorkerDict pid=419959)[0m Capturing CUDA graphs (mixed prefill-decode, PIECEWISE):  33%|███▎      | 17/51 [00:00<00:01, 17.88it/s]
[36m(WorkerDict pid=419959)[0m Capturing CUDA graphs (mixed prefill-decode, PIECEWISE):  37%|███▋      | 19/51 [00:01<00:01, 18.45it/s]
[36m(WorkerDict pid=419959)[0m Capturing CUDA graphs (mixed prefill-decode, PIECEWISE):  41%|████      | 21/51 [00:01<00:01, 16.71it/s]
[36m(WorkerDict pid=419959)[0m Capturing CUDA graphs (mixed prefill-decode, PIECEWISE):  45%|████▌     | 23/51 [00:01<00:01, 17.46it/s]
[36m(WorkerDict pid=419959)[0m Capturing CUDA graphs (mixed prefill-decode, PIECEWISE):  49%|████▉     | 25/51 [00:01<00:01, 17.95it/s]
[36m(WorkerDict pid=419959)[0m Capturing CUDA graphs (mixed prefill-decode, PIECEWISE):  53%|█████▎    | 27/51 [00:01<00:01, 17.21it/s]
[36m(WorkerDict pid=419959)[0m Capturing CUDA graphs (mixed prefill-decode, PIECEWISE):  57%|█████▋    | 29/51 [00:01<00:01, 17.45it/s]
[36m(WorkerDict pid=419959)[0m Capturing CUDA graphs (mixed prefill-decode, PIECEWISE):  61%|██████    | 31/51 [00:01<00:01, 17.58it/s]
[36m(WorkerDict pid=419959)[0m Capturing CUDA graphs (mixed prefill-decode, PIECEWISE):  65%|██████▍   | 33/51 [00:01<00:01, 17.93it/s]
[36m(WorkerDict pid=419959)[0m Capturing CUDA graphs (mixed prefill-decode, PIECEWISE):  71%|███████   | 36/51 [00:01<00:00, 17.80it/s]
[36m(WorkerDict pid=419959)[0m Capturing CUDA graphs (mixed prefill-decode, PIECEWISE):  75%|███████▍  | 38/51 [00:02<00:00, 17.75it/s]
[36m(WorkerDict pid=419959)[0m Capturing CUDA graphs (mixed prefill-decode, PIECEWISE):  78%|███████▊  | 40/51 [00:02<00:00, 17.39it/s]
[36m(WorkerDict pid=419959)[0m Capturing CUDA graphs (mixed prefill-decode, PIECEWISE):  82%|████████▏ | 42/51 [00:02<00:00, 16.63it/s]
[36m(WorkerDict pid=419959)[0m Capturing CUDA graphs (mixed prefill-decode, PIECEWISE):  86%|████████▋ | 44/51 [00:02<00:00, 16.98it/s]
[36m(WorkerDict pid=419959)[0m Capturing CUDA graphs (mixed prefill-decode, PIECEWISE):  90%|█████████ | 46/51 [00:02<00:00, 17.11it/s]
[36m(WorkerDict pid=419959)[0m Capturing CUDA graphs (mixed prefill-decode, PIECEWISE):  96%|█████████▌| 49/51 [00:02<00:00, 18.55it/s]
[36m(WorkerDict pid=419959)[0m Capturing CUDA graphs (mixed prefill-decode, PIECEWISE): 100%|██████████| 51/51 [00:02<00:00, 18.01it/s]
[36m(WorkerDict pid=419959)[0m Capturing CUDA graphs (decode, FULL):   0%|          | 0/51 [00:00<?, ?it/s]
[36m(WorkerDict pid=419959)[0m Capturing CUDA graphs (decode, FULL):   6%|▌         | 3/51 [00:00<00:01, 29.97it/s]
[36m(WorkerDict pid=419959)[0m Capturing CUDA graphs (decode, FULL):  14%|█▎        | 7/51 [00:00<00:01, 29.81it/s]
[36m(WorkerDict pid=419959)[0m Capturing CUDA graphs (decode, FULL):  22%|██▏       | 11/51 [00:00<00:01, 29.79it/s]
[36m(WorkerDict pid=419959)[0m Capturing CUDA graphs (decode, FULL):  29%|██▉       | 15/51 [00:00<00:01, 30.59it/s]
[36m(WorkerDict pid=419959)[0m Capturing CUDA graphs (decode, FULL):  37%|███▋      | 19/51 [00:00<00:01, 31.23it/s]
[36m(WorkerDict pid=419959)[0m Capturing CUDA graphs (decode, FULL):  45%|████▌     | 23/51 [00:00<00:00, 29.86it/s]
[36m(WorkerDict pid=419959)[0m Capturing CUDA graphs (decode, FULL):  53%|█████▎    | 27/51 [00:00<00:00, 30.77it/s]
[36m(WorkerDict pid=419959)[0m Capturing CUDA graphs (decode, FULL):  61%|██████    | 31/51 [00:01<00:00, 30.96it/s]
[36m(WorkerDict pid=419959)[0m Capturing CUDA graphs (decode, FULL):  69%|██████▊   | 35/51 [00:01<00:00, 31.25it/s]
[36m(WorkerDict pid=419959)[0m Capturing CUDA graphs (decode, FULL):  76%|███████▋  | 39/51 [00:01<00:00, 23.81it/s]
[36m(WorkerDict pid=419959)[0m Capturing CUDA graphs (decode, FULL):  82%|████████▏ | 42/51 [00:01<00:00, 20.66it/s]
[36m(WorkerDict pid=419959)[0m Capturing CUDA graphs (decode, FULL):  88%|████████▊ | 45/51 [00:01<00:00, 22.13it/s]
[36m(WorkerDict pid=419968)[0m 2026-08-03 11:14:55,827 - INFO - autotuner.py:256 - flashinfer.jit: [Autotuner]: Autotuning process starts ...[32m [repeated 7x across cluster][0m
[36m(WorkerDict pid=419968)[0m 2026-08-03 11:14:55,843 - INFO - autotuner.py:262 - flashinfer.jit: [Autotuner]: Autotuning process ends[32m [repeated 7x across cluster][0m
[36m(WorkerDict pid=419959)[0m Capturing CUDA graphs (decode, FULL):  96%|█████████▌| 49/51 [00:01<00:00, 24.59it/s]Capturing CUDA graphs (decode, FULL): 100%|██████████| 51/51 [00:01<00:00, 26.95it/s]
[36m(WorkerDict pid=419959)[0m /mlx_devbox/users/quyanyi/playground/.venvs/ttrl_h100_cu129/lib/python3.11/site-packages/torch/distributed/fsdp/fully_sharded_data_parallel.py:675: FutureWarning: FSDP.state_dict_type() and FSDP.set_state_dict_type() are being deprecated. Please use APIs, get_state_dict() and set_state_dict(), which can support different parallelisms, FSDP1, FSDP2, DDP. API doc: https://pytorch.org/docs/stable/distributed.checkpoint.html#torch.distributed.checkpoint.state_dict.get_state_dict .Tutorial: https://pytorch.org/tutorials/recipes/distributed_checkpoint_recipe.html .
[36m(WorkerDict pid=419959)[0m   warnings.warn(
[36m(TaskRunner pid=419958)[0m Training Progress:   0%|          | 0/3 [00:00<?, ?it/s]
[36m(TaskRunner pid=419958)[0m <string>:1: SymPyDeprecationWarning: 
[36m(TaskRunner pid=419958)[0m 
[36m(TaskRunner pid=419958)[0m Using non-Expr arguments in Pow is deprecated (in this case, one of the
[36m(TaskRunner pid=419958)[0m arguments is of type 'FiniteSet').
[36m(TaskRunner pid=419958)[0m 
[36m(TaskRunner pid=419958)[0m If you really did intend to construct a power with this base, use the **
[36m(TaskRunner pid=419958)[0m operator instead.
[36m(TaskRunner pid=419958)[0m 
[36m(TaskRunner pid=419958)[0m See https://docs.sympy.org/latest/explanation/active-deprecations.html#non-expr-args-deprecated
[36m(TaskRunner pid=419958)[0m for details.
[36m(TaskRunner pid=419958)[0m 
[36m(TaskRunner pid=419958)[0m This has been deprecated since SymPy version 1.7. It
[36m(TaskRunner pid=419958)[0m will be removed in a future version of SymPy.
[36m(TaskRunner pid=419958)[0m 
[36m(TaskRunner pid=419958)[0m /usr/local/lib/python3.11/dist-packages/sympy/core/power.py:1257: SymPyDeprecationWarning: 
[36m(TaskRunner pid=419958)[0m 
[36m(TaskRunner pid=419958)[0m Using non-Expr arguments in Pow is deprecated (in this case, one of the
[36m(TaskRunner pid=419958)[0m arguments is of type 'FiniteSet').
[36m(TaskRunner pid=419958)[0m 
[36m(TaskRunner pid=419958)[0m If you really did intend to construct a power with this base, use the **
[36m(TaskRunner pid=419958)[0m operator instead.
[36m(TaskRunner pid=419958)[0m 
[36m(TaskRunner pid=419958)[0m See https://docs.sympy.org/latest/explanation/active-deprecations.html#non-expr-args-deprecated
[36m(TaskRunner pid=419958)[0m for details.
[36m(TaskRunner pid=419958)[0m 
[36m(TaskRunner pid=419958)[0m This has been deprecated since SymPy version 1.7. It
[36m(TaskRunner pid=419958)[0m will be removed in a future version of SymPy.
[36m(TaskRunner pid=419958)[0m 
[36m(TaskRunner pid=419958)[0m   p = self.func(*self.as_base_exp())  # in case it's unevaluated
[36m(WorkerDict pid=419971)[0m /mlx_devbox/users/quyanyi/playground/.venvs/ttrl_h100_cu129/lib/python3.11/site-packages/torch/distributed/fsdp/fully_sharded_data_parallel.py:675: FutureWarning: FSDP.state_dict_type() and FSDP.set_state_dict_type() are being deprecated. Please use APIs, get_state_dict() and set_state_dict(), which can support different parallelisms, FSDP1, FSDP2, DDP. API doc: https://pytorch.org/docs/stable/distributed.checkpoint.html#torch.distributed.checkpoint.state_dict.get_state_dict .Tutorial: https://pytorch.org/tutorials/recipes/distributed_checkpoint_recipe.html .[32m [repeated 7x across cluster][0m
[36m(WorkerDict pid=419971)[0m   warnings.warn([32m [repeated 7x across cluster][0m
[36m(TaskRunner pid=419958)[0m WARNING:2026-08-03 11:15:42,205:Timeout during comparison
[36m(TaskRunner pid=419958)[0m WARNING:2026-08-03 11:17:12,329:Timeout during comparison
[36m(TaskRunner pid=419958)[0m Training Progress:  33%|███▎      | 1/3 [02:10<04:20, 130.29s/it]
[36m(TaskRunner pid=419958)[0m <string>:1: SymPyDeprecationWarning: 
[36m(TaskRunner pid=419958)[0m 
[36m(TaskRunner pid=419958)[0m Using non-Expr arguments in Pow is deprecated (in this case, one of the
[36m(TaskRunner pid=419958)[0m arguments is of type 'FiniteSet').
[36m(TaskRunner pid=419958)[0m 
[36m(TaskRunner pid=419958)[0m If you really did intend to construct a power with this base, use the **
[36m(TaskRunner pid=419958)[0m operator instead.
[36m(TaskRunner pid=419958)[0m 
[36m(TaskRunner pid=419958)[0m See https://docs.sympy.org/latest/explanation/active-deprecations.html#non-expr-args-deprecated
[36m(TaskRunner pid=419958)[0m for details.
[36m(TaskRunner pid=419958)[0m 
[36m(TaskRunner pid=419958)[0m This has been deprecated since SymPy version 1.7. It
[36m(TaskRunner pid=419958)[0m will be removed in a future version of SymPy.
[36m(TaskRunner pid=419958)[0m 
[36m(TaskRunner pid=419958)[0m /usr/local/lib/python3.11/dist-packages/sympy/core/power.py:1257: SymPyDeprecationWarning: 
[36m(TaskRunner pid=419958)[0m 
[36m(TaskRunner pid=419958)[0m Using non-Expr arguments in Pow is deprecated (in this case, one of the
[36m(TaskRunner pid=419958)[0m arguments is of type 'FiniteSet').
[36m(TaskRunner pid=419958)[0m 
[36m(TaskRunner pid=419958)[0m If you really did intend to construct a power with this base, use the **
[36m(TaskRunner pid=419958)[0m operator instead.
[36m(TaskRunner pid=419958)[0m 
[36m(TaskRunner pid=419958)[0m See https://docs.sympy.org/latest/explanation/active-deprecations.html#non-expr-args-deprecated
[36m(TaskRunner pid=419958)[0m for details.
[36m(TaskRunner pid=419958)[0m 
[36m(TaskRunner pid=419958)[0m This has been deprecated since SymPy version 1.7. It
[36m(TaskRunner pid=419958)[0m will be removed in a future version of SymPy.
[36m(TaskRunner pid=419958)[0m 
[36m(TaskRunner pid=419958)[0m   p = self.func(*self.as_base_exp())  # in case it's unevaluated
[36m(TaskRunner pid=419958)[0m Training Progress:  67%|██████▋   | 2/3 [03:24<01:37, 97.04s/it] 
[36m(TaskRunner pid=419958)[0m <string>:1: SymPyDeprecationWarning: 
[36m(TaskRunner pid=419958)[0m 
[36m(TaskRunner pid=419958)[0m Using non-Expr arguments in Pow is deprecated (in this case, one of the
[36m(TaskRunner pid=419958)[0m arguments is of type 'FiniteSet').
[36m(TaskRunner pid=419958)[0m 
[36m(TaskRunner pid=419958)[0m If you really did intend to construct a power with this base, use the **
[36m(TaskRunner pid=419958)[0m operator instead.
[36m(TaskRunner pid=419958)[0m 
[36m(TaskRunner pid=419958)[0m See https://docs.sympy.org/latest/explanation/active-deprecations.html#non-expr-args-deprecated
[36m(TaskRunner pid=419958)[0m for details.
[36m(TaskRunner pid=419958)[0m 
[36m(TaskRunner pid=419958)[0m This has been deprecated since SymPy version 1.7. It
[36m(TaskRunner pid=419958)[0m will be removed in a future version of SymPy.
[36m(TaskRunner pid=419958)[0m 
[36m(TaskRunner pid=419958)[0m /usr/local/lib/python3.11/dist-packages/sympy/core/power.py:1257: SymPyDeprecationWarning: 
[36m(TaskRunner pid=419958)[0m 
[36m(TaskRunner pid=419958)[0m Using non-Expr arguments in Pow is deprecated (in this case, one of the
[36m(TaskRunner pid=419958)[0m arguments is of type 'FiniteSet').
[36m(TaskRunner pid=419958)[0m 
[36m(TaskRunner pid=419958)[0m If you really did intend to construct a power with this base, use the **
[36m(TaskRunner pid=419958)[0m operator instead.
[36m(TaskRunner pid=419958)[0m 
[36m(TaskRunner pid=419958)[0m See https://docs.sympy.org/latest/explanation/active-deprecations.html#non-expr-args-deprecated
[36m(TaskRunner pid=419958)[0m for details.
[36m(TaskRunner pid=419958)[0m 
[36m(TaskRunner pid=419958)[0m This has been deprecated since SymPy version 1.7. It
[36m(TaskRunner pid=419958)[0m will be removed in a future version of SymPy.
[36m(TaskRunner pid=419958)[0m 
[36m(TaskRunner pid=419958)[0m   p = self.func(*self.as_base_exp())  # in case it's unevaluated
[36m(TaskRunner pid=419958)[0m <string>:1: SymPyDeprecationWarning: 
[36m(TaskRunner pid=419958)[0m 
[36m(TaskRunner pid=419958)[0m Using non-Expr arguments in Pow is deprecated (in this case, one of the
[36m(TaskRunner pid=419958)[0m arguments is of type 'FiniteSet').
[36m(TaskRunner pid=419958)[0m 
[36m(TaskRunner pid=419958)[0m If you really did intend to construct a power with this base, use the **
[36m(TaskRunner pid=419958)[0m operator instead.
[36m(TaskRunner pid=419958)[0m 
[36m(TaskRunner pid=419958)[0m See https://docs.sympy.org/latest/explanation/active-deprecations.html#non-expr-args-deprecated
[36m(TaskRunner pid=419958)[0m for details.
[36m(TaskRunner pid=419958)[0m 
[36m(TaskRunner pid=419958)[0m This has been deprecated since SymPy version 1.7. It
[36m(TaskRunner pid=419958)[0m will be removed in a future version of SymPy.
[36m(TaskRunner pid=419958)[0m 
[36m(TaskRunner pid=419958)[0m /usr/local/lib/python3.11/dist-packages/sympy/core/power.py:1257: SymPyDeprecationWarning: 
[36m(TaskRunner pid=419958)[0m 
[36m(TaskRunner pid=419958)[0m Using non-Expr arguments in Pow is deprecated (in this case, one of the
[36m(TaskRunner pid=419958)[0m arguments is of type 'FiniteSet').
[36m(TaskRunner pid=419958)[0m 
[36m(TaskRunner pid=419958)[0m If you really did intend to construct a power with this base, use the **
[36m(TaskRunner pid=419958)[0m operator instead.
[36m(TaskRunner pid=419958)[0m 
[36m(TaskRunner pid=419958)[0m See https://docs.sympy.org/latest/explanation/active-deprecations.html#non-expr-args-deprecated
[36m(TaskRunner pid=419958)[0m for details.
[36m(TaskRunner pid=419958)[0m 
[36m(TaskRunner pid=419958)[0m This has been deprecated since SymPy version 1.7. It
[36m(TaskRunner pid=419958)[0m will be removed in a future version of SymPy.
[36m(TaskRunner pid=419958)[0m 
[36m(TaskRunner pid=419958)[0m   p = self.func(*self.as_base_exp())  # in case it's unevaluated
[36m(WorkerDict pid=419956)[0m INFO:2026-08-03 11:19:53,925:[Rank 1] Saved model to /tmp/ttrl_h100/checkpoints/ttrl_sharpened_grpo_b16_r32_v64_3step_h100_aggr_nofree_kl_refmb8_nvls_fa2_mem060_soft002_20260803/global_step_3/actor/model_world_size_8_rank_1.pt
[36m(WorkerDict pid=419961)[0m INFO:2026-08-03 11:20:06,087:[Rank 2] Saved optim to /tmp/ttrl_h100/checkpoints/ttrl_sharpened_grpo_b16_r32_v64_3step_h100_aggr_nofree_kl_refmb8_nvls_fa2_mem060_soft002_20260803/global_step_3/actor/optim_world_size_8_rank_2.pt
[36m(WorkerDict pid=419961)[0m INFO:2026-08-03 11:20:06,088:[Rank 2] Saved extra_state to /tmp/ttrl_h100/checkpoints/ttrl_sharpened_grpo_b16_r32_v64_3step_h100_aggr_nofree_kl_refmb8_nvls_fa2_mem060_soft002_20260803/global_step_3/actor/extra_state_world_size_8_rank_2.pt
[36m(WorkerDict pid=419966)[0m INFO:2026-08-03 11:19:54,108:[Rank 5] Saved model to /tmp/ttrl_h100/checkpoints/ttrl_sharpened_grpo_b16_r32_v64_3step_h100_aggr_nofree_kl_refmb8_nvls_fa2_mem060_soft002_20260803/global_step_3/actor/model_world_size_8_rank_5.pt[32m [repeated 7x across cluster][0m
[36m(WorkerDict pid=419959)[0m INFO:2026-08-03 11:20:06,577:[Rank 0] Saved model config and tokenizer class to /tmp/ttrl_h100/checkpoints/ttrl_sharpened_grpo_b16_r32_v64_3step_h100_aggr_nofree_kl_refmb8_nvls_fa2_mem060_soft002_20260803/global_step_3/actor/huggingface
[36m(WorkerDict pid=419968)[0m Monkey patch _flash_attention_forward in transformers.integrations.flash_attention
[36m(WorkerDict pid=419968)[0m Using Triton backend for fused kernels in Qwen2ForCausalLM
[36m(WorkerDict pid=419959)[0m Qwen2ForCausalLM contains 7.62B parameters
[36m(WorkerDict pid=419959)[0m wrap_policy: functools.partial(<function _or_policy at 0x7edc3dfa0cc0>, policies=[functools.partial(<function transformer_auto_wrap_policy at 0x7edc3dfa0b80>, transformer_layer_cls={<class 'transformers.models.qwen2.modeling_qwen2.Qwen2DecoderLayer'>})])
[36m(WorkerDict pid=419959)[0m Total steps: 3, num_warmup_steps: 0
[36m(WorkerDict pid=419959)[0m Actor use_remove_padding=True
[36m(WorkerDict pid=419959)[0m Actor use_fused_kernels=True
[36m(WorkerDict pid=419959)[0m [Gloo] Rank 0 is connected to 7 peer ranks. Expected number of connected peer ranks is : 7
[36m(WorkerDict pid=419959)[0m [Gloo] Rank 0 is connected to 0 peer ranks. Expected number of connected peer ranks is : 0
[36m(WorkerDict pid=419971)[0m Monkey patch _flash_attention_forward in transformers.integrations.flash_attention[32m [repeated 6x across cluster][0m
[36m(WorkerDict pid=419971)[0m Using Triton backend for fused kernels in Qwen2ForCausalLM[32m [repeated 6x across cluster][0m
[36m(WorkerDict pid=419959)[0m kwargs: {'n': 1, 'logprobs': 1, 'max_tokens': 3072, 'repetition_penalty': 1.0, 'detokenize': False, 'temperature': 1.0, 'top_k': -1, 'top_p': 1, 'ignore_eos': False}
[36m(WorkerDict pid=419968)[0m [Gloo] Rank 0 is connected to 0 peer ranks. Expected number of connected peer ranks is : 0[32m [repeated 14x across cluster][0m
[36m(TaskRunner pid=419958)[0m [Shutdown] 6 subprocess(es) terminated.
[36m(WorkerDict pid=419971)[0m kwargs: {'n': 1, 'logprobs': 1, 'max_tokens': 3072, 'repetition_penalty': 1.0, 'detokenize': False, 'temperature': 1.0, 'top_k': -1, 'top_p': 1, 'ignore_eos': False}[32m [repeated 7x across cluster][0m
[36m(TaskRunner pid=419958)[0m [Shutdown] 6 subprocess(es) terminated.
[36m(TaskRunner pid=419958)[0m step:1 - global_seqlen/min:48476.000 - global_seqlen/max:88496.000 - global_seqlen/minmax_diff:40020.000 - global_seqlen/balanced_min:70032.000 - global_seqlen/balanced_max:70033.000 - global_seqlen/mean:70032.250 - training/rollout_probs_diff_max:0.000 - training/rollout_probs_diff_mean:0.000 - training/rollout_probs_diff_std:0.000 - train/sharpened_reward:0.350 - train/sharpened_coverage:0.625 - train/sharpened_top_prob:0.451 - train/sharpened_entropy:0.058 - train/sharpened_negative_rate:0.000 - train/sharpened_label_hit:0.625 - train/sharpened_negative_hit:0.000 - actor/pg_loss:-0.049 - actor/pg_clipfrac:0.001 - actor/ppo_kl:0.000 - actor/pg_clipfrac_lower:0.000 - actor/kl_loss:0.000 - actor/kl_coef:0.001 - actor/grad_norm:2.632 - perf/mfu/actor:0.047 - perf/max_memory_allocated_gb:66.264 - perf/max_memory_reserved_gb:71.717 - perf/cpu_memory_used_gb:388.222 - actor/lr:0.000 - train/label_accuracy:0.750 - train/reward_accuracy:0.750 - train/majority_voting_reward:0.350 - train/ground_truth_reward:0.350 - train/pass@32:0.938 - train/majority_ratio:0.353 - training/global_step:1.000 - training/epoch:0.000 - critic/score/mean:0.350 - critic/score/max:1.000 - critic/score/min:0.000 - critic/rewards/mean:0.350 - critic/rewards/max:1.000 - critic/rewards/min:0.000 - critic/advantages/mean:-0.228 - critic/advantages/max:5.480 - critic/advantages/min:-1.460 - critic/returns/mean:-0.228 - critic/returns/max:5.480 - critic/returns/min:-1.460 - response_length/mean:1001.191 - response_length/max:3072.000 - response_length/min:2.000 - response_length/clip_ratio:0.090 - prompt_length/mean:93.062 - prompt_length/max:208.000 - prompt_length/min:49.000 - prompt_length/clip_ratio:0.000 - timing_s/generate_sequences:27.323 - timing_s/reshard:0.336 - timing_s/gen:32.380 - timing_s/reward:3.181 - timing_s/old_log_prob:0.024 - timing_s/ref:14.588 - timing_s/adv:0.013 - timing_s/update_actor:71.995 - timing_s/step:130.094 - timing_per_token_ms/adv:0.000 - timing_per_token_ms/update_actor:0.129 - timing_per_token_ms/gen:0.063 - timing_per_token_ms/ref:0.026 - perf/total_num_tokens:560258.000 - perf/time_per_step:130.094 - perf/throughput:538.322
[36m(TaskRunner pid=419958)[0m [Shutdown] 6 subprocess(es) terminated.
[36m(TaskRunner pid=419958)[0m [Shutdown] 3 subprocess(es) terminated.
[36m(TaskRunner pid=419958)[0m step:2 - global_seqlen/min:50908.000 - global_seqlen/max:91244.000 - global_seqlen/minmax_diff:40336.000 - global_seqlen/balanced_min:67183.000 - global_seqlen/balanced_max:67184.000 - global_seqlen/mean:67183.750 - training/rollout_probs_diff_max:0.000 - training/rollout_probs_diff_mean:0.000 - training/rollout_probs_diff_std:0.000 - train/sharpened_reward:0.422 - train/sharpened_coverage:0.688 - train/sharpened_top_prob:0.515 - train/sharpened_entropy:0.062 - train/sharpened_negative_rate:0.000 - train/sharpened_label_hit:0.625 - train/sharpened_negative_hit:0.000 - actor/pg_loss:0.143 - actor/pg_clipfrac:0.002 - actor/ppo_kl:0.001 - actor/pg_clipfrac_lower:0.000 - actor/kl_loss:0.001 - actor/kl_coef:0.001 - actor/grad_norm:3.848 - perf/mfu/actor:0.099 - perf/max_memory_allocated_gb:66.264 - perf/max_memory_reserved_gb:71.719 - perf/cpu_memory_used_gb:388.325 - actor/lr:0.000 - train/label_accuracy:0.812 - train/reward_accuracy:0.729 - train/majority_voting_reward:0.422 - train/ground_truth_reward:0.408 - train/pass@32:0.938 - train/majority_ratio:0.418 - training/global_step:2.000 - training/epoch:0.000 - critic/score/mean:0.422 - critic/score/max:1.000 - critic/score/min:0.000 - critic/rewards/mean:0.422 - critic/rewards/max:1.000 - critic/rewards/min:0.000 - critic/advantages/mean:-0.214 - critic/advantages/max:3.812 - critic/advantages/min:-2.604 - critic/returns/mean:-0.214 - critic/returns/max:3.812 - critic/returns/min:-2.604 - response_length/mean:963.809 - response_length/max:3072.000 - response_length/min:4.000 - response_length/clip_ratio:0.078 - prompt_length/mean:85.938 - prompt_length/max:262.000 - prompt_length/min:47.000 - prompt_length/clip_ratio:0.000 - timing_s/generate_sequences:23.033 - timing_s/reshard:0.537 - timing_s/gen:26.866 - timing_s/reward:2.465 - timing_s/old_log_prob:0.024 - timing_s/ref:6.280 - timing_s/adv:0.017 - timing_s/update_actor:32.974 - timing_s/step:73.742 - timing_per_token_ms/adv:0.000 - timing_per_token_ms/update_actor:0.061 - timing_per_token_ms/gen:0.054 - timing_per_token_ms/ref:0.012 - perf/total_num_tokens:537470.000 - perf/time_per_step:73.742 - perf/throughput:911.062
[36m(TaskRunner pid=419958)[0m [Shutdown] 7 subprocess(es) terminated.
[36m(TaskRunner pid=419958)[0m [Shutdown] 6 subprocess(es) terminated.
[36m(TaskRunner pid=419958)[0m local_global_step_folder: /tmp/ttrl_h100/checkpoints/ttrl_sharpened_grpo_b16_r32_v64_3step_h100_aggr_nofree_kl_refmb8_nvls_fa2_mem060_soft002_20260803/global_step_3
[36m(TaskRunner pid=419958)[0m Training Progress: 100%|██████████| 3/3 [05:04<00:00, 98.68s/it]Training Progress: 100%|██████████| 3/3 [05:04<00:00, 101.56s/it]
[36m(WorkerDict pid=419966)[0m INFO:2026-08-03 11:20:07,070:[Rank 5] Saved optim to /tmp/ttrl_h100/checkpoints/ttrl_sharpened_grpo_b16_r32_v64_3step_h100_aggr_nofree_kl_refmb8_nvls_fa2_mem060_soft002_20260803/global_step_3/actor/optim_world_size_8_rank_5.pt[32m [repeated 7x across cluster][0m
[36m(WorkerDict pid=419966)[0m INFO:2026-08-03 11:20:07,072:[Rank 5] Saved extra_state to /tmp/ttrl_h100/checkpoints/ttrl_sharpened_grpo_b16_r32_v64_3step_h100_aggr_nofree_kl_refmb8_nvls_fa2_mem060_soft002_20260803/global_step_3/actor/extra_state_world_size_8_rank_5.pt[32m [repeated 7x across cluster][0m
[36m(TaskRunner pid=419958)[0m step:3 - global_seqlen/min:49036.000 - global_seqlen/max:105425.000 - global_seqlen/minmax_diff:56389.000 - global_seqlen/balanced_min:78505.000 - global_seqlen/balanced_max:78506.000 - global_seqlen/mean:78505.875 - training/rollout_probs_diff_max:0.000 - training/rollout_probs_diff_mean:0.000 - training/rollout_probs_diff_std:0.000 - train/sharpened_reward:0.297 - train/sharpened_coverage:0.500 - train/sharpened_top_prob:0.383 - train/sharpened_entropy:0.047 - train/sharpened_negative_rate:0.000 - train/sharpened_label_hit:0.438 - train/sharpened_negative_hit:0.000 - actor/pg_loss:0.118 - actor/pg_clipfrac:0.002 - actor/ppo_kl:0.001 - actor/pg_clipfrac_lower:0.000 - actor/kl_loss:0.001 - actor/kl_coef:0.001 - actor/grad_norm:3.796 - perf/mfu/actor:0.109 - perf/max_memory_allocated_gb:66.264 - perf/max_memory_reserved_gb:71.734 - perf/cpu_memory_used_gb:388.517 - actor/lr:0.000 - train/label_accuracy:0.688 - train/reward_accuracy:0.723 - train/majority_voting_reward:0.297 - train/ground_truth_reward:0.264 - train/pass@32:0.875 - train/majority_ratio:0.296 - training/global_step:3.000 - training/epoch:0.000 - critic/score/mean:0.297 - critic/score/max:1.000 - critic/score/min:0.000 - critic/rewards/mean:0.297 - critic/rewards/max:1.000 - critic/rewards/min:0.000 - critic/advantages/mean:-0.175 - critic/advantages/max:5.480 - critic/advantages/min:-1.271 - critic/returns/mean:-0.175 - critic/returns/max:5.480 - critic/returns/min:-1.271 - response_length/mean:1143.092 - response_length/max:3072.000 - response_length/min:5.000 - response_length/clip_ratio:0.084 - prompt_length/mean:83.562 - prompt_length/max:142.000 - prompt_length/min:49.000 - prompt_length/clip_ratio:0.000 - timing_s/generate_sequences:23.807 - timing_s/reshard:0.948 - timing_s/gen:29.395 - timing_s/reward:3.401 - timing_s/old_log_prob:0.022 - timing_s/ref:7.098 - timing_s/adv:0.014 - timing_s/update_actor:34.934 - timing_s/save_checkpoint:19.834 - timing_s/step:100.579 - timing_per_token_ms/adv:0.000 - timing_per_token_ms/update_actor:0.056 - timing_per_token_ms/gen:0.050 - timing_per_token_ms/ref:0.011 - perf/total_num_tokens:628047.000 - perf/time_per_step:100.579 - perf/throughput:780.536
[36m(TaskRunner pid=419958)[0m 'Final validation skipped'
