MODEL_READY: /models/Qwen2.5-Math-7B
Using python: /mlx_devbox/users/quyanyi/playground/.venvs/ttrl_b200/bin/python
Using model: /models/Qwen2.5-Math-7B
Using data: /mlx_devbox/users/quyanyi/playground/TTRL/verl/data/MATH-TTT
Output directory: /tmp/ttrl_b200/checkpoints/ttrl_chunk_state_powerflow_futuregain_posteriormatch_highmassanchors_v12_mid_c128_probe1536x4_b32_r32_v64_20step_20260802
Actor offload: param=False optimizer=False activation=False
Rollout: free_cache_engine=False enforce_eager=False gpu_memory_utilization=0.86
Critic offload: param=False optimizer=False activation=False
/mlx_devbox/users/quyanyi/playground/TTRL/verl/verl/__init__.py:18: UserWarning: pkg_resources is deprecated as an API. See https://setuptools.pypa.io/en/latest/pkg_resources.html. The pkg_resources package is slated for removal as early as 2025-11-30. Refrain from using this package or pin to Setuptools<81.
  import pkg_resources
/mlx_devbox/users/quyanyi/playground/.venvs/ttrl_b200/lib/python3.11/site-packages/huggingface_hub/constants.py:298: FutureWarning: The `HF_HUB_ENABLE_HF_TRANSFER` environment variable is deprecated as 'hf_transfer' is not used anymore. Please use `HF_XET_HIGH_PERFORMANCE` instead to enable high performance transfer with Xet. Visit https://huggingface.co/docs/huggingface_hub/package_reference/environment_variables#hfxethighperformance for more details.
  warnings.warn(
2026-08-02 08:59:57,166	INFO worker.py:2024 -- Started a local Ray instance.
[36m(pid=641918)[0m /mlx_devbox/users/quyanyi/playground/TTRL/verl/verl/__init__.py:18: UserWarning: pkg_resources is deprecated as an API. See https://setuptools.pypa.io/en/latest/pkg_resources.html. The pkg_resources package is slated for removal as early as 2025-11-30. Refrain from using this package or pin to Setuptools<81.
[36m(pid=641918)[0m   import pkg_resources
[36m(pid=641918)[0m /mlx_devbox/users/quyanyi/playground/.venvs/ttrl_b200/lib/python3.11/site-packages/huggingface_hub/constants.py:298: FutureWarning: The `HF_HUB_ENABLE_HF_TRANSFER` environment variable is deprecated as 'hf_transfer' is not used anymore. Please use `HF_XET_HIGH_PERFORMANCE` instead to enable high performance transfer with Xet. Visit https://huggingface.co/docs/huggingface_hub/package_reference/environment_variables#hfxethighperformance for more details.
[36m(pid=641918)[0m   warnings.warn(
[36m(TaskRunner pid=641918)[0m TaskRunner hostname: trial-302172199-trialrun-302172199-worker-0, PID: 641918
[36m(TaskRunner pid=641918)[0m {'actor_rollout_ref': {'actor': {'checkpoint': {'load_contents': ['model',
[36m(TaskRunner pid=641918)[0m                                                                   'optimizer',
[36m(TaskRunner pid=641918)[0m                                                                   'extra'],
[36m(TaskRunner pid=641918)[0m                                                 'save_contents': ['model',
[36m(TaskRunner pid=641918)[0m                                                                   'optimizer',
[36m(TaskRunner pid=641918)[0m                                                                   'extra']},
[36m(TaskRunner pid=641918)[0m                                  'chunk_weighted_nll_enable': False,
[36m(TaskRunner pid=641918)[0m                                  'clip_ratio': 0.2,
[36m(TaskRunner pid=641918)[0m                                  'clip_ratio_c': 3.0,
[36m(TaskRunner pid=641918)[0m                                  'clip_ratio_high': 0.2,
[36m(TaskRunner pid=641918)[0m                                  'clip_ratio_low': 0.2,
[36m(TaskRunner pid=641918)[0m                                  'entropy_checkpointing': False,
[36m(TaskRunner pid=641918)[0m                                  'entropy_coeff': 0,
[36m(TaskRunner pid=641918)[0m                                  'entropy_from_logits_with_chunking': False,
[36m(TaskRunner pid=641918)[0m                                  'fsdp_config': {'forward_prefetch': False,
[36m(TaskRunner pid=641918)[0m                                                  'fsdp_size': -1,
[36m(TaskRunner pid=641918)[0m                                                  'offload_policy': False,
[36m(TaskRunner pid=641918)[0m                                                  'optimizer_offload': False,
[36m(TaskRunner pid=641918)[0m                                                  'param_offload': False,
[36m(TaskRunner pid=641918)[0m                                                  'reshard_after_forward': True,
[36m(TaskRunner pid=641918)[0m                                                  'wrap_policy': {'min_num_params': 0}},
[36m(TaskRunner pid=641918)[0m                                  'grad_clip': 1.0,
[36m(TaskRunner pid=641918)[0m                                  'kl_loss_coef': 0.001,
[36m(TaskRunner pid=641918)[0m                                  'kl_loss_type': 'low_var_kl',
[36m(TaskRunner pid=641918)[0m                                  'loss_agg_mode': 'token-mean',
[36m(TaskRunner pid=641918)[0m                                  'optim': {'lr': 5e-07,
[36m(TaskRunner pid=641918)[0m                                            'lr_warmup_steps': -1,
[36m(TaskRunner pid=641918)[0m                                            'lr_warmup_steps_ratio': 0.03,
[36m(TaskRunner pid=641918)[0m                                            'min_lr_ratio': 0.0,
[36m(TaskRunner pid=641918)[0m                                            'num_cycles': 0.5,
[36m(TaskRunner pid=641918)[0m                                            'total_training_steps': -1,
[36m(TaskRunner pid=641918)[0m                                            'warmup_style': 'cosine',
[36m(TaskRunner pid=641918)[0m                                            'weight_decay': 0.01},
[36m(TaskRunner pid=641918)[0m                                  'policy_loss': {'clip_cov_lb': 1.0,
[36m(TaskRunner pid=641918)[0m                                                  'clip_cov_ratio': 0.0002,
[36m(TaskRunner pid=641918)[0m                                                  'clip_cov_ub': 5.0,
[36m(TaskRunner pid=641918)[0m                                                  'kl_cov_ratio': 0.0002,
[36m(TaskRunner pid=641918)[0m                                                  'loss_mode': 'vanilla',
[36m(TaskRunner pid=641918)[0m                                                  'ppo_kl_coef': 0.1},
[36m(TaskRunner pid=641918)[0m                                  'powerflow_beta_coef': 4.0,
[36m(TaskRunner pid=641918)[0m                                  'powerflow_chunk_loss_mode': 'standard',
[36m(TaskRunner pid=641918)[0m                                  'powerflow_enable': True,
[36m(TaskRunner pid=641918)[0m                                  'powerflow_init_ref_log_prob': 0.36,
[36m(TaskRunner pid=641918)[0m                                  'powerflow_on_policy': False,
[36m(TaskRunner pid=641918)[0m                                  'powerflow_proj_layers': 3,
[36m(TaskRunner pid=641918)[0m                                  'powerflow_use_boxed_reward': True,
[36m(TaskRunner pid=641918)[0m                                  'powerflow_use_chunk_weights': True,
[36m(TaskRunner pid=641918)[0m                                  'ppo_epochs': 1,
[36m(TaskRunner pid=641918)[0m                                  'ppo_max_token_len_per_gpu': 8192,
[36m(TaskRunner pid=641918)[0m                                  'ppo_micro_batch_size': None,
[36m(TaskRunner pid=641918)[0m                                  'ppo_micro_batch_size_per_gpu': 1,
[36m(TaskRunner pid=641918)[0m                                  'ppo_mini_batch_size': 8,
[36m(TaskRunner pid=641918)[0m                                  'profiler': {'all_ranks': False,
[36m(TaskRunner pid=641918)[0m                                               'discrete': False,
[36m(TaskRunner pid=641918)[0m                                               'ranks': None},
[36m(TaskRunner pid=641918)[0m                                  'shuffle': False,
[36m(TaskRunner pid=641918)[0m                                  'strategy': 'fsdp',
[36m(TaskRunner pid=641918)[0m                                  'ulysses_sequence_parallel_size': 1,
[36m(TaskRunner pid=641918)[0m                                  'use_dynamic_bsz': False,
[36m(TaskRunner pid=641918)[0m                                  'use_kl_loss': False,
[36m(TaskRunner pid=641918)[0m                                  'use_torch_compile': True},
[36m(TaskRunner pid=641918)[0m                        'hybrid_engine': True,
[36m(TaskRunner pid=641918)[0m                        'model': {'attn_implementation': 'sdpa',
[36m(TaskRunner pid=641918)[0m                                  'custom_chat_template': None,
[36m(TaskRunner pid=641918)[0m                                  'enable_activation_offload': False,
[36m(TaskRunner pid=641918)[0m                                  'enable_gradient_checkpointing': True,
[36m(TaskRunner pid=641918)[0m                                  'exclude_modules': None,
[36m(TaskRunner pid=641918)[0m                                  'external_lib': None,
[36m(TaskRunner pid=641918)[0m                                  'fused_kernel_options': {'impl_backend': 'triton'},
[36m(TaskRunner pid=641918)[0m                                  'lora_alpha': 16,
[36m(TaskRunner pid=641918)[0m                                  'lora_rank': 0,
[36m(TaskRunner pid=641918)[0m                                  'override_config': {},
[36m(TaskRunner pid=641918)[0m                                  'path': '/models/Qwen2.5-Math-7B',
[36m(TaskRunner pid=641918)[0m                                  'target_modules': 'all-linear',
[36m(TaskRunner pid=641918)[0m                                  'trust_remote_code': False,
[36m(TaskRunner pid=641918)[0m                                  'use_fused_kernels': True,
[36m(TaskRunner pid=641918)[0m                                  'use_liger': False,
[36m(TaskRunner pid=641918)[0m                                  'use_remove_padding': True,
[36m(TaskRunner pid=641918)[0m                                  'use_shm': False},
[36m(TaskRunner pid=641918)[0m                        'ref': {'entropy_checkpointing': False,
[36m(TaskRunner pid=641918)[0m                                'entropy_from_logits_with_chunking': False,
[36m(TaskRunner pid=641918)[0m                                'fsdp_config': {'forward_prefetch': False,
[36m(TaskRunner pid=641918)[0m                                                'param_offload': True,
[36m(TaskRunner pid=641918)[0m                                                'reshard_after_forward': True,
[36m(TaskRunner pid=641918)[0m                                                'wrap_policy': {'min_num_params': 0}},
[36m(TaskRunner pid=641918)[0m                                'log_prob_max_token_len_per_gpu': 8192,
[36m(TaskRunner pid=641918)[0m                                'log_prob_micro_batch_size': None,
[36m(TaskRunner pid=641918)[0m                                'log_prob_micro_batch_size_per_gpu': 1,
[36m(TaskRunner pid=641918)[0m                                'log_prob_use_dynamic_bsz': False,
[36m(TaskRunner pid=641918)[0m                                'profiler': {'all_ranks': False,
[36m(TaskRunner pid=641918)[0m                                             'discrete': False,
[36m(TaskRunner pid=641918)[0m                                             'ranks': None},
[36m(TaskRunner pid=641918)[0m                                'strategy': 'fsdp',
[36m(TaskRunner pid=641918)[0m                                'ulysses_sequence_parallel_size': 1,
[36m(TaskRunner pid=641918)[0m                                'use_torch_compile': True},
[36m(TaskRunner pid=641918)[0m                        'rollout': {'agent': {'num_workers': 8},
[36m(TaskRunner pid=641918)[0m                                    'calculate_log_probs': True,
[36m(TaskRunner pid=641918)[0m                                    'disable_log_stats': True,
[36m(TaskRunner pid=641918)[0m                                    'do_sample': True,
[36m(TaskRunner pid=641918)[0m                                    'dtype': 'bfloat16',
[36m(TaskRunner pid=641918)[0m                                    'enable_chunked_prefill': True,
[36m(TaskRunner pid=641918)[0m                                    'enforce_eager': False,
[36m(TaskRunner pid=641918)[0m                                    'engine_kwargs': {'sglang': {'attention_backend': None},
[36m(TaskRunner pid=641918)[0m                                                      'vllm': {'attention_config': {'backend': 'FLASH_ATTN'},
[36m(TaskRunner pid=641918)[0m                                                               'disable_mm_preprocessor_cache': False,
[36m(TaskRunner pid=641918)[0m                                                               'swap_space': None}},
[36m(TaskRunner pid=641918)[0m                                    'free_cache_engine': False,
[36m(TaskRunner pid=641918)[0m                                    'gpu_memory_utilization': 0.86,
[36m(TaskRunner pid=641918)[0m                                    'ignore_eos': False,
[36m(TaskRunner pid=641918)[0m                                    'layered_summon': False,
[36m(TaskRunner pid=641918)[0m                                    'load_format': 'dummy_dtensor',
[36m(TaskRunner pid=641918)[0m                                    'log_prob_max_token_len_per_gpu': 8192,
[36m(TaskRunner pid=641918)[0m                                    'log_prob_micro_batch_size': None,
[36m(TaskRunner pid=641918)[0m                                    'log_prob_micro_batch_size_per_gpu': 1,
[36m(TaskRunner pid=641918)[0m                                    'log_prob_use_dynamic_bsz': False,
[36m(TaskRunner pid=641918)[0m                                    'logprobs': 1,
[36m(TaskRunner pid=641918)[0m                                    'max_model_len': 4096,
[36m(TaskRunner pid=641918)[0m                                    'max_num_batched_tokens': 65536,
[36m(TaskRunner pid=641918)[0m                                    'max_num_seqs': 1024,
[36m(TaskRunner pid=641918)[0m                                    'mode': 'sync',
[36m(TaskRunner pid=641918)[0m                                    'multi_stage_wake_up': False,
[36m(TaskRunner pid=641918)[0m                                    'multi_turn': {'completion_callback': None,
[36m(TaskRunner pid=641918)[0m                                                   'enable': False,
[36m(TaskRunner pid=641918)[0m                                                   'format': 'hermes',
[36m(TaskRunner pid=641918)[0m                                                   'interaction_config_path': None,
[36m(TaskRunner pid=641918)[0m                                                   'max_assistant_turns': None,
[36m(TaskRunner pid=641918)[0m                                                   'max_parallel_calls': 1,
[36m(TaskRunner pid=641918)[0m                                                   'max_tool_response_length': 256,
[36m(TaskRunner pid=641918)[0m                                                   'max_user_turns': None,
[36m(TaskRunner pid=641918)[0m                                                   'tokenization_sanity_check_mode': 'strict',
[36m(TaskRunner pid=641918)[0m                                                   'tool_config_path': None,
[36m(TaskRunner pid=641918)[0m                                                   'tool_response_truncate_side': 'middle',
[36m(TaskRunner pid=641918)[0m                                                   'use_inference_chat_template': False},
[36m(TaskRunner pid=641918)[0m                                    'n': 32,
[36m(TaskRunner pid=641918)[0m                                    'name': 'vllm',
[36m(TaskRunner pid=641918)[0m                                    'profiler': {'all_ranks': False,
[36m(TaskRunner pid=641918)[0m                                                 'discrete': False,
[36m(TaskRunner pid=641918)[0m                                                 'ranks': None},
[36m(TaskRunner pid=641918)[0m                                    'prompt_length': 1024,
[36m(TaskRunner pid=641918)[0m                                    'response_length': 3072,
[36m(TaskRunner pid=641918)[0m                                    'temperature': 1.0,
[36m(TaskRunner pid=641918)[0m                                    'tensor_model_parallel_size': 1,
[36m(TaskRunner pid=641918)[0m                                    'top_k': -1,
[36m(TaskRunner pid=641918)[0m                                    'top_p': 1,
[36m(TaskRunner pid=641918)[0m                                    'use_rollout_log_probs_as_old': True,
[36m(TaskRunner pid=641918)[0m                                    'val_kwargs': {'do_sample': True,
[36m(TaskRunner pid=641918)[0m                                                   'n': 16,
[36m(TaskRunner pid=641918)[0m                                                   'temperature': 0.6,
[36m(TaskRunner pid=641918)[0m                                                   'top_k': -1,
[36m(TaskRunner pid=641918)[0m                                                   'top_p': 0.95}}},
[36m(TaskRunner pid=641918)[0m  'algorithm': {'adv_estimator': 'grpo',
[36m(TaskRunner pid=641918)[0m                'gamma': 1.0,
[36m(TaskRunner pid=641918)[0m                'kl_ctrl': {'horizon': 10000,
[36m(TaskRunner pid=641918)[0m                            'kl_coef': 0.0,
[36m(TaskRunner pid=641918)[0m                            'target_kl': 0.1,
[36m(TaskRunner pid=641918)[0m                            'type': 'fixed'},
[36m(TaskRunner pid=641918)[0m                'kl_penalty': 'kl',
[36m(TaskRunner pid=641918)[0m                'lam': 1.0,
[36m(TaskRunner pid=641918)[0m                'norm_adv_by_std_in_grpo': True,
[36m(TaskRunner pid=641918)[0m                'pf_ppo': {'reweight_method': 'pow', 'weight_pow': 2.0},
[36m(TaskRunner pid=641918)[0m                'use_kl_in_reward': False,
[36m(TaskRunner pid=641918)[0m                'use_pf_ppo': False},
[36m(TaskRunner pid=641918)[0m  'critic': {'checkpoint': {'load_contents': ['model', 'optimizer', 'extra'],
[36m(TaskRunner pid=641918)[0m                            'save_contents': ['model', 'optimizer', 'extra']},
[36m(TaskRunner pid=641918)[0m             'cliprange_value': 0.5,
[36m(TaskRunner pid=641918)[0m             'forward_max_token_len_per_gpu': 32768,
[36m(TaskRunner pid=641918)[0m             'forward_micro_batch_size': None,
[36m(TaskRunner pid=641918)[0m             'forward_micro_batch_size_per_gpu': 1,
[36m(TaskRunner pid=641918)[0m             'grad_clip': 1.0,
[36m(TaskRunner pid=641918)[0m             'loss_agg_mode': 'token-mean',
[36m(TaskRunner pid=641918)[0m             'model': {'attn_implementation': 'sdpa',
[36m(TaskRunner pid=641918)[0m                       'enable_activation_offload': False,
[36m(TaskRunner pid=641918)[0m                       'enable_gradient_checkpointing': True,
[36m(TaskRunner pid=641918)[0m                       'external_lib': None,
[36m(TaskRunner pid=641918)[0m                       'fsdp_config': {'forward_prefetch': False,
[36m(TaskRunner pid=641918)[0m                                       'fsdp_size': -1,
[36m(TaskRunner pid=641918)[0m                                       'offload_policy': False,
[36m(TaskRunner pid=641918)[0m                                       'optimizer_offload': False,
[36m(TaskRunner pid=641918)[0m                                       'param_offload': False,
[36m(TaskRunner pid=641918)[0m                                       'reshard_after_forward': True,
[36m(TaskRunner pid=641918)[0m                                       'wrap_policy': {'min_num_params': 0}},
[36m(TaskRunner pid=641918)[0m                       'lora_alpha': 16,
[36m(TaskRunner pid=641918)[0m                       'lora_rank': 0,
[36m(TaskRunner pid=641918)[0m                       'override_config': {},
[36m(TaskRunner pid=641918)[0m                       'path': '/models/Qwen2.5-Math-7B',
[36m(TaskRunner pid=641918)[0m                       'target_modules': 'all-linear',
[36m(TaskRunner pid=641918)[0m                       'tokenizer_path': '/models/Qwen2.5-Math-7B',
[36m(TaskRunner pid=641918)[0m                       'trust_remote_code': False,
[36m(TaskRunner pid=641918)[0m                       'use_remove_padding': True,
[36m(TaskRunner pid=641918)[0m                       'use_shm': False},
[36m(TaskRunner pid=641918)[0m             'optim': {'lr': 9e-06,
[36m(TaskRunner pid=641918)[0m                       'lr_warmup_steps_ratio': 0.0,
[36m(TaskRunner pid=641918)[0m                       'min_lr_ratio': None,
[36m(TaskRunner pid=641918)[0m                       'total_training_steps': -1,
[36m(TaskRunner pid=641918)[0m                       'warmup_style': 'constant',
[36m(TaskRunner pid=641918)[0m                       'weight_decay': 0.01},
[36m(TaskRunner pid=641918)[0m             'ppo_epochs': 1,
[36m(TaskRunner pid=641918)[0m             'ppo_max_token_len_per_gpu': 32768,
[36m(TaskRunner pid=641918)[0m             'ppo_micro_batch_size': None,
[36m(TaskRunner pid=641918)[0m             'ppo_micro_batch_size_per_gpu': 1,
[36m(TaskRunner pid=641918)[0m             'ppo_mini_batch_size': 8,
[36m(TaskRunner pid=641918)[0m             'profiler': {'all_ranks': False, 'discrete': False, 'ranks': None},
[36m(TaskRunner pid=641918)[0m             'rollout_n': 32,
[36m(TaskRunner pid=641918)[0m             'shuffle': False,
[36m(TaskRunner pid=641918)[0m             'strategy': 'fsdp',
[36m(TaskRunner pid=641918)[0m             'ulysses_sequence_parallel_size': 1,
[36m(TaskRunner pid=641918)[0m             'use_dynamic_bsz': False},
[36m(TaskRunner pid=641918)[0m  'custom_reward_function': {'name': 'reward_func',
[36m(TaskRunner pid=641918)[0m                             'path': './verl/utils/reward_score/ttrl_math/__init__.py'},
[36m(TaskRunner pid=641918)[0m  'data': {'custom_cls': {'name': None, 'path': None},
[36m(TaskRunner pid=641918)[0m           'filter_overlong_prompts': True,
[36m(TaskRunner pid=641918)[0m           'filter_overlong_prompts_workers': 1,
[36m(TaskRunner pid=641918)[0m           'image_key': 'images',
[36m(TaskRunner pid=641918)[0m           'max_prompt_length': 1024,
[36m(TaskRunner pid=641918)[0m           'max_response_length': 3072,
[36m(TaskRunner pid=641918)[0m           'prompt_key': 'prompt',
[36m(TaskRunner pid=641918)[0m           'return_full_prompt': False,
[36m(TaskRunner pid=641918)[0m           'return_raw_chat': False,
[36m(TaskRunner pid=641918)[0m           'return_raw_input_ids': False,
[36m(TaskRunner pid=641918)[0m           'reward_fn_key': 'data_source',
[36m(TaskRunner pid=641918)[0m           'shuffle': True,
[36m(TaskRunner pid=641918)[0m           'tokenizer': None,
[36m(TaskRunner pid=641918)[0m           'train_batch_size': 32,
[36m(TaskRunner pid=641918)[0m           'train_files': ['/mlx_devbox/users/quyanyi/playground/TTRL/verl/data/MATH-TTT/train.parquet'],
[36m(TaskRunner pid=641918)[0m           'truncation': 'error',
[36m(TaskRunner pid=641918)[0m           'trust_remote_code': False,
[36m(TaskRunner pid=641918)[0m           'use_shm': False,
[36m(TaskRunner pid=641918)[0m           'val_batch_size': None,
[36m(TaskRunner pid=641918)[0m           'val_files': ['/mlx_devbox/users/quyanyi/playground/TTRL/verl/data/MATH-TTT/test.parquet'],
[36m(TaskRunner pid=641918)[0m           'validation_shuffle': False,
[36m(TaskRunner pid=641918)[0m           'video_key': 'videos'},
[36m(TaskRunner pid=641918)[0m  'ray_init': {'num_cpus': None, 'timeline_json_file': None},
[36m(TaskRunner pid=641918)[0m  'reward_model': {'enable': False,
[36m(TaskRunner pid=641918)[0m                   'forward_max_token_len_per_gpu': 32768,
[36m(TaskRunner pid=641918)[0m                   'launch_reward_fn_async': False,
[36m(TaskRunner pid=641918)[0m                   'max_length': None,
[36m(TaskRunner pid=641918)[0m                   'micro_batch_size': None,
[36m(TaskRunner pid=641918)[0m                   'micro_batch_size_per_gpu': None,
[36m(TaskRunner pid=641918)[0m                   'model': {'attn_implementation': 'sdpa',
[36m(TaskRunner pid=641918)[0m                             'external_lib': None,
[36m(TaskRunner pid=641918)[0m                             'fsdp_config': {'forward_prefetch': False,
[36m(TaskRunner pid=641918)[0m                                             'fsdp_size': -1,
[36m(TaskRunner pid=641918)[0m                                             'param_offload': False,
[36m(TaskRunner pid=641918)[0m                                             'reshard_after_forward': True,
[36m(TaskRunner pid=641918)[0m                                             'wrap_policy': {'min_num_params': 0}},
[36m(TaskRunner pid=641918)[0m                             'input_tokenizer': '/models/Qwen2.5-Math-7B',
[36m(TaskRunner pid=641918)[0m                             'path': '~/models/FsfairX-LLaMA3-RM-v0.1',
[36m(TaskRunner pid=641918)[0m                             'trust_remote_code': False,
[36m(TaskRunner pid=641918)[0m                             'use_fused_kernels': True,
[36m(TaskRunner pid=641918)[0m                             'use_remove_padding': False,
[36m(TaskRunner pid=641918)[0m                             'use_shm': False},
[36m(TaskRunner pid=641918)[0m                   'num_processes': 128,
[36m(TaskRunner pid=641918)[0m                   'profiler': {'all_ranks': False,
[36m(TaskRunner pid=641918)[0m                                'discrete': False,
[36m(TaskRunner pid=641918)[0m                                'ranks': None},
[36m(TaskRunner pid=641918)[0m                   'reward_manager': 'prime',
[36m(TaskRunner pid=641918)[0m                   'sandbox_fusion': {'max_concurrent': 64,
[36m(TaskRunner pid=641918)[0m                                      'memory_limit_mb': 1024,
[36m(TaskRunner pid=641918)[0m                                      'url': None},
[36m(TaskRunner pid=641918)[0m                   'strategy': 'fsdp',
[36m(TaskRunner pid=641918)[0m                   'ulysses_sequence_parallel_size': 1,
[36m(TaskRunner pid=641918)[0m                   'use_dynamic_bsz': False},
[36m(TaskRunner pid=641918)[0m  'trainer': {'balance_batch': True,
[36m(TaskRunner pid=641918)[0m              'controller_nsight_options': {'cuda-graph-trace': 'graph',
[36m(TaskRunner pid=641918)[0m                                            'cuda-memory-usage': 'true',
[36m(TaskRunner pid=641918)[0m                                            'trace': 'cuda,nvtx,cublas,ucx'},
[36m(TaskRunner pid=641918)[0m              'critic_warmup': 0,
[36m(TaskRunner pid=641918)[0m              'default_hdfs_dir': None,
[36m(TaskRunner pid=641918)[0m              'default_local_dir': '/tmp/ttrl_b200/checkpoints/ttrl_chunk_state_powerflow_futuregain_posteriormatch_highmassanchors_v12_mid_c128_probe1536x4_b32_r32_v64_20step_20260802',
[36m(TaskRunner pid=641918)[0m              'del_local_ckpt_after_load': False,
[36m(TaskRunner pid=641918)[0m              'device': 'cuda',
[36m(TaskRunner pid=641918)[0m              'esi_redundant_time': 0,
[36m(TaskRunner pid=641918)[0m              'experiment_name': '0802-ttrl_chunk_state_powerflow_futuregain_posteriormatch_highmassanchors_v12_mid_c128_probe1536x4_b32_r32_v64_20step_20260802-MATH-TTT-Qwen2.5-Math-7B-posterior-support-highmassanchors-v12-20step',
[36m(TaskRunner pid=641918)[0m              'final_val_enable': True,
[36m(TaskRunner pid=641918)[0m              'log_val_generations': 0,
[36m(TaskRunner pid=641918)[0m              'logger': ['console'],
[36m(TaskRunner pid=641918)[0m              'max_actor_ckpt_to_keep': 0,
[36m(TaskRunner pid=641918)[0m              'max_critic_ckpt_to_keep': 0,
[36m(TaskRunner pid=641918)[0m              'n_gpus_per_node': 8,
[36m(TaskRunner pid=641918)[0m              'nnodes': 1,
[36m(TaskRunner pid=641918)[0m              'profile_steps': None,
[36m(TaskRunner pid=641918)[0m              'project_name': 'TTRL-verl-local',
[36m(TaskRunner pid=641918)[0m              'ray_wait_register_center_timeout': 300,
[36m(TaskRunner pid=641918)[0m              'resume_from_path': None,
[36m(TaskRunner pid=641918)[0m              'resume_mode': 'auto',
[36m(TaskRunner pid=641918)[0m              'rollout_data_dir': None,
[36m(TaskRunner pid=641918)[0m              'save_freq': -1,
[36m(TaskRunner pid=641918)[0m              'test_freq': 20,
[36m(TaskRunner pid=641918)[0m              'total_epochs': 2,
[36m(TaskRunner pid=641918)[0m              'total_training_steps': 20,
[36m(TaskRunner pid=641918)[0m              'val_before_train': False,
[36m(TaskRunner pid=641918)[0m              'val_only': False,
[36m(TaskRunner pid=641918)[0m              'validation_data_dir': None,
[36m(TaskRunner pid=641918)[0m              'validation_metric_dump_path': '/mlx_devbox/users/quyanyi/playground/TTRL/important_experiment_logs/ttrl_chunk_state_powerflow_futuregain_posteriormatch_highmassanchors_v12_mid_c128_probe1536x4_b32_r32_v64_20step_20260802_val_metrics.json',
[36m(TaskRunner pid=641918)[0m              'worker_nsight_options': {'capture-range': 'cudaProfilerApi',
[36m(TaskRunner pid=641918)[0m                                        'capture-range-end': None,
[36m(TaskRunner pid=641918)[0m                                        'cuda-graph-trace': 'graph',
[36m(TaskRunner pid=641918)[0m                                        'cuda-memory-usage': 'true',
[36m(TaskRunner pid=641918)[0m                                        'kill': 'none',
[36m(TaskRunner pid=641918)[0m                                        'trace': 'cuda,nvtx,cublas,ucx'}},
[36m(TaskRunner pid=641918)[0m  'ttrl': {'chunk_state_actor_span': 'chunk',
[36m(TaskRunner pid=641918)[0m           'chunk_state_alpha': 2.0,
[36m(TaskRunner pid=641918)[0m           'chunk_state_answer_source_consistency_enable': False,
[36m(TaskRunner pid=641918)[0m           'chunk_state_answer_support_min_mass': 0.0,
[36m(TaskRunner pid=641918)[0m           'chunk_state_answer_support_score': 'mass',
[36m(TaskRunner pid=641918)[0m           'chunk_state_boundaries': [0, 256, 512, 768, 1024],
[36m(TaskRunner pid=641918)[0m           'chunk_state_boundary_mode': 'mid',
[36m(TaskRunner pid=641918)[0m           'chunk_state_candidates': 8,
[36m(TaskRunner pid=641918)[0m           'chunk_state_chunk_size': 128,
[36m(TaskRunner pid=641918)[0m           'chunk_state_confidence_power': 0.0,
[36m(TaskRunner pid=641918)[0m           'chunk_state_diag_enable': True,
[36m(TaskRunner pid=641918)[0m           'chunk_state_diag_jsonl': '/mlx_devbox/users/quyanyi/playground/TTRL/important_experiment_logs/chunk_state_diag/ttrl_chunk_state_powerflow_futuregain_posteriormatch_highmassanchors_v12_mid_c128_probe1536x4_b32_r32_v64_20step_20260802.jsonl',
[36m(TaskRunner pid=641918)[0m           'chunk_state_enable': True,
[36m(TaskRunner pid=641918)[0m           'chunk_state_eps': 0.05,
[36m(TaskRunner pid=641918)[0m           'chunk_state_future_support_anchor_prior_power': 1.0,
[36m(TaskRunner pid=641918)[0m           'chunk_state_future_support_anchor_prior_weight': 0.0,
[36m(TaskRunner pid=641918)[0m           'chunk_state_future_support_baseline_scale': 1.0,
[36m(TaskRunner pid=641918)[0m           'chunk_state_future_support_gain_slack': 0.125,
[36m(TaskRunner pid=641918)[0m           'chunk_state_future_support_keep_mode': 'soft',
[36m(TaskRunner pid=641918)[0m           'chunk_state_future_support_max_mass_coef': 0.25,
[36m(TaskRunner pid=641918)[0m           'chunk_state_future_support_max_state_oov': 0.875,
[36m(TaskRunner pid=641918)[0m           'chunk_state_future_support_min_candidate_coverage': 0.0,
[36m(TaskRunner pid=641918)[0m           'chunk_state_future_support_min_candidate_mean_mass': 0.0,
[36m(TaskRunner pid=641918)[0m           'chunk_state_future_support_min_mass': 0.03125,
[36m(TaskRunner pid=641918)[0m           'chunk_state_future_support_min_positive_margin': 0.0,
[36m(TaskRunner pid=641918)[0m           'chunk_state_future_support_min_state_coverage': 0.125,
[36m(TaskRunner pid=641918)[0m           'chunk_state_future_support_min_state_max_mass': 0.03125,
[36m(TaskRunner pid=641918)[0m           'chunk_state_future_support_min_state_mean_mass': 0.015,
[36m(TaskRunner pid=641918)[0m           'chunk_state_future_support_min_state_top_margin': 0.001,
[36m(TaskRunner pid=641918)[0m           'chunk_state_future_support_prior_smoothing': 4.0,
[36m(TaskRunner pid=641918)[0m           'chunk_state_future_support_score_type': 'posterior_support_match',
[36m(TaskRunner pid=641918)[0m           'chunk_state_future_support_soft_weight_floor': 0.02,
[36m(TaskRunner pid=641918)[0m           'chunk_state_future_support_source_prior_weight': 1.0,
[36m(TaskRunner pid=641918)[0m           'chunk_state_label_consistent_only': False,
[36m(TaskRunner pid=641918)[0m           'chunk_state_max_prefix_tokens': 1024,
[36m(TaskRunner pid=641918)[0m           'chunk_state_max_prompt_answer_entropy': 1.4,
[36m(TaskRunner pid=641918)[0m           'chunk_state_mid_boundary_max_ratio': 0.75,
[36m(TaskRunner pid=641918)[0m           'chunk_state_mid_boundary_min_ratio': 0.35,
[36m(TaskRunner pid=641918)[0m           'chunk_state_min_answer_coverage': 0.125,
[36m(TaskRunner pid=641918)[0m           'chunk_state_min_boundary': 0,
[36m(TaskRunner pid=641918)[0m           'chunk_state_min_informative_gap': 0.001,
[36m(TaskRunner pid=641918)[0m           'chunk_state_min_majority_ratio': 0.0,
[36m(TaskRunner pid=641918)[0m           'chunk_state_min_prompt_top_margin': 0.05,
[36m(TaskRunner pid=641918)[0m           'chunk_state_min_prompt_top_mass': 0.45,
[36m(TaskRunner pid=641918)[0m           'chunk_state_min_prompt_valid_answer_coverage': 0.75,
[36m(TaskRunner pid=641918)[0m           'chunk_state_min_source_answer_mass': 0.4,
[36m(TaskRunner pid=641918)[0m           'chunk_state_min_state_positive_margin': -1.0,
[36m(TaskRunner pid=641918)[0m           'chunk_state_powerflow_weight_clip': 4.0,
[36m(TaskRunner pid=641918)[0m           'chunk_state_powerflow_weight_clip_renorm': True,
[36m(TaskRunner pid=641918)[0m           'chunk_state_probe_max_tokens': 1536,
[36m(TaskRunner pid=641918)[0m           'chunk_state_probe_samples': 4,
[36m(TaskRunner pid=641918)[0m           'chunk_state_prune_zero_weight_samples': True,
[36m(TaskRunner pid=641918)[0m Setting TOKENIZERS_PARALLELISM=false for forked processes.
[36m(TaskRunner pid=641918)[0m WARNING:2026-08-02 09:00:29,427:Setting TOKENIZERS_PARALLELISM=false for forked processes.
[36m(TaskRunner pid=641918)[0m Filtering prompts longer than 1024 tokens (num_proc=1):   0%|          | 0/500 [00:00<?, ? examples/s]
[36m(TaskRunner pid=641918)[0m Filtering prompts longer than 1024 tokens (num_proc=1): 100%|██████████| 500/500 [00:01<00:00, 285.04 examples/s]
[36m(TaskRunner pid=641918)[0m Filtering prompts longer than 1024 tokens (num_proc=1): 100%|██████████| 500/500 [00:01<00:00, 265.50 examples/s]
[36m(TaskRunner pid=641918)[0m Setting TOKENIZERS_PARALLELISM=false for forked processes.
[36m(TaskRunner pid=641918)[0m WARNING:2026-08-02 09:00:32,436:Setting TOKENIZERS_PARALLELISM=false for forked processes.
[36m(TaskRunner pid=641918)[0m Filtering prompts longer than 1024 tokens (num_proc=1):   0%|          | 0/500 [00:00<?, ? examples/s]
[36m(TaskRunner pid=641918)[0m Filtering prompts longer than 1024 tokens (num_proc=1): 100%|██████████| 500/500 [00:01<00:00, 296.47 examples/s]
[36m(TaskRunner pid=641918)[0m Filtering prompts longer than 1024 tokens (num_proc=1): 100%|██████████| 500/500 [00:01<00:00, 274.17 examples/s]
[36m(TaskRunner pid=641918)[0m DeprecationWarning: `ray.state.available_resources_per_node` is a private attribute and access will be removed in a future Ray version.
[36m(pid=641914)[0m /mlx_devbox/users/quyanyi/playground/TTRL/verl/verl/__init__.py:18: UserWarning: pkg_resources is deprecated as an API. See https://setuptools.pypa.io/en/latest/pkg_resources.html. The pkg_resources package is slated for removal as early as 2025-11-30. Refrain from using this package or pin to Setuptools<81.
[36m(pid=641914)[0m   import pkg_resources
[36m(pid=641914)[0m /mlx_devbox/users/quyanyi/playground/.venvs/ttrl_b200/lib/python3.11/site-packages/huggingface_hub/constants.py:298: FutureWarning: The `HF_HUB_ENABLE_HF_TRANSFER` environment variable is deprecated as 'hf_transfer' is not used anymore. Please use `HF_XET_HIGH_PERFORMANCE` instead to enable high performance transfer with Xet. Visit https://huggingface.co/docs/huggingface_hub/package_reference/environment_variables#hfxethighperformance for more details.
[36m(pid=641914)[0m   warnings.warn(
[36m(pid=641924)[0m /mlx_devbox/users/quyanyi/playground/TTRL/verl/verl/__init__.py:18: UserWarning: pkg_resources is deprecated as an API. See https://setuptools.pypa.io/en/latest/pkg_resources.html. The pkg_resources package is slated for removal as early as 2025-11-30. Refrain from using this package or pin to Setuptools<81.[32m [repeated 7x across cluster] (Ray deduplicates logs by default. Set RAY_DEDUP_LOGS=0 to disable log deduplication, or see https://docs.ray.io/en/master/ray-observability/user-guides/configure-logging.html#log-deduplication for more options.)[0m
[36m(pid=641924)[0m   import pkg_resources[32m [repeated 7x across cluster][0m
[36m(WorkerDict pid=641914)[0m WARNING:2026-08-02 09:00:54,422:Initializing torch.distributed: rank=0 world_size=8 init_method=tcp://[fdbd:dc61:ff:f000:ffff:ffff:0:16]:49531 master=fdbd:dc61:ff:f000:ffff:ffff:0:16:49531
[36m(pid=641924)[0m /mlx_devbox/users/quyanyi/playground/.venvs/ttrl_b200/lib/python3.11/site-packages/huggingface_hub/constants.py:298: FutureWarning: The `HF_HUB_ENABLE_HF_TRANSFER` environment variable is deprecated as 'hf_transfer' is not used anymore. Please use `HF_XET_HIGH_PERFORMANCE` instead to enable high performance transfer with Xet. Visit https://huggingface.co/docs/huggingface_hub/package_reference/environment_variables#hfxethighperformance for more details.[32m [repeated 7x across cluster][0m
[36m(pid=641924)[0m   warnings.warn([32m [repeated 7x across cluster][0m
[36m(WorkerDict pid=641914)[0m [W802 09:00:56.740638606 ProcessGroupNCCL.cpp:932] Warning: TORCH_NCCL_AVOID_RECORD_STREAMS is the default now, this environment variable is thus deprecated. (function operator())
[36m(TaskRunner pid=641918)[0m           'chunk_state_score_mode': 'future_support_gain',
[36m(TaskRunner pid=641918)[0m           'chunk_state_skip_all_negative': False,
[36m(TaskRunner pid=641918)[0m           'chunk_state_skip_uniform': False,
[36m(TaskRunner pid=641918)[0m           'chunk_state_source_chunk_candidate_index': 0,
[36m(TaskRunner pid=641918)[0m           'chunk_state_source_chunk_enable': True,
[36m(TaskRunner pid=641918)[0m           'chunk_state_source_low_max_answer_mass': 0.35,
[36m(TaskRunner pid=641918)[0m           'chunk_state_source_min_valid_answer_mass': 0.03125,
[36m(TaskRunner pid=641918)[0m           'chunk_state_source_mixed_low_ratio': 0.75,
[36m(TaskRunner pid=641918)[0m           'chunk_state_source_mode': 'majority_consistent',
[36m(TaskRunner pid=641918)[0m           'chunk_state_source_quality_max_entropy': 0.0,
[36m(TaskRunner pid=641918)[0m           'chunk_state_source_quality_weight_floor': 0.0,
[36m(TaskRunner pid=641918)[0m           'chunk_state_source_quality_weight_mode': 'off',
[36m(TaskRunner pid=641918)[0m           'chunk_state_source_quality_weight_power': 1.0,
[36m(TaskRunner pid=641918)[0m           'chunk_state_source_select_by_mass': True,
[36m(TaskRunner pid=641918)[0m           'chunk_state_staged_probe_enable': False,
[36m(TaskRunner pid=641918)[0m           'chunk_state_staged_probe_extra_max_tokens': 1536,
[36m(TaskRunner pid=641918)[0m           'chunk_state_staged_probe_extra_samples': 4,
[36m(TaskRunner pid=641918)[0m           'chunk_state_staged_probe_merge_mode': 'repeat_base',
[36m(TaskRunner pid=641918)[0m           'chunk_state_staged_probe_topk': 2,
[36m(TaskRunner pid=641918)[0m           'chunk_state_states_per_prompt': 1,
[36m(TaskRunner pid=641918)[0m           'chunk_state_support_anchor_candidate_start': 1,
[36m(TaskRunner pid=641918)[0m           'chunk_state_support_anchor_count': 7,
[36m(TaskRunner pid=641918)[0m           'chunk_state_support_anchor_enable': True,
[36m(TaskRunner pid=641918)[0m           'chunk_state_support_anchor_min_mass': 0.1,
[36m(TaskRunner pid=641918)[0m           'chunk_state_support_anchor_min_prefix_match': 0.75,
[36m(TaskRunner pid=641918)[0m           'chunk_state_support_anchor_prefix_compat_enable': False,
[36m(TaskRunner pid=641918)[0m           'chunk_state_support_anchor_prefix_compat_mode': 'hard',
[36m(TaskRunner pid=641918)[0m           'chunk_state_support_anchor_prefix_compat_tokens': 128,
[36m(TaskRunner pid=641918)[0m           'chunk_state_support_anchor_prefix_score_power': 1.0,
[36m(TaskRunner pid=641918)[0m           'chunk_state_support_anchor_selection_mode': 'mass_ranked',
[36m(TaskRunner pid=641918)[0m           'chunk_state_support_anchor_skip_source': True,
[36m(TaskRunner pid=641918)[0m           'chunk_state_support_flow_answer_split_power': 1.0,
[36m(TaskRunner pid=641918)[0m           'chunk_state_support_flow_baseline_scale': 1.0,
[36m(TaskRunner pid=641918)[0m           'chunk_state_support_flow_gain_slack': 0.0,
[36m(TaskRunner pid=641918)[0m           'chunk_state_support_flow_min_positive_margin': 0.0,
[36m(TaskRunner pid=641918)[0m           'chunk_state_support_flow_posterior_split_duplicates': True,
[36m(TaskRunner pid=641918)[0m           'chunk_state_support_flow_score_type': 'gain',
[36m(TaskRunner pid=641918)[0m           'chunk_state_support_flow_softplus_temperature': 0.125,
[36m(TaskRunner pid=641918)[0m           'chunk_state_support_flow_source_prior_weight': 1.0,
[36m(TaskRunner pid=641918)[0m           'chunk_state_support_flow_split_mass_by_answer': False,
[36m(TaskRunner pid=641918)[0m           'chunk_state_target_guard_anchor': True,
[36m(TaskRunner pid=641918)[0m           'chunk_state_target_guard_bad_probe_ratio': 0.5,
[36m(TaskRunner pid=641918)[0m           'chunk_state_target_guard_candidate_assistant_marker': True,
[36m(TaskRunner pid=641918)[0m           'chunk_state_target_guard_candidate_enable': False,
[36m(TaskRunner pid=641918)[0m           'chunk_state_target_guard_candidate_max_boxed_count': 1,
[36m(TaskRunner pid=641918)[0m           'chunk_state_target_guard_enable': False,
[36m(TaskRunner pid=641918)[0m           'chunk_state_target_guard_max_boxed_count': 2,
[36m(TaskRunner pid=641918)[0m           'chunk_state_target_guard_min_answer_mass': 0.0,
[36m(TaskRunner pid=641918)[0m           'chunk_state_target_guard_use_distribution_score': False,
[36m(TaskRunner pid=641918)[0m           'chunk_state_target_guard_use_mass_gain': False,
[36m(TaskRunner pid=641918)[0m           'chunk_state_teacher_anchor_candidate_index': 0,
[36m(TaskRunner pid=641918)[0m           'chunk_state_teacher_anchor_enable': False,
[36m(TaskRunner pid=641918)[0m           'chunk_state_teacher_anchor_score': 1.0,
[36m(TaskRunner pid=641918)[0m           'chunk_state_zero_inconsistent_candidates': False,
[36m(TaskRunner pid=641918)[0m           'enable': True,
[36m(TaskRunner pid=641918)[0m           'majority_vote_num_processes': 64,
[36m(TaskRunner pid=641918)[0m           'n_samples_per_prompt': 32,
[36m(TaskRunner pid=641918)[0m           'n_votes_per_prompt': 64,
[36m(TaskRunner pid=641918)[0m           'powerflow_no_majority': False,
[36m(TaskRunner pid=641918)[0m           'sharpened_alpha': 2.0,
[36m(TaskRunner pid=641918)[0m           'sharpened_conf_temperature': 1.0,
[36m(TaskRunner pid=641918)[0m           'sharpened_enable': False,
[36m(TaskRunner pid=641918)[0m           'sharpened_negative_enable': True,
[36m(TaskRunner pid=641918)[0m           'sharpened_negative_reward': -0.25,
[36m(TaskRunner pid=641918)[0m           'sharpened_reward_mode': 'prob',
[36m(TaskRunner pid=641918)[0m           'sharpened_soft_coef': 0.25,
[36m(TaskRunner pid=641918)[0m           'sharpened_tau_low': 0.125,
[36m(TaskRunner pid=641918)[0m           'sharpened_tau_marg': 0.125,
[36m(TaskRunner pid=641918)[0m           'sharpened_tau_pos': 0.375,
[36m(TaskRunner pid=641918)[0m           'sharpened_use_confidence': True}}
[36m(TaskRunner pid=641918)[0m using customized reward function 'reward_func' from './verl/utils/reward_score/ttrl_math/__init__.py'
[36m(TaskRunner pid=641918)[0m using customized reward function 'reward_func' from './verl/utils/reward_score/ttrl_math/__init__.py'
[36m(TaskRunner pid=641918)[0m Using dataset class: RLHFDataset
[36m(TaskRunner pid=641918)[0m dataset len: 500
[36m(TaskRunner pid=641918)[0m filter dataset len: 500
[36m(TaskRunner pid=641918)[0m Using dataset class: RLHFDataset
[36m(TaskRunner pid=641918)[0m dataset len: 500
[36m(TaskRunner pid=641918)[0m filter dataset len: 500
[36m(TaskRunner pid=641918)[0m [validate_config] All configuration checks passed successfully!
[36m(TaskRunner pid=641918)[0m Size of train dataloader: 15, Size of val dataloader: 1
[36m(TaskRunner pid=641918)[0m Total training steps: 20
[36m(TaskRunner pid=641918)[0m colocated worker base class <class 'verl.single_controller.base.worker.Worker'>
[36m(WorkerDict pid=641914)[0m Model config after override: Qwen2Config {
[36m(WorkerDict pid=641914)[0m   "architectures": [
[36m(WorkerDict pid=641914)[0m     "Qwen2ForCausalLM"
[36m(WorkerDict pid=641914)[0m   ],
[36m(WorkerDict pid=641914)[0m   "attention_dropout": 0.0,
[36m(WorkerDict pid=641914)[0m   "bos_token_id": null,
[36m(WorkerDict pid=641914)[0m   "dtype": "bfloat16",
[36m(WorkerDict pid=641914)[0m   "eos_token_id": 151643,
[36m(WorkerDict pid=641914)[0m   "hidden_act": "silu",
[36m(WorkerDict pid=641914)[0m   "hidden_size": 3584,
[36m(WorkerDict pid=641914)[0m   "initializer_range": 0.02,
[36m(WorkerDict pid=641914)[0m   "intermediate_size": 18944,
[36m(WorkerDict pid=641914)[0m   "layer_types": [
[36m(WorkerDict pid=641914)[0m     "full_attention",
[36m(WorkerDict pid=641914)[0m     "full_attention",
[36m(WorkerDict pid=641914)[0m     "full_attention",
[36m(WorkerDict pid=641914)[0m     "full_attention",
[36m(WorkerDict pid=641914)[0m     "full_attention",
[36m(WorkerDict pid=641914)[0m     "full_attention",
[36m(WorkerDict pid=641914)[0m Loading weights:   0%|          | 0/339 [00:00<?, ?it/s]Loading weights: 100%|██████████| 339/339 [00:00<00:00, 11159.35it/s]
[36m(WorkerDict pid=641923)[0m Loading weights:   0%|          | 0/339 [00:00<?, ?it/s]
[36m(WorkerDict pid=641923)[0m Loading weights: 100%|██████████| 339/339 [00:00<00:00, 12124.54it/s]
[36m(WorkerDict pid=641914)[0m     "full_attention",
[36m(WorkerDict pid=641914)[0m     "full_attention",
[36m(WorkerDict pid=641914)[0m     "full_attention",
[36m(WorkerDict pid=641914)[0m     "full_attention",
[36m(WorkerDict pid=641914)[0m     "full_attention",
[36m(WorkerDict pid=641914)[0m     "full_attention",
[36m(WorkerDict pid=641914)[0m     "full_attention",
[36m(WorkerDict pid=641914)[0m     "full_attention",
[36m(WorkerDict pid=641914)[0m     "full_attention",
[36m(WorkerDict pid=641914)[0m     "full_attention",
[36m(WorkerDict pid=641914)[0m     "full_attention",
[36m(WorkerDict pid=641914)[0m     "full_attention",
[36m(WorkerDict pid=641914)[0m     "full_attention",
[36m(WorkerDict pid=641914)[0m     "full_attention",
[36m(WorkerDict pid=641914)[0m     "full_attention",
[36m(WorkerDict pid=641914)[0m     "full_attention",
[36m(WorkerDict pid=641914)[0m     "full_attention",
[36m(WorkerDict pid=641914)[0m     "full_attention",
[36m(WorkerDict pid=641914)[0m     "full_attention",
[36m(WorkerDict pid=641914)[0m     "full_attention",
[36m(WorkerDict pid=641914)[0m     "full_attention",
[36m(WorkerDict pid=641914)[0m     "full_attention"
[36m(WorkerDict pid=641914)[0m   ],
[36m(WorkerDict pid=641914)[0m   "max_position_embeddings": 4096,
[36m(WorkerDict pid=641914)[0m   "max_window_layers": 28,
[36m(WorkerDict pid=641914)[0m   "model_type": "qwen2",
[36m(WorkerDict pid=641914)[0m   "num_attention_heads": 28,
[36m(WorkerDict pid=641914)[0m   "num_hidden_layers": 28,
[36m(WorkerDict pid=641914)[0m   "num_key_value_heads": 4,
[36m(WorkerDict pid=641914)[0m   "pad_token_id": 151643,
[36m(WorkerDict pid=641914)[0m   "rms_norm_eps": 1e-06,
[36m(WorkerDict pid=641914)[0m   "rope_parameters": {
[36m(WorkerDict pid=641914)[0m     "rope_theta": 10000,
[36m(WorkerDict pid=641914)[0m     "rope_type": "default"
[36m(WorkerDict pid=641914)[0m   },
[36m(WorkerDict pid=641914)[0m   "sliding_window": null,
[36m(WorkerDict pid=641914)[0m   "tie_word_embeddings": false,
[36m(WorkerDict pid=641914)[0m   "transformers_version": "5.12.1",
[36m(WorkerDict pid=641914)[0m   "use_cache": true,
[36m(WorkerDict pid=641914)[0m   "use_mrope": false,
[36m(WorkerDict pid=641914)[0m   "use_sliding_window": false,
[36m(WorkerDict pid=641914)[0m   "vocab_size": 152064
[36m(WorkerDict pid=641914)[0m }
[36m(WorkerDict pid=641914)[0m 
[36m(WorkerDict pid=641914)[0m ref attention implementation verified: sdpa
[36m(WorkerDict pid=641914)[0m Monkey patch _flash_attention_forward in transformers.integrations.flash_attention
[36m(WorkerDict pid=641914)[0m Using Triton backend for fused kernels in Qwen2ForCausalLM
[36m(WorkerDict pid=641914)[0m Qwen2ForCausalLM contains 7.62B parameters
[36m(WorkerDict pid=641914)[0m wrap_policy: functools.partial(<function _or_policy at 0x7f3d75f37560>, policies=[functools.partial(<function transformer_auto_wrap_policy at 0x7f3d75f37420>, transformer_layer_cls={<class 'transformers.models.qwen2.modeling_qwen2.Qwen2DecoderLayer'>})])
[36m(WorkerDict pid=641914)[0m trial-302172199-trialrun-302172199-worker-0:641914:641914 [0] NCCL INFO ENV/Plugin: Could not find: libnccl-env.so
[36m(WorkerDict pid=641914)[0m trial-302172199-trialrun-302172199-worker-0:641914:641914 [0] NCCL INFO NCCL_SOCKET_FAMILY set by environment to AF_INET6
[36m(WorkerDict pid=641914)[0m trial-302172199-trialrun-302172199-worker-0:641914:641914 [0] NCCL INFO NCCL_SOCKET_IFNAME set by environment to =eth0
[36m(WorkerDict pid=641914)[0m trial-302172199-trialrun-302172199-worker-0:641914:641914 [0] NCCL INFO cudaDriverVersion 13000
[36m(WorkerDict pid=641914)[0m trial-302172199-trialrun-302172199-worker-0:641914:641914 [0] NCCL INFO NCCL version 2.28.9+cuda13.0
[36m(WorkerDict pid=641914)[0m trial-302172199-trialrun-302172199-worker-0:641914:641914 [0] NCCL INFO Comm config Blocking set to 1
[36m(WorkerDict pid=641914)[0m trial-302172199-trialrun-302172199-worker-0:641914:641914 [0] NCCL INFO NCCL_NET_PLUGIN set by environment to none
[36m(WorkerDict pid=641914)[0m trial-302172199-trialrun-302172199-worker-0:641914:641914 [0] NCCL INFO NCCL_SOCKET_FAMILY set by environment to AF_INET6
[36m(WorkerDict pid=641914)[0m trial-302172199-trialrun-302172199-worker-0:641914:641914 [0] NCCL INFO NCCL_SOCKET_IFNAME set by environment to =eth0
[36m(WorkerDict pid=641914)[0m trial-302172199-trialrun-302172199-worker-0:641914:641914 [0] NCCL INFO NET/Socket : Using [0]eth0:fdbd:dc61:ff:f000:ffff:ffff:0:16<0>
[36m(WorkerDict pid=641914)[0m trial-302172199-trialrun-302172199-worker-0:641914:641914 [0] NCCL INFO Initialized NET plugin Socket
[36m(WorkerDict pid=641914)[0m trial-302172199-trialrun-302172199-worker-0:641914:641914 [0] NCCL INFO Assigned NET plugin Socket to comm
[36m(WorkerDict pid=641914)[0m trial-302172199-trialrun-302172199-worker-0:641914:641914 [0] NCCL INFO Using network Socket
[36m(WorkerDict pid=641914)[0m trial-302172199-trialrun-302172199-worker-0:641914:641914 [0] NCCL INFO ncclCommInitRankConfig comm 0x103d3030 rank 0 nranks 8 cudaDev 0 nvmlDev 0 busId f000 commId 0xe8a1e27d538ecab7 - Init START
[36m(WorkerDict pid=641914)[0m trial-302172199-trialrun-302172199-worker-0:641914:641914 [0] NCCL INFO RAS client listening socket at ::1<28028>
[36m(WorkerDict pid=641914)[0m trial-302172199-trialrun-302172199-worker-0:641914:641914 [0] NCCL INFO MNNVL busId 0xf000 fabric UUID 0.0 cliqueId 0x0 state 3 healthMask 0x80
[36m(WorkerDict pid=641914)[0m trial-302172199-trialrun-302172199-worker-0:641914:641914 [0] NCCL INFO Could not find real path of /sys/class/pci_bus/fffffff/../../fffffff:ff:f
[36m(WorkerDict pid=641914)[0m trial-302172199-trialrun-302172199-worker-0:641914:641914 [0] NCCL INFO TOPO/NET : Importing network plugins to topology
[36m(WorkerDict pid=641914)[0m trial-302172199-trialrun-302172199-worker-0:641914:641914 [0] NCCL INFO ncclTopoPopulateNics : Filled eth0 in topo with pciPath=(null) keep=1 coll=(null)
[36m(WorkerDict pid=641914)[0m trial-302172199-trialrun-302172199-worker-0:641914:641914 [0] NCCL INFO === System : maxBw 721.8 totalBw 721.8 ===
[36m(WorkerDict pid=641914)[0m trial-302172199-trialrun-302172199-worker-0:641914:641914 [0] NCCL INFO CPU/0-0 (1/1/4)
[36m(WorkerDict pid=641914)[0m trial-302172199-trialrun-302172199-worker-0:641914:641914 [0] NCCL INFO + PCI[5000.0] - NIC/0-0
[36m(WorkerDict pid=641914)[0m trial-302172199-trialrun-302172199-worker-0:641914:641914 [0] NCCL INFO                 + NET[1.2] - NET/0-0 (0/0/0/1.250000)
[36m(WorkerDict pid=641914)[0m trial-302172199-trialrun-302172199-worker-0:641914:641914 [0] NCCL INFO                 + NET[1.2] - NET/0-0 (0/0/0/1.250000)
[36m(WorkerDict pid=641914)[0m trial-302172199-trialrun-302172199-worker-0:641914:641914 [0] NCCL INFO + PCI[48.0] - PCI/0-8000 (1000c0301000ffff)
[36m(WorkerDict pid=641914)[0m trial-302172199-trialrun-302172199-worker-0:641914:641914 [0] NCCL INFO               + PCI[48.0] - GPU/0-f000 (0)
[36m(WorkerDict pid=641914)[0m trial-302172199-trialrun-302172199-worker-0:641914:641914 [0] NCCL INFO                             + NVL[721.8] - NVS/0-0
[36m(WorkerDict pid=641914)[0m trial-302172199-trialrun-302172199-worker-0:641914:641914 [0] NCCL INFO + PCI[48.0] - PCI/0-26000 (1000c0301000ffff)
[36m(WorkerDict pid=641914)[0m trial-302172199-trialrun-302172199-worker-0:641914:641914 [0] NCCL INFO               + PCI[48.0] - GPU/0-2d000 (1)
[36m(WorkerDict pid=641914)[0m trial-302172199-trialrun-302172199-worker-0:641914:641914 [0] NCCL INFO                             + NVL[721.8] - NVS/0-0
[36m(WorkerDict pid=641914)[0m trial-302172199-trialrun-302172199-worker-0:641914:641914 [0] NCCL INFO + PCI[48.0] - PCI/0-3d000 (1000c0301000ffff)
[36m(WorkerDict pid=641914)[0m trial-302172199-trialrun-302172199-worker-0:641914:641914 [0] NCCL INFO               + PCI[48.0] - GPU/0-44000 (2)
[36m(WorkerDict pid=641914)[0m trial-302172199-trialrun-302172199-worker-0:641914:641914 [0] NCCL INFO                             + NVL[721.8] - NVS/0-0
[36m(WorkerDict pid=641914)[0m trial-302172199-trialrun-302172199-worker-0:641914:641914 [0] NCCL INFO + PCI[48.0] - PCI/0-54000 (1000c0301000ffff)
[36m(WorkerDict pid=641914)[0m trial-302172199-trialrun-302172199-worker-0:641914:641914 [0] NCCL INFO               + PCI[48.0] - GPU/0-5b000 (3)
[36m(WorkerDict pid=641914)[0m trial-302172199-trialrun-302172199-worker-0:641914:641914 [0] NCCL INFO                             + NVL[721.8] - NVS/0-0
[36m(WorkerDict pid=641914)[0m trial-302172199-trialrun-302172199-worker-0:641914:641914 [0] NCCL INFO + SYS[40.0] - CPU/0-1
[36m(WorkerDict pid=641914)[0m trial-302172199-trialrun-302172199-worker-0:641914:641914 [0] NCCL INFO CPU/0-1 (1/1/4)
[36m(WorkerDict pid=641914)[0m trial-302172199-trialrun-302172199-worker-0:641914:641914 [0] NCCL INFO + PCI[48.0] - PCI/0-82000 (1000c0301000ffff)
[36m(WorkerDict pid=641914)[0m trial-302172199-trialrun-302172199-worker-0:641914:641914 [0] NCCL INFO               + PCI[48.0] - GPU/0-89000 (4)
[36m(WorkerDict pid=641914)[0m trial-302172199-trialrun-302172199-worker-0:641914:641914 [0] NCCL INFO                             + NVL[721.8] - NVS/0-0
[36m(WorkerDict pid=641914)[0m trial-302172199-trialrun-302172199-worker-0:641914:641914 [0] NCCL INFO + PCI[48.0] - PCI/0-a1000 (1000c0301000ffff)
[36m(WorkerDict pid=641914)[0m trial-302172199-trialrun-302172199-worker-0:641914:641914 [0] NCCL INFO               + PCI[48.0] - GPU/0-a8000 (5)
[36m(WorkerDict pid=641914)[0m trial-302172199-trialrun-302172199-worker-0:641914:641914 [0] NCCL INFO                             + NVL[721.8] - NVS/0-0
[36m(WorkerDict pid=641914)[0m trial-302172199-trialrun-302172199-worker-0:641914:641914 [0] NCCL INFO + PCI[48.0] - PCI/0-b9000 (1000c0301000ffff)
[36m(WorkerDict pid=641914)[0m trial-302172199-trialrun-302172199-worker-0:641914:641914 [0] NCCL INFO               + PCI[48.0] - GPU/0-c0000 (6)
[36m(WorkerDict pid=641914)[0m trial-302172199-trialrun-302172199-worker-0:641914:641914 [0] NCCL INFO                             + NVL[721.8] - NVS/0-0
[36m(WorkerDict pid=641914)[0m trial-302172199-trialrun-302172199-worker-0:641914:641914 [0] NCCL INFO + PCI[48.0] - PCI/0-d1000 (1000c0301000ffff)
[36m(WorkerDict pid=641914)[0m trial-302172199-trialrun-302172199-worker-0:641914:641914 [0] NCCL INFO               + PCI[48.0] - GPU/0-d8000 (7)
[36m(WorkerDict pid=641914)[0m trial-302172199-trialrun-302172199-worker-0:641914:641914 [0] NCCL INFO                             + NVL[721.8] - NVS/0-0
[36m(WorkerDict pid=641914)[0m trial-302172199-trialrun-302172199-worker-0:641914:641914 [0] NCCL INFO + SYS[40.0] - CPU/0-0
[36m(WorkerDict pid=641914)[0m trial-302172199-trialrun-302172199-worker-0:641914:641914 [0] NCCL INFO ==========================================
[36m(WorkerDict pid=641914)[0m trial-302172199-trialrun-302172199-worker-0:641914:641914 [0] NCCL INFO GPU/0-f000 :GPU/0-f000 (0/5000.0/LOC) GPU/0-2d000 (2/721.8/NVL) GPU/0-44000 (2/721.8/NVL) GPU/0-5b000 (2/721.8/NVL) GPU/0-89000 (2/721.8/NVL) GPU/0-a8000 (2/721.8/NVL) GPU/0-c0000 (2/721.8/NVL) GPU/0-d8000 (2/721.8/NVL) NVS/0-0 (1/721.8/NVL) CPU/0-0 (2/48.0/PHB) CPU/0-1 (3/40.0/SYS) NET/0-0 (4/1.2/PHB) NET/0-0 (0/0.0/DIS) 
[36m(WorkerDict pid=641914)[0m trial-302172199-trialrun-302172199-worker-0:641914:641914 [0] NCCL INFO GPU/0-2d000 :GPU/0-f000 (2/721.8/NVL) GPU/0-2d000 (0/5000.0/LOC) GPU/0-44000 (2/721.8/NVL) GPU/0-5b000 (2/721.8/NVL) GPU/0-89000 (2/721.8/NVL) GPU/0-a8000 (2/721.8/NVL) GPU/0-c0000 (2/721.8/NVL) GPU/0-d8000 (2/721.8/NVL) NVS/0-0 (1/721.8/NVL) CPU/0-0 (2/48.0/PHB) CPU/0-1 (3/40.0/SYS) NET/0-0 (4/1.2/PHB) NET/0-0 (0/0.0/DIS) 
[36m(WorkerDict pid=641914)[0m trial-302172199-trialrun-302172199-worker-0:641914:641914 [0] NCCL INFO GPU/0-44000 :GPU/0-f000 (2/721.8/NVL) GPU/0-2d000 (2/721.8/NVL) GPU/0-44000 (0/5000.0/LOC) GPU/0-5b000 (2/721.8/NVL) GPU/0-89000 (2/721.8/NVL) GPU/0-a8000 (2/721.8/NVL) GPU/0-c0000 (2/721.8/NVL) GPU/0-d8000 (2/721.8/NVL) NVS/0-0 (1/721.8/NVL) CPU/0-0 (2/48.0/PHB) CPU/0-1 (3/40.0/SYS) NET/0-0 (4/1.2/PHB) NET/0-0 (0/0.0/DIS) 
[36m(WorkerDict pid=641914)[0m trial-302172199-trialrun-302172199-worker-0:641914:641914 [0] NCCL INFO GPU/0-5b000 :GPU/0-f000 (2/721.8/NVL) GPU/0-2d000 (2/721.8/NVL) GPU/0-44000 (2/721.8/NVL) GPU/0-5b000 (0/5000.0/LOC) GPU/0-89000 (2/721.8/NVL) GPU/0-a8000 (2/721.8/NVL) GPU/0-c0000 (2/721.8/NVL) GPU/0-d8000 (2/721.8/NVL) NVS/0-0 (1/721.8/NVL) CPU/0-0 (2/48.0/PHB) CPU/0-1 (3/40.0/SYS) NET/0-0 (4/1.2/PHB) NET/0-0 (0/0.0/DIS) 
[36m(WorkerDict pid=641914)[0m trial-302172199-trialrun-302172199-worker-0:641914:641914 [0] NCCL INFO GPU/0-89000 :GPU/0-f000 (2/721.8/NVL) GPU/0-2d000 (2/721.8/NVL) GPU/0-44000 (2/721.8/NVL) GPU/0-5b000 (2/721.8/NVL) GPU/0-89000 (0/5000.0/LOC) GPU/0-a8000 (2/721.8/NVL) GPU/0-c0000 (2/721.8/NVL) GPU/0-d8000 (2/721.8/NVL) NVS/0-0 (1/721.8/NVL) CPU/0-0 (3/40.0/SYS) CPU/0-1 (2/48.0/PHB) NET/0-0 (5/1.2/SYS) NET/0-0 (0/0.0/DIS) 
[36m(WorkerDict pid=641914)[0m trial-302172199-trialrun-302172199-worker-0:641914:641914 [0] NCCL INFO GPU/0-a8000 :GPU/0-f000 (2/721.8/NVL) GPU/0-2d000 (2/721.8/NVL) GPU/0-44000 (2/721.8/NVL) GPU/0-5b000 (2/721.8/NVL) GPU/0-89000 (2/721.8/NVL) GPU/0-a8000 (0/5000.0/LOC) GPU/0-c0000 (2/721.8/NVL) GPU/0-d8000 (2/721.8/NVL) NVS/0-0 (1/721.8/NVL) CPU/0-0 (3/40.0/SYS) CPU/0-1 (2/48.0/PHB) NET/0-0 (5/1.2/SYS) NET/0-0 (0/0.0/DIS) 
[36m(WorkerDict pid=641914)[0m trial-302172199-trialrun-302172199-worker-0:641914:641914 [0] NCCL INFO GPU/0-c0000 :GPU/0-f000 (2/721.8/NVL) GPU/0-2d000 (2/721.8/NVL) GPU/0-44000 (2/721.8/NVL) GPU/0-5b000 (2/721.8/NVL) GPU/0-89000 (2/721.8/NVL) GPU/0-a8000 (2/721.8/NVL) GPU/0-c0000 (0/5000.0/LOC) GPU/0-d8000 (2/721.8/NVL) NVS/0-0 (1/721.8/NVL) CPU/0-0 (3/40.0/SYS) CPU/0-1 (2/48.0/PHB) NET/0-0 (5/1.2/SYS) NET/0-0 (0/0.0/DIS) 
[36m(WorkerDict pid=641914)[0m trial-302172199-trialrun-302172199-worker-0:641914:641914 [0] NCCL INFO GPU/0-d8000 :GPU/0-f000 (2/721.8/NVL) GPU/0-2d000 (2/721.8/NVL) GPU/0-44000 (2/721.8/NVL) GPU/0-5b000 (2/721.8/NVL) GPU/0-89000 (2/721.8/NVL) GPU/0-a8000 (2/721.8/NVL) GPU/0-c0000 (2/721.8/NVL) GPU/0-d8000 (0/5000.0/LOC) NVS/0-0 (1/721.8/NVL) CPU/0-0 (3/40.0/SYS) CPU/0-1 (2/48.0/PHB) NET/0-0 (5/1.2/SYS) NET/0-0 (0/0.0/DIS) 
[36m(WorkerDict pid=641914)[0m trial-302172199-trialrun-302172199-worker-0:641914:641914 [0] NCCL INFO NET/0-0 :GPU/0-f000 (4/1.2/PHB) GPU/0-2d000 (4/1.2/PHB) GPU/0-44000 (4/1.2/PHB) GPU/0-5b000 (4/1.2/PHB) GPU/0-89000 (5/1.2/SYS) GPU/0-a8000 (5/1.2/SYS) GPU/0-c0000 (5/1.2/SYS) GPU/0-d8000 (5/1.2/SYS) CPU/0-0 (2/1.2/PHB) CPU/0-1 (3/1.2/SYS) NET/0-0 (0/5000.0/LOC) NET/0-0 (0/0.0/DIS) 
[36m(WorkerDict pid=641914)[0m trial-302172199-trialrun-302172199-worker-0:641914:641914 [0] NCCL INFO NET/0-0 :GPU/0-f000 (4/1.2/PHB) GPU/0-2d000 (4/1.2/PHB) GPU/0-44000 (4/1.2/PHB) GPU/0-5b000 (4/1.2/PHB) GPU/0-89000 (5/1.2/SYS) GPU/0-a8000 (5/1.2/SYS) GPU/0-c0000 (5/1.2/SYS) GPU/0-d8000 (5/1.2/SYS) CPU/0-0 (2/1.2/PHB) CPU/0-1 (3/1.2/SYS) NET/0-0 (0/5000.0/LOC) NET/0-0 (0/0.0/DIS) 
[36m(WorkerDict pid=641914)[0m trial-302172199-trialrun-302172199-worker-0:641914:641914 [0] NCCL INFO ncclTopoGetCpuAffinity: Affinity for GPU 0 is 0-62,128-190. (GPU affinity = 0-63,128-191 ; CPU affinity = 0-62,64-126,128-190,192-254).
[36m(WorkerDict pid=641914)[0m trial-302172199-trialrun-302172199-worker-0:641914:641914 [0] NCCL INFO NCCL_NVLS_ENABLE set by environment to 1.
[36m(WorkerDict pid=641914)[0m trial-302172199-trialrun-302172199-worker-0:641914:641914 [0] NCCL INFO NVLS multicast support is available on dev 0 (NVLS_NCHANNELS 24)
[36m(WorkerDict pid=641914)[0m trial-302172199-trialrun-302172199-worker-0:641914:641914 [0] NCCL INFO Pattern 4, crossNic 0, nChannels 16, bw 45.000000/45.000000, type NVL/PIX, sameChannels 1
[36m(WorkerDict pid=641914)[0m trial-302172199-trialrun-302172199-worker-0:641914:641914 [0] NCCL INFO  0 : GPU/0-f000 GPU/0-2d000 GPU/0-44000 GPU/0-5b000 GPU/0-89000 GPU/0-a8000 GPU/0-c0000 GPU/0-d8000
[36m(WorkerDict pid=641914)[0m trial-302172199-trialrun-302172199-worker-0:641914:641914 [0] NCCL INFO  1 : GPU/0-f000 GPU/0-2d000 GPU/0-44000 GPU/0-5b000 GPU/0-89000 GPU/0-a8000 GPU/0-c0000 GPU/0-d8000
[36m(WorkerDict pid=641914)[0m trial-302172199-trialrun-302172199-worker-0:641914:641914 [0] NCCL INFO  2 : GPU/0-f000 GPU/0-2d000 GPU/0-44000 GPU/0-5b000 GPU/0-89000 GPU/0-a8000 GPU/0-c0000 GPU/0-d8000
[36m(WorkerDict pid=641914)[0m trial-302172199-trialrun-302172199-worker-0:641914:641914 [0] NCCL INFO  3 : GPU/0-f000 GPU/0-2d000 GPU/0-44000 GPU/0-5b000 GPU/0-89000 GPU/0-a8000 GPU/0-c0000 GPU/0-d8000
[36m(WorkerDict pid=641914)[0m trial-302172199-trialrun-302172199-worker-0:641914:641914 [0] NCCL INFO  4 : GPU/0-f000 GPU/0-2d000 GPU/0-44000 GPU/0-5b000 GPU/0-89000 GPU/0-a8000 GPU/0-c0000 GPU/0-d8000
[36m(WorkerDict pid=641914)[0m trial-302172199-trialrun-302172199-worker-0:641914:641914 [0] NCCL INFO  5 : GPU/0-f000 GPU/0-2d000 GPU/0-44000 GPU/0-5b000 GPU/0-89000 GPU/0-a8000 GPU/0-c0000 GPU/0-d8000
[36m(WorkerDict pid=641914)[0m trial-302172199-trialrun-302172199-worker-0:641914:641914 [0] NCCL INFO  6 : GPU/0-f000 GPU/0-2d000 GPU/0-44000 GPU/0-5b000 GPU/0-89000 GPU/0-a8000 GPU/0-c0000 GPU/0-d8000
[36m(WorkerDict pid=641914)[0m trial-302172199-trialrun-302172199-worker-0:641914:641914 [0] NCCL INFO  7 : GPU/0-f000 GPU/0-2d000 GPU/0-44000 GPU/0-5b000 GPU/0-89000 GPU/0-a8000 GPU/0-c0000 GPU/0-d8000
[36m(WorkerDict pid=641914)[0m trial-302172199-trialrun-302172199-worker-0:641914:641914 [0] NCCL INFO  8 : GPU/0-f000 GPU/0-2d000 GPU/0-44000 GPU/0-5b000 GPU/0-89000 GPU/0-a8000 GPU/0-c0000 GPU/0-d8000
[36m(WorkerDict pid=641914)[0m trial-302172199-trialrun-302172199-worker-0:641914:641914 [0] NCCL INFO  9 : GPU/0-f000 GPU/0-2d000 GPU/0-44000 GPU/0-5b000 GPU/0-89000 GPU/0-a8000 GPU/0-c0000 GPU/0-d8000
[36m(WorkerDict pid=641914)[0m trial-302172199-trialrun-302172199-worker-0:641914:641914 [0] NCCL INFO 10 : GPU/0-f000 GPU/0-2d000 GPU/0-44000 GPU/0-5b000 GPU/0-89000 GPU/0-a8000 GPU/0-c0000 GPU/0-d8000
[36m(WorkerDict pid=641914)[0m trial-302172199-trialrun-302172199-worker-0:641914:641914 [0] NCCL INFO 11 : GPU/0-f000 GPU/0-2d000 GPU/0-44000 GPU/0-5b000 GPU/0-89000 GPU/0-a8000 GPU/0-c0000 GPU/0-d8000
[36m(WorkerDict pid=641914)[0m trial-302172199-trialrun-302172199-worker-0:641914:641914 [0] NCCL INFO 12 : GPU/0-f000 GPU/0-2d000 GPU/0-44000 GPU/0-5b000 GPU/0-89000 GPU/0-a8000 GPU/0-c0000 GPU/0-d8000
[36m(WorkerDict pid=641914)[0m trial-302172199-trialrun-302172199-worker-0:641914:641914 [0] NCCL INFO 13 : GPU/0-f000 GPU/0-2d000 GPU/0-44000 GPU/0-5b000 GPU/0-89000 GPU/0-a8000 GPU/0-c0000 GPU/0-d8000
[36m(WorkerDict pid=641914)[0m trial-302172199-trialrun-302172199-worker-0:641914:641914 [0] NCCL INFO 14 : GPU/0-f000 GPU/0-2d000 GPU/0-44000 GPU/0-5b000 GPU/0-89000 GPU/0-a8000 GPU/0-c0000 GPU/0-d8000
[36m(WorkerDict pid=641914)[0m trial-302172199-trialrun-302172199-worker-0:641914:641914 [0] NCCL INFO 15 : GPU/0-f000 GPU/0-2d000 GPU/0-44000 GPU/0-5b000 GPU/0-89000 GPU/0-a8000 GPU/0-c0000 GPU/0-d8000
[36m(WorkerDict pid=641914)[0m trial-302172199-trialrun-302172199-worker-0:641914:641914 [0] NCCL INFO Pattern 1, crossNic 0, nChannels 16, bw 40.000000/40.000000, type NVL/PIX, sameChannels 1
[36m(WorkerDict pid=641914)[0m trial-302172199-trialrun-302172199-worker-0:641914:641914 [0] NCCL INFO  0 : GPU/0-f000 GPU/0-2d000 GPU/0-44000 GPU/0-5b000 GPU/0-89000 GPU/0-a8000 GPU/0-c0000 GPU/0-d8000
[36m(WorkerDict pid=641914)[0m trial-302172199-trialrun-302172199-worker-0:641914:641914 [0] NCCL INFO  1 : GPU/0-f000 GPU/0-2d000 GPU/0-44000 GPU/0-5b000 GPU/0-89000 GPU/0-a8000 GPU/0-c0000 GPU/0-d8000
[36m(WorkerDict pid=641914)[0m trial-302172199-trialrun-302172199-worker-0:641914:641914 [0] NCCL INFO  2 : GPU/0-f000 GPU/0-2d000 GPU/0-44000 GPU/0-5b000 GPU/0-89000 GPU/0-a8000 GPU/0-c0000 GPU/0-d8000
[36m(WorkerDict pid=641914)[0m trial-302172199-trialrun-302172199-worker-0:641914:641914 [0] NCCL INFO  3 : GPU/0-f000 GPU/0-2d000 GPU/0-44000 GPU/0-5b000 GPU/0-89000 GPU/0-a8000 GPU/0-c0000 GPU/0-d8000
[36m(WorkerDict pid=641914)[0m trial-302172199-trialrun-302172199-worker-0:641914:641914 [0] NCCL INFO  4 : GPU/0-f000 GPU/0-2d000 GPU/0-44000 GPU/0-5b000 GPU/0-89000 GPU/0-a8000 GPU/0-c0000 GPU/0-d8000
[36m(WorkerDict pid=641914)[0m trial-302172199-trialrun-302172199-worker-0:641914:641914 [0] NCCL INFO  5 : GPU/0-f000 GPU/0-2d000 GPU/0-44000 GPU/0-5b000 GPU/0-89000 GPU/0-a8000 GPU/0-c0000 GPU/0-d8000
[36m(WorkerDict pid=641914)[0m trial-302172199-trialrun-302172199-worker-0:641914:641914 [0] NCCL INFO  6 : GPU/0-f000 GPU/0-2d000 GPU/0-44000 GPU/0-5b000 GPU/0-89000 GPU/0-a8000 GPU/0-c0000 GPU/0-d8000
[36m(WorkerDict pid=641914)[0m trial-302172199-trialrun-302172199-worker-0:641914:641914 [0] NCCL INFO  7 : GPU/0-f000 GPU/0-2d000 GPU/0-44000 GPU/0-5b000 GPU/0-89000 GPU/0-a8000 GPU/0-c0000 GPU/0-d8000
[36m(WorkerDict pid=641914)[0m trial-302172199-trialrun-302172199-worker-0:641914:641914 [0] NCCL INFO  8 : GPU/0-f000 GPU/0-2d000 GPU/0-44000 GPU/0-5b000 GPU/0-89000 GPU/0-a8000 GPU/0-c0000 GPU/0-d8000
[36m(WorkerDict pid=641914)[0m trial-302172199-trialrun-302172199-worker-0:641914:641914 [0] NCCL INFO  9 : GPU/0-f000 GPU/0-2d000 GPU/0-44000 GPU/0-5b000 GPU/0-89000 GPU/0-a8000 GPU/0-c0000 GPU/0-d8000
[36m(WorkerDict pid=641914)[0m trial-302172199-trialrun-302172199-worker-0:641914:641914 [0] NCCL INFO 10 : GPU/0-f000 GPU/0-2d000 GPU/0-44000 GPU/0-5b000 GPU/0-89000 GPU/0-a8000 GPU/0-c0000 GPU/0-d8000
[36m(WorkerDict pid=641914)[0m trial-302172199-trialrun-302172199-worker-0:641914:641914 [0] NCCL INFO 11 : GPU/0-f000 GPU/0-2d000 GPU/0-44000 GPU/0-5b000 GPU/0-89000 GPU/0-a8000 GPU/0-c0000 GPU/0-d8000
[36m(WorkerDict pid=641914)[0m trial-302172199-trialrun-302172199-worker-0:641914:641914 [0] NCCL INFO 12 : GPU/0-f000 GPU/0-2d000 GPU/0-44000 GPU/0-5b000 GPU/0-89000 GPU/0-a8000 GPU/0-c0000 GPU/0-d8000
[36m(WorkerDict pid=641914)[0m trial-302172199-trialrun-302172199-worker-0:641914:641914 [0] NCCL INFO 13 : GPU/0-f000 GPU/0-2d000 GPU/0-44000 GPU/0-5b000 GPU/0-89000 GPU/0-a8000 GPU/0-c0000 GPU/0-d8000
[36m(WorkerDict pid=641914)[0m trial-302172199-trialrun-302172199-worker-0:641914:641914 [0] NCCL INFO 14 : GPU/0-f000 GPU/0-2d000 GPU/0-44000 GPU/0-5b000 GPU/0-89000 GPU/0-a8000 GPU/0-c0000 GPU/0-d8000
[36m(WorkerDict pid=641914)[0m trial-302172199-trialrun-302172199-worker-0:641914:641914 [0] NCCL INFO 15 : GPU/0-f000 GPU/0-2d000 GPU/0-44000 GPU/0-5b000 GPU/0-89000 GPU/0-a8000 GPU/0-c0000 GPU/0-d8000
[36m(WorkerDict pid=641914)[0m trial-302172199-trialrun-302172199-worker-0:641914:641914 [0] NCCL INFO Pattern 5, crossNic 0, nChannels 8, bw 80.000000/90.000000, type NVL/PIX, sameChannels 0
[36m(WorkerDict pid=641914)[0m trial-302172199-trialrun-302172199-worker-0:641914:641914 [0] NCCL INFO  0 : GPU/0-f000
[36m(WorkerDict pid=641914)[0m trial-302172199-trialrun-302172199-worker-0:641914:641914 [0] NCCL INFO  1 : GPU/0-2d000
[36m(WorkerDict pid=641914)[0m trial-302172199-trialrun-302172199-worker-0:641914:641914 [0] NCCL INFO  2 : GPU/0-44000
[36m(WorkerDict pid=641914)[0m trial-302172199-trialrun-302172199-worker-0:641914:641914 [0] NCCL INFO  3 : GPU/0-5b000
[36m(WorkerDict pid=641914)[0m trial-302172199-trialrun-302172199-worker-0:641914:641914 [0] NCCL INFO  4 : GPU/0-89000
[36m(WorkerDict pid=641914)[0m trial-302172199-trialrun-302172199-worker-0:641914:641914 [0] NCCL INFO  5 : GPU/0-a8000
[36m(WorkerDict pid=641914)[0m trial-302172199-trialrun-302172199-worker-0:641914:641914 [0] NCCL INFO  6 : GPU/0-c0000
[36m(WorkerDict pid=641914)[0m trial-302172199-trialrun-302172199-worker-0:641914:641914 [0] NCCL INFO  7 : GPU/0-d8000
[36m(WorkerDict pid=641914)[0m trial-302172199-trialrun-302172199-worker-0:641914:641914 [0] NCCL INFO comm 0x103d3030 rank 0 nRanks 8 nNodes 1 localRanks 8 localRank 0 MNNVL 0
[36m(WorkerDict pid=641914)[0m trial-302172199-trialrun-302172199-worker-0:641914:641914 [0] NCCL INFO Tree 0 : -1 -> 0 -> 1/-1/-1
[36m(WorkerDict pid=641914)[0m trial-302172199-trialrun-302172199-worker-0:641914:641914 [0] NCCL INFO Tree 16 : -1 -> 0 -> 1/-1/-1
[36m(WorkerDict pid=641914)[0m trial-302172199-trialrun-302172199-worker-0:641914:641914 [0] NCCL INFO Tree 1 : -1 -> 0 -> 1/-1/-1
[36m(WorkerDict pid=641914)[0m trial-302172199-trialrun-302172199-worker-0:641914:641914 [0] NCCL INFO Tree 17 : -1 -> 0 -> 1/-1/-1
[36m(WorkerDict pid=641914)[0m trial-302172199-trialrun-302172199-worker-0:641914:641914 [0] NCCL INFO Tree 2 : -1 -> 0 -> 1/-1/-1
[36m(WorkerDict pid=641914)[0m trial-302172199-trialrun-302172199-worker-0:641914:641914 [0] NCCL INFO Tree 18 : -1 -> 0 -> 1/-1/-1
[36m(WorkerDict pid=641914)[0m trial-302172199-trialrun-302172199-worker-0:641914:641914 [0] NCCL INFO Tree 3 : -1 -> 0 -> 1/-1/-1
[36m(WorkerDict pid=641914)[0m trial-302172199-trialrun-302172199-worker-0:641914:641914 [0] NCCL INFO Tree 19 : -1 -> 0 -> 1/-1/-1
[36m(WorkerDict pid=641914)[0m trial-302172199-trialrun-302172199-worker-0:641914:641914 [0] NCCL INFO Tree 4 : -1 -> 0 -> 1/-1/-1
[36m(WorkerDict pid=641914)[0m trial-302172199-trialrun-302172199-worker-0:641914:641914 [0] NCCL INFO Tree 20 : -1 -> 0 -> 1/-1/-1
[36m(WorkerDict pid=641914)[0m trial-302172199-trialrun-302172199-worker-0:641914:641914 [0] NCCL INFO Tree 5 : -1 -> 0 -> 1/-1/-1
[36m(WorkerDict pid=641914)[0m trial-302172199-trialrun-302172199-worker-0:641914:641914 [0] NCCL INFO Tree 21 : -1 -> 0 -> 1/-1/-1
[36m(WorkerDict pid=641914)[0m trial-302172199-trialrun-302172199-worker-0:641914:641914 [0] NCCL INFO Tree 6 : -1 -> 0 -> 1/-1/-1
[36m(WorkerDict pid=641914)[0m trial-302172199-trialrun-302172199-worker-0:641914:641914 [0] NCCL INFO Tree 22 : -1 -> 0 -> 1/-1/-1
[36m(WorkerDict pid=641914)[0m trial-302172199-trialrun-302172199-worker-0:641914:641914 [0] NCCL INFO Tree 7 : -1 -> 0 -> 1/-1/-1
[36m(WorkerDict pid=641914)[0m trial-302172199-trialrun-302172199-worker-0:641914:641914 [0] NCCL INFO Tree 23 : -1 -> 0 -> 1/-1/-1
[36m(WorkerDict pid=641914)[0m trial-302172199-trialrun-302172199-worker-0:641914:641914 [0] NCCL INFO Tree 8 : -1 -> 0 -> 1/-1/-1
[36m(WorkerDict pid=641914)[0m trial-302172199-trialrun-302172199-worker-0:641914:641914 [0] NCCL INFO Tree 24 : -1 -> 0 -> 1/-1/-1
[36m(WorkerDict pid=641914)[0m trial-302172199-trialrun-302172199-worker-0:641914:641914 [0] NCCL INFO Tree 9 : -1 -> 0 -> 1/-1/-1
[36m(WorkerDict pid=641914)[0m trial-302172199-trialrun-302172199-worker-0:641914:641914 [0] NCCL INFO Tree 25 : -1 -> 0 -> 1/-1/-1
[36m(WorkerDict pid=641914)[0m trial-302172199-trialrun-302172199-worker-0:641914:641914 [0] NCCL INFO Tree 10 : -1 -> 0 -> 1/-1/-1
[36m(WorkerDict pid=641914)[0m trial-302172199-trialrun-302172199-worker-0:641914:641914 [0] NCCL INFO Tree 26 : -1 -> 0 -> 1/-1/-1
[36m(WorkerDict pid=641914)[0m trial-302172199-trialrun-302172199-worker-0:641914:641914 [0] NCCL INFO Tree 11 : -1 -> 0 -> 1/-1/-1
[36m(WorkerDict pid=641914)[0m trial-302172199-trialrun-302172199-worker-0:641914:641914 [0] NCCL INFO Tree 27 : -1 -> 0 -> 1/-1/-1
[36m(WorkerDict pid=641914)[0m trial-302172199-trialrun-302172199-worker-0:641914:641914 [0] NCCL INFO Tree 12 : -1 -> 0 -> 1/-1/-1
[36m(WorkerDict pid=641914)[0m trial-302172199-trialrun-302172199-worker-0:641914:641914 [0] NCCL INFO Tree 28 : -1 -> 0 -> 1/-1/-1
[36m(WorkerDict pid=641914)[0m trial-302172199-trialrun-302172199-worker-0:641914:641914 [0] NCCL INFO Tree 13 : -1 -> 0 -> 1/-1/-1
[36m(WorkerDict pid=641914)[0m trial-302172199-trialrun-302172199-worker-0:641914:641914 [0] NCCL INFO Tree 29 : -1 -> 0 -> 1/-1/-1
[36m(WorkerDict pid=641914)[0m trial-302172199-trialrun-302172199-worker-0:641914:641914 [0] NCCL INFO Tree 14 : -1 -> 0 -> 1/-1/-1
[36m(WorkerDict pid=641914)[0m trial-302172199-trialrun-302172199-worker-0:641914:641914 [0] NCCL INFO Tree 30 : -1 -> 0 -> 1/-1/-1
[36m(WorkerDict pid=641914)[0m trial-302172199-trialrun-302172199-worker-0:641914:641914 [0] NCCL INFO Tree 15 : -1 -> 0 -> 1/-1/-1
[36m(WorkerDict pid=641914)[0m trial-302172199-trialrun-302172199-worker-0:641914:641914 [0] NCCL INFO Tree 31 : -1 -> 0 -> 1/-1/-1
[36m(WorkerDict pid=641914)[0m trial-302172199-trialrun-302172199-worker-0:641914:641914 [0] NCCL INFO Channel 00/32 : 0 1 2 3 4 5 6 7
[36m(WorkerDict pid=641914)[0m trial-302172199-trialrun-302172199-worker-0:641914:641914 [0] NCCL INFO Channel 01/32 : 0 1 2 3 4 5 6 7
[36m(WorkerDict pid=641914)[0m trial-302172199-trialrun-302172199-worker-0:641914:641914 [0] NCCL INFO Channel 02/32 : 0 1 2 3 4 5 6 7
[36m(WorkerDict pid=641914)[0m trial-302172199-trialrun-302172199-worker-0:641914:641914 [0] NCCL INFO Channel 03/32 : 0 1 2 3 4 5 6 7
[36m(WorkerDict pid=641914)[0m trial-302172199-trialrun-302172199-worker-0:641914:641914 [0] NCCL INFO Channel 04/32 : 0 1 2 3 4 5 6 7
[36m(WorkerDict pid=641914)[0m trial-302172199-trialrun-302172199-worker-0:641914:641914 [0] NCCL INFO Channel 05/32 : 0 1 2 3 4 5 6 7
[36m(WorkerDict pid=641914)[0m trial-302172199-trialrun-302172199-worker-0:641914:641914 [0] NCCL INFO Channel 06/32 : 0 1 2 3 4 5 6 7
[36m(WorkerDict pid=641914)[0m trial-302172199-trialrun-302172199-worker-0:641914:641914 [0] NCCL INFO Channel 07/32 : 0 1 2 3 4 5 6 7
[36m(WorkerDict pid=641914)[0m trial-302172199-trialrun-302172199-worker-0:641914:641914 [0] NCCL INFO Channel 08/32 : 0 1 2 3 4 5 6 7
[36m(WorkerDict pid=641914)[0m trial-302172199-trialrun-302172199-worker-0:641914:641914 [0] NCCL INFO Channel 09/32 : 0 1 2 3 4 5 6 7
[36m(WorkerDict pid=641914)[0m trial-302172199-trialrun-302172199-worker-0:641914:641914 [0] NCCL INFO Channel 10/32 : 0 1 2 3 4 5 6 7
[36m(WorkerDict pid=641914)[0m trial-302172199-trialrun-302172199-worker-0:641914:641914 [0] NCCL INFO Channel 11/32 : 0 1 2 3 4 5 6 7
[36m(WorkerDict pid=641914)[0m trial-302172199-trialrun-302172199-worker-0:641914:641914 [0] NCCL INFO Channel 12/32 : 0 1 2 3 4 5 6 7
[36m(WorkerDict pid=641914)[0m trial-302172199-trialrun-302172199-worker-0:641914:641914 [0] NCCL INFO Channel 13/32 : 0 1 2 3 4 5 6 7
[36m(WorkerDict pid=641914)[0m trial-302172199-trialrun-302172199-worker-0:641914:641914 [0] NCCL INFO Channel 14/32 : 0 1 2 3 4 5 6 7
[36m(WorkerDict pid=641914)[0m trial-302172199-trialrun-302172199-worker-0:641914:641914 [0] NCCL INFO Channel 15/32 : 0 1 2 3 4 5 6 7
[36m(WorkerDict pid=641914)[0m trial-302172199-trialrun-302172199-worker-0:641914:641914 [0] NCCL INFO Channel 16/32 : 0 1 2 3 4 5 6 7
[36m(WorkerDict pid=641914)[0m trial-302172199-trialrun-302172199-worker-0:641914:641914 [0] NCCL INFO Channel 17/32 : 0 1 2 3 4 5 6 7
[36m(WorkerDict pid=641914)[0m trial-302172199-trialrun-302172199-worker-0:641914:641914 [0] NCCL INFO Channel 18/32 : 0 1 2 3 4 5 6 7
[36m(WorkerDict pid=641914)[0m trial-302172199-trialrun-302172199-worker-0:641914:641914 [0] NCCL INFO Channel 19/32 : 0 1 2 3 4 5 6 7
[36m(WorkerDict pid=641914)[0m trial-302172199-trialrun-302172199-worker-0:641914:641914 [0] NCCL INFO Channel 20/32 : 0 1 2 3 4 5 6 7
[36m(WorkerDict pid=641914)[0m trial-302172199-trialrun-302172199-worker-0:641914:641914 [0] NCCL INFO Channel 21/32 : 0 1 2 3 4 5 6 7
[36m(WorkerDict pid=641914)[0m trial-302172199-trialrun-302172199-worker-0:641914:641914 [0] NCCL INFO Channel 22/32 : 0 1 2 3 4 5 6 7
[36m(WorkerDict pid=641914)[0m trial-302172199-trialrun-302172199-worker-0:641914:641914 [0] NCCL INFO Channel 23/32 : 0 1 2 3 4 5 6 7
[36m(WorkerDict pid=641914)[0m trial-302172199-trialrun-302172199-worker-0:641914:641914 [0] NCCL INFO Channel 24/32 : 0 1 2 3 4 5 6 7
[36m(WorkerDict pid=641914)[0m trial-302172199-trialrun-302172199-worker-0:641914:641914 [0] NCCL INFO Channel 25/32 : 0 1 2 3 4 5 6 7
[36m(WorkerDict pid=641914)[0m trial-302172199-trialrun-302172199-worker-0:641914:641914 [0] NCCL INFO Channel 26/32 : 0 1 2 3 4 5 6 7
[36m(WorkerDict pid=641914)[0m trial-302172199-trialrun-302172199-worker-0:641914:641914 [0] NCCL INFO Channel 27/32 : 0 1 2 3 4 5 6 7
[36m(WorkerDict pid=641914)[0m trial-302172199-trialrun-302172199-worker-0:641914:641914 [0] NCCL INFO Channel 28/32 : 0 1 2 3 4 5 6 7
[36m(WorkerDict pid=641914)[0m trial-302172199-trialrun-302172199-worker-0:641914:641914 [0] NCCL INFO Channel 29/32 : 0 1 2 3 4 5 6 7
[36m(WorkerDict pid=641914)[0m trial-302172199-trialrun-302172199-worker-0:641914:641914 [0] NCCL INFO Channel 30/32 : 0 1 2 3 4 5 6 7
[36m(WorkerDict pid=641914)[0m trial-302172199-trialrun-302172199-worker-0:641914:641914 [0] NCCL INFO Channel 31/32 : 0 1 2 3 4 5 6 7
[36m(WorkerDict pid=641914)[0m trial-302172199-trialrun-302172199-worker-0:641914:641914 [0] NCCL INFO Ring 00 : 7 -> 0 -> 1
[36m(WorkerDict pid=641914)[0m trial-302172199-trialrun-302172199-worker-0:641914:641914 [0] NCCL INFO Ring 01 : 7 -> 0 -> 1
[36m(WorkerDict pid=641914)[0m trial-302172199-trialrun-302172199-worker-0:641914:641914 [0] NCCL INFO Ring 02 : 7 -> 0 -> 1
[36m(WorkerDict pid=641914)[0m trial-302172199-trialrun-302172199-worker-0:641914:641914 [0] NCCL INFO Ring 03 : 7 -> 0 -> 1
[36m(WorkerDict pid=641914)[0m trial-302172199-trialrun-302172199-worker-0:641914:641914 [0] NCCL INFO Ring 04 : 7 -> 0 -> 1
[36m(WorkerDict pid=641914)[0m trial-302172199-trialrun-302172199-worker-0:641914:641914 [0] NCCL INFO Ring 05 : 7 -> 0 -> 1
[36m(WorkerDict pid=641914)[0m trial-302172199-trialrun-302172199-worker-0:641914:641914 [0] NCCL INFO Ring 06 : 7 -> 0 -> 1
[36m(WorkerDict pid=641914)[0m trial-302172199-trialrun-302172199-worker-0:641914:64191
[36m(WorkerDict pid=641922)[0m trial-302172199-trialrun-302172199-worker-0:641922:641922 [4] NCCL INFO Trees [0] 5/-1/-1->4->3 [1] 5/-1/-1->4->3 [2] 5/-1/-1->4->3 [3] 5/-1/-1->4->3 [4] 5/
[36m(WorkerDict pid=641916)[0m trial-302172199-trialrun-302172199-worker-0:641916:641916 [1] NCCL INFO P2P Chunksize set to 524288
[36m(WorkerDict pid=641916)[0m trial-302172199-trialrun-302172199-worker-0:641916:641916 [1] NCCL INFO PROFILER/Plugin: Could not find: libnccl-profiler.so
[36m(WorkerDict pid=641916)[0m trial-302172199-trialrun-302172199-worker-0:641916:641916 [1] NCCL INFO Check P2P Type isAllDirectP2p 1 directMode 0 isAllCudaP2p 1
[36m(WorkerDict pid=641916)[0m trial-302172199-trialrun-302172
[36m(WorkerDict pid=641914)[0m trial-302172199-trialrun-302172199-worker-0:641914:641914 [0] NCCL INFO ncclP2pSchedule: group size used is 8
[36m(WorkerDict pid=641914)[0m trial-302172199-trialrun-302172199-worker-0:641914:657512 [0] NCCL INFO [Proxy Service] Device 0 CPU core 158
[36m(WorkerDict pid=641914)[0m trial-302172199-trialrun-302172199-worker-0:641914:657517 [0] NCCL INFO [Proxy Service UDS] Device 0 CPU core 167
[36m(WorkerDict pid=641914)[0m trial-302172199-trialrun-302172199-worker-0:641914:641914 [0] NCCL INFO TUNER/Plugin: Could not find: libnccl-tuner.so
[36m(WorkerDict pid=641914)[0m trial-302172199-trialrun-302172199-worker-0:641914:641914 [0] NCCL INFO threadThresholds 8/8/64 | 64/8/64 | 512 | 512
[36m(WorkerDict pid=641914)[0m trial-302172199-trialrun-302172199-worker-0:641914:641914 [0] NCCL INFO 32 coll channels, 32 collnet channels, 24 nvls channels, 32 p2p channels, 32 p2p channels per 
[36m(WorkerDict pid=641914)[0m peer
[36m(WorkerDict pid=641914)[0m trial-302172199-trialrun-302172199-worker-0:641914:641914 [0] NCCL INFO CC Off, workFifoBytes 1048576
[36m(WorkerDict pid=641914)[0m trial-302172199-trialrun-302172199-worker-0:641914:641914 [0] NCCL INFO ncclCommInitRankConfig comm 0x103d3030 rank 0 nranks 8 cudaDev 0 nvmlDev 0 busId f000 commId 0xe8a1e27d538ecab7 - Init COMPLETE
[36m(WorkerDict pid=641914)[0m trial-302172199-trialrun-302172199-worker-0:641914:641914 [0] NCCL INFO Init timings - ncclCommInitRankConfig: rank 0 nranks 8 total 3.17 (kernels 0.30, alloc 0.73, bootstrap 0.21, allgathers 0.00, topo 1.41, graphs 0.03, connections 0.48, rest 0.00)
[36m(WorkerDict pid=641914)[0m trial-302172199-trialrun-302172199-worker-0:641914:641914 [0] NCCL INFO Channel 00/0 : 0[0] -> 1[1] via P2P/CUMEM
[36m(WorkerDict pid=641914)[0m trial-302172199-trialrun-302172199-worker-0:641914:641914 [0] NCCL INFO Channel 01/0 : 0[0] -> 1[1] via P2P/CUMEM
[36m(WorkerDict pid=641914)[0m trial-302172199-trialrun-302172199-worker-0:641914:641914 [0] NCCL INFO Channel 02/0 : 0[0] -> 1[1] via P2P/CUMEM
[36m(WorkerDict pid=641914)[0m trial-302172199-trialrun-302172199-worker-0:641914:641914 [0] NCCL INFO Channel 03/0 : 0[0] -> 1[1] via P2P/CUMEM
[36m(WorkerDict pid=641914)[0m trial-302172199-trialrun-302172199-worker-0:641914:641914 [0] NCCL INFO Channel 04/0 : 0[0] -> 1[1] via P2P/CUMEM
[36m(WorkerDict pid=641914)[0m trial-302172199-trialrun-302172199-worker-0:641914:641914 [0] NCCL INFO Channel 05/0 : 0[0] -> 1[1] via P2P/CUMEM
[36m(WorkerDict pid=641914)[0m trial-302172199-trialrun-302172199-worker-0:641914:641914 [0] NCCL INFO Channel 06/0 : 0[0] -> 1[1] via P2P/CUMEM
[36m(WorkerDict pid=641914)[0m trial-302172199-trialrun-302172199-worker-0:641914:641914 [0] NCCL INFO Channel 07/0 : 0[0] -> 1[1] via P2P/CUMEM
[36m(WorkerDict pid=641914)[0m trial-302172199-trialrun-302172199-worker-0:641914:641914 [0] NCCL INFO Channel 08/0 : 0[0] -> 1[1] via P2P/CUMEM
[36m(WorkerDict pid=641914)[0m trial-302172199-trialrun-302172199-worker-0:641914:641914 [0] NCCL INFO Channel 09/0 : 0[0] -> 1[1] via P2P/CUMEM
[36m(WorkerDict pid=641914)[0m trial-302172199-trialrun-302172199-worker-0:641914:641914 [0] NCCL INFO Channel 10/0 : 0[0] -> 1[1] via P2P/CUMEM
[36m(WorkerDict pid=641914)[0m trial-302172199-trialrun-302172199-worker-0:641914:641914 [0] NCCL INFO Channel 11/0 : 0[0] -> 1[1] via P2P/CUMEM
[36m(WorkerDict pid=641914)[0m trial-302172199-trialrun-302172199-worker-0:641914:641914 [0] NCCL INFO Channel 12/0 : 0[0] -> 1[1] via P2P/CUMEM
[36m(WorkerDict pid=641914)[0m trial-302172199-trialrun-302172199-worker-0:641914:641914 [0] NCCL INFO Channel 13/0 : 0[0] -> 1[1] via P2P/CUMEM
[36m(WorkerDict pid=641914)[0m trial-302172199-trialrun-302172199-worker-0:641914:641914 [0] NCCL INFO Channel 14/0 : 0[0] -> 1[1] via P2P/CUMEM
[36m(WorkerDict pid=641914)[0m trial-302172199-trialrun-302172199-worker-0:641914:641914 [0] NCCL INFO Channel 15/0 : 0[0] -> 1[1] via P2P/CUMEM
[36m(WorkerDict pid=641914)[0m trial-302172199-trialrun-302172199-worker-0:641914:641914 [0] NCCL INFO Channel 16/0 : 0[0] -> 1[1] via P2P/CUMEM
[36m(WorkerDict pid=641914)[0m trial-302172199-trialrun-302172199-worker-0:641914:641914 [0] NCCL INFO Channel 17/0 : 0[0] -> 1[1] via P2P/CUMEM
[36m(WorkerDict pid=641914)[0m trial-302172199-trialrun-302172199-worker-0:641914:641914 [0] NCCL INFO Channel 18/0 : 0[0] -> 1[1] via P2P/CUMEM
[36m(WorkerDict pid=641914)[0m trial-302172199-trialrun-302172199-worker-0:641914:641914 [0] NCCL INFO Channel 19/0 : 0[0] -> 1[1] via P2P/CUMEM
[36m(WorkerDict pid=641914)[0m trial-302172199-trialrun-302172199-worker-0:641914:641914 [0] NCCL INFO Channel 20/0 : 0[0] -> 1[1] via P2P/CUMEM
[36m(WorkerDict pid=641914)[0m trial-302172199-trialrun-302172199-worker-0:641914:641914 [0] NCCL INFO Channel 21/0 : 0[0] -> 1[1] via P2P/CUMEM
[36m(WorkerDict pid=641914)[0m trial-302172199-trialrun-302172199-worker-0:641914:641914 [0] NCCL INFO Channel 22/0 : 0[0] -> 1[1] via P2P/CUMEM
[36m(WorkerDict pid=641914)[0m trial-302172199-trialrun-302172199-worker-0:641914:641914 [0] NCCL INFO Channel 23/0 : 0[0] -> 1[1] via P2P/CUMEM
[36m(WorkerDict pid=641914)[0m trial-302172199-trialrun-302172199-worker-0:641914:641914 [0] NCCL INFO Channel 24/0 : 0[0] -> 1[1] via P2P/CUMEM
[36m(WorkerDict pid=641914)[0m trial-302172199-trialrun-302172199-worker-0:641914:641914 [0] NCCL INFO Channel 25/0 : 0[0] -> 1[1] via P2P/CUMEM
[36m(WorkerDict pid=641914)[0m trial-302172199-trialrun-302172199-worker-0:641914:641914 [0] NCCL INFO Channel 26/0 : 0[0] -> 1[1] via P2P/CUMEM
[36m(WorkerDict pid=641914)[0m trial-302172199-trialrun-302172199-worker-0:641914:641914 [0] NCCL INFO Channel 27/0 : 0[0] -> 1[1] via P2P/CUMEM
[36m(WorkerDict pid=641914)[0m trial-302172199-trialrun-302172199-worker-0:641914:641914 [0] NCCL INFO Channel 28/0 : 0[0] -> 1[1] via P2P/CUMEM
[36m(WorkerDict pid=641914)[0m trial-302172199-trialrun-302172199-worker-0:641914:641914 [0] NCCL INFO Channel 29/0 : 0[0] -> 1[1] via P2P/CUMEM
[36m(WorkerDict pid=641914)[0m trial-302172199-trialrun-302172199-worker-0:641914:641914 [0] NCCL INFO Channel 30/0 : 0[0] -> 1[1] via P2P/CUMEM
[36m(WorkerDict pid=641914)[0m tria
[36m(WorkerDict pid=641922)[0m -1/-1->4->3 [5] 5/-1/-1->4->3 [6] 5/-1/-1->4->3 [7] 5/-1/-1->4->3 [8] 5/-1/-1->4->3 [9] 5/-1/-1->4->3 [10] 5/-1/-1->4->3 [11] 5/-1/-1->4->3 [12] 5/-1/-1->4->3 [13] 5/-1/-1->4->3 [14] 5/-1/-1->4->3 [15] 5/-1/-1->4->3 [16] 5/-1/-1->4->3 [17] 5/-1/-1->4->3 [18] 5/-1/-1->4->3 [19] 5/-1/-1->4->3 [20] 5/-1/-1->4->3 [21] 5/-1/-1->4->3 [22] 5/-1/-1->4->3 [23] 5/-1/-1->4->3 [24] 5/-1/-1->4->3 [25] 5/-1/-1->4->3 [26] 5/-1/-1->4->3 [27] 5/-1/-1->4->3 [28] 5/-1/-1->4->3 [29] 5/-1/-1->4->3 [30] 5/-1/-1->4->3 [31] 5/-1/-1->4->3
[36m(WorkerDict pid=641922)[0m trial-302172199-trialrun-302172199-worker-0:641922:641922 [4] NCCL INFO 32 coll channels, 32 collnet channels, 24 nvls channels, 32 p2p channels, 32 p2p channels per peer
[36m(WorkerDict pid=641920)[0m -1/-1->5->4 [5] 6/-1/-1->5->4 [6] 6/-1/-1->5->4 [7] 6/-1/-1->5->4 [8] 6/-1/-1->5->4 [9] 6/-1/-1->5->4 [10] 6/-1/-1->5->4 [11] 6/-1/-1->5->4 [12] 6/-1/-1->5->4 [13] 6/-1/-1->5->4 [14] 6/-1/-1->5->4 [15] 6/-1/-1->5->4 [16] 6/-1/-1->5->4 [17] 6/-1/-1->5->4 [18] 6/-1/-1->5->4 [19] 6/-1/-1->5->4 [20] 6/-1/-1->5->4 [21] 6/-1/-1->5->4 [22] 6/-1/-1->5->4 [23] 6/-1/-1->5->4 [24] 6/-1/-1->5->4 [25] 6/-1/-1->5->4 [26] 6/-1/-1->5->4 [27] 6/-1/-1->5->4 [28] 6/-1/-1->5->4 [29] 6/-1/-1->5->4 [30] 6/-1/-1->5->4 [31] 6/-1/-1->5->4
[36m(WorkerDict pid=641916)[0m trial-302172199-trialrun-302172199-worker-0:641916:641916 [1] NCCL INFO Channel 25/0
[36m(WorkerDict pid=641919)[0m 1->2->1 [5] 3/-1/-1->2->1 [6] 3/-1/-1->2->1 [7] 3/-1/-1->2->1 [8] 3/-1/-1->2->1 [9] 3/-1/-1->2->1 [10] 3/-1/-1->2->1 [11] 3/-1/-1->2->1 [12] 3/-1/-1->2->1 [13] 3/-1/-1->2->1 [14] 3/-1/-1->2->1 [15] 3/-1/-1->2->1 [16] 3/-1/-1->2->1 [17] 3/-1/-1->2->1 [18] 3/-1/-1->2->1 [19] 3/-1/-1->2->1 [20] 3/-1/-1->2->1 [21] 3/-1/-1->2->1 [22] 3/-1/-1->2->1 [23] 3/-1/-1->2->1 [24] 3/-1/-1->2->1 [25] 3/-1/-1->2->1 [26] 3/-1/-1->2->1 [27] 3/-1/-1->2->1 [28] 3/-1/-1->2->1 [29] 3/-1/-1->2->1 [30] 3/-1/-1->2->1 [31] 3/-1/-1->2->1
[36m(WorkerDict pid=641919)[0m trial-302172199-trialrun-302172199-worker-0:641919:641919 [2] NCCL INFO Channel 17/0 : 2[2] -
[36m(WorkerDict pid=641915)[0m 1->3->2 [5] 4/-1/-1->3->2 [6] 4/-1/-1->3->2 [7] 4/-1/-1->3->2 [8] 4/-1/-1->3->2 [9] 4/-1/-1->3->2 [10] 4/-1/-1->3->2 [11] 4/-1/-1->3->2 [12] 4/-1/-1->3->2 [13] 4/-1/-1->3->2 [14] 4/-1/-1->3->2 [15] 4/-1/-1->3->2 [16] 4/-1/-1->3->2 [17] 4/-1/-1->3->2 [18] 4/-1/-1->3->2 [19] 4/-1/-1->3->2 [20] 4/-1/-1->3->2 [21] 4/-1/-1->3->2 [22] 4/-1/-1->3->2 [23] 4/-1/-1->3->2 [24] 4/-1/-1->3->2 [25] 4/-1/-1->3->2 [26] 4/-1/-1->3->2 [27] 4/-1/-1->3->2 [28] 4/-1/-1->3->2 [29] 4/-1/-1->3->2 [30] 4/-1/-1->3->2 [31] 4/-1/-1->3->2
[36m(WorkerDict pid=641924)[0m [4] -1/-1/-1->7->6 [5] -1/-1/-1->7->6 [6] -1/-1/-1->7->6 [7] -1/-1/-1->7->6 [8] -1/-1/-1->7->6 [9] -1/-1/-1->7->6 [10] -1/-1/-1->7->6 [11] -1/-1/-1->7->6 [12] -1/-1/-1->7->6 [13] -1/-1/-1->7->6 [14] -1/-1/-1->7->6 [15] -1/-1/-1->7->6 [16] -1/-1/-1->7->6 [17] -1/-1/-1->7->6 [18] -1/-1/-1->7->6 [19] -1/-1/-1->7->6 [20] -1/-1/-1->7->6 [21] -1/-1/-1->7->6 [22] -1/-1/-1->7->6 [23] -1/-1/-1->7->6 [24] -1/-1/-1->7->6 [25] -1/-1/-1->7->6 [26] -1/-1/-1->7->6 [27] -1/-1/-1->7->6 [28] -1/-1/-1->7->6 [29] -1/-1/-1->7->6 [30] -1/-1/-1->7->6 [31] -1/-1/-1->7->6
[36m(WorkerDict pid=641924)[0m trial-302172199-trialrun-302172199-worker-0:641924:64
[36m(WorkerDict pid=641923)[0m 7/-1/-1->6->5 [5] 7/-1/-1->6->5 [6] 7/-1/-1->6->5 [7] 7/-1/-1->6->5 [8] 7/-1/-1->6->5 [9] 7/-1/-1->6->5 [10] 7/-1/-1->6->5 [11] 7/-1/-1->6->5 [12] 7/-1/-1->6->5 [13] 7/-1/-1->6->5 [14] 7/-1/-1->6->5 [15] 7/-1/-1->6->5 [16] 7/-1/-1->6->5 [17] 7/-1/-1->6->5 [18] 7/-1/-1->6->5 [19] 7/-1/-1->6->5 [20] 7/-1/-1->6->5 [21] 7/-1/-1->6->5 [22] 7/-1/-1->6->5 [23] 7/-1/-1->6->5 [24] 7/-1/-1->6->5 [25] 7/-1/-1->6->5 [26] 7/-1/-1->6->5 [27] 7/-1/-1->6->5 [28] 7/-1/-1->6->5 [29] 7/-1/-1->6->5 [30] 7/-1/-1->6->5 [31] 7/-1/-1->6->5
[36m(WorkerDict pid=641914)[0m Actor use_remove_padding=True
[36m(WorkerDict pid=641914)[0m Actor use_fused_kernels=True
[36m(WorkerDict pid=641923)[0m Monkey patch _flash_attention_forward in transformers.integrations.flash_attention[32m [repeated 7x across cluster][0m
[36m(WorkerDict pid=641923)[0m Using Triton backend for fused kernels in Qwen2ForCausalLM[32m [repeated 7x across cluster][0m
[36m(WorkerDict pid=641923)[0m trial-302172199-trialrun-302172199-worker-0:641923:641923 [6] NCCL INFO ENV/Plugin: Could not find: libnccl-env.so[32m [repeated 7x across cluster][0m
[36m(WorkerDict pid=641923)[0m trial-302172199-trialrun-302172199-worker-0:641923:641923 [6] NCCL INFO NCCL_SOCKET_FAMILY set by environment to AF_INET6[32m [repeated 14x across cluster][0m
[36m(WorkerDict pid=641923)[0m trial-302172199-trialrun-302172199-worker-0:641923:641923 [6] NCCL INFO NCCL_SOCKET_IFNAME set by environment to =eth0[32m [repeated 14x across cluster][0m
[36m(WorkerDict pid=641923)[0m trial-302172199-trialrun-302172199-worker-0:641923:641923 [6] NCCL INFO cudaDriverVersion 13000[32m [repeated 7x across cluster][0m
[36m(WorkerDict pid=641923)[0m trial-302172199-trialrun-302172199-worker-0:641923:641923 [6] NCCL INFO NCCL version 2.28.9+cuda13.0[32m [repeated 7x across cluster][0m
[36m(WorkerDict pid=641923)[0m trial-302172199-trialrun-302172199-worker-0:641923:641923 [6] NCCL INFO Comm config Blocking set to 1[32m [repeated 7x across cluster][0m
[36m(WorkerDict pid=641923)[0m trial-302172199-trialrun-302172199-worker-0:641923:641923 [6] NCCL INFO NCCL_NET_PLUGIN set by environment to none[32m [repeated 7x across cluster][0m
[36m(WorkerDict pid=641923)[0m trial-302172199-trialrun-302172199-worker-0:641923:641923 [6] NCCL INFO NET/Socket : Using [0]eth0:fdbd:dc61:ff:f000:ffff:ffff:0:16<0>[32m [repeated 7x across cluster][0m
[36m(WorkerDict pid=641923)[0m trial-302172199-trialrun-302172199-worker-0:641923:641923 [6] NCCL INFO Initialized NET plugin Socket[32m [repeated 7x across cluster][0m
[36m(WorkerDict pid=641923)[0m trial-302172199-trialrun-302172199-worker-0:641923:641923 [6] NCCL INFO Assigned NET plugin Socket to comm[32m [repeated 7x across cluster][0m
[36m(WorkerDict pid=641923)[0m trial-302172199-trialrun-302172199-worker-0:641923:641923 [6] NCCL INFO Using network Socket[32m [repeated 7x across cluster][0m
[36m(WorkerDict pid=641923)[0m trial-302172199-trialrun-302172199-worker-0:641923:641923 [6] NCCL INFO ncclCommInitRankConfig comm 0x1046e7f0 rank 6 nranks 8 cudaDev 6 nvmlDev 6 busId c0000 commId 0xe8a1e27d538ecab7 - Init START[32m [repeated 7x across cluster][0m
[36m(WorkerDict pid=641923)[0m trial-302172199-trialrun-302172199-worker-0:641923:641923 [6] NCCL INFO RAS client listening socket at ::1<28028>[32m [repeated 7x across cluster][0m
[36m(WorkerDict pid=641923)[0m trial-302172199-trialrun-302172199-worker-0:641923:641923 [6] NCCL INFO MNNVL busId 0xc0000 fabric UUID 0.0 cliqueId 0x0 state 3 healthMask 0x80[32m [repeated 7x across cluster][0m
[36m(WorkerDict pid=641923)[0m trial-302172199-trialrun-302172199-worker-0:641923:641923 [6] NCCL INFO Could not find real path of /sys/class/pci_bus/fffffff/../../fffffff:ff:f[32m [repeated 7x across cluster][0m
[36m(WorkerDict pid=641923)[0m trial-302172199-trialrun-302172199-worker-0:641923:641923 [6] NCCL INFO TOPO/NET : Importing network plugins to topology[32m [repeated 7x across cluster][0m
[36m(WorkerDict pid=641923)[0m trial-302172199-trialrun-302172199-worker-0:641923:641923 [6] NCCL INFO ncclTopoPopulateNics : Filled eth0 in topo with pciPath=(null) keep=1 coll=(null)[32m [repeated 7x across cluster][0m
[36m(WorkerDict pid=641923)[0m trial-302172199-trialrun-302172199-worker-0:641923:641923 [6] NCCL INFO === System : maxBw 721.8 totalBw 721.8 ===[32m [repeated 7x across cluster][0m
[36m(WorkerDict pid=641923)[0m trial-302172199-trialrun-302172199-worker-0:641923:641923 [6] NCCL INFO NET/0-0 :GPU/0-f000 (4/1.2/PHB) GPU/0-2d000 (4/1.2/PHB) GPU/0-44000 (4/1.2/PHB) GPU/0-5b000 (4/1.2/PHB) GPU/0-89000 (5/1.2/SYS) GPU/0-a8000 (5/1.2/SYS) GPU/0-c0000 (5/1.2/SYS) GPU/0-d8000 (5/1.2/SYS) CPU/0-0 (2/1.2/PHB) CPU/0-1 (3/1.2/SYS) NET/0-0 (0/5000.0/LOC) NET/0-0 (0/0.0/DIS) [32m [repeated 84x across cluster][0m
[36m(WorkerDict pid=641923)[0m trial-302172199-trialrun-302172199-worker-0:641923:641923 [6] NCCL INFO + SYS[40.0] - CPU/0-0[32m [repeated 203x across cluster][0m
[36m(WorkerDict pid=641923)[0m trial-302172199-trialrun-302172199-worker-0:641923:641923 [6] NCCL INFO ==========================================[32m [repeated 7x across cluster][0m
[36m(WorkerDict pid=641923)[0m trial-302172199-trialrun-302172199-worker-0:641923:641923 [6] NCCL INFO ncclTopoGetCpuAffinity: Affinity for GPU 6 is 64-126,192-254. (GPU affinity = 64-127,192-255 ; CPU affinity = 0-62,64-126,128-190,192-254).[32m [repeated 7x across cluster][0m
[36m(WorkerDict pid=641923)[0m trial-302172199-trialrun-302172199-worker-0:641923:641923 [6] NCCL INFO NCCL_NVLS_ENABLE set by environment to 1.[32m [repeated 7x across cluster][0m
[36m(WorkerDict pid=641923)[0m trial-302172199-trialrun-302172199-worker-0:641923:641923 [6] NCCL INFO NVLS multicast support is available on dev 6 (NVLS_NCHANNELS 24)[32m [repeated 7x across cluster][0m
[36m(WorkerDict pid=641923)[0m trial-302172199-trialrun-302172199-worker-0:641923:641923 [6] NCCL INFO Pattern 5, crossNic 0, nChannels 8, bw 80.000000/90.000000, type NVL/PIX, sameChannels 0[32m [repeated 21x across cluster][0m
[36m(WorkerDict pid=641923)[0m trial-302172199-trialrun-302172199-worker-0:641923:641923 [6] NCCL INFO  7 : GPU/0-d8000[32m [repeated 280x across cluster][0m
[36m(WorkerDict pid=641923)[0m trial-302172199-trialrun-302172199-worker-0:641923:641923 [6] NCCL INFO comm 0x1046e7f0 rank 6 nRanks 8 nNodes 1 localRanks 8 localRank 6 MNNVL 0[32m [repeated 7x across cluster][0m
[36m(WorkerDict pid=641916)[0m trial-302172199-trialrun-302172199-worker-0:641916:641916 [1] NCCL INFO Tree 31 : 0 -> 1 -> 2/-1/-1[32m [repeated 32x across cluster][0m
[36m(WorkerDict pid=641923)[0m trial-302172199-trialrun-302172199-worker-0:641923:641923 [6] NCCL INFO Channel 17/0 :[32m [repeated 4x across cluster][0m
[36m(WorkerDict pid=641914)[0m trial-302172199-trialrun-302172199-worker-0:641914:641914 [0] NCCL INFO Ring 31 : 7 -> 0 -> 1[32m [repeated 249x across cluster][0m
[36m(WorkerDict pid=641914)[0m trial-302172199-trialrun-302172199-worker-0:641914:641914 [0] NCCL INFO Trees [0] 1/-1/-1->0->-1 [1] 1/-1/-1->0->-1 [2] 1/-1/-1->0->-1 [3] 1/-1/-1->0->-1 [4] 1/-1/-1->0->-1 [5] 1/-1/-1->0->-1 [6] 1/-1/-1->0->-1 [7] 1/-1/-1->0->-1 [8] 1/-1/-1->0->-1 [9] 1/-1/-1->0->-1 [10] 1/-1/-1->0->-1 [11] 1/-1/-1->0->-1 [12] 1/-1/-1->0->-1 [13] 1/-1/-1->0->-1 [14] 1/-1/-1->0->-1 [15] 1/-1/-1->0->-1 [16] 1/-1/-1->0->-1 [17] 1/-1/-1->0->-1 [18] 1/-1/-1->0->-1 [19] 1/-1/-1->0->-1 [20] 1/-1/-1->0->-1 [21] 1/-1/-1->0->-1 [22] 1/-1/-1->0->-1 [23] 1/-1/-1->0->-1 [24] 1/-1/-1->0->-1 [25] 1/-1/-1->0->-1 [26] 1/-1/-1->0->-1 [27] 1/-1/-1->0->-1 [28] 1/-1/-1->0->-1 [29] 1/-1/-1->0->-1 [30] 1/-1/-1->0->-1 [31] 1/-1/-1->0->-1[32m [repeated 7x across cluster][0m
[36m(WorkerDict pid=641923)[0m trial-302172199-trialrun-302172199-worker-0:641923:641923 [6] NCCL INFO P2P Chunksize set to 524288[32m [repeated 7x across cluster][0m
[36m(WorkerDict pid=641923)[0m trial-302172199-trialrun-302172199-worker-0:641923:641923 [6] NCCL INFO PROFILER/Plugin: Could not find: libnccl-profiler.so[32m [repeated 7x across cluster][0m
[36m(WorkerDict pid=641923)[0m trial-302172199-trialrun-302172199-worker-0:641923:641923 [6] NCCL INFO Check P2P Type isAllDirectP2p 1 directMode 0 isAllCudaP2p 1[32m [repeated 7x across cluster][0m
[36m(WorkerDict pid=641923)[0m trial-302172199-trialrun-302172199-worker-0:641923:641923 [6] NCCL INFO ncclP2pSchedule: group size used is 8[32m [repeated 7x across cluster][0m
[36m(WorkerDict pid=641923)[0m trial-302172199-trialrun-302172199-worker-0:641923:657511 [0] NCCL INFO [Proxy Service] Device 6 CPU core 199[32m [repeated 7x across cluster][0m
[36m(WorkerDict pid=641923)[0m trial-302172199-trialrun-302172199-worker-0:641923:657518 [0] NCCL INFO [Proxy Service UDS] Device 6 CPU core 70[32m [repeated 7x across cluster][0m
[36m(WorkerDict pid=641923)[0m trial-302172199-trialrun-302172199-worker-0:641923:641923 [6] NCCL INFO TUNER/Plugin: Could not find: libnccl-tuner.so[32m [repeated 7x across cluster][0m
[36m(WorkerDict pid=641923)[0m trial-302172199-trialrun-302172199-worker-0:641923:641923 [6] NCCL INFO threadThresholds 8/8/64 | 64/8/64 | 512 | 512[32m [repeated 7x across cluster][0m
[36m(WorkerDict pid=641914)[0m Model config after override: Qwen2Config {
[36m(WorkerDict pid=641914)[0m   "architectures": [
[36m(WorkerDict pid=641914)[0m     "Qwen2ForCausalLM"
[36m(WorkerDict pid=641914)[0m   ],
[36m(WorkerDict pid=641914)[0m   "attention_dropout": 0.0,
[36m(WorkerDict pid=641914)[0m   "bos_token_id": null,
[36m(WorkerDict pid=641914)[0m   "dtype": "bfloat16",
[36m(WorkerDict pid=641914)[0m   "eos_token_id": 151643,
[36m(WorkerDict pid=641914)[0m   "hidden_act": "silu",
[36m(WorkerDict pid=641914)[0m   "hidden_size": 3584,
[36m(WorkerDict pid=641914)[0m   "initializer_range": 0.02,
[36m(WorkerDict pid=641914)[0m   "intermediate_size": 18944,
[36m(WorkerDict pid=641914)[0m   "layer_types": [
[36m(WorkerDict pid=641914)[0m     "full_attention",
[36m(WorkerDict pid=641914)[0m     "full_attention",
[36m(WorkerDict pid=641914)[0m     "full_attention",
[36m(WorkerDict pid=641914)[0m     "full_attention",
[36m(WorkerDict pid=641914)[0m     "full_attention",
[36m(WorkerDict pid=641914)[0m     "full_attention",
[36m(WorkerDict pid=641914)[0m     "full_attention",
[36m(WorkerDict pid=641914)[0m     "full_attention",
[36m(WorkerDict pid=641914)[0m     "full_attention",
[36m(WorkerDict pid=641914)[0m     "full_attention",
[36m(WorkerDict pid=641914)[0m     "full_attention",
[36m(WorkerDict pid=641914)[0m     "full_attention",
[36m(WorkerDict pid=641914)[0m     "full_attention",
[36m(WorkerDict pid=641914)[0m     "full_attention",
[36m(WorkerDict pid=641914)[0m     "full_attention",
[36m(WorkerDict pid=641914)[0m     "full_attention",
[36m(WorkerDict pid=641914)[0m     "full_attention",
[36m(WorkerDict pid=641914)[0m     "full_attention",
[36m(WorkerDict pid=641914)[0m     "full_attention",
[36m(WorkerDict pid=641914)[0m     "full_attention",
[36m(WorkerDict pid=641914)[0m     "full_attention",
[36m(WorkerDict pid=641914)[0m     "full_attention",
[36m(WorkerDict pid=641914)[0m     "full_attention",
[36m(WorkerDict pid=641914)[0m     "full_attention",
[36m(WorkerDict pid=641914)[0m     "full_attention",
[36m(WorkerDict pid=641914)[0m     "full_attention",
[36m(WorkerDict pid=641914)[0m     "full_attention",
[36m(WorkerDict pid=641914)[0m     "full_attention"
[36m(WorkerDict pid=641914)[0m   ],
[36m(WorkerDict pid=641914)[0m   "max_position_embeddings": 4096,
[36m(WorkerDict pid=641914)[0m   "max_window_layers": 28,
[36m(WorkerDict pid=641914)[0m   "model_type": "qwen2",
[36m(WorkerDict pid=641914)[0m   "num_attention_heads": 28,
[36m(WorkerDict pid=641914)[0m   "num_hidden_layers": 28,
[36m(WorkerDict pid=641914)[0m   "num_key_value_heads": 4,
[36m(WorkerDict pid=641914)[0m   "pad_token_id": 151643,
[36m(WorkerDict pid=641914)[0m   "rms_norm_eps": 1e-06,
[36m(WorkerDict pid=641914)[0m   "rope_parameters": {
[36m(WorkerDict pid=641914)[0m     "rope_theta": 10000,
[36m(WorkerDict pid=641914)[0m     "rope_type": "default"
[36m(WorkerDict pid=641914)[0m   },
[36m(WorkerDict pid=641914)[0m   "sliding_window": null,
[36m(WorkerDict pid=641914)[0m   "tie_word_embeddings": false,
[36m(WorkerDict pid=641914)[0m   "transformers_version": "5.12.1",
[36m(WorkerDict pid=641914)[0m   "use_cache": true,
[36m(WorkerDict pid=641914)[0m   "use_mrope": false,
[36m(WorkerDict pid=641924)[0m WARNING:2026-08-02 09:00:56,616:Initializing torch.distributed: rank=7 world_size=8 init_method=tcp://[fdbd:dc61:ff:f000:ffff:ffff:0:16]:49531 master=fdbd:dc61:ff:f000:ffff:ffff:0:16:49531[32m [repeated 7x across cluster][0m
[36m(WorkerDict pid=641923)[0m [W802 09:00:56.943580035 ProcessGroupNCCL.cpp:932] Warning: TORCH_NCCL_AVOID_RECORD_STREAMS is the default now, this environment variable is thus deprecated. (function operator())[32m [repeated 7x across cluster][0m
[36m(WorkerDict pid=641924)[0m Loading weights:   0%|          | 0/339 [00:00<?, ?it/s]Loading weights: 100%|██████████| 339/339 [00:00<00:00, 12884.03it/s][32m [repeated 6x across cluster][0m
[36m(WorkerDict pid=641914)[0m Loading weights:   0%|          | 0/339 [00:00<?, ?it/s]
[36m(WorkerDict pid=641920)[0m Loading weights:   0%|          | 0/339 [00:00<?, ?it/s]
[36m(WorkerDict pid=641914)[0m Loading weights:   0%|          | 1/339 [00:01<05:52,  1.04s/it]
[36m(WorkerDict pid=641914)[0m Loading weights:  93%|█████████▎| 316/339 [00:03<00:00, 109.07it/s]
[36m(WorkerDict pid=641914)[0m Loading weights:  97%|█████████▋| 329/339 [00:03<00:00, 107.47it/s]Loading weights: 100%|██████████| 339/339 [00:03<00:00, 91.00it/s] 
[36m(WorkerDict pid=641924)[0m Loading weights:   0%|          | 0/339 [00:00<?, ?it/s][32m [repeated 6x across cluster][0m
[36m(WorkerDict pid=641914)[0m WARNING:2026-08-02 09:01:24,945:Dropping unsupported vLLM engine kwargs for this version: ['disable_mm_preprocessor_cache']
[36m(WorkerDict pid=641924)[0m Loading weights:  90%|████████▉ | 305/339 [00:05<00:00, 63.94it/s][32m [repeated 226x across cluster][0m
[36m(WorkerDict pid=641924)[0m Loading weights: 100%|██████████| 339/339 [00:05<00:00, 58.07it/s][32m [repeated 18x across cluster][0m
[36m(WorkerDict pid=641922)[0m Loading weights:  98%|█████████▊| 333/339 [00:05<00:00, 65.60it/s]Loading weights: 100%|██████████| 339/339 [00:05<00:00, 59.19it/s][32m [repeated 4x across cluster][0m
[36m(WorkerDict pid=641914)[0m /mlx_devbox/users/quyanyi/playground/.venvs/ttrl_b200/lib/python3.11/site-packages/nvidia_cutlass_dsl/python_packages/cutlass/cute/core.py:5791: DeprecationWarning: Use explicit `struct.scalar.ptr` for pointer instead.
[36m(WorkerDict pid=641914)[0m   warnings.warn(
[36m(WorkerDict pid=641924)[0m WARNING:2026-08-02 09:01:24,944:Dropping unsupported vLLM engine kwargs for this version: ['disable_mm_preprocessor_cache'][32m [repeated 7x across cluster][0m
[36m(WorkerDict pid=641914)[0m 2026-08-02 09:01:55,118 - INFO - autotuner.py:622 - flashinfer.jit: [Autotuner]: Autotuning process starts ...
[36m(WorkerDict pid=641914)[0m 2026-08-02 09:01:55,138 - INFO - autotuner.py:641 - flashinfer.jit: [Autotuner]: Autotuning process ends
[36m(WorkerDict pid=641914)[0m /mlx_devbox/users/quyanyi/playground/.venvs/ttrl_b200/lib/python3.11/site-packages/nvidia_cutlass_dsl/python_packages/cutlass/cute/core.py:5791: DeprecationWarning: Use explicit `struct.scalar.ptr` for pointer instead.[32m [repeated 103x across cluster][0m
[36m(WorkerDict pid=641914)[0m   warnings.warn([32m [repeated 103x across cluster][0m
[36m(WorkerDict pid=641914)[0m Capturing CUDA graphs (mixed prefill-decode, PIECEWISE):   0%|          | 0/51 [00:00<?, ?it/s]
[36m(WorkerDict pid=641914)[0m Capturing CUDA graphs (mixed prefill-decode, PIECEWISE):   8%|▊         | 4/51 [00:00<00:01, 34.07it/s]
[36m(WorkerDict pid=641914)[0m Capturing CUDA graphs (mixed prefill-decode, PIECEWISE):  16%|█▌        | 8/51 [00:00<00:01, 33.17it/s]
[36m(WorkerDict pid=641914)[0m Capturing CUDA graphs (mixed prefill-decode, PIECEWISE):  24%|██▎       | 12/51 [00:00<00:01, 32.42it/s]
[36m(WorkerDict pid=641914)[0m Capturing CUDA graphs (mixed prefill-decode, PIECEWISE):  31%|███▏      | 16/51 [00:00<00:01, 30.82it/s]
[36m(WorkerDict pid=641914)[0m Capturing CUDA graphs (mixed prefill-decode, PIECEWISE):  39%|███▉      | 20/51 [00:00<00:00, 31.03it/s]
[36m(WorkerDict pid=641914)[0m Capturing CUDA graphs (mixed prefill-decode, PIECEWISE):  47%|████▋     | 24/51 [00:00<00:00, 29.86it/s]
[36m(WorkerDict pid=641914)[0m Capturing CUDA graphs (mixed prefill-decode, PIECEWISE):  53%|█████▎    | 27/51 [00:00<00:00, 29.77it/s]
[36m(WorkerDict pid=641914)[0m Capturing CUDA graphs (mixed prefill-decode, PIECEWISE):  59%|█████▉    | 30/51 [00:00<00:00, 29.09it/s]
[36m(WorkerDict pid=641914)[0m Capturing CUDA graphs (mixed prefill-decode, PIECEWISE):  65%|██████▍   | 33/51 [00:01<00:00, 28.19it/s]
[36m(WorkerDict pid=641914)[0m Capturing CUDA graphs (mixed prefill-decode, PIECEWISE):  73%|███████▎  | 37/51 [00:01<00:00, 28.68it/s]
[36m(WorkerDict pid=641914)[0m Capturing CUDA graphs (mixed prefill-decode, PIECEWISE):  78%|███████▊  | 40/51 [00:01<00:00, 28.59it/s]
[36m(WorkerDict pid=641914)[0m Capturing CUDA graphs (mixed prefill-decode, PIECEWISE):  84%|████████▍ | 43/51 [00:01<00:00, 28.40it/s]
[36m(WorkerDict pid=641914)[0m Capturing CUDA graphs (mixed prefill-decode, PIECEWISE):  90%|█████████ | 46/51 [00:01<00:00, 28.18it/s]
[36m(WorkerDict pid=641914)[0m Capturing CUDA graphs (mixed prefill-decode, PIECEWISE):  96%|█████████▌| 49/51 [00:01<00:00, 28.57it/s]Capturing CUDA graphs (mixed prefill-decode, PIECEWISE): 100%|██████████| 51/51 [00:01<00:00, 29.20it/s]
[36m(WorkerDict pid=641914)[0m Capturing CUDA graphs (decode, FULL):   0%|          | 0/51 [00:00<?, ?it/s]
[36m(WorkerDict pid=641914)[0m Capturing CUDA graphs (decode, FULL):   6%|▌         | 3/51 [00:00<00:01, 29.16it/s]
[36m(WorkerDict pid=641914)[0m Capturing CUDA graphs (decode, FULL):  14%|█▎        | 7/51 [00:00<00:01, 31.13it/s]Capturing CUDA graphs (decode, FULL):  22%|██▏       | 11/51 [00:00<00:01, 34.55it/s]
[36m(WorkerDict pid=641914)[0m Capturing CUDA graphs (decode, FULL):  29%|██▉       | 15/51 [00:00<00:00, 36.17it/s]
[36m(WorkerDict pid=641914)[0m Capturing CUDA graphs (decode, FULL):  37%|███▋      | 19/51 [00:00<00:00, 36.80it/s]
[36m(WorkerDict pid=641914)[0m Capturing CUDA graphs (decode, FULL):  45%|████▌     | 23/51 [00:00<00:00, 37.16it/s]
[36m(WorkerDict pid=641914)[0m Capturing CUDA graphs (decode, FULL):  53%|█████▎    | 27/51 [00:00<00:00, 37.39it/s]
[36m(WorkerDict pid=641914)[0m Capturing CUDA graphs (decode, FULL):  61%|██████    | 31/51 [00:00<00:00, 37.57it/s]
[36m(WorkerDict pid=641914)[0m Capturing CUDA graphs (decode, FULL):  69%|██████▊   | 35/51 [00:00<00:00, 37.20it/s]
[36m(WorkerDict pid=641914)[0m Capturing CUDA graphs (decode, FULL):  76%|███████▋  | 39/51 [00:01<00:00, 35.63it/s]
[36m(WorkerDict pid=641914)[0m Capturing CUDA graphs (decode, FULL):  84%|████████▍ | 43/51 [00:01<00:00, 36.37it/s]
[36m(WorkerDict pid=641924)[0m 2026-08-02 09:01:55,117 - INFO - autotuner.py:622 - flashinfer.jit: [Autotuner]: Autotuning process starts ...[32m [repeated 7x across cluster][0m
[36m(WorkerDict pid=641924)[0m 2026-08-02 09:01:55,138 - INFO - autotuner.py:641 - flashinfer.jit: [Autotuner]: Autotuning process ends[32m [repeated 7x across cluster][0m
[36m(WorkerDict pid=641914)[0m /mlx_devbox/users/quyanyi/playground/.venvs/ttrl_b200/lib/python3.11/site-packages/nvidia_cutlass_dsl/python_packages/cutlass/cute/core.py:5791: DeprecationWarning: Use explicit `struct.scalar.ptr` for pointer instead.[32m [repeated 2x across cluster][0m
[36m(WorkerDict pid=641914)[0m   warnings.warn([32m [repeated 2x across cluster][0m
[36m(WorkerDict pid=641914)[0m Capturing CUDA graphs (decode, FULL):  92%|█████████▏| 47/51 [00:12<00:03,  1.15it/s]
[36m(WorkerDict pid=641923)[0m /mlx_devbox/users/quyanyi/playground/.venvs/ttrl_b200/lib/python3.11/site-packages/nvidia_cutlass_dsl/python_packages/cutlass/cute/core.py:5791: DeprecationWarning: Use explicit `struct.scalar.ptr` for pointer instead.[32m [repeated 102x across cluster][0m
[36m(WorkerDict pid=641923)[0m   warnings.warn([32m [repeated 102x across cluster][0m
[36m(WorkerDict pid=641914)[0m Capturing CUDA graphs (decode, FULL): 100%|██████████| 51/51 [00:12<00:00,  1.63it/s]Capturing CUDA graphs (decode, FULL): 100%|██████████| 51/51 [00:12<00:00,  4.10it/s]
[36m(WorkerDict pid=641919)[0m /mlx_devbox/users/quyanyi/playground/TTRL/verl/verl/workers/sharding_manager/fsdp_vllm.py:97: FutureWarning: FSDP.state_dict_type() and FSDP.set_state_dict_type() are being deprecated. Please use APIs, get_state_dict() and set_state_dict(), which can support different parallelisms, FSDP1, FSDP2, DDP. API doc: https://pytorch.org/docs/stable/distributed.checkpoint.html#torch.distributed.checkpoint.state_dict.get_state_dict .Tutorial: https://pytorch.org/tutorials/recipes/distributed_checkpoint_recipe.html .
[36m(WorkerDict pid=641919)[0m   FSDP.set_state_dict_type(
[36m(TaskRunner pid=641918)[0m Training Progress:   0%|          | 0/20 [00:00<?, ?it/s]
[36m(WorkerDict pid=641914)[0m /mlx_devbox/users/quyanyi/playground/.venvs/ttrl_b200/lib/python3.11/site-packages/nvidia_cutlass_dsl/python_packages/cutlass/cute/core.py:5791: DeprecationWarning: Use explicit `struct.scalar.ptr` for pointer instead.[32m [repeated 3x across cluster][0m
[36m(WorkerDict pid=641914)[0m   warnings.warn([32m [repeated 3x across cluster][0m
[36m(WorkerDict pid=641923)[0m /mlx_devbox/users/quyanyi/playground/TTRL/verl/verl/workers/sharding_manager/fsdp_vllm.py:97: FutureWarning: FSDP.state_dict_type() and FSDP.set_state_dict_type() are being deprecated. Please use APIs, get_state_dict() and set_state_dict(), which can support different parallelisms, FSDP1, FSDP2, DDP. API doc: https://pytorch.org/docs/stable/distributed.checkpoint.html#torch.distributed.checkpoint.state_dict.get_state_dict .Tutorial: https://pytorch.org/tutorials/recipes/distributed_checkpoint_recipe.html .[32m [repeated 7x across cluster][0m
[36m(WorkerDict pid=641923)[0m   FSDP.set_state_dict_type([32m [repeated 7x across cluster][0m
[36m(TaskRunner pid=641918)[0m <string>:1: SymPyDeprecationWarning: 
[36m(TaskRunner pid=641918)[0m 
[36m(TaskRunner pid=641918)[0m Using non-Expr arguments in Pow is deprecated (in this case, one of the
[36m(TaskRunner pid=641918)[0m arguments is of type 'FiniteSet').
[36m(TaskRunner pid=641918)[0m 
[36m(TaskRunner pid=641918)[0m If you really did intend to construct a power with this base, use the **
[36m(TaskRunner pid=641918)[0m operator instead.
[36m(TaskRunner pid=641918)[0m 
[36m(TaskRunner pid=641918)[0m See https://docs.sympy.org/latest/explanation/active-deprecations.html#non-expr-args-deprecated
[36m(TaskRunner pid=641918)[0m for details.
[36m(TaskRunner pid=641918)[0m 
[36m(TaskRunner pid=641918)[0m This has been deprecated since SymPy version 1.7. It
[36m(TaskRunner pid=641918)[0m will be removed in a future version of SymPy.
[36m(TaskRunner pid=641918)[0m 
[36m(TaskRunner pid=641918)[0m /mlx_devbox/users/quyanyi/playground/.venvs/ttrl_b200/lib/python3.11/site-packages/sympy/core/basic.py:1949: SymPyDeprecationWarning: 
[36m(TaskRunner pid=641918)[0m 
[36m(TaskRunner pid=641918)[0m Using non-Expr arguments in Pow is deprecated (in this case, one of the
[36m(TaskRunner pid=641918)[0m arguments is of type 'FiniteSet').
[36m(TaskRunner pid=641918)[0m 
[36m(TaskRunner pid=641918)[0m If you really did intend to construct a power with this base, use the **
[36m(TaskRunner pid=641918)[0m operator instead.
[36m(TaskRunner pid=641918)[0m 
[36m(TaskRunner pid=641918)[0m See https://docs.sympy.org/latest/explanation/active-deprecations.html#non-expr-args-deprecated
[36m(TaskRunner pid=641918)[0m for details.
[36m(TaskRunner pid=641918)[0m 
[36m(TaskRunner pid=641918)[0m This has been deprecated since SymPy version 1.7. It
[36m(TaskRunner pid=641918)[0m will be removed in a future version of SymPy.
[36m(TaskRunner pid=641918)[0m 
[36m(TaskRunner pid=641918)[0m   return self.func(*terms)
[36m(WorkerDict pid=641924)[0m /mlx_devbox/users/quyanyi/playground/.venvs/ttrl_b200/lib/python3.11/site-packages/nvidia_cutlass_dsl/python_packages/cutlass/cute/core.py:5791: DeprecationWarning: Use explicit `struct.scalar.ptr` for pointer instead.[32m [repeated 101x across cluster][0m
[36m(WorkerDict pid=641924)[0m   warnings.warn([32m [repeated 101x across cluster][0m
[36m(TaskRunner pid=641918)[0m <string>:1: SymPyDeprecationWarning: 
[36m(TaskRunner pid=641918)[0m 
[36m(TaskRunner pid=641918)[0m Using non-Expr arguments in Pow is deprecated (in this case, one of the
[36m(TaskRunner pid=641918)[0m arguments is of type 'FiniteSet').
[36m(TaskRunner pid=641918)[0m 
[36m(TaskRunner pid=641918)[0m If you really did intend to construct a power with this base, use the **
[36m(TaskRunner pid=641918)[0m operator instead.
[36m(TaskRunner pid=641918)[0m 
[36m(TaskRunner pid=641918)[0m See https://docs.sympy.org/latest/explanation/active-deprecations.html#non-expr-args-deprecated
[36m(TaskRunner pid=641918)[0m for details.
[36m(TaskRunner pid=641918)[0m 
[36m(TaskRunner pid=641918)[0m This has been deprecated since SymPy version 1.7. It
[36m(TaskRunner pid=641918)[0m will be removed in a future version of SymPy.
[36m(TaskRunner pid=641918)[0m 
[36m(TaskRunner pid=641918)[0m /mlx_devbox/users/quyanyi/playground/.venvs/ttrl_b200/lib/python3.11/site-packages/sympy/core/power.py:1257: SymPyDeprecationWarning: 
[36m(TaskRunner pid=641918)[0m 
[36m(TaskRunner pid=641918)[0m Using non-Expr arguments in Pow is deprecated (in this case, one of the
[36m(TaskRunner pid=641918)[0m arguments is of type 'FiniteSet').
[36m(TaskRunner pid=641918)[0m 
[36m(TaskRunner pid=641918)[0m If you really did intend to construct a power with this base, use the **
[36m(TaskRunner pid=641918)[0m operator instead.
[36m(TaskRunner pid=641918)[0m 
[36m(TaskRunner pid=641918)[0m See https://docs.sympy.org/latest/explanation/active-deprecations.html#non-expr-args-deprecated
[36m(TaskRunner pid=641918)[0m for details.
[36m(TaskRunner pid=641918)[0m 
[36m(TaskRunner pid=641918)[0m This has been deprecated since SymPy version 1.7. It
[36m(TaskRunner pid=641918)[0m will be removed in a future version of SymPy.
[36m(TaskRunner pid=641918)[0m 
[36m(TaskRunner pid=641918)[0m   p = self.func(*self.as_base_exp())  # in case it's unevaluated
[36m(TaskRunner pid=641918)[0m WARNING:2026-08-02 09:02:57,992:Timeout during comparison
[36m(TaskRunner pid=641918)[0m WARNING:2026-08-02 09:03:48,936:Timeout during comparison
[36m(TaskRunner pid=641918)[0m WARNING:2026-08-02 09:03:53,810:Timeout during comparison
[36m(WorkerDict pid=641914)[0m   "use_sliding_window": false,
[36m(WorkerDict pid=641914)[0m   "vocab_size": 152064
[36m(WorkerDict pid=641914)[0m }
[36m(WorkerDict pid=641914)[0m 
[36m(WorkerDict pid=641923)[0m trial-302172199-trialrun-302172199-worker-0:641923:641923 [6] NCCL INFO ncclCommInitRankConfig comm 0x1046e7f0 rank 6 nranks 8 cudaDev 6 nvmlDev 6 busId c0000 commId 0xe8a1e27d538ecab7 - Init COMPLETE[32m [repeated 7x across cluster][0m
[36m(WorkerDict pid=641923)[0m trial-302172199-trialrun-302172199-worker-0:641923:641923 [6] NCCL INFO Init timings - ncclCommInitRankConfig: rank 6 nranks 8 total 3.17 (kernels 0.29, alloc 0.74, bootstrap 0.21, allgathers 0.00, topo 1.41, graphs 0.03, connections 0.49, rest 0.00)[32m [repeated 7x across cluster][0m
[36m(WorkerDict pid=641923)[0m trial-302172199-trialrun-302172199-worker-0:641923:641923 [6] NCCL INFO Channel 16/0 : 6[6] -> 7[7] via P2P/CUMEM[32m [repeated 127x across cluster][0m
[36m(WorkerDict pid=641923)[0m trial-302172199-trialrun-302172199-worker-0:641923:641923 [6] NCCL INFO 32 coll channels, 32 collnet channels, 24 nvls channels, 32 p2p channels, 32 p2p channels per peer[32m [repeated 6x across cluster][0m
[36m(WorkerDict pid=641914)[0m actor attention implementation verified: sdpa
[36m(WorkerDict pid=641914)[0m [PowerFlow] Added proj_z (layers=3, hidden=3584, init_offset=1.08)
[36m(WorkerDict pid=641914)[0m Monkey patch _flash_attention_forward in transformers.integrations.flash_attention
[36m(WorkerDict pid=641914)[0m Using Triton backend for fused kernels in Qwen2ForCausalLM
[36m(WorkerDict pid=641914)[0m Qwen2ForCausalLM contains 7.64B parameters
[36m(WorkerDict pid=641914)[0m [PowerFlow] Updated auto_wrap_policy to wrap ProjZModule
[36m(WorkerDict pid=641914)[0m wrap_policy: <function ActorRolloutRefWorker._build_model_optimizer.<locals>.powerflow_wrap_policy at 0x7f3ad3dbdb20>
[36m(WorkerDict pid=641914)[0m Total steps: 20, num_warmup_steps: 0
[36m(WorkerDict pid=641914)[0m Actor use_remove_padding=True
[36m(WorkerDict pid=641914)[0m Actor use_fused_kernels=True
[36m(WorkerDict pid=641924)[0m Monkey patch _flash_attention_forward in transformers.integrations.flash_attention[32m [repeated 7x across cluster][0m
[36m(WorkerDict pid=641924)[0m Using Triton backend for fused kernels in Qwen2ForCausalLM[32m [repeated 7x across cluster][0m
[36m(WorkerDict pid=641916)[0m kwargs: {'n': 1, 'logprobs': 1, 'max_tokens': 3072, 'repetition_penalty': 1.0, 'detokenize': False, 'temperature': 1.0, 'top_k': -1, 'top_p': 1, 'ignore_eos': False}
[36m(TaskRunner pid=641918)[0m Checkpoint tracker file does not exist: /tmp/ttrl_b200/checkpoints/ttrl_chunk_state_powerflow_futuregain_posteriormatch_highmassanchors_v12_mid_c128_probe1536x4_b32_r32_v64_20step_20260802/latest_checkpointed_iteration.txt
[36m(TaskRunner pid=641918)[0m Training from scratch
[36m(WorkerDict pid=641914)[0m WARNING 08-02 09:02:11 [jit_monitor.py:106] Triton kernel JIT compilation during inference: _compute_slot_mapping_kernel. This causes a latency spike; consider extending warmup to cover this shape/config.
[36m(TaskRunner pid=641918)[0m [Shutdown] 5 subprocess(es) terminated.
[36m(WorkerDict pid=641923)[0m kwargs: {'n': 1, 'logprobs': 1, 'max_tokens': 3072, 'repetition_penalty': 1.0, 'detokenize': False, 'temperature': 1.0, 'top_k': -1, 'top_p': 1, 'ignore_eos': False}[32m [repeated 7x across cluster][0m
[36m(TaskRunner pid=641918)[0m [Shutdown] 5 subprocess(es) terminated.
[36m(TaskRunner pid=641918)[0m [Shutdown] 57 subprocess(es) terminated.
[36m(WorkerDict pid=641914)[0m WARNING 08-02 09:03:58 [jit_monitor.py:106] Triton kernel JIT compilation during inference: efficient_entropy_kernel_general_mainloop. This causes a latency spike; consider extending warmup to cover this shape/config.
[36m(WorkerDict pid=641914)[0m WARNING 08-02 09:03:58 [jit_monitor.py:106] Triton kernel JIT compilation during inference: efficient_entropy_triton_kernel_epilogue. This causes a latency spike; consider extending warmup to cover this shape/config.
[36m(WorkerDict pid=641914)[0m WARNING 08-02 09:03:59 [jit_monitor.py:106] Triton kernel JIT compilation during inference: efficient_entropy_backward_kernel_general_d_logits_split_N. This causes a latency spike; consider extending warmup to cover this shape/config.
[36m(TaskRunner pid=641918)[0m step:1 - chunk_state_source/selected_original_acc_mean:1.000 - chunk_state_source/prompt_original_pass:0.875 - chunk_state_source/prompt_original_mean:0.344 - chunk_state_source/selected_majority_consistent_mean:1.000 - chunk_state_source/prompt_majority_ratio_mean:0.356 - chunk_state_source/prompt_majority_pass:1.000 - chunk_state_source_chunk/enabled:1.000 - chunk_state_source_chunk/injected_ratio:1.000 - chunk_state_source_chunk/mean_len:128.000 - chunk_state_source_chunk/candidate_index:0.000 - chunk_state_support_anchor/enabled:1.000 - chunk_state_support_anchor/count:7.000 - chunk_state_support_anchor/candidate_start:1.000 - chunk_state_support_anchor/min_mass:0.100 - chunk_state_support_anchor/selection_mode_answer_stratified:0.000 - chunk_state_support_anchor/prefix_compat_enable:0.000 - chunk_state_support_anchor/prefix_compat_mode_hard:1.000 - chunk_state_support_anchor/prefix_compat_mode_soft:0.000 - chunk_state_support_anchor/prefix_compat_tokens:128.000 - chunk_state_support_anchor/min_prefix_match:0.750 - chunk_state_support_anchor/prefix_score_power:1.000 - chunk_state_support_anchor/skip_source:1.000 - chunk_state_support_anchor/injected_ratio:0.625 - chunk_state_support_anchor/state_keep_ratio:1.000 - chunk_state_support_anchor/skipped_no_anchor_ratio:0.000 - chunk_state_support_anchor/skipped_by_compat_ratio:0.000 - chunk_state_support_anchor/skipped_source_ratio:0.031 - chunk_state_support_anchor/score_mean:0.385 - chunk_state_support_anchor/positive_candidate_ratio:0.547 - chunk_state_support_anchor/prefix_match_mean:1.000 - chunk_state_support_anchor/prefix_match_min:1.000 - chunk_state_support_anchor/anchor_mass_mean:0.704 - chunk_state_support_anchor/anchor_mass_max:0.808 - chunk_state_support_anchor/anchor_len_mean:82.457 - chunk_state_support_anchor/unique_answer_ratio:0.237 - chunk_state_support_anchor/selected_rank_mean:1.800 - chunk_state_future_support_gain/group_size:32.000 - chunk_state_future_support_gain/min_mass:0.031 - chunk_state_future_support_gain/max_mass_coef:0.250 - chunk_state_future_support_gain/score_type_slack_gain:0.000 - chunk_state_future_support_gain/score_type_positive_gain:0.000 - chunk_state_future_support_gain/score_type_relative_positive_gain:0.000 - chunk_state_future_support_gain/score_type_tv_positive_gain:0.000 - chunk_state_future_support_gain/score_type_relative_tv_positive_gain:0.000 - chunk_state_future_support_gain/score_type_transport_affinity:0.000 - chunk_state_future_support_gain/score_type_transport_positive_gain:0.000 - chunk_state_future_support_gain/score_type_transport_support_gain:0.000 - chunk_state_future_support_gain/score_type_smoothed_transport_affinity:0.000 - chunk_state_future_support_gain/score_type_smoothed_transport_positive_gain:0.000 - chunk_state_future_support_gain/score_type_smoothed_transport_support_gain:0.000 - chunk_state_future_support_gain/score_type_support_value_affinity:0.000 - chunk_state_future_support_gain/score_type_support_distribution_match:0.000 - chunk_state_future_support_gain/score_type_posterior_support_match:1.000 - chunk_state_future_support_gain/score_type_posterior_value_improvement:0.000 - chunk_state_future_support_gain/gain_slack:0.125 - chunk_state_future_support_gain/baseline_scale:1.000 - chunk_state_future_support_gain/source_prior_weight:1.000 - chunk_state_future_support_gain/anchor_prior_weight:0.000 - chunk_state_future_support_gain/anchor_prior_power:1.000 - chunk_state_future_support_gain/anchor_prior_mean:1.000 - chunk_state_future_support_gain/anchor_prior_max:1.000 - chunk_state_future_support_gain/prior_smoothing:4.000 - chunk_state_future_support_gain/min_positive_margin:0.000 - chunk_state_future_support_gain/min_state_coverage:0.125 - chunk_state_future_support_gain/max_state_oov:0.875 - chunk_state_future_support_gain/min_state_mean_mass:0.015 - chunk_state_future_support_gain/min_state_max_mass:0.031 - chunk_state_future_support_gain/min_state_top_margin:0.001 - chunk_state_future_support_gain/min_candidate_coverage:0.000 - chunk_state_future_support_gain/min_candidate_mean_mass:0.000 - chunk_state_future_support_gain/source_mass_mean:0.708 - chunk_state_future_support_gain/prompt_top_mass_mean:0.708 - chunk_state_future_support_gain/support_coverage_mean:0.328 - chunk_state_future_support_gain/candidate_coverage_mean:0.328 - chunk_state_future_support_gain/candidate_quality_keep_ratio:1.000 - chunk_state_future_support_gain/mean_mass_mean:0.223 - chunk_state_future_support_gain/max_mass_mean:0.708 - chunk_state_future_support_gain/raw_gain_mean:-0.411 - chunk_state_future_support_gain/source_tv_mean:0.292 - chunk_state_future_support_gain/candidate_tv_mean:0.551 - chunk_state_future_support_gain/source_oov_tv_mean:0.292 - chunk_state_future_support_gain/candidate_oov_tv_mean:0.739 - chunk_state_future_support_gain/transport_affinity_mean:0.261 - chunk_state_future_support_gain/smoothed_candidate_oov_tv_mean:0.369 - chunk_state_future_support_gain/smoothed_transport_affinity_mean:0.631 - chunk_state_future_support_gain/support_expected_value_mean:0.223 - chunk_state_future_support_gain/support_overlap_mean:0.261 - chunk_state_future_support_gain/smoothed_support_expected_value_mean:0.368 - chunk_state_future_support_gain/smoothed_support_overlap_mean:0.631 - chunk_state_future_support_gain/candidate_entropy_mean:0.313 - chunk_state_future_support_gain/tv_gain_mean:-0.259 - chunk_state_future_support_gain/transport_gain_mean:-0.447 - chunk_state_future_support_gain/smoothed_transport_gain_mean:-0.077 - chunk_state_future_support_gain/score_mean_before_candidate_filter:0.338 - chunk_state_future_support_gain/score_mean:0.338 - chunk_state_future_support_gain/label_consistent_ratio_before_candidate_filter:1.000 - chunk_state_future_support_gain/label_consistent_ratio:1.000 - chunk_state_future_support_gain/improved_state_ratio:1.000 - chunk_state_future_support_gain/positive_margin_mean:0.611 - chunk_state_future_support_gain/state_oov_mean:0.672 - chunk_state_future_support_gain/state_mean_mass_mean:0.223 - chunk_state_future_support_gain/state_max_mass_mean:0.708 - chunk_state_future_support_gain/state_top_margin_mean:0.036 - chunk_state_future_support_gain/soft_weight_mean:0.230 - chunk_state_future_support_gain/learnable_state_keep_ratio:0.500 - chunk_state_future_support_gain/state_keep_ratio:0.500 - chunk_state_probe/raw_positive_ratio:0.338 - chunk_state_score/mode_majority_completion:0.000 - chunk_state_score/mode_answer_consensus:0.000 - chunk_state_score/mode_answer_distribution:0.000 - chunk_state_score/mode_answer_value_gain:0.000 - chunk_state_score/mode_answer_value_margin:0.000 - chunk_state_score/mode_answer_support_mass:0.000 - chunk_state_score/mode_future_support_gain:1.000 - chunk_state_score/mode_support_anchor:0.000 - chunk_state_score/mode_support_flow:0.000 - chunk_state_score/mode_answer_source_consistency:0.000 - chunk_state_probe/samples:4.000 - chunk_state_diag/boundary_mean:512.000 - chunk_state_diag/boundary_min:512.000 - chunk_state_diag/boundary_max:512.000 - chunk_state_diag/boundary_zero_ratio:0.000 - chunk_state_diag/skipped_short_sources:0.000 - chunk_state_diag/skipped_support_sources:29.000 - chunk_state_diag/majority_consistent_fallbacks:2.000 - chunk_state_diag/support_low_fallbacks:0.000 - chunk_state_diag/real_state_count:3.000 - chunk_state_diag/pad_state_count:5.000 - chunk_state_diag/loss_weight_mean:0.375 - chunk_state_diag/source_response_len_mean:1347.250 - chunk_state_diag/probe_score_std:0.185 - chunk_state_diag/state_probe_mean_max:0.396 - chunk_state_diag/state_probe_mean_min:0.304 - chunk_state_diag/state_all_positive_ratio:1.000 - chunk_state_diag/state_all_negative_ratio:0.000 - chunk_state_diag/state_mixed_ratio:0.000 - chunk_state_diag/source_majority_consistent_mean:1.000 - chunk_state_diag/source_prompt_majority_ratio_mean:0.656 - chunk_state_diag/source_answer_mass_mean:0.708 - chunk_state_diag/source_answer_mass_min:0.656 - chunk_state_diag/source_prompt_top_mass_mean:0.708 - chunk_state_diag/source_prompt_top_mass_min:0.656 - chunk_state_diag/prompt_valid_answer_coverage_mean:0.930 - chunk_state_diag/prompt_answer_top_margin_mean:0.662 - chunk_state_diag/prompt_answer_entropy_mean:1.216 - chunk_state_diag/source_pseudo_acc_mean:0.875 - chunk_state_diag/source_original_acc_mean:1.000 - chunk_state_diag/prompt_pseudo_mean:0.605 - chunk_state_diag/prompt_original_mean:0.684 - chunk_state_diag/prompt_original_pass:1.000 - chunk_state_diag/probe_mean_source_original_correct:0.338 - chunk_state_diag/probe_mean_source_original_wrong:0.000 - chunk_state_diag/source_original_correct_ratio:1.000 - chunk_state_diag/jsonl_rows:8.000 - chunk_state/num_states:8.000 - chunk_state/real_states:3.000 - chunk_state/pad_states:5.000 - chunk_state/num_candidates:64.000 - chunk_state/num_actor_samples:24.000 - chunk_state/loss_weight_mean:0.240 - chunk_state/base_loss_weight_mean:0.375 - chunk_state/zeroed_state_ratio:0.625 - chunk_state/confidence_gate_ratio:1.000 - chunk_state/confidence_weight_mean:1.000 - chunk_state/min_state_positive_margin:-1.000 - chunk_state/future_support_keep_mode_hard:0.000 - chunk_state/future_support_keep_mode_soft:1.000 - chunk_state/future_support_keep_mode_off:0.000 - chunk_state/future_support_soft_weight_mean:0.230 - chunk_state/future_support_state_weight_mean:0.230 - chunk_state/future_support_soft_weight_floor:0.020 - chunk_state/future_support_keep_ratio:0.500 - chunk_state/source_quality_weight_mode_off:1.000 - chunk_state/source_quality_weight_mode_source_mass:0.000 - chunk_state/source_quality_weight_mode_prompt_top_mass:0.000 - chunk_state/source_quality_weight_mode_product:0.000 - chunk_state/source_quality_weight_mode_prompt_valid_answer_coverage:0.000 - chunk_state/source_quality_weight_mode_prompt_top_margin:0.000 - chunk_state/source_quality_weight_mode_coverage_margin_product:0.000 - chunk_state/source_quality_weight_mode_group_quality:0.000 - chunk_state/source_quality_weight_mean:1.000 - chunk_state/source_quality_weight_floor:0.000 - chunk_state/source_quality_weight_power:1.000 - chunk_state/source_quality_max_entropy:0.000 - chunk_state/source_answer_mass_mean:0.708 - chunk_state/source_prompt_top_mass_mean:0.708 - chunk_state/prompt_valid_answer_coverage_mean:0.930 - chunk_state/prompt_answer_top_margin_mean:0.662 - chunk_state/prompt_answer_entropy_mean:1.216 - chunk_state/majority_ratio_mean:0.708 - chunk_state/answer_coverage_mean:0.328 - chunk_state/answer_coverage_weighted_mean:0.402 - chunk_state/positive_margin_mean:0.611 - chunk_state/positive_margin_weighted_mean:0.595 - chunk_state/positive_ratio:0.338 - chunk_state/label_consistent_only:0.000 - chunk_state/zero_inconsistent_candidates:0.000 - chunk_state/prune_zero_weight_samples:1.000 - chunk_state/prune_padded_to_shards:0.000 - chunk_state/pruned_sample_ratio:0.625 - chunk_state/label_consistent_ratio:1.000 - chunk_state/informative_ratio:1.000 - chunk_state/kept_state_ratio:1.000 - chunk_state/target_entropy:1.706 - chunk_state/target_prior_mean:1.000 - chunk_state/target_prior_max:1.000 - chunk_state/weight_max:0.360 - chunk_state/weight_min:0.030 - chunk_state/powerflow_weight_clip:4.000 - chunk_state/powerflow_weight_clip_renorm:1.000 - chunk_state/powerflow_weight_before_clip_max:0.641 - chunk_state/powerflow_weight_before_clip_mean:0.240 - chunk_state/powerflow_weight_mean:1.000 - chunk_state/powerflow_weight_max:2.666 - chunk_state/powerflow_weight_min:0.250 - chunk_state/boxed_reward_mean:0.349 - chunk_state/boxed_reward_weighted_mean:0.482 - chunk_state/actor_batch_powerflow_weight_nonzero_ratio:1.000 - chunk_state/actor_batch_powerflow_weight_shard0_mean:1.377 - chunk_state/actor_batch_powerflow_weight_shard0_nonzero_ratio:1.000 - chunk_state/actor_batch_powerflow_weight_shard_mean_low:0.571 - chunk_state/actor_batch_powerflow_weight_shard_mean_high:1.377 - chunk_state/actor_batch_powerflow_weight_zero_shard_ratio:0.000 - chunk_state_actor_span/mode_chunk:1.000 - chunk_state_actor_span/response_len_mean:101.156 - chunk_state_actor_span/truncated_ratio:0.000 - actor/pg_loss:1.321 - actor/powerflow_loss:1.321 - actor/log_prob:-1.894 - actor/old_log_prob:0.000 - actor/ref_log_prob:-1.900 - actor/ref_log_prob/std:0.000 - actor/boxed_reward/mean:0.351 - actor/boxed_reward/min:0.000 - actor/boxed_reward/max:0.571 - actor/powerflow_weight/mean:1.377 - actor/powerflow_weight/min:0.279 - actor/powerflow_weight/max:2.666 - actor/powerflow_weight/nonzero_ratio:1.000 - actor/powerflow_local_batch_size:1.000 - actor/log_z:-1.449 - actor/importance_weight:0.911 - actor/powerflow_chunk_loss_target_only:0.000 - actor/ppo_kl:1.894 - actor/ref_kl:-0.006 - actor/beta_coef:4.000 - actor/cispo_mask_ratio:0.471 - actor/cispo_dropped_tokens:8.333 - actor/condition_1_count:0.000 - actor/condition_2_count:8.333 - actor/pg_clipfrac:0.000 - actor/pg_clipfrac_lower:0.000 - actor/grad_norm:9.013 - perf/mfu/actor:0.000 - perf/max_memory_allocated_gb:163.206 - perf/max_memory_reserved_gb:176.205 - perf/cpu_memory_used_gb:790.840 - actor/lr:0.000 - timing_s/generate_sequences:29.878 - timing_s/reshard:0.310 - timing_s/gen:43.377 - timing_s/chunk_state_make_states:0.018 - timing_s/chunk_state_chunks/generate_sequences:0.539 - timing_s/chunk_state_chunks/reshard:0.645 - timing_s/chunk_state_chunks:1.248 - timing_s/chunk_state_probe/generate_sequences:6.431 - timing_s/chunk_state_probe/reshard:0.425 - timing_s/chunk_state_probe:7.093 - timing_s/chunk_state_score:9.689 - timing_s/chunk_state_build_actor_batch:0.006 - timing_s/chunk_state_ref:4.162 - timing_s/update_actor:1.361 - timing_per_token_ms/gen:0.043 - timing_per_token_ms/update_actor:0.001[36m(TaskRunner pid=641918)[0m Training Progress:   5%|▌         | 1/20 [01:49<34:38, 109.41s/it]
[36m(TaskRunner pid=641918)[0m WARNING:2026-08-02 09:04:37,297:Timeout during comparison
[36m(TaskRunner pid=641918)[0m WARNING:2026-08-02 09:05:25,871:Timeout during comparison
[36m(TaskRunner pid=641918)[0m WARNING:2026-08-02 09:05:29,744:Timeout during comparison

[36m(TaskRunner pid=641918)[0m [Shutdown] 4 subprocess(es) terminated.
[36m(TaskRunner pid=641918)[0m [Shutdown] 6 subprocess(es) terminated.
[36m(TaskRunner pid=641918)[0m [Shutdown] 3 subprocess(es) terminated.
[36m(TaskRunner pid=641918)[0m step:2 - chunk_state_source/selected_original_acc_mean:1.000 - chunk_state_source/prompt_original_pass:0.969 - chunk_state_source/prompt_original_mean:0.312 - chunk_state_source/selected_majority_consistent_mean:1.000 - chunk_state_source/prompt_majority_ratio_mean:0.330 - chunk_state_source/prompt_majority_pass:1.000 - chunk_state_source_chunk/enabled:1.000 - chunk_state_source_chunk/injected_ratio:1.000 - chunk_state_source_chunk/mean_len:128.000 - chunk_state_source_chunk/candidate_index:0.000 - chunk_state_support_anchor/enabled:1.000 - chunk_state_support_anchor/count:7.000 - chunk_state_support_anchor/candidate_start:1.000 - chunk_state_support_anchor/min_mass:0.100 - chunk_state_support_anchor/selection_mode_answer_stratified:0.000 - chunk_state_support_anchor/prefix_compat_enable:0.000 - chunk_state_support_anchor/prefix_compat_mode_hard:1.000 - chunk_state_support_anchor/prefix_compat_mode_soft:0.000 - chunk_state_support_anchor/prefix_compat_tokens:128.000 - chunk_state_support_anchor/min_prefix_match:0.750 - chunk_state_support_anchor/prefix_score_power:1.000 - chunk_state_support_anchor/skip_source:1.000 - chunk_state_support_anchor/injected_ratio:0.018 - chunk_state_support_anchor/state_keep_ratio:0.125 - chunk_state_support_anchor/skipped_no_anchor_ratio:0.875 - chunk_state_support_anchor/skipped_by_compat_ratio:0.000 - chunk_state_support_anchor/skipped_source_ratio:0.031 - chunk_state_support_anchor/score_mean:0.012 - chunk_state_support_anchor/positive_candidate_ratio:0.016 - chunk_state_support_anchor/prefix_match_mean:1.000 - chunk_state_support_anchor/prefix_match_min:1.000 - chunk_state_support_anchor/anchor_mass_mean:0.759 - chunk_state_support_anchor/anchor_mass_max:0.759 - chunk_state_support_anchor/anchor_len_mean:128.000 - chunk_state_support_anchor/unique_answer_ratio:1.000 - chunk_state_support_anchor/selected_rank_mean:0.000 - chunk_state_future_support_gain/group_size:32.000 - chunk_state_future_support_gain/min_mass:0.031 - chunk_state_future_support_gain/max_mass_coef:0.250 - chunk_state_future_support_gain/score_type_slack_gain:0.000 - chunk_state_future_support_gain/score_type_positive_gain:0.000 - chunk_state_future_support_gain/score_type_relative_positive_gain:0.000 - chunk_state_future_support_gain/score_type_tv_positive_gain:0.000 - chunk_state_future_support_gain/score_type_relative_tv_positive_gain:0.000 - chunk_state_future_support_gain/score_type_transport_affinity:0.000 - chunk_state_future_support_gain/score_type_transport_positive_gain:0.000 - chunk_state_future_support_gain/score_type_transport_support_gain:0.000 - chunk_state_future_support_gain/score_type_smoothed_transport_affinity:0.000 - chunk_state_future_support_gain/score_type_smoothed_transport_positive_gain:0.000 - chunk_state_future_support_gain/score_type_smoothed_transport_support_gain:0.000 - chunk_state_future_support_gain/score_type_support_value_affinity:0.000 - chunk_state_future_support_gain/score_type_support_distribution_match:0.000 - chunk_state_future_support_gain/score_type_posterior_support_match:1.000 - chunk_state_future_support_gain/score_type_posterior_value_improvement:0.000 - chunk_state_future_support_gain/gain_slack:0.125 - chunk_state_future_support_gain/baseline_scale:1.000 - chunk_state_future_support_gain/source_prior_weight:1.000 - chunk_state_future_support_gain/anchor_prior_weight:0.000 - chunk_state_future_support_gain/anchor_prior_power:1.000 - chunk_state_future_support_gain/anchor_prior_mean:1.000 - chunk_state_future_support_gain/anchor_prior_max:1.000 - chunk_state_future_support_gain/prior_smoothing:4.000 - chunk_state_future_support_gain/min_positive_margin:0.000 - chunk_state_future_support_gain/min_state_coverage:0.125 - chunk_state_future_support_gain/max_state_oov:0.875 - chunk_state_future_support_gain/min_state_mean_mass:0.015 - chunk_state_future_support_gain/min_state_max_mass:0.031 - chunk_state_future_support_gain/min_state_top_margin:0.001 - chunk_state_future_support_gain/min_candidate_coverage:0.000 - chunk_state_future_support_gain/min_candidate_mean_mass:0.000 - chunk_state_future_support_gain/source_mass_mean:0.688 - chunk_state_future_support_gain/prompt_top_mass_mean:0.688 - chunk_state_future_support_gain/support_coverage_mean:0.664 - chunk_state_future_support_gain/candidate_coverage_mean:0.664 - chunk_state_future_support_gain/candidate_quality_keep_ratio:1.000 - chunk_state_future_support_gain/mean_mass_mean:0.429 - chunk_state_future_support_gain/max_mass_mean:0.504 - chunk_state_future_support_gain/raw_gain_mean:-0.134 - chunk_state_future_support_gain/source_tv_mean:0.312 - chunk_state_future_support_gain/candidate_tv_mean:0.499 - chunk_state_future_support_gain/source_oov_tv_mean:0.312 - chunk_state_future_support_gain/candidate_oov_tv_mean:0.511 - chunk_state_future_support_gain/transport_affinity_mean:0.489 - chunk_state_future_support_gain/smoothed_candidate_oov_tv_mean:0.255 - chunk_state_future_support_gain/smoothed_transport_affinity_mean:0.745 - chunk_state_future_support_gain/support_expected_value_mean:0.429 - chunk_state_future_support_gain/support_overlap_mean:0.489 - chunk_state_future_support_gain/smoothed_support_expected_value_mean:0.460 - chunk_state_future_support_gain/smoothed_support_overlap_mean:0.745 - chunk_state_future_support_gain/candidate_entropy_mean:0.361 - chunk_state_future_support_gain/tv_gain_mean:-0.186 - chunk_state_future_support_gain/transport_gain_mean:-0.198 - chunk_state_future_support_gain/smoothed_transport_gain_mean:0.057 - chunk_state_future_support_gain/score_mean_before_candidate_filter:0.467 - chunk_state_future_support_gain/score_mean:0.467 - chunk_state_future_support_gain/label_consistent_ratio_before_candidate_filter:1.000 - chunk_state_future_support_gain/label_consistent_ratio:1.000 - chunk_state_future_support_gain/improved_state_ratio:1.000 - chunk_state_future_support_gain/positive_margin_mean:0.491 - chunk_state_future_support_gain/state_oov_mean:0.336 - chunk_state_future_support_gain/state_mean_mass_mean:0.429 - chunk_state_future_support_gain/state_max_mass_mean:0.504 - chunk_state_future_support_gain/state_top_margin_mean:0.005 - chunk_state_future_support_gain/soft_weight_mean:0.440 - chunk_state_future_support_gain/learnable_state_keep_ratio:0.375 - chunk_state_future_support_gain/state_keep_ratio:0.375 - chunk_state_probe/raw_positive_ratio:0.467 - chunk_state_score/mode_majority_completion:0.000 - chunk_state_score/mode_answer_consensus:0.000 - chunk_state_score/mode_answer_distribution:0.000 - chunk_state_score/mode_answer_value_gain:0.000 - chunk_state_score/mode_answer_value_margin:0.000 - chunk_state_score/mode_answer_support_mass:0.000 - chunk_state_score/mode_future_support_gain:1.000 - chunk_state_score/mode_support_anchor:0.000 - chunk_state_score/mode_support_flow:0.000 - chunk_state_score/mode_answer_source_consistency:0.000 - chunk_state_probe/samples:4.000 - chunk_state_diag/boundary_mean:576.000 - chunk_state_diag/boundary_min:512.000 - chunk_state_diag/boundary_max:768.000 - chunk_state_diag/boundary_zero_ratio:0.000 - chunk_state_diag/skipped_short_sources:0.000 - chunk_state_diag/skipped_support_sources:29.000 - chunk_state_diag/majority_consistent_fallbacks:2.000 - chunk_state_diag/support_low_fallbacks:0.000 - chunk_state_diag/real_state_count:3.000 - chunk_state_diag/pad_state_count:5.000 - chunk_state_diag/loss_weight_mean:0.375 - chunk_state_diag/source_response_len_mean:1283.875 - chunk_state_diag/probe_score_std:0.162 - chunk_state_diag/state_probe_mean_max:0.580 - chunk_state_diag/state_probe_mean_min:0.196 - chunk_state_diag/state_all_positive_ratio:1.000 - chunk_state_diag/state_all_negative_ratio:0.000 - chunk_state_diag/state_mixed_ratio:0.000 - chunk_state_diag/source_majority_consistent_mean:1.000 - chunk_state_diag/source_prompt_majority_ratio_mean:0.598 - chunk_state_diag/source_answer_mass_mean:0.688 - chunk_state_diag/source_answer_mass_min:0.667 - chunk_state_diag/source_prompt_top_mass_mean:0.688 - chunk_state_diag/source_prompt_top_mass_min:0.667 - chunk_state_diag/prompt_valid_answer_coverage_mean:0.867 - chunk_state_diag/prompt_answer_top_margin_mean:0.619 - chunk_state_diag/prompt_answer_entropy_mean:1.171 - chunk_state_diag/source_pseudo_acc_mean:1.000 - chunk_state_diag/source_original_acc_mean:1.000 - chunk_state_diag/prompt_pseudo_mean:0.598 - chunk_state_diag/prompt_original_mean:0.598 - chunk_state_diag/prompt_original_pass:1.000 - chunk_state_diag/probe_mean_source_original_correct:0.467 - chunk_state_diag/probe_mean_source_original_wrong:0.000 - chunk_state_diag/source_original_correct_ratio:1.000 - chunk_state_diag/jsonl_rows:8.000 - chunk_state/num_states:8.000 - chunk_state/real_states:3.000 - chunk_state/pad_states:5.000 - chunk_state/num_candidates:64.000 - chunk_state/num_actor_samples:8.000 - chunk_state/loss_weight_mean:0.542 - chunk_state/base_loss_weight_mean:0.375 - chunk_state/zeroed_state_ratio:0.875 - chunk_state/confidence_gate_ratio:0.750 - chunk_state/confidence_weight_mean:1.000 - chunk_state/min_state_positive_margin:-1.000 - chunk_state/future_support_keep_mode_hard:0.000 - chunk_state/future_support_keep_mode_soft:1.000 - chunk_state/future_support_keep_mode_off:0.000 - chunk_state/future_support_soft_weight_mean:0.440 - chunk_state/future_support_state_weight_mean:0.445 - chunk_state/future_support_soft_weight_floor:0.020 - chunk_state/future_support_keep_ratio:0.375 - chunk_state/source_quality_weight_mode_off:1.000 - chunk_state/source_quality_weight_mode_source_mass:0.000 - chunk_state/source_quality_weight_mode_prompt_top_mass:0.000 - chunk_state/source_quality_weight_mode_product:0.000 - chunk_state/source_quality_weight_mode_prompt_valid_answer_coverage:0.000 - chunk_state/source_quality_weight_mode_prompt_top_margin:0.000 - chunk_state/source_quality_weight_mode_coverage_margin_product:0.000 - chunk_state/source_quality_weight_mode_group_quality:0.000 - chunk_state/source_quality_weight_mean:1.000 - chunk_state/source_quality_weight_floor:0.000 - chunk_state/source_quality_weight_power:1.000 - chunk_state/source_quality_max_entropy:0.000 - chunk_state/source_answer_mass_mean:0.688 - chunk_state/source_prompt_top_mass_mean:0.688 - chunk_state/prompt_valid_answer_coverage_mean:0.867 - chunk_state/prompt_answer_top_margin_mean:0.619 - chunk_state/prompt_answer_entropy_mean:1.171 - chunk_state/majority_ratio_mean:0.688 - chunk_state/answer_coverage_mean:0.664 - chunk_state/answer_coverage_weighted_mean:0.812 - chunk_state/positive_margin_mean:0.491 - chunk_state/positive_margin_weighted_mean:0.593 - chunk_state/positive_ratio:0.467 - chunk_state/label_consistent_only:0.000 - chunk_state/zero_inconsistent_candidates:0.000 - chunk_state/prune_zero_weight_samples:1.000 - chunk_state/prune_padded_to_shards:0.000 - chunk_state/pruned_sample_ratio:0.875 - chunk_state/label_consistent_ratio:1.000 - chunk_state/informative_ratio:0.875 - chunk_state/kept_state_ratio:0.750 - chunk_state/target_entropy:2.070 - chunk_state/target_prior_mean:1.000 - chunk_state/target_prior_max:1.000 - chunk_state/weight_max:0.153 - chunk_state/weight_min:0.052 - chunk_state/powerflow_weight_clip:4.000 - chunk_state/powerflow_weight_clip_renorm:1.000 - chunk_state/powerflow_weight_before_clip_max:0.662 - chunk_state/powerflow_weight_before_clip_mean:0.542 - chunk_state/powerflow_weight_mean:1.000 - chunk_state/powerflow_weight_max:1.222 - chunk_state/powerflow_weight_min:0.420 - chunk_state/boxed_reward_mean:0.524 - chunk_state/boxed_reward_weighted_mean:0.549 - chunk_state/actor_batch_powerflow_weight_nonzero_ratio:1.000 - chunk_state/actor_batch_powerflow_weight_shard0_mean:1.222 - chunk_state/actor_batch_powerflow_weight_shard0_nonzero_ratio:1.000 - chunk_state/actor_batch_powerflow_weight_shard_mean_low:0.420 - chunk_state/actor_batch_powerflow_weight_shard_mean_high:1.222 - chunk_state/actor_batch_powerflow_weight_zero_shard_ratio:0.000 - chunk_state_actor_span/mode_chunk:1.000 - chunk_state_actor_span/response_len_mean:128.000 - chunk_state_actor_span/truncated_ratio:0.000 - actor/pg_loss:0.513 - actor/powerflow_loss:0.513 - actor/log_prob:-0.291 - actor/old_log_prob:0.000 - actor/ref_log_prob:-0.293 - actor/ref_log_prob/std:0.000 - actor/boxed_reward/mean:0.593 - actor/boxed_reward/min:0.593 - actor/boxed_reward/max:0.593 - actor/powerflow_weight/mean:1.222 - actor/powerflow_weight/min:1.222 - actor/powerflow_weight/max:1.222 - actor/powerflow_weight/nonzero_ratio:1.000 - actor/powerflow_local_batch_size:1.000 - actor/log_z:-1.570 - actor/importance_weight:0.800 - actor/powerflow_chunk_loss_target_only:0.000 - actor/ppo_kl:0.291 - actor/ref_kl:-0.003 - actor/beta_coef:4.000 - actor/cispo_mask_ratio:0.180 - actor/cispo_dropped_tokens:23.000 - actor/condition_1_count:0.000 - actor/condition_2_count:23.000 - actor/pg_clipfrac:0.000 - actor/pg_clipfrac_lower:0.000 - actor/grad_norm:4.599 - perf/mfu/actor:0.000 - perf/max_memory_allocated_gb:165.716 - perf/max_memory_reserved_gb:176.205 - perf/cpu_memory_used_gb:790.792 - actor/lr:0.000 - timing_s/generate_sequences:18.042 - timing_s/reshard:0.574 - timing_s/gen:33.230 - timing_s/chunk_state_make_states:0.020 - timing_s/chunk_state_chunks/generate_sequences:0.530 - timing_s/chunk_state_chunks/reshard:0.347 - timing_s/chunk_state_chunks:0.913 - timing_s/chunk_state_probe/generate_sequences:6.299 - timing_s/chunk_state_probe/reshard:0.337 - timing_s/chunk_state_probe:7.105 - timing_s/chunk_state_score:8.141 - timing_s/chunk_state_build_actor_batch:0.005 - timing_s/chunk_state_ref:0.129 - timing_s/update_actor:0.470 - timing_per_token_ms/gen:0.031 - timing_per_token_ms/update_actor:0.000[36m(TaskRunner pid=641918)[0m Training Progress:  10%|█         | 2/20 [03:19<29:27, 98.17s/it] 
[36m(TaskRunner pid=641918)[0m <string>:1: SyntaxWarning: 'set' object is not callable; perhaps you missed a comma?
[36m(TaskRunner pid=641918)[0m <string>:1: SyntaxWarning: 'set' object is not callable; perhaps you missed a comma?
[36m(TaskRunner pid=641918)[0m <string>:1: SymPyDeprecationWarning: 
[36m(TaskRunner pid=641918)[0m 
[36m(TaskRunner pid=641918)[0m Using non-Expr arguments in Mul is deprecated (in this case, one of
[36m(TaskRunner pid=641918)[0m the arguments has type 'Tuple').
[36m(TaskRunner pid=641918)[0m 
[36m(TaskRunner pid=641918)[0m If you really did intend to use a multiplication or addition operation with
[36m(TaskRunner pid=641918)[0m this object, use the * or + operator instead.
[36m(TaskRunner pid=641918)[0m 
[36m(TaskRunner pid=641918)[0m See https://docs.sympy.org/latest/explanation/active-deprecations.html#non-expr-args-deprecated
[36m(TaskRunner pid=641918)[0m for details.
[36m(TaskRunner pid=641918)[0m 
[36m(TaskRunner pid=641918)[0m This has been deprecated since SymPy version 1.7. It
[36m(TaskRunner pid=641918)[0m will be removed in a future version of SymPy.
[36m(TaskRunner pid=641918)[0m 
[36m(TaskRunner pid=641918)[0m /mlx_devbox/users/quyanyi/playground/.venvs/ttrl_b200/lib/python3.11/site-packages/sympy/simplify/radsimp.py:1138: SymPyDeprecationWarning: 
[36m(TaskRunner pid=641918)[0m 
[36m(TaskRunner pid=641918)[0m Using non-Expr arguments in Mul is deprecated (in this case, one of
[36m(TaskRunner pid=641918)[0m the arguments has type 'Tuple').
[36m(TaskRunner pid=641918)[0m 
[36m(TaskRunner pid=641918)[0m If you really did intend to use a multiplication or addition operation with
[36m(TaskRunner pid=641918)[0m this object, use the * or + operator instead.
[36m(TaskRunner pid=641918)[0m 
[36m(TaskRunner pid=641918)[0m See https://docs.sympy.org/latest/explanation/active-deprecations.html#non-expr-args-deprecated
[36m(TaskRunner pid=641918)[0m for details.
[36m(TaskRunner pid=641918)[0m 
[36m(TaskRunner pid=641918)[0m This has been deprecated since SymPy version 1.7. It
[36m(TaskRunner pid=641918)[0m will be removed in a future version of SymPy.
[36m(TaskRunner pid=641918)[0m 
[36m(TaskRunner pid=641918)[0m   return Mul(*numer, evaluate=not exact), Mul(*denom, evaluate=not exact)
[36m(TaskRunner pid=641918)[0m <string>:1: SymPyDeprecationWarning: 
[36m(TaskRunner pid=641918)[0m 
[36m(TaskRunner pid=641918)[0m Using non-Expr arguments in Pow is deprecated (in this case, one of the
[36m(TaskRunner pid=641918)[0m arguments is of type 'FiniteSet').
[36m(TaskRunner pid=641918)[0m 
[36m(TaskRunner pid=641918)[0m If you really did intend to construct a power with this base, use the **
[36m(TaskRunner pid=641918)[0m operator instead.
[36m(TaskRunner pid=641918)[0m 
[36m(TaskRunner pid=641918)[0m See https://docs.sympy.org/latest/explanation/active-deprecations.html#non-expr-args-deprecated
[36m(TaskRunner pid=641918)[0m for details.
[36m(TaskRunner pid=641918)[0m 
[36m(TaskRunner pid=641918)[0m This has been deprecated since SymPy version 1.7. It
[36m(TaskRunner pid=641918)[0m will be removed in a future version of SymPy.
[36m(TaskRunner pid=641918)[0m 
[36m(TaskRunner pid=641918)[0m /mlx_devbox/users/quyanyi/playground/.venvs/ttrl_b200/lib/python3.11/site-packages/sympy/simplify/simplify.py:1766: SymPyDeprecationWarning: 
[36m(TaskRunner pid=641918)[0m 
[36m(TaskRunner pid=641918)[0m Using non-Expr arguments in Pow is deprecated (in this case, one of the
[36m(TaskRunner pid=641918)[0m arguments is of type 'FiniteSet').
[36m(TaskRunner pid=641918)[0m 
[36m(TaskRunner pid=641918)[0m If you really did intend to construct a power with this base, use the **
[36m(TaskRunner pid=641918)[0m operator instead.
[36m(TaskRunner pid=641918)[0m 
[36m(TaskRunner pid=641918)[0m See https://docs.sympy.org/latest/explanation/active-deprecations.html#non-expr-args-deprecated
[36m(TaskRunner pid=641918)[0m for details.
[36m(TaskRunner pid=641918)[0m 
[36m(TaskRunner pid=641918)[0m This has been deprecated since SymPy version 1.7. It
[36m(TaskRunner pid=641918)[0m will be removed in a future version of SymPy.
[36m(TaskRunner pid=641918)[0m 
[36m(TaskRunner pid=641918)[0m   return _Pow(nc_simplify(args[0]), args[1]).doit()
[36m(TaskRunner pid=641918)[0m <string>:1: SyntaxWarning: 'set' object is not callable; perhaps you missed a comma?
[36m(TaskRunner pid=641918)[0m <string>:1: SyntaxWarning: 'set' object is not callable; perhaps you missed a comma?
[36m(TaskRunner pid=641918)[0m <string>:1: SyntaxWarning: 'set' object is not callable; perhaps you missed a comma?
[36m(TaskRunner pid=641918)[0m <string>:1: SyntaxWarning: 'set' object is not callable; perhaps you missed a comma?
[36m(TaskRunner pid=641918)[0m <string>:1: SymPyDeprecationWarning: 
[36m(TaskRunner pid=641918)[0m 
[36m(TaskRunner pid=641918)[0m Using non-Expr arguments in Pow is deprecated (in this case, one of the
[36m(TaskRunner pid=641918)[0m arguments is of type 'FiniteSet').
[36m(TaskRunner pid=641918)[0m 
[36m(TaskRunner pid=641918)[0m If you really did intend to construct a power with this base, use the **
[36m(TaskRunner pid=641918)[0m operator instead.
[36m(TaskRunner pid=641918)[0m 
[36m(TaskRunner pid=641918)[0m See https://docs.sympy.org/latest/explanation/active-deprecations.html#non-expr-args-deprecated
[36m(TaskRunner pid=641918)[0m for details.
[36m(TaskRunner pid=641918)[0m 
[36m(TaskRunner pid=641918)[0m This has been deprecated since SymPy version 1.7. It
[36m(TaskRunner pid=641918)[0m will be removed in a future version of SymPy.
[36m(TaskRunner pid=641918)[0m 
[36m(TaskRunner pid=641918)[0m /mlx_devbox/users/quyanyi/playground/.venvs/ttrl_b200/lib/python3.11/site-packages/sympy/simplify/simplify.py:1766: SymPyDeprecationWarning: 
[36m(TaskRunner pid=641918)[0m 
[36m(TaskRunner pid=641918)[0m Using non-Expr arguments in Pow is deprecated (in this case, one of the
[36m(TaskRunner pid=641918)[0m arguments is of type 'FiniteSet').
[36m(TaskRunner pid=641918)[0m 
[36m(TaskRunner pid=641918)[0m If you really did intend to construct a power with this base, use the **
[36m(TaskRunner pid=641918)[0m operator instead.
[36m(TaskRunner pid=641918)[0m 
[36m(TaskRunner pid=641918)[0m See https://docs.sympy.org/latest/explanation/active-deprecations.html#non-expr-args-deprecated
[36m(TaskRunner pid=641918)[0m for details.
[36m(TaskRunner pid=641918)[0m 
[36m(TaskRunner pid=641918)[0m This has been deprecated since SymPy version 1.7. It
[36m(TaskRunner pid=641918)[0m will be removed in a future version of SymPy.
[36m(TaskRunner pid=641918)[0m 
[36m(TaskRunner pid=641918)[0m   return _Pow(nc_simplify(args[0]), args[1]).doit()
[36m(TaskRunner pid=641918)[0m <string>:1: SyntaxWarning: 'set' object is not callable; perhaps you missed a comma?
[36m(TaskRunner pid=641918)[0m <string>:1: SyntaxWarning: 'set' object is not callable; perhaps you missed a comma?
[36m(TaskRunner pid=641918)[0m <string>:1: SymPyDeprecationWarning: 
[36m(TaskRunner pid=641918)[0m 
[36m(TaskRunner pid=641918)[0m Using non-Expr arguments in Pow is deprecated (in this case, one of the
[36m(TaskRunner pid=641918)[0m arguments is of type 'FiniteSet').
[36m(TaskRunner pid=641918)[0m 
[36m(TaskRunner pid=641918)[0m If you really did intend to construct a power with this base, use the **
[36m(TaskRunner pid=641918)[0m operator instead.
[36m(TaskRunner pid=641918)[0m 
[36m(TaskRunner pid=641918)[0m See https://docs.sympy.org/latest/explanation/active-deprecations.html#non-expr-args-deprecated
[36m(TaskRunner pid=641918)[0m for details.
[36m(TaskRunner pid=641918)[0m 
[36m(TaskRunner pid=641918)[0m This has been deprecated since SymPy version 1.7. It
[36m(TaskRunner pid=641918)[0m will be removed in a future version of SymPy.
[36m(TaskRunner pid=641918)[0m 
[36m(TaskRunner pid=641918)[0m <string>:1: SyntaxWarning: 'set' object is not callable; perhaps you missed a comma?
[36m(TaskRunner pid=641918)[0m <string>:1: SyntaxWarning: 'set' object is not callable; perhaps you missed a comma?
[36m(TaskRunner pid=641918)[0m <string>:1: SymPyDeprecationWarning: 
[36m(TaskRunner pid=641918)[0m 
[36m(TaskRunner pid=641918)[0m Using non-Expr arguments in Pow is deprecated (in this case, one of the
[36m(TaskRunner pid=641918)[0m arguments is of type 'FiniteSet').
[36m(TaskRunner pid=641918)[0m 
[36m(TaskRunner pid=641918)[0m If you really did intend to construct a power with this base, use the **
[36m(TaskRunner pid=641918)[0m operator instead.
[36m(TaskRunner pid=641918)[0m 
[36m(TaskRunner pid=641918)[0m See https://docs.sympy.org/latest/explanation/active-deprecations.html#non-expr-args-deprecated
[36m(TaskRunner pid=641918)[0m for details.
[36m(TaskRunner pid=641918)[0m 
[36m(TaskRunner pid=641918)[0m This has been deprecated since SymPy version 1.7. It
[36m(TaskRunner pid=641918)[0m will be removed in a future version of SymPy.
[36m(TaskRunner pid=641918)[0m 

[36m(TaskRunner pid=641918)[0m [Shutdown] 3 subprocess(es) terminated.
[36m(TaskRunner pid=641918)[0m [Shutdown] 4 subprocess(es) terminated.
[36m(TaskRunner pid=641918)[0m [Shutdown] 5 subprocess(es) terminated.
[36m(TaskRunner pid=641918)[0m step:3 - chunk_state_source/selected_original_acc_mean:1.000 - chunk_state_source/prompt_original_pass:0.969 - chunk_state_source/prompt_original_mean:0.311 - chunk_state_source/selected_majority_consistent_mean:1.000 - chunk_state_source/prompt_majority_ratio_mean:0.302 - chunk_state_source/prompt_majority_pass:1.000 - chunk_state_source_chunk/enabled:1.000 - chunk_state_source_chunk/injected_ratio:1.000 - chunk_state_source_chunk/mean_len:128.000 - chunk_state_source_chunk/candidate_index:0.000 - chunk_state_support_anchor/enabled:1.000 - chunk_state_support_anchor/count:7.000 - chunk_state_support_anchor/candidate_start:1.000 - chunk_state_support_anchor/min_mass:0.100 - chunk_state_support_anchor/selection_mode_answer_stratified:0.000 - chunk_state_support_anchor/prefix_compat_enable:0.000 - chunk_state_support_anchor/prefix_compat_mode_hard:1.000 - chunk_state_support_anchor/prefix_compat_mode_soft:0.000 - chunk_state_support_anchor/prefix_compat_tokens:128.000 - chunk_state_support_anchor/min_prefix_match:0.750 - chunk_state_support_anchor/prefix_score_power:1.000 - chunk_state_support_anchor/skip_source:1.000 - chunk_state_support_anchor/injected_ratio:0.893 - chunk_state_support_anchor/state_keep_ratio:1.000 - chunk_state_support_anchor/skipped_no_anchor_ratio:0.000 - chunk_state_support_anchor/skipped_by_compat_ratio:0.000 - chunk_state_support_anchor/skipped_source_ratio:0.031 - chunk_state_support_anchor/score_mean:0.408 - chunk_state_support_anchor/positive_candidate_ratio:0.781 - chunk_state_support_anchor/prefix_match_mean:1.000 - chunk_state_support_anchor/prefix_match_min:1.000 - chunk_state_support_anchor/anchor_mass_mean:0.522 - chunk_state_support_anchor/anchor_mass_max:0.769 - chunk_state_support_anchor/anchor_len_mean:128.000 - chunk_state_support_anchor/unique_answer_ratio:0.321 - chunk_state_support_anchor/selected_rank_mean:2.940 - chunk_state_future_support_gain/group_size:32.000 - chunk_state_future_support_gain/min_mass:0.031 - chunk_state_future_support_gain/max_mass_coef:0.250 - chunk_state_future_support_gain/score_type_slack_gain:0.000 - chunk_state_future_support_gain/score_type_positive_gain:0.000 - chunk_state_future_support_gain/score_type_relative_positive_gain:0.000 - chunk_state_future_support_gain/score_type_tv_positive_gain:0.000 - chunk_state_future_support_gain/score_type_relative_tv_positive_gain:0.000 - chunk_state_future_support_gain/score_type_transport_affinity:0.000 - chunk_state_future_support_gain/score_type_transport_positive_gain:0.000 - chunk_state_future_support_gain/score_type_transport_support_gain:0.000 - chunk_state_future_support_gain/score_type_smoothed_transport_affinity:0.000 - chunk_state_future_support_gain/score_type_smoothed_transport_positive_gain:0.000 - chunk_state_future_support_gain/score_type_smoothed_transport_support_gain:0.000 - chunk_state_future_support_gain/score_type_support_value_affinity:0.000 - chunk_state_future_support_gain/score_type_support_distribution_match:0.000 - chunk_state_future_support_gain/score_type_posterior_support_match:1.000 - chunk_state_future_support_gain/score_type_posterior_value_improvement:0.000 - chunk_state_future_support_gain/gain_slack:0.125 - chunk_state_future_support_gain/baseline_scale:1.000 - chunk_state_future_support_gain/source_prior_weight:1.000 - chunk_state_future_support_gain/anchor_prior_weight:0.000 - chunk_state_future_support_gain/anchor_prior_power:1.000 - chunk_state_future_support_gain/anchor_prior_mean:1.000 - chunk_state_future_support_gain/anchor_prior_max:1.000 - chunk_state_future_support_gain/prior_smoothing:4.000 - chunk_state_future_support_gain/min_positive_margin:0.000 - chunk_state_future_support_gain/min_state_coverage:0.125 - chunk_state_future_support_gain/max_state_oov:0.875 - chunk_state_future_support_gain/min_state_mean_mass:0.015 - chunk_state_future_support_gain/min_state_max_mass:0.031 - chunk_state_future_support_gain/min_state_top_margin:0.001 - chunk_state_future_support_gain/min_candidate_coverage:0.000 - chunk_state_future_support_gain/min_candidate_mean_mass:0.000 - chunk_state_future_support_gain/source_mass_mean:0.575 - chunk_state_future_support_gain/prompt_top_mass_mean:0.575 - chunk_state_future_support_gain/support_coverage_mean:0.785 - chunk_state_future_support_gain/candidate_coverage_mean:0.785 - chunk_state_future_support_gain/candidate_quality_keep_ratio:1.000 - chunk_state_future_support_gain/mean_mass_mean:0.404 - chunk_state_future_support_gain/max_mass_mean:0.575 - chunk_state_future_support_gain/raw_gain_mean:-0.038 - chunk_state_future_support_gain/source_tv_mean:0.425 - chunk_state_future_support_gain/candidate_tv_mean:0.410 - chunk_state_future_support_gain/source_oov_tv_mean:0.425 - chunk_state_future_support_gain/candidate_oov_tv_mean:0.419 - chunk_state_future_support_gain/transport_affinity_mean:0.581 - chunk_state_future_support_gain/smoothed_candidate_oov_tv_mean:0.210 - chunk_state_future_support_gain/smoothed_transport_affinity_mean:0.790 - chunk_state_future_support_gain/support_expected_value_mean:0.404 - chunk_state_future_support_gain/support_overlap_mean:0.581 - chunk_state_future_support_gain/smoothed_support_expected_value_mean:0.427 - chunk_state_future_support_gain/smoothed_support_overlap_mean:0.790 - chunk_state_future_support_gain/candidate_entropy_mean:0.500 - chunk_state_future_support_gain/tv_gain_mean:0.015 - chunk_state_future_support_gain/transport_gain_mean:0.006 - chunk_state_future_support_gain/smoothed_transport_gain_mean:0.215 - chunk_state_future_support_gain/score_mean_before_candidate_filter:0.490 - chunk_state_future_support_gain/score_mean:0.490 - chunk_state_future_support_gain/label_consistent_ratio_before_candidate_filter:1.000 - chunk_state_future_support_gain/label_consistent_ratio:1.000 - chunk_state_future_support_gain/improved_state_ratio:1.000 - chunk_state_future_support_gain/positive_margin_mean:0.632 - chunk_state_future_support_gain/state_oov_mean:0.215 - chunk_state_future_support_gain/state_mean_mass_mean:0.404 - chunk_state_future_support_gain/state_max_mass_mean:0.575 - chunk_state_future_support_gain/state_top_margin_mean:0.047 - chunk_state_future_support_gain/soft_weight_mean:0.452 - chunk_state_future_support_gain/learnable_state_keep_ratio:0.625 - chunk_state_future_support_gain/state_keep_ratio:0.625 - chunk_state_probe/raw_positive_ratio:0.490 - chunk_state_score/mode_majority_completion:0.000 - chunk_state_score/mode_answer_consensus:0.000 - chunk_state_score/mode_answer_distribution:0.000 - chunk_state_score/mode_answer_value_gain:0.000 - chunk_state_score/mode_answer_value_margin:0.000 - chunk_state_score/mode_answer_support_mass:0.000 - chunk_state_score/mode_future_support_gain:1.000 - chunk_state_score/mode_support_anchor:0.000 - chunk_state_score/mode_support_flow:0.000 - chunk_state_score/mode_answer_source_consistency:0.000 - chunk_state_probe/samples:4.000 - chunk_state_diag/boundary_mean:544.000 - chunk_state_diag/boundary_min:512.000 - chunk_state_diag/boundary_max:768.000 - chunk_state_diag/boundary_zero_ratio:0.000 - chunk_state_diag/skipped_short_sources:0.000 - chunk_state_diag/skipped_support_sources:29.000 - chunk_state_diag/majority_consistent_fallbacks:1.000 - chunk_state_diag/support_low_fallbacks:0.000 - chunk_state_diag/real_state_count:3.000 - chunk_state_diag/pad_state_count:5.000 - chunk_state_diag/loss_weight_mean:0.375 - chunk_state_diag/source_response_len_mean:1205.750 - chunk_state_diag/probe_score_std:0.126 - chunk_state_diag/state_probe_mean_max:0.616 - chunk_state_diag/state_probe_mean_min:0.408 - chunk_state_diag/state_all_positive_ratio:1.000 - chunk_state_diag/state_all_negative_ratio:0.000 - chunk_state_diag/state_mixed_ratio:0.000 - chunk_state_diag/source_majority_consistent_mean:1.000 - chunk_state_diag/source_prompt_majority_ratio_mean:0.477 - chunk_state_diag/source_answer_mass_mean:0.575 - chunk_state_diag/source_answer_mass_min:0.519 - chunk_state_diag/source_prompt_top_mass_mean:0.575 - chunk_state_diag/source_prompt_top_mass_min:0.519 - chunk_state_diag/prompt_valid_answer_coverage_mean:0.832 - chunk_state_diag/prompt_answer_top_margin_mean:0.277 - chunk_state_diag/prompt_answer_entropy_mean:1.051 - chunk_state_diag/source_pseudo_acc_mean:0.250 - chunk_state_diag/source_original_acc_mean:1.000 - chunk_state_diag/prompt_pseudo_mean:0.387 - chunk_state_diag/prompt_original_mean:0.480 - chunk_state_diag/prompt_original_pass:1.000 - chunk_state_diag/probe_mean_source_original_correct:0.490 - chunk_state_diag/probe_mean_source_original_wrong:0.000 - chunk_state_diag/source_original_correct_ratio:1.000 - chunk_state_diag/jsonl_rows:8.000 - chunk_state/num_states:8.000 - chunk_state/real_states:3.000 - chunk_state/pad_states:5.000 - chunk_state/num_candidates:64.000 - chunk_state/num_actor_samples:24.000 - chunk_state/loss_weight_mean:0.524 - chunk_state/base_loss_weight_mean:0.375 - chunk_state/zeroed_state_ratio:0.625 - chunk_state/confidence_gate_ratio:1.000 - chunk_state/confidence_weight_mean:1.000 - chunk_state/min_state_positive_margin:-1.000 - chunk_state/future_support_keep_mode_hard:0.000 - chunk_state/future_support_keep_mode_soft:1.000 - chunk_state/future_support_keep_mode_off:0.000 - chunk_state/future_support_soft_weight_mean:0.452 - chunk_state/future_support_state_weight_mean:0.452 - chunk_state/future_support_soft_weight_floor:0.020 - chunk_state/future_support_keep_ratio:0.625 - chunk_state/source_quality_weight_mode_off:1.000 - chunk_state/source_quality_weight_mode_source_mass:0.000 - chunk_state/source_quality_weight_mode_prompt_top_mass:0.000 - chunk_state/source_quality_weight_mode_product:0.000 - chunk_state/source_quality_weight_mode_prompt_valid_answer_coverage:0.000 - chunk_state/source_quality_weight_mode_prompt_top_margin:0.000 - chunk_state/source_quality_weight_mode_coverage_margin_product:0.000 - chunk_state/source_quality_weight_mode_group_quality:0.000 - chunk_state/source_quality_weight_mean:1.000 - chunk_state/source_quality_weight_floor:0.000 - chunk_state/source_quality_weight_power:1.000 - chunk_state/source_quality_max_entropy:0.000 - chunk_state/source_answer_mass_mean:0.575 - chunk_state/source_prompt_top_mass_mean:0.575 - chunk_state/prompt_valid_answer_coverage_mean:0.832 - chunk_state/prompt_answer_top_margin_mean:0.277 - chunk_state/prompt_answer_entropy_mean:1.051 - chunk_state/majority_ratio_mean:0.575 - chunk_state/answer_coverage_mean:0.785 - chunk_state/answer_coverage_weighted_mean:0.786 - chunk_state/positive_margin_mean:0.632 - chunk_state/positive_margin_weighted_mean:0.659 - chunk_state/positive_ratio:0.490 - chunk_state/label_consistent_only:0.000 - chunk_state/zero_inconsistent_candidates:0.000 - chunk_state/prune_zero_weight_samples:1.000 - chunk_state/prune_padded_to_shards:0.000 - chunk_state/pruned_sample_ratio:0.625 - chunk_state/label_consistent_ratio:1.000 - chunk_state/informative_ratio:1.000 - chunk_state/kept_state_ratio:1.000 - chunk_state/target_entropy:2.005 - chunk_state/target_prior_mean:1.000 - chunk_state/target_prior_max:1.000 - chunk_state/weight_max:0.232 - chunk_state/weight_min:0.024 - chunk_state/powerflow_weight_clip:4.000 - chunk_state/powerflow_weight_clip_renorm:1.000 - chunk_state/powerflow_weight_before_clip_max:0.729 - chunk_state/powerflow_weight_before_clip_mean:0.524 - chunk_state/powerflow_weight_mean:1.000 - chunk_state/powerflow_weight_max:1.391 - chunk_state/powerflow_weight_min:0.140 - chunk_state/boxed_reward_mean:0.559 - chunk_state/boxed_reward_weighted_mean:0.595 - chunk_state/actor_batch_powerflow_weight_nonzero_ratio:1.000 - chunk_state/actor_batch_powerflow_weight_shard0_mean:1.190 - chunk_state/actor_batch_powerflow_weight_shard0_nonzero_ratio:1.000 - chunk_state/actor_batch_powerflow_weight_shard_mean_low:0.815 - chunk_state/actor_batch_powerflow_weight_shard_mean_high:1.190 - chunk_state/actor_batch_powerflow_weight_zero_shard_ratio:0.000 - chunk_state_actor_span/mode_chunk:1.000 - chunk_state_actor_span/response_len_mean:128.000 - chunk_state_actor_span/truncated_ratio:0.000 - actor/pg_loss:1.117 - actor/powerflow_loss:1.117 - actor/log_prob:-0.337 - actor/old_log_prob:0.000 - actor/ref_log_prob:-0.337 - actor/ref_log_prob/std:0.000 - actor/boxed_reward/mean:0.445 - actor/boxed_reward/min:0.000 - actor/boxed_reward/max:0.694 - actor/powerflow_weight/mean:1.190 - actor/powerflow_weight/min:0.982 - actor/powerflow_weight/max:1.391 - actor/powerflow_weight/nonzero_ratio:1.000 - actor/powerflow_local_batch_size:1.000 - actor/log_z:-1.622 - actor/importance_weight:0.800 - actor/powerflow_chunk_loss_target_only:0.000 - actor/ppo_kl:0.337 - actor/ref_kl:0.000 - actor/beta_coef:4.000 - actor/cispo_mask_ratio:0.148 - actor/cispo_dropped_tokens:19.000 - actor/condition_1_count:0.000 - actor/condition_2_count:19.000 - actor/pg_clipfrac:0.000 - actor/pg_clipfrac_lower:0.000 - actor/grad_norm:12.384 - perf/mfu/actor:0.000 - perf/max_memory_allocated_gb:166.224 - perf/max_memory_reserved_gb:176.205 - perf/cpu_memory_used_gb:791.084 - actor/lr:0.000 - timing_s/generate_sequences:18.166 - timing_s/reshard:0.437 - timing_s/gen:22.690 - timing_s/chunk_state_make_states:0.020 - timing_s/chunk_state_chunks/generate_sequences:0.527 - timing_s/chunk_state_chunks/reshard:0.476 - timing_s/chunk_state_chunks:1.049 - timing_s/chunk_state_probe/generate_sequences:6.278 - timing_s/chunk_state_probe/reshard:0.361 - timing_s/chunk_state_probe:6.774 - timing_s/chunk_state_score:7.339 - timing_s/chunk_state_build_actor_batch:0.006 - timing_s/chunk_state_ref:0.397 - timing_s/update_actor:1.069 - timing_per_token_ms/gen:0.021 - timing_per_token_ms/update_actor:0.001[36m(TaskRunner pid=641918)[0m Training Progress:  15%|█▌        | 3/20 [04:09<21:35, 76.23s/it]

[36m(TaskRunner pid=641918)[0m [Shutdown] 4 subprocess(es) terminated.
[36m(TaskRunner pid=641918)[0m [Shutdown] 6 subprocess(es) terminated.
[36m(TaskRunner pid=641918)[0m [Shutdown] 3 subprocess(es) terminated.
[36m(TaskRunner pid=641918)[0m step:4 - chunk_state_source/selected_original_acc_mean:1.000 - chunk_state_source/prompt_original_pass:0.906 - chunk_state_source/prompt_original_mean:0.326 - chunk_state_source/selected_majority_consistent_mean:1.000 - chunk_state_source/prompt_majority_ratio_mean:0.370 - chunk_state_source/prompt_majority_pass:1.000 - chunk_state_source_chunk/enabled:1.000 - chunk_state_source_chunk/injected_ratio:1.000 - chunk_state_source_chunk/mean_len:128.000 - chunk_state_source_chunk/candidate_index:0.000 - chunk_state_support_anchor/enabled:1.000 - chunk_state_support_anchor/count:7.000 - chunk_state_support_anchor/candidate_start:1.000 - chunk_state_support_anchor/min_mass:0.100 - chunk_state_support_anchor/selection_mode_answer_stratified:0.000 - chunk_state_support_anchor/prefix_compat_enable:0.000 - chunk_state_support_anchor/prefix_compat_mode_hard:1.000 - chunk_state_support_anchor/prefix_compat_mode_soft:0.000 - chunk_state_support_anchor/prefix_compat_tokens:128.000 - chunk_state_support_anchor/min_prefix_match:0.750 - chunk_state_support_anchor/prefix_score_power:1.000 - chunk_state_support_anchor/skip_source:1.000 - chunk_state_support_anchor/injected_ratio:0.661 - chunk_state_support_anchor/state_keep_ratio:0.875 - chunk_state_support_anchor/skipped_no_anchor_ratio:0.125 - chunk_state_support_anchor/skipped_by_compat_ratio:0.000 - chunk_state_support_anchor/skipped_source_ratio:0.031 - chunk_state_support_anchor/score_mean:0.431 - chunk_state_support_anchor/positive_candidate_ratio:0.578 - chunk_state_support_anchor/prefix_match_mean:1.000 - chunk_state_support_anchor/prefix_match_min:1.000 - chunk_state_support_anchor/anchor_mass_mean:0.746 - chunk_state_support_anchor/anchor_mass_max:0.828 - chunk_state_support_anchor/anchor_len_mean:98.622 - chunk_state_support_anchor/unique_answer_ratio:0.272 - chunk_state_support_anchor/selected_rank_mean:2.541 - chunk_state_future_support_gain/group_size:32.000 - chunk_state_future_support_gain/min_mass:0.031 - chunk_state_future_support_gain/max_mass_coef:0.250 - chunk_state_future_support_gain/score_type_slack_gain:0.000 - chunk_state_future_support_gain/score_type_positive_gain:0.000 - chunk_state_future_support_gain/score_type_relative_positive_gain:0.000 - chunk_state_future_support_gain/score_type_tv_positive_gain:0.000 - chunk_state_future_support_gain/score_type_relative_tv_positive_gain:0.000 - chunk_state_future_support_gain/score_type_transport_affinity:0.000 - chunk_state_future_support_gain/score_type_transport_positive_gain:0.000 - chunk_state_future_support_gain/score_type_transport_support_gain:0.000 - chunk_state_future_support_gain/score_type_smoothed_transport_affinity:0.000 - chunk_state_future_support_gain/score_type_smoothed_transport_positive_gain:0.000 - chunk_state_future_support_gain/score_type_smoothed_transport_support_gain:0.000 - chunk_state_future_support_gain/score_type_support_value_affinity:0.000 - chunk_state_future_support_gain/score_type_support_distribution_match:0.000 - chunk_state_future_support_gain/score_type_posterior_support_match:1.000 - chunk_state_future_support_gain/score_type_posterior_value_improvement:0.000 - chunk_state_future_support_gain/gain_slack:0.125 - chunk_state_future_support_gain/baseline_scale:1.000 - chunk_state_future_support_gain/source_prior_weight:1.000 - chunk_state_future_support_gain/anchor_prior_weight:0.000 - chunk_state_future_support_gain/anchor_prior_power:1.000 - chunk_state_future_support_gain/anchor_prior_mean:1.000 - chunk_state_future_support_gain/anchor_prior_max:1.000 - chunk_state_future_support_gain/prior_smoothing:4.000 - chunk_state_future_support_gain/min_positive_margin:0.000 - chunk_state_future_support_gain/min_state_coverage:0.125 - chunk_state_future_support_gain/max_state_oov:0.875 - chunk_state_future_support_gain/min_state_mean_mass:0.015 - chunk_state_future_support_gain/min_state_max_mass:0.031 - chunk_state_future_support_gain/min_state_top_margin:0.001 - chunk_state_future_support_gain/min_candidate_coverage:0.000 - chunk_state_future_support_gain/min_candidate_mean_mass:0.000 - chunk_state_future_support_gain/source_mass_mean:0.765 - chunk_state_future_support_gain/prompt_top_mass_mean:0.765 - chunk_state_future_support_gain/support_coverage_mean:0.402 - chunk_state_future_support_gain/candidate_coverage_mean:0.402 - chunk_state_future_support_gain/candidate_quality_keep_ratio:1.000 - chunk_state_future_support_gain/mean_mass_mean:0.302 - chunk_state_future_support_gain/max_mass_mean:0.765 - chunk_state_future_support_gain/raw_gain_mean:-0.341 - chunk_state_future_support_gain/source_tv_mean:0.235 - chunk_state_future_support_gain/candidate_tv_mean:0.631 - chunk_state_future_support_gain/source_oov_tv_mean:0.235 - chunk_state_future_support_gain/candidate_oov_tv_mean:0.639 - chunk_state_future_support_gain/transport_affinity_mean:0.361 - chunk_state_future_support_gain/smoothed_candidate_oov_tv_mean:0.320 - chunk_state_future_support_gain/smoothed_transport_affinity_mean:0.680 - chunk_state_future_support_gain/support_expected_value_mean:0.302 - chunk_state_future_support_gain/support_overlap_mean:0.361 - chunk_state_future_support_gain/smoothed_support_expected_value_mean:0.450 - chunk_state_future_support_gain/smoothed_support_overlap_mean:0.680 - chunk_state_future_support_gain/candidate_entropy_mean:0.813 - chunk_state_future_support_gain/tv_gain_mean:-0.396 - chunk_state_future_support_gain/transport_gain_mean:-0.404 - chunk_state_future_support_gain/smoothed_transport_gain_mean:-0.084 - chunk_state_future_support_gain/score_mean_before_candidate_filter:0.411 - chunk_state_future_support_gain/score_mean:0.411 - chunk_state_future_support_gain/label_consistent_ratio_before_candidate_filter:1.000 - chunk_state_future_support_gain/label_consistent_ratio:1.000 - chunk_state_future_support_gain/improved_state_ratio:1.000 - chunk_state_future_support_gain/positive_margin_mean:0.651 - chunk_state_future_support_gain/state_oov_mean:0.598 - chunk_state_future_support_gain/state_mean_mass_mean:0.302 - chunk_state_future_support_gain/state_max_mass_mean:0.765 - chunk_state_future_support_gain/state_top_margin_mean:0.061 - chunk_state_future_support_gain/soft_weight_mean:0.317 - chunk_state_future_support_gain/learnable_state_keep_ratio:0.750 - chunk_state_future_support_gain/state_keep_ratio:0.750 - chunk_state_probe/raw_positive_ratio:0.411 - chunk_state_score/mode_majority_completion:0.000 - chunk_state_score/mode_answer_consensus:0.000 - chunk_state_score/mode_answer_distribution:0.000 - chunk_state_score/mode_answer_value_gain:0.000 - chunk_state_score/mode_answer_value_margin:0.000 - chunk_state_score/mode_answer_support_mass:0.000 - chunk_state_score/mode_future_support_gain:1.000 - chunk_state_score/mode_support_anchor:0.000 - chunk_state_score/mode_support_flow:0.000 - chunk_state_score/mode_answer_source_consistency:0.000 - chunk_state_probe/samples:4.000 - chunk_state_diag/boundary_mean:800.000 - chunk_state_diag/boundary_min:768.000 - chunk_state_diag/boundary_max:1024.000 - chunk_state_diag/boundary_zero_ratio:0.000 - chunk_state_diag/skipped_short_sources:0.000 - chunk_state_diag/skipped_support_sources:27.000 - chunk_state_diag/majority_consistent_fallbacks:0.000 - chunk_state_diag/support_low_fallbacks:0.000 - chunk_state_diag/real_state_count:5.000 - chunk_state_diag/pad_state_count:3.000 - chunk_state_diag/loss_weight_mean:0.625 - chunk_state_diag/source_response_len_mean:1249.875 - chunk_state_diag/probe_score_std:0.209 - chunk_state_diag/state_probe_mean_max:0.648 - chunk_state_diag/state_probe_mean_min:0.205 - chunk_state_diag/state_all_positive_ratio:1.000 - chunk_state_diag/state_all_negative_ratio:0.000 - chunk_state_diag/state_mixed_ratio:0.000 - chunk_state_diag/source_majority_consistent_mean:1.000 - chunk_state_diag/source_prompt_majority_ratio_mean:0.742 - chunk_state_diag/source_answer_mass_mean:0.765 - chunk_state_diag/source_answer_mass_min:0.633 - chunk_state_diag/source_prompt_top_mass_mean:0.765 - chunk_state_diag/source_prompt_top_mass_min:0.633 - chunk_state_diag/prompt_valid_answer_coverage_mean:0.969 - chunk_state_diag/prompt_answer_top_margin_mean:0.720 - chunk_state_diag/prompt_answer_entropy_mean:0.982 - chunk_state_diag/source_pseudo_acc_mean:1.000 - chunk_state_diag/source_original_acc_mean:1.000 - chunk_state_diag/prompt_pseudo_mean:0.742 - chunk_state_diag/prompt_original_mean:0.742 - chunk_state_diag/prompt_original_pass:1.000 - chunk_state_diag/probe_mean_source_original_correct:0.411 - chunk_state_diag/probe_mean_source_original_wrong:0.000 - chunk_state_diag/source_original_correct_ratio:1.000 - chunk_state_diag/jsonl_rows:8.000 - chunk_state/num_states:8.000 - chunk_state/real_states:5.000 - chunk_state/pad_states:3.000 - chunk_state/num_candidates:64.000 - chunk_state/num_actor_samples:32.000 - chunk_state/loss_weight_mean:0.398 - chunk_state/base_loss_weight_mean:0.625 - chunk_state/zeroed_state_ratio:0.500 - chunk_state/confidence_gate_ratio:0.875 - chunk_state/confidence_weight_mean:1.000 - chunk_state/min_state_positive_margin:-1.000 - chunk_state/future_support_keep_mode_hard:0.000 - chunk_state/future_support_keep_mode_soft:1.000 - chunk_state/future_support_keep_mode_off:0.000 - chunk_state/future_support_soft_weight_mean:0.317 - chunk_state/future_support_state_weight_mean:0.317 - chunk_state/future_support_soft_weight_floor:0.020 - chunk_state/future_support_keep_ratio:0.750 - chunk_state/source_quality_weight_mode_off:1.000 - chunk_state/source_quality_weight_mode_source_mass:0.000 - chunk_state/source_quality_weight_mode_prompt_top_mass:0.000 - chunk_state/source_quality_weight_mode_product:0.000 - chunk_state/source_quality_weight_mode_prompt_valid_answer_coverage:0.000 - chunk_state/source_quality_weight_mode_prompt_top_margin:0.000 - chunk_state/source_quality_weight_mode_coverage_margin_product:0.000 - chunk_state/source_quality_weight_mode_group_quality:0.000 - chunk_state/source_quality_weight_mean:1.000 - chunk_state/source_quality_weight_floor:0.000 - chunk_state/source_quality_weight_power:1.000 - chunk_state/source_quality_max_entropy:0.000 - chunk_state/source_answer_mass_mean:0.765 - chunk_state/source_prompt_top_mass_mean:0.765 - chunk_state/prompt_valid_answer_coverage_mean:0.969 - chunk_state/prompt_answer_top_margin_mean:0.720 - chunk_state/prompt_answer_entropy_mean:0.982 - chunk_state/majority_ratio_mean:0.765 - chunk_state/answer_coverage_mean:0.402 - chunk_state/answer_coverage_weighted_mean:0.559 - chunk_state/positive_margin_mean:0.651 - chunk_state/positive_margin_weighted_mean:0.734 - chunk_state/positive_ratio:0.411 - chunk_state/label_consistent_only:0.000 - chunk_state/zero_inconsistent_candidates:0.000 - chunk_state/prune_zero_weight_samples:1.000 - chunk_state/prune_padded_to_shards:0.000 - chunk_state/pruned_sample_ratio:0.500 - chunk_state/label_consistent_ratio:1.000 - chunk_state/informative_ratio:1.000 - chunk_state/kept_state_ratio:0.875 - chunk_state/target_entropy:1.843 - chunk_state/target_prior_mean:1.000 - chunk_state/target_prior_max:1.000 - chunk_state/weight_max:0.400 - chunk_state/weight_min:0.024 - chunk_state/powerflow_weight_clip:4.000 - chunk_state/powerflow_weight_clip_renorm:1.000 - chunk_state/powerflow_weight_before_clip_max:0.890 - chunk_state/powerflow_weight_before_clip_mean:0.398 - chunk_state/powerflow_weight_mean:1.000 - chunk_state/powerflow_weight_max:2.237 - chunk_state/powerflow_weight_min:0.189 - chunk_state/boxed_reward_mean:0.468 - chunk_state/boxed_reward_weighted_mean:0.612 - chunk_state/actor_batch_powerflow_weight_nonzero_ratio:1.000 - chunk_state/actor_batch_powerflow_weight_shard0_mean:1.276 - chunk_state/actor_batch_powerflow_weight_shard0_nonzero_ratio:1.000 - chunk_state/actor_batch_powerflow_weight_shard_mean_low:0.792 - chunk_state/actor_batch_powerflow_weight_shard_mean_high:1.276 - chunk_state/actor_batch_powerflow_weight_zero_shard_ratio:0.000 - chunk_state_actor_span/mode_chunk:1.000 - chunk_state_actor_span/response_len_mean:110.734 - chunk_state_actor_span/truncated_ratio:0.000 - actor/pg_loss:0.357 - actor/powerflow_loss:0.357 - actor/log_prob:-0.303 - actor/old_log_prob:0.000 - actor/ref_log_prob:-0.303 - actor/ref_log_prob/std:0.000 - actor/boxed_reward/mean:0.373 - actor/boxed_reward/min:0.000 - actor/boxed_reward/max:0.785 - actor/powerflow_weight/mean:1.276 - actor/powerflow_weight/min:0.214 - actor/powerflow_weight/max:2.237 - actor/powerflow_weight/nonzero_ratio:1.000 - actor/powerflow_local_batch_size:1.000 - actor/log_z:-1.148 - actor/importance_weight:0.800 - actor/powerflow_chunk_loss_target_only:0.000 - actor/ppo_kl:0.303 - actor/ref_kl:0.000 - actor/beta_coef:4.000 - actor/cispo_mask_ratio:0.213 - actor/cispo_dropped_tokens:27.250 - actor/condition_1_count:0.000 - actor/condition_2_count:27.250 - actor/pg_clipfrac:0.000 - actor/pg_clipfrac_lower:0.000 - actor/grad_norm:6.859 - perf/mfu/actor:0.000 - perf/max_memory_allocated_gb:166.224 - perf/max_memory_reserved_gb:176.205 - perf/cpu_memory_used_gb:791.211 - actor/lr:0.000 - timing_s/generate_sequences:18.266 - timing_s/reshard:0.468 - timing_s/gen:23.830 - timing_s/chunk_state_make_states:0.021 - timing_s/chunk_state_chunks/generate_sequences:0.530 - timing_s/chunk_state_chunks/reshard:0.355 - timing_s/chunk_state_chunks:0.923 - timing_s/chunk_state_probe/generate_sequences:6.498 - timing_s/chunk_state_probe/reshard:0.354 - timing_s/chunk_state_probe:6.987 - timing_s/chunk_state_score:6.546 - timing_s/chunk_state_build_actor_batch:0.006 - timing_s/chunk_state_ref:0.498 - timing_s/update_actor:1.378 - timing_per_token_ms/gen:0.023 - timing_per_token_ms/update_actor:0.001[36m(TaskRunner pid=641918)[0m Training Progress:  20%|██        | 4/20 [05:01<17:45, 66.57s/it]
[36m(TaskRunner pid=641918)[0m <string>:1: SymPyDeprecationWarning: 
[36m(TaskRunner pid=641918)[0m 
[36m(TaskRunner pid=641918)[0m Using non-Expr arguments in Pow is deprecated (in this case, one of the
[36m(TaskRunner pid=641918)[0m arguments is of type 'FiniteSet').
[36m(TaskRunner pid=641918)[0m 
[36m(TaskRunner pid=641918)[0m If you really did intend to construct a power with this base, use the **
[36m(TaskRunner pid=641918)[0m operator instead.
[36m(TaskRunner pid=641918)[0m 
[36m(TaskRunner pid=641918)[0m See https://docs.sympy.org/latest/explanation/active-deprecations.html#non-expr-args-deprecated
[36m(TaskRunner pid=641918)[0m for details.
[36m(TaskRunner pid=641918)[0m 
[36m(TaskRunner pid=641918)[0m This has been deprecated since SymPy version 1.7. It
[36m(TaskRunner pid=641918)[0m will be removed in a future version of SymPy.
[36m(TaskRunner pid=641918)[0m 
[36m(TaskRunner pid=641918)[0m /mlx_devbox/users/quyanyi/playground/.venvs/ttrl_b200/lib/python3.11/site-packages/sympy/core/power.py:1257: SymPyDeprecationWarning: 
[36m(TaskRunner pid=641918)[0m 
[36m(TaskRunner pid=641918)[0m Using non-Expr arguments in Pow is deprecated (in this case, one of the
[36m(TaskRunner pid=641918)[0m arguments is of type 'FiniteSet').
[36m(TaskRunner pid=641918)[0m 
[36m(TaskRunner pid=641918)[0m If you really did intend to construct a power with this base, use the **
[36m(TaskRunner pid=641918)[0m operator instead.
[36m(TaskRunner pid=641918)[0m 
[36m(TaskRunner pid=641918)[0m See https://docs.sympy.org/latest/explanation/active-deprecations.html#non-expr-args-deprecated
[36m(TaskRunner pid=641918)[0m for details.
[36m(TaskRunner pid=641918)[0m 
[36m(TaskRunner pid=641918)[0m This has been deprecated since SymPy version 1.7. It
[36m(TaskRunner pid=641918)[0m will be removed in a future version of SymPy.
[36m(TaskRunner pid=641918)[0m 
[36m(TaskRunner pid=641918)[0m   p = self.func(*self.as_base_exp())  # in case it's unevaluated
[36m(TaskRunner pid=641918)[0m <string>:1: SymPyDeprecationWarning: 
[36m(TaskRunner pid=641918)[0m 
[36m(TaskRunner pid=641918)[0m Using non-Expr arguments in Pow is deprecated (in this case, one of the
[36m(TaskRunner pid=641918)[0m arguments is of type 'FiniteSet').
[36m(TaskRunner pid=641918)[0m 
[36m(TaskRunner pid=641918)[0m If you really did intend to construct a power with this base, use the **
[36m(TaskRunner pid=641918)[0m operator instead.
[36m(TaskRunner pid=641918)[0m 
[36m(TaskRunner pid=641918)[0m See https://docs.sympy.org/latest/explanation/active-deprecations.html#non-expr-args-deprecated
[36m(TaskRunner pid=641918)[0m for details.
[36m(TaskRunner pid=641918)[0m 
[36m(TaskRunner pid=641918)[0m This has been deprecated since SymPy version 1.7. It
[36m(TaskRunner pid=641918)[0m will be removed in a future version of SymPy.
[36m(TaskRunner pid=641918)[0m 
[36m(TaskRunner pid=641918)[0m /mlx_devbox/users/quyanyi/playground/.venvs/ttrl_b200/lib/python3.11/site-packages/sympy/core/power.py:1257: SymPyDeprecationWarning: 
[36m(TaskRunner pid=641918)[0m 
[36m(TaskRunner pid=641918)[0m Using non-Expr arguments in Pow is deprecated (in this case, one of the
[36m(TaskRunner pid=641918)[0m arguments is of type 'FiniteSet').
[36m(TaskRunner pid=641918)[0m 
[36m(TaskRunner pid=641918)[0m If you really did intend to construct a power with this base, use the **
[36m(TaskRunner pid=641918)[0m operator instead.
[36m(TaskRunner pid=641918)[0m 
[36m(TaskRunner pid=641918)[0m See https://docs.sympy.org/latest/explanation/active-deprecations.html#non-expr-args-deprecated
[36m(TaskRunner pid=641918)[0m for details.
[36m(TaskRunner pid=641918)[0m 
[36m(TaskRunner pid=641918)[0m This has been deprecated since SymPy version 1.7. It
[36m(TaskRunner pid=641918)[0m will be removed in a future version of SymPy.
[36m(TaskRunner pid=641918)[0m 
[36m(TaskRunner pid=641918)[0m   p = self.func(*self.as_base_exp())  # in case it's unevaluated
[36m(TaskRunner pid=641918)[0m <string>:1: SymPyDeprecationWarning: 
[36m(TaskRunner pid=641918)[0m 
[36m(TaskRunner pid=641918)[0m Using non-Expr arguments in Pow is deprecated (in this case, one of the
[36m(TaskRunner pid=641918)[0m arguments is of type 'FiniteSet').
[36m(TaskRunner pid=641918)[0m 
[36m(TaskRunner pid=641918)[0m If you really did intend to construct a power with this base, use the **
[36m(TaskRunner pid=641918)[0m operator instead.
[36m(TaskRunner pid=641918)[0m 
[36m(TaskRunner pid=641918)[0m See https://docs.sympy.org/latest/explanation/active-deprecations.html#non-expr-args-deprecated
[36m(TaskRunner pid=641918)[0m for details.
[36m(TaskRunner pid=641918)[0m 
[36m(TaskRunner pid=641918)[0m This has been deprecated since SymPy version 1.7. It
[36m(TaskRunner pid=641918)[0m will be removed in a future version of SymPy.
[36m(TaskRunner pid=641918)[0m 
[36m(TaskRunner pid=641918)[0m /mlx_devbox/users/quyanyi/playground/.venvs/ttrl_b200/lib/python3.11/site-packages/sympy/core/power.py:1257: SymPyDeprecationWarning: 
[36m(TaskRunner pid=641918)[0m 
[36m(TaskRunner pid=641918)[0m Using non-Expr arguments in Pow is deprecated (in this case, one of the
[36m(TaskRunner pid=641918)[0m arguments is of type 'FiniteSet').
[36m(TaskRunner pid=641918)[0m 
[36m(TaskRunner pid=641918)[0m If you really did intend to construct a power with this base, use the **
[36m(TaskRunner pid=641918)[0m operator instead.
[36m(TaskRunner pid=641918)[0m 
[36m(TaskRunner pid=641918)[0m See https://docs.sympy.org/latest/explanation/active-deprecations.html#non-expr-args-deprecated
[36m(TaskRunner pid=641918)[0m for details.
[36m(TaskRunner pid=641918)[0m 
[36m(TaskRunner pid=641918)[0m This has been deprecated since SymPy version 1.7. It
[36m(TaskRunner pid=641918)[0m will be removed in a future version of SymPy.
[36m(TaskRunner pid=641918)[0m 
[36m(TaskRunner pid=641918)[0m   p = self.func(*self.as_base_exp())  # in case it's unevaluated
[36m(TaskRunner pid=641918)[0m <string>:1: SymPyDeprecationWarning: 
[36m(TaskRunner pid=641918)[0m 
[36m(TaskRunner pid=641918)[0m Using non-Expr arguments in Pow is deprecated (in this case, one of the
[36m(TaskRunner pid=641918)[0m arguments is of type 'FiniteSet').
[36m(TaskRunner pid=641918)[0m 
[36m(TaskRunner pid=641918)[0m If you really did intend to construct a power with this base, use the **
[36m(TaskRunner pid=641918)[0m operator instead.
[36m(TaskRunner pid=641918)[0m 
[36m(TaskRunner pid=641918)[0m See https://docs.sympy.org/latest/explanation/active-deprecations.html#non-expr-args-deprecated
[36m(TaskRunner pid=641918)[0m for details.
[36m(TaskRunner pid=641918)[0m 
[36m(TaskRunner pid=641918)[0m This has been deprecated since SymPy version 1.7. It
[36m(TaskRunner pid=641918)[0m will be removed in a future version of SymPy.
[36m(TaskRunner pid=641918)[0m 
[36m(TaskRunner pid=641918)[0m /mlx_devbox/users/quyanyi/playground/.venvs/ttrl_b200/lib/python3.11/site-packages/sympy/core/power.py:1257: SymPyDeprecationWarning: 
[36m(TaskRunner pid=641918)[0m 
[36m(TaskRunner pid=641918)[0m Using non-Expr arguments in Pow is deprecated (in this case, one of the
[36m(TaskRunner pid=641918)[0m arguments is of type 'FiniteSet').
[36m(TaskRunner pid=641918)[0m 
[36m(TaskRunner pid=641918)[0m If you really did intend to construct a power with this base, use the **
[36m(TaskRunner pid=641918)[0m operator instead.
[36m(TaskRunner pid=641918)[0m 
[36m(TaskRunner pid=641918)[0m See https://docs.sympy.org/latest/explanation/active-deprecations.html#non-expr-args-deprecated
[36m(TaskRunner pid=641918)[0m for details.
[36m(TaskRunner pid=641918)[0m 
[36m(TaskRunner pid=641918)[0m This has been deprecated since SymPy version 1.7. It
[36m(TaskRunner pid=641918)[0m will be removed in a future version of SymPy.
[36m(TaskRunner pid=641918)[0m 
[36m(TaskRunner pid=641918)[0m   p = self.func(*self.as_base_exp())  # in case it's unevaluated
[36m(TaskRunner pid=641918)[0m <string>:1: SymPyDeprecationWarning: 
[36m(TaskRunner pid=641918)[0m 
[36m(TaskRunner pid=641918)[0m Using non-Expr arguments in Pow is deprecated (in this case, one of the
[36m(TaskRunner pid=641918)[0m arguments is of type 'FiniteSet').
[36m(TaskRunner pid=641918)[0m 
[36m(TaskRunner pid=641918)[0m If you really did intend to construct a power with this base, use the **
[36m(TaskRunner pid=641918)[0m operator instead.
[36m(TaskRunner pid=641918)[0m 
[36m(TaskRunner pid=641918)[0m See https://docs.sympy.org/latest/explanation/active-deprecations.html#non-expr-args-deprecated
[36m(TaskRunner pid=641918)[0m for details.
[36m(TaskRunner pid=641918)[0m 
[36m(TaskRunner pid=641918)[0m This has been deprecated since SymPy version 1.7. It
[36m(TaskRunner pid=641918)[0m will be removed in a future version of SymPy.
[36m(TaskRunner pid=641918)[0m 
[36m(TaskRunner pid=641918)[0m <string>:1: SymPyDeprecationWarning: 
[36m(TaskRunner pid=641918)[0m 
[36m(TaskRunner pid=641918)[0m Using non-Expr arguments in Pow is deprecated (in this case, one of the
[36m(TaskRunner pid=641918)[0m arguments is of type 'FiniteSet').
[36m(TaskRunner pid=641918)[0m 
[36m(TaskRunner pid=641918)[0m If you really did intend to construct a power with this base, use the **
[36m(TaskRunner pid=641918)[0m operator instead.
[36m(TaskRunner pid=641918)[0m 
[36m(TaskRunner pid=641918)[0m See https://docs.sympy.org/latest/explanation/active-deprecations.html#non-expr-args-deprecated
[36m(TaskRunner pid=641918)[0m for details.
[36m(TaskRunner pid=641918)[0m 
[36m(TaskRunner pid=641918)[0m This has been deprecated since SymPy version 1.7. It
[36m(TaskRunner pid=641918)[0m will be removed in a future version of SymPy.
[36m(TaskRunner pid=641918)[0m 
[36m(TaskRunner pid=641918)[0m <string>:1: SymPyDeprecationWarning: 
[36m(TaskRunner pid=641918)[0m 
[36m(TaskRunner pid=641918)[0m Using non-Expr arguments in Pow is deprecated (in this case, one of the
[36m(TaskRunner pid=641918)[0m arguments is of type 'FiniteSet').
[36m(TaskRunner pid=641918)[0m 
[36m(TaskRunner pid=641918)[0m If you really did intend to construct a power with this base, use the **
[36m(TaskRunner pid=641918)[0m operator instead.
[36m(TaskRunner pid=641918)[0m 
[36m(TaskRunner pid=641918)[0m See https://docs.sympy.org/latest/explanation/active-deprecations.html#non-expr-args-deprecated
[36m(TaskRunner pid=641918)[0m for details.
[36m(TaskRunner pid=641918)[0m 
[36m(TaskRunner pid=641918)[0m This has been deprecated since SymPy version 1.7. It
[36m(TaskRunner pid=641918)[0m will be removed in a future version of SymPy.
[36m(TaskRunner pid=641918)[0m 
[36m(TaskRunner pid=641918)[0m <string>:1: SymPyDeprecationWarning: 
[36m(TaskRunner pid=641918)[0m 
[36m(TaskRunner pid=641918)[0m Using non-Expr arguments in Pow is deprecated (in this case, one of the
[36m(TaskRunner pid=641918)[0m arguments is of type 'FiniteSet').
[36m(TaskRunner pid=641918)[0m 
[36m(TaskRunner pid=641918)[0m If you really did intend to construct a power with this base, use the **
[36m(TaskRunner pid=641918)[0m operator instead.
[36m(TaskRunner pid=641918)[0m 
[36m(TaskRunner pid=641918)[0m See https://docs.sympy.org/latest/explanation/active-deprecations.html#non-expr-args-deprecated
[36m(TaskRunner pid=641918)[0m for details.
[36m(TaskRunner pid=641918)[0m 
[36m(TaskRunner pid=641918)[0m This has been deprecated since SymPy version 1.7. It
[36m(TaskRunner pid=641918)[0m will be removed in a future version of SymPy.
[36m(TaskRunner pid=641918)[0m 
[36m(TaskRunner pid=641918)[0m <string>:1: SymPyDeprecationWarning: 
[36m(TaskRunner pid=641918)[0m 
[36m(TaskRunner pid=641918)[0m Using non-Expr arguments in Pow is deprecated (in this case, one of the
[36m(TaskRunner pid=641918)[0m arguments is of type 'FiniteSet').
[36m(TaskRunner pid=641918)[0m 
[36m(TaskRunner pid=641918)[0m If you really did intend to construct a power with this base, use the **
[36m(TaskRunner pid=641918)[0m operator instead.
[36m(TaskRunner pid=641918)[0m 
[36m(TaskRunner pid=641918)[0m See https://docs.sympy.org/latest/explanation/active-deprecations.html#non-expr-args-deprecated
[36m(TaskRunner pid=641918)[0m for details.
[36m(TaskRunner pid=641918)[0m 
[36m(TaskRunner pid=641918)[0m This has been deprecated since SymPy version 1.7. It
[36m(TaskRunner pid=641918)[0m will be removed in a future version of SymPy.
[36m(TaskRunner pid=641918)[0m 

[36m(TaskRunner pid=641918)[0m [Shutdown] 3 subprocess(es) terminated.
[36m(TaskRunner pid=641918)[0m [Shutdown] 4 subprocess(es) terminated.
[36m(TaskRunner pid=641918)[0m [Shutdown] 6 subprocess(es) terminated.
[36m(TaskRunner pid=641918)[0m step:5 - chunk_state_source/selected_original_acc_mean:1.000 - chunk_state_source/prompt_original_pass:0.906 - chunk_state_source/prompt_original_mean:0.287 - chunk_state_source/selected_majority_consistent_mean:1.000 - chunk_state_source/prompt_majority_ratio_mean:0.308 - chunk_state_source/prompt_majority_pass:1.000 - chunk_state_source_chunk/enabled:1.000 - chunk_state_source_chunk/injected_ratio:1.000 - chunk_state_source_chunk/mean_len:128.000 - chunk_state_source_chunk/candidate_index:0.000 - chunk_state_support_anchor/enabled:1.000 - chunk_state_support_anchor/count:7.000 - chunk_state_support_anchor/candidate_start:1.000 - chunk_state_support_anchor/min_mass:0.100 - chunk_state_support_anchor/selection_mode_answer_stratified:0.000 - chunk_state_support_anchor/prefix_compat_enable:0.000 - chunk_state_support_anchor/prefix_compat_mode_hard:1.000 - chunk_state_support_anchor/prefix_compat_mode_soft:0.000 - chunk_state_support_anchor/prefix_compat_tokens:128.000 - chunk_state_support_anchor/min_prefix_match:0.750 - chunk_state_support_anchor/prefix_score_power:1.000 - chunk_state_support_anchor/skip_source:1.000 - chunk_state_support_anchor/injected_ratio:0.143 - chunk_state_support_anchor/state_keep_ratio:1.000 - chunk_state_support_anchor/skipped_no_anchor_ratio:0.000 - chunk_state_support_anchor/skipped_by_compat_ratio:0.000 - chunk_state_support_anchor/skipped_source_ratio:0.031 - chunk_state_support_anchor/score_mean:0.092 - chunk_state_support_anchor/positive_candidate_ratio:0.125 - chunk_state_support_anchor/prefix_match_mean:1.000 - chunk_state_support_anchor/prefix_match_min:1.000 - chunk_state_support_anchor/anchor_mass_mean:0.736 - chunk_state_support_anchor/anchor_mass_max:0.821 - chunk_state_support_anchor/anchor_len_mean:115.375 - chunk_state_support_anchor/unique_answer_ratio:1.000 - chunk_state_support_anchor/selected_rank_mean:0.000 - chunk_state_future_support_gain/group_size:32.000 - chunk_state_future_support_gain/min_mass:0.031 - chunk_state_future_support_gain/max_mass_coef:0.250 - chunk_state_future_support_gain/score_type_slack_gain:0.000 - chunk_state_future_support_gain/score_type_positive_gain:0.000 - chunk_state_future_support_gain/score_type_relative_positive_gain:0.000 - chunk_state_future_support_gain/score_type_tv_positive_gain:0.000 - chunk_state_future_support_gain/score_type_relative_tv_positive_gain:0.000 - chunk_state_future_support_gain/score_type_transport_affinity:0.000 - chunk_state_future_support_gain/score_type_transport_positive_gain:0.000 - chunk_state_future_support_gain/score_type_transport_support_gain:0.000 - chunk_state_future_support_gain/score_type_smoothed_transport_affinity:0.000 - chunk_state_future_support_gain/score_type_smoothed_transport_positive_gain:0.000 - chunk_state_future_support_gain/score_type_smoothed_transport_support_gain:0.000 - chunk_state_future_support_gain/score_type_support_value_affinity:0.000 - chunk_state_future_support_gain/score_type_support_distribution_match:0.000 - chunk_state_future_support_gain/score_type_posterior_support_match:1.000 - chunk_state_future_support_gain/score_type_posterior_value_improvement:0.000 - chunk_state_future_support_gain/gain_slack:0.125 - chunk_state_future_support_gain/baseline_scale:1.000 - chunk_state_future_support_gain/source_prior_weight:1.000 - chunk_state_future_support_gain/anchor_prior_weight:0.000 - chunk_state_future_support_gain/anchor_prior_power:1.000 - chunk_state_future_support_gain/anchor_prior_mean:1.000 - chunk_state_future_support_gain/anchor_prior_max:1.000 - chunk_state_future_support_gain/prior_smoothing:4.000 - chunk_state_future_support_gain/min_positive_margin:0.000 - chunk_state_future_support_gain/min_state_coverage:0.125 - chunk_state_future_support_gain/max_state_oov:0.875 - chunk_state_future_support_gain/min_state_mean_mass:0.015 - chunk_state_future_support_gain/min_state_max_mass:0.031 - chunk_state_future_support_gain/min_state_top_margin:0.001 - chunk_state_future_support_gain/min_candidate_coverage:0.000 - chunk_state_future_support_gain/min_candidate_mean_mass:0.000 - chunk_state_future_support_gain/source_mass_mean:0.736 - chunk_state_future_support_gain/prompt_top_mass_mean:0.736 - chunk_state_future_support_gain/support_coverage_mean:0.012 - chunk_state_future_support_gain/candidate_coverage_mean:0.012 - chunk_state_future_support_gain/candidate_quality_keep_ratio:1.000 - chunk_state_future_support_gain/mean_mass_mean:0.010 - chunk_state_future_support_gain/max_mass_mean:0.103 - chunk_state_future_support_gain/raw_gain_mean:-0.723 - chunk_state_future_support_gain/source_tv_mean:0.264 - chunk_state_future_support_gain/candidate_tv_mean:0.645 - chunk_state_future_support_gain/source_oov_tv_mean:0.264 - chunk_state_future_support_gain/candidate_oov_tv_mean:0.988 - chunk_state_future_support_gain/transport_affinity_mean:0.012 - chunk_state_future_support_gain/smoothed_candidate_oov_tv_mean:0.494 - chunk_state_future_support_gain/smoothed_transport_affinity_mean:0.506 - chunk_state_future_support_gain/support_expected_value_mean:0.010 - chunk_state_future_support_gain/support_overlap_mean:0.012 - chunk_state_future_support_gain/smoothed_support_expected_value_mean:0.281 - chunk_state_future_support_gain/smoothed_support_overlap_mean:0.506 - chunk_state_future_support_gain/candidate_entropy_mean:0.128 - chunk_state_future_support_gain/tv_gain_mean:-0.381 - chunk_state_future_support_gain/transport_gain_mean:-0.725 - chunk_state_future_support_gain/smoothed_transport_gain_mean:-0.230 - chunk_state_future_support_gain/score_mean_before_candidate_filter:0.201 - chunk_state_future_support_gain/score_mean:0.201 - chunk_state_future_support_gain/label_consistent_ratio_before_candidate_filter:1.000 - chunk_state_future_support_gain/label_consistent_ratio:1.000 - chunk_state_future_support_gain/improved_state_ratio:1.000 - chunk_state_future_support_gain/positive_margin_mean:0.251 - chunk_state_future_support_gain/state_oov_mean:0.988 - chunk_state_future_support_gain/state_mean_mass_mean:0.010 - chunk_state_future_support_gain/state_max_mass_mean:0.103 - chunk_state_future_support_gain/state_top_margin_mean:0.057 - chunk_state_future_support_gain/soft_weight_mean:0.010 - chunk_state_future_support_gain/learnable_state_keep_ratio:0.000 - chunk_state_future_support_gain/state_keep_ratio:0.000 - chunk_state_probe/raw_positive_ratio:0.201 - chunk_state_score/mode_majority_completion:0.000 - chunk_state_score/mode_answer_consensus:0.000 - chunk_state_score/mode_answer_distribution:0.000 - chunk_state_score/mode_answer_value_gain:0.000 - chunk_state_score/mode_answer_value_margin:0.000 - chunk_state_score/mode_answer_support_mass:0.000 - chunk_state_score/mode_future_support_gain:1.000 - chunk_state_score/mode_support_anchor:0.000 - chunk_state_score/mode_support_flow:0.000 - chunk_state_score/mode_answer_source_consistency:0.000 - chunk_state_probe/samples:4.000 - chunk_state_diag/boundary_mean:800.000 - chunk_state_diag/boundary_min:768.000 - chunk_state_diag/boundary_max:1024.000 - chunk_state_diag/boundary_zero_ratio:0.000 - chunk_state_diag/skipped_short_sources:0.000 - chunk_state_diag/skipped_support_sources:30.000 - chunk_state_diag/majority_consistent_fallbacks:2.000 - chunk_state_diag/support_low_fallbacks:0.000 - chunk_state_diag/real_state_count:2.000 - chunk_state_diag/pad_state_count:6.000 - chunk_state_diag/loss_weight_mean:0.250 - chunk_state_diag/source_response_len_mean:1470.375 - chunk_state_diag/probe_score_std:0.059 - chunk_state_diag/state_probe_mean_max:0.267 - chunk_state_diag/state_probe_mean_min:0.192 - chunk_state_diag/state_all_positive_ratio:1.000 - chunk_state_diag/state_all_negative_ratio:0.000 - chunk_state_diag/state_mixed_ratio:0.000 - chunk_state_diag/source_majority_consistent_mean:1.000 - chunk_state_diag/source_prompt_majority_ratio_mean:0.664 - chunk_state_diag/source_answer_mass_mean:0.736 - chunk_state_diag/source_answer_mass_min:0.724 - chunk_state_diag/source_prompt_top_mass_mean:0.736 - chunk_state_diag/source_prompt_top_mass_min:0.724 - chunk_state_diag/prompt_valid_answer_coverage_mean:0.902 - chunk_state_diag/prompt_answer_top_margin_mean:0.702 - chunk_state_diag/prompt_answer_entropy_mean:1.112 - chunk_state_diag/source_pseudo_acc_mean:0.875 - chunk_state_diag/source_original_acc_mean:1.000 - chunk_state_diag/prompt_pseudo_mean:0.574 - chunk_state_diag/prompt_original_mean:0.664 - chunk_state_diag/prompt_original_pass:1.000 - chunk_state_diag/probe_mean_source_original_correct:0.201 - chunk_state_diag/probe_mean_source_original_wrong:0.000 - chunk_state_diag/source_original_correct_ratio:1.000 - chunk_state_diag/jsonl_rows:8.000 - chunk_state/num_states:8.000 - chunk_state/real_states:2.000 - chunk_state/pad_states:6.000 - chunk_state/num_candidates:64.000 - chunk_state/num_actor_samples:64.000 - chunk_state/loss_weight_mean:0.000 - chunk_state/base_loss_weight_mean:0.250 - chunk_state/zeroed_state_ratio:1.000 - chunk_state/confidence_gate_ratio:0.000 - chunk_state/confidence_weight_mean:1.000 - chunk_state/min_state_positive_margin:-1.000 - chunk_state/future_support_keep_mode_hard:0.000 - chunk_state/future_support_keep_mode_soft:1.000 - chunk_state/future_support_keep_mode_off:0.000 - chunk_state/future_support_soft_weight_mean:0.010 - chunk_state/future_support_state_weight_mean:0.027 - chunk_state/future_support_soft_weight_floor:0.020 - chunk_state/future_support_keep_ratio:0.000 - chunk_state/source_quality_weight_mode_off:1.000 - chunk_state/source_quality_weight_mode_source_mass:0.000 - chunk_state/source_quality_weight_mode_prompt_top_mass:0.000 - chunk_state/source_quality_weight_mode_product:0.000 - chunk_state/source_quality_weight_mode_prompt_valid_answer_coverage:0.000 - chunk_state/source_quality_weight_mode_prompt_top_margin:0.000 - chunk_state/source_quality_weight_mode_coverage_margin_product:0.000 - chunk_state/source_quality_weight_mode_group_quality:0.000 - chunk_state/source_quality_weight_mean:1.000 - chunk_state/source_quality_weight_floor:0.000 - chunk_state/source_quality_weight_power:1.000 - chunk_state/source_quality_max_entropy:0.000 - chunk_state/source_answer_mass_mean:0.736 - chunk_state/source_prompt_top_mass_mean:0.736 - chunk_state/prompt_valid_answer_coverage_mean:0.902 - chunk_state/prompt_answer_top_margin_mean:0.702 - chunk_state/prompt_answer_entropy_mean:1.112 - chunk_state/majority_ratio_mean:0.736 - chunk_state/answer_coverage_mean:0.012 - chunk_state/answer_coverage_weighted_mean:0.000 - chunk_state/positive_margin_mean:0.251 - chunk_state/positive_margin_weighted_mean:0.000 - chunk_state/positive_ratio:0.201 - chunk_state/label_consistent_only:0.000 - chunk_state/zero_inconsistent_candidates:0.000 - chunk_state/prune_zero_weight_samples:1.000 - chunk_state/prune_padded_to_shards:0.000 - chunk_state/pruned_sample_ratio:0.000 - chunk_state/label_consistent_ratio:1.000 - chunk_state/informative_ratio:0.125 - chunk_state/kept_state_ratio:0.000 - chunk_state/target_entropy:2.023 - chunk_state/target_prior_mean:1.000 - chunk_state/target_prior_max:1.000 - chunk_state/weight_max:0.520 - chunk_state/weight_min:0.069 - chunk_state/powerflow_weight_clip:4.000 - chunk_state/powerflow_weight_clip_renorm:1.000 - chunk_state/powerflow_weight_before_clip_max:0.000 - chunk_state/powerflow_weight_before_clip_mean:0.000 - chunk_state/powerflow_weight_mean:0.000 - chunk_state/powerflow_weight_max:0.000 - chunk_state/powerflow_weight_min:0.000 - chunk_state/boxed_reward_mean:0.201 - chunk_state/boxed_reward_weighted_mean:0.000 - chunk_state/actor_batch_powerflow_weight_nonzero_ratio:0.000 - chunk_state/actor_batch_powerflow_weight_shard0_mean:0.000 - chunk_state/actor_batch_powerflow_weight_shard0_nonzero_ratio:0.000 - chunk_state/actor_batch_powerflow_weight_shard_mean_low:0.000 - chunk_state/actor_batch_powerflow_weight_shard_mean_high:0.000 - chunk_state/actor_batch_powerflow_weight_zero_shard_ratio:1.000 - chunk_state_actor_span/mode_chunk:1.000 - chunk_state_actor_span/response_len_mean:126.422 - chunk_state_actor_span/truncated_ratio:0.000 - actor/pg_loss:0.000 - actor/powerflow_loss:0.000 - actor/log_prob:-0.530 - actor/old_log_prob:0.000 - actor/ref_log_prob:-0.529 - actor/ref_log_prob/std:0.000 - actor/boxed_reward/mean:0.194 - actor/boxed_reward/min:0.192 - actor/boxed_reward/max:0.210 - actor/powerflow_weight/mean:0.000 - actor/powerflow_weight/min:0.000 - actor/powerflow_weight/max:0.000 - actor/powerflow_weight/nonzero_ratio:0.000 - actor/powerflow_local_batch_size:1.000 - actor/log_z:-1.659 - actor/importance_weight:0.800 - actor/powerflow_chunk_loss_target_only:0.000 - actor/ppo_kl:0.530 - actor/ref_kl:0.001 - actor/beta_coef:4.000 - actor/cispo_mask_ratio:0.366 - actor/cispo_dropped_tokens:46.875 - actor/condition_1_count:0.000 - actor/condition_2_count:46.875 - actor/pg_clipfrac:0.000 - actor/pg_clipfrac_lower:0.000 - actor/grad_norm:0.000 - perf/mfu/actor:0.000 - perf/max_memory_allocated_gb:166.224 - perf/max_memory_reserved_gb:176.205 - perf/cpu_memory_used_gb:791.129 - actor/lr:0.000 - timing_s/generate_sequences:17.770 - timing_s/reshard:0.447 - timing_s/gen:21.644 - timing_s/chunk_state_make_states:0.020 - timing_s/chunk_state_chunks/generate_sequences:0.531 - timing_s/chunk_state_chunks/reshard:1.114 - timing_s/chunk_state_chunks:1.689 - timing_s/chunk_state_probe/generate_sequences:6.668 - timing_s/chunk_state_probe/reshard:2.592 - timing_s/chunk_state_probe:9.472 - timing_s/chunk_state_score:5.895 - timing_s/chunk_state_build_actor_batch:0.006 - timing_s/chunk_state_ref:0.986 - timing_s/update_actor:2.395 - timing_per_token_ms/gen:0.021 - timing_per_token_ms/update_actor:0.002[36m(TaskRunner pid=641918)[0m Training Progress:  25%|██▌       | 5/20 [05:53<15:17, 61.14s/it]
[36m(TaskRunner pid=641918)[0m <string>:1: SymPyDeprecationWarning: 
[36m(TaskRunner pid=641918)[0m 
[36m(TaskRunner pid=641918)[0m Using non-Expr arguments in Pow is deprecated (in this case, one of the
[36m(TaskRunner pid=641918)[0m arguments is of type 'FiniteSet').
[36m(TaskRunner pid=641918)[0m 
[36m(TaskRunner pid=641918)[0m If you really did intend to construct a power with this base, use the **
[36m(TaskRunner pid=641918)[0m operator instead.
[36m(TaskRunner pid=641918)[0m 
[36m(TaskRunner pid=641918)[0m See https://docs.sympy.org/latest/explanation/active-deprecations.html#non-expr-args-deprecated
[36m(TaskRunner pid=641918)[0m for details.
[36m(TaskRunner pid=641918)[0m 
[36m(TaskRunner pid=641918)[0m This has been deprecated since SymPy version 1.7. It
[36m(TaskRunner pid=641918)[0m will be removed in a future version of SymPy.
[36m(TaskRunner pid=641918)[0m 
[36m(TaskRunner pid=641918)[0m <string>:1: SymPyDeprecationWarning: 
[36m(TaskRunner pid=641918)[0m 
[36m(TaskRunner pid=641918)[0m Using non-Expr arguments in Pow is deprecated (in this case, one of the
[36m(TaskRunner pid=641918)[0m arguments is of type 'FiniteSet').
[36m(TaskRunner pid=641918)[0m 
[36m(TaskRunner pid=641918)[0m If you really did intend to construct a power with this base, use the **
[36m(TaskRunner pid=641918)[0m operator instead.
[36m(TaskRunner pid=641918)[0m 
[36m(TaskRunner pid=641918)[0m See https://docs.sympy.org/latest/explanation/active-deprecations.html#non-expr-args-deprecated
[36m(TaskRunner pid=641918)[0m for details.
[36m(TaskRunner pid=641918)[0m 
[36m(TaskRunner pid=641918)[0m This has been deprecated since SymPy version 1.7. It
[36m(TaskRunner pid=641918)[0m will be removed in a future version of SymPy.
[36m(TaskRunner pid=641918)[0m 
[36m(TaskRunner pid=641918)[0m <string>:1: SymPyDeprecationWarning: 
[36m(TaskRunner pid=641918)[0m 
[36m(TaskRunner pid=641918)[0m Using non-Expr arguments in Pow is deprecated (in this case, one of the
[36m(TaskRunner pid=641918)[0m arguments is of type 'FiniteSet').
[36m(TaskRunner pid=641918)[0m 
[36m(TaskRunner pid=641918)[0m If you really did intend to construct a power with this base, use the **
[36m(TaskRunner pid=641918)[0m operator instead.
[36m(TaskRunner pid=641918)[0m 
[36m(TaskRunner pid=641918)[0m See https://docs.sympy.org/latest/explanation/active-deprecations.html#non-expr-args-deprecated
[36m(TaskRunner pid=641918)[0m for details.
[36m(TaskRunner pid=641918)[0m 
[36m(TaskRunner pid=641918)[0m This has been deprecated since SymPy version 1.7. It
[36m(TaskRunner pid=641918)[0m will be removed in a future version of SymPy.
[36m(TaskRunner pid=641918)[0m 

[36m(TaskRunner pid=641918)[0m [Shutdown] 4 subprocess(es) terminated.
[36m(TaskRunner pid=641918)[0m [Shutdown] 2 subprocess(es) terminated.
[36m(TaskRunner pid=641918)[0m [Shutdown] 45 subprocess(es) terminated.
[36m(TaskRunner pid=641918)[0m step:6 - chunk_state_source/selected_original_acc_mean:1.000 - chunk_state_source/prompt_original_pass:0.938 - chunk_state_source/prompt_original_mean:0.233 - chunk_state_source/selected_majority_consistent_mean:1.000 - chunk_state_source/prompt_majority_ratio_mean:0.259 - chunk_state_source/prompt_majority_pass:1.000 - chunk_state_source_chunk/enabled:1.000 - chunk_state_source_chunk/injected_ratio:1.000 - chunk_state_source_chunk/mean_len:128.000 - chunk_state_source_chunk/candidate_index:0.000 - chunk_state_support_anchor/enabled:1.000 - chunk_state_support_anchor/count:7.000 - chunk_state_support_anchor/candidate_start:1.000 - chunk_state_support_anchor/min_mass:0.100 - chunk_state_support_anchor/selection_mode_answer_stratified:0.000 - chunk_state_support_anchor/prefix_compat_enable:0.000 - chunk_state_support_anchor/prefix_compat_mode_hard:1.000 - chunk_state_support_anchor/prefix_compat_mode_soft:0.000 - chunk_state_support_anchor/prefix_compat_tokens:128.000 - chunk_state_support_anchor/min_prefix_match:0.750 - chunk_state_support_anchor/prefix_score_power:1.000 - chunk_state_support_anchor/skip_source:1.000 - chunk_state_support_anchor/injected_ratio:0.000 - chunk_state_support_anchor/state_keep_ratio:0.000 - chunk_state_support_anchor/skipped_no_anchor_ratio:1.000 - chunk_state_support_anchor/skipped_by_compat_ratio:0.000 - chunk_state_support_anchor/skipped_source_ratio:0.031 - chunk_state_support_anchor/score_mean:0.000 - chunk_state_support_anchor/positive_candidate_ratio:0.000 - chunk_state_support_anchor/prefix_match_mean:0.000 - chunk_state_support_anchor/prefix_match_min:0.000 - chunk_state_support_anchor/anchor_mass_mean:0.000 - chunk_state_support_anchor/anchor_mass_max:0.000 - chunk_state_support_anchor/anchor_len_mean:0.000 - chunk_state_support_anchor/unique_answer_ratio:0.000 - chunk_state_support_anchor/selected_rank_mean:0.000 - chunk_state_future_support_gain/group_size:32.000 - chunk_state_future_support_gain/min_mass:0.031 - chunk_state_future_support_gain/max_mass_coef:0.250 - chunk_state_future_support_gain/score_type_slack_gain:0.000 - chunk_state_future_support_gain/score_type_positive_gain:0.000 - chunk_state_future_support_gain/score_type_relative_positive_gain:0.000 - chunk_state_future_support_gain/score_type_tv_positive_gain:0.000 - chunk_state_future_support_gain/score_type_relative_tv_positive_gain:0.000 - chunk_state_future_support_gain/score_type_transport_affinity:0.000 - chunk_state_future_support_gain/score_type_transport_positive_gain:0.000 - chunk_state_future_support_gain/score_type_transport_support_gain:0.000 - chunk_state_future_support_gain/score_type_smoothed_transport_affinity:0.000 - chunk_state_future_support_gain/score_type_smoothed_transport_positive_gain:0.000 - chunk_state_future_support_gain/score_type_smoothed_transport_support_gain:0.000 - chunk_state_future_support_gain/score_type_support_value_affinity:0.000 - chunk_state_future_support_gain/score_type_support_distribution_match:0.000 - chunk_state_future_support_gain/score_type_posterior_support_match:1.000 - chunk_state_future_support_gain/score_type_posterior_value_improvement:0.000 - chunk_state_future_support_gain/gain_slack:0.125 - chunk_state_future_support_gain/baseline_scale:1.000 - chunk_state_future_support_gain/source_prior_weight:1.000 - chunk_state_future_support_gain/anchor_prior_weight:0.000 - chunk_state_future_support_gain/anchor_prior_power:1.000 - chunk_state_future_support_gain/anchor_prior_mean:1.000 - chunk_state_future_support_gain/anchor_prior_max:1.000 - chunk_state_future_support_gain/prior_smoothing:4.000 - chunk_state_future_support_gain/min_positive_margin:0.000 - chunk_state_future_support_gain/min_state_coverage:0.125 - chunk_state_future_support_gain/max_state_oov:0.875 - chunk_state_future_support_gain/min_state_mean_mass:0.015 - chunk_state_future_support_gain/min_state_max_mass:0.031 - chunk_state_future_support_gain/min_state_top_margin:0.001 - chunk_state_future_support_gain/min_candidate_coverage:0.000 - chunk_state_future_support_gain/min_candidate_mean_mass:0.000 - chunk_state_future_support_gain/source_mass_mean:0.692 - chunk_state_future_support_gain/prompt_top_mass_mean:0.692 - chunk_state_future_support_gain/support_coverage_mean:0.043 - chunk_state_future_support_gain/candidate_coverage_mean:0.043 - chunk_state_future_support_gain/candidate_quality_keep_ratio:1.000 - chunk_state_future_support_gain/mean_mass_mean:0.010 - chunk_state_future_support_gain/max_mass_mean:0.298 - chunk_state_future_support_gain/raw_gain_mean:-0.673 - chunk_state_future_support_gain/source_tv_mean:0.308 - chunk_state_future_support_gain/candidate_tv_mean:0.976 - chunk_state_future_support_gain/source_oov_tv_mean:0.308 - chunk_state_future_support_gain/candidate_oov_tv_mean:0.982 - chunk_state_future_support_gain/transport_affinity_mean:0.018 - chunk_state_future_support_gain/smoothed_candidate_oov_tv_mean:0.491 - chunk_state_future_support_gain/smoothed_transport_affinity_mean:0.509 - chunk_state_future_support_gain/support_expected_value_mean:0.010 - chunk_state_future_support_gain/support_overlap_mean:0.018 - chunk_state_future_support_gain/smoothed_support_expected_value_mean:0.252 - chunk_state_future_support_gain/smoothed_support_overlap_mean:0.509 - chunk_state_future_support_gain/candidate_entropy_mean:0.969 - chunk_state_future_support_gain/tv_gain_mean:-0.669 - chunk_state_future_support_gain/transport_gain_mean:-0.674 - chunk_state_future_support_gain/smoothed_transport_gain_mean:-0.183 - chunk_state_future_support_gain/score_mean_before_candidate_filter:0.194 - chunk_state_future_support_gain/score_mean:0.194 - chunk_state_future_support_gain/label_consistent_ratio_before_candidate_filter:1.000 - chunk_state_future_support_gain/label_consistent_ratio:1.000 - chunk_state_future_support_gain/improved_state_ratio:1.000 - chunk_state_future_support_gain/positive_margin_mean:0.244 - chunk_state_future_support_gain/state_oov_mean:0.957 - chunk_state_future_support_gain/state_mean_mass_mean:0.010 - chunk_state_future_support_gain/state_max_mass_mean:0.298 - chunk_state_future_support_gain/state_top_margin_mean:0.054 - chunk_state_future_support_gain/soft_weight_mean:0.013 - chunk_state_future_support_gain/learnable_state_keep_ratio:0.000 - chunk_state_future_support_gain/state_keep_ratio:0.000 - chunk_state_probe/raw_positive_ratio:0.194 - chunk_state_score/mode_majority_completion:0.000 - chunk_state_score/mode_answer_consensus:0.000 - chunk_state_score/mode_answer_distribution:0.000 - chunk_state_score/mode_answer_value_gain:0.000 - chunk_state_score/mode_answer_value_margin:0.000 - chunk_state_score/mode_answer_support_mass:0.000 - chunk_state_score/mode_future_support_gain:1.000 - chunk_state_score/mode_support_anchor:0.000 - chunk_state_score/mode_support_flow:0.000 - chunk_state_score/mode_answer_source_consistency:0.000 - chunk_state_probe/samples:4.000 - chunk_state_diag/boundary_mean:1024.000 - chunk_state_diag/boundary_min:1024.000 - chunk_state_diag/boundary_max:1024.000 - chunk_state_diag/boundary_zero_ratio:0.000 - chunk_state_diag/skipped_short_sources:0.000 - chunk_state_diag/skipped_support_sources:31.000 - chunk_state_diag/majority_consistent_fallbacks:0.000 - chunk_state_diag/support_low_fallbacks:0.000 - chunk_state_diag/real_state_count:1.000 - chunk_state_diag/pad_state_count:7.000 - chunk_state_diag/loss_weight_mean:0.125 - chunk_state_diag/source_response_len_mean:2733.000 - chunk_state_diag/probe_score_std:0.024 - chunk_state_diag/state_probe_mean_max:0.203 - chunk_state_diag/state_probe_mean_min:0.188 - chunk_state_diag/state_all_positive_ratio:1.000 - chunk_state_diag/state_all_negative_ratio:0.000 - chunk_state_diag/state_mixed_ratio:0.000 - chunk_state_diag/source_majority_consistent_mean:1.000 - chunk_state_diag/source_prompt_majority_ratio_mean:0.562 - chunk_state_diag/source_answer_mass_mean:0.692 - chunk_state_diag/source_answer_mass_min:0.692 - chunk_state_diag/source_prompt_top_mass_mean:0.692 - chunk_state_diag/source_prompt_top_mass_min:0.692 - chunk_state_diag/prompt_valid_answer_coverage_mean:0.812 - chunk_state_diag/prompt_answer_top_margin_mean:0.615 - chunk_state_diag/prompt_answer_entropy_mean:1.204 - chunk_state_diag/source_pseudo_acc_mean:1.000 - chunk_state_diag/source_original_acc_mean:1.000 - chunk_state_diag/prompt_pseudo_mean:0.562 - chunk_state_diag/prompt_original_mean:0.562 - chunk_state_diag/prompt_original_pass:1.000 - chunk_state_diag/probe_mean_source_original_correct:0.194 - chunk_state_diag/probe_mean_source_original_wrong:0.000 - chunk_state_diag/source_original_correct_ratio:1.000 - chunk_state_diag/jsonl_rows:8.000 - chunk_state/num_states:8.000 - chunk_state/real_states:1.000 - chunk_state/pad_states:7.000 - chunk_state/num_candidates:64.000 - chunk_state/num_actor_samples:64.000 - chunk_state/loss_weight_mean:0.000 - chunk_state/base_loss_weight_mean:0.125 - chunk_state/zeroed_state_ratio:1.000 - chunk_state/confidence_gate_ratio:0.000 - chunk_state/confidence_weight_mean:1.000 - chunk_state/min_state_positive_margin:-1.000 - chunk_state/future_support_keep_mode_hard:0.000 - chunk_state/future_support_keep_mode_soft:1.000 - chunk_state/future_support_keep_mode_off:0.000 - chunk_state/future_support_soft_weight_mean:0.013 - chunk_state/future_support_state_weight_mean:0.023 - chunk_state/future_support_soft_weight_floor:0.020 - chunk_state/future_support_keep_ratio:0.000 - chunk_state/source_quality_weight_mode_off:1.000 - chunk_state/source_quality_weight_mode_source_mass:0.000 - chunk_state/source_quality_weight_mode_prompt_top_mass:0.000 - chunk_state/source_quality_weight_mode_product:0.000 - chunk_state/source_quality_weight_mode_prompt_valid_answer_coverage:0.000 - chunk_state/source_quality_weight_mode_prompt_top_margin:0.000 - chunk_state/source_quality_weight_mode_coverage_margin_product:0.000 - chunk_state/source_quality_weight_mode_group_quality:0.000 - chunk_state/source_quality_weight_mean:1.000 - chunk_state/source_quality_weight_floor:0.000 - chunk_state/source_quality_weight_power:1.000 - chunk_state/source_quality_max_entropy:0.000 - chunk_state/source_answer_mass_mean:0.692 - chunk_state/source_prompt_top_mass_mean:0.692 - chunk_state/prompt_valid_answer_coverage_mean:0.812 - chunk_state/prompt_answer_top_margin_mean:0.615 - chunk_state/prompt_answer_entropy_mean:1.204 - chunk_state/majority_ratio_mean:0.692 - chunk_state/answer_coverage_mean:0.043 - chunk_state/answer_coverage_weighted_mean:0.000 - chunk_state/positive_margin_mean:0.244 - chunk_state/positive_margin_weighted_mean:0.000 - chunk_state/positive_ratio:0.194 - chunk_state/label_consistent_only:0.000 - chunk_state/zero_inconsistent_candidates:0.000 - chunk_state/prune_zero_weight_samples:1.000 - chunk_state/prune_padded_to_shards:0.000 - chunk_state/pruned_sample_ratio:0.000 - chunk_state/label_consistent_ratio:1.000 - chunk_state/informative_ratio:1.000 - chunk_state/kept_state_ratio:0.000 - chunk_state/target_entropy:2.060 - chunk_state/target_prior_mean:1.000 - chunk_state/target_prior_max:1.000 - chunk_state/weight_max:0.237 - chunk_state/weight_min:0.108 - chunk_state/powerflow_weight_clip:4.000 - chunk_state/powerflow_weight_clip_renorm:1.000 - chunk_state/powerflow_weight_before_clip_max:0.000 - chunk_state/powerflow_weight_before_clip_mean:0.000 - chunk_state/powerflow_weight_mean:0.000 - chunk_state/powerflow_weight_max:0.000 - chunk_state/powerflow_weight_min:0.000 - chunk_state/boxed_reward_mean:0.194 - chunk_state/boxed_reward_weighted_mean:0.000 - chunk_state/actor_batch_powerflow_weight_nonzero_ratio:0.000 - chunk_state/actor_batch_powerflow_weight_shard0_mean:0.000 - chunk_state/actor_batch_powerflow_weight_shard0_nonzero_ratio:0.000 - chunk_state/actor_batch_powerflow_weight_shard_mean_low:0.000 - chunk_state/actor_batch_powerflow_weight_shard_mean_high:0.000 - chunk_state/actor_batch_powerflow_weight_zero_shard_ratio:1.000 - chunk_state_actor_span/mode_chunk:1.000 - chunk_state_actor_span/response_len_mean:128.000 - chunk_state_actor_span/truncated_ratio:0.000 - actor/pg_loss:0.000 - actor/powerflow_loss:0.000 - actor/log_prob:-0.016 - actor/old_log_prob:0.000 - actor/ref_log_prob:-0.016 - actor/ref_log_prob/std:0.000 - actor/boxed_reward/mean:0.201 - actor/boxed_reward/min:0.187 - actor/boxed_reward/max:0.300 - actor/powerflow_weight/mean:0.000 - actor/powerflow_weight/min:0.000 - actor/powerflow_weight/max:0.000 - actor/powerflow_weight/nonzero_ratio:0.000 - actor/powerflow_local_batch_size:1.000 - actor/log_z:-1.118 - actor/importance_weight:0.829 - actor/powerflow_chunk_loss_target_only:0.000 - actor/ppo_kl:0.016 - actor/ref_kl:0.000 - actor/beta_coef:4.000 - actor/cispo_mask_ratio:0.023 - actor/cispo_dropped_tokens:3.000 - actor/condition_1_count:0.000 - actor/condition_2_count:3.000 - actor/pg_clipfrac:0.000 - actor/pg_clipfrac_lower:0.000 - actor/grad_norm:0.000 - perf/mfu/actor:0.000 - perf/max_memory_allocated_gb:166.224 - perf/max_memory_reserved_gb:176.205 - perf/cpu_memory_used_gb:791.505 - actor/lr:0.000 - timing_s/generate_sequences:17.966 - timing_s/reshard:0.455 - timing_s/gen:23.144 - timing_s/chunk_state_make_states:0.017 - timing_s/chunk_state_chunks/generate_sequences:0.536 - timing_s/chunk_state_chunks/reshard:0.350 - timing_s/chunk_state_chunks:0.923 - timing_s/chunk_state_probe/generate_sequences:6.637 - timing_s/chunk_state_probe/reshard:0.380 - timing_s/chunk_state_probe:7.104 - timing_s/chunk_state_score:7.777 - timing_s/chunk_state_build_actor_batch:0.006 - timing_s/chunk_state_ref:0.980 - timing_s/update_actor:2.555 - timing_per_token_ms/gen:0.021 - timing_per_token_ms/update_actor:0.002[36m(TaskRunner pid=641918)[0m Training Progress:  30%|███       | 6/20 [06:46<13:38, 58.47s/it]
[36m(TaskRunner pid=641918)[0m <string>:1: SymPyDeprecationWarning: 
[36m(TaskRunner pid=641918)[0m 
[36m(TaskRunner pid=641918)[0m Using non-Expr arguments in Pow is deprecated (in this case, one of the
[36m(TaskRunner pid=641918)[0m arguments is of type 'FiniteSet').
[36m(TaskRunner pid=641918)[0m 
[36m(TaskRunner pid=641918)[0m If you really did intend to construct a power with this base, use the **
[36m(TaskRunner pid=641918)[0m operator instead.
[36m(TaskRunner pid=641918)[0m 
[36m(TaskRunner pid=641918)[0m See https://docs.sympy.org/latest/explanation/active-deprecations.html#non-expr-args-deprecated
[36m(TaskRunner pid=641918)[0m for details.
[36m(TaskRunner pid=641918)[0m 
[36m(TaskRunner pid=641918)[0m This has been deprecated since SymPy version 1.7. It
[36m(TaskRunner pid=641918)[0m will be removed in a future version of SymPy.
[36m(TaskRunner pid=641918)[0m 
[36m(TaskRunner pid=641918)[0m <string>:1: SymPyDeprecationWarning: 
[36m(TaskRunner pid=641918)[0m 
[36m(TaskRunner pid=641918)[0m Using non-Expr arguments in Pow is deprecated (in this case, one of the
[36m(TaskRunner pid=641918)[0m arguments is of type 'FiniteSet').
[36m(TaskRunner pid=641918)[0m 
[36m(TaskRunner pid=641918)[0m If you really did intend to construct a power with this base, use the **
[36m(TaskRunner pid=641918)[0m operator instead.
[36m(TaskRunner pid=641918)[0m 
[36m(TaskRunner pid=641918)[0m See https://docs.sympy.org/latest/explanation/active-deprecations.html#non-expr-args-deprecated
[36m(TaskRunner pid=641918)[0m for details.
[36m(TaskRunner pid=641918)[0m 
[36m(TaskRunner pid=641918)[0m This has been deprecated since SymPy version 1.7. It
[36m(TaskRunner pid=641918)[0m will be removed in a future version of SymPy.
[36m(TaskRunner pid=641918)[0m 
[36m(TaskRunner pid=641918)[0m <string>:1: SymPyDeprecationWarning: 
[36m(TaskRunner pid=641918)[0m 
[36m(TaskRunner pid=641918)[0m Using non-Expr arguments in Pow is deprecated (in this case, one of the
[36m(TaskRunner pid=641918)[0m arguments is of type 'FiniteSet').
[36m(TaskRunner pid=641918)[0m 
[36m(TaskRunner pid=641918)[0m If you really did intend to construct a power with this base, use the **
[36m(TaskRunner pid=641918)[0m operator instead.
[36m(TaskRunner pid=641918)[0m 
[36m(TaskRunner pid=641918)[0m See https://docs.sympy.org/latest/explanation/active-deprecations.html#non-expr-args-deprecated
[36m(TaskRunner pid=641918)[0m for details.
[36m(TaskRunner pid=641918)[0m 
[36m(TaskRunner pid=641918)[0m This has been deprecated since SymPy version 1.7. It
[36m(TaskRunner pid=641918)[0m will be removed in a future version of SymPy.
[36m(TaskRunner pid=641918)[0m 
[36m(TaskRunner pid=641918)[0m <string>:1: SymPyDeprecationWarning: 
[36m(TaskRunner pid=641918)[0m 
[36m(TaskRunner pid=641918)[0m Using non-Expr arguments in Pow is deprecated (in this case, one of the
[36m(TaskRunner pid=641918)[0m arguments is of type 'FiniteSet').
[36m(TaskRunner pid=641918)[0m 
[36m(TaskRunner pid=641918)[0m If you really did intend to construct a power with this base, use the **
[36m(TaskRunner pid=641918)[0m operator instead.
[36m(TaskRunner pid=641918)[0m 
[36m(TaskRunner pid=641918)[0m See https://docs.sympy.org/latest/explanation/active-deprecations.html#non-expr-args-deprecated
[36m(TaskRunner pid=641918)[0m for details.
[36m(TaskRunner pid=641918)[0m 
[36m(TaskRunner pid=641918)[0m This has been deprecated since SymPy version 1.7. It
[36m(TaskRunner pid=641918)[0m will be removed in a future version of SymPy.
[36m(TaskRunner pid=641918)[0m 
[36m(TaskRunner pid=641918)[0m <string>:1: SymPyDeprecationWarning: 
[36m(TaskRunner pid=641918)[0m 
[36m(TaskRunner pid=641918)[0m Using non-Expr arguments in Pow is deprecated (in this case, one of the
[36m(TaskRunner pid=641918)[0m arguments is of type 'FiniteSet').
[36m(TaskRunner pid=641918)[0m 
[36m(TaskRunner pid=641918)[0m If you really did intend to construct a power with this base, use the **
[36m(TaskRunner pid=641918)[0m operator instead.
[36m(TaskRunner pid=641918)[0m 
[36m(TaskRunner pid=641918)[0m See https://docs.sympy.org/latest/explanation/active-deprecations.html#non-expr-args-deprecated
[36m(TaskRunner pid=641918)[0m for details.
[36m(TaskRunner pid=641918)[0m 
[36m(TaskRunner pid=641918)[0m This has been deprecated since SymPy version 1.7. It
[36m(TaskRunner pid=641918)[0m will be removed in a future version of SymPy.
[36m(TaskRunner pid=641918)[0m 
[36m(TaskRunner pid=641918)[0m <string>:1: SymPyDeprecationWarning: 
[36m(TaskRunner pid=641918)[0m 
[36m(TaskRunner pid=641918)[0m Using non-Expr arguments in Pow is deprecated (in this case, one of the
[36m(TaskRunner pid=641918)[0m arguments is of type 'FiniteSet').
[36m(TaskRunner pid=641918)[0m 
[36m(TaskRunner pid=641918)[0m If you really did intend to construct a power with this base, use the **
[36m(TaskRunner pid=641918)[0m operator instead.
[36m(TaskRunner pid=641918)[0m 
[36m(TaskRunner pid=641918)[0m See https://docs.sympy.org/latest/explanation/active-deprecations.html#non-expr-args-deprecated
[36m(TaskRunner pid=641918)[0m for details.
[36m(TaskRunner pid=641918)[0m 
[36m(TaskRunner pid=641918)[0m This has been deprecated since SymPy version 1.7. It
[36m(TaskRunner pid=641918)[0m will be removed in a future version of SymPy.
[36m(TaskRunner pid=641918)[0m 
[36m(TaskRunner pid=641918)[0m <string>:1: SymPyDeprecationWarning: 
[36m(TaskRunner pid=641918)[0m 
[36m(TaskRunner pid=641918)[0m Using non-Expr arguments in Pow is deprecated (in this case, one of the
[36m(TaskRunner pid=641918)[0m arguments is of type 'FiniteSet').
[36m(TaskRunner pid=641918)[0m 
[36m(TaskRunner pid=641918)[0m If you really did intend to construct a power with this base, use the **
[36m(TaskRunner pid=641918)[0m operator instead.
[36m(TaskRunner pid=641918)[0m 
[36m(TaskRunner pid=641918)[0m See https://docs.sympy.org/latest/explanation/active-deprecations.html#non-expr-args-deprecated
[36m(TaskRunner pid=641918)[0m for details.
[36m(TaskRunner pid=641918)[0m 
[36m(TaskRunner pid=641918)[0m This has been deprecated since SymPy version 1.7. It
[36m(TaskRunner pid=641918)[0m will be removed in a future version of SymPy.
[36m(TaskRunner pid=641918)[0m 
[36m(TaskRunner pid=641918)[0m <string>:1: SymPyDeprecationWarning: 
[36m(TaskRunner pid=641918)[0m 
[36m(TaskRunner pid=641918)[0m Using non-Expr arguments in Pow is deprecated (in this case, one of the
[36m(TaskRunner pid=641918)[0m arguments is of type 'FiniteSet').
[36m(TaskRunner pid=641918)[0m 
[36m(TaskRunner pid=641918)[0m If you really did intend to construct a power with this base, use the **
[36m(TaskRunner pid=641918)[0m operator instead.
[36m(TaskRunner pid=641918)[0m 
[36m(TaskRunner pid=641918)[0m See https://docs.sympy.org/latest/explanation/active-deprecations.html#non-expr-args-deprecated
[36m(TaskRunner pid=641918)[0m for details.
[36m(TaskRunner pid=641918)[0m 
[36m(TaskRunner pid=641918)[0m This has been deprecated since SymPy version 1.7. It
[36m(TaskRunner pid=641918)[0m will be removed in a future version of SymPy.
[36m(TaskRunner pid=641918)[0m 
[36m(TaskRunner pid=641918)[0m <string>:1: SymPyDeprecationWarning: 
[36m(TaskRunner pid=641918)[0m 
[36m(TaskRunner pid=641918)[0m Using non-Expr arguments in Pow is deprecated (in this case, one of the
[36m(TaskRunner pid=641918)[0m arguments is of type 'FiniteSet').
[36m(TaskRunner pid=641918)[0m 
[36m(TaskRunner pid=641918)[0m If you really did intend to construct a power with this base, use the **
[36m(TaskRunner pid=641918)[0m operator instead.
[36m(TaskRunner pid=641918)[0m 
[36m(TaskRunner pid=641918)[0m See https://docs.sympy.org/latest/explanation/active-deprecations.html#non-expr-args-deprecated
[36m(TaskRunner pid=641918)[0m for details.
[36m(TaskRunner pid=641918)[0m 
[36m(TaskRunner pid=641918)[0m This has been deprecated since SymPy version 1.7. It
[36m(TaskRunner pid=641918)[0m will be removed in a future version of SymPy.
[36m(TaskRunner pid=641918)[0m 

[36m(TaskRunner pid=641918)[0m [Shutdown] 44 subprocess(es) terminated.
[36m(TaskRunner pid=641918)[0m [Shutdown] 2 subprocess(es) terminated.
[36m(TaskRunner pid=641918)[0m [Shutdown] 4 subprocess(es) terminated.
[36m(TaskRunner pid=641918)[0m step:7 - chunk_state_source/selected_original_acc_mean:1.000 - chunk_state_source/prompt_original_pass:0.906 - chunk_state_source/prompt_original_mean:0.283 - chunk_state_source/selected_majority_consistent_mean:1.000 - chunk_state_source/prompt_majority_ratio_mean:0.306 - chunk_state_source/prompt_majority_pass:1.000 - chunk_state_source_chunk/enabled:1.000 - chunk_state_source_chunk/injected_ratio:1.000 - chunk_state_source_chunk/mean_len:128.000 - chunk_state_source_chunk/candidate_index:0.000 - chunk_state_support_anchor/enabled:1.000 - chunk_state_support_anchor/count:7.000 - chunk_state_support_anchor/candidate_start:1.000 - chunk_state_support_anchor/min_mass:0.100 - chunk_state_support_anchor/selection_mode_answer_stratified:0.000 - chunk_state_support_anchor/prefix_compat_enable:0.000 - chunk_state_support_anchor/prefix_compat_mode_hard:1.000 - chunk_state_support_anchor/prefix_compat_mode_soft:0.000 - chunk_state_support_anchor/prefix_compat_tokens:128.000 - chunk_state_support_anchor/min_prefix_match:0.750 - chunk_state_support_anchor/prefix_score_power:1.000 - chunk_state_support_anchor/skip_source:1.000 - chunk_state_support_anchor/injected_ratio:0.464 - chunk_state_support_anchor/state_keep_ratio:1.000 - chunk_state_support_anchor/skipped_no_anchor_ratio:0.000 - chunk_state_support_anchor/skipped_by_compat_ratio:0.000 - chunk_state_support_anchor/skipped_source_ratio:0.031 - chunk_state_support_anchor/score_mean:0.298 - chunk_state_support_anchor/positive_candidate_ratio:0.406 - chunk_state_support_anchor/prefix_match_mean:1.000 - chunk_state_support_anchor/prefix_match_min:1.000 - chunk_state_support_anchor/anchor_mass_mean:0.733 - chunk_state_support_anchor/anchor_mass_max:0.839 - chunk_state_support_anchor/anchor_len_mean:87.269 - chunk_state_support_anchor/unique_answer_ratio:0.411 - chunk_state_support_anchor/selected_rank_mean:1.846 - chunk_state_future_support_gain/group_size:32.000 - chunk_state_future_support_gain/min_mass:0.031 - chunk_state_future_support_gain/max_mass_coef:0.250 - chunk_state_future_support_gain/score_type_slack_gain:0.000 - chunk_state_future_support_gain/score_type_positive_gain:0.000 - chunk_state_future_support_gain/score_type_relative_positive_gain:0.000 - chunk_state_future_support_gain/score_type_tv_positive_gain:0.000 - chunk_state_future_support_gain/score_type_relative_tv_positive_gain:0.000 - chunk_state_future_support_gain/score_type_transport_affinity:0.000 - chunk_state_future_support_gain/score_type_transport_positive_gain:0.000 - chunk_state_future_support_gain/score_type_transport_support_gain:0.000 - chunk_state_future_support_gain/score_type_smoothed_transport_affinity:0.000 - chunk_state_future_support_gain/score_type_smoothed_transport_positive_gain:0.000 - chunk_state_future_support_gain/score_type_smoothed_transport_support_gain:0.000 - chunk_state_future_support_gain/score_type_support_value_affinity:0.000 - chunk_state_future_support_gain/score_type_support_distribution_match:0.000 - chunk_state_future_support_gain/score_type_posterior_support_match:1.000 - chunk_state_future_support_gain/score_type_posterior_value_improvement:0.000 - chunk_state_future_support_gain/gain_slack:0.125 - chunk_state_future_support_gain/baseline_scale:1.000 - chunk_state_future_support_gain/source_prior_weight:1.000 - chunk_state_future_support_gain/anchor_prior_weight:0.000 - chunk_state_future_support_gain/anchor_prior_power:1.000 - chunk_state_future_support_gain/anchor_prior_mean:1.000 - chunk_state_future_support_gain/anchor_prior_max:1.000 - chunk_state_future_support_gain/prior_smoothing:4.000 - chunk_state_future_support_gain/min_positive_margin:0.000 - chunk_state_future_support_gain/min_state_coverage:0.125 - chunk_state_future_support_gain/max_state_oov:0.875 - chunk_state_future_support_gain/min_state_mean_mass:0.015 - chunk_state_future_support_gain/min_state_max_mass:0.031 - chunk_state_future_support_gain/min_state_top_margin:0.001 - chunk_state_future_support_gain/min_candidate_coverage:0.000 - chunk_state_future_support_gain/min_candidate_mean_mass:0.000 - chunk_state_future_support_gain/source_mass_mean:0.720 - chunk_state_future_support_gain/prompt_top_mass_mean:0.720 - chunk_state_future_support_gain/support_coverage_mean:0.277 - chunk_state_future_support_gain/candidate_coverage_mean:0.277 - chunk_state_future_support_gain/candidate_quality_keep_ratio:1.000 - chunk_state_future_support_gain/mean_mass_mean:0.171 - chunk_state_future_support_gain/max_mass_mean:0.720 - chunk_state_future_support_gain/raw_gain_mean:-0.460 - chunk_state_future_support_gain/source_tv_mean:0.280 - chunk_state_future_support_gain/candidate_tv_mean:0.746 - chunk_state_future_support_gain/source_oov_tv_mean:0.280 - chunk_state_future_support_gain/candidate_oov_tv_mean:0.769 - chunk_state_future_support_gain/transport_affinity_mean:0.231 - chunk_state_future_support_gain/smoothed_candidate_oov_tv_mean:0.385 - chunk_state_future_support_gain/smoothed_transport_affinity_mean:0.615 - chunk_state_future_support_gain/support_expected_value_mean:0.171 - chunk_state_future_support_gain/support_overlap_mean:0.231 - chunk_state_future_support_gain/smoothed_support_expected_value_mean:0.351 - chunk_state_future_support_gain/smoothed_support_overlap_mean:0.615 - chunk_state_future_support_gain/candidate_entropy_mean:0.878 - chunk_state_future_support_gain/tv_gain_mean:-0.466 - chunk_state_future_support_gain/transport_gain_mean:-0.490 - chunk_state_future_support_gain/smoothed_transport_gain_mean:-0.105 - chunk_state_future_support_gain/score_mean_before_candidate_filter:0.312 - chunk_state_future_support_gain/score_mean:0.312 - chunk_state_future_support_gain/label_consistent_ratio_before_candidate_filter:1.000 - chunk_state_future_support_gain/label_consistent_ratio:1.000 - chunk_state_future_support_gain/improved_state_ratio:1.000 - chunk_state_future_support_gain/positive_margin_mean:0.560 - chunk_state_future_support_gain/state_oov_mean:0.723 - chunk_state_future_support_gain/state_mean_mass_mean:0.171 - chunk_state_future_support_gain/state_max_mass_mean:0.720 - chunk_state_future_support_gain/state_top_margin_mean:0.096 - chunk_state_future_support_gain/soft_weight_mean:0.198 - chunk_state_future_support_gain/learnable_state_keep_ratio:0.750 - chunk_state_future_support_gain/state_keep_ratio:0.750 - chunk_state_probe/raw_positive_ratio:0.312 - chunk_state_score/mode_majority_completion:0.000 - chunk_state_score/mode_answer_consensus:0.000 - chunk_state_score/mode_answer_distribution:0.000 - chunk_state_score/mode_answer_value_gain:0.000 - chunk_state_score/mode_answer_value_margin:0.000 - chunk_state_score/mode_answer_support_mass:0.000 - chunk_state_score/mode_future_support_gain:1.000 - chunk_state_score/mode_support_anchor:0.000 - chunk_state_score/mode_support_flow:0.000 - chunk_state_score/mode_answer_source_consistency:0.000 - chunk_state_probe/samples:4.000 - chunk_state_diag/boundary_mean:480.000 - chunk_state_diag/boundary_min:256.000 - chunk_state_diag/boundary_max:512.000 - chunk_state_diag/boundary_zero_ratio:0.000 - chunk_state_diag/skipped_short_sources:0.000 - chunk_state_diag/skipped_support_sources:29.000 - chunk_state_diag/majority_consistent_fallbacks:2.000 - chunk_state_diag/support_low_fallbacks:0.000 - chunk_state_diag/real_state_count:3.000 - chunk_state_diag/pad_state_count:5.000 - chunk_state_diag/loss_weight_mean:0.375 - chunk_state_diag/source_response_len_mean:1607.250 - chunk_state_diag/probe_score_std:0.144 - chunk_state_diag/state_probe_mean_max:0.369 - chunk_state_diag/state_probe_mean_min:0.285 - chunk_state_diag/state_all_positive_ratio:1.000 - chunk_state_diag/state_all_negative_ratio:0.000 - chunk_state_diag/state_mixed_ratio:0.000 - chunk_state_diag/source_majority_consistent_mean:1.000 - chunk_state_diag/source_prompt_majority_ratio_mean:0.688 - chunk_state_diag/source_answer_mass_mean:0.720 - chunk_state_diag/source_answer_mass_min:0.667 - chunk_state_diag/source_prompt_top_mass_mean:0.720 - chunk_state_diag/source_prompt_top_mass_min:0.667 - chunk_state_diag/prompt_valid_answer_coverage_mean:0.953 - chunk_state_diag/prompt_answer_top_margin_mean:0.683 - chunk_state_diag/prompt_answer_entropy_mean:1.176 - chunk_state_diag/source_pseudo_acc_mean:0.875 - chunk_state_diag/source_original_acc_mean:1.000 - chunk_state_diag/prompt_pseudo_mean:0.590 - chunk_state_diag/prompt_original_mean:0.691 - chunk_state_diag/prompt_original_pass:1.000 - chunk_state_diag/probe_mean_source_original_correct:0.312 - chunk_state_diag/probe_mean_source_original_wrong:0.000 - chunk_state_diag/source_original_correct_ratio:1.000 - chunk_state_diag/jsonl_rows:8.000 - chunk_state/num_states:8.000 - chunk_state/real_states:3.000 - chunk_state/pad_states:5.000 - chunk_state/num_candidates:64.000 - chunk_state/num_actor_samples:24.000 - chunk_state/loss_weight_mean:0.202 - chunk_state/base_loss_weight_mean:0.375 - chunk_state/zeroed_state_ratio:0.625 - chunk_state/confidence_gate_ratio:1.000 - chunk_state/confidence_weight_mean:1.000 - chunk_state/min_state_positive_margin:-1.000 - chunk_state/future_support_keep_mode_hard:0.000 - chunk_state/future_support_keep_mode_soft:1.000 - chunk_state/future_support_keep_mode_off:0.000 - chunk_state/future_support_soft_weight_mean:0.198 - chunk_state/future_support_state_weight_mean:0.198 - chunk_state/future_support_soft_weight_floor:0.020 - chunk_state/future_support_keep_ratio:0.750 - chunk_state/source_quality_weight_mode_off:1.000 - chunk_state/source_quality_weight_mode_source_mass:0.000 - chunk_state/source_quality_weight_mode_prompt_top_mass:0.000 - chunk_state/source_quality_weight_mode_product:0.000 - chunk_state/source_quality_weight_mode_prompt_valid_answer_coverage:0.000 - chunk_state/source_quality_weight_mode_prompt_top_margin:0.000 - chunk_state/source_quality_weight_mode_coverage_margin_product:0.000 - chunk_state/source_quality_weight_mode_group_quality:0.000 - chunk_state/source_quality_weight_mean:1.000 - chunk_state/source_quality_weight_floor:0.000 - chunk_state/source_quality_weight_power:1.000 - chunk_state/source_quality_max_entropy:0.000 - chunk_state/source_answer_mass_mean:0.720 - chunk_state/source_prompt_top_mass_mean:0.720 - chunk_state/prompt_valid_answer_coverage_mean:0.953 - chunk_state/prompt_answer_top_margin_mean:0.683 - chunk_state/prompt_answer_entropy_mean:1.176 - chunk_state/majority_ratio_mean:0.720 - chunk_state/answer_coverage_mean:0.277 - chunk_state/answer_coverage_weighted_mean:0.304 - chunk_state/positive_margin_mean:0.560 - chunk_state/positive_margin_weighted_mean:0.593 - chunk_state/positive_ratio:0.312 - chunk_state/label_consistent_only:0.000 - chunk_state/zero_inconsistent_candidates:0.000 - chunk_state/prune_zero_weight_samples:1.000 - chunk_state/prune_padded_to_shards:0.000 - chunk_state/pruned_sample_ratio:0.625 - chunk_state/label_consistent_ratio:1.000 - chunk_state/informative_ratio:1.000 - chunk_state/kept_state_ratio:1.000 - chunk_state/target_entropy:1.810 - chunk_state/target_prior_mean:1.000 - chunk_state/target_prior_max:1.000 - chunk_state/weight_max:0.491 - chunk_state/weight_min:0.033 - chunk_state/powerflow_weight_clip:4.000 - chunk_state/powerflow_weight_clip_renorm:1.000 - chunk_state/powerflow_weight_before_clip_max:0.618 - chunk_state/powerflow_weight_before_clip_mean:0.202 - chunk_state/powerflow_weight_mean:1.000 - chunk_state/powerflow_weight_max:3.060 - chunk_state/powerflow_weight_min:0.310 - chunk_state/boxed_reward_mean:0.324 - chunk_state/boxed_reward_weighted_mean:0.462 - chunk_state/actor_batch_powerflow_weight_nonzero_ratio:1.000 - chunk_state/actor_batch_powerflow_weight_shard0_mean:1.462 - chunk_state/actor_batch_powerflow_weight_shard0_nonzero_ratio:1.000 - chunk_state/actor_batch_powerflow_weight_shard_mean_low:0.661 - chunk_state/actor_batch_powerflow_weight_shard_mean_high:1.462 - chunk_state/actor_batch_powerflow_weight_zero_shard_ratio:0.000 - chunk_state_actor_span/mode_chunk:1.000 - chunk_state_actor_span/response_len_mean:111.453 - chunk_state_actor_span/truncated_ratio:0.000 - actor/pg_loss:0.193 - actor/powerflow_loss:0.193 - actor/log_prob:-0.500 - actor/old_log_prob:0.000 - actor/ref_log_prob:-0.499 - actor/ref_log_prob/std:0.000 - actor/boxed_reward/mean:0.426 - actor/boxed_reward/min:0.183 - actor/boxed_reward/max:0.778 - actor/powerflow_weight/mean:1.462 - actor/powerflow_weight/min:0.358 - actor/powerflow_weight/max:3.060 - actor/powerflow_weight/nonzero_ratio:1.000 - actor/powerflow_local_batch_size:1.000 - actor/log_z:-1.288 - actor/importance_weight:0.800 - actor/powerflow_chunk_loss_target_only:0.000 - actor/ppo_kl:0.500 - actor/ref_kl:0.001 - actor/beta_coef:4.000 - actor/cispo_mask_ratio:0.354 - actor/cispo_dropped_tokens:45.333 - actor/condition_1_count:0.000 - actor/condition_2_count:45.333 - actor/pg_clipfrac:0.000 - actor/pg_clipfrac_lower:0.000 - actor/grad_norm:7.915 - perf/mfu/actor:0.000 - perf/max_memory_allocated_gb:166.224 - perf/max_memory_reserved_gb:176.205 - perf/cpu_memory_used_gb:791.245 - actor/lr:0.000 - timing_s/generate_sequences:17.672 - timing_s/reshard:0.522 - timing_s/gen:23.387 - timing_s/chunk_state_make_states:0.020 - timing_s/chunk_state_chunks/generate_sequences:0.527 - timing_s/chunk_state_chunks/reshard:0.355 - timing_s/chunk_state_chunks:0.926 - timing_s/chunk_state_probe/generate_sequences:6.452 - timing_s/chunk_state_probe/reshard:0.385 - timing_s/chunk_state_probe:6.940 - timing_s/chunk_state_score:8.676 - timing_s/chunk_state_build_actor_batch:0.006 - timing_s/chunk_state_ref:0.338 - timing_s/update_actor:1.099 - timing_per_token_ms/gen:0.024 - timing_per_token_ms/update_actor:0.001[36m(TaskRunner pid=641918)[0m Training Progress:  35%|███▌      | 7/20 [07:38<12:12, 56.31s/it]
[36m(TaskRunner pid=641918)[0m <string>:1: SymPyDeprecationWarning: 
[36m(TaskRunner pid=641918)[0m 
[36m(TaskRunner pid=641918)[0m Using non-Expr arguments in Pow is deprecated (in this case, one of the
[36m(TaskRunner pid=641918)[0m arguments is of type 'FiniteSet').
[36m(TaskRunner pid=641918)[0m 
[36m(TaskRunner pid=641918)[0m If you really did intend to construct a power with this base, use the **
[36m(TaskRunner pid=641918)[0m operator instead.
[36m(TaskRunner pid=641918)[0m 
[36m(TaskRunner pid=641918)[0m See https://docs.sympy.org/latest/explanation/active-deprecations.html#non-expr-args-deprecated
[36m(TaskRunner pid=641918)[0m for details.
[36m(TaskRunner pid=641918)[0m 
[36m(TaskRunner pid=641918)[0m This has been deprecated since SymPy version 1.7. It
[36m(TaskRunner pid=641918)[0m will be removed in a future version of SymPy.
[36m(TaskRunner pid=641918)[0m 
[36m(TaskRunner pid=641918)[0m <string>:1: SymPyDeprecationWarning: 
[36m(TaskRunner pid=641918)[0m 
[36m(TaskRunner pid=641918)[0m Using non-Expr arguments in Pow is deprecated (in this case, one of the
[36m(TaskRunner pid=641918)[0m arguments is of type 'FiniteSet').
[36m(TaskRunner pid=641918)[0m 
[36m(TaskRunner pid=641918)[0m If you really did intend to construct a power with this base, use the **
[36m(TaskRunner pid=641918)[0m operator instead.
[36m(TaskRunner pid=641918)[0m 
[36m(TaskRunner pid=641918)[0m See https://docs.sympy.org/latest/explanation/active-deprecations.html#non-expr-args-deprecated
[36m(TaskRunner pid=641918)[0m for details.
[36m(TaskRunner pid=641918)[0m 
[36m(TaskRunner pid=641918)[0m This has been deprecated since SymPy version 1.7. It
[36m(TaskRunner pid=641918)[0m will be removed in a future version of SymPy.
[36m(TaskRunner pid=641918)[0m 
[36m(TaskRunner pid=641918)[0m <string>:1: SymPyDeprecationWarning: 
[36m(TaskRunner pid=641918)[0m 
[36m(TaskRunner pid=641918)[0m Using non-Expr arguments in Pow is deprecated (in this case, one of the
[36m(TaskRunner pid=641918)[0m arguments is of type 'FiniteSet').
[36m(TaskRunner pid=641918)[0m 
[36m(TaskRunner pid=641918)[0m If you really did intend to construct a power with this base, use the **
[36m(TaskRunner pid=641918)[0m operator instead.
[36m(TaskRunner pid=641918)[0m 
[36m(TaskRunner pid=641918)[0m See https://docs.sympy.org/latest/explanation/active-deprecations.html#non-expr-args-deprecated
[36m(TaskRunner pid=641918)[0m for details.
[36m(TaskRunner pid=641918)[0m 
[36m(TaskRunner pid=641918)[0m This has been deprecated since SymPy version 1.7. It
[36m(TaskRunner pid=641918)[0m will be removed in a future version of SymPy.
[36m(TaskRunner pid=641918)[0m 
[36m(TaskRunner pid=641918)[0m <string>:1: SymPyDeprecationWarning: 
[36m(TaskRunner pid=641918)[0m 
[36m(TaskRunner pid=641918)[0m Using non-Expr arguments in Pow is deprecated (in this case, one of the
[36m(TaskRunner pid=641918)[0m arguments is of type 'FiniteSet').
[36m(TaskRunner pid=641918)[0m 
[36m(TaskRunner pid=641918)[0m If you really did intend to construct a power with this base, use the **
[36m(TaskRunner pid=641918)[0m operator instead.
[36m(TaskRunner pid=641918)[0m 
[36m(TaskRunner pid=641918)[0m See https://docs.sympy.org/latest/explanation/active-deprecations.html#non-expr-args-deprecated
[36m(TaskRunner pid=641918)[0m for details.
[36m(TaskRunner pid=641918)[0m 
[36m(TaskRunner pid=641918)[0m This has been deprecated since SymPy version 1.7. It
[36m(TaskRunner pid=641918)[0m will be removed in a future version of SymPy.
[36m(TaskRunner pid=641918)[0m 
[36m(TaskRunner pid=641918)[0m <string>:1: SymPyDeprecationWarning: 
[36m(TaskRunner pid=641918)[0m 
[36m(TaskRunner pid=641918)[0m Using non-Expr arguments in Pow is deprecated (in this case, one of the
[36m(TaskRunner pid=641918)[0m arguments is of type 'FiniteSet').
[36m(TaskRunner pid=641918)[0m 
[36m(TaskRunner pid=641918)[0m If you really did intend to construct a power with this base, use the **
[36m(TaskRunner pid=641918)[0m operator instead.
[36m(TaskRunner pid=641918)[0m 
[36m(TaskRunner pid=641918)[0m See https://docs.sympy.org/latest/explanation/active-deprecations.html#non-expr-args-deprecated
[36m(TaskRunner pid=641918)[0m for details.
[36m(TaskRunner pid=641918)[0m 
[36m(TaskRunner pid=641918)[0m This has been deprecated since SymPy version 1.7. It
[36m(TaskRunner pid=641918)[0m will be removed in a future version of SymPy.
[36m(TaskRunner pid=641918)[0m 
[36m(TaskRunner pid=641918)[0m <string>:1: SymPyDeprecationWarning: 
[36m(TaskRunner pid=641918)[0m 
[36m(TaskRunner pid=641918)[0m Using non-Expr arguments in Pow is deprecated (in this case, one of the
[36m(TaskRunner pid=641918)[0m arguments is of type 'FiniteSet').
[36m(TaskRunner pid=641918)[0m 
[36m(TaskRunner pid=641918)[0m If you really did intend to construct a power with this base, use the **
[36m(TaskRunner pid=641918)[0m operator instead.
[36m(TaskRunner pid=641918)[0m 
[36m(TaskRunner pid=641918)[0m See https://docs.sympy.org/latest/explanation/active-deprecations.html#non-expr-args-deprecated
[36m(TaskRunner pid=641918)[0m for details.
[36m(TaskRunner pid=641918)[0m 
[36m(TaskRunner pid=641918)[0m This has been deprecated since SymPy version 1.7. It
[36m(TaskRunner pid=641918)[0m will be removed in a future version of SymPy.
[36m(TaskRunner pid=641918)[0m 

[36m(TaskRunner pid=641918)[0m [Shutdown] 3 subprocess(es) terminated.
[36m(TaskRunner pid=641918)[0m [Shutdown] 3 subprocess(es) terminated.
[36m(TaskRunner pid=641918)[0m [Shutdown] 6 subprocess(es) terminated.
[36m(TaskRunner pid=641918)[0m step:8 - chunk_state_source/selected_original_acc_mean:1.000 - chunk_state_source/prompt_original_pass:0.938 - chunk_state_source/prompt_original_mean:0.277 - chunk_state_source/selected_majority_consistent_mean:1.000 - chunk_state_source/prompt_majority_ratio_mean:0.315 - chunk_state_source/prompt_majority_pass:1.000 - chunk_state_source_chunk/enabled:1.000 - chunk_state_source_chunk/injected_ratio:1.000 - chunk_state_source_chunk/mean_len:128.000 - chunk_state_source_chunk/candidate_index:0.000 - chunk_state_support_anchor/enabled:1.000 - chunk_state_support_anchor/count:7.000 - chunk_state_support_anchor/candidate_start:1.000 - chunk_state_support_anchor/min_mass:0.100 - chunk_state_support_anchor/selection_mode_answer_stratified:0.000 - chunk_state_support_anchor/prefix_compat_enable:0.000 - chunk_state_support_anchor/prefix_compat_mode_hard:1.000 - chunk_state_support_anchor/prefix_compat_mode_soft:0.000 - chunk_state_support_anchor/prefix_compat_tokens:128.000 - chunk_state_support_anchor/min_prefix_match:0.750 - chunk_state_support_anchor/prefix_score_power:1.000 - chunk_state_support_anchor/skip_source:1.000 - chunk_state_support_anchor/injected_ratio:1.000 - chunk_state_support_anchor/state_keep_ratio:1.000 - chunk_state_support_anchor/skipped_no_anchor_ratio:0.000 - chunk_state_support_anchor/skipped_by_compat_ratio:0.000 - chunk_state_support_anchor/skipped_source_ratio:0.031 - chunk_state_support_anchor/score_mean:0.615 - chunk_state_support_anchor/positive_candidate_ratio:0.875 - chunk_state_support_anchor/prefix_match_mean:1.000 - chunk_state_support_anchor/prefix_match_min:1.000 - chunk_state_support_anchor/anchor_mass_mean:0.703 - chunk_state_support_anchor/anchor_mass_max:0.742 - chunk_state_support_anchor/anchor_len_mean:116.143 - chunk_state_support_anchor/unique_answer_ratio:0.161 - chunk_state_support_anchor/selected_rank_mean:3.000 - chunk_state_future_support_gain/group_size:32.000 - chunk_state_future_support_gain/min_mass:0.031 - chunk_state_future_support_gain/max_mass_coef:0.250 - chunk_state_future_support_gain/score_type_slack_gain:0.000 - chunk_state_future_support_gain/score_type_positive_gain:0.000 - chunk_state_future_support_gain/score_type_relative_positive_gain:0.000 - chunk_state_future_support_gain/score_type_tv_positive_gain:0.000 - chunk_state_future_support_gain/score_type_relative_tv_positive_gain:0.000 - chunk_state_future_support_gain/score_type_transport_affinity:0.000 - chunk_state_future_support_gain/score_type_transport_positive_gain:0.000 - chunk_state_future_support_gain/score_type_transport_support_gain:0.000 - chunk_state_future_support_gain/score_type_smoothed_transport_affinity:0.000 - chunk_state_future_support_gain/score_type_smoothed_transport_positive_gain:0.000 - chunk_state_future_support_gain/score_type_smoothed_transport_support_gain:0.000 - chunk_state_future_support_gain/score_type_support_value_affinity:0.000 - chunk_state_future_support_gain/score_type_support_distribution_match:0.000 - chunk_state_future_support_gain/score_type_posterior_support_match:1.000 - chunk_state_future_support_gain/score_type_posterior_value_improvement:0.000 - chunk_state_future_support_gain/gain_slack:0.125 - chunk_state_future_support_gain/baseline_scale:1.000 - chunk_state_future_support_gain/source_prior_weight:1.000 - chunk_state_future_support_gain/anchor_prior_weight:0.000 - chunk_state_future_support_gain/anchor_prior_power:1.000 - chunk_state_future_support_gain/anchor_prior_mean:1.000 - chunk_state_future_support_gain/anchor_prior_max:1.000 - chunk_state_future_support_gain/prior_smoothing:4.000 - chunk_state_future_support_gain/min_positive_margin:0.000 - chunk_state_future_support_gain/min_state_coverage:0.125 - chunk_state_future_support_gain/max_state_oov:0.875 - chunk_state_future_support_gain/min_state_mean_mass:0.015 - chunk_state_future_support_gain/min_state_max_mass:0.031 - chunk_state_future_support_gain/min_state_top_margin:0.001 - chunk_state_future_support_gain/min_candidate_coverage:0.000 - chunk_state_future_support_gain/min_candidate_mean_mass:0.000 - chunk_state_future_support_gain/source_mass_mean:0.714 - chunk_state_future_support_gain/prompt_top_mass_mean:0.714 - chunk_state_future_support_gain/support_coverage_mean:0.688 - chunk_state_future_support_gain/candidate_coverage_mean:0.688 - chunk_state_future_support_gain/candidate_quality_keep_ratio:1.000 - chunk_state_future_support_gain/mean_mass_mean:0.462 - chunk_state_future_support_gain/max_mass_mean:0.714 - chunk_state_future_support_gain/raw_gain_mean:-0.101 - chunk_state_future_support_gain/source_tv_mean:0.286 - chunk_state_future_support_gain/candidate_tv_mean:0.459 - chunk_state_future_support_gain/source_oov_tv_mean:0.286 - chunk_state_future_support_gain/candidate_oov_tv_mean:0.464 - chunk_state_future_support_gain/transport_affinity_mean:0.536 - chunk_state_future_support_gain/smoothed_candidate_oov_tv_mean:0.232 - chunk_state_future_support_gain/smoothed_transport_affinity_mean:0.768 - chunk_state_future_support_gain/support_expected_value_mean:0.462 - chunk_state_future_support_gain/support_overlap_mean:0.536 - chunk_state_future_support_gain/smoothed_support_expected_value_mean:0.494 - chunk_state_future_support_gain/smoothed_support_overlap_mean:0.768 - chunk_state_future_support_gain/candidate_entropy_mean:0.539 - chunk_state_future_support_gain/tv_gain_mean:-0.172 - chunk_state_future_support_gain/transport_gain_mean:-0.178 - chunk_state_future_support_gain/smoothed_transport_gain_mean:0.054 - chunk_state_future_support_gain/score_mean_before_candidate_filter:0.502 - chunk_state_future_support_gain/score_mean:0.502 - chunk_state_future_support_gain/label_consistent_ratio_before_candidate_filter:1.000 - chunk_state_future_support_gain/label_consistent_ratio:1.000 - chunk_state_future_support_gain/improved_state_ratio:1.000 - chunk_state_future_support_gain/positive_margin_mean:0.631 - chunk_state_future_support_gain/state_oov_mean:0.312 - chunk_state_future_support_gain/state_mean_mass_mean:0.462 - chunk_state_future_support_gain/state_max_mass_mean:0.714 - chunk_state_future_support_gain/state_top_margin_mean:0.003 - chunk_state_future_support_gain/soft_weight_mean:0.490 - chunk_state_future_support_gain/learnable_state_keep_ratio:0.125 - chunk_state_future_support_gain/state_keep_ratio:0.125 - chunk_state_probe/raw_positive_ratio:0.502 - chunk_state_score/mode_majority_completion:0.000 - chunk_state_score/mode_answer_consensus:0.000 - chunk_state_score/mode_answer_distribution:0.000 - chunk_state_score/mode_answer_value_gain:0.000 - chunk_state_score/mode_answer_value_margin:0.000 - chunk_state_score/mode_answer_support_mass:0.000 - chunk_state_score/mode_future_support_gain:1.000 - chunk_state_score/mode_support_anchor:0.000 - chunk_state_score/mode_support_flow:0.000 - chunk_state_score/mode_answer_source_consistency:0.000 - chunk_state_probe/samples:4.000 - chunk_state_diag/boundary_mean:544.000 - chunk_state_diag/boundary_min:512.000 - chunk_state_diag/boundary_max:768.000 - chunk_state_diag/boundary_zero_ratio:0.000 - chunk_state_diag/skipped_short_sources:0.000 - chunk_state_diag/skipped_support_sources:30.000 - chunk_state_diag/majority_consistent_fallbacks:1.000 - chunk_state_diag/support_low_fallbacks:0.000 - chunk_state_diag/real_state_count:2.000 - chunk_state_diag/pad_state_count:6.000 - chunk_state_diag/loss_weight_mean:0.250 - chunk_state_diag/source_response_len_mean:1210.125 - chunk_state_diag/probe_score_std:0.167 - chunk_state_diag/state_probe_mean_max:0.567 - chunk_state_diag/state_probe_mean_min:0.443 - chunk_state_diag/state_all_positive_ratio:1.000 - chunk_state_diag/state_all_negative_ratio:0.000 - chunk_state_diag/state_mixed_ratio:0.000 - chunk_state_diag/source_majority_consistent_mean:1.000 - chunk_state_diag/source_prompt_majority_ratio_mean:0.691 - chunk_state_diag/source_answer_mass_mean:0.714 - chunk_state_diag/source_answer_mass_min:0.710 - chunk_state_diag/source_prompt_top_mass_mean:0.714 - chunk_state_diag/source_prompt_top_mass_min:0.710 - chunk_state_diag/prompt_valid_answer_coverage_mean:0.969 - chunk_state_diag/prompt_answer_top_margin_mean:0.613 - chunk_state_diag/prompt_answer_entropy_mean:1.108 - chunk_state_diag/source_pseudo_acc_mean:1.000 - chunk_state_diag/source_original_acc_mean:1.000 - chunk_state_diag/prompt_pseudo_mean:0.691 - chunk_state_diag/prompt_original_mean:0.691 - chunk_state_diag/prompt_original_pass:1.000 - chunk_state_diag/probe_mean_source_original_correct:0.502 - chunk_state_diag/probe_mean_source_original_wrong:0.000 - chunk_state_diag/source_original_correct_ratio:1.000 - chunk_state_diag/jsonl_rows:8.000 - chunk_state/num_states:8.000 - chunk_state/real_states:2.000 - chunk_state/pad_states:6.000 - chunk_state/num_candidates:64.000 - chunk_state/num_actor_samples:16.000 - chunk_state/loss_weight_mean:0.475 - chunk_state/base_loss_weight_mean:0.250 - chunk_state/zeroed_state_ratio:0.750 - chunk_state/confidence_gate_ratio:1.000 - chunk_state/confidence_weight_mean:1.000 - chunk_state/min_state_positive_margin:-1.000 - chunk_state/future_support_keep_mode_hard:0.000 - chunk_state/future_support_keep_mode_soft:1.000 - chunk_state/future_support_keep_mode_off:0.000 - chunk_state/future_support_soft_weight_mean:0.490 - chunk_state/future_support_state_weight_mean:0.490 - chunk_state/future_support_soft_weight_floor:0.020 - chunk_state/future_support_keep_ratio:0.125 - chunk_state/source_quality_weight_mode_off:1.000 - chunk_state/source_quality_weight_mode_source_mass:0.000 - chunk_state/source_quality_weight_mode_prompt_top_mass:0.000 - chunk_state/source_quality_weight_mode_product:0.000 - chunk_state/source_quality_weight_mode_prompt_valid_answer_coverage:0.000 - chunk_state/source_quality_weight_mode_prompt_top_margin:0.000 - chunk_state/source_quality_weight_mode_coverage_margin_product:0.000 - chunk_state/source_quality_weight_mode_group_quality:0.000 - chunk_state/source_quality_weight_mean:1.000 - chunk_state/source_quality_weight_floor:0.000 - chunk_state/source_quality_weight_power:1.000 - chunk_state/source_quality_max_entropy:0.000 - chunk_state/source_answer_mass_mean:0.714 - chunk_state/source_prompt_top_mass_mean:0.714 - chunk_state/prompt_valid_answer_coverage_mean:0.969 - chunk_state/prompt_answer_top_margin_mean:0.613 - chunk_state/prompt_answer_entropy_mean:1.108 - chunk_state/majority_ratio_mean:0.714 - chunk_state/answer_coverage_mean:0.688 - chunk_state/answer_coverage_weighted_mean:0.661 - chunk_state/positive_margin_mean:0.631 - chunk_state/positive_margin_weighted_mean:0.645 - chunk_state/positive_ratio:0.502 - chunk_state/label_consistent_only:0.000 - chunk_state/zero_inconsistent_candidates:0.000 - chunk_state/prune_zero_weight_samples:1.000 - chunk_state/prune_padded_to_shards:0.000 - chunk_state/pruned_sample_ratio:0.750 - chunk_state/label_consistent_ratio:1.000 - chunk_state/informative_ratio:1.000 - chunk_state/kept_state_ratio:1.000 - chunk_state/target_entropy:1.936 - chunk_state/target_prior_mean:1.000 - chunk_state/target_prior_max:1.000 - chunk_state/weight_max:0.229 - chunk_state/weight_min:0.018 - chunk_state/powerflow_weight_clip:4.000 - chunk_state/powerflow_weight_clip_renorm:1.000 - chunk_state/powerflow_weight_before_clip_max:0.807 - chunk_state/powerflow_weight_before_clip_mean:0.475 - chunk_state/powerflow_weight_mean:1.000 - chunk_state/powerflow_weight_max:1.697 - chunk_state/powerflow_weight_min:0.177 - chunk_state/boxed_reward_mean:0.483 - chunk_state/boxed_reward_weighted_mean:0.576 - chunk_state/actor_batch_powerflow_weight_nonzero_ratio:1.000 - chunk_state/actor_batch_powerflow_weight_shard0_mean:1.444 - chunk_state/actor_batch_powerflow_weight_shard0_nonzero_ratio:1.000 - chunk_state/actor_batch_powerflow_weight_shard_mean_low:0.717 - chunk_state/actor_batch_powerflow_weight_shard_mean_high:1.444 - chunk_state/actor_batch_powerflow_weight_zero_shard_ratio:0.000 - chunk_state_actor_span/mode_chunk:1.000 - chunk_state_actor_span/response_len_mean:117.625 - chunk_state_actor_span/truncated_ratio:0.000 - actor/pg_loss:0.411 - actor/powerflow_loss:0.411 - actor/log_prob:-0.675 - actor/old_log_prob:0.000 - actor/ref_log_prob:-0.672 - actor/ref_log_prob/std:0.000 - actor/boxed_reward/mean:0.275 - actor/boxed_reward/min:0.000 - actor/boxed_reward/max:0.549 - actor/powerflow_weight/mean:1.444 - actor/powerflow_weight/min:1.190 - actor/powerflow_weight/max:1.697 - actor/powerflow_weight/nonzero_ratio:1.000 - actor/powerflow_local_batch_size:1.000 - actor/log_z:-1.715 - actor/importance_weight:0.800 - actor/powerflow_chunk_loss_target_only:0.000 - actor/ppo_kl:0.675 - actor/ref_kl:0.003 - actor/beta_coef:4.000 - actor/cispo_mask_ratio:0.285 - actor/cispo_dropped_tokens:36.500 - actor/condition_1_count:0.000 - actor/condition_2_count:36.500 - actor/pg_clipfrac:0.000 - actor/pg_clipfrac_lower:0.000 - actor/grad_norm:2.456 - perf/mfu/actor:0.000 - perf/max_memory_allocated_gb:166.224 - perf/max_memory_reserved_gb:176.205 - perf/cpu_memory_used_gb:791.470 - actor/lr:0.000 - timing_s/generate_sequences:17.891 - timing_s/reshard:0.480 - timing_s/gen:22.608 - timing_s/chunk_state_make_states:0.018 - timing_s/chunk_state_chunks/generate_sequences:0.531 - timing_s/chunk_state_chunks/reshard:0.412 - timing_s/chunk_state_chunks:0.987 - timing_s/chunk_state_probe/generate_sequences:6.325 - timing_s/chunk_state_probe/reshard:0.437 - timing_s/chunk_state_probe:7.028 - timing_s/chunk_state_score:6.235 - timing_s/chunk_state_build_actor_batch:0.006 - timing_s/chunk_state_ref:0.259 - timing_s/update_actor:0.888 - timing_per_token_ms/gen:0.022 - timing_per_token_ms/update_actor:0.001[36m(TaskRunner pid=641918)[0m Training Progress:  40%|████      | 8/20 [08:25<10:41, 53.45s/it]
[36m(TaskRunner pid=641918)[0m <string>:1: SymPyDeprecationWarning: 
[36m(TaskRunner pid=641918)[0m 
[36m(TaskRunner pid=641918)[0m Using non-Expr arguments in Pow is deprecated (in this case, one of the
[36m(TaskRunner pid=641918)[0m arguments is of type 'FiniteSet').
[36m(TaskRunner pid=641918)[0m 
[36m(TaskRunner pid=641918)[0m If you really did intend to construct a power with this base, use the **
[36m(TaskRunner pid=641918)[0m operator instead.
[36m(TaskRunner pid=641918)[0m 
[36m(TaskRunner pid=641918)[0m See https://docs.sympy.org/latest/explanation/active-deprecations.html#non-expr-args-deprecated
[36m(TaskRunner pid=641918)[0m for details.
[36m(TaskRunner pid=641918)[0m 
[36m(TaskRunner pid=641918)[0m This has been deprecated since SymPy version 1.7. It
[36m(TaskRunner pid=641918)[0m will be removed in a future version of SymPy.
[36m(TaskRunner pid=641918)[0m 
[36m(TaskRunner pid=641918)[0m <string>:1: SymPyDeprecationWarning: 
[36m(TaskRunner pid=641918)[0m 
[36m(TaskRunner pid=641918)[0m Using non-Expr arguments in Pow is deprecated (in this case, one of the
[36m(TaskRunner pid=641918)[0m arguments is of type 'FiniteSet').
[36m(TaskRunner pid=641918)[0m 
[36m(TaskRunner pid=641918)[0m If you really did intend to construct a power with this base, use the **
[36m(TaskRunner pid=641918)[0m operator instead.
[36m(TaskRunner pid=641918)[0m 
[36m(TaskRunner pid=641918)[0m See https://docs.sympy.org/latest/explanation/active-deprecations.html#non-expr-args-deprecated
[36m(TaskRunner pid=641918)[0m for details.
[36m(TaskRunner pid=641918)[0m 
[36m(TaskRunner pid=641918)[0m This has been deprecated since SymPy version 1.7. It
[36m(TaskRunner pid=641918)[0m will be removed in a future version of SymPy.
[36m(TaskRunner pid=641918)[0m 

[36m(TaskRunner pid=641918)[0m [Shutdown] 3 subprocess(es) terminated.
[36m(TaskRunner pid=641918)[0m [Shutdown] 3 subprocess(es) terminated.
[36m(TaskRunner pid=641918)[0m [Shutdown] 4 subprocess(es) terminated.
[36m(TaskRunner pid=641918)[0m step:9 - chunk_state_source/selected_original_acc_mean:1.000 - chunk_state_source/prompt_original_pass:0.938 - chunk_state_source/prompt_original_mean:0.314 - chunk_state_source/selected_majority_consistent_mean:1.000 - chunk_state_source/prompt_majority_ratio_mean:0.331 - chunk_state_source/prompt_majority_pass:1.000 - chunk_state_source_chunk/enabled:1.000 - chunk_state_source_chunk/injected_ratio:1.000 - chunk_state_source_chunk/mean_len:128.000 - chunk_state_source_chunk/candidate_index:0.000 - chunk_state_support_anchor/enabled:1.000 - chunk_state_support_anchor/count:7.000 - chunk_state_support_anchor/candidate_start:1.000 - chunk_state_support_anchor/min_mass:0.100 - chunk_state_support_anchor/selection_mode_answer_stratified:0.000 - chunk_state_support_anchor/prefix_compat_enable:0.000 - chunk_state_support_anchor/prefix_compat_mode_hard:1.000 - chunk_state_support_anchor/prefix_compat_mode_soft:0.000 - chunk_state_support_anchor/prefix_compat_tokens:128.000 - chunk_state_support_anchor/min_prefix_match:0.750 - chunk_state_support_anchor/prefix_score_power:1.000 - chunk_state_support_anchor/skip_source:1.000 - chunk_state_support_anchor/injected_ratio:0.125 - chunk_state_support_anchor/state_keep_ratio:0.125 - chunk_state_support_anchor/skipped_no_anchor_ratio:0.875 - chunk_state_support_anchor/skipped_by_compat_ratio:0.000 - chunk_state_support_anchor/skipped_source_ratio:0.031 - chunk_state_support_anchor/score_mean:0.082 - chunk_state_support_anchor/positive_candidate_ratio:0.109 - chunk_state_support_anchor/prefix_match_mean:1.000 - chunk_state_support_anchor/prefix_match_min:1.000 - chunk_state_support_anchor/anchor_mass_mean:0.750 - chunk_state_support_anchor/anchor_mass_max:0.750 - chunk_state_support_anchor/anchor_len_mean:107.714 - chunk_state_support_anchor/unique_answer_ratio:0.143 - chunk_state_support_anchor/selected_rank_mean:3.000 - chunk_state_future_support_gain/group_size:32.000 - chunk_state_future_support_gain/min_mass:0.031 - chunk_state_future_support_gain/max_mass_coef:0.250 - chunk_state_future_support_gain/score_type_slack_gain:0.000 - chunk_state_future_support_gain/score_type_positive_gain:0.000 - chunk_state_future_support_gain/score_type_relative_positive_gain:0.000 - chunk_state_future_support_gain/score_type_tv_positive_gain:0.000 - chunk_state_future_support_gain/score_type_relative_tv_positive_gain:0.000 - chunk_state_future_support_gain/score_type_transport_affinity:0.000 - chunk_state_future_support_gain/score_type_transport_positive_gain:0.000 - chunk_state_future_support_gain/score_type_transport_support_gain:0.000 - chunk_state_future_support_gain/score_type_smoothed_transport_affinity:0.000 - chunk_state_future_support_gain/score_type_smoothed_transport_positive_gain:0.000 - chunk_state_future_support_gain/score_type_smoothed_transport_support_gain:0.000 - chunk_state_future_support_gain/score_type_support_value_affinity:0.000 - chunk_state_future_support_gain/score_type_support_distribution_match:0.000 - chunk_state_future_support_gain/score_type_posterior_support_match:1.000 - chunk_state_future_support_gain/score_type_posterior_value_improvement:0.000 - chunk_state_future_support_gain/gain_slack:0.125 - chunk_state_future_support_gain/baseline_scale:1.000 - chunk_state_future_support_gain/source_prior_weight:1.000 - chunk_state_future_support_gain/anchor_prior_weight:0.000 - chunk_state_future_support_gain/anchor_prior_power:1.000 - chunk_state_future_support_gain/anchor_prior_mean:1.000 - chunk_state_future_support_gain/anchor_prior_max:1.000 - chunk_state_future_support_gain/prior_smoothing:4.000 - chunk_state_future_support_gain/min_positive_margin:0.000 - chunk_state_future_support_gain/min_state_coverage:0.125 - chunk_state_future_support_gain/max_state_oov:0.875 - chunk_state_future_support_gain/min_state_mean_mass:0.015 - chunk_state_future_support_gain/min_state_max_mass:0.031 - chunk_state_future_support_gain/min_state_top_margin:0.001 - chunk_state_future_support_gain/min_candidate_coverage:0.000 - chunk_state_future_support_gain/min_candidate_mean_mass:0.000 - chunk_state_future_support_gain/source_mass_mean:0.941 - chunk_state_future_support_gain/prompt_top_mass_mean:0.941 - chunk_state_future_support_gain/support_coverage_mean:0.070 - chunk_state_future_support_gain/candidate_coverage_mean:0.070 - chunk_state_future_support_gain/candidate_quality_keep_ratio:1.000 - chunk_state_future_support_gain/mean_mass_mean:0.047 - chunk_state_future_support_gain/max_mass_mean:0.094 - chunk_state_future_support_gain/raw_gain_mean:-0.874 - chunk_state_future_support_gain/source_tv_mean:0.059 - chunk_state_future_support_gain/candidate_tv_mean:0.554 - chunk_state_future_support_gain/source_oov_tv_mean:0.059 - chunk_state_future_support_gain/candidate_oov_tv_mean:0.937 - chunk_state_future_support_gain/transport_affinity_mean:0.063 - chunk_state_future_support_gain/smoothed_candidate_oov_tv_mean:0.468 - chunk_state_future_support_gain/smoothed_transport_affinity_mean:0.532 - chunk_state_future_support_gain/support_expected_value_mean:0.047 - chunk_state_future_support_gain/support_overlap_mean:0.063 - chunk_state_future_support_gain/smoothed_support_expected_value_mean:0.470 - chunk_state_future_support_gain/smoothed_support_overlap_mean:0.532 - chunk_state_future_support_gain/candidate_entropy_mean:0.160 - chunk_state_future_support_gain/tv_gain_mean:-0.495 - chunk_state_future_support_gain/transport_gain_mean:-0.878 - chunk_state_future_support_gain/smoothed_transport_gain_mean:-0.410 - chunk_state_future_support_gain/score_mean_before_candidate_filter:0.272 - chunk_state_future_support_gain/score_mean:0.272 - chunk_state_future_support_gain/label_consistent_ratio_before_candidate_filter:1.000 - chunk_state_future_support_gain/label_consistent_ratio:1.000 - chunk_state_future_support_gain/improved_state_ratio:1.000 - chunk_state_future_support_gain/positive_margin_mean:0.291 - chunk_state_future_support_gain/state_oov_mean:0.930 - chunk_state_future_support_gain/state_mean_mass_mean:0.047 - chunk_state_future_support_gain/state_max_mass_mean:0.094 - chunk_state_future_support_gain/state_top_margin_mean:0.000 - chunk_state_future_support_gain/soft_weight_mean:0.053 - chunk_state_future_support_gain/learnable_state_keep_ratio:0.000 - chunk_state_future_support_gain/state_keep_ratio:0.000 - chunk_state_probe/raw_positive_ratio:0.272 - chunk_state_score/mode_majority_completion:0.000 - chunk_state_score/mode_answer_consensus:0.000 - chunk_state_score/mode_answer_distribution:0.000 - chunk_state_score/mode_answer_value_gain:0.000 - chunk_state_score/mode_answer_value_margin:0.000 - chunk_state_score/mode_answer_support_mass:0.000 - chunk_state_score/mode_future_support_gain:1.000 - chunk_state_score/mode_support_anchor:0.000 - chunk_state_score/mode_support_flow:0.000 - chunk_state_score/mode_answer_source_consistency:0.000 - chunk_state_probe/samples:4.000 - chunk_state_diag/boundary_mean:992.000 - chunk_state_diag/boundary_min:768.000 - chunk_state_diag/boundary_max:1024.000 - chunk_state_diag/boundary_zero_ratio:0.000 - chunk_state_diag/skipped_short_sources:0.000 - chunk_state_diag/skipped_support_sources:30.000 - chunk_state_diag/majority_consistent_fallbacks:2.000 - chunk_state_diag/support_low_fallbacks:0.000 - chunk_state_diag/real_state_count:2.000 - chunk_state_diag/pad_state_count:6.000 - chunk_state_diag/loss_weight_mean:0.250 - chunk_state_diag/source_response_len_mean:1624.375 - chunk_state_diag/probe_score_std:0.097 - chunk_state_diag/state_probe_mean_max:0.479 - chunk_state_diag/state_probe_mean_min:0.242 - chunk_state_diag/state_all_positive_ratio:1.000 - chunk_state_diag/state_all_negative_ratio:0.000 - chunk_state_diag/state_mixed_ratio:0.000 - chunk_state_diag/source_majority_consistent_mean:1.000 - chunk_state_diag/source_prompt_majority_ratio_mean:0.941 - chunk_state_diag/source_answer_mass_mean:0.941 - chunk_state_diag/source_answer_mass_min:0.750 - chunk_state_diag/source_prompt_top_mass_mean:0.941 - chunk_state_diag/source_prompt_top_mass_min:0.750 - chunk_state_diag/prompt_valid_answer_coverage_mean:1.000 - chunk_state_diag/prompt_answer_top_margin_mean:0.910 - chunk_state_diag/prompt_answer_entropy_mean:0.257 - chunk_state_diag/source_pseudo_acc_mean:1.000 - chunk_state_diag/source_original_acc_mean:1.000 - chunk_state_diag/prompt_pseudo_mean:0.941 - chunk_state_diag/prompt_original_mean:0.941 - chunk_state_diag/prompt_original_pass:1.000 - chunk_state_diag/probe_mean_source_original_correct:0.272 - chunk_state_diag/probe_mean_source_original_wrong:0.000 - chunk_state_diag/source_original_correct_ratio:1.000 - chunk_state_diag/jsonl_rows:8.000 - chunk_state/num_states:8.000 - chunk_state/real_states:2.000 - chunk_state/pad_states:6.000 - chunk_state/num_candidates:64.000 - chunk_state/num_actor_samples:8.000 - chunk_state/loss_weight_mean:0.422 - chunk_state/base_loss_weight_mean:0.250 - chunk_state/zeroed_state_ratio:0.875 - chunk_state/confidence_gate_ratio:0.125 - chunk_state/confidence_weight_mean:1.000 - chunk_state/min_state_positive_margin:-1.000 - chunk_state/future_support_keep_mode_hard:0.000 - chunk_state/future_support_keep_mode_soft:1.000 - chunk_state/future_support_keep_mode_off:0.000 - chunk_state/future_support_soft_weight_mean:0.053 - chunk_state/future_support_state_weight_mean:0.070 - chunk_state/future_support_soft_weight_floor:0.020 - chunk_state/future_support_keep_ratio:0.000 - chunk_state/source_quality_weight_mode_off:1.000 - chunk_state/source_quality_weight_mode_source_mass:0.000 - chunk_state/source_quality_weight_mode_prompt_top_mass:0.000 - chunk_state/source_quality_weight_mode_product:0.000 - chunk_state/source_quality_weight_mode_prompt_valid_answer_coverage:0.000 - chunk_state/source_quality_weight_mode_prompt_top_margin:0.000 - chunk_state/source_quality_weight_mode_coverage_margin_product:0.000 - chunk_state/source_quality_weight_mode_group_quality:0.000 - chunk_state/source_quality_weight_mean:1.000 - chunk_state/source_quality_weight_floor:0.000 - chunk_state/source_quality_weight_power:1.000 - chunk_state/source_quality_max_entropy:0.000 - chunk_state/source_answer_mass_mean:0.941 - chunk_state/source_prompt_top_mass_mean:0.941 - chunk_state/prompt_valid_answer_coverage_mean:1.000 - chunk_state/prompt_answer_top_margin_mean:0.910 - chunk_state/prompt_answer_entropy_mean:0.257 - chunk_state/majority_ratio_mean:0.941 - chunk_state/answer_coverage_mean:0.070 - chunk_state/answer_coverage_weighted_mean:0.562 - chunk_state/positive_margin_mean:0.291 - chunk_state/positive_margin_weighted_mean:0.631 - chunk_state/positive_ratio:0.272 - chunk_state/label_consistent_only:0.000 - chunk_state/zero_inconsistent_candidates:0.000 - chunk_state/prune_zero_weight_samples:1.000 - chunk_state/prune_padded_to_shards:0.000 - chunk_state/pruned_sample_ratio:0.875 - chunk_state/label_consistent_ratio:1.000 - chunk_state/informative_ratio:0.125 - chunk_state/kept_state_ratio:0.125 - chunk_state/target_entropy:2.059 - chunk_state/target_prior_mean:1.000 - chunk_state/target_prior_max:1.000 - chunk_state/weight_max:0.189 - chunk_state/weight_min:0.027 - chunk_state/powerflow_weight_clip:4.000 - chunk_state/powerflow_weight_clip_renorm:1.000 - chunk_state/powerflow_weight_before_clip_max:0.637 - chunk_state/powerflow_weight_before_clip_mean:0.422 - chunk_state/powerflow_weight_mean:1.000 - chunk_state/powerflow_weight_max:1.511 - chunk_state/powerflow_weight_min:0.216 - chunk_state/boxed_reward_mean:0.479 - chunk_state/boxed_reward_weighted_mean:0.566 - chunk_state/actor_batch_powerflow_weight_nonzero_ratio:1.000 - chunk_state/actor_batch_powerflow_weight_shard0_mean:1.511 - chunk_state/actor_batch_powerflow_weight_shard0_nonzero_ratio:1.000 - chunk_state/actor_batch_powerflow_weight_shard_mean_low:0.216 - chunk_state/actor_batch_powerflow_weight_shard_mean_high:1.511 - chunk_state/actor_batch_powerflow_weight_zero_shard_ratio:0.000 - chunk_state_actor_span/mode_chunk:1.000 - chunk_state_actor_span/response_len_mean:123.812 - chunk_state_actor_span/truncated_ratio:0.000 - actor/pg_loss:0.246 - actor/powerflow_loss:0.246 - actor/log_prob:-0.765 - actor/old_log_prob:0.000 - actor/ref_log_prob:-0.762 - actor/ref_log_prob/std:0.000 - actor/boxed_reward/mean:0.631 - actor/boxed_reward/min:0.631 - actor/boxed_reward/max:0.631 - actor/powerflow_weight/mean:1.511 - actor/powerflow_weight/min:1.511 - actor/powerflow_weight/max:1.511 - actor/powerflow_weight/nonzero_ratio:1.000 - actor/powerflow_local_batch_size:1.000 - actor/log_z:-1.258 - actor/importance_weight:0.800 - actor/powerflow_chunk_loss_target_only:0.000 - actor/ppo_kl:0.765 - actor/ref_kl:0.003 - actor/beta_coef:4.000 - actor/cispo_mask_ratio:0.297 - actor/cispo_dropped_tokens:38.000 - actor/condition_1_count:0.000 - actor/condition_2_count:38.000 - actor/pg_clipfrac:0.000 - actor/pg_clipfrac_lower:0.000 - actor/grad_norm:0.302 - perf/mfu/actor:0.000 - perf/max_memory_allocated_gb:166.224 - perf/max_memory_reserved_gb:176.205 - perf/cpu_memory_used_gb:791.474 - actor/lr:0.000 - timing_s/generate_sequences:18.391 - timing_s/reshard:0.808 - timing_s/gen:22.786 - timing_s/chunk_state_make_states:0.018 - timing_s/chunk_state_chunks/generate_sequences:0.532 - timing_s/chunk_state_chunks/reshard:0.345 - timing_s/chunk_state_chunks:0.915 - timing_s/chunk_state_probe/generate_sequences:6.512 - timing_s/chunk_state_probe/reshard:0.545 - timing_s/chunk_state_probe:7.210 - timing_s/chunk_state_score:6.797 - timing_s/chunk_state_build_actor_batch:0.005 - timing_s/chunk_state_ref:0.142 - timing_s/update_actor:0.477 - timing_per_token_ms/gen:0.021 - timing_per_token_ms/update_actor:0.000[36m(TaskRunner pid=641918)[0m Training Progress:  45%|████▌     | 9/20 [09:15<09:36, 52.39s/it]
