MODEL_READY: /models/Qwen2.5-Math-7B
Using python: /mlx_devbox/users/quyanyi/playground/.venvs/ttrl_b200/bin/python
Using model: /models/Qwen2.5-Math-7B
Using data: /mlx_devbox/users/quyanyi/playground/TTRL/verl/data/MATH-TTT
Output directory: /tmp/ttrl_b200/checkpoints/ttrl_chunk_state_powerflow_anchor_boxfix3_mid_c128_probe4_b32_r32_v64_20260801
Actor offload: param=False optimizer=False activation=False
Rollout: free_cache_engine=False enforce_eager=False gpu_memory_utilization=0.82
Critic offload: param=False optimizer=False activation=False
/mlx_devbox/users/quyanyi/playground/TTRL/verl/verl/__init__.py:18: UserWarning: pkg_resources is deprecated as an API. See https://setuptools.pypa.io/en/latest/pkg_resources.html. The pkg_resources package is slated for removal as early as 2025-11-30. Refrain from using this package or pin to Setuptools<81.
  import pkg_resources
/mlx_devbox/users/quyanyi/playground/.venvs/ttrl_b200/lib/python3.11/site-packages/huggingface_hub/constants.py:298: FutureWarning: The `HF_HUB_ENABLE_HF_TRANSFER` environment variable is deprecated as 'hf_transfer' is not used anymore. Please use `HF_XET_HIGH_PERFORMANCE` instead to enable high performance transfer with Xet. Visit https://huggingface.co/docs/huggingface_hub/package_reference/environment_variables#hfxethighperformance for more details.
  warnings.warn(
2026-08-01 10:15:29,617	INFO worker.py:2024 -- Started a local Ray instance.
[36m(pid=1568689)[0m /mlx_devbox/users/quyanyi/playground/TTRL/verl/verl/__init__.py:18: UserWarning: pkg_resources is deprecated as an API. See https://setuptools.pypa.io/en/latest/pkg_resources.html. The pkg_resources package is slated for removal as early as 2025-11-30. Refrain from using this package or pin to Setuptools<81.
[36m(pid=1568689)[0m   import pkg_resources
[36m(pid=1568689)[0m /mlx_devbox/users/quyanyi/playground/.venvs/ttrl_b200/lib/python3.11/site-packages/huggingface_hub/constants.py:298: FutureWarning: The `HF_HUB_ENABLE_HF_TRANSFER` environment variable is deprecated as 'hf_transfer' is not used anymore. Please use `HF_XET_HIGH_PERFORMANCE` instead to enable high performance transfer with Xet. Visit https://huggingface.co/docs/huggingface_hub/package_reference/environment_variables#hfxethighperformance for more details.
[36m(pid=1568689)[0m   warnings.warn(
[36m(TaskRunner pid=1568689)[0m TaskRunner hostname: trial-302172199-trialrun-302172199-worker-0, PID: 1568689
[36m(TaskRunner pid=1568689)[0m {'actor_rollout_ref': {'actor': {'checkpoint': {'load_contents': ['model',
[36m(TaskRunner pid=1568689)[0m                                                                   'optimizer',
[36m(TaskRunner pid=1568689)[0m                                                                   'extra'],
[36m(TaskRunner pid=1568689)[0m                                                 'save_contents': ['model',
[36m(TaskRunner pid=1568689)[0m                                                                   'optimizer',
[36m(TaskRunner pid=1568689)[0m                                                                   'extra']},
[36m(TaskRunner pid=1568689)[0m                                  'chunk_weighted_nll_enable': False,
[36m(TaskRunner pid=1568689)[0m                                  'clip_ratio': 0.2,
[36m(TaskRunner pid=1568689)[0m                                  'clip_ratio_c': 3.0,
[36m(TaskRunner pid=1568689)[0m                                  'clip_ratio_high': 0.2,
[36m(TaskRunner pid=1568689)[0m                                  'clip_ratio_low': 0.2,
[36m(TaskRunner pid=1568689)[0m                                  'entropy_checkpointing': False,
[36m(TaskRunner pid=1568689)[0m                                  'entropy_coeff': 0,
[36m(TaskRunner pid=1568689)[0m                                  'entropy_from_logits_with_chunking': False,
[36m(TaskRunner pid=1568689)[0m                                  'fsdp_config': {'forward_prefetch': False,
[36m(TaskRunner pid=1568689)[0m                                                  'fsdp_size': -1,
[36m(TaskRunner pid=1568689)[0m                                                  'offload_policy': False,
[36m(TaskRunner pid=1568689)[0m                                                  'optimizer_offload': False,
[36m(TaskRunner pid=1568689)[0m                                                  'param_offload': False,
[36m(TaskRunner pid=1568689)[0m                                                  'reshard_after_forward': True,
[36m(TaskRunner pid=1568689)[0m                                                  'wrap_policy': {'min_num_params': 0}},
[36m(TaskRunner pid=1568689)[0m                                  'grad_clip': 1.0,
[36m(TaskRunner pid=1568689)[0m                                  'kl_loss_coef': 0.001,
[36m(TaskRunner pid=1568689)[0m                                  'kl_loss_type': 'low_var_kl',
[36m(TaskRunner pid=1568689)[0m                                  'loss_agg_mode': 'token-mean',
[36m(TaskRunner pid=1568689)[0m                                  'optim': {'lr': 5e-07,
[36m(TaskRunner pid=1568689)[0m                                            'lr_warmup_steps': -1,
[36m(TaskRunner pid=1568689)[0m                                            'lr_warmup_steps_ratio': 0.03,
[36m(TaskRunner pid=1568689)[0m                                            'min_lr_ratio': 0.0,
[36m(TaskRunner pid=1568689)[0m                                            'num_cycles': 0.5,
[36m(TaskRunner pid=1568689)[0m                                            'total_training_steps': -1,
[36m(TaskRunner pid=1568689)[0m                                            'warmup_style': 'cosine',
[36m(TaskRunner pid=1568689)[0m                                            'weight_decay': 0.01},
[36m(TaskRunner pid=1568689)[0m                                  'policy_loss': {'clip_cov_lb': 1.0,
[36m(TaskRunner pid=1568689)[0m                                                  'clip_cov_ratio': 0.0002,
[36m(TaskRunner pid=1568689)[0m                                                  'clip_cov_ub': 5.0,
[36m(TaskRunner pid=1568689)[0m                                                  'kl_cov_ratio': 0.0002,
[36m(TaskRunner pid=1568689)[0m                                                  'loss_mode': 'vanilla',
[36m(TaskRunner pid=1568689)[0m                                                  'ppo_kl_coef': 0.1},
[36m(TaskRunner pid=1568689)[0m                                  'powerflow_beta_coef': 4.0,
[36m(TaskRunner pid=1568689)[0m                                  'powerflow_chunk_loss_mode': 'standard',
[36m(TaskRunner pid=1568689)[0m                                  'powerflow_enable': True,
[36m(TaskRunner pid=1568689)[0m                                  'powerflow_init_ref_log_prob': 0.36,
[36m(TaskRunner pid=1568689)[0m                                  'powerflow_on_policy': False,
[36m(TaskRunner pid=1568689)[0m                                  'powerflow_proj_layers': 3,
[36m(TaskRunner pid=1568689)[0m                                  'powerflow_use_boxed_reward': True,
[36m(TaskRunner pid=1568689)[0m                                  'powerflow_use_chunk_weights': True,
[36m(TaskRunner pid=1568689)[0m                                  'ppo_epochs': 1,
[36m(TaskRunner pid=1568689)[0m                                  'ppo_max_token_len_per_gpu': 2048,
[36m(TaskRunner pid=1568689)[0m                                  'ppo_micro_batch_size': None,
[36m(TaskRunner pid=1568689)[0m                                  'ppo_micro_batch_size_per_gpu': 4,
[36m(TaskRunner pid=1568689)[0m                                  'ppo_mini_batch_size': 32,
[36m(TaskRunner pid=1568689)[0m                                  'profiler': {'all_ranks': False,
[36m(TaskRunner pid=1568689)[0m                                               'discrete': False,
[36m(TaskRunner pid=1568689)[0m                                               'ranks': None},
[36m(TaskRunner pid=1568689)[0m                                  'shuffle': False,
[36m(TaskRunner pid=1568689)[0m                                  'strategy': 'fsdp',
[36m(TaskRunner pid=1568689)[0m                                  'ulysses_sequence_parallel_size': 1,
[36m(TaskRunner pid=1568689)[0m                                  'use_dynamic_bsz': False,
[36m(TaskRunner pid=1568689)[0m                                  'use_kl_loss': False,
[36m(TaskRunner pid=1568689)[0m                                  'use_torch_compile': True},
[36m(TaskRunner pid=1568689)[0m                        'hybrid_engine': True,
[36m(TaskRunner pid=1568689)[0m                        'model': {'attn_implementation': 'sdpa',
[36m(TaskRunner pid=1568689)[0m                                  'custom_chat_template': None,
[36m(TaskRunner pid=1568689)[0m                                  'enable_activation_offload': False,
[36m(TaskRunner pid=1568689)[0m                                  'enable_gradient_checkpointing': True,
[36m(TaskRunner pid=1568689)[0m                                  'exclude_modules': None,
[36m(TaskRunner pid=1568689)[0m                                  'external_lib': None,
[36m(TaskRunner pid=1568689)[0m                                  'fused_kernel_options': {'impl_backend': 'triton'},
[36m(TaskRunner pid=1568689)[0m                                  'lora_alpha': 16,
[36m(TaskRunner pid=1568689)[0m                                  'lora_rank': 0,
[36m(TaskRunner pid=1568689)[0m                                  'override_config': {},
[36m(TaskRunner pid=1568689)[0m                                  'path': '/models/Qwen2.5-Math-7B',
[36m(TaskRunner pid=1568689)[0m                                  'target_modules': 'all-linear',
[36m(TaskRunner pid=1568689)[0m                                  'trust_remote_code': False,
[36m(TaskRunner pid=1568689)[0m                                  'use_fused_kernels': True,
[36m(TaskRunner pid=1568689)[0m                                  'use_liger': False,
[36m(TaskRunner pid=1568689)[0m                                  'use_remove_padding': True,
[36m(TaskRunner pid=1568689)[0m                                  'use_shm': False},
[36m(TaskRunner pid=1568689)[0m                        'ref': {'entropy_checkpointing': False,
[36m(TaskRunner pid=1568689)[0m                                'entropy_from_logits_with_chunking': False,
[36m(TaskRunner pid=1568689)[0m                                'fsdp_config': {'forward_prefetch': False,
[36m(TaskRunner pid=1568689)[0m                                                'param_offload': True,
[36m(TaskRunner pid=1568689)[0m                                                'reshard_after_forward': True,
[36m(TaskRunner pid=1568689)[0m                                                'wrap_policy': {'min_num_params': 0}},
[36m(TaskRunner pid=1568689)[0m                                'log_prob_max_token_len_per_gpu': 2048,
[36m(TaskRunner pid=1568689)[0m                                'log_prob_micro_batch_size': None,
[36m(TaskRunner pid=1568689)[0m                                'log_prob_micro_batch_size_per_gpu': 4,
[36m(TaskRunner pid=1568689)[0m                                'log_prob_use_dynamic_bsz': False,
[36m(TaskRunner pid=1568689)[0m                                'profiler': {'all_ranks': False,
[36m(TaskRunner pid=1568689)[0m                                             'discrete': False,
[36m(TaskRunner pid=1568689)[0m                                             'ranks': None},
[36m(TaskRunner pid=1568689)[0m                                'strategy': 'fsdp',
[36m(TaskRunner pid=1568689)[0m                                'ulysses_sequence_parallel_size': 1,
[36m(TaskRunner pid=1568689)[0m                                'use_torch_compile': True},
[36m(TaskRunner pid=1568689)[0m                        'rollout': {'agent': {'num_workers': 8},
[36m(TaskRunner pid=1568689)[0m                                    'calculate_log_probs': True,
[36m(TaskRunner pid=1568689)[0m                                    'disable_log_stats': True,
[36m(TaskRunner pid=1568689)[0m                                    'do_sample': True,
[36m(TaskRunner pid=1568689)[0m                                    'dtype': 'bfloat16',
[36m(TaskRunner pid=1568689)[0m                                    'enable_chunked_prefill': True,
[36m(TaskRunner pid=1568689)[0m                                    'enforce_eager': False,
[36m(TaskRunner pid=1568689)[0m                                    'engine_kwargs': {'sglang': {'attention_backend': None},
[36m(TaskRunner pid=1568689)[0m                                                      'vllm': {'attention_config': {'backend': 'FLASH_ATTN'},
[36m(TaskRunner pid=1568689)[0m                                                               'disable_mm_preprocessor_cache': False,
[36m(TaskRunner pid=1568689)[0m                                                               'swap_space': None}},
[36m(TaskRunner pid=1568689)[0m                                    'free_cache_engine': False,
[36m(TaskRunner pid=1568689)[0m                                    'gpu_memory_utilization': 0.82,
[36m(TaskRunner pid=1568689)[0m                                    'ignore_eos': False,
[36m(TaskRunner pid=1568689)[0m                                    'layered_summon': False,
[36m(TaskRunner pid=1568689)[0m                                    'load_format': 'dummy_dtensor',
[36m(TaskRunner pid=1568689)[0m                                    'log_prob_max_token_len_per_gpu': 2048,
[36m(TaskRunner pid=1568689)[0m                                    'log_prob_micro_batch_size': None,
[36m(TaskRunner pid=1568689)[0m                                    'log_prob_micro_batch_size_per_gpu': 4,
[36m(TaskRunner pid=1568689)[0m                                    'log_prob_use_dynamic_bsz': False,
[36m(TaskRunner pid=1568689)[0m                                    'logprobs': 1,
[36m(TaskRunner pid=1568689)[0m                                    'max_model_len': 4096,
[36m(TaskRunner pid=1568689)[0m                                    'max_num_batched_tokens': 32768,
[36m(TaskRunner pid=1568689)[0m                                    'max_num_seqs': 1024,
[36m(TaskRunner pid=1568689)[0m                                    'mode': 'sync',
[36m(TaskRunner pid=1568689)[0m                                    'multi_stage_wake_up': False,
[36m(TaskRunner pid=1568689)[0m                                    'multi_turn': {'completion_callback': None,
[36m(TaskRunner pid=1568689)[0m                                                   'enable': False,
[36m(TaskRunner pid=1568689)[0m                                                   'format': 'hermes',
[36m(TaskRunner pid=1568689)[0m                                                   'interaction_config_path': None,
[36m(TaskRunner pid=1568689)[0m                                                   'max_assistant_turns': None,
[36m(TaskRunner pid=1568689)[0m                                                   'max_parallel_calls': 1,
[36m(TaskRunner pid=1568689)[0m                                                   'max_tool_response_length': 256,
[36m(TaskRunner pid=1568689)[0m                                                   'max_user_turns': None,
[36m(TaskRunner pid=1568689)[0m                                                   'tokenization_sanity_check_mode': 'strict',
[36m(TaskRunner pid=1568689)[0m                                                   'tool_config_path': None,
[36m(TaskRunner pid=1568689)[0m                                                   'tool_response_truncate_side': 'middle',
[36m(TaskRunner pid=1568689)[0m                                                   'use_inference_chat_template': False},
[36m(TaskRunner pid=1568689)[0m                                    'n': 32,
[36m(TaskRunner pid=1568689)[0m                                    'name': 'vllm',
[36m(TaskRunner pid=1568689)[0m                                    'profiler': {'all_ranks': False,
[36m(TaskRunner pid=1568689)[0m                                                 'discrete': False,
[36m(TaskRunner pid=1568689)[0m                                                 'ranks': None},
[36m(TaskRunner pid=1568689)[0m                                    'prompt_length': 1024,
[36m(TaskRunner pid=1568689)[0m                                    'response_length': 3072,
[36m(TaskRunner pid=1568689)[0m                                    'temperature': 1.0,
[36m(TaskRunner pid=1568689)[0m                                    'tensor_model_parallel_size': 1,
[36m(TaskRunner pid=1568689)[0m                                    'top_k': -1,
[36m(TaskRunner pid=1568689)[0m                                    'top_p': 1,
[36m(TaskRunner pid=1568689)[0m                                    'use_rollout_log_probs_as_old': True,
[36m(TaskRunner pid=1568689)[0m                                    'val_kwargs': {'do_sample': True,
[36m(TaskRunner pid=1568689)[0m                                                   'n': 16,
[36m(TaskRunner pid=1568689)[0m                                                   'temperature': 0.6,
[36m(TaskRunner pid=1568689)[0m                                                   'top_k': -1,
[36m(TaskRunner pid=1568689)[0m                                                   'top_p': 0.95}}},
[36m(TaskRunner pid=1568689)[0m  'algorithm': {'adv_estimator': 'grpo',
[36m(TaskRunner pid=1568689)[0m                'gamma': 1.0,
[36m(TaskRunner pid=1568689)[0m                'kl_ctrl': {'horizon': 10000,
[36m(TaskRunner pid=1568689)[0m                            'kl_coef': 0.0,
[36m(TaskRunner pid=1568689)[0m                            'target_kl': 0.1,
[36m(TaskRunner pid=1568689)[0m                            'type': 'fixed'},
[36m(TaskRunner pid=1568689)[0m                'kl_penalty': 'kl',
[36m(TaskRunner pid=1568689)[0m                'lam': 1.0,
[36m(TaskRunner pid=1568689)[0m                'norm_adv_by_std_in_grpo': True,
[36m(TaskRunner pid=1568689)[0m                'pf_ppo': {'reweight_method': 'pow', 'weight_pow': 2.0},
[36m(TaskRunner pid=1568689)[0m                'use_kl_in_reward': False,
[36m(TaskRunner pid=1568689)[0m                'use_pf_ppo': False},
[36m(TaskRunner pid=1568689)[0m  'critic': {'checkpoint': {'load_contents': ['model', 'optimizer', 'extra'],
[36m(TaskRunner pid=1568689)[0m                            'save_contents': ['model', 'optimizer', 'extra']},
[36m(TaskRunner pid=1568689)[0m             'cliprange_value': 0.5,
[36m(TaskRunner pid=1568689)[0m             'forward_max_token_len_per_gpu': 32768,
[36m(TaskRunner pid=1568689)[0m             'forward_micro_batch_size': None,
[36m(TaskRunner pid=1568689)[0m             'forward_micro_batch_size_per_gpu': 4,
[36m(TaskRunner pid=1568689)[0m             'grad_clip': 1.0,
[36m(TaskRunner pid=1568689)[0m             'loss_agg_mode': 'token-mean',
[36m(TaskRunner pid=1568689)[0m             'model': {'attn_implementation': 'sdpa',
[36m(TaskRunner pid=1568689)[0m                       'enable_activation_offload': False,
[36m(TaskRunner pid=1568689)[0m                       'enable_gradient_checkpointing': True,
[36m(TaskRunner pid=1568689)[0m                       'external_lib': None,
[36m(TaskRunner pid=1568689)[0m                       'fsdp_config': {'forward_prefetch': False,
[36m(TaskRunner pid=1568689)[0m                                       'fsdp_size': -1,
[36m(TaskRunner pid=1568689)[0m                                       'offload_policy': False,
[36m(TaskRunner pid=1568689)[0m                                       'optimizer_offload': False,
[36m(TaskRunner pid=1568689)[0m                                       'param_offload': False,
[36m(TaskRunner pid=1568689)[0m                                       'reshard_after_forward': True,
[36m(TaskRunner pid=1568689)[0m                                       'wrap_policy': {'min_num_params': 0}},
[36m(TaskRunner pid=1568689)[0m                       'lora_alpha': 16,
[36m(TaskRunner pid=1568689)[0m                       'lora_rank': 0,
[36m(TaskRunner pid=1568689)[0m                       'override_config': {},
[36m(TaskRunner pid=1568689)[0m                       'path': '/models/Qwen2.5-Math-7B',
[36m(TaskRunner pid=1568689)[0m                       'target_modules': 'all-linear',
[36m(TaskRunner pid=1568689)[0m                       'tokenizer_path': '/models/Qwen2.5-Math-7B',
[36m(TaskRunner pid=1568689)[0m                       'trust_remote_code': False,
[36m(TaskRunner pid=1568689)[0m                       'use_remove_padding': True,
[36m(TaskRunner pid=1568689)[0m                       'use_shm': False},
[36m(TaskRunner pid=1568689)[0m             'optim': {'lr': 9e-06,
[36m(TaskRunner pid=1568689)[0m                       'lr_warmup_steps_ratio': 0.0,
[36m(TaskRunner pid=1568689)[0m                       'min_lr_ratio': None,
[36m(TaskRunner pid=1568689)[0m                       'total_training_steps': -1,
[36m(TaskRunner pid=1568689)[0m                       'warmup_style': 'constant',
[36m(TaskRunner pid=1568689)[0m                       'weight_decay': 0.01},
[36m(TaskRunner pid=1568689)[0m             'ppo_epochs': 1,
[36m(TaskRunner pid=1568689)[0m             'ppo_max_token_len_per_gpu': 32768,
[36m(TaskRunner pid=1568689)[0m             'ppo_micro_batch_size': None,
[36m(TaskRunner pid=1568689)[0m             'ppo_micro_batch_size_per_gpu': 4,
[36m(TaskRunner pid=1568689)[0m             'ppo_mini_batch_size': 32,
[36m(TaskRunner pid=1568689)[0m             'profiler': {'all_ranks': False, 'discrete': False, 'ranks': None},
[36m(TaskRunner pid=1568689)[0m             'rollout_n': 32,
[36m(TaskRunner pid=1568689)[0m             'shuffle': False,
[36m(TaskRunner pid=1568689)[0m             'strategy': 'fsdp',
[36m(TaskRunner pid=1568689)[0m             'ulysses_sequence_parallel_size': 1,
[36m(TaskRunner pid=1568689)[0m             'use_dynamic_bsz': False},
[36m(TaskRunner pid=1568689)[0m  'custom_reward_function': {'name': 'reward_func',
[36m(TaskRunner pid=1568689)[0m                             'path': './verl/utils/reward_score/ttrl_math/__init__.py'},
[36m(TaskRunner pid=1568689)[0m  'data': {'custom_cls': {'name': None, 'path': None},
[36m(TaskRunner pid=1568689)[0m           'filter_overlong_prompts': True,
[36m(TaskRunner pid=1568689)[0m           'filter_overlong_prompts_workers': 1,
[36m(TaskRunner pid=1568689)[0m           'image_key': 'images',
[36m(TaskRunner pid=1568689)[0m           'max_prompt_length': 1024,
[36m(TaskRunner pid=1568689)[0m           'max_response_length': 3072,
[36m(TaskRunner pid=1568689)[0m           'prompt_key': 'prompt',
[36m(TaskRunner pid=1568689)[0m           'return_full_prompt': False,
[36m(TaskRunner pid=1568689)[0m           'return_raw_chat': False,
[36m(TaskRunner pid=1568689)[0m           'return_raw_input_ids': False,
[36m(TaskRunner pid=1568689)[0m           'reward_fn_key': 'data_source',
[36m(TaskRunner pid=1568689)[0m           'shuffle': True,
[36m(TaskRunner pid=1568689)[0m           'tokenizer': None,
[36m(TaskRunner pid=1568689)[0m           'train_batch_size': 32,
[36m(TaskRunner pid=1568689)[0m           'train_files': ['/mlx_devbox/users/quyanyi/playground/TTRL/verl/data/MATH-TTT/train.parquet'],
[36m(TaskRunner pid=1568689)[0m           'truncation': 'error',
[36m(TaskRunner pid=1568689)[0m           'trust_remote_code': False,
[36m(TaskRunner pid=1568689)[0m           'use_shm': False,
[36m(TaskRunner pid=1568689)[0m           'val_batch_size': None,
[36m(TaskRunner pid=1568689)[0m           'val_files': ['/mlx_devbox/users/quyanyi/playground/TTRL/verl/data/MATH-TTT/test.parquet'],
[36m(TaskRunner pid=1568689)[0m           'validation_shuffle': False,
[36m(TaskRunner pid=1568689)[0m           'video_key': 'videos'},
[36m(TaskRunner pid=1568689)[0m  'ray_init': {'num_cpus': None, 'timeline_json_file': None},
[36m(TaskRunner pid=1568689)[0m  'reward_model': {'enable': False,
[36m(TaskRunner pid=1568689)[0m                   'forward_max_token_len_per_gpu': 32768,
[36m(TaskRunner pid=1568689)[0m                   'launch_reward_fn_async': False,
[36m(TaskRunner pid=1568689)[0m                   'max_length': None,
[36m(TaskRunner pid=1568689)[0m                   'micro_batch_size': None,
[36m(TaskRunner pid=1568689)[0m                   'micro_batch_size_per_gpu': None,
[36m(TaskRunner pid=1568689)[0m                   'model': {'attn_implementation': 'sdpa',
[36m(TaskRunner pid=1568689)[0m                             'external_lib': None,
[36m(TaskRunner pid=1568689)[0m                             'fsdp_config': {'forward_prefetch': False,
[36m(TaskRunner pid=1568689)[0m                                             'fsdp_size': -1,
[36m(TaskRunner pid=1568689)[0m                                             'param_offload': False,
[36m(TaskRunner pid=1568689)[0m                                             'reshard_after_forward': True,
[36m(TaskRunner pid=1568689)[0m                                             'wrap_policy': {'min_num_params': 0}},
[36m(TaskRunner pid=1568689)[0m                             'input_tokenizer': '/models/Qwen2.5-Math-7B',
[36m(TaskRunner pid=1568689)[0m                             'path': '~/models/FsfairX-LLaMA3-RM-v0.1',
[36m(TaskRunner pid=1568689)[0m                             'trust_remote_code': False,
[36m(TaskRunner pid=1568689)[0m                             'use_fused_kernels': True,
[36m(TaskRunner pid=1568689)[0m                             'use_remove_padding': False,
[36m(TaskRunner pid=1568689)[0m                             'use_shm': False},
[36m(TaskRunner pid=1568689)[0m                   'num_processes': 128,
[36m(TaskRunner pid=1568689)[0m                   'profiler': {'all_ranks': False,
[36m(TaskRunner pid=1568689)[0m                                'discrete': False,
[36m(TaskRunner pid=1568689)[0m                                'ranks': None},
[36m(TaskRunner pid=1568689)[0m                   'reward_manager': 'prime',
[36m(TaskRunner pid=1568689)[0m                   'sandbox_fusion': {'max_concurrent': 64,
[36m(TaskRunner pid=1568689)[0m                                      'memory_limit_mb': 1024,
[36m(TaskRunner pid=1568689)[0m                                      'url': None},
[36m(TaskRunner pid=1568689)[0m                   'strategy': 'fsdp',
[36m(TaskRunner pid=1568689)[0m                   'ulysses_sequence_parallel_size': 1,
[36m(TaskRunner pid=1568689)[0m                   'use_dynamic_bsz': False},
[36m(TaskRunner pid=1568689)[0m  'trainer': {'balance_batch': True,
[36m(TaskRunner pid=1568689)[0m              'controller_nsight_options': {'cuda-graph-trace': 'graph',
[36m(TaskRunner pid=1568689)[0m                                            'cuda-memory-usage': 'true',
[36m(TaskRunner pid=1568689)[0m                                            'trace': 'cuda,nvtx,cublas,ucx'},
[36m(TaskRunner pid=1568689)[0m              'critic_warmup': 0,
[36m(TaskRunner pid=1568689)[0m              'default_hdfs_dir': None,
[36m(TaskRunner pid=1568689)[0m              'default_local_dir': '/tmp/ttrl_b200/checkpoints/ttrl_chunk_state_powerflow_anchor_boxfix3_mid_c128_probe4_b32_r32_v64_20260801',
[36m(TaskRunner pid=1568689)[0m              'del_local_ckpt_after_load': False,
[36m(TaskRunner pid=1568689)[0m              'device': 'cuda',
[36m(TaskRunner pid=1568689)[0m              'esi_redundant_time': 0,
[36m(TaskRunner pid=1568689)[0m              'experiment_name': '0801-ttrl_chunk_state_powerflow_anchor_boxfix3_mid_c128_probe4_b32_r32_v64_20260801-MATH-TTT-Qwen2.5-Math-7B-answer-value-margin-top2-mid-c128-powerflow',
[36m(TaskRunner pid=1568689)[0m              'final_val_enable': False,
[36m(TaskRunner pid=1568689)[0m              'log_val_generations': 0,
[36m(TaskRunner pid=1568689)[0m              'logger': ['console'],
[36m(TaskRunner pid=1568689)[0m              'max_actor_ckpt_to_keep': 0,
[36m(TaskRunner pid=1568689)[0m              'max_critic_ckpt_to_keep': 0,
[36m(TaskRunner pid=1568689)[0m              'n_gpus_per_node': 8,
[36m(TaskRunner pid=1568689)[0m              'nnodes': 1,
[36m(TaskRunner pid=1568689)[0m              'profile_steps': None,
[36m(TaskRunner pid=1568689)[0m              'project_name': 'TTRL-verl-local',
[36m(TaskRunner pid=1568689)[0m              'ray_wait_register_center_timeout': 300,
[36m(TaskRunner pid=1568689)[0m              'resume_from_path': None,
[36m(TaskRunner pid=1568689)[0m              'resume_mode': 'disable',
[36m(TaskRunner pid=1568689)[0m              'rollout_data_dir': None,
[36m(TaskRunner pid=1568689)[0m              'save_freq': 2000000,
[36m(TaskRunner pid=1568689)[0m              'test_freq': 2000000,
[36m(TaskRunner pid=1568689)[0m              'total_epochs': 10,
[36m(TaskRunner pid=1568689)[0m              'total_training_steps': 3,
[36m(TaskRunner pid=1568689)[0m              'val_before_train': False,
[36m(TaskRunner pid=1568689)[0m              'val_only': False,
[36m(TaskRunner pid=1568689)[0m              'validation_data_dir': None,
[36m(TaskRunner pid=1568689)[0m              'worker_nsight_options': {'capture-range': 'cudaProfilerApi',
[36m(TaskRunner pid=1568689)[0m                                        'capture-range-end': None,
[36m(TaskRunner pid=1568689)[0m                                        'cuda-graph-trace': 'graph',
[36m(TaskRunner pid=1568689)[0m                                        'cuda-memory-usage': 'true',
[36m(TaskRunner pid=1568689)[0m                                        'kill': 'none',
[36m(TaskRunner pid=1568689)[0m                                        'trace': 'cuda,nvtx,cublas,ucx'}},
[36m(TaskRunner pid=1568689)[0m  'ttrl': {'chunk_state_actor_span': 'chunk',
[36m(TaskRunner pid=1568689)[0m           'chunk_state_alpha': 2.0,
[36m(TaskRunner pid=1568689)[0m           'chunk_state_boundaries': [0,
[36m(TaskRunner pid=1568689)[0m                                      128,
[36m(TaskRunner pid=1568689)[0m                                      256,
[36m(TaskRunner pid=1568689)[0m                                      384,
[36m(TaskRunner pid=1568689)[0m                                      512,
[36m(TaskRunner pid=1568689)[0m                                      640,
[36m(TaskRunner pid=1568689)[0m                                      768,
[36m(TaskRunner pid=1568689)[0m                                      896,
[36m(TaskRunner pid=1568689)[0m                                      1024],
[36m(TaskRunner pid=1568689)[0m           'chunk_state_boundary_mode': 'mid',
[36m(TaskRunner pid=1568689)[0m           'chunk_state_candidates': 8,
[36m(TaskRunner pid=1568689)[0m           'chunk_state_chunk_size': 128,
[36m(TaskRunner pid=1568689)[0m           'chunk_state_confidence_power': 0.0,
[36m(TaskRunner pid=1568689)[0m           'chunk_state_diag_enable': True,
[36m(TaskRunner pid=1568689)[0m           'chunk_state_diag_jsonl': '/mlx_devbox/users/quyanyi/playground/TTRL/important_experiment_logs/chunk_state_diag/ttrl_chunk_state_powerflow_anchor_boxfix3_mid_c128_probe4_b32_r32_v64_20260801.jsonl',
[36m(TaskRunner pid=1568689)[0m           'chunk_state_enable': True,
[36m(TaskRunner pid=1568689)[0m           'chunk_state_eps': 0.05,
[36m(TaskRunner pid=1568689)[0m           'chunk_state_format_guard': True,
[36m(TaskRunner pid=1568689)[0m           'chunk_state_label_consistent_only': True,
[36m(TaskRunner pid=1568689)[0m           'chunk_state_majority_num_processes': 16,
[36m(TaskRunner pid=1568689)[0m           'chunk_state_max_answer_chars': 128,
[36m(TaskRunner pid=1568689)[0m           'chunk_state_max_boxed_count': 8,
[36m(TaskRunner pid=1568689)[0m           'chunk_state_max_prefix_tokens': 1024,
[36m(TaskRunner pid=1568689)[0m           'chunk_state_mid_boundary_max_ratio': 0.8,
[36m(TaskRunner pid=1568689)[0m           'chunk_state_mid_boundary_min_ratio': 0.25,
[36m(TaskRunner pid=1568689)[0m           'chunk_state_min_answer_coverage': 0.6,
[36m(TaskRunner pid=1568689)[0m           'chunk_state_min_boundary': 0,
[36m(TaskRunner pid=1568689)[0m           'chunk_state_min_informative_gap': 0.0,
[36m(TaskRunner pid=1568689)[0m           'chunk_state_min_majority_ratio': 0.2,
[36m(TaskRunner pid=1568689)[0m           'chunk_state_probe_max_tokens': 1024,
[36m(TaskRunner pid=1568689)[0m           'chunk_state_probe_samples': 4,
[36m(TaskRunner pid=1568689)[0m           'chunk_state_score_mode': 'answer_value_margin',
[36m(TaskRunner pid=1568689)[0m           'chunk_state_skip_all_negative': True,
[36m(TaskRunner pid=1568689)[0m           'chunk_state_skip_uniform': True,
[36m(TaskRunner pid=1568689)[0m           'chunk_state_source_chunk_candidate_index': 0,
[36m(TaskRunner pid=1568689)[0m           'chunk_state_source_chunk_enable': True,
[36m(TaskRunner pid=1568689)[0m           'chunk_state_source_mode': 'majority_consistent',
[36m(TaskRunner pid=1568689)[0m           'chunk_state_states_per_prompt': 1,
[36m(TaskRunner pid=1568689)[0m           'chunk_state_teacher_anchor_candidate_index': 0,
[36m(TaskRunner pid=1568689)[0m           'chunk_state_teacher_anchor_enable': True,
[36m(TaskRunner pid=1568689)[0m           'chunk_state_teacher_anchor_score': 0.5,
[36m(TaskRunner pid=1568689)[0m           'chunk_state_value_margin': 0.125,
[36m(TaskRunner pid=1568689)[0m           'chunk_state_value_topk': 2,
[36m(TaskRunner pid=1568689)[0m           'enable': True,
[36m(TaskRunner pid=1568689)[0m           'majority_vote_num_processes': 64,
[36m(TaskRunner pid=1568689)[0m           'n_samples_per_prompt': 32,
[36m(TaskRunner pid=1568689)[0m           'n_votes_per_prompt': 64,
[36m(TaskRunner pid=1568689)[0m           'powerflow_no_majority': False,
[36m(TaskRunner pid=1568689)[0m           'sharpened_alpha': 2.0,
[36m(TaskRunner pid=1568689)[0m           'sharpened_conf_temperature': 1.0,
[36m(TaskRunner pid=1568689)[0m           'sharpened_enable': False,
[36m(TaskRunner pid=1568689)[0m           'sharpened_negative_enable': True,
[36m(TaskRunner pid=1568689)[0m           'sharpened_negative_reward'
[36m(TaskRunner pid=1568689)[0m : 
[36m(TaskRunner pid=1568689)[0m -0.25,
[36m(TaskRunner pid=1568689)[0m           'sharpened_reward_mode': 'prob',
[36m(TaskRunner pid=1568689)[0m           'sharpened_soft_coef': 0.25,
[36m(TaskRunner pid=1568689)[0m           'sharpened_tau_low': 0.125,
[36m(TaskRunner pid=1568689)[0m           'sharpened_tau_marg': 0.125,
[36m(TaskRunner pid=1568689)[0m Generating train split: 0 examples [00:00, ? examples/s]Generating train split: 500 examples [00:00, 134553.57 examples/s]
[36m(TaskRunner pid=1568689)[0m Setting TOKENIZERS_PARALLELISM=false for forked processes.
[36m(TaskRunner pid=1568689)[0m WARNING:2026-08-01 10:16:02,086:Setting TOKENIZERS_PARALLELISM=false for forked processes.
[36m(TaskRunner pid=1568689)[0m Filtering prompts longer than 1024 tokens (num_proc=1):   0%|          | 0/500 [00:00<?, ? examples/s]
[36m(TaskRunner pid=1568689)[0m Filtering prompts longer than 1024 tokens (num_proc=1): 100%|██████████| 500/500 [00:01<00:00, 297.79 examples/s]
[36m(TaskRunner pid=1568689)[0m Filtering prompts longer than 1024 tokens (num_proc=1): 100%|██████████| 500/500 [00:01<00:00, 277.59 examples/s]
[36m(TaskRunner pid=1568689)[0m Generating train split: 0 examples [00:00, ? examples/s]Generating train split: 500 examples [00:00, 156224.08 examples/s]
[36m(TaskRunner pid=1568689)[0m Setting TOKENIZERS_PARALLELISM=false for forked processes.
[36m(TaskRunner pid=1568689)[0m WARNING:2026-08-01 10:16:05,013:Setting TOKENIZERS_PARALLELISM=false for forked processes.
[36m(TaskRunner pid=1568689)[0m Filtering prompts longer than 1024 tokens (num_proc=1):   0%|          | 0/500 [00:00<?, ? examples/s]
[36m(TaskRunner pid=1568689)[0m Filtering prompts longer than 1024 tokens (num_proc=1): 100%|██████████| 500/500 [00:01<00:00, 294.59 examples/s]
[36m(TaskRunner pid=1568689)[0m Filtering prompts longer than 1024 tokens (num_proc=1): 100%|██████████| 500/500 [00:01<00:00, 272.70 examples/s]
[36m(TaskRunner pid=1568689)[0m DeprecationWarning: `ray.state.available_resources_per_node` is a private attribute and access will be removed in a future Ray version.
[36m(pid=1568691)[0m /mlx_devbox/users/quyanyi/playground/TTRL/verl/verl/__init__.py:18: UserWarning: pkg_resources is deprecated as an API. See https://setuptools.pypa.io/en/latest/pkg_resources.html. The pkg_resources package is slated for removal as early as 2025-11-30. Refrain from using this package or pin to Setuptools<81.
[36m(pid=1568691)[0m   import pkg_resources
[36m(pid=1568691)[0m /mlx_devbox/users/quyanyi/playground/.venvs/ttrl_b200/lib/python3.11/site-packages/huggingface_hub/constants.py:298: FutureWarning: The `HF_HUB_ENABLE_HF_TRANSFER` environment variable is deprecated as 'hf_transfer' is not used anymore. Please use `HF_XET_HIGH_PERFORMANCE` instead to enable high performance transfer with Xet. Visit https://huggingface.co/docs/huggingface_hub/package_reference/environment_variables#hfxethighperformance for more details.
[36m(pid=1568691)[0m   warnings.warn(
[36m(pid=1568696)[0m /mlx_devbox/users/quyanyi/playground/TTRL/verl/verl/__init__.py:18: UserWarning: pkg_resources is deprecated as an API. See https://setuptools.pypa.io/en/latest/pkg_resources.html. The pkg_resources package is slated for removal as early as 2025-11-30. Refrain from using this package or pin to Setuptools<81.[32m [repeated 7x across cluster] (Ray deduplicates logs by default. Set RAY_DEDUP_LOGS=0 to disable log deduplication, or see https://docs.ray.io/en/master/ray-observability/user-guides/configure-logging.html#log-deduplication for more options.)[0m
[36m(pid=1568696)[0m   import pkg_resources[32m [repeated 7x across cluster][0m
[36m(WorkerDict pid=1568691)[0m WARNING:2026-08-01 10:16:27,124:Initializing torch.distributed: rank=0 world_size=8 init_method=tcp://[fdbd:dc61:ff:f000:ffff:ffff:0:16]:35583 master=fdbd:dc61:ff:f000:ffff:ffff:0:16:35583
[36m(pid=1568696)[0m /mlx_devbox/users/quyanyi/playground/.venvs/ttrl_b200/lib/python3.11/site-packages/huggingface_hub/constants.py:298: FutureWarning: The `HF_HUB_ENABLE_HF_TRANSFER` environment variable is deprecated as 'hf_transfer' is not used anymore. Please use `HF_XET_HIGH_PERFORMANCE` instead to enable high performance transfer with Xet. Visit https://huggingface.co/docs/huggingface_hub/package_reference/environment_variables#hfxethighperformance for more details.[32m [repeated 7x across cluster][0m
[36m(pid=1568696)[0m   warnings.warn([32m [repeated 7x across cluster][0m
[36m(WorkerDict pid=1568690)[0m [W801 10:16:29.462009874 ProcessGroupNCCL.cpp:932] Warning: TORCH_NCCL_AVOID_RECORD_STREAMS is the default now, this environment variable is thus deprecated. (function operator())
[36m(WorkerDict pid=1568690)[0m Loading weights:   0%|          | 0/339 [00:00<?, ?it/s]
[36m(WorkerDict pid=1568690)[0m Loading weights: 100%|██████████| 339/339 [00:00<00:00, 12728.90it/s]
[36m(WorkerDict pid=1568691)[0m Loading weights:   0%|          | 0/339 [00:00<?, ?it/s]Loading weights: 100%|██████████| 339/339 [00:00<00:00, 10441.87it/s]
[36m(TaskRunner pid=1568689)[0m           'sharpened_tau_pos': 0.375,
[36m(TaskRunner pid=1568689)[0m           'sharpened_use_confidence': True}}
[36m(TaskRunner pid=1568689)[0m using customized reward function 'reward_func' from './verl/utils/reward_score/ttrl_math/__init__.py'
[36m(TaskRunner pid=1568689)[0m using customized reward function 'reward_func' from './verl/utils/reward_score/ttrl_math/__init__.py'
[36m(TaskRunner pid=1568689)[0m Using dataset class: RLHFDataset
[36m(TaskRunner pid=1568689)[0m dataset len: 500
[36m(TaskRunner pid=1568689)[0m filter dataset len: 500
[36m(TaskRunner pid=1568689)[0m Using dataset class: RLHFDataset
[36m(TaskRunner pid=1568689)[0m dataset len: 500
[36m(TaskRunner pid=1568689)[0m filter dataset len: 500
[36m(TaskRunner pid=1568689)[0m [validate_config] All configuration checks passed successfully!
[36m(TaskRunner pid=1568689)[0m Size of train dataloader: 15, Size of val dataloader: 1
[36m(TaskRunner pid=1568689)[0m Total training steps: 3
[36m(TaskRunner pid=1568689)[0m colocated worker base class <class 'verl.single_controller.base.worker.Worker'>
[36m(WorkerDict pid=1568691)[0m Model config after override: Qwen2Config {
[36m(WorkerDict pid=1568691)[0m   "architectures": [
[36m(WorkerDict pid=1568691)[0m     "Qwen2ForCausalLM"
[36m(WorkerDict pid=1568691)[0m   ],
[36m(WorkerDict pid=1568691)[0m   "attention_dropout": 0.0,
[36m(WorkerDict pid=1568691)[0m   "bos_token_id": null,
[36m(WorkerDict pid=1568691)[0m   "dtype": "bfloat16",
[36m(WorkerDict pid=1568691)[0m   "eos_token_id": 151643,
[36m(WorkerDict pid=1568691)[0m   "hidden_act": "silu",
[36m(WorkerDict pid=1568691)[0m   "hidden_size": 3584,
[36m(WorkerDict pid=1568691)[0m   "initializer_range": 0.02,
[36m(WorkerDict pid=1568691)[0m   "intermediate_size": 18944,
[36m(WorkerDict pid=1568691)[0m   "layer_types": [
[36m(WorkerDict pid=1568691)[0m     "full_attention",
[36m(WorkerDict pid=1568691)[0m     "full_attention",
[36m(WorkerDict pid=1568691)[0m     "full_attention",
[36m(WorkerDict pid=1568691)[0m     "full_attention",
[36m(WorkerDict pid=1568691)[0m     "full_attention",
[36m(WorkerDict pid=1568691)[0m     "full_attention",
[36m(WorkerDict pid=1568691)[0m     "full_attention",
[36m(WorkerDict pid=1568691)[0m     "full_attention",
[36m(WorkerDict pid=1568691)[0m     "full_attention",
[36m(WorkerDict pid=1568691)[0m     "full_attention",
[36m(WorkerDict pid=1568691)[0m     "full_attention",
[36m(WorkerDict pid=1568691)[0m     "full_attention",
[36m(WorkerDict pid=1568691)[0m     "full_attention",
[36m(WorkerDict pid=1568691)[0m     "full_attention",
[36m(WorkerDict pid=1568691)[0m     "full_attention",
[36m(WorkerDict pid=1568691)[0m     "full_attention",
[36m(WorkerDict pid=1568691)[0m     "full_attention",
[36m(WorkerDict pid=1568691)[0m     "full_attention",
[36m(WorkerDict pid=1568691)[0m     "full_attention",
[36m(WorkerDict pid=1568691)[0m     "full_attention",
[36m(WorkerDict pid=1568691)[0m     "full_attention",
[36m(WorkerDict pid=1568691)[0m     "full_attention",
[36m(WorkerDict pid=1568691)[0m     "full_attention",
[36m(WorkerDict pid=1568691)[0m     "full_attention",
[36m(WorkerDict pid=1568691)[0m     "full_attention",
[36m(WorkerDict pid=1568691)[0m     "full_attention",
[36m(WorkerDict pid=1568691)[0m     "full_attention",
[36m(WorkerDict pid=1568691)[0m     "full_attention"
[36m(WorkerDict pid=1568691)[0m   ],
[36m(WorkerDict pid=1568691)[0m   "max_position_embeddings": 4096,
[36m(WorkerDict pid=1568691)[0m   "max_window_layers": 28,
[36m(WorkerDict pid=1568691)[0m   "model_type": "qwen2",
[36m(WorkerDict pid=1568691)[0m   "num_attention_heads": 28,
[36m(WorkerDict pid=1568691)[0m   "num_hidden_layers": 28,
[36m(WorkerDict pid=1568691)[0m   "num_key_value_heads": 4,
[36m(WorkerDict pid=1568691)[0m   "pad_token_id": 151643,
[36m(WorkerDict pid=1568691)[0m   "rms_norm_eps": 1e-06,
[36m(WorkerDict pid=1568691)[0m   "rope_parameters": {
[36m(WorkerDict pid=1568691)[0m     "rope_theta": 10000,
[36m(WorkerDict pid=1568691)[0m     "rope_type": "default"
[36m(WorkerDict pid=1568691)[0m   },
[36m(WorkerDict pid=1568691)[0m   "sliding_window": null,
[36m(WorkerDict pid=1568691)[0m   "tie_word_embeddings": false,
[36m(WorkerDict pid=1568691)[0m   "transformers_version": "5.12.1",
[36m(WorkerDict pid=1568691)[0m   "use_cache": true,
[36m(WorkerDict pid=1568691)[0m   "use_mrope": false,
[36m(WorkerDict pid=1568691)[0m   "use_sliding_window": false,
[36m(WorkerDict pid=1568691)[0m   "vocab_size": 152064
[36m(WorkerDict pid=1568691)[0m }
[36m(WorkerDict pid=1568691)[0m 
[36m(WorkerDict pid=1568691)[0m ref attention implementation verified: sdpa
[36m(WorkerDict pid=1568691)[0m Monkey patch _flash_attention_forward in transformers.integrations.flash_attention
[36m(WorkerDict pid=1568691)[0m Using Triton backend for fused kernels in Qwen2ForCausalLM
[36m(WorkerDict pid=1568691)[0m Qwen2ForCausalLM contains 7.62B parameters
[36m(WorkerDict pid=1568691)[0m wrap_policy: functools.partial(<function _or_policy at 0x7f308e843420>, policies=[functools.partial(<function transformer_auto_wrap_policy at 0x7f308e8432e0>, transformer_layer_cls={<class 'transformers.models.qwen2.modeling_qwen2.Qwen2DecoderLayer'>})])
[36m(WorkerDict pid=1568691)[0m trial-302172199-trialrun-302172199-worker-0:1568691:1568691 [0] NCCL INFO ENV/Plugin: Could not find: libnccl-env.so
[36m(WorkerDict pid=1568691)[0m trial-302172199-trialrun-302172199-worker-0:1568691:1568691 [0] NCCL INFO NCCL_SOCKET_FAMILY set by environment to AF_INET6
[36m(WorkerDict pid=1568691)[0m trial-302172199-trialrun-302172199-worker-0:1568691:1568691 [0] NCCL INFO NCCL_SOCKET_IFNAME set by environment to =eth0
[36m(WorkerDict pid=1568691)[0m trial-302172199-trialrun-302172199-worker-0:1568691:1568691 [0] NCCL INFO cudaDriverVersion 13000
[36m(WorkerDict pid=1568691)[0m trial-302172199-trialrun-302172199-worker-0:1568691:1568691 [0] NCCL INFO NCCL version 2.28.9+cuda13.0
[36m(WorkerDict pid=1568691)[0m trial-302172199-trialrun-302172199-worker-0:1568691:1568691 [0] NCCL INFO Comm config Blocking set to 1
[36m(WorkerDict pid=1568691)[0m trial-302172199-trialrun-302172199-worker-0:1568691:1568691 [0] NCCL INFO NCCL_NET_PLUGIN set by environment to none
[36m(WorkerDict pid=1568691)[0m trial-302172199-trialrun-302172199-worker-0:1568691:1568691 [0] NCCL INFO NCCL_SOCKET_FAMILY set by environment to AF_INET6
[36m(WorkerDict pid=1568691)[0m trial-302172199-trialrun-302172199-worker-0:1568691:1568691 [0] NCCL INFO NCCL_SOCKET_IFNAME set by environment to =eth0
[36m(WorkerDict pid=1568691)[0m trial-302172199-trialrun-302172199-worker-0:1568691:1568691 [0] NCCL INFO NET/Socket : Using [0]eth0:fdbd:dc61:ff:f000:ffff:ffff:0:16<0>
[36m(WorkerDict pid=1568691)[0m trial-302172199-trialrun-302172199-worker-0:1568691:1568691 [0] NCCL INFO Initialized NET plugin Socket
[36m(WorkerDict pid=1568691)[0m trial-302172199-trialrun-302172199-worker-0:1568691:1568691 [0] NCCL INFO Assigned NET plugin Socket to comm
[36m(WorkerDict pid=1568691)[0m trial-302172199-trialrun-302172199-worker-0:1568691:1568691 [0] NCCL INFO Using network Socket
[36m(WorkerDict pid=1568691)[0m trial-302172199-trialrun-302172199-worker-0:1568691:1568691 [0] NCCL INFO ncclCommInitRankConfig comm 0xf760c00 rank 0 nranks 8 cudaDev 0 nvmlDev 0 busId f000 commId 0xfdb1b0cb07146b0c - Init START
[36m(WorkerDict pid=1568691)[0m trial-302172199-trialrun-302172199-worker-0:1568691:1568691 [0] NCCL INFO RAS client listening socket at ::1<28028>
[36m(WorkerDict pid=1568691)[0m trial-302172199-trialrun-302172199-worker-0:1568691:1568691 [0] NCCL INFO MNNVL busId 0xf000 fabric UUID 0.0 cliqueId 0x0 state 3 healthMask 0x80
[36m(WorkerDict pid=1568691)[0m trial-302172199-trialrun-302172199-worker-0:1568691:1568691 [0] NCCL INFO Could not find real path of /sys/class/pci_bus/fffffff/../../fffffff:ff:f
[36m(WorkerDict pid=1568691)[0m trial-302172199-trialrun-302172199-worker-0:1568691:1568691 [0] NCCL INFO TOPO/NET : Importing network plugins to topology
[36m(WorkerDict pid=1568691)[0m trial-302172199-trialrun-302172199-worker-0:1568691:1568691 [0] NCCL INFO ncclTopoPopulateNics : Filled eth0 in topo with pciPath=(null) keep=1 coll=(null)
[36m(WorkerDict pid=1568691)[0m trial-302172199-trialrun-302172199-worker-0:1568691:1568691 [0] NCCL INFO === System : maxBw 721.8 totalBw 721.8 ===
[36m(WorkerDict pid=1568691)[0m trial-302172199-trialrun-302172199-worker-0:1568691:1568691 [0] NCCL INFO CPU/0-0 (1/1/4)
[36m(WorkerDict pid=1568691)[0m trial-302172199-trialrun-302172199-worker-0:1568691:1568691 [0] NCCL INFO + PCI[5000.0] - NIC/0-0
[36m(WorkerDict pid=1568691)[0m trial-302172199-trialrun-302172199-worker-0:1568691:1568691 [0] NCCL INFO                 + NET[1.2] - NET/0-0 (0/0/0/1.250000)
[36m(WorkerDict pid=1568691)[0m trial-302172199-trialrun-302172199-worker-0:1568691:1568691 [0] NCCL INFO                 + NET[1.2] - NET/0-0 (0/0/0/1.250000)
[36m(WorkerDict pid=1568691)[0m trial-302172199-trialrun-302172199-worker-0:1568691:1568691 [0] NCCL INFO + PCI[48.0] - PCI/0-8000 (1000c0301000ffff)
[36m(WorkerDict pid=1568691)[0m trial-302172199-trialrun-302172199-worker-0:1568691:1568691 [0] NCCL INFO               + PCI[48.0] - GPU/0-f000 (0)
[36m(WorkerDict pid=1568691)[0m trial-302172199-trialrun-302172199-worker-0:1568691:1568691 [0] NCCL INFO                             + NVL[721.8] - NVS/0-0
[36m(WorkerDict pid=1568691)[0m trial-302172199-trialrun-302172199-worker-0:1568691:1568691 [0] NCCL INFO + PCI[48.0] - PCI/0-26000 (1000c0301000ffff)
[36m(WorkerDict pid=1568691)[0m trial-302172199-trialrun-302172199-worker-0:1568691:1568691 [0] NCCL INFO               + PCI[48.0] - GPU/0-2d000 (1)
[36m(WorkerDict pid=1568691)[0m trial-302172199-trialrun-302172199-worker-0:1568691:1568691 [0] NCCL INFO                             + NVL[721.8] - NVS/0-0
[36m(WorkerDict pid=1568691)[0m trial-302172199-trialrun-302172199-worker-0:1568691:1568691 [0] NCCL INFO + PCI[48.0] - PCI/0-3d000 (1000c0301000ffff)
[36m(WorkerDict pid=1568691)[0m trial-302172199-trialrun-302172199-worker-0:1568691:1568691 [0] NCCL INFO               + PCI[48.0] - GPU/0-44000 (2)
[36m(WorkerDict pid=1568691)[0m trial-302172199-trialrun-302172199-worker-0:1568691:1568691 [0] NCCL INFO                             + NVL[721.8] - NVS/0-0
[36m(WorkerDict pid=1568691)[0m trial-302172199-trialrun-302172199-worker-0:1568691:1568691 [0] NCCL INFO + PCI[48.0] - PCI/0-54000 (1000c0301000ffff)
[36m(WorkerDict pid=1568691)[0m trial-302172199-trialrun-302172199-worker-0:1568691:1568691 [0] NCCL INFO               + PCI[48.0] - GPU/0-5b000 (3)
[36m(WorkerDict pid=1568691)[0m trial-302172199-trialrun-302172199-worker-0:1568691:1568691 [0] NCCL INFO                             + NVL[721.8] - NVS/0-0
[36m(WorkerDict pid=1568691)[0m trial-302172199-trialrun-302172199-worker-0:1568691:1568691 [0] NCCL INFO + SYS[40.0] - CPU/0-1
[36m(WorkerDict pid=1568691)[0m trial-302172199-trialrun-302172199-worker-0:1568691:1568691 [0] NCCL INFO CPU/0-1 (1/1/4)
[36m(WorkerDict pid=1568691)[0m trial-302172199-trialrun-302172199-worker-0:1568691:1568691 [0] NCCL INFO + PCI[48.0] - PCI/0-82000 (1000c0301000ffff)
[36m(WorkerDict pid=1568691)[0m trial-302172199-trialrun-302172199-worker-0:1568691:1568691 [0] NCCL INFO               + PCI[48.0] - GPU/0-89000 (4)
[36m(WorkerDict pid=1568691)[0m trial-302172199-trialrun-302172199-worker-0:1568691:1568691 [0] NCCL INFO                             + NVL[721.8] - NVS/0-0
[36m(WorkerDict pid=1568691)[0m trial-302172199-trialrun-302172199-worker-0:1568691:1568691 [0] NCCL INFO + PCI[48.0] - PCI/0-a1000 (1000c0301000ffff)
[36m(WorkerDict pid=1568691)[0m trial-302172199-trialrun-302172199-worker-0:1568691:1568691 [0] NCCL INFO               + PCI[48.0] - GPU/0-a8000 (5)
[36m(WorkerDict pid=1568691)[0m trial-302172199-trialrun-302172199-worker-0:1568691:1568691 [0] NCCL INFO                             + NVL[721.8] - NVS/0-0
[36m(WorkerDict pid=1568691)[0m trial-302172199-trialrun-302172199-worker-0:1568691:1568691 [0] NCCL INFO + PCI[48.0] - PCI/0-b9000 (1000c0301000ffff)
[36m(WorkerDict pid=1568691)[0m trial-302172199-trialrun-302172199-worker-0:1568691:1568691 [0] NCCL INFO               + PCI[48.0] - GPU/0-c0000 (6)
[36m(WorkerDict pid=1568691)[0m trial-302172199-trialrun-302172199-worker-0:1568691:1568691 [0] NCCL INFO                             + NVL[721.8] - NVS/0-0
[36m(WorkerDict pid=1568691)[0m trial-302172199-trialrun-302172199-worker-0:1568691:1568691 [0] NCCL INFO + PCI[48.0] - PCI/0-d1000 (1000c0301000ffff)
[36m(WorkerDict pid=1568691)[0m trial-302172199-trialrun-302172199-worker-0:1568691:1568691 [0] NCCL INFO               + PCI[48.0] - GPU/0-d8000 (7)
[36m(WorkerDict pid=1568691)[0m trial-302172199-trialrun-302172199-worker-0:1568691:1568691 [0] NCCL INFO                             + NVL[721.8] - NVS/0-0
[36m(WorkerDict pid=1568691)[0m trial-302172199-trialrun-302172199-worker-0:1568691:1568691 [0] NCCL INFO + SYS[40.0] - CPU/0-0
[36m(WorkerDict pid=1568691)[0m trial-302172199-trialrun-302172199-worker-0:1568691:1568691 [0] NCCL INFO ==========================================
[36m(WorkerDict pid=1568691)[0m trial-302172199-trialrun-302172199-worker-0:1568691:1568691 [0] NCCL INFO GPU/0-f000 :GPU/0-f000 (0/5000.0/LOC) GPU/0-2d000 (2/721.8/NVL) GPU/0-44000 (2/721.8/NVL) GPU/0-5b000 (2/721.8/NVL) GPU/0-89000 (2/721.8/NVL) GPU/0-a8000 (2/721.8/NVL) GPU/0-c0000 (2/721.8/NVL) GPU/0-d8000 (2/721.8/NVL) NVS/0-0 (1/721.8/NVL) CPU/0-0 (2/48.0/PHB) CPU/0-1 (3/40.0/SYS) NET/0-0 (4/1.2/PHB) NET/0-0 (0/0.0/DIS) 
[36m(WorkerDict pid=1568691)[0m trial-302172199-trialrun-302172199-worker-0:1568691:1568691 [0] NCCL INFO GPU/0-2d000 :GPU/0-f000 (2/721.8/NVL) GPU/0-2d000 (0/5000.0/LOC) GPU/0-44000 (2/721.8/NVL) GPU/0-5b000 (2/721.8/NVL) GPU/0-89000 (2/721.8/NVL) GPU/0-a8000 (2/721.8/NVL) GPU/0-c0000 (2/721.8/NVL) GPU/0-d8000 (2/721.8/NVL) NVS/0-0 (1/721.8/NVL) CPU/0-0 (2/48.0/PHB) CPU/0-1 (3/40.0/SYS) NET/0-0 (4/1.2/PHB) NET/0-0 (0/0.0/DIS) 
[36m(WorkerDict pid=1568691)[0m trial-302172199-trialrun-302172199-worker-0:1568691:1568691 [0] NCCL INFO GPU/0-44000 :GPU/0-f000 (2/721.8/NVL) GPU/0-2d000 (2/721.8/NVL) GPU/0-44000 (0/5000.0/LOC) GPU/0-5b000 (2/721.8/NVL) GPU/0-89000 (2/721.8/NVL) GPU/0-a8000 (2/721.8/NVL) GPU/0-c0000 (2/721.8/NVL) GPU/0-d8000 (2/721.8/NVL) NVS/0-0 (1/721.8/NVL) CPU/0-0 (2/48.0/PHB) CPU/0-1 (3/40.0/SYS) NET/0-0 (4/1.2/PHB) NET/0-0 (0/0.0/DIS) 
[36m(WorkerDict pid=1568691)[0m trial-302172199-trialrun-302172199-worker-0:1568691:1568691 [0] NCCL INFO GPU/0-5b000 :GPU/0-f000 (2/721.8/NVL) GPU/0-2d000 (2/721.8/NVL) GPU/0-44000 (2/721.8/NVL) GPU/0-5b000 (0/5000.0/LOC) GPU/0-89000 (2/721.8/NVL) GPU/0-a8000 (2/721.8/NVL) GPU/0-c0000 (2/721.8/NVL) GPU/0-d8000 (2/721.8/NVL) NVS/0-0 (1/721.8/NVL) CPU/0-0 (2/48.0/PHB) CPU/0-1 (3/40.0/SYS) NET/0-0 (4/1.2/PHB) NET/0-0 (0/0.0/DIS) 
[36m(WorkerDict pid=1568691)[0m trial-302172199-trialrun-302172199-worker-0:1568691:1568691 [0] NCCL INFO GPU/0-89000 :GPU/0-f000 (2/721.8/NVL) GPU/0-2d000 (2/721.8/NVL) GPU/0-44000 (2/721.8/NVL) GPU/0-5b000 (2/721.8/NVL) GPU/0-89000 (0/5000.0/LOC) GPU/0-a8000 (2/721.8/NVL) GPU/0-c0000 (2/721.8/NVL) GPU/0-d8000 (2/721.8/NVL) NVS/0-0 (1/721.8/NVL) CPU/0-0 (3/40.0/SYS) CPU/0-1 (2/48.0/PHB) NET/0-0 (5/1.2/SYS) NET/0-0 (0/0.0/DIS) 
[36m(WorkerDict pid=1568691)[0m trial-302172199-trialrun-302172199-worker-0:1568691:1568691 [0] NCCL INFO GPU/0-a8000 :GPU/0-f000 (2/721.8/NVL) GPU/0-2d000 (2/721.8/NVL) GPU/0-44000 (2/721.8/NVL) GPU/0-5b000 (2/721.8/NVL) GPU/0-89000 (2/721.8/NVL) GPU/0-a8000 (0/5000.0/LOC) GPU/0-c0000 (2/721.8/NVL) GPU/0-d8000 (2/721.8/NVL) NVS/0-0 (1/721.8/NVL) CPU/0-0 (3/40.0/SYS) CPU/0-1 (2/48.0/PHB) NET/0-0 (5/1.2/SYS) NET/0-0 (0/0.0/DIS) 
[36m(WorkerDict pid=1568691)[0m trial-302172199-trialrun-302172199-worker-0:1568691:1568691 [0] NCCL INFO GPU/0-c0000 :GPU/0-f000 (2/721.8/NVL) GPU/0-2d000 (2/721.8/NVL) GPU/0-44000 (2/721.8/NVL) GPU/0-5b000 (2/721.8/NVL) GPU/0-89000 (2/721.8/NVL) GPU/0-a8000 (2/721.8/NVL) GPU/0-c0000 (0/5000.0/LOC) GPU/0-d8000 (2/721.8/NVL) NVS/0-0 (1/721.8/NVL) CPU/0-0 (3/40.0/SYS) CPU/0-1 (2/48.0/PHB) NET/0-0 (5/1.2/SYS) NET/0-0 (0/0.0/DIS) 
[36m(WorkerDict pid=1568691)[0m trial-302172199-trialrun-302172199-worker-0:1568691:1568691 [0] NCCL INFO GPU/0-d8000 :GPU/0-f000 (2/721.8/NVL) GPU/0-2d000 (2/721.8/NVL) GPU/0-44000 (2/721.8/NVL) GPU/0-5b000 (2/721.8/NVL) GPU/0-89000 (2/721.8/NVL) GPU/0-a8000 (2/721.8/NVL) GPU/0-c0000 (2/721.8/NVL) GPU/0-d8000 (0/5000.0/LOC) NVS/0-0 (1/721.8/NVL) CPU/0-0 (3/40.0/SYS) CPU/0-1 (2/48.0/PHB) NET/0-0 (5/1.2/SYS) NET/0-0 (0/0.0/DIS) 
[36m(WorkerDict pid=1568691)[0m trial-302172199-trialrun-302172199-worker-0:1568691:1568691 [0] NCCL INFO NET/0-0 :GPU/0-f000 (4/1.2/PHB) GPU/0-2d000 (4/1.2/PHB) GPU/0-44000 (4/1.2/PHB) GPU/0-5b000 (4/1.2/PHB) GPU/0-89000 (5/1.2/SYS) GPU/0-a8000 (5/1.2/SYS) GPU/0-c0000 (5/1.2/SYS) GPU/0-d8000 (5/1.2/SYS) CPU/0-0 (2/1.2/PHB) CPU/0-1 (3/1.2/SYS) NET/0-0 (0/5000.0/LOC) NET/0-0 (0/0.0/DIS) 
[36m(WorkerDict pid=1568691)[0m trial-302172199-trialrun-302172199-worker-0:1568691:1568691 [0] NCCL INFO NET/0-0 :GPU/0-f000 (4/1.2/PHB) GPU/0-2d000 (4/1.2/PHB) GPU/0-44000 (4/1.2/PHB) GPU/0-5b000 (4/1.2/PHB) GPU/0-89000 (5/1.2/SYS) GPU/0-a8000 (5/1.2/SYS) GPU/0-c0000 (5/1.2/SYS) GPU/0-d8000 (5/1.2/SYS) CPU/0-0 (2/1.2/PHB) CPU/0-1 (3/1.2/SYS) NET/0-0 (0/5000.0/LOC) NET/0-0 (0/0.0/DIS) 
[36m(WorkerDict pid=1568691)[0m trial-302172199-trialrun-302172199-worker-0:1568691:1568691 [0] NCCL INFO ncclTopoGetCpuAffinity: Affinity for GPU 0 is 0-62,128-190. (GPU affinity = 0-63,128-191 ; CPU affinity = 0-62,64-126,128-190,192-254).
[36m(WorkerDict pid=1568691)[0m trial-302172199-trialrun-302172199-worker-0:1568691:1568691 [0] NCCL INFO NCCL_NVLS_ENABLE set by environment to 1.
[36m(WorkerDict pid=1568691)[0m trial-302172199-trialrun-302172199-worker-0:1568691:1568691 [0] NCCL INFO NVLS multicast support is available on dev 0 (NVLS_NCHANNELS 24)
[36m(WorkerDict pid=1568691)[0m trial-302172199-trialrun-302172199-worker-0:1568691:1568691 [0] NCCL INFO Pattern 4, crossNic 0, nChannels 16, bw 45.000000/45.000000, type NVL/PIX, sameChannels 1
[36m(WorkerDict pid=1568691)[0m trial-302172199-trialrun-302172199-worker-0:1568691:1568691 [0] NCCL INFO  0 : GPU/0-f000 GPU/0-2d000 GPU/0-44000 GPU/0-5b000 GPU/0-89000 GPU/0-a8000 GPU/0-c0000 GPU/0-d8000
[36m(WorkerDict pid=1568691)[0m trial-302172199-trialrun-302172199-worker-0:1568691:1568691 [0] NCCL INFO  1 : GPU/0-f000 GPU/0-2d000 GPU/0-44000 GPU/0-5b000 GPU/0-89000 GPU/0-a8000 GPU/0-c0000 GPU/0-d8000
[36m(WorkerDict pid=1568691)[0m trial-302172199-trialrun-302172199-worker-0:1568691:1568691 [0] NCCL INFO  2 : GPU/0-f000 GPU/0-2d000 GPU/0-44000 GPU/0-5b000 GPU/0-89000 GPU/0-a8000 GPU/0-c0000 GPU/0-d8000
[36m(WorkerDict pid=1568691)[0m trial-302172199-trialrun-302172199-worker-0:1568691:1568691 [0] NCCL INFO  3 : GPU/0-f000 GPU/0-2d000 GPU/0-44000 GPU/0-5b000 GPU/0-89000 GPU/0-a8000 GPU/0-c0000 GPU/0-d8000
[36m(WorkerDict pid=1568691)[0m trial-302172199-trialrun-302172199-worker-0:1568691:1568691 [0] NCCL INFO  4 : GPU/0-f000 GPU/0-2d000 GPU/0-44000 GPU/0-5b000 GPU/0-89000 GPU/0-a8000 GPU/0-c0000 GPU/0-d8000
[36m(WorkerDict pid=1568691)[0m trial-302172199-trialrun-302172199-worker-0:1568691:1568691 [0] NCCL INFO  5 : GPU/0-f000 GPU/0-2d000 GPU/0-44000 GPU/0-5b000 GPU/0-89000 GPU/0-a8000 GPU/0-c0000 GPU/0-d8000
[36m(WorkerDict pid=1568691)[0m trial-302172199-trialrun-302172199-worker-0:1568691:1568691 [0] NCCL INFO  6 : GPU/0-f000 GPU/0-2d000 GPU/0-44000 GPU/0-5b000 GPU/0-89000 GPU/0-a8000 GPU/0-c0000 GPU/0-d8000
[36m(WorkerDict pid=1568691)[0m trial-302172199-trialrun-302172199-worker-0:1568691:1568691 [0] NCCL INFO  7 : GPU/0-f000 GPU/0-2d000 GPU/0-44000 GPU/0-5b000 GPU/0-89000 GPU/0-a8000 GPU/0-c0000 GPU/0-d8000
[36m(WorkerDict pid=1568691)[0m trial-302172199-trialrun-302172199-worker-0:1568691:1568691 [0] NCCL INFO  8 : GPU/0-f000 GPU/0-2d000 GPU/0-44000 GPU/0-5b000 GPU/0-89000 GPU/0-a8000 GPU/0-c0000 GPU/0-d8000
[36m(WorkerDict pid=1568691)[0m trial-302172199-trialrun-302172199-worker-0:1568691:1568691 [0] NCCL INFO  9 : GPU/0-f000 GPU/0-2d000 GPU/0-44000 GPU/0-5b000 GPU/0-89000 GPU/0-a8000 GPU/0-c0000 GPU/0-d8000
[36m(WorkerDict pid=1568691)[0m trial-302172199-trialrun-302172199-worker-0:1568691:1568691 [0] NCCL INFO 10 : GPU/0-f000 GPU/0-2d000 GPU/0-44000 GPU/0-5b000 GPU/0-89000 GPU/0-a8000 GPU/0-c0000 GPU/0-d8000
[36m(WorkerDict pid=1568691)[0m trial-302172199-trialrun-302172199-worker-0:1568691:1568691 [0] NCCL INFO 11 : GPU/0-f000 GPU/0-2d000 GPU/0-44000 GPU/0-5b000 GPU/0-89000 GPU/0-a8000 GPU/0-c0000 GPU/0-d8000
[36m(WorkerDict pid=1568691)[0m trial-302172199-trialrun-302172199-worker-0:1568691:1568691 [0] NCCL INFO 12 : GPU/0-f000 GPU/0-2d000 GPU/0-44000 GPU/0-5b000 GPU/0-89000 GPU/0-a8000 GPU/0-c0000 GPU/0-d8000
[36m(WorkerDict pid=1568691)[0m trial-302172199-trialrun-302172199-worker-0:1568691:1568691 [0] NCCL INFO 13 : GPU/0-f000 GPU/0-2d000 GPU/0-44000 GPU/0-5b000 GPU/0-89000 GPU/0-a8000 GPU/0-c0000 GPU/0-d8000
[36m(WorkerDict pid=1568691)[0m trial-302172199-trialrun-302172199-worker-0:1568691:1568691 [0] NCCL INFO 14 : GPU/0-f000 GPU/0-2d000 GPU/0-44000 GPU/0-5b000 GPU/0-89000 GPU/0-a8000 GPU/0-c0000 GPU/0-d8000
[36m(WorkerDict pid=1568691)[0m trial-302172199-trialrun-302172199-worker-0:1568691:1568691 [0] NCCL INFO 15 : GPU/0-f000 GPU/0-2d000 GPU/0-44000 GPU/0-5b000 GPU/0-89000 GPU/0-a8000 GPU/0-c0000 GPU/0-d8000
[36m(WorkerDict pid=1568691)[0m trial-302172199-trialrun-302172199-worker-0:1568691:1568691 [0] NCCL INFO Pattern 1, crossNic 0, nChannels 16, bw 40.000000/40.000000, type NVL/PIX, sameChannels 1
[36m(WorkerDict pid=1568691)[0m trial-302172199-trialrun-302172199-worker-0:1568691:1568691 [0] NCCL INFO  0 : GPU/0-f000 GPU/0-2d000 GPU/0-44000 GPU/0-5b000 GPU/0-89000 GPU/0-a8000 GPU/0-c0000 GPU/0-d8000
[36m(WorkerDict pid=1568691)[0m trial-302172199-trialrun-302172199-worker-0:1568691:1568691 [0] NCCL INFO  1 : GPU/0-f000 GPU/0-2d000 GPU/0-44000 GPU/0-5b000 GPU/0-89000 GPU/0-a8000 GPU/0-c0000 GPU/0-d8000
[36m(WorkerDict pid=1568691)[0m trial-302172199-trialrun-302172199-worker-0:1568691:1568691 [0] NCCL INFO  2 : GPU/0-f000 GPU/0-2d000 GPU/0-44000 GPU/0-5b000 GPU/0-89000 GPU/0-a8000 GPU/0-c0000 GPU/0-d8000
[36m(WorkerDict pid=1568691)[0m trial-302172199-trialrun-302172199-worker-0:1568691:1568691 [0] NCCL INFO  3 : GPU/0-f000 GPU/0-2d000 GPU/0-44000 GPU/0-5b000 GPU/0-89000 GPU/0-a8000 GPU/0-c0000 GPU/0-d8000
[36m(WorkerDict pid=1568691)[0m trial-302172199-trialrun-302172199-worker-0:1568691:1568691 [0] NCCL INFO  4 : GPU/0-f000 GPU/0-2d000 GPU/0-44000 GPU/0-5b000 GPU/0-89000 GPU/0-a8000 GPU/0-c0000 GPU/0-d8000
[36m(WorkerDict pid=1568691)[0m trial-302172199-trialrun-302172199-worker-0:1568691:1568691 [0] NCCL INFO  5 : GPU/0-f000 GPU/0-2d000 GPU/0-44000 GPU/0-5b000 GPU/0-89000 GPU/0-a8000 GPU/0-c0000 GPU/0-d8000
[36m(WorkerDict pid=1568691)[0m trial-302172199-trialrun-302172199-worker-0:1568691:1568691 [0] NCCL INFO  6 : GPU/0-f000 GPU/0-2d000 GPU/0-44000 GPU/0-5b000 GPU/0-89000 GPU/0-a8000 GPU/0-c0000 GPU/0-d8000
[36m(WorkerDict pid=1568691)[0m trial-302172199-trialrun-302172199-worker-0:1568691:1568691 [0] NCCL INFO  7 : GPU/0-f000 GPU/0-2d000 GPU/0-44000 GPU/0-5b000 GPU/0-89000 GPU/0-a8000 GPU/0-c0000 GPU/0-d8000
[36m(WorkerDict pid=1568691)[0m trial-302172199-trialrun-302172199-worker-0:1568691:1568691 [0] NCCL INFO  8 : GPU/0-f000 GPU/0-2d000 GPU/0-44000 GPU/0-5b000 GPU/0-89000 GPU/0-a8000 GPU/0-c0000 GPU/0-d8000
[36m(WorkerDict pid=1568691)[0m trial-302172199-trialrun-302172199-worker-0:1568691:1568691 [0] NCCL INFO  9 : GPU/0-f000 GPU/0-2d000 GPU/0-44000 GPU/0-5b000 GPU/0-89000 GPU/0-a8000 GPU/0-c0000 GPU/0-d8000
[36m(WorkerDict pid=1568691)[0m trial-302172199-trialrun-302172199-worker-0:1568691:1568691 [0] NCCL INFO 10 : GPU/0-f000 GPU/0-2d000 GPU/0-44000 GPU/0-5b000 GPU/0-89000 GPU/0-a8000 GPU/0-c0000 GPU/0-d8000
[36m(WorkerDict pid=1568691)[0m trial-302172199-trialrun-302172199-worker-0:1568691:1568691 [0] NCCL INFO 11 : GPU/0-f000 GPU/0-2d000 GPU/0-44000 GPU/0-5b000 GPU/0-89000 GPU/0-a8000 GPU/0-c0000 GPU/0-d8000
[36m(WorkerDict pid=1568691)[0m trial-302172199-trialrun-302172199-worker-0:1568691:1568691 [0] NCCL INFO 12 : GPU/0-f000 GPU/0-2d000 GPU/0-44000 GPU/0-5b000 GPU/0-89000 GPU/0-a8000 GPU/0-c0000 GPU/0-d8000
[36m(WorkerDict pid=1568691)[0m trial-302172199-trialrun-302172199-worker-0:1568691:1568691 [0] NCCL INFO 13 : GPU/0-f000 GPU/0-2d000 GPU/0-44000 GPU/0-5b000 GPU/0-89000 GPU/0-a8000 GPU/0-c0000 GPU/0-d8000
[36m(WorkerDict pid=1568691)[0m trial-302172199-trialrun-302172199-worker-0:1568691:1568691 [0] NCCL INFO 14 : GPU/0-f000 GPU/0-2d000 GPU/0-44000 GPU/0-5b000 GPU/0-89000 GPU/0-a8000 GPU/0-c0000 GPU/0-d8000
[36m(WorkerDict pid=1568691)[0m trial-302172199-trialrun-302172199-worker-0:1568691:1568691 [0] NCC
[36m(WorkerDict pid=1568694)[0m trial-302172199-trialrun-302172199-worker-0:1568694:1568694 [2] 
[36m(WorkerDict pid=1568696)[0m trial-302172199-trialrun-302172199-worker-0:1568696:1568696 [
[36m(WorkerDict pid=1568692)[0m trial-302172199-trialrun-302172199-worker-0:1568692:1568692 
[36m(WorkerDict pid=1568691)[0m L INFO 15 : GPU/0-f000 GPU/0-2d000 GPU/0-44000 GPU/0-5b000 GPU/0-89000 GPU/0-a8000 GPU/0-c0000 GPU/0-d8000
[36m(WorkerDict pid=1568691)[0m trial-302172199-trialrun-302172199-worker-0:1568691:1568691 [0] NCCL INFO comm 0xf760c00 rank 0 nRanks 8 nNodes 1 localRanks 8 localRank 0 MNNVL 0
[36m(WorkerDict pid=1568691)[0m trial-302172199-trialrun-302172199-worker-0:1568691:1568691 [0] NCCL INFO Tree 0 : -1 -> 0 -> 1/-1/-1
[36m(WorkerDict pid=1568691)[0m trial-302172199-trialrun-302172199-worker-0:1568691:1568691 [0] NCCL INFO Tree 16 : -1 -> 0 -> 1/-1/-1
[36m(WorkerDict pid=1568691)[0m trial-302172199-trialrun-302172199-worker-0:1568691:1568691 [0] NCCL INFO Tree 1 : -1 -> 0 -> 1/-1/-1
[36m(WorkerDict pid=1568691)[0m trial-302172199-trialrun-302172199-worker-0:1568691:1568691 [0] NCCL INFO Tree 17 : -1 -> 0 -> 1/-1/-1
[36m(WorkerDict pid=1568691)[0m trial-302172199-trialrun-302172199-worker-0:1568691:1568691 [0] NCCL INFO Tree 2 : -1 -> 0 -> 1/-1/-1
[36m(WorkerDict pid=1568691)[0m trial-302172199-trialrun-302172199-worker-0:1568691:1568691 [0] NCCL INFO Tree 18 : -1 -> 0 -> 1/-1/-1
[36m(WorkerDict pid=1568691)[0m trial-302172199-trialrun-302172199-worker-0:1568691:1568691 [0] NCCL INFO Tree 3 : -1 -> 0 -> 1/-1/-1
[36m(WorkerDict pid=1568691)[0m trial-302172199-trialrun-302172199-worker-0:1568691:1568691 [0] NCCL INFO Tree 19 : -1 -> 0 -> 1/-1/-1
[36m(WorkerDict pid=1568691)[0m trial-302172199-trialrun-302172199-worker-0:1568691:1568691 [0] NCCL INFO Tree 4 : -1 -> 0 -> 1/-1/-1
[36m(WorkerDict pid=1568691)[0m trial-302172199-trialrun-302172199-worker-0:1568691:1568691 [0] NCCL INFO Tree 20 : -1 -> 0 -> 1/-1/-1
[36m(WorkerDict pid=1568691)[0m trial-302172199-trialrun-302172199-worker-0:1568691:1568691 [0] NCCL INFO Tree 5 : -1 -> 0 -> 1/-1/-1
[36m(WorkerDict pid=1568691)[0m trial-302172199-trialrun-302172199-worker-0:1568691:1568691 [0] NCCL INFO Tree 21 : -1 -> 0 -> 1/-1/-1
[36m(WorkerDict pid=1568691)[0m trial-302172199-trialrun-302172199-worker-0:1568691:1568691 [0] NCCL INFO Tree 6 : -1 -> 0 -> 1/-1/-1
[36m(WorkerDict pid=1568691)[0m trial-302172199-trialrun-302172199-worker-0:1568691:1568691 [0] NCCL INFO Tree 22 : -1 -> 0 -> 1/-1/-1
[36m(WorkerDict pid=1568691)[0m trial-302172199-trialrun-302172199-worker-0:1568691:1568691 [0] NCCL INFO Tree 7 : -1 -> 0 -> 1/-1/-1
[36m(WorkerDict pid=1568691)[0m trial-302172199-trialrun-302172199-worker-0:1568691:1568691 [0] NCCL INFO Tree 23 : -1 -> 0 -> 1/-1/-1
[36m(WorkerDict pid=1568691)[0m trial-302172199-trialrun-302172199-worker-0:1568691:1568691 [0] NCCL INFO Tree 8 : -1 -> 0 -> 1/-1/-1
[36m(WorkerDict pid=1568691)[0m trial-302172199-trialrun-302172199-worker-0:1568691:1568691 [0] NCCL INFO Tree 24 : -1 -> 0 -> 1/-1/-1
[36m(WorkerDict pid=1568691)[0m trial-302172199-trialrun-302172199-worker-0:1568691:1568691 [0] NCCL INFO Tree 9 : -1 -> 0 -> 1/-1/-1
[36m(WorkerDict pid=1568691)[0m trial-302172199-trialrun-302172199-worker-0:1568691:1568691 [0] NCCL INFO Tree 25 : -1 -> 0 -> 1/-1/-1
[36m(WorkerDict pid=1568691)[0m trial-302172199-trialrun-302172199-worker-0:1568691:1568691 [0] NCCL INFO Tree 10 : -1 -> 0 -> 1/-1/-1
[36m(WorkerDict pid=1568691)[0m trial-302172199-trialrun-302172199-worker-0:1568691:1568691 [0] NCCL INFO Tree 26 : -1 -> 0 -> 1/-1/-1
[36m(WorkerDict pid=1568691)[0m trial-302172199-trialrun-302172199-worker-0:1568691:1568691 [0] NCCL INFO Tree 11 : -1 -> 0 -> 1/-1/-1
[36m(WorkerDict pid=1568691)[0m trial-302172199-trialrun-302172199-worker-0:1568691:1568691 [0] NCCL INFO Tree 27 : -1 -> 0 -> 1/-1/-1
[36m(WorkerDict pid=1568691)[0m trial-302172199-trialrun-302172199-worker-0:1568691:1568691 [0] NCCL INFO Tree 12 : -1 -> 0 -> 1/-1/-1
[36m(WorkerDict pid=1568691)[0m trial-302172199-trialrun-302172199-worker-0:1568691:1568691 [0] NCCL INFO Tree 28 : -1 -> 0 -> 1/-1/-1
[36m(WorkerDict pid=1568691)[0m trial-302172199-trialrun-302172199-worker-0:1568691:1568691 [0] NCCL INFO Tree 13 : -1 -> 0 -> 1/-1/-1
[36m(WorkerDict pid=1568691)[0m trial-302172199-trialrun-302172199-worker-0:1568691:1568691 [0] NCCL INFO Tree 29 : -1 -> 0 -> 1/-1/-1
[36m(WorkerDict pid=1568691)[0m trial-302172199-trialrun-302172199-worker-0:1568691:1568691 [0] NCCL INFO Tree 14 : -1 -> 0 -> 1/-1/-1
[36m(WorkerDict pid=1568691)[0m trial-302172199-trialrun-302172199-worker-0:1568691:1568691 [0] NCCL INFO Tree 30 : -1 -> 0 -> 1/-1/-1
[36m(WorkerDict pid=1568691)[0m trial-302172199-trialrun-302172199-worker-0:1568691:1568691 [0] NCCL INFO Tree 15 : -1 -> 0 -> 1/-1/-1
[36m(WorkerDict pid=1568691)[0m trial-302172199-trialrun-302172199-worker-0:1568691:1568691 [0] NCCL INFO Tree 31 : -1 -> 0 -> 1/-1/-1
[36m(WorkerDict pid=1568691)[0m trial-302172199-trialrun-302172199-worker-0:1568691:1568691 [0] NCCL INFO Channel 00/32 : 0 1 2 3 4 5 6 7
[36m(WorkerDict pid=1568691)[0m trial-302172199-trialrun-302172199-worker-0:1568691:1568691 [0] NCCL INFO Channel 01/32 : 0 1 2 3 4 5 6 7
[36m(WorkerDict pid=1568691)[0m trial-302172199-trialrun-302172199-worker-0:1568691:1568691 [0] NCCL INFO Channel 02/32 : 0 1 2 3 4 5 6 7
[36m(WorkerDict pid=1568691)[0m trial-302172199-trialrun-302172199-worker-0:1568691:1568691 [0] NCCL INFO Channel 03/32 : 0 1 2 3 4 5 6 7
[36m(WorkerDict pid=1568691)[0m trial-302172199-trialrun-302172199-worker-0:1568691:1568691 [0] NCCL INFO Channel 04/32 : 0 1 2 3 4 5 6 7
[36m(WorkerDict pid=1568691)[0m trial-302172199-trialrun-302172199-worker-0:1568691:1568691 [0] NCCL INFO Channel 05/32 : 0 1 2 3 4 5 6 7
[36m(WorkerDict pid=1568691)[0m trial-302172199-trialrun-302172199-worker-0:1568691:1568691 [0] NCCL INFO Channel 06/32 : 0 1 2 3 4 5 6 7
[36m(WorkerDict pid=1568691)[0m trial-302172199-trialrun-302172199-worker-0:1568691:1568691 [0] NCCL INFO Channel 07/32 : 0 1 2 3 4 5 6 7
[36m(WorkerDict pid=1568691)[0m trial-302172199-trialrun-302172199-worker-0:1568691:1568691 [0] NCCL INFO Channel 08/32 : 0 1 2 3 4 5 6 7
[36m(WorkerDict pid=1568691)[0m trial-302172199-trialrun-302172199-worker-0:1568691:1568691 [0] NCCL INFO Channel 09/32 : 0 1 2 3 4 5 6 7
[36m(WorkerDict pid=1568691)[0m trial-302172199-trialrun-302172199-worker-0:1568691:1568691 [0] NCCL INFO Channel 10/32 : 0 1 2 3 4 5 6 7
[36m(WorkerDict pid=1568691)[0m trial-302172199-trialrun-302172199-worker-0:1568691:1568691 [0] NCCL INFO Channel 11/32 : 0 1 2 3 4 5 6 7
[36m(WorkerDict pid=1568691)[0m trial-302172199-trialrun-302172199-worker-0:1568691:1568691 [0] NCCL INFO Channel 12/32 : 0 1 2 3 4 5 6 7
[36m(WorkerDict pid=1568691)[0m trial-302172199-trialrun-302172199-worker-0:1568691:1568691 [0] NCCL INFO Channel 13/32 : 0 1 2 3 4 5 6 7
[36m(WorkerDict pid=1568691)[0m trial-302172199-trialrun-302172199-worker-0:1568691:1568691 [0] NCCL INFO Channel 14/32 : 0 1 2 3 4 5 6 7
[36m(WorkerDict pid=1568691)[0m trial-302172199-trialrun-302172199-worker-0:1568691:1568691 [0] NCCL INFO Channel 15/32 : 0 1 2 3 4 5 6 7
[36m(WorkerDict pid=1568691)[0m trial-302172199-trialrun-302172199-worker-0:1568691:1568691 [0] NCCL INFO Channel 16/32 : 0 1 2 3 4 5 6 7
[36m(WorkerDict pid=1568691)[0m trial-302172199-trialrun-302172199-worker-0:1568691:1568691 [0] NCCL INFO Channel 17/32 : 0 1 2 3 4 5 6 7
[36m(WorkerDict pid=1568691)[0m trial-302172199-trialrun-302172199-worker-0:1568691:1568691 [0] NCCL INFO Channel 18/32 : 0 1 2 3 4 5 6 7
[36m(WorkerDict pid=1568691)[0m trial-302172199-trialrun-302172199-worker-0:1568691:1568691 [0] NCCL INFO Channel 19/32 : 0 1 2 3 4 5 6 7
[36m(WorkerDict pid=1568691)[0m trial-302172199-trialrun-302172199-worker-0:1568691:1568691 [0] NCCL INFO Channel 20/32 : 0 1 2 3 4 5 6 7
[36m(WorkerDict pid=1568691)[0m trial-302172199-trialrun-302172199-worker-0:1568691:1568691 [0] NCCL INFO Channel 21/32 : 0 1 2 3 4 5 6 7
[36m(WorkerDict pid=1568691)[0m trial-302172199-trialrun-302172199-worker-0:1568691:1568691 [0] NCCL INFO Channel 22/32 : 0 1 2 3 4 5 6 7
[36m(WorkerDict pid=1568691)[0m trial-302172199-trialrun-302172199-worker-0:1568691:1568691 [0] NCCL INFO Channel 23/32 : 0 1 2 3 4 5 6 7
[36m(WorkerDict pid=1568691)[0m trial-302172199-trialrun-302172199-worker-0:1568691:1568691 [0] NCCL INFO Channel 24/32 : 0 1 2 3 4 5 6 7
[36m(WorkerDict pid=1568691)[0m trial-302172199-trialrun-302172199-worker-0:1568691:1568691 [0] NCCL INFO Channel 25/32 : 0 1 2 3 4 5 6 7
[36m(WorkerDict pid=1568691)[0m trial-302172199-trialrun-302172199-worker-0:1568691:1568691 [0] NCCL INFO Channel 26/32 : 0 1 2 3 4 5 6 7
[36m(WorkerDict pid=1568691)[0m trial-302172199-trialrun-302172199-worker-0:1568691:1568691 [0] NCCL INFO Channel 27/32 : 0 1 2 3 4 5 6 7
[36m(WorkerDict pid=1568691)[0m trial-302172199-trialrun-302172199-worker-0:1568691:1568691 [0] NCCL INFO Channel 28/32 : 0 1 2 3 4 5 6 7
[36m(WorkerDict pid=1568691)[0m trial-302172199-trialrun-302172199-worker-0:1568691:1568691 [0] NCCL INFO Channel 29/32 : 0 1 2 3 4 5 6 7
[36m(WorkerDict pid=1568691)[0m trial-302172199-trialrun-302172199-worker-0:1568691:1568691 [0] NCCL INFO Channel 30/32 : 0 1 2 3 4 5 6 7
[36m(WorkerDict pid=1568691)[0m trial-302172199-trialrun-302172199-worker-0:1568691:1568691 [0] NCCL INFO Channel 31/32 : 0 1 2 3 4 5 6 7
[36m(WorkerDict pid=1568691)[0m trial-302172199-trialrun-302172199-worker-0:1568691:1568691 [0] NCCL INFO Ring 00 : 7 -> 0 -> 1
[36m(WorkerDict pid=1568691)[0m trial-302172199-trialrun-302172199-worker-0:1568691:1568691 [0] NCCL INFO Ring 01 : 7 -> 0 -> 1
[36m(WorkerDict pid=1568691)[0m trial-302172199-trialrun-302172199-worker-0:1568691:1568691 [0] NCCL INFO Ring 02 : 7 -> 0 -> 1
[36m(WorkerDict pid=1568691)[0m trial-302172199-trialrun-302172199-worker-0:1568691:1568691 [0] NCCL INFO Ring 03 : 7 -> 0 -> 1
[36m(WorkerDict pid=1568691)[0m trial-302172199-trialrun-302172199-worker-0:1568691:1568691 [0] NCCL INFO Ring 04 : 7 -> 0 -> 1
[36m(WorkerDict pid=1568691)[0m trial-302172199-trialrun-302172199-worker-0:1568691:1568691 [0] NCCL INFO Ring 05 : 7 -> 0 -> 1
[36m(WorkerDict pid=1568691)[0m trial-302172199-trialrun-302172199-worker-0:1568691:1568691 [0] NCCL INFO Ring 06 : 7 -> 0 -> 1
[36m(WorkerDict pid=1568691)[0m trial-302172199-trialrun-302172199-worker-0:1568691:1568691 [0] NCCL INFO Ring 07 : 7 -> 0 -> 1
[36m(WorkerDict pid=1568691)[0m trial-302172199-trialrun-302172199-worker-0:1568691:1568691 [0] NCCL INFO Ring 08 : 7 -> 0 -> 1
[36m(WorkerDict pid=1568691)[0m trial-302172199-trialrun-302172199-worker-0:1568691:1568691 [0] NCCL INFO Ring 09 : 7 -> 0 -> 1
[36m(WorkerDict pid=1568691)[0m trial-302172199-trialrun-302172199-worker-0:1568691:1568691 [0] NCCL INFO Ring 10 : 7 -> 0 -> 1
[36m(WorkerDict pid=1568691)[0m trial-302172199-trialrun-302172199-worker-0:1568691:1568691 [0] NCCL INFO Ring 11 : 7 -> 0 -> 1
[36m(WorkerDict pid=1568691)[0m trial-302172199-trialrun-302172199-worker-0:1568691:1568691 [0] NCCL INFO Ring 12 : 7 -> 0 -> 1
[36m(WorkerDict pid=1568691)[0m trial-302172199-trialrun-302172199-worker-0:1568691:1568691 [0] NCCL INFO Ring 13 : 7 -> 0 -> 1
[36m(WorkerDict pid=1568691)[0m trial-302172199-trialrun-302172199-worker-0:1568691:1568691 [0] NCCL INFO Ring 14 : 7 -> 0 -> 1
[36m(WorkerDict pid=1568691)[0m trial-302172199-trialrun-302172199-worker-0:1568691:1568691 [0] NCCL INFO Ring 15 : 7 -> 0 -> 1
[36m(WorkerDict pid=1568691)[0m trial-302172199-trialrun-302172199-worker-0:1568691:1568691 [0] NCCL INFO Ring 16 : 7 -> 0 -> 1
[36m(WorkerDict pid=1568691)[0m trial-302172199-trialrun-302172199-worker-0:1568691:1568691 [0] NCCL INFO Ring 17 : 7 -> 0 -> 1
[36m(WorkerDict pid=1568691)[0m trial-302172199-trialrun-302172199-worker-0:1568691:1568691 [0] NCCL INFO Ring 18 : 7 -> 0 -> 1
[36m(WorkerDict pid=1568691)[0m trial-302172199-trialrun-302172199-worker-0:1568691:1568691 [0] NCCL INFO Ring 19 : 7 -> 0 -> 1
[36m(WorkerDict pid=1568691)[0m trial-302172199-trialrun-302172199-worker-0:1568691:1568691 [0] NCCL INFO Ring 20 : 7 -> 0 -> 1
[36m(WorkerDict pid=1568691)[0m trial-302172199-trialrun-302172199-worker-0:1568691:1568691 [0] NCCL INFO Ring 21 : 7 -> 0 -> 1
[36m(WorkerDict pid=1568691)[0m trial-302172199-trialrun-302172199-worker-0:1568691:1568691 [0] NCCL INFO Ring 22 : 7 -> 0 -> 1
[36m(WorkerDict pid=1568691)[0m trial-302172199-trialrun-302172199-worker-0:1568691:1568691 [0] NCCL INFO Ring 23 : 7 -> 0 -> 1
[36m(WorkerDict pid=1568691)[0m trial-302172199-trialrun-302172199-worker-0:1568691:1568691 [0] NCCL INFO Ring 24 : 7 -> 0 -> 1
[36m(WorkerDict pid=1568691)[0m trial-302172199-trialrun-302172199-worker-0:1568691:1568691 [0] NCCL INFO Ring 25 : 7 -> 0 -> 1
[36m(WorkerDict pid=1568691)[0m trial-302172199-trialrun-302172199-worker-0:1568691:1568691 [0] NCCL INFO Ring 26 : 7 -> 0 -> 1
[36m(WorkerDict pid=1568691)[0m trial-302172199-trialrun-302172199-worker-0:1568691:1568691 [0] NCCL INFO Ring 27 : 7 -> 0 -> 1
[36m(WorkerDict pid=1568691)[0m trial-302172199-trialrun-302172199-worker-0:1568691:1568691 [0] NCCL INFO Ring 28 : 7 -> 0 -> 1
[36m(WorkerDict pid=1568691)[0m trial-302172199-trialrun-302172199-worker-0:1568691:1568691 [0] NCCL INFO Ring 29 : 7 -> 0 -> 1
[36m(WorkerDict pid=1568691)[0m trial-302172199-trialrun-302172199-worker-0:1568691:1568691 [0] NCCL INFO Ring 30 : 7 -> 0 -> 1
[36m(WorkerDict pid=1568691)[0m trial-302172199-trialrun-302172199-worker-0:1568691:1568691 [0] NCCL INFO Ring 31 : 7 -> 0 -> 1
[36m(WorkerDict pid=1568691)[0m trial-302172199-trialrun-302172199-worker-0:1568691:1568691 [0] NCCL INFO Trees [0] 1/-1/-1->0->-1 [1] 1/-1/-1->0->-1 [2] 1/-1/-1->0->-1 [3] 1/-1/-1->0->-1 [4] 1/-1/-1->0->-1 [5] 1/-1/-1->0->-1 [6] 1/-1/-1->0->-1 [7] 1/-1/-1->0->-1 [8] 1/-1/-1->0->-1 [9] 1/-1/-1->0->-1 [10] 1/-1/-1->0->-1 [11] 1/-1/-1->0->-1 [12] 1/-1/-1->0->-1 [13] 1/-1/-1->0->-1 [14] 1/-1/-1->0->-1 [15] 1/-1/-1->0->-1 [16] 1/-1/-1->0->-1 [17] 1/-1/-1->0->-1 [18] 1/-1/-1->0->-1 [19] 1/-1/-1->0->-1 [20] 1/-1/-1->0->-1 [21] 1/-1/-1->0->-1 [22] 1/-1/-1->0->-1 [23] 1/-1/-1->0->-1 [24] 1/-1/-1->0->-1 [25] 1/-1/-1->0->-1 [26] 1/-1/-1->0->-1 [27] 1/-1/-1->0->-1 [28] 1/-1/-1->0->-1 [29] 1/-1/-1->0->-1 [30] 1/-1/-1->0->-1 [31] 1/-1/-1->0->-1
[36m(WorkerDict pid=1568691)[0m trial-302172199-trialrun-302172199-worker-0:1568691:1568691 [0] NCCL INFO P2P Chunksize set to 524288
[36m(WorkerDict pid=1568691)[0m trial-302172199-trialrun-302172199-worker-0:1568691:1568691 [0] NCCL INFO PROFILER/Plugin: Could not find: libnccl-profiler.so
[36m(WorkerDict pid=1568691)[0m trial-302172199-trialrun-302172199-worker-0:1568691:1568691 [0] NCCL INFO Check P2P Type isAllDirectP2p 1 directMode 0 isAllCudaP2p 1
[36m(WorkerDict pid=1568691)[0m trial-302172199-trialrun-302172199-worker-0:1568691:1568691 [0] NCCL INFO ncclP2pSchedule: group size used is 8
[36m(WorkerDict pid=1568691)[0m trial-302172199-trialrun-302172199-worker-0:1568691:1584290 [0] NCCL INFO [Proxy Service UDS] Device 0 CPU core 11
[36m(WorkerDict pid=1568691)[0m trial-302172199-trialrun-302172199-worker-0:1568691:1584282 [0] NCCL INFO [Proxy Service] Devi
[36m(WorkerDict pid=1568690)[0m 00 GPU/0-a8000 GPU/0-c0000 GPU/0-d8000
[36m(WorkerDict pid=1568690)[0m trial-302172199-trialrun-302172199-worker-
[36m(WorkerDict pid=1568694)[0m trial-302172199-trialrun-302172199-worker-0:1568694:1568694 [2] NCCL
[36m(WorkerDict pid=1568696)[0m trial-302172199-trialrun-302172199-worker-0:1568696:1568696 [6] NC
[36m(WorkerDict pid=1568692)[0m trial-302172199-trialrun-302172199-worker-0:1568692:1568692 [4] 
[36m(WorkerDict pid=1568697)[0m 00 GPU/0-a8000 GPU/0-c0000 GPU/0-d8000
[36m(WorkerDict pid=1568697)[0m trial-302172199-trialrun-302172199-worker-0:1568697:1568697 [3] NCCL I
[36m(WorkerDict pid=1568691)[0m ce 0 CPU core 10
[36m(WorkerDict pid=1568691)[0m trial-302172199-trialrun-302172199-worker-0:1568691:1568691 [0] NCCL INFO TUNER/Plugin: Could not find: libnccl-tuner.so
[36m(WorkerDict pid=1568691)[0m trial-302172199-trialrun-302172199-worker-0:1568691:1568691 [0] NCCL INFO threadThresholds 8/8/64 | 64/8/64 | 512 | 512
[36m(WorkerDict pid=1568691)[0m trial-302172199-trialrun-302172199-worker-0:1568691:1568691 [0] NCCL INFO 32 coll channels, 32 collnet channels, 24 nvls channels, 32 p2p channels, 32 p2p channels per peer
[36m(WorkerDict pid=1568691)[0m trial-302172199-trialrun-302172199-worker-0:1568691:1568691 [0] NCCL INFO CC Off, workFifoBytes 1048576
[36m(WorkerDict pid=1568691)[0m trial-302172199-trialrun-302172199-worker-0:1568691:1568691 [0] NCCL INFO ncclCommInitRankConfig comm 0xf760c00 rank 0 nranks 8 cudaDev 0 nvmlDev 0 busId f000 commId 0xfdb1b0cb07146b0c - Init COMPLETE
[36m(WorkerDict pid=1568691)[0m trial-302172199-trialrun-302172199-worker-0:1568691:1568691 [0] NCCL INFO Init timings - ncclCommInitRankConfig: rank 0 nranks 8 total 3.35 (kernels 0.29, alloc 0.66, bootstrap 0.27, allgathers 0.02, topo 1.59, graphs 0.03, connections 0.48, rest 0.01)
[36m(WorkerDict pid=1568691)[0m trial-302172199-trialrun-302172199-worker-0:1568691:1568691 [0] NCCL INFO Channel 00/0 : 0[0] -> 1[1] via P2P/CUMEM
[36m(WorkerDict pid=1568691)[0m trial-302172199-trialrun-302172199-worker-0:1568691:1568691 [0] NCCL INFO Channel 01/0 : 0[0] -> 1[1] via P2P/CUMEM
[36m(WorkerDict pid=1568691)[0m trial-302172199-trialrun-302172199-worker-0:1568691:1568691 [0] NCCL INFO Channel 02/0 : 0[0] -> 1[1] via P2P/CUMEM
[36m(WorkerDict pid=1568691)[0m trial-302172199-trialrun-302172199-worker-0:1568691:1568691 [0] NCCL INFO Channel 03/0 : 0[0] -> 1[1] via P2P/CUMEM
[36m(WorkerDict pid=1568691)[0m trial-302172199-trialrun-302172199-worker-0:1568691:1568691 [0] NCCL INFO Channel 04/0 : 0[0] -> 1[1] via P2P/CUMEM
[36m(WorkerDict pid=1568691)[0m trial-302172199-trialrun-302172199-worker-0:1568691:1568691 [0] NCCL INFO Channel 05/0 : 0[0] -> 1[1] via P2P/CUMEM
[36m(WorkerDict pid=1568691)[0m trial-302172199-trialrun-302172199-worker-0:1568691:1568691 [0] NCCL INFO Channel 06/0 : 0[0] -> 1[1] via P2P/CUMEM
[36m(WorkerDict pid=1568691)[0m trial-302172199-trialrun-302172199-worker-0:1568691:1568691 [0] NCCL INFO Channel 07/0 : 0[0] -> 1[1] via P2P/CUMEM
[36m(WorkerDict pid=1568691)[0m trial-302172199-trialrun-302172199-worker-0:1568691:1568691 [0] NCCL INFO Channel 08/0 : 0[0] -> 1[1] via P2P/CUMEM
[36m(WorkerDict pid=1568691)[0m trial-302172199-trialrun-302172199-worker-0:1568691:1568691 [0] NCCL INFO Channel 09/0 : 0[0] -> 1[1] via P2P/CUMEM
[36m(WorkerDict pid=1568691)[0m trial-302172199-trialrun-302172199-worker-0:1568691:1568691 [0] NCCL INFO Channel 10/0 : 0[0] -> 1[1] via P2P/CUMEM
[36m(WorkerDict pid=1568691)[0m trial-302172199-trialrun-302172199-worker-0:1568691:1568691 [0] NCCL INFO Channel 11/0 : 0[0] -> 1[1] via P2P/CUMEM
[36m(WorkerDict pid=1568691)[0m trial-302172199-trialrun-302172199-worker-0:1568691:1568691 [0] NCCL INFO Channel 12/0 : 0[0] -> 1[1] via P2P/CUMEM
[36m(WorkerDict pid=1568691)[0m trial-302172199-trialrun-302172199-worker-0:1568691:1568691 [0] NCCL INFO Channel 13/0 : 0[0] -> 1[1] via P2P/CUMEM
[36m(WorkerDict pid=1568691)[0m trial-302172199-trialrun-302172199-worker-0:1568691:1568691 [0] NCCL INFO Channel 14/0 : 0[0] -> 1[1] via P2P/CUMEM
[36m(WorkerDict pid=1568691)[0m trial-302172199-trialrun-302172199-worker-0:1568691:1568691 [0] NCCL INFO Channel 15/0 : 0[0] -> 1[1] via P2P/CUMEM
[36m(WorkerDict pid=1568691)[0m trial-302172199-trialrun-302172199-worker-0:1568691:1568691 [0] NCCL INFO Channel 16/0 : 0[0] -> 1[1] via P2P/CUMEM
[36m(WorkerDict pid=1568691)[0m trial-302172199-trialrun-302172199-worker-0:1568691:1568691 [0] NCCL INFO Channel 17/0 : 0[0] -> 1[1] via P2P/CUMEM
[36m(WorkerDict pid=1568691)[0m trial-302172199-trialrun-302172199-worker-0:1568691:1568691 [0] NCCL INFO Channel 18/0 : 0[0] -> 1[1] via P2P/CUMEM
[36m(WorkerDict pid=1568691)[0m trial-302172199-trialrun-302172199-worker-0:1568691:1568691 [0] NCCL INFO Channel 19/0 : 0[0] -> 1[1] via P2P/CUMEM
[36m(WorkerDict pid=1568691)[0m trial-302172199-trialrun-302172199-worker-0:1568691:1568691 [0] NCCL INFO Channel 20/0 : 0[0] -> 1[1] via P2P/CUMEM
[36m(WorkerDict pid=1568691)[0m trial-302172199-trialrun-302172199-worker-0:1568691:1568691 [0] NCCL INFO Channel 21/0 : 0[0] -> 1[1] via P2P/CUMEM
[36m(WorkerDict pid=1568691)[0m trial-302172199-trialrun-302172199-worker-0:1568691:1568691 [0] NCCL INFO Channel 22/0 : 0[0] -> 1[1] via P2P/CUMEM
[36m(WorkerDict pid=1568691)[0m trial-302172199-trialrun-302172199-worker-0:1568691:1568691 [0] NCCL INFO Channel 23/0 : 0[0] -> 1[1] via P2P/CUMEM
[36m(WorkerDict pid=1568691)[0m trial-302172199-trialrun-302172199-worker-0:1568691:1568691 [0] NCCL INFO Channel 24/0 : 0[0] -> 1[1] via P2P/CUMEM
[36m(WorkerDict pid=1568691)[0m trial-302172199-trialrun-302172199-worker-0:1568691:1568691 [0] NCCL INFO Channel 25/0 : 0[0] -> 1[1] via P2P/CUMEM
[36m(WorkerDict pid=1568691)[0m trial-302172199-trialrun-302172199-worker-0:1568691:1568691 [0] NCCL INFO Channel 26/0 : 0[
[36m(WorkerDict pid=1568690)[0m trial-302172199-trialrun-302172199-worker-0:1568690:1584289 [0] NCCL INFO [Proxy Service] Device 1 CPU core 11
[36m(WorkerDict pid=1568690)[0m trial-302172199
[36m(WorkerDict pid=1568694)[0m  INFO Ring 30 : 1 -> 2 -> 3
[36m(WorkerDict pid=1568694)[0m trial-302172199-trialrun-302172199-worker-0:1568694:1568694 [2] NCCL INFO Channel 14/0 : 2[2] -> 3
[36m(WorkerDict pid=1568696)[0m CL INFO Ring 30 : 5 -> 6 -> 7
[36m(WorkerDict pid=1568695)[0m trial-302172199-trialrun-302172199-worker-0:1568695:1568695 [7] N
[36m(WorkerDict pid=1568697)[0m NFO Ring 30 : 2 -> 3 -> 4
[36m(WorkerDict pid=1568691)[0m Actor use_remove_padding=True
[36m(WorkerDict pid=1568691)[0m Actor use_fused_kernels=True
[36m(WorkerDict pid=1568697)[0m Monkey patch _flash_attention_forward in transformers.integrations.flash_attention[32m [repeated 7x across cluster][0m
[36m(WorkerDict pid=1568697)[0m Using Triton backend for fused kernels in Qwen2ForCausalLM[32m [repeated 7x across cluster][0m
[36m(WorkerDict pid=1568697)[0m trial-302172199-trialrun-302172199-worker-0:1568697:1568697 [3] NCCL INFO ENV/Plugin: Could not find: libnccl-env.so[32m [repeated 7x across cluster][0m
[36m(WorkerDict pid=1568697)[0m trial-302172199-trialrun-302172199-worker-0:1568697:1568697 [3] NCCL INFO NCCL_SOCKET_FAMILY set by environment to AF_INET6[32m [repeated 14x across cluster][0m
[36m(WorkerDict pid=1568697)[0m trial-302172199-trialrun-302172199-worker-0:1568697:1568697 [3] NCCL INFO NCCL_SOCKET_IFNAME set by environment to =eth0[32m [repeated 14x across cluster][0m
[36m(WorkerDict pid=1568697)[0m trial-302172199-trialrun-302172199-worker-0:1568697:1568697 [3] NCCL INFO cudaDriverVersion 13000[32m [repeated 7x across cluster][0m
[36m(WorkerDict pid=1568697)[0m trial-302172199-trialrun-302172199-worker-0:1568697:1568697 [3] NCCL INFO NCCL version 2.28.9+cuda13.0[32m [repeated 7x across cluster][0m
[36m(WorkerDict pid=1568697)[0m trial-302172199-trialrun-302172199-worker-0:1568697:1568697 [3] NCCL INFO Comm config Blocking set to 1[32m [repeated 7x across cluster][0m
[36m(WorkerDict pid=1568697)[0m trial-302172199-trialrun-302172199-worker-0:1568697:1568697 [3] NCCL INFO NCCL_NET_PLUGIN set by environment to none[32m [repeated 7x across cluster][0m
[36m(WorkerDict pid=1568697)[0m trial-302172199-trialrun-302172199-worker-0:1568697:1568697 [3] NCCL INFO NET/Socket : Using [0]eth0:fdbd:dc61:ff:f000:ffff:ffff:0:16<0>[32m [repeated 7x across cluster][0m
[36m(WorkerDict pid=1568697)[0m trial-302172199-trialrun-302172199-worker-0:1568697:1568697 [3] NCCL INFO Initialized NET plugin Socket[32m [repeated 7x across cluster][0m
[36m(WorkerDict pid=1568697)[0m trial-302172199-trialrun-302172199-worker-0:1568697:1568697 [3] NCCL INFO Assigned NET plugin Socket to comm[32m [repeated 7x across cluster][0m
[36m(WorkerDict pid=1568697)[0m trial-302172199-trialrun-302172199-worker-0:1568697:1568697 [3] NCCL INFO Using network Socket[32m [repeated 7x across cluster][0m
[36m(WorkerDict pid=1568697)[0m trial-302172199-trialrun-302172199-worker-0:1568697:1568697 [3] NCCL INFO ncclCommInitRankConfig comm 0xf9f7670 rank 3 nranks 8 cudaDev 3 nvmlDev 3 busId 5b000 commId 0xfdb1b0cb07146b0c - Init START[32m [repeated 7x across cluster][0m
[36m(WorkerDict pid=1568697)[0m trial-302172199-trialrun-302172199-worker-0:1568697:1568697 [3] NCCL INFO RAS client listening socket at ::1<28028>[32m [repeated 7x across cluster][0m
[36m(WorkerDict pid=1568697)[0m trial-302172199-trialrun-302172199-worker-0:1568697:1568697 [3] NCCL INFO MNNVL busId 0x5b000 fabric UUID 0.0 cliqueId 0x0 state 3 healthMask 0x80[32m [repeated 7x across cluster][0m
[36m(WorkerDict pid=1568697)[0m trial-302172199-trialrun-302172199-worker-0:1568697:1568697 [3] NCCL INFO Could not find real path of /sys/class/pci_bus/fffffff/../../fffffff:ff:f[32m [repeated 7x across cluster][0m
[36m(WorkerDict pid=1568697)[0m trial-302172199-trialrun-302172199-worker-0:1568697:1568697 [3] NCCL INFO TOPO/NET : Importing network plugins to topology[32m [repeated 7x across cluster][0m
[36m(WorkerDict pid=1568697)[0m trial-302172199-trialrun-302172199-worker-0:1568697:1568697 [3] NCCL INFO ncclTopoPopulateNics : Filled eth0 in topo with pciPath=(null) keep=1 coll=(null)[32m [repeated 7x across cluster][0m
[36m(WorkerDict pid=1568697)[0m trial-302172199-trialrun-302172199-worker-0:1568697:1568697 [3] NCCL INFO === System : maxBw 721.8 totalBw 721.8 ===[32m [repeated 7x across cluster][0m
[36m(WorkerDict pid=1568697)[0m trial-302172199-trialrun-302172199-worker-0:1568697:1568697 [3] NCCL INFO NET/0-0 :GPU/0-f000 (4/1.2/PHB) GPU/0-2d000 (4/1.2/PHB) GPU/0-44000 (4/1.2/PHB) GPU/0-5b000 (4/1.2/PHB) GPU/0-89000 (5/1.2/SYS) GPU/0-a8000 (5/1.2/SYS) GPU/0-c0000 (5/1.2/SYS) GPU/0-d8000 (5/1.2/SYS) CPU/0-0 (2/1.2/PHB) CPU/0-1 (3/1.2/SYS) NET/0-0 (0/5000.0/LOC) NET/0-0 (0/0.0/DIS) [32m [repeated 84x across cluster][0m
[36m(WorkerDict pid=1568697)[0m trial-302172199-trialrun-302172199-worker-0:1568697:1568697 [3] NCCL INFO + SYS[40.0] - CPU/0-0[32m [repeated 203x across cluster][0m
[36m(WorkerDict pid=1568697)[0m trial-302172199-trialrun-302172199-worker-0:1568697:1568697 [3] NCCL INFO ==========================================[32m [repeated 7x across cluster][0m
[36m(WorkerDict pid=1568697)[0m trial-302172199-trialrun-302172199-worker-0:1568697:1568697 [3] NCCL INFO ncclTopoGetCpuAffinity: Affinity for GPU 3 is 0-62,128-190. (GPU affinity = 0-63,128-191 ; CPU affinity = 0-62,64-126,128-190,192-254).[32m [repeated 7x across cluster][0m
[36m(WorkerDict pid=1568697)[0m trial-302172199-trialrun-302172199-worker-0:1568697:1568697 [3] NCCL INFO NCCL_NVLS_ENABLE set by environment to 1.[32m [repeated 7x across cluster][0m
[36m(WorkerDict pid=1568697)[0m trial-302172199-trialrun-302172199-worker-0:1568697:1568697 [3] NCCL INFO NVLS multicast support is available on dev 3 (NVLS_NCHANNELS 24)[32m [repeated 7x across cluster][0m
[36m(WorkerDict pid=1568697)[0m trial-302172199-trialrun-302172199-worker-0:1568697:1568697 [3] NCCL INFO Pattern 5, crossNic 0, nChannels 8, bw 80.000000/90.000000, type NVL/PIX, sameChannels 0[32m [repeated 22x across cluster][0m
[36m(WorkerDict pid=1568697)[0m trial-302172199-trialrun-302172199-worker-0:1568697:1568697 [3] NCCL INFO  7 : GPU/0-d8000[32m [repeated 288x across cluster][0m
[36m(WorkerDict pid=1568695)[0m trial-302172199-trialrun-302172199-worker-0:1568695:1568695 [[32m [repeated 2x across cluster][0m
[36m(WorkerDict pid=1568697)[0m trial-302172199-trialrun-302172199-worker-0:1568697:1568697 [3] NCCL INFO comm 0xf9f7670 rank 3 nRanks 8 nNodes 1 localRanks 8 localRank 3 MNNVL 0[32m [repeated 7x across cluster][0m
[36m(WorkerDict pid=1568690)[0m trial-302172199-trialrun-302172199-worker-0:1568690:1568690 [1] NCCL INFO Tree 31 : 0 -> 1 -> 2/-1/-1[32m [repeated 32x across cluster][0m
[36m(WorkerDict pid=1568692)[0m trial-302172199-trialrun-302172199-worker-0:1568692:1568692 [4] NCCL INFO Channel 14/0 : 4[4]
[36m(WorkerDict pid=1568697)[0m trial-302172199-trialrun-302172199-worker-0:1568697:1568697 [3] NCCL INFO Ring 31 : 2 -> 3 -> 4[32m [repeated 219x across cluster][0m
[36m(WorkerDict pid=1568697)[0m trial-302172199-trialrun-302172199-worker-0:1568697:1568697 [3] NCCL INFO Trees [0] 4/-1/-1->3->2 [1] 4/-1/-1->3->2 [2] 4/-1/-1->3->2 [3] 4/-1/-1->3->2 [4] 4/-1/-1->3->2 [5] 4/-1/-1->3->2 [6] 4/-1/-1->3->2 [7] 4/-1/-1->3->2 [8] 4/-1/-1->3->2 [9] 4/-1/-1->3->2 [10] 4/-1/-1->3->2 [11] 4/-1/-1->3->2 [12] 4/-1/-1->3->2 [13] 4/-1/-1->3->2 [14] 4/-1/-1->3->2 [15] 4/-1/-1->3->2 [16] 4/-1/-1->3->2 [17] 4/-1/-1->3->2 [18] 4/-1/-1->3->2 [19] 4/-1/-1->3->2 [20] 4/-1/-1->3->2 [21] 4/-1/-1->3->2 [22] 4/-1/-1->3->2 [23] 4/-1/-1->3->2 [24] 4/-1/-1->3->2 [25] 4/-1/-1->3->2 [26] 4/-1/-1->3->2 [27] 4/-1/-1->3->2 [28] 4/-1/-1->3->2 [29] 4/-1/-1->3->2 [30] 4/-1/-1->3->2 [31] 4/-1/-1->3->2[32m [repeated 7x across cluster][0m
[36m(WorkerDict pid=1568697)[0m trial-302172199-trialrun-302172199-worker-0:1568697:1568697 [3] NCCL INFO P2P Chunksize set to 524288[32m [repeated 7x across cluster][0m
[36m(WorkerDict pid=1568697)[0m trial-302172199-trialrun-302172199-worker-0:1568697:1568697 [3] NCCL INFO PROFILER/Plugin: Could not find: libnccl-profiler.so[32m [repeated 7x across cluster][0m
[36m(WorkerDict pid=1568697)[0m trial-302172199-trialrun-302172199-worker-0:1568697:1568697 [3] NCCL INFO Check P2P Type isAllDirectP2p 1 directMode 0 isAllCudaP2p 1[32m [repeated 7x across cluster][0m
[36m(WorkerDict pid=1568697)[0m trial-302172199-trialrun-302172199-worker-0:1568697:1568697 [3] NCCL INFO ncclP2pSchedule: group size used is 8[32m [repeated 7x across cluster][0m
[36m(WorkerDict pid=1568697)[0m trial-302172199-trialrun-302172199-worker-0:1568697:1584292 [0] NCCL INFO [Proxy Service UDS] Device 3 CPU core 152[32m [repeated 7x across cluster][0m
[36m(WorkerDict pid=1568695)[0m trial-302172199-trialrun-302172199-worker-0:1568695:1568695 [7] NC[32m [repeated 2x across cluster][0m
[36m(WorkerDict pid=1568697)[0m trial-302172199-trialrun-302172199-worker-0:1568697:1568697 [3] NCCL INFO TUNER/Plugin: Could not find: libnccl-tuner.so[32m [repeated 7x across cluster][0m
[36m(WorkerDict pid=1568697)[0m trial-302172199-trialrun-302172199-worker-0:1568697:1568697 [3] NCCL INFO threadThresholds 8/8/64 | 64/8/64 | 512 | 512[32m [repeated 7x across cluster][0m
[36m(WorkerDict pid=1568697)[0m trial-302172199-trialrun-302172199-worker-0:1568697:1568697 [3] NCCL INFO 32 coll channels, 32 collnet channels, 24 nvls channels, 32 p2p channels, 32 p2p channels per peer[32m [repeated 7x across cluster][0m
[36m(WorkerDict pid=1568697)[0m trial-302172199-trialrun-302172199-worker-0:1568697:1568697 [3] NCCL INFO ncclCommInitRankConfig comm 0xf9f7670 rank 3 nranks 8 cudaDev 3 nvmlDev 3 busId 5b000 commId 0xfdb1b0cb07146b0c - Init COMPLETE[32m [repeated 7x across cluster][0m
[36m(WorkerDict pid=1568696)[0m WARNING:2026-08-01 10:16:29,349:Initializing torch.distributed: rank=6 world_size=8 init_method=tcp://[fdbd:dc61:ff:f000:ffff:ffff:0:16]:35583 master=fdbd:dc61:ff:f000:ffff:ffff:0:16:35583[32m [repeated 7x across cluster][0m
[36m(WorkerDict pid=1568688)[0m [W801 10:16:29.563537847 ProcessGroupNCCL.cpp:932] Warning: TORCH_NCCL_AVOID_RECORD_STREAMS is the default now, this environment variable is thus deprecated. (function operator())[32m [repeated 7x across cluster][0m
[36m(WorkerDict pid=1568691)[0m Loading weights:   0%|          | 0/339 [00:00<?, ?it/s][32m [repeated 5x across cluster][0m
[36m(WorkerDict pid=1568696)[0m Loading weights: 100%|██████████| 339/339 [00:00<00:00, 11805.43it/s][32m [repeated 4x across cluster][0m
[36m(WorkerDict pid=1568697)[0m Loading weights:   0%|          | 0/339 [00:00<?, ?it/s]Loading weights: 100%|██████████| 339/339 [00:00<00:00, 11360.96it/s][32m [repeated 2x across cluster][0m
[36m(WorkerDict pid=1568691)[0m Loading weights:   0%|          | 1/339 [00:01<06:15,  1.11s/it]
[36m(WorkerDict pid=1568691)[0m Loading weights:  97%|█████████▋| 328/339 [00:04<00:00, 100.40it/s]Loading weights: 100%|██████████| 339/339 [00:04<00:00, 84.05it/s] 
[36m(WorkerDict pid=1568696)[0m Loading weights:   0%|          | 0/339 [00:00<?, ?it/s][32m [repeated 7x across cluster][0m
[36m(WorkerDict pid=1568692)[0m Loading weights:  97%|█████████▋| 328/339 [00:05<00:00, 76.60it/s][32m [repeated 14x across cluster][0m
[36m(WorkerDict pid=1568691)[0m WARNING:2026-08-01 10:16:57,323:Dropping unsupported vLLM engine kwargs for this version: ['disable_mm_preprocessor_cache']
[36m(WorkerDict pid=1568692)[0m Loading weights:  90%|█████████ | 306/339 [00:04<00:00, 69.65it/s][32m [repeated 211x across cluster][0m
[36m(WorkerDict pid=1568695)[0m Loading weights:  97%|█████████▋| 329/339 [00:04<00:00, 85.05it/s]Loading weights: 100%|██████████| 339/339 [00:04<00:00, 69.26it/s][32m [repeated 2x across cluster][0m
[36m(WorkerDict pid=1568692)[0m Loading weights: 100%|██████████| 339/339 [00:05<00:00, 65.33it/s][32m [repeated 3x across cluster][0m
[36m(WorkerDict pid=1568691)[0m /mlx_devbox/users/quyanyi/playground/.venvs/ttrl_b200/lib/python3.11/site-packages/nvidia_cutlass_dsl/python_packages/cutlass/cute/core.py:5791: DeprecationWarning: Use explicit `struct.scalar.ptr` for pointer instead.
[36m(WorkerDict pid=1568691)[0m   warnings.warn(
[36m(WorkerDict pid=1568691)[0m /mlx_devbox/users/quyanyi/playground/.venvs/ttrl_b200/lib/python3.11/site-packages/nvidia_cutlass_dsl/python_packages/cutlass/cute/core.py:5791: DeprecationWarning: Use explicit `struct.scalar.ptr` for pointer instead.
[36m(WorkerDict pid=1568691)[0m   warnings.warn(
[36m(WorkerDict pid=1568691)[0m /mlx_devbox/users/quyanyi/playground/.venvs/ttrl_b200/lib/python3.11/site-packages/nvidia_cutlass_dsl/python_packages/cutlass/cute/core.py:5791: DeprecationWarning: Use explicit `struct.scalar.ptr` for pointer instead.
[36m(WorkerDict pid=1568691)[0m   warnings.warn(
[36m(WorkerDict pid=1568696)[0m WARNING:2026-08-01 10:16:57,322:Dropping unsupported vLLM engine kwargs for this version: ['disable_mm_preprocessor_cache'][32m [repeated 7x across cluster][0m
[36m(WorkerDict pid=1568691)[0m 2026-08-01 10:17:27,332 - INFO - autotuner.py:622 - flashinfer.jit: [Autotuner]: Autotuning process starts ...
[36m(WorkerDict pid=1568691)[0m 2026-08-01 10:17:27,353 - INFO - autotuner.py:641 - flashinfer.jit: [Autotuner]: Autotuning process ends
[36m(WorkerDict pid=1568696)[0m /mlx_devbox/users/quyanyi/playground/.venvs/ttrl_b200/lib/python3.11/site-packages/nvidia_cutlass_dsl/python_packages/cutlass/cute/core.py:5791: DeprecationWarning: Use explicit `struct.scalar.ptr` for pointer instead.[32m [repeated 101x across cluster][0m
[36m(WorkerDict pid=1568696)[0m   warnings.warn([32m [repeated 101x across cluster][0m
[36m(WorkerDict pid=1568691)[0m Capturing CUDA graphs (mixed prefill-decode, PIECEWISE):   0%|          | 0/51 [00:00<?, ?it/s]
[36m(WorkerDict pid=1568691)[0m Capturing CUDA graphs (mixed prefill-decode, PIECEWISE):   6%|▌         | 3/51 [00:00<00:01, 27.63it/s]
[36m(WorkerDict pid=1568691)[0m Capturing CUDA graphs (mixed prefill-decode, PIECEWISE):  12%|█▏        | 6/51 [00:00<00:01, 28.30it/s]
[36m(WorkerDict pid=1568691)[0m Capturing CUDA graphs (mixed prefill-decode, PIECEWISE):  20%|█▉        | 10/51 [00:00<00:01, 29.79it/s]
[36m(WorkerDict pid=1568691)[0m Capturing CUDA graphs (mixed prefill-decode, PIECEWISE):  25%|██▌       | 13/51 [00:00<00:01, 29.55it/s]
[36m(WorkerDict pid=1568691)[0m Capturing CUDA graphs (mixed prefill-decode, PIECEWISE):  31%|███▏      | 16/51 [00:00<00:01, 29.05it/s]
[36m(WorkerDict pid=1568691)[0m Capturing CUDA graphs (mixed prefill-decode, PIECEWISE):  39%|███▉      | 20/51 [00:00<00:01, 29.69it/s]
[36m(WorkerDict pid=1568691)[0m Capturing CUDA graphs (mixed prefill-decode, PIECEWISE):  47%|████▋     | 24/51 [00:00<00:00, 29.74it/s]Capturing CUDA graphs (mixed prefill-decode, PIECEWISE):  53%|█████▎    | 27/51 [00:00<00:00, 29.80it/s]
[36m(WorkerDict pid=1568691)[0m Capturing CUDA graphs (mixed prefill-decode, PIECEWISE):  59%|█████▉    | 30/51 [00:01<00:00, 29.66it/s]
[36m(WorkerDict pid=1568691)[0m Capturing CUDA graphs (mixed prefill-decode, PIECEWISE):  65%|██████▍   | 33/51 [00:01<00:00, 27.80it/s]
[36m(WorkerDict pid=1568691)[0m Capturing CUDA graphs (mixed prefill-decode, PIECEWISE):  71%|███████   | 36/51 [00:01<00:00, 28.25it/s]
[36m(WorkerDict pid=1568691)[0m Capturing CUDA graphs (mixed prefill-decode, PIECEWISE):  76%|███████▋  | 39/51 [00:01<00:00, 27.75it/s]
[36m(WorkerDict pid=1568691)[0m Capturing CUDA graphs (mixed prefill-decode, PIECEWISE):  82%|████████▏ | 42/51 [00:01<00:00, 27.80it/s]
[36m(WorkerDict pid=1568691)[0m Capturing CUDA graphs (mixed prefill-decode, PIECEWISE):  88%|████████▊ | 45/51 [00:01<00:00, 27.91it/s]
[36m(WorkerDict pid=1568691)[0m Capturing CUDA graphs (mixed prefill-decode, PIECEWISE):  94%|█████████▍| 48/51 [00:01<00:00, 27.73it/s]
[36m(WorkerDict pid=1568691)[0m Capturing CUDA graphs (mixed prefill-decode, PIECEWISE): 100%|██████████| 51/51 [00:01<00:00, 27.17it/s]Capturing CUDA graphs (mixed prefill-decode, PIECEWISE): 100%|██████████| 51/51 [00:01<00:00, 28.40it/s]
[36m(WorkerDict pid=1568691)[0m Capturing CUDA graphs (decode, FULL):   0%|          | 0/51 [00:00<?, ?it/s]
[36m(WorkerDict pid=1568691)[0m Capturing CUDA graphs (decode, FULL):   8%|▊         | 4/51 [00:00<00:01, 36.62it/s]
[36m(WorkerDict pid=1568691)[0m Capturing CUDA graphs (decode, FULL):  16%|█▌        | 8/51 [00:00<00:01, 37.33it/s]
[36m(WorkerDict pid=1568691)[0m Capturing CUDA graphs (decode, FULL):  24%|██▎       | 12/51 [00:00<00:01, 37.71it/s]
[36m(WorkerDict pid=1568691)[0m Capturing CUDA graphs (decode, FULL):  31%|███▏      | 16/51 [00:00<00:00, 37.18it/s]
[36m(WorkerDict pid=1568691)[0m Capturing CUDA graphs (decode, FULL):  39%|███▉      | 20/51 [00:00<00:00, 37.02it/s]
[36m(WorkerDict pid=1568691)[0m Capturing CUDA graphs (decode, FULL):  47%|████▋     | 24/51 [00:00<00:00, 37.00it/s]
[36m(WorkerDict pid=1568691)[0m Capturing CUDA graphs (decode, FULL):  55%|█████▍    | 28/51 [00:00<00:00, 36.96it/s]
[36m(WorkerDict pid=1568691)[0m Capturing CUDA graphs (decode, FULL):  63%|██████▎   | 32/51 [00:00<00:00, 36.75it/s]
[36m(WorkerDict pid=1568691)[0m Capturing CUDA graphs (decode, FULL):  71%|███████   | 36/51 [00:00<00:00, 36.55it/s]
[36m(WorkerDict pid=1568691)[0m Capturing CUDA graphs (decode, FULL):  78%|███████▊  | 40/51 [00:01<00:00, 36.87it/s]
[36m(WorkerDict pid=1568691)[0m Capturing CUDA graphs (decode, FULL):  86%|████████▋ | 44/51 [00:01<00:00, 37.04it/s]
[36m(WorkerDict pid=1568696)[0m 2026-08-01 10:17:27,332 - INFO - autotuner.py:622 - flashinfer.jit: [Autotuner]: Autotuning process starts ...[32m [repeated 7x across cluster][0m
[36m(WorkerDict pid=1568696)[0m 2026-08-01 10:17:27,350 - INFO - autotuner.py:641 - flashinfer.jit: [Autotuner]: Autotuning process ends[32m [repeated 7x across cluster][0m
[36m(WorkerDict pid=1568692)[0m /mlx_devbox/users/quyanyi/playground/.venvs/ttrl_b200/lib/python3.11/site-packages/nvidia_cutlass_dsl/python_packages/cutlass/cute/core.py:5791: DeprecationWarning: Use explicit `struct.scalar.ptr` for pointer instead.
[36m(WorkerDict pid=1568692)[0m   warnings.warn(
[36m(WorkerDict pid=1568688)[0m /mlx_devbox/users/quyanyi/playground/.venvs/ttrl_b200/lib/python3.11/site-packages/nvidia_cutlass_dsl/python_packages/cutlass/cute/core.py:5791: DeprecationWarning: Use explicit `struct.scalar.ptr` for pointer instead.
[36m(WorkerDict pid=1568688)[0m   warnings.warn(
[36m(WorkerDict pid=1568688)[0m /mlx_devbox/users/quyanyi/playground/.venvs/ttrl_b200/lib/python3.11/site-packages/nvidia_cutlass_dsl/python_packages/cutlass/cute/core.py:5791: DeprecationWarning: Use explicit `struct.scalar.ptr` for pointer instead.
[36m(WorkerDict pid=1568688)[0m   warnings.warn(
[36m(WorkerDict pid=1568688)[0m /mlx_devbox/users/quyanyi/playground/.venvs/ttrl_b200/lib/python3.11/site-packages/nvidia_cutlass_dsl/python_packages/cutlass/cute/core.py:5791: DeprecationWarning: Use explicit `struct.scalar.ptr` for pointer instead.
[36m(WorkerDict pid=1568688)[0m   warnings.warn(
[36m(WorkerDict pid=1568691)[0m Capturing CUDA graphs (decode, FULL):  86%|████████▋ | 44/51 [00:11<00:00, 37.04it/s]
[36m(WorkerDict pid=1568696)[0m /mlx_devbox/users/quyanyi/playground/.venvs/ttrl_b200/lib/python3.11/site-packages/nvidia_cutlass_dsl/python_packages/cutlass/cute/core.py:5791: DeprecationWarning: Use explicit `struct.scalar.ptr` for pointer instead.[32m [repeated 100x across cluster][0m
[36m(WorkerDict pid=1568696)[0m   warnings.warn([32m [repeated 100x across cluster][0m
[36m(WorkerDict pid=1568691)[0m Capturing CUDA graphs (decode, FULL):  92%|█████████▏| 47/51 [00:12<00:03,  1.07it/s]
[36m(WorkerDict pid=1568691)[0m Capturing CUDA graphs (decode, FULL): 100%|██████████| 51/51 [00:12<00:00,  1.56it/s]Capturing CUDA graphs (decode, FULL): 100%|██████████| 51/51 [00:12<00:00,  4.12it/s]
[36m(WorkerDict pid=1568688)[0m /mlx_devbox/users/quyanyi/playground/TTRL/verl/verl/workers/sharding_manager/fsdp_vllm.py:97: FutureWarning: FSDP.state_dict_type() and FSDP.set_state_dict_type() are being deprecated. Please use APIs, get_state_dict() and set_state_dict(), which can support different parallelisms, FSDP1, FSDP2, DDP. API doc: https://pytorch.org/docs/stable/distributed.checkpoint.html#torch.distributed.checkpoint.state_dict.get_state_dict .Tutorial: https://pytorch.org/tutorials/recipes/distributed_checkpoint_recipe.html .
[36m(WorkerDict pid=1568688)[0m   FSDP.set_state_dict_type(
[36m(TaskRunner pid=1568689)[0m Training Progress:   0%|          | 0/3 [00:00<?, ?it/s]
[36m(WorkerDict pid=1568691)[0m /mlx_devbox/users/quyanyi/playground/.venvs/ttrl_b200/lib/python3.11/site-packages/nvidia_cutlass_dsl/python_packages/cutlass/cute/core.py:5791: DeprecationWarning: Use explicit `struct.scalar.ptr` for pointer instead.[32m [repeated 2x across cluster][0m
[36m(WorkerDict pid=1568691)[0m   warnings.warn([32m [repeated 2x across cluster][0m
[36m(WorkerDict pid=1568696)[0m /mlx_devbox/users/quyanyi/playground/TTRL/verl/verl/workers/sharding_manager/fsdp_vllm.py:97: FutureWarning: FSDP.state_dict_type() and FSDP.set_state_dict_type() are being deprecated. Please use APIs, get_state_dict() and set_state_dict(), which can support different parallelisms, FSDP1, FSDP2, DDP. API doc: https://pytorch.org/docs/stable/distributed.checkpoint.html#torch.distributed.checkpoint.state_dict.get_state_dict .Tutorial: https://pytorch.org/tutorials/recipes/distributed_checkpoint_recipe.html .[32m [repeated 7x across cluster][0m
[36m(WorkerDict pid=1568696)[0m   FSDP.set_state_dict_type([32m [repeated 7x across cluster][0m
[36m(TaskRunner pid=1568689)[0m <string>:1: SyntaxWarning: 'set' object is not callable; perhaps you missed a comma?
[36m(WorkerDict pid=1568688)[0m /mlx_devbox/users/quyanyi/playground/.venvs/ttrl_b200/lib/python3.11/site-packages/nvidia_cutlass_dsl/python_packages/cutlass/cute/core.py:5791: DeprecationWarning: Use explicit `struct.scalar.ptr` for pointer instead.[32m [repeated 102x across cluster][0m
[36m(WorkerDict pid=1568688)[0m   warnings.warn([32m [repeated 102x across cluster][0m
[36m(TaskRunner pid=1568689)[0m <string>:1: SyntaxWarning: 'set' object is not callable; perhaps you missed a comma?
[36m(TaskRunner pid=1568689)[0m <string>:1: SyntaxWarning: 'set' object is not callable; perhaps you missed a comma?
[36m(TaskRunner pid=1568689)[0m WARNING:2026-08-01 10:18:53,042:WARNING: Error in configuration: macro '\frac' failed its substitution!
[36m(WorkerDict pid=1568697)[0m trial-302172199-trialrun-302172199-worker-0:1568697:1568697 [3] NCCL INFO Init timings - ncclCommInitRankConfig: rank 3 nranks 8 total 3.35 (kernels 0.29, alloc 0.69, bootstrap 0.23, allgathers 0.00, topo 1.59, graphs 0.05, connections 0.47, rest 0.01)[32m [repeated 7x across cluster][0m
[36m(WorkerDict pid=1568697)[0m trial-302172199-trialrun-302172199-worker-0:1568697:1568697 [3] NCCL INFO Channel 13/0 : 3[3] -> 4[4] via P2P/CUMEM[32m [repeated 106x across cluster][0m
[36m(WorkerDict pid=1568697)[0m trial-302172199-trialrun-302172199-worker-0:1568697:1584288 [0] NCCL INFO [Proxy Service] Device 3 CPU core 139[32m [repeated 6x across cluster][0m
[36m(WorkerDict pid=1568697)[0m trial-302172199-trialrun-302172199-worker-0:1568697:1568697 [3] NCCL INFO Channel 14/0 : 3[3] -> 4[4[32m [repeated 3x across cluster][0m
[36m(WorkerDict pid=1568695)[0m CL INFO Ring 30 : 6 -> 7 -> 0[32m [repeated 2x across cluster][0m
[36m(WorkerDict pid=1568691)[0m Model config after override: Qwen2Config {
[36m(WorkerDict pid=1568691)[0m   "architectures": [
[36m(WorkerDict pid=1568691)[0m     "Qwen2ForCausalLM"
[36m(WorkerDict pid=1568691)[0m   ],
[36m(WorkerDict pid=1568691)[0m   "attention_dropout": 0.0,
[36m(WorkerDict pid=1568691)[0m   "bos_token_id": null,
[36m(WorkerDict pid=1568691)[0m   "dtype": "bfloat16",
[36m(WorkerDict pid=1568691)[0m   "eos_token_id": 151643,
[36m(WorkerDict pid=1568691)[0m   "hidden_act": "silu",
[36m(WorkerDict pid=1568691)[0m   "hidden_size": 3584,
[36m(WorkerDict pid=1568691)[0m   "initializer_range": 0.02,
[36m(WorkerDict pid=1568691)[0m   "intermediate_size": 18944,
[36m(WorkerDict pid=1568691)[0m   "layer_types": [
[36m(WorkerDict pid=1568691)[0m     "full_attention",
[36m(WorkerDict pid=1568691)[0m     "full_attention",
[36m(WorkerDict pid=1568691)[0m     "full_attention",
[36m(WorkerDict pid=1568691)[0m     "full_attention",
[36m(WorkerDict pid=1568691)[0m     "full_attention",
[36m(WorkerDict pid=1568691)[0m     "full_attention",
[36m(WorkerDict pid=1568691)[0m     "full_attention",
[36m(WorkerDict pid=1568691)[0m     "full_attention",
[36m(WorkerDict pid=1568691)[0m     "full_attention",
[36m(WorkerDict pid=1568691)[0m     "full_attention",
[36m(WorkerDict pid=1568691)[0m     "full_attention",
[36m(WorkerDict pid=1568691)[0m     "full_attention",
[36m(WorkerDict pid=1568691)[0m     "full_attention",
[36m(WorkerDict pid=1568691)[0m     "full_attention",
[36m(WorkerDict pid=1568691)[0m     "full_attention",
[36m(WorkerDict pid=1568691)[0m     "full_attention",
[36m(WorkerDict pid=1568691)[0m     "full_attention",
[36m(WorkerDict pid=1568691)[0m     "full_attention",
[36m(WorkerDict pid=1568691)[0m     "full_attention",
[36m(WorkerDict pid=1568691)[0m     "full_attention",
[36m(WorkerDict pid=1568691)[0m     "full_attention",
[36m(WorkerDict pid=1568691)[0m     "full_attention",
[36m(WorkerDict pid=1568691)[0m     "full_attention",
[36m(WorkerDict pid=1568691)[0m     "full_attention",
[36m(WorkerDict pid=1568691)[0m     "full_attention",
[36m(WorkerDict pid=1568691)[0m     "full_attention",
[36m(WorkerDict pid=1568691)[0m     "full_attention",
[36m(WorkerDict pid=1568691)[0m     "full_attention"
[36m(WorkerDict pid=1568691)[0m   ],
[36m(WorkerDict pid=1568691)[0m   "max_position_embeddings": 4096,
[36m(WorkerDict pid=1568691)[0m   "max_window_layers": 28,
[36m(WorkerDict pid=1568691)[0m   "model_type": "qwen2",
[36m(WorkerDict pid=1568691)[0m   "num_attention_heads": 28,
[36m(WorkerDict pid=1568691)[0m   "num_hidden_layers": 28,
[36m(WorkerDict pid=1568691)[0m   "num_key_value_heads": 4,
[36m(WorkerDict pid=1568691)[0m   "pad_token_id": 151643,
[36m(WorkerDict pid=1568691)[0m   "rms_norm_eps": 1e-06,
[36m(WorkerDict pid=1568691)[0m   "rope_parameters": {
[36m(WorkerDict pid=1568691)[0m     "rope_theta": 10000,
[36m(WorkerDict pid=1568691)[0m     "rope_type": "default"
[36m(WorkerDict pid=1568691)[0m   },
[36m(WorkerDict pid=1568691)[0m   "sliding_window": null,
[36m(WorkerDict pid=1568691)[0m   "tie_word_embeddings": false,
[36m(WorkerDict pid=1568691)[0m   "transformers_version": "5.12.1",
[36m(WorkerDict pid=1568691)[0m   "use_cache": true,
[36m(WorkerDict pid=1568691)[0m   "use_mrope": false,
[36m(WorkerDict pid=1568691)[0m   "use_sliding_window": false,
[36m(WorkerDict pid=1568691)[0m   "vocab_size": 152064
[36m(WorkerDict pid=1568691)[0m }
[36m(WorkerDict pid=1568691)[0m 
[36m(WorkerDict pid=1568691)[0m actor attention implementation verified: sdpa
[36m(WorkerDict pid=1568691)[0m [PowerFlow] Added proj_z (layers=3, hidden=3584, init_offset=1.08)
[36m(WorkerDict pid=1568691)[0m Monkey patch _flash_attention_forward in transformers.integrations.flash_attention
[36m(WorkerDict pid=1568691)[0m Using Triton backend for fused kernels in Qwen2ForCausalLM
[36m(WorkerDict pid=1568691)[0m Qwen2ForCausalLM contains 7.64B parameters
[36m(WorkerDict pid=1568691)[0m [PowerFlow] Updated auto_wrap_policy to wrap ProjZModule
[36m(WorkerDict pid=1568691)[0m wrap_policy: <function ActorRolloutRefWorker._build_model_optimizer.<locals>.powerflow_wrap_policy at 0x7f2df2435d00>
[36m(WorkerDict pid=1568691)[0m Total steps: 3, num_warmup_steps: 0
[36m(WorkerDict pid=1568691)[0m Actor use_remove_padding=True
[36m(WorkerDict pid=1568691)[0m Actor use_fused_kernels=True
[36m(WorkerDict pid=1568692)[0m Monkey patch _flash_attention_forward in transformers.integrations.flash_attention[32m [repeated 7x across cluster][0m
[36m(WorkerDict pid=1568692)[0m Using Triton backend for fused kernels in Qwen2ForCausalLM[32m [repeated 7x across cluster][0m
[36m(WorkerDict pid=1568688)[0m kwargs: {'n': 1, 'logprobs': 1, 'max_tokens': 3072, 'repetition_penalty': 1.0, 'detokenize': False, 'temperature': 1.0, 'top_k': -1, 'top_p': 1, 'ignore_eos': False}
[36m(WorkerDict pid=1568691)[0m WARNING 08-01 10:17:43 [jit_monitor.py:106] Triton kernel JIT compilation during inference: _compute_slot_mapping_kernel. This causes a latency spike; consider extending warmup to cover this shape/config.
[36m(TaskRunner pid=1568689)[0m [Shutdown] 3 subprocess(es) terminated.
[36m(WorkerDict pid=1568696)[0m kwargs: {'n': 1, 'logprobs': 1, 'max_tokens': 3072, 'repetition_penalty': 1.0, 'detokenize': False, 'temperature': 1.0, 'top_k': -1, 'top_p': 1, 'ignore_eos': False}[32m [repeated 7x across cluster][0m
[36m(TaskRunner pid=1568689)[0m [Shutdown] 6 subprocess(es) terminated.
[36m(TaskRunner pid=1568689)[0m [Shutdown] 4 subprocess(es) terminated.
[36m(WorkerDict pid=1568691)[0m WARNING 08-01 10:19:05 [jit_monitor.py:106] Triton kernel JIT compilation during inference: efficient_entropy_kernel_general_mainloop. This causes a latency spike; consider extending warmup to cover this shape/config.
[36m(WorkerDict pid=1568691)[0m WARNING 08-01 10:19:05 [jit_monitor.py:106] Triton kernel JIT compilation during inference: efficient_entropy_triton_kernel_epilogue. This causes a latency spike; consider extending warmup to cover this shape/config.
[36m(WorkerDict pid=1568691)[0m WARNING 08-01 10:19:07 [jit_monitor.py:106] Triton kernel JIT compilation during inference: efficient_entropy_backward_kernel_general_d_logits_split_N. This causes a latency spike; consider extending warmup to cover this shape/config.
[36m(TaskRunner pid=1568689)[0m Training Progress:  33%|███▎      | 1/3 [01:30<03:01, 90.51s/it]
[36m(TaskRunner pid=1568689)[0m <string>:1: SymPyDeprecationWarning: 
[36m(TaskRunner pid=1568689)[0m 
[36m(TaskRunner pid=1568689)[0m Using non-Expr arguments in Pow is deprecated (in this case, one of the
[36m(TaskRunner pid=1568689)[0m arguments is of type 'FiniteSet').
[36m(TaskRunner pid=1568689)[0m 
[36m(TaskRunner pid=1568689)[0m If you really did intend to construct a power with this base, use the **
[36m(TaskRunner pid=1568689)[0m operator instead.
[36m(TaskRunner pid=1568689)[0m 
[36m(TaskRunner pid=1568689)[0m See https://docs.sympy.org/latest/explanation/active-deprecations.html#non-expr-args-deprecated
[36m(TaskRunner pid=1568689)[0m for details.
[36m(TaskRunner pid=1568689)[0m 
[36m(TaskRunner pid=1568689)[0m This has been deprecated since SymPy version 1.7. It
[36m(TaskRunner pid=1568689)[0m will be removed in a future version of SymPy.
[36m(TaskRunner pid=1568689)[0m 
[36m(TaskRunner pid=1568689)[0m /mlx_devbox/users/quyanyi/playground/.venvs/ttrl_b200/lib/python3.11/site-packages/sympy/core/power.py:1257: SymPyDeprecationWarning: 
[36m(TaskRunner pid=1568689)[0m 
[36m(TaskRunner pid=1568689)[0m Using non-Expr arguments in Pow is deprecated (in this case, one of the
[36m(TaskRunner pid=1568689)[0m arguments is of type 'FiniteSet').
[36m(TaskRunner pid=1568689)[0m 
[36m(TaskRunner pid=1568689)[0m If you really did intend to construct a power with this base, use the **
[36m(TaskRunner pid=1568689)[0m operator instead.
[36m(TaskRunner pid=1568689)[0m 
[36m(TaskRunner pid=1568689)[0m See https://docs.sympy.org/latest/explanation/active-deprecations.html#non-expr-args-deprecated
[36m(TaskRunner pid=1568689)[0m for details.
[36m(TaskRunner pid=1568689)[0m 
[36m(TaskRunner pid=1568689)[0m This has been deprecated since SymPy version 1.7. It
[36m(TaskRunner pid=1568689)[0m will be removed in a future version of SymPy.
[36m(TaskRunner pid=1568689)[0m 
[36m(TaskRunner pid=1568689)[0m   p = self.func(*self.as_base_exp())  # in case it's unevaluated
[36m(TaskRunner pid=1568689)[0m <string>:1: SymPyDeprecationWarning: 
[36m(TaskRunner pid=1568689)[0m 
[36m(TaskRunner pid=1568689)[0m Using non-Expr arguments in Pow is deprecated (in this case, one of the
[36m(TaskRunner pid=1568689)[0m arguments is of type 'FiniteSet').
[36m(TaskRunner pid=1568689)[0m 
[36m(TaskRunner pid=1568689)[0m If you really did intend to construct a power with this base, use the **
[36m(TaskRunner pid=1568689)[0m operator instead.
[36m(TaskRunner pid=1568689)[0m 
[36m(TaskRunner pid=1568689)[0m See https://docs.sympy.org/latest/explanation/active-deprecations.html#non-expr-args-deprecated
[36m(TaskRunner pid=1568689)[0m for details.
[36m(TaskRunner pid=1568689)[0m 
[36m(TaskRunner pid=1568689)[0m This has been deprecated since SymPy version 1.7. It
[36m(TaskRunner pid=1568689)[0m will be removed in a future version of SymPy.
[36m(TaskRunner pid=1568689)[0m 
[36m(TaskRunner pid=1568689)[0m /mlx_devbox/users/quyanyi/playground/.venvs/ttrl_b200/lib/python3.11/site-packages/sympy/core/power.py:1257: SymPyDeprecationWarning: 
[36m(TaskRunner pid=1568689)[0m 
[36m(TaskRunner pid=1568689)[0m Using non-Expr arguments in Pow is deprecated (in this case, one of the
[36m(TaskRunner pid=1568689)[0m arguments is of type 'FiniteSet').
[36m(TaskRunner pid=1568689)[0m 
[36m(TaskRunner pid=1568689)[0m If you really did intend to construct a power with this base, use the **
[36m(TaskRunner pid=1568689)[0m operator instead.
[36m(TaskRunner pid=1568689)[0m 
[36m(TaskRunner pid=1568689)[0m See https://docs.sympy.org/latest/explanation/active-deprecations.html#non-expr-args-deprecated
[36m(TaskRunner pid=1568689)[0m for details.
[36m(TaskRunner pid=1568689)[0m 
[36m(TaskRunner pid=1568689)[0m This has been deprecated since SymPy version 1.7. It
[36m(TaskRunner pid=1568689)[0m will be removed in a future version of SymPy.
[36m(TaskRunner pid=1568689)[0m 
[36m(TaskRunner pid=1568689)[0m   p = self.func(*self.as_base_exp())  # in case it's unevaluated
[36m(TaskRunner pid=1568689)[0m <string>:1: SymPyDeprecationWarning: 
[36m(TaskRunner pid=1568689)[0m 
[36m(TaskRunner pid=1568689)[0m Using non-Expr arguments in Pow is deprecated (in this case, one of the
[36m(TaskRunner pid=1568689)[0m arguments is of type 'FiniteSet').
[36m(TaskRunner pid=1568689)[0m 
[36m(TaskRunner pid=1568689)[0m If you really did intend to construct a power with this base, use the **
[36m(TaskRunner pid=1568689)[0m operator instead.
[36m(TaskRunner pid=1568689)[0m 
[36m(TaskRunner pid=1568689)[0m See https://docs.sympy.org/latest/explanation/active-deprecations.html#non-expr-args-deprecated
[36m(TaskRunner pid=1568689)[0m for details.
[36m(TaskRunner pid=1568689)[0m 
[36m(TaskRunner pid=1568689)[0m This has been deprecated since SymPy version 1.7. It
[36m(TaskRunner pid=1568689)[0m will be removed in a future version of SymPy.
[36m(TaskRunner pid=1568689)[0m 
[36m(TaskRunner pid=1568689)[0m step:1 - chunk_state_source/selected_original_acc_mean:0.844 - chunk_state_source/prompt_original_pass:0.906 - chunk_state_source/prompt_original_mean:0.334 - chunk_state_source/selected_majority_consistent_mean:1.000 - chunk_state_source/prompt_majority_ratio_mean:0.343 - chunk_state_source/prompt_majority_pass:1.000 - chunk_state_source_chunk/enabled:1.000 - chunk_state_source_chunk/injected_ratio:1.000 - chunk_state_source_chunk/mean_len:124.094 - chunk_state_source_chunk/candidate_index:0.000 - chunk_state_teacher_anchor/enabled:1.000 - chunk_state_teacher_anchor/replaced_ratio:1.000 - chunk_state_teacher_anchor/mean_len:124.094 - chunk_state_teacher_anchor/candidate_index:0.000 - chunk_state_answer_value_margin/group_size:32.000 - chunk_state_answer_value_margin/baseline_ratio_mean:0.343 - chunk_state_answer_value_margin/answer_coverage_mean:0.707 - chunk_state_answer_value_margin/hit_rate_mean:0.437 - chunk_state_answer_value_margin/format_rate_mean:0.707 - chunk_state_answer_value_margin/margin_mean:0.246 - chunk_state_answer_value_margin/score_mean:0.086 - chunk_state_answer_value_margin/max_margin_mean:0.373 - chunk_state_answer_value_margin/improved_state_ratio:0.625 - chunk_state_answer_value_margin/label_consistent_ratio:0.148 - chunk_state_answer_value_margin/min_margin:0.125 - chunk_state_answer_value_margin/topk:2.000 - chunk_state_answer_value_margin/format_guard:1.000 - chunk_state_probe/raw_positive_ratio:0.086 - chunk_state_score/mode_majority_completion:0.000 - chunk_state_score/mode_answer_consensus:0.000 - chunk_state_score/mode_answer_distribution:0.000 - chunk_state_score/mode_answer_value_gain:0.000 - chunk_state_score/mode_answer_value_margin:1.000 - chunk_state_probe/samples:4.000 - chunk_state_teacher_anchor/score_floor:0.500 - chunk_state_teacher_anchor/label_consistent_forced:1.000 - chunk_state_diag/boundary_mean:624.000 - chunk_state_diag/boundary_min:128.000 - chunk_state_diag/boundary_max:1024.000 - chunk_state_diag/boundary_zero_ratio:0.000 - chunk_state_diag/skipped_short_sources:0.000 - chunk_state_diag/majority_consistent_fallbacks:0.000 - chunk_state_diag/real_state_count:32.000 - chunk_state_diag/pad_state_count:0.000 - chunk_state_diag/loss_weight_mean:1.000 - chunk_state_diag/source_response_len_mean:1342.750 - chunk_state_diag/probe_score_std:0.251 - chunk_state_diag/state_probe_mean_max:0.273 - chunk_state_diag/state_probe_mean_min:0.062 - chunk_state_diag/state_all_positive_ratio:0.000 - chunk_state_diag/state_all_negative_ratio:0.000 - chunk_state_diag/state_mixed_ratio:1.000 - chunk_state_diag/source_majority_consistent_mean:1.000 - chunk_state_diag/source_prompt_majority_ratio_mean:0.343 - chunk_state_diag/source_pseudo_acc_mean:0.844 - chunk_state_diag/source_original_acc_mean:0.844 - chunk_state_diag/prompt_pseudo_mean:0.323 - chunk_state_diag/prompt_original_mean:0.334 - chunk_state_diag/prompt_original_pass:0.906 - chunk_state_diag/probe_mean_source_original_correct:0.150 - chunk_state_diag/probe_mean_source_original_wrong:0.076 - chunk_state_diag/source_original_correct_ratio:0.844 - chunk_state_diag/jsonl_rows:32.000 - chunk_state/num_states:32.000 - chunk_state/real_states:32.000 - chunk_state/pad_states:0.000 - chunk_state/num_candidates:256.000 - chunk_state/num_actor_samples:256.000 - chunk_state/loss_weight_mean:0.531 - chunk_state/base_loss_weight_mean:1.000 - chunk_state/zeroed_state_ratio:0.469 - chunk_state/confidence_gate_ratio:0.531 - chunk_state/confidence_weight_mean:1.000 - chunk_state/majority_ratio_mean:0.343 - chunk_state/answer_coverage_mean:0.707 - chunk_state/positive_ratio:0.139 - chunk_state/label_consistent_only:1.000 - chunk_state/label_consistent_ratio:0.250 - chunk_state/informative_ratio:1.000 - chunk_state/kept_state_ratio:0.531 - chunk_state/target_entropy:0.725 - chunk_state/weight_max:0.945 - chunk_state/weight_min:0.001 - chunk_state/powerflow_weight_mean:0.531 - chunk_state/powerflow_weight_max:7.563 - chunk_state/powerflow_weight_min:0.000 - chunk_state/boxed_reward_mean:0.139 - chunk_state/boxed_reward_weighted_mean:0.561 - chunk_state/actor_batch_powerflow_weight_nonzero_ratio:0.531 - chunk_state/actor_batch_powerflow_weight_shard0_mean:0.644 - chunk_state/actor_batch_powerflow_weight_shard0_nonzero_ratio:0.531 - chunk_state/actor_batch_powerflow_weight_shard_mean_low:0.439 - chunk_state/actor_batch_powerflow_weight_shard_mean_high:0.644 - chunk_state/actor_batch_powerflow_weight_zero_shard_ratio:0.000 - chunk_state_actor_span/mode_chunk:1.000 - chunk_state_actor_span/response_len_mean:122.121 - chunk_state_actor_span/truncated_ratio:0.000 - actor/pg_loss:0.199 - actor/powerflow_loss:0.199 - actor/log_prob:-0.227 - actor/old_log_prob:0.000 - actor/ref_log_prob:-0.227 - actor/ref_log_prob/std:0.219 - actor/boxed_reward/mean:0.301 - actor/boxed_reward/min:0.000 - actor/boxed_reward/max:0.781 - actor/powerflow_weight/mean:0.644 - actor/powerflow_weight/min:0.000 - actor/powerflow_weight/max:7.563 - actor/powerflow_weight/nonzero_ratio:0.531 - actor/powerflow_local_batch_size:4.000 - actor/log_z:-0.643 - actor/importance_weight:0.819 - actor/powerflow_chunk_loss_target_only:0.000 - actor/ppo_kl:0.227 - actor/ref_kl:0.000 - actor/beta_coef:4.000 - actor/cispo_mask_ratio:0.151 - actor/cispo_dropped_tokens:74.750 - actor/condition_1_count:0.000 - actor/condition_2_count:74.750 - actor/pg_clipfrac:0.000 - actor/pg_clipfrac_lower:0.000 - actor/grad_norm:7.973 - perf/mfu/actor:0.000 - perf/max_memory_allocated_gb:159.968 - perf/max_memory_reserved_gb:175.877 - perf/cpu_memory_used_gb:787.965 - actor/lr:0.000 - timing_s/generate_sequences:29.771 - timing_s/reshard:0.311 - timing_s/gen:51.099 - timing_s/chunk_state_make_states:0.024 - timing_s/chunk_state_chunks/generate_sequences:0.562 - timing_s/chunk_state_chunks/reshard:0.444 - timing_s/chunk_state_chunks:1.191 - timing_s/chunk_state_probe/generate_sequences:5.513 - timing_s/chunk_state_probe/reshard:0.456 - timing_s/chunk_state_probe:6.700 - timing_s/chunk_state_score:9.116 - timing_s/chunk_state_build_actor_batch:0.013 - timing_s/chunk_state_ref:5.689 - timing_s/update_actor:6.156 - timing_per_token_ms/gen:0.049 - timing_per_token_ms/update_actor:0.005
[36m(TaskRunner pid=1568689)[0m [Shutdown] 4 subprocess(es) terminated.
[36m(TaskRunner pid=1568689)[0m [Shutdown] 8 subprocess(es) terminated.
[36m(TaskRunner pid=1568689)[0m [Shutdown] 4 subprocess(es) terminated.
[36m(TaskRunner pid=1568689)[0m Training Progress:  67%|██████▋   | 2/3 [02:25<01:09, 69.60s/it]
[36m(TaskRunner pid=1568689)[0m <string>:1: SymPyDeprecationWarning: 
[36m(TaskRunner pid=1568689)[0m 
[36m(TaskRunner pid=1568689)[0m Using non-Expr arguments in Pow is deprecated (in this case, one of the
[36m(TaskRunner pid=1568689)[0m arguments is of type 'FiniteSet').
[36m(TaskRunner pid=1568689)[0m 
[36m(TaskRunner pid=1568689)[0m If you really did intend to construct a power with this base, use the **
[36m(TaskRunner pid=1568689)[0m operator instead.
[36m(TaskRunner pid=1568689)[0m 
[36m(TaskRunner pid=1568689)[0m See https://docs.sympy.org/latest/explanation/active-deprecations.html#non-expr-args-deprecated
[36m(TaskRunner pid=1568689)[0m for details.
[36m(TaskRunner pid=1568689)[0m 
[36m(TaskRunner pid=1568689)[0m This has been deprecated since SymPy version 1.7. It
[36m(TaskRunner pid=1568689)[0m will be removed in a future version of SymPy.
[36m(TaskRunner pid=1568689)[0m 
[36m(TaskRunner pid=1568689)[0m <string>:1: SymPyDeprecationWarning: 
[36m(TaskRunner pid=1568689)[0m 
[36m(TaskRunner pid=1568689)[0m Using non-Expr arguments in Pow is deprecated (in this case, one of the
[36m(TaskRunner pid=1568689)[0m arguments is of type 'FiniteSet').
[36m(TaskRunner pid=1568689)[0m 
[36m(TaskRunner pid=1568689)[0m If you really did intend to construct a power with this base, use the **
[36m(TaskRunner pid=1568689)[0m operator instead.
[36m(TaskRunner pid=1568689)[0m 
[36m(TaskRunner pid=1568689)[0m See https://docs.sympy.org/latest/explanation/active-deprecations.html#non-expr-args-deprecated
[36m(TaskRunner pid=1568689)[0m for details.
[36m(TaskRunner pid=1568689)[0m 
[36m(TaskRunner pid=1568689)[0m This has been deprecated since SymPy version 1.7. It
[36m(TaskRunner pid=1568689)[0m will be removed in a future version of SymPy.
[36m(TaskRunner pid=1568689)[0m 
[36m(TaskRunner pid=1568689)[0m <string>:1: SymPyDeprecationWarning: 
[36m(TaskRunner pid=1568689)[0m 
[36m(TaskRunner pid=1568689)[0m Using non-Expr arguments in Pow is deprecated (in this case, one of the
[36m(TaskRunner pid=1568689)[0m arguments is of type 'FiniteSet').
[36m(TaskRunner pid=1568689)[0m 
[36m(TaskRunner pid=1568689)[0m If you really did intend to construct a power with this base, use the **
[36m(TaskRunner pid=1568689)[0m operator instead.
[36m(TaskRunner pid=1568689)[0m 
[36m(TaskRunner pid=1568689)[0m See https://docs.sympy.org/latest/explanation/active-deprecations.html#non-expr-args-deprecated
[36m(TaskRunner pid=1568689)[0m for details.
[36m(TaskRunner pid=1568689)[0m 
[36m(TaskRunner pid=1568689)[0m This has been deprecated since SymPy version 1.7. It
[36m(TaskRunner pid=1568689)[0m will be removed in a future version of SymPy.
[36m(TaskRunner pid=1568689)[0m 
[36m(TaskRunner pid=1568689)[0m <string>:1: SymPyDeprecationWarning: 
[36m(TaskRunner pid=1568689)[0m 
[36m(TaskRunner pid=1568689)[0m Using non-Expr arguments in Pow is deprecated (in this case, one of the
[36m(TaskRunner pid=1568689)[0m arguments is of type 'FiniteSet').
[36m(TaskRunner pid=1568689)[0m 
[36m(TaskRunner pid=1568689)[0m If you really did intend to construct a power with this base, use the **
[36m(TaskRunner pid=1568689)[0m operator instead.
[36m(TaskRunner pid=1568689)[0m 
[36m(TaskRunner pid=1568689)[0m See https://docs.sympy.org/latest/explanation/active-deprecations.html#non-expr-args-deprecated
[36m(TaskRunner pid=1568689)[0m for details.
[36m(TaskRunner pid=1568689)[0m 
[36m(TaskRunner pid=1568689)[0m This has been deprecated since SymPy version 1.7. It
[36m(TaskRunner pid=1568689)[0m will be removed in a future version of SymPy.
[36m(TaskRunner pid=1568689)[0m 
[36m(TaskRunner pid=1568689)[0m /mlx_devbox/users/quyanyi/playground/.venvs/ttrl_b200/lib/python3.11/site-packages/sympy/core/basic.py:1949: SymPyDeprecationWarning: 
[36m(TaskRunner pid=1568689)[0m 
[36m(TaskRunner pid=1568689)[0m Using non-Expr arguments in Pow is deprecated (in this case, one of the
[36m(TaskRunner pid=1568689)[0m arguments is of type 'FiniteSet').
[36m(TaskRunner pid=1568689)[0m 
[36m(TaskRunner pid=1568689)[0m If you really did intend to construct a power with this base, use the **
[36m(TaskRunner pid=1568689)[0m operator instead.
[36m(TaskRunner pid=1568689)[0m 
[36m(TaskRunner pid=1568689)[0m See https://docs.sympy.org/latest/explanation/active-deprecations.html#non-expr-args-deprecated
[36m(TaskRunner pid=1568689)[0m for details.
[36m(TaskRunner pid=1568689)[0m 
[36m(TaskRunner pid=1568689)[0m This has been deprecated since SymPy version 1.7. It
[36m(TaskRunner pid=1568689)[0m will be removed in a future version of SymPy.
[36m(TaskRunner pid=1568689)[0m 
[36m(TaskRunner pid=1568689)[0m   return self.func(*terms)
[36m(TaskRunner pid=1568689)[0m WARNING:2026-08-01 10:20:34,535:WARNING: Error in configuration: macro '\frac' failed its substitution!
[36m(TaskRunner pid=1568689)[0m WARNING:2026-08-01 10:20:34,536:WARNING: Error in configuration: macro '\frac' failed its substitution!
[36m(TaskRunner pid=1568689)[0m <string>:1: SymPyDeprecationWarning: 
[36m(TaskRunner pid=1568689)[0m 
[36m(TaskRunner pid=1568689)[0m Using non-Expr arguments in Pow is deprecated (in this case, one of the
[36m(TaskRunner pid=1568689)[0m arguments is of type 'FiniteSet').
[36m(TaskRunner pid=1568689)[0m 
[36m(TaskRunner pid=1568689)[0m If you really did intend to construct a power with this base, use the **
[36m(TaskRunner pid=1568689)[0m operator instead.
[36m(TaskRunner pid=1568689)[0m 
[36m(TaskRunner pid=1568689)[0m See https://docs.sympy.org/latest/explanation/active-deprecations.html#non-expr-args-deprecated
[36m(TaskRunner pid=1568689)[0m for details.
[36m(TaskRunner pid=1568689)[0m 
[36m(TaskRunner pid=1568689)[0m This has been deprecated since SymPy version 1.7. It
[36m(TaskRunner pid=1568689)[0m will be removed in a future version of SymPy.
[36m(TaskRunner pid=1568689)[0m 
[36m(TaskRunner pid=1568689)[0m /mlx_devbox/users/quyanyi/playground/.venvs/ttrl_b200/lib/python3.11/site-packages/sympy/core/basic.py:1949: SymPyDeprecationWarning: 
[36m(TaskRunner pid=1568689)[0m 
[36m(TaskRunner pid=1568689)[0m Using non-Expr arguments in Pow is deprecated (in this case, one of the
[36m(TaskRunner pid=1568689)[0m arguments is of type 'FiniteSet').
[36m(TaskRunner pid=1568689)[0m 
[36m(TaskRunner pid=1568689)[0m If you really did intend to construct a power with this base, use the **
[36m(TaskRunner pid=1568689)[0m operator instead.
[36m(TaskRunner pid=1568689)[0m 
[36m(TaskRunner pid=1568689)[0m See https://docs.sympy.org/latest/explanation/active-deprecations.html#non-expr-args-deprecated
[36m(TaskRunner pid=1568689)[0m for details.
[36m(TaskRunner pid=1568689)[0m 
[36m(TaskRunner pid=1568689)[0m This has been deprecated since SymPy version 1.7. It
[36m(TaskRunner pid=1568689)[0m will be removed in a future version of SymPy.
[36m(TaskRunner pid=1568689)[0m 
[36m(TaskRunner pid=1568689)[0m   return self.func(*terms)
[36m(TaskRunner pid=1568689)[0m <string>:1: SymPyDeprecationWarning: 
[36m(TaskRunner pid=1568689)[0m 
[36m(TaskRunner pid=1568689)[0m Using non-Expr arguments in Pow is deprecated (in this case, one of the
[36m(TaskRunner pid=1568689)[0m arguments is of type 'FiniteSet').
[36m(TaskRunner pid=1568689)[0m 
[36m(TaskRunner pid=1568689)[0m If you really did intend to construct a power with this base, use the **
[36m(TaskRunner pid=1568689)[0m operator instead.
[36m(TaskRunner pid=1568689)[0m 
[36m(TaskRunner pid=1568689)[0m See https://docs.sympy.org/latest/explanation/active-deprecations.html#non-expr-args-deprecated
[36m(TaskRunner pid=1568689)[0m for details.
[36m(TaskRunner pid=1568689)[0m 
[36m(TaskRunner pid=1568689)[0m This has been deprecated since SymPy version 1.7. It
[36m(TaskRunner pid=1568689)[0m will be removed in a future version of SymPy.
[36m(TaskRunner pid=1568689)[0m 
[36m(TaskRunner pid=1568689)[0m <string>:1: SymPyDeprecationWarning: 
[36m(TaskRunner pid=1568689)[0m 
[36m(TaskRunner pid=1568689)[0m Using non-Expr arguments in Pow is deprecated (in this case, one of the
[36m(TaskRunner pid=1568689)[0m arguments is of type 'FiniteSet').
[36m(TaskRunner pid=1568689)[0m 
[36m(TaskRunner pid=1568689)[0m If you really did intend to construct a power with this base, use the **
[36m(TaskRunner pid=1568689)[0m operator instead.
[36m(TaskRunner pid=1568689)[0m 
[36m(TaskRunner pid=1568689)[0m See https://docs.sympy.org/latest/explanation/active-deprecations.html#non-expr-args-deprecated
[36m(TaskRunner pid=1568689)[0m for details.
[36m(TaskRunner pid=1568689)[0m 
[36m(TaskRunner pid=1568689)[0m This has been deprecated since SymPy version 1.7. It
[36m(TaskRunner pid=1568689)[0m will be removed in a future version of SymPy.
[36m(TaskRunner pid=1568689)[0m 
[36m(TaskRunner pid=1568689)[0m <string>:1: SymPyDeprecationWarning: 
[36m(TaskRunner pid=1568689)[0m 
[36m(TaskRunner pid=1568689)[0m Using non-Expr arguments in Pow is deprecated (in this case, one of the
[36m(TaskRunner pid=1568689)[0m arguments is of type 'FiniteSet').
[36m(TaskRunner pid=1568689)[0m 
[36m(TaskRunner pid=1568689)[0m If you really did intend to construct a power with this base, use the **
[36m(TaskRunner pid=1568689)[0m operator instead.
[36m(TaskRunner pid=1568689)[0m 
[36m(TaskRunner pid=1568689)[0m See https://docs.sympy.org/latest/explanation/active-deprecations.html#non-expr-args-deprecated
[36m(TaskRunner pid=1568689)[0m for details.
[36m(TaskRunner pid=1568689)[0m 
[36m(TaskRunner pid=1568689)[0m This has been deprecated since SymPy version 1.7. It
[36m(TaskRunner pid=1568689)[0m will be removed in a future version of SymPy.
[36m(TaskRunner pid=1568689)[0m 
[36m(TaskRunner pid=1568689)[0m <string>:1: SymPyDeprecationWarning: 
[36m(TaskRunner pid=1568689)[0m 
[36m(TaskRunner pid=1568689)[0m Using non-Expr arguments in Pow is deprecated (in this case, one of the
[36m(TaskRunner pid=1568689)[0m arguments is of type 'FiniteSet').
[36m(TaskRunner pid=1568689)[0m 
[36m(TaskRunner pid=1568689)[0m If you really did intend to construct a power with this base, use the **
[36m(TaskRunner pid=1568689)[0m operator instead.
[36m(TaskRunner pid=1568689)[0m 
[36m(TaskRunner pid=1568689)[0m See https://docs.sympy.org/latest/explanation/active-deprecations.html#non-expr-args-deprecated
[36m(TaskRunner pid=1568689)[0m for details.
[36m(TaskRunner pid=1568689)[0m 
[36m(TaskRunner pid=1568689)[0m This has been deprecated since SymPy version 1.7. It
[36m(TaskRunner pid=1568689)[0m will be removed in a future version of SymPy.
[36m(TaskRunner pid=1568689)[0m 
[36m(TaskRunner pid=1568689)[0m <string>:1: SymPyDeprecationWarning: 
[36m(TaskRunner pid=1568689)[0m 
[36m(TaskRunner pid=1568689)[0m Using non-Expr arguments in Pow is deprecated (in this case, one of the
[36m(TaskRunner pid=1568689)[0m arguments is of type 'FiniteSet').
[36m(TaskRunner pid=1568689)[0m 
[36m(TaskRunner pid=1568689)[0m If you really did intend to construct a power with this base, use the **
[36m(TaskRunner pid=1568689)[0m operator instead.
[36m(TaskRunner pid=1568689)[0m 
[36m(TaskRunner pid=1568689)[0m See https://docs.sympy.org/latest/explanation/active-deprecations.html#non-expr-args-deprecated
[36m(TaskRunner pid=1568689)[0m for details.
[36m(TaskRunner pid=1568689)[0m 
[36m(TaskRunner pid=1568689)[0m This has been deprecated since SymPy version 1.7. It
[36m(TaskRunner pid=1568689)[0m will be removed in a future version of SymPy.
[36m(TaskRunner pid=1568689)[0m 
[36m(TaskRunner pid=1568689)[0m WARNING:2026-08-01 10:20:39,649:WARNING: Error in configuration: macro '\frac' failed its substitution!
[36m(TaskRunner pid=1568689)[0m WARNING:2026-08-01 10:20:52,802:WARNING: Error in configuration: macro '\frac' failed its substitution!
[36m(TaskRunner pid=1568689)[0m WARNING:2026-08-01 10:20:52,803:WARNING: Error in configuration: macro '\frac' failed its substitution!
[36m(TaskRunner pid=1568689)[0m WARNING:2026-08-01 10:20:56,170:WARNING: Error in configuration: macro '\frac' failed its substitution!
[36m(TaskRunner pid=1568689)[0m WARNING:2026-08-01 10:20:56,172:WARNING: Error in configuration: macro '\frac' failed its substitution!
[36m(TaskRunner pid=1568689)[0m step:2 - chunk_state_source/selected_original_acc_mean:0.656 - chunk_state_source/prompt_original_pass:0.906 - chunk_state_source/prompt_original_mean:0.306 - chunk_state_source/selected_majority_consistent_mean:1.000 - chunk_state_source/prompt_majority_ratio_mean:0.334 - chunk_state_source/prompt_majority_pass:1.000 - chunk_state_source_chunk/enabled:1.000 - chunk_state_source_chunk/injected_ratio:1.000 - chunk_state_source_chunk/mean_len:122.656 - chunk_state_source_chunk/candidate_index:0.000 - chunk_state_teacher_anchor/enabled:1.000 - chunk_state_teacher_anchor/replaced_ratio:1.000 - chunk_state_teacher_anchor/mean_len:122.656 - chunk_state_teacher_anchor/candidate_index:0.000 - chunk_state_answer_value_margin/group_size:32.000 - chunk_state_answer_value_margin/baseline_ratio_mean:0.334 - chunk_state_answer_value_margin/answer_coverage_mean:0.695 - chunk_state_answer_value_margin/hit_rate_mean:0.365 - chunk_state_answer_value_margin/format_rate_mean:0.695 - chunk_state_answer_value_margin/margin_mean:0.167 - chunk_state_answer_value_margin/score_mean:0.065 - chunk_state_answer_value_margin/max_margin_mean:0.329 - chunk_state_answer_value_margin/improved_state_ratio:0.531 - chunk_state_answer_value_margin/label_consistent_ratio:0.125 - chunk_state_answer_value_margin/min_margin:0.125 - chunk_state_answer_value_margin/topk:2.000 - chunk_state_answer_value_margin/format_guard:1.000 - chunk_state_probe/raw_positive_ratio:0.065 - chunk_state_score/mode_majority_completion:0.000 - chunk_state_score/mode_answer_consensus:0.000 - chunk_state_score/mode_answer_distribution:0.000 - chunk_state_score/mode_answer_value_gain:0.000 - chunk_state_score/mode_answer_value_margin:1.000 - chunk_state_probe/samples:4.000 - chunk_state_teacher_anchor/score_floor:0.500 - chunk_state_teacher_anchor/label_consistent_forced:1.000 - chunk_state_diag/boundary_mean:632.000 - chunk_state_diag/boundary_min:128.000 - chunk_state_diag/boundary_max:1024.000 - chunk_state_diag/boundary_zero_ratio:0.000 - chunk_state_diag/skipped_short_sources:0.000 - chunk_state_diag/majority_consistent_fallbacks:0.000 - chunk_state_diag/real_state_count:32.000 - chunk_state_diag/pad_state_count:0.000 - chunk_state_diag/loss_weight_mean:1.000 - chunk_state_diag/source_response_len_mean:1444.781 - chunk_state_diag/probe_score_std:0.232 - chunk_state_diag/state_probe_mean_max:0.273 - chunk_state_diag/state_probe_mean_min:0.062 - chunk_state_diag/state_all_positive_ratio:0.000 - chunk_state_diag/state_all_negative_ratio:0.000 - chunk_state_diag/state_mixed_ratio:1.000 - chunk_state_diag/source_majority_consistent_mean:1.000 - chunk_state_diag/source_prompt_majority_ratio_mean:0.334 - chunk_state_diag/source_pseudo_acc_mean:0.781 - chunk_state_diag/source_original_acc_mean:0.656 - chunk_state_diag/prompt_pseudo_mean:0.310 - chunk_state_diag/prompt_original_mean:0.306 - chunk_state_diag/prompt_original_pass:0.906 - chunk_state_diag/probe_mean_source_original_correct:0.125 - chunk_state_diag/probe_mean_source_original_wrong:0.111 - chunk_state_diag/source_original_correct_ratio:0.656 - chunk_state_diag/jsonl_rows:32.000 - chunk_state/num_states:32.000 - chunk_state/real_states:32.000 - chunk_state/pad_states:0.000 - chunk_state/num_candidates:256.000 - chunk_state/num_actor_samples:256.000 - chunk_state/loss_weight_mean:0.531 - chunk_state/base_loss_weight_mean:1.000 - chunk_state/zeroed_state_ratio:0.469 - chunk_state/confidence_gate_ratio:0.531 - chunk_state/confidence_weight_mean:1.000 - chunk_state/majority_ratio_mean:0.334 - chunk_state/answer_coverage_mean:0.695 - chunk_state/positive_ratio:0.120 - chunk_state/label_consistent_only:1.000 - chunk_state/label_consistent_ratio:0.230 - chunk_state/informative_ratio:1.000 - chunk_state/kept_state_ratio:0.531 - chunk_state/target_entropy:0.653 - chunk_state/weight_max:0.945 - chunk_state/weight_min:0.001 - chunk_state/powerflow_weight_mean:0.531 - chunk_state/powerflow_weight_max:7.563 - chunk_state/powerflow_weight_min:0.000 - chunk_state/boxed_reward_mean:0.120 - chunk_state/boxed_reward_weighted_mean:0.492 - chunk_state/actor_batch_powerflow_weight_nonzero_ratio:0.531 - chunk_state/actor_batch_powerflow_weight_shard0_mean:0.625 - chunk_state/actor_batch_powerflow_weight_shard0_nonzero_ratio:0.531 - chunk_state/actor_batch_powerflow_weight_shard_mean_low:0.416 - chunk_state/actor_batch_powerflow_weight_shard_mean_high:0.625 - chunk_state/actor_batch_powerflow_weight_zero_shard_ratio:0.000 - chunk_state_actor_span/mode_chunk:1.000 - chunk_state_actor_span/response_len_mean:121.215 - chunk_state_actor_span/truncated_ratio:0.000 - actor/pg_loss:0.074 - actor/powerflow_loss:0.074 - actor/log_prob:-0.279 - actor/old_log_prob:0.000 - actor/ref_log_prob:-0.280 - actor/ref_log_prob/std:0.214 - actor/boxed_reward/mean:0.300 - actor/boxed_reward/min:0.000 - actor/boxed_reward/max:0.812 - actor/powerflow_weight/mean:0.625 - actor/powerflow_weight/min:0.000 - actor/powerflow_weight/max:7.563 - actor/powerflow_weight/nonzero_ratio:0.531 - actor/powerflow_local_batch_size:4.000 - actor/log_z:-0.760 - actor/importance_weight:0.802 - actor/powerflow_chunk_loss_target_only:0.000 - actor/ppo_kl:0.279 - actor/ref_kl:-0.000 - actor/beta_coef:4.000 - actor/cispo_mask_ratio:0.195 - actor/cispo_dropped_tokens:95.000 - actor/condition_1_count:0.000 - actor/condition_2_count:95.000 - actor/pg_clipfrac:0.000 - actor/pg_clipfrac_lower:0.000 - actor/grad_norm:6.581 - perf/mfu/actor:0.000 - perf/max_memory_allocated_gb:162.985 - perf/max_memory_reserved_gb:176.029 - perf/cpu_memory_used_gb:788.738 - actor/lr:0.000 - timing_s/generate_sequences:17.783 - timing_s/reshard:0.489 - timing_s/gen:22.520 - timing_s/chunk_state_make_states:0.024 - timing_s/chunk_state_chunks/generate_sequences:0.552 - timing_s/chunk_state_chunks/reshard:0.353 - timing_s/chunk_state_chunks:0.973 - timing_s/chunk_state_probe/generate_sequences:5.775 - timing_s/chunk_state_probe/reshard:0.366 - timing_s/chunk_state_probe:7.194 - timing_s/chunk_state_score:9.087 - timing_s/chunk_state_build_actor_batch:0.013 - timing_s/chunk_state_ref:1.930 - timing_s/update_actor:5.859 - timing_per_token_ms/gen:0.022 - timing_per_token_ms/update_actor:0.005
[36m(TaskRunner pid=1568689)[0m [Shutdown] 17 subprocess(es) terminated.
[36m(TaskRunner pid=1568689)[0m [Shutdown] 58 subprocess(es) terminated.
[36m(TaskRunner pid=1568689)[0m [Shutdown] 6 subprocess(es) terminated.
[36m(TaskRunner pid=1568689)[0m Training Progress:  67%|██████▋   | 2/3 [03:21<01:40, 100.68s/it]
[36m(TaskRunner pid=1568689)[0m step:3 - chunk_state_source/selected_original_acc_mean:0.781 - chunk_state_source/prompt_original_pass:0.906 - chunk_state_source/prompt_original_mean:0.292 - chunk_state_source/selected_majority_consistent_mean:1.000 - chunk_state_source/prompt_majority_ratio_mean:0.298 - chunk_state_source/prompt_majority_pass:1.000 - chunk_state_source_chunk/enabled:1.000 - chunk_state_source_chunk/injected_ratio:1.000 - chunk_state_source_chunk/mean_len:126.312 - chunk_state_source_chunk/candidate_index:0.000 - chunk_state_teacher_anchor/enabled:1.000 - chunk_state_teacher_anchor/replaced_ratio:1.000 - chunk_state_teacher_anchor/mean_len:126.312 - chunk_state_teacher_anchor/candidate_index:0.000 - chunk_state_answer_value_margin/group_size:32.000 - chunk_state_answer_value_margin/baseline_ratio_mean:0.298 - chunk_state_answer_value_margin/answer_coverage_mean:0.755 - chunk_state_answer_value_margin/hit_rate_mean:0.402 - chunk_state_answer_value_margin/format_rate_mean:0.755 - chunk_state_answer_value_margin/margin_mean:0.239 - chunk_state_answer_value_margin/score_mean:0.099 - chunk_state_answer_value_margin/max_margin_mean:0.440 - chunk_state_answer_value_margin/improved_state_ratio:0.625 - chunk_state_answer_value_margin/label_consistent_ratio:0.156 - chunk_state_answer_value_margin/min_margin:0.125 - chunk_state_answer_value_margin/topk:2.000 - chunk_state_answer_value_margin/format_guard:1.000 - chunk_state_probe/raw_positive_ratio:0.099 - chunk_state_score/mode_majority_completion:0.000 - chunk_state_score/mode_answer_consensus:0.000 - chunk_state_score/mode_answer_distribution:0.000 - chunk_state_score/mode_answer_value_gain:0.000 - chunk_state_score/mode_answer_value_margin:1.000 - chunk_state_probe/samples:4.000 - chunk_state_teacher_anchor/score_floor:0.500 - chunk_state_teacher_anchor/label_consistent_forced:1.000 - chunk_state_diag/boundary_mean:596.000 - chunk_state_diag/boundary_min:128.000 - chunk_state_diag/boundary_max:1024.000 - chunk_state_diag/boundary_zero_ratio:0.000 - chunk_state_diag/skipped_short_sources:0.000 - chunk_state_diag/majority_consistent_fallbacks:0.000 - chunk_state_diag/real_state_count:32.000 - chunk_state_diag/pad_state_count:0.000 - chunk_state_diag/loss_weight_mean:1.000 - chunk_state_diag/source_response_len_mean:1451.000 - chunk_state_diag/probe_score_std:0.263 - chunk_state_diag/state_probe_mean_max:0.273 - chunk_state_diag/state_probe_mean_min:0.062 - chunk_state_diag/state_all_positive_ratio:0.000 - chunk_state_diag/state_all_negative_ratio:0.000 - chunk_state_diag/state_mixed_ratio:1.000 - chunk_state_diag/source_majority_consistent_mean:1.000 - chunk_state_diag/source_prompt_majority_ratio_mean:0.298 - chunk_state_diag/source_pseudo_acc_mean:0.875 - chunk_state_diag/source_original_acc_mean:0.781 - chunk_state_diag/prompt_pseudo_mean:0.300 - chunk_state_diag/prompt_original_mean:0.292 - chunk_state_diag/prompt_original_pass:0.906 - chunk_state_diag/probe_mean_source_original_correct:0.155 - chunk_state_diag/probe_mean_source_original_wrong:0.119 - chunk_state_diag/source_original_correct_ratio:0.781 - chunk_state_diag/jsonl_rows:32.000 - chunk_state/num_states:32.000 - chunk_state/real_states:32.000 - chunk_state/pad_states:0.000 - chunk_state/num_candidates:256.000 - chunk_state/num_actor_samples:256.000 - chunk_state/loss_weight_mean:0.531 - chunk_state/base_loss_weight_mean:1.000 - chunk_state/zeroed_state_ratio:0.469 - chunk_state/confidence_gate_ratio:0.531 - chunk_state/confidence_weight_mean:1.000 - chunk_state/majority_ratio_mean:0.298 - chunk_state/answer_coverage_mean:0.755 - chunk_state/positive_ratio:0.147 - chunk_state/label_consistent_only:1.000 - chunk_state/label_consistent_ratio:0.250 - chunk_state/informative_ratio:1.000 - chunk_state/kept_state_ratio:0.531 - chunk_state/target_entropy:0.723 - chunk_state/weight_max:0.945 - chunk_state/weight_min:0.001 - chunk_state/powerflow_weight_mean:0.531 - chunk_state/powerflow_weight_max:7.563 - chunk_state/powerflow_weight_min:0.000 - chunk_state/boxed_reward_mean:0.147 - chunk_state/boxed_reward_weighted_mean:0.593 - chunk_state/actor_batch_powerflow_weight_nonzero_ratio:0.531 - chunk_state/actor_batch_powerflow_weight_shard0_mean:0.628 - chunk_state/actor_batch_powerflow_weight_shard0_nonzero_ratio:0.531 - chunk_state/actor_batch_powerflow_weight_shard_mean_low:0.417 - chunk_state/actor_batch_powerflow_weight_shard_mean_high:0.628 - chunk_state/actor_batch_powerflow_weight_zero_shard_ratio:0.000 - chunk_state_actor_span/mode_chunk:1.000 - chunk_state_actor_span/response_len_mean:124.016 - chunk_state_actor_span/truncated_ratio:0.000 - actor/pg_loss:0.034 - actor/powerflow_loss:0.034 - actor/log_prob:-0.277 - actor/old_log_prob:0.000 - actor/ref_log_prob:-0.277 - actor/ref_log_prob/std:0.249 - actor/boxed_reward/mean:0.282 - actor/boxed_reward/min:0.000 - actor/boxed_reward/max:0.781 - actor/powerflow_weight/mean:0.628 - actor/powerflow_weight/min:0.000 - actor/powerflow_weight/max:7.563 - actor/powerflow_weight/nonzero_ratio:0.531 - actor/powerflow_local_batch_size:4.000 - actor/log_z:-0.764 - actor/importance_weight:0.804 - actor/powerflow_chunk_loss_target_only:0.000 - actor/ppo_kl:0.277 - actor/ref_kl:-0.000 - actor/beta_coef:4.000 - actor/cispo_mask_ratio:0.183 - actor/cispo_dropped_tokens:91.125 - actor/condition_1_count:0.000 - actor/condition_2_count:91.125 - actor/pg_clipfrac:0.000 - actor/pg_clipfrac_lower:0.000 - actor/grad_norm:1.928 - perf/mfu/actor:0.000 - perf/max_memory_allocated_gb:162.985 - perf/max_memory_reserved_gb:176.029 - perf/cpu_memory_used_gb:788.805 - actor/lr:0.000 - timing_s/generate_sequences:18.333 - timing_s/reshard:0.559 - timing_s/gen:23.298 - timing_s/chunk_state_make_states:0.022 - timing_s/chunk_state_chunks/generate_sequences:0.550 - timing_s/chunk_state_chunks/reshard:0.414 - timing_s/chunk_state_chunks:1.025 - timing_s/chunk_state_probe/generate_sequences:5.615 - timing_s/chunk_state_probe/reshard:0.370 - timing_s/chunk_state_probe:6.920 - timing_s/chunk_state_score:8.802 - timing_s/chunk_state_build_actor_batch:0.015 - timing_s/chunk_state_ref:1.935 - timing_s/update_actor:6.008 - timing_per_token_ms/gen:0.021 - timing_per_token_ms/update_actor:0.005
[36m(TaskRunner pid=1568689)[0m 'Final validation skipped'
