MODEL_READY: /models/Qwen2.5-Math-7B
Using python: /mlx_devbox/users/quyanyi/playground/.venvs/ttrl_b200/bin/python
Using model: /models/Qwen2.5-Math-7B
Using data: /mlx_devbox/users/quyanyi/playground/TTRL/verl/data/MATH-TTT
Output directory: /tmp/ttrl_b200/checkpoints/ttrl_chunk_state_powerflow_support_flow_suffix_softmass_mid_c128_b32_r32_v64_20step_20260801
Actor offload: param=False optimizer=False activation=False
Rollout: free_cache_engine=False enforce_eager=False gpu_memory_utilization=0.86
Critic offload: param=False optimizer=False activation=False
/mlx_devbox/users/quyanyi/playground/TTRL/verl/verl/__init__.py:18: UserWarning: pkg_resources is deprecated as an API. See https://setuptools.pypa.io/en/latest/pkg_resources.html. The pkg_resources package is slated for removal as early as 2025-11-30. Refrain from using this package or pin to Setuptools<81.
  import pkg_resources
/mlx_devbox/users/quyanyi/playground/.venvs/ttrl_b200/lib/python3.11/site-packages/huggingface_hub/constants.py:298: FutureWarning: The `HF_HUB_ENABLE_HF_TRANSFER` environment variable is deprecated as 'hf_transfer' is not used anymore. Please use `HF_XET_HIGH_PERFORMANCE` instead to enable high performance transfer with Xet. Visit https://huggingface.co/docs/huggingface_hub/package_reference/environment_variables#hfxethighperformance for more details.
  warnings.warn(
2026-08-01 22:00:18,107	INFO worker.py:2024 -- Started a local Ray instance.
[36m(pid=3205517)[0m /mlx_devbox/users/quyanyi/playground/TTRL/verl/verl/__init__.py:18: UserWarning: pkg_resources is deprecated as an API. See https://setuptools.pypa.io/en/latest/pkg_resources.html. The pkg_resources package is slated for removal as early as 2025-11-30. Refrain from using this package or pin to Setuptools<81.
[36m(pid=3205517)[0m   import pkg_resources
[36m(pid=3205517)[0m /mlx_devbox/users/quyanyi/playground/.venvs/ttrl_b200/lib/python3.11/site-packages/huggingface_hub/constants.py:298: FutureWarning: The `HF_HUB_ENABLE_HF_TRANSFER` environment variable is deprecated as 'hf_transfer' is not used anymore. Please use `HF_XET_HIGH_PERFORMANCE` instead to enable high performance transfer with Xet. Visit https://huggingface.co/docs/huggingface_hub/package_reference/environment_variables#hfxethighperformance for more details.
[36m(pid=3205517)[0m   warnings.warn(
[36m(TaskRunner pid=3205517)[0m TaskRunner hostname: trial-302172199-trialrun-302172199-worker-0, PID: 3205517
[36m(TaskRunner pid=3205517)[0m {'actor_rollout_ref': {'actor': {'checkpoint': {'load_contents': ['model',
[36m(TaskRunner pid=3205517)[0m                                                                   'optimizer',
[36m(TaskRunner pid=3205517)[0m                                                                   'extra'],
[36m(TaskRunner pid=3205517)[0m                                                 'save_contents': ['model',
[36m(TaskRunner pid=3205517)[0m                                                                   'optimizer',
[36m(TaskRunner pid=3205517)[0m                                                                   'extra']},
[36m(TaskRunner pid=3205517)[0m                                  'chunk_weighted_nll_enable': False,
[36m(TaskRunner pid=3205517)[0m                                  'clip_ratio': 0.2,
[36m(TaskRunner pid=3205517)[0m                                  'clip_ratio_c': 3.0,
[36m(TaskRunner pid=3205517)[0m                                  'clip_ratio_high': 0.2,
[36m(TaskRunner pid=3205517)[0m                                  'clip_ratio_low': 0.2,
[36m(TaskRunner pid=3205517)[0m                                  'entropy_checkpointing': False,
[36m(TaskRunner pid=3205517)[0m                                  'entropy_coeff': 0,
[36m(TaskRunner pid=3205517)[0m                                  'entropy_from_logits_with_chunking': False,
[36m(TaskRunner pid=3205517)[0m                                  'fsdp_config': {'forward_prefetch': False,
[36m(TaskRunner pid=3205517)[0m                                                  'fsdp_size': -1,
[36m(TaskRunner pid=3205517)[0m                                                  'offload_policy': False,
[36m(TaskRunner pid=3205517)[0m                                                  'optimizer_offload': False,
[36m(TaskRunner pid=3205517)[0m                                                  'param_offload': False,
[36m(TaskRunner pid=3205517)[0m                                                  'reshard_after_forward': True,
[36m(TaskRunner pid=3205517)[0m                                                  'wrap_policy': {'min_num_params': 0}},
[36m(TaskRunner pid=3205517)[0m                                  'grad_clip': 1.0,
[36m(TaskRunner pid=3205517)[0m                                  'kl_loss_coef': 0.001,
[36m(TaskRunner pid=3205517)[0m                                  'kl_loss_type': 'low_var_kl',
[36m(TaskRunner pid=3205517)[0m                                  'loss_agg_mode': 'token-mean',
[36m(TaskRunner pid=3205517)[0m                                  'optim': {'lr': 5e-07,
[36m(TaskRunner pid=3205517)[0m                                            'lr_warmup_steps': -1,
[36m(TaskRunner pid=3205517)[0m                                            'lr_warmup_steps_ratio': 0.03,
[36m(TaskRunner pid=3205517)[0m                                            'min_lr_ratio': 0.0,
[36m(TaskRunner pid=3205517)[0m                                            'num_cycles': 0.5,
[36m(TaskRunner pid=3205517)[0m                                            'total_training_steps': -1,
[36m(TaskRunner pid=3205517)[0m                                            'warmup_style': 'cosine',
[36m(TaskRunner pid=3205517)[0m                                            'weight_decay': 0.01},
[36m(TaskRunner pid=3205517)[0m                                  'policy_loss': {'clip_cov_lb': 1.0,
[36m(TaskRunner pid=3205517)[0m                                                  'clip_cov_ratio': 0.0002,
[36m(TaskRunner pid=3205517)[0m                                                  'clip_cov_ub': 5.0,
[36m(TaskRunner pid=3205517)[0m                                                  'kl_cov_ratio': 0.0002,
[36m(TaskRunner pid=3205517)[0m                                                  'loss_mode': 'vanilla',
[36m(TaskRunner pid=3205517)[0m                                                  'ppo_kl_coef': 0.1},
[36m(TaskRunner pid=3205517)[0m                                  'powerflow_beta_coef': 4.0,
[36m(TaskRunner pid=3205517)[0m                                  'powerflow_chunk_loss_mode': 'standard',
[36m(TaskRunner pid=3205517)[0m                                  'powerflow_enable': True,
[36m(TaskRunner pid=3205517)[0m                                  'powerflow_init_ref_log_prob': 0.36,
[36m(TaskRunner pid=3205517)[0m                                  'powerflow_on_policy': False,
[36m(TaskRunner pid=3205517)[0m                                  'powerflow_proj_layers': 3,
[36m(TaskRunner pid=3205517)[0m                                  'powerflow_use_boxed_reward': True,
[36m(TaskRunner pid=3205517)[0m                                  'powerflow_use_chunk_weights': True,
[36m(TaskRunner pid=3205517)[0m                                  'ppo_epochs': 1,
[36m(TaskRunner pid=3205517)[0m                                  'ppo_max_token_len_per_gpu': 8192,
[36m(TaskRunner pid=3205517)[0m                                  'ppo_micro_batch_size': None,
[36m(TaskRunner pid=3205517)[0m                                  'ppo_micro_batch_size_per_gpu': 1,
[36m(TaskRunner pid=3205517)[0m                                  'ppo_mini_batch_size': 8,
[36m(TaskRunner pid=3205517)[0m                                  'profiler': {'all_ranks': False,
[36m(TaskRunner pid=3205517)[0m                                               'discrete': False,
[36m(TaskRunner pid=3205517)[0m                                               'ranks': None},
[36m(TaskRunner pid=3205517)[0m                                  'shuffle': False,
[36m(TaskRunner pid=3205517)[0m                                  'strategy': 'fsdp',
[36m(TaskRunner pid=3205517)[0m                                  'ulysses_sequence_parallel_size': 1,
[36m(TaskRunner pid=3205517)[0m                                  'use_dynamic_bsz': False,
[36m(TaskRunner pid=3205517)[0m                                  'use_kl_loss': False,
[36m(TaskRunner pid=3205517)[0m                                  'use_torch_compile': True},
[36m(TaskRunner pid=3205517)[0m                        'hybrid_engine': True,
[36m(TaskRunner pid=3205517)[0m                        'model': {'attn_implementation': 'sdpa',
[36m(TaskRunner pid=3205517)[0m                                  'custom_chat_template': None,
[36m(TaskRunner pid=3205517)[0m                                  'enable_activation_offload': False,
[36m(TaskRunner pid=3205517)[0m                                  'enable_gradient_checkpointing': True,
[36m(TaskRunner pid=3205517)[0m                                  'exclude_modules': None,
[36m(TaskRunner pid=3205517)[0m                                  'external_lib': None,
[36m(TaskRunner pid=3205517)[0m                                  'fused_kernel_options': {'impl_backend': 'triton'},
[36m(TaskRunner pid=3205517)[0m                                  'lora_alpha': 16,
[36m(TaskRunner pid=3205517)[0m                                  'lora_rank': 0,
[36m(TaskRunner pid=3205517)[0m                                  'override_config': {},
[36m(TaskRunner pid=3205517)[0m                                  'path': '/models/Qwen2.5-Math-7B',
[36m(TaskRunner pid=3205517)[0m                                  'target_modules': 'all-linear',
[36m(TaskRunner pid=3205517)[0m                                  'trust_remote_code': False,
[36m(TaskRunner pid=3205517)[0m                                  'use_fused_kernels': True,
[36m(TaskRunner pid=3205517)[0m                                  'use_liger': False,
[36m(TaskRunner pid=3205517)[0m                                  'use_remove_padding': True,
[36m(TaskRunner pid=3205517)[0m                                  'use_shm': False},
[36m(TaskRunner pid=3205517)[0m                        'ref': {'entropy_checkpointing': False,
[36m(TaskRunner pid=3205517)[0m                                'entropy_from_logits_with_chunking': False,
[36m(TaskRunner pid=3205517)[0m                                'fsdp_config': {'forward_prefetch': False,
[36m(TaskRunner pid=3205517)[0m                                                'param_offload': True,
[36m(TaskRunner pid=3205517)[0m                                                'reshard_after_forward': True,
[36m(TaskRunner pid=3205517)[0m                                                'wrap_policy': {'min_num_params': 0}},
[36m(TaskRunner pid=3205517)[0m                                'log_prob_max_token_len_per_gpu': 8192,
[36m(TaskRunner pid=3205517)[0m                                'log_prob_micro_batch_size': None,
[36m(TaskRunner pid=3205517)[0m                                'log_prob_micro_batch_size_per_gpu': 1,
[36m(TaskRunner pid=3205517)[0m                                'log_prob_use_dynamic_bsz': False,
[36m(TaskRunner pid=3205517)[0m                                'profiler': {'all_ranks': False,
[36m(TaskRunner pid=3205517)[0m                                             'discrete': False,
[36m(TaskRunner pid=3205517)[0m                                             'ranks': None},
[36m(TaskRunner pid=3205517)[0m                                'strategy': 'fsdp',
[36m(TaskRunner pid=3205517)[0m                                'ulysses_sequence_parallel_size': 1,
[36m(TaskRunner pid=3205517)[0m                                'use_torch_compile': True},
[36m(TaskRunner pid=3205517)[0m                        'rollout': {'agent': {'num_workers': 8},
[36m(TaskRunner pid=3205517)[0m                                    'calculate_log_probs': True,
[36m(TaskRunner pid=3205517)[0m                                    'disable_log_stats': True,
[36m(TaskRunner pid=3205517)[0m                                    'do_sample': True,
[36m(TaskRunner pid=3205517)[0m                                    'dtype': 'bfloat16',
[36m(TaskRunner pid=3205517)[0m                                    'enable_chunked_prefill': True,
[36m(TaskRunner pid=3205517)[0m                                    'enforce_eager': False,
[36m(TaskRunner pid=3205517)[0m                                    'engine_kwargs': {'sglang': {'attention_backend': None},
[36m(TaskRunner pid=3205517)[0m                                                      'vllm': {'attention_config': {'backend': 'FLASH_ATTN'},
[36m(TaskRunner pid=3205517)[0m                                                               'disable_mm_preprocessor_cache': False,
[36m(TaskRunner pid=3205517)[0m                                                               'swap_space': None}},
[36m(TaskRunner pid=3205517)[0m                                    'free_cache_engine': False,
[36m(TaskRunner pid=3205517)[0m                                    'gpu_memory_utilization': 0.86,
[36m(TaskRunner pid=3205517)[0m                                    'ignore_eos': False,
[36m(TaskRunner pid=3205517)[0m                                    'layered_summon': False,
[36m(TaskRunner pid=3205517)[0m                                    'load_format': 'dummy_dtensor',
[36m(TaskRunner pid=3205517)[0m                                    'log_prob_max_token_len_per_gpu': 8192,
[36m(TaskRunner pid=3205517)[0m                                    'log_prob_micro_batch_size': None,
[36m(TaskRunner pid=3205517)[0m                                    'log_prob_micro_batch_size_per_gpu': 1,
[36m(TaskRunner pid=3205517)[0m                                    'log_prob_use_dynamic_bsz': False,
[36m(TaskRunner pid=3205517)[0m                                    'logprobs': 1,
[36m(TaskRunner pid=3205517)[0m                                    'max_model_len': 4096,
[36m(TaskRunner pid=3205517)[0m                                    'max_num_batched_tokens': 65536,
[36m(TaskRunner pid=3205517)[0m                                    'max_num_seqs': 1024,
[36m(TaskRunner pid=3205517)[0m                                    'mode': 'sync',
[36m(TaskRunner pid=3205517)[0m                                    'multi_stage_wake_up': False,
[36m(TaskRunner pid=3205517)[0m                                    'multi_turn': {'completion_callback': None,
[36m(TaskRunner pid=3205517)[0m                                                   'enable': False,
[36m(TaskRunner pid=3205517)[0m                                                   'format': 'hermes',
[36m(TaskRunner pid=3205517)[0m                                                   'interaction_config_path': None,
[36m(TaskRunner pid=3205517)[0m                                                   'max_assistant_turns': None,
[36m(TaskRunner pid=3205517)[0m                                                   'max_parallel_calls': 1,
[36m(TaskRunner pid=3205517)[0m                                                   'max_tool_response_length': 256,
[36m(TaskRunner pid=3205517)[0m                                                   'max_user_turns': None,
[36m(TaskRunner pid=3205517)[0m                                                   'tokenization_sanity_check_mode': 'strict',
[36m(TaskRunner pid=3205517)[0m                                                   'tool_config_path': None,
[36m(TaskRunner pid=3205517)[0m                                                   'tool_response_truncate_side': 'middle',
[36m(TaskRunner pid=3205517)[0m                                                   'use_inference_chat_template': False},
[36m(TaskRunner pid=3205517)[0m                                    'n': 32,
[36m(TaskRunner pid=3205517)[0m                                    'name': 'vllm',
[36m(TaskRunner pid=3205517)[0m                                    'profiler': {'all_ranks': False,
[36m(TaskRunner pid=3205517)[0m                                                 'discrete': False,
[36m(TaskRunner pid=3205517)[0m                                                 'ranks': None},
[36m(TaskRunner pid=3205517)[0m                                    'prompt_length': 1024,
[36m(TaskRunner pid=3205517)[0m                                    'response_length': 3072,
[36m(TaskRunner pid=3205517)[0m                                    'temperature': 1.0,
[36m(TaskRunner pid=3205517)[0m                                    'tensor_model_parallel_size': 1,
[36m(TaskRunner pid=3205517)[0m                                    'top_k': -1,
[36m(TaskRunner pid=3205517)[0m                                    'top_p': 1,
[36m(TaskRunner pid=3205517)[0m                                    'use_rollout_log_probs_as_old': True,
[36m(TaskRunner pid=3205517)[0m                                    'val_kwargs': {'do_sample': True,
[36m(TaskRunner pid=3205517)[0m                                                   'n': 16,
[36m(TaskRunner pid=3205517)[0m                                                   'temperature': 0.6,
[36m(TaskRunner pid=3205517)[0m                                                   'top_k': -1,
[36m(TaskRunner pid=3205517)[0m                                                   'top_p': 0.95}}},
[36m(TaskRunner pid=3205517)[0m  'algorithm': {'adv_estimator': 'grpo',
[36m(TaskRunner pid=3205517)[0m                'gamma': 1.0,
[36m(TaskRunner pid=3205517)[0m                'kl_ctrl': {'horizon': 10000,
[36m(TaskRunner pid=3205517)[0m                            'kl_coef': 0.0,
[36m(TaskRunner pid=3205517)[0m                            'target_kl': 0.1,
[36m(TaskRunner pid=3205517)[0m                            'type': 'fixed'},
[36m(TaskRunner pid=3205517)[0m                'kl_penalty': 'kl',
[36m(TaskRunner pid=3205517)[0m                'lam': 1.0,
[36m(TaskRunner pid=3205517)[0m                'norm_adv_by_std_in_grpo': True,
[36m(TaskRunner pid=3205517)[0m                'pf_ppo': {'reweight_method': 'pow', 'weight_pow': 2.0},
[36m(TaskRunner pid=3205517)[0m                'use_kl_in_reward': False,
[36m(TaskRunner pid=3205517)[0m                'use_pf_ppo': False},
[36m(TaskRunner pid=3205517)[0m  'critic': {'checkpoint': {'load_contents': ['model', 'optimizer', 'extra'],
[36m(TaskRunner pid=3205517)[0m                            'save_contents': ['model', 'optimizer', 'extra']},
[36m(TaskRunner pid=3205517)[0m             'cliprange_value': 0.5,
[36m(TaskRunner pid=3205517)[0m             'forward_max_token_len_per_gpu': 32768,
[36m(TaskRunner pid=3205517)[0m             'forward_micro_batch_size': None,
[36m(TaskRunner pid=3205517)[0m             'forward_micro_batch_size_per_gpu': 1,
[36m(TaskRunner pid=3205517)[0m             'grad_clip': 1.0,
[36m(TaskRunner pid=3205517)[0m             'loss_agg_mode': 'token-mean',
[36m(TaskRunner pid=3205517)[0m             'model': {'attn_implementation': 'sdpa',
[36m(TaskRunner pid=3205517)[0m                       'enable_activation_offload': False,
[36m(TaskRunner pid=3205517)[0m                       'enable_gradient_checkpointing': True,
[36m(TaskRunner pid=3205517)[0m                       'external_lib': None,
[36m(TaskRunner pid=3205517)[0m                       'fsdp_config': {'forward_prefetch': False,
[36m(TaskRunner pid=3205517)[0m                                       'fsdp_size': -1,
[36m(TaskRunner pid=3205517)[0m                                       'offload_policy': False,
[36m(TaskRunner pid=3205517)[0m                                       'optimizer_offload': False,
[36m(TaskRunner pid=3205517)[0m                                       'param_offload': False,
[36m(TaskRunner pid=3205517)[0m                                       'reshard_after_forward': True,
[36m(TaskRunner pid=3205517)[0m                                       'wrap_policy': {'min_num_params': 0}},
[36m(TaskRunner pid=3205517)[0m                       'lora_alpha': 16,
[36m(TaskRunner pid=3205517)[0m                       'lora_rank': 0,
[36m(TaskRunner pid=3205517)[0m                       'override_config': {},
[36m(TaskRunner pid=3205517)[0m                       'path': '/models/Qwen2.5-Math-7B',
[36m(TaskRunner pid=3205517)[0m                       'target_modules': 'all-linear',
[36m(TaskRunner pid=3205517)[0m                       'tokenizer_path': '/models/Qwen2.5-Math-7B',
[36m(TaskRunner pid=3205517)[0m                       'trust_remote_code': False,
[36m(TaskRunner pid=3205517)[0m                       'use_remove_padding': True,
[36m(TaskRunner pid=3205517)[0m                       'use_shm': False},
[36m(TaskRunner pid=3205517)[0m             'optim': {'lr': 9e-06,
[36m(TaskRunner pid=3205517)[0m                       'lr_warmup_steps_ratio': 0.0,
[36m(TaskRunner pid=3205517)[0m                       'min_lr_ratio': None,
[36m(TaskRunner pid=3205517)[0m                       'total_training_steps': -1,
[36m(TaskRunner pid=3205517)[0m                       'warmup_style': 'constant',
[36m(TaskRunner pid=3205517)[0m                       'weight_decay': 0.01},
[36m(TaskRunner pid=3205517)[0m             'ppo_epochs': 1,
[36m(TaskRunner pid=3205517)[0m             'ppo_max_token_len_per_gpu': 32768,
[36m(TaskRunner pid=3205517)[0m             'ppo_micro_batch_size': None,
[36m(TaskRunner pid=3205517)[0m             'ppo_micro_batch_size_per_gpu': 1,
[36m(TaskRunner pid=3205517)[0m             'ppo_mini_batch_size': 8,
[36m(TaskRunner pid=3205517)[0m             'profiler': {'all_ranks': False, 'discrete': False, 'ranks': None},
[36m(TaskRunner pid=3205517)[0m             'rollout_n': 32,
[36m(TaskRunner pid=3205517)[0m             'shuffle': False,
[36m(TaskRunner pid=3205517)[0m             'strategy': 'fsdp',
[36m(TaskRunner pid=3205517)[0m             'ulysses_sequence_parallel_size': 1,
[36m(TaskRunner pid=3205517)[0m             'use_dynamic_bsz': False},
[36m(TaskRunner pid=3205517)[0m  'custom_reward_function': {'name': 'reward_func',
[36m(TaskRunner pid=3205517)[0m                             'path': './verl/utils/reward_score/ttrl_math/__init__.py'},
[36m(TaskRunner pid=3205517)[0m  'data': {'custom_cls': {'name': None, 'path': None},
[36m(TaskRunner pid=3205517)[0m           'filter_overlong_prompts': True,
[36m(TaskRunner pid=3205517)[0m           'filter_overlong_prompts_workers': 1,
[36m(TaskRunner pid=3205517)[0m           'image_key': 'images',
[36m(TaskRunner pid=3205517)[0m           'max_prompt_length': 1024,
[36m(TaskRunner pid=3205517)[0m           'max_response_length': 3072,
[36m(TaskRunner pid=3205517)[0m           'prompt_key': 'prompt',
[36m(TaskRunner pid=3205517)[0m           'return_full_prompt': False,
[36m(TaskRunner pid=3205517)[0m           'return_raw_chat': False,
[36m(TaskRunner pid=3205517)[0m           'return_raw_input_ids': False,
[36m(TaskRunner pid=3205517)[0m           'reward_fn_key': 'data_source',
[36m(TaskRunner pid=3205517)[0m           'shuffle': True,
[36m(TaskRunner pid=3205517)[0m           'tokenizer': None,
[36m(TaskRunner pid=3205517)[0m           'train_batch_size': 32,
[36m(TaskRunner pid=3205517)[0m           'train_files': ['/mlx_devbox/users/quyanyi/playground/TTRL/verl/data/MATH-TTT/train.parquet'],
[36m(TaskRunner pid=3205517)[0m           'truncation': 'error',
[36m(TaskRunner pid=3205517)[0m           'trust_remote_code': False,
[36m(TaskRunner pid=3205517)[0m           'use_shm': False,
[36m(TaskRunner pid=3205517)[0m           'val_batch_size': None,
[36m(TaskRunner pid=3205517)[0m           'val_files': ['/mlx_devbox/users/quyanyi/playground/TTRL/verl/data/MATH-TTT/test.parquet'],
[36m(TaskRunner pid=3205517)[0m           'validation_shuffle': False,
[36m(TaskRunner pid=3205517)[0m           'video_key': 'videos'},
[36m(TaskRunner pid=3205517)[0m  'ray_init': {'num_cpus': None, 'timeline_json_file': None},
[36m(TaskRunner pid=3205517)[0m  'reward_model': {'enable': False,
[36m(TaskRunner pid=3205517)[0m                   'forward_max_token_len_per_gpu': 32768,
[36m(TaskRunner pid=3205517)[0m                   'launch_reward_fn_async': False,
[36m(TaskRunner pid=3205517)[0m                   'max_length': None,
[36m(TaskRunner pid=3205517)[0m                   'micro_batch_size': None,
[36m(TaskRunner pid=3205517)[0m                   'micro_batch_size_per_gpu': None,
[36m(TaskRunner pid=3205517)[0m                   'model': {'attn_implementation': 'sdpa',
[36m(TaskRunner pid=3205517)[0m                             'external_lib': None,
[36m(TaskRunner pid=3205517)[0m                             'fsdp_config': {'forward_prefetch': False,
[36m(TaskRunner pid=3205517)[0m                                             'fsdp_size': -1,
[36m(TaskRunner pid=3205517)[0m                                             'param_offload': False,
[36m(TaskRunner pid=3205517)[0m                                             'reshard_after_forward': True,
[36m(TaskRunner pid=3205517)[0m                                             'wrap_policy': {'min_num_params': 0}},
[36m(TaskRunner pid=3205517)[0m                             'input_tokenizer': '/models/Qwen2.5-Math-7B',
[36m(TaskRunner pid=3205517)[0m                             'path': '~/models/FsfairX-LLaMA3-RM-v0.1',
[36m(TaskRunner pid=3205517)[0m                             'trust_remote_code': False,
[36m(TaskRunner pid=3205517)[0m                             'use_fused_kernels': True,
[36m(TaskRunner pid=3205517)[0m                             'use_remove_padding': False,
[36m(TaskRunner pid=3205517)[0m                             'use_shm': False},
[36m(TaskRunner pid=3205517)[0m                   'num_processes': 128,
[36m(TaskRunner pid=3205517)[0m                   'profiler': {'all_ranks': False,
[36m(TaskRunner pid=3205517)[0m                                'discrete': False,
[36m(TaskRunner pid=3205517)[0m                                'ranks': None},
[36m(TaskRunner pid=3205517)[0m                   'reward_manager': 'prime',
[36m(TaskRunner pid=3205517)[0m                   'sandbox_fusion': {'max_concurrent': 64,
[36m(TaskRunner pid=3205517)[0m                                      'memory_limit_mb': 1024,
[36m(TaskRunner pid=3205517)[0m                                      'url': None},
[36m(TaskRunner pid=3205517)[0m                   'strategy': 'fsdp',
[36m(TaskRunner pid=3205517)[0m                   'ulysses_sequence_parallel_size': 1,
[36m(TaskRunner pid=3205517)[0m                   'use_dynamic_bsz': False},
[36m(TaskRunner pid=3205517)[0m  'trainer': {'balance_batch': True,
[36m(TaskRunner pid=3205517)[0m              'controller_nsight_options': {'cuda-graph-trace': 'graph',
[36m(TaskRunner pid=3205517)[0m                                            'cuda-memory-usage': 'true',
[36m(TaskRunner pid=3205517)[0m                                            'trace': 'cuda,nvtx,cublas,ucx'},
[36m(TaskRunner pid=3205517)[0m              'critic_warmup': 0,
[36m(TaskRunner pid=3205517)[0m              'default_hdfs_dir': None,
[36m(TaskRunner pid=3205517)[0m              'default_local_dir': '/tmp/ttrl_b200/checkpoints/ttrl_chunk_state_powerflow_support_flow_suffix_softmass_mid_c128_b32_r32_v64_20step_20260801',
[36m(TaskRunner pid=3205517)[0m              'del_local_ckpt_after_load': False,
[36m(TaskRunner pid=3205517)[0m              'device': 'cuda',
[36m(TaskRunner pid=3205517)[0m              'esi_redundant_time': 0,
[36m(TaskRunner pid=3205517)[0m              'experiment_name': '0801-ttrl_chunk_state_powerflow_support_flow_suffix_softmass_mid_c128_b32_r32_v64_20step_20260801-MATH-TTT-Qwen2.5-Math-7B-support-flow-suffix-softmass-20step-gate',
[36m(TaskRunner pid=3205517)[0m              'final_val_enable': False,
[36m(TaskRunner pid=3205517)[0m              'log_val_generations': 0,
[36m(TaskRunner pid=3205517)[0m              'logger': ['console'],
[36m(TaskRunner pid=3205517)[0m              'max_actor_ckpt_to_keep': 0,
[36m(TaskRunner pid=3205517)[0m              'max_critic_ckpt_to_keep': 0,
[36m(TaskRunner pid=3205517)[0m              'n_gpus_per_node': 8,
[36m(TaskRunner pid=3205517)[0m              'nnodes': 1,
[36m(TaskRunner pid=3205517)[0m              'profile_steps': None,
[36m(TaskRunner pid=3205517)[0m              'project_name': 'TTRL-verl-local',
[36m(TaskRunner pid=3205517)[0m              'ray_wait_register_center_timeout': 300,
[36m(TaskRunner pid=3205517)[0m              'resume_from_path': None,
[36m(TaskRunner pid=3205517)[0m              'resume_mode': 'auto',
[36m(TaskRunner pid=3205517)[0m              'rollout_data_dir': None,
[36m(TaskRunner pid=3205517)[0m              'save_freq': -1,
[36m(TaskRunner pid=3205517)[0m              'test_freq': 20,
[36m(TaskRunner pid=3205517)[0m              'total_epochs': 1,
[36m(TaskRunner pid=3205517)[0m              'total_training_steps': 20,
[36m(TaskRunner pid=3205517)[0m              'val_before_train': False,
[36m(TaskRunner pid=3205517)[0m              'val_only': False,
[36m(TaskRunner pid=3205517)[0m              'validation_data_dir': None,
[36m(TaskRunner pid=3205517)[0m              'validation_metric_dump_path': None,
[36m(TaskRunner pid=3205517)[0m              'worker_nsight_options': {'capture-range': 'cudaProfilerApi',
[36m(TaskRunner pid=3205517)[0m                                        'capture-range-end': None,
[36m(TaskRunner pid=3205517)[0m                                        'cuda-graph-trace': 'graph',
[36m(TaskRunner pid=3205517)[0m                                        'cuda-memory-usage': 'true',
[36m(TaskRunner pid=3205517)[0m                                        'kill': 'none',
[36m(TaskRunner pid=3205517)[0m                                        'trace': 'cuda,nvtx,cublas,ucx'}},
[36m(TaskRunner pid=3205517)[0m  'ttrl': {'chunk_state_actor_span': 'chunk',
[36m(TaskRunner pid=3205517)[0m           'chunk_state_alpha': 2.0,
[36m(TaskRunner pid=3205517)[0m           'chunk_state_answer_source_consistency_enable': False,
[36m(TaskRunner pid=3205517)[0m           'chunk_state_answer_support_min_mass': 0.0,
[36m(TaskRunner pid=3205517)[0m           'chunk_state_answer_support_score': 'mass',
[36m(TaskRunner pid=3205517)[0m           'chunk_state_boundaries': [0, 256, 512, 768, 1024],
[36m(TaskRunner pid=3205517)[0m           'chunk_state_boundary_mode': 'mid',
[36m(TaskRunner pid=3205517)[0m           'chunk_state_candidates': 8,
[36m(TaskRunner pid=3205517)[0m           'chunk_state_chunk_size': 128,
[36m(TaskRunner pid=3205517)[0m           'chunk_state_confidence_power': 0.0,
[36m(TaskRunner pid=3205517)[0m           'chunk_state_diag_enable': True,
[36m(TaskRunner pid=3205517)[0m           'chunk_state_diag_jsonl': '/mlx_devbox/users/quyanyi/playground/TTRL/important_experiment_logs/chunk_state_diag/ttrl_chunk_state_powerflow_support_flow_suffix_softmass_mid_c128_b32_r32_v64_20step_20260801.jsonl',
[36m(TaskRunner pid=3205517)[0m           'chunk_state_enable': True,
[36m(TaskRunner pid=3205517)[0m           'chunk_state_eps': 0.05,
[36m(TaskRunner pid=3205517)[0m           'chunk_state_future_support_baseline_scale': 1.0,
[36m(TaskRunner pid=3205517)[0m           'chunk_state_future_support_gain_slack': 0.125,
[36m(TaskRunner pid=3205517)[0m           'chunk_state_future_support_max_mass_coef': 0.25,
[36m(TaskRunner pid=3205517)[0m           'chunk_state_future_support_max_state_oov': 1.0,
[36m(TaskRunner pid=3205517)[0m           'chunk_state_future_support_min_candidate_coverage': 0.0,
[36m(TaskRunner pid=3205517)[0m           'chunk_state_future_support_min_candidate_mean_mass': 0.0,
[36m(TaskRunner pid=3205517)[0m           'chunk_state_future_support_min_mass': 0.03125,
[36m(TaskRunner pid=3205517)[0m           'chunk_state_future_support_min_positive_margin': 0.0,
[36m(TaskRunner pid=3205517)[0m           'chunk_state_future_support_min_state_coverage': 0.0,
[36m(TaskRunner pid=3205517)[0m           'chunk_state_future_support_min_state_max_mass': 0.0,
[36m(TaskRunner pid=3205517)[0m           'chunk_state_future_support_min_state_mean_mass': 0.0,
[36m(TaskRunner pid=3205517)[0m           'chunk_state_future_support_min_state_top_margin': 0.0,
[36m(TaskRunner pid=3205517)[0m           'chunk_state_future_support_prior_smoothing': 0.0,
[36m(TaskRunner pid=3205517)[0m           'chunk_state_future_support_score_type': 'slack_gain',
[36m(TaskRunner pid=3205517)[0m           'chunk_state_future_support_source_prior_weight': 2.0,
[36m(TaskRunner pid=3205517)[0m           'chunk_state_label_consistent_only': False,
[36m(TaskRunner pid=3205517)[0m           'chunk_state_max_prefix_tokens': 1024,
[36m(TaskRunner pid=3205517)[0m           'chunk_state_mid_boundary_max_ratio': 0.7,
[36m(TaskRunner pid=3205517)[0m           'chunk_state_mid_boundary_min_ratio': 0.25,
[36m(TaskRunner pid=3205517)[0m           'chunk_state_min_answer_coverage': 0.0,
[36m(TaskRunner pid=3205517)[0m           'chunk_state_min_boundary': 0,
[36m(TaskRunner pid=3205517)[0m           'chunk_state_min_informative_gap': 0.001,
[36m(TaskRunner pid=3205517)[0m           'chunk_state_min_majority_ratio': 0.0,
[36m(TaskRunner pid=3205517)[0m           'chunk_state_min_prompt_top_mass': 0.35,
[36m(TaskRunner pid=3205517)[0m           'chunk_state_min_source_answer_mass': 0.4,
[36m(TaskRunner pid=3205517)[0m           'chunk_state_powerflow_weight_clip': 4.0,
[36m(TaskRunner pid=3205517)[0m           'chunk_state_powerflow_weight_clip_renorm': True,
[36m(TaskRunner pid=3205517)[0m           'chunk_state_probe_max_tokens': 1,
[36m(TaskRunner pid=3205517)[0m           'chunk_state_probe_samples': 1,
[36m(TaskRunner pid=3205517)[0m           'chunk_state_prune_zero_weight_samples': True,
[36m(TaskRunner pid=3205517)[0m           'chunk_state_score_mode': 'support_flow',
[36m(TaskRunner pid=3205517)[0m           'chunk_state_skip_all_negative': False,
[36m(TaskRunner pid=3205517)[0m           'chunk_state_skip_uniform': False,
[36m(TaskRunner pid=3205517)[0m           'chunk_state_source_chunk_candidate_index': 0,
[36m(TaskRunner pid=3205517)[0m           'chunk_state_source_chunk_enable': True,
[36m(TaskRunner pid=3205517)[0m           'chunk_state_source_mode': 'majority_consistent',
[36m(TaskRunner pid=3205517)[0m           'chunk_state_source_select_by_mass': True,
[36m(TaskRunner pid=3205517)[0m           'chunk_state_staged_probe_enable': False,
[36m(TaskRunner pid=3205517)[0m Setting TOKENIZERS_PARALLELISM=false for forked processes.
[36m(TaskRunner pid=3205517)[0m WARNING:2026-08-01 22:00:50,873:Setting TOKENIZERS_PARALLELISM=false for forked processes.
[36m(TaskRunner pid=3205517)[0m Filtering prompts longer than 1024 tokens (num_proc=1):   0%|          | 0/500 [00:00<?, ? examples/s]
[36m(TaskRunner pid=3205517)[0m Filtering prompts longer than 1024 tokens (num_proc=1): 100%|██████████| 500/500 [00:01<00:00, 296.71 examples/s]
[36m(TaskRunner pid=3205517)[0m Filtering prompts longer than 1024 tokens (num_proc=1): 100%|██████████| 500/500 [00:01<00:00, 274.96 examples/s]
[36m(TaskRunner pid=3205517)[0m Setting TOKENIZERS_PARALLELISM=false for forked processes.
[36m(TaskRunner pid=3205517)[0m WARNING:2026-08-01 22:00:53,801:Setting TOKENIZERS_PARALLELISM=false for forked processes.
[36m(TaskRunner pid=3205517)[0m Filtering prompts longer than 1024 tokens (num_proc=1):   0%|          | 0/500 [00:00<?, ? examples/s]
[36m(TaskRunner pid=3205517)[0m Filtering prompts longer than 1024 tokens (num_proc=1): 100%|██████████| 500/500 [00:01<00:00, 295.60 examples/s]
[36m(TaskRunner pid=3205517)[0m Filtering prompts longer than 1024 tokens (num_proc=1): 100%|██████████| 500/500 [00:01<00:00, 274.58 examples/s]
[36m(TaskRunner pid=3205517)[0m DeprecationWarning: `ray.state.available_resources_per_node` is a private attribute and access will be removed in a future Ray version.
[36m(pid=3205519)[0m /mlx_devbox/users/quyanyi/playground/TTRL/verl/verl/__init__.py:18: UserWarning: pkg_resources is deprecated as an API. See https://setuptools.pypa.io/en/latest/pkg_resources.html. The pkg_resources package is slated for removal as early as 2025-11-30. Refrain from using this package or pin to Setuptools<81.
[36m(pid=3205519)[0m   import pkg_resources
[36m(pid=3205519)[0m /mlx_devbox/users/quyanyi/playground/.venvs/ttrl_b200/lib/python3.11/site-packages/huggingface_hub/constants.py:298: FutureWarning: The `HF_HUB_ENABLE_HF_TRANSFER` environment variable is deprecated as 'hf_transfer' is not used anymore. Please use `HF_XET_HIGH_PERFORMANCE` instead to enable high performance transfer with Xet. Visit https://huggingface.co/docs/huggingface_hub/package_reference/environment_variables#hfxethighperformance for more details.
[36m(pid=3205519)[0m   warnings.warn(
[36m(pid=3205525)[0m /mlx_devbox/users/quyanyi/playground/TTRL/verl/verl/__init__.py:18: UserWarning: pkg_resources is deprecated as an API. See https://setuptools.pypa.io/en/latest/pkg_resources.html. The pkg_resources package is slated for removal as early as 2025-11-30. Refrain from using this package or pin to Setuptools<81.[32m [repeated 7x across cluster] (Ray deduplicates logs by default. Set RAY_DEDUP_LOGS=0 to disable log deduplication, or see https://docs.ray.io/en/master/ray-observability/user-guides/configure-logging.html#log-deduplication for more options.)[0m
[36m(pid=3205525)[0m   import pkg_resources[32m [repeated 7x across cluster][0m
[36m(WorkerDict pid=3205519)[0m WARNING:2026-08-01 22:01:15,693:Initializing torch.distributed: rank=0 world_size=8 init_method=tcp://[fdbd:dc61:ff:f000:ffff:ffff:0:16]:60105 master=fdbd:dc61:ff:f000:ffff:ffff:0:16:60105
[36m(pid=3205525)[0m /mlx_devbox/users/quyanyi/playground/.venvs/ttrl_b200/lib/python3.11/site-packages/huggingface_hub/constants.py:298: FutureWarning: The `HF_HUB_ENABLE_HF_TRANSFER` environment variable is deprecated as 'hf_transfer' is not used anymore. Please use `HF_XET_HIGH_PERFORMANCE` instead to enable high performance transfer with Xet. Visit https://huggingface.co/docs/huggingface_hub/package_reference/environment_variables#hfxethighperformance for more details.[32m [repeated 7x across cluster][0m
[36m(pid=3205525)[0m   warnings.warn([32m [repeated 7x across cluster][0m
[36m(WorkerDict pid=3205519)[0m [W801 22:01:18.361206442 ProcessGroupNCCL.cpp:932] Warning: TORCH_NCCL_AVOID_RECORD_STREAMS is the default now, this environment variable is thus deprecated. (function operator())
[36m(TaskRunner pid=3205517)[0m           'chunk_state_staged_probe_extra_max_tokens': 1,
[36m(TaskRunner pid=3205517)[0m           'chunk_state_staged_probe_extra_samples': 4,
[36m(TaskRunner pid=3205517)[0m           'chunk_state_staged_probe_merge_mode': 'repeat_base',
[36m(TaskRunner pid=3205517)[0m           'chunk_state_staged_probe_topk': 2,
[36m(TaskRunner pid=3205517)[0m           'chunk_state_states_per_prompt': 1,
[36m(TaskRunner pid=3205517)[0m           'chunk_state_support_anchor_candidate_start': 1,
[36m(TaskRunner pid=3205517)[0m           'chunk_state_support_anchor_count': 7,
[36m(TaskRunner pid=3205517)[0m           'chunk_state_support_anchor_enable': True,
[36m(TaskRunner pid=3205517)[0m           'chunk_state_support_anchor_min_mass': 0.03125,
[36m(TaskRunner pid=3205517)[0m           'chunk_state_support_anchor_min_prefix_match': 0.75,
[36m(TaskRunner pid=3205517)[0m           'chunk_state_support_anchor_prefix_compat_enable': False,
[36m(TaskRunner pid=3205517)[0m           'chunk_state_support_anchor_prefix_compat_tokens': 128,
[36m(TaskRunner pid=3205517)[0m           'chunk_state_support_anchor_skip_source': True,
[36m(TaskRunner pid=3205517)[0m           'chunk_state_support_flow_baseline_scale': 1.0,
[36m(TaskRunner pid=3205517)[0m           'chunk_state_support_flow_gain_slack': 0.0,
[36m(TaskRunner pid=3205517)[0m           'chunk_state_support_flow_min_positive_margin': 0.0,
[36m(TaskRunner pid=3205517)[0m           'chunk_state_support_flow_score_type': 'soft_mass',
[36m(TaskRunner pid=3205517)[0m           'chunk_state_support_flow_source_prior_weight': 1.0,
[36m(TaskRunner pid=3205517)[0m           'chunk_state_target_guard_anchor': True,
[36m(TaskRunner pid=3205517)[0m           'chunk_state_target_guard_bad_probe_ratio': 0.5,
[36m(TaskRunner pid=3205517)[0m           'chunk_state_target_guard_candidate_assistant_marker': True,
[36m(TaskRunner pid=3205517)[0m           'chunk_state_target_guard_candidate_enable': False,
[36m(TaskRunner pid=3205517)[0m           'chunk_state_target_guard_candidate_max_boxed_count': 1,
[36m(TaskRunner pid=3205517)[0m           'chunk_state_target_guard_enable': False,
[36m(TaskRunner pid=3205517)[0m           'chunk_state_target_guard_max_boxed_count': 2,
[36m(TaskRunner pid=3205517)[0m           'chunk_state_target_guard_min_answer_mass': 0.0,
[36m(TaskRunner pid=3205517)[0m           'chunk_state_target_guard_use_distribution_score': False,
[36m(TaskRunner pid=3205517)[0m           'chunk_state_target_guard_use_mass_gain': False,
[36m(TaskRunner pid=3205517)[0m           'chunk_state_teacher_anchor_candidate_index': 0,
[36m(TaskRunner pid=3205517)[0m           'chunk_state_teacher_anchor_enable': False,
[36m(TaskRunner pid=3205517)[0m           'chunk_state_teacher_anchor_score': 1.0,
[36m(TaskRunner pid=3205517)[0m           'chunk_state_zero_inconsistent_candidates': False,
[36m(TaskRunner pid=3205517)[0m           'enable': True,
[36m(TaskRunner pid=3205517)[0m           'majority_vote_num_processes': 64,
[36m(TaskRunner pid=3205517)[0m           'n_samples_per_prompt': 32,
[36m(TaskRunner pid=3205517)[0m           'n_votes_per_prompt': 64,
[36m(TaskRunner pid=3205517)[0m           'powerflow_no_majority': False,
[36m(TaskRunner pid=3205517)[0m           'sharpened_alpha': 2.0,
[36m(TaskRunner pid=3205517)[0m           'sharpened_conf_temperature': 1.0,
[36m(TaskRunner pid=3205517)[0m           'sharpened_enable': False,
[36m(TaskRunner pid=3205517)[0m           'sharpened_negative_enable': True,
[36m(TaskRunner pid=3205517)[0m           'sharpened_negative_reward': -0.25,
[36m(TaskRunner pid=3205517)[0m           'sharpened_reward_mode': 'prob',
[36m(TaskRunner pid=3205517)[0m           'sharpened_soft_coef': 0.25,
[36m(TaskRunner pid=3205517)[0m           'sharpened_tau_low': 0.125,
[36m(TaskRunner pid=3205517)[0m           'sharpened_tau_marg': 0.125,
[36m(TaskRunner pid=3205517)[0m           'sharpened_tau_pos': 0.375,
[36m(TaskRunner pid=3205517)[0m           'sharpened_use_confidence': True}}
[36m(TaskRunner pid=3205517)[0m using customized reward function 'reward_func' from './verl/utils/reward_score/ttrl_math/__init__.py'
[36m(TaskRunner pid=3205517)[0m using customized reward function 'reward_func' from './verl/utils/reward_score/ttrl_math/__init__.py'
[36m(TaskRunner pid=3205517)[0m Using dataset class: RLHFDataset
[36m(TaskRunner pid=3205517)[0m dataset len: 500
[36m(TaskRunner pid=3205517)[0m filter dataset len: 500
[36m(TaskRunner pid=3205517)[0m Using dataset class: RLHFDataset
[36m(TaskRunner pid=3205517)[0m dataset len: 500
[36m(TaskRunner pid=3205517)[0m filter dataset len: 500
[36m(TaskRunner pid=3205517)[0m [validate_config] All configuration checks passed successfully!
[36m(TaskRunner pid=3205517)[0m Size of train dataloader: 15, Size of val dataloader: 1
[36m(TaskRunner pid=3205517)[0m Total training steps: 20
[36m(TaskRunner pid=3205517)[0m colocated worker base class <class 'verl.single_controller.base.worker.Worker'>
[36m(WorkerDict pid=3205519)[0m Model config after override: Qwen2Config {
[36m(WorkerDict pid=3205519)[0m   "architectures": [
[36m(WorkerDict pid=3205519)[0m     "Qwen2ForCausalLM"
[36m(WorkerDict pid=3205519)[0m   ],
[36m(WorkerDict pid=3205519)[0m   "attention_dropout": 0.0,
[36m(WorkerDict pid=3205519)[0m   "bos_token_id": null,
[36m(WorkerDict pid=3205519)[0m   "dtype": "bfloat16",
[36m(WorkerDict pid=3205519)[0m   "eos_token_id": 151643,
[36m(WorkerDict pid=3205519)[0m   "hidden_act": "silu",
[36m(WorkerDict pid=3205519)[0m   "hidden_size": 3584,
[36m(WorkerDict pid=3205519)[0m   "initializer_range": 0.02,
[36m(WorkerDict pid=3205519)[0m   "intermediate_size": 18944,
[36m(WorkerDict pid=3205519)[0m   "layer_types": [
[36m(WorkerDict pid=3205519)[0m     "full_attention",
[36m(WorkerDict pid=3205519)[0m     "full_attention",
[36m(WorkerDict pid=3205519)[0m     "full_attention",
[36m(WorkerDict pid=3205519)[0m     "full_attention",
[36m(WorkerDict pid=3205519)[0m     "full_attention",
[36m(WorkerDict pid=3205519)[0m     "full_attention",
[36m(WorkerDict pid=3205519)[0m     "full_attention",
[36m(WorkerDict pid=3205519)[0m     "full_attention",
[36m(WorkerDict pid=3205519)[0m     "full_attention",
[36m(WorkerDict pid=3205519)[0m     "full_attention",
[36m(WorkerDict pid=3205519)[0m     "full_attention",
[36m(WorkerDict pid=3205519)[0m     "full_attention",
[36m(WorkerDict pid=3205519)[0m     "full_attention",
[36m(WorkerDict pid=3205519)[0m     "full_attention",
[36m(WorkerDict pid=3205519)[0m     "full_attention",
[36m(WorkerDict pid=3205519)[0m     "full_attention",
[36m(WorkerDict pid=3205519)[0m     "full_attention",
[36m(WorkerDict pid=3205519)[0m     "full_attention",
[36m(WorkerDict pid=3205519)[0m     "full_attention",
[36m(WorkerDict pid=3205519)[0m     "full_attention",
[36m(WorkerDict pid=3205519)[0m     "full_attention",
[36m(WorkerDict pid=3205519)[0m     "full_attention",
[36m(WorkerDict pid=3205519)[0m     "full_attention",
[36m(WorkerDict pid=3205519)[0m     "full_attention",
[36m(WorkerDict pid=3205519)[0m     "full_attention",
[36m(WorkerDict pid=3205519)[0m     "full_attention",
[36m(WorkerDict pid=3205519)[0m     "full_attention",
[36m(WorkerDict pid=3205519)[0m     "full_attention"
[36m(WorkerDict pid=3205519)[0m   ],
[36m(WorkerDict pid=3205519)[0m   "max_position_embeddings": 4096,
[36m(WorkerDict pid=3205519)[0m   "max_window_layers": 28,
[36m(WorkerDict pid=3205519)[0m   "model_type": "qwen2",
[36m(WorkerDict pid=3205519)[0m   "num_attention_heads": 28,
[36m(WorkerDict pid=3205519)[0m   "num_hidden_layers": 28,
[36m(WorkerDict pid=3205519)[0m   "num_key_value_heads": 4,
[36m(WorkerDict pid=3205519)[0m   "pad_token_id": 151643,
[36m(WorkerDict pid=3205519)[0m   "rms_norm_eps": 1e-06,
[36m(WorkerDict pid=3205519)[0m   "rope_parameters": {
[36m(WorkerDict pid=3205519)[0m     "rope_theta": 10000,
[36m(WorkerDict pid=3205519)[0m     "rope_type": "default"
[36m(WorkerDict pid=3205519)[0m Loading weights:   0%|          | 0/339 [00:00<?, ?it/s]Loading weights: 100%|██████████| 339/339 [00:00<00:00, 11331.71it/s]
[36m(WorkerDict pid=3205523)[0m Loading weights:   0%|          | 0/339 [00:00<?, ?it/s]
[36m(WorkerDict pid=3205523)[0m Loading weights: 100%|██████████| 339/339 [00:00<00:00, 11738.95it/s]
[36m(WorkerDict pid=3205519)[0m   },
[36m(WorkerDict pid=3205519)[0m   "sliding_window": null,
[36m(WorkerDict pid=3205519)[0m   "tie_word_embeddings": false,
[36m(WorkerDict pid=3205519)[0m   "transformers_version": "5.12.1",
[36m(WorkerDict pid=3205519)[0m   "use_cache": true,
[36m(WorkerDict pid=3205519)[0m   "use_mrope": false,
[36m(WorkerDict pid=3205519)[0m   "use_sliding_window": false,
[36m(WorkerDict pid=3205519)[0m   "vocab_size": 152064
[36m(WorkerDict pid=3205519)[0m }
[36m(WorkerDict pid=3205519)[0m
[36m(WorkerDict pid=3205519)[0m ref attention implementation verified: sdpa
[36m(WorkerDict pid=3205519)[0m Monkey patch _flash_attention_forward in transformers.integrations.flash_attention
[36m(WorkerDict pid=3205519)[0m Using Triton backend for fused kernels in Qwen2ForCausalLM
[36m(WorkerDict pid=3205519)[0m Qwen2ForCausalLM contains 7.62B parameters
[36m(WorkerDict pid=3205519)[0m wrap_policy: functools.partial(<function _or_policy at 0x7edba21474c0>, policies=[functools.partial(<function transformer_auto_wrap_policy at 0x7edba2147380>, transformer_layer_cls={<class 'transformers.models.qwen2.modeling_qwen2.Qwen2DecoderLayer'>})])
[36m(WorkerDict pid=3205519)[0m trial-302172199-trialrun-302172199-worker-0:3205519:3205519 [0] NCCL INFO ENV/Plugin: Could not find: libnccl-env.so
[36m(WorkerDict pid=3205519)[0m trial-302172199-trialrun-302172199-worker-0:3205519:3205519 [0] NCCL INFO NCCL_SOCKET_FAMILY set by environment to AF_INET6
[36m(WorkerDict pid=3205519)[0m trial-302172199-trialrun-302172199-worker-0:3205519:3205519 [0] NCCL INFO NCCL_SOCKET_IFNAME set by environment to =eth0
[36m(WorkerDict pid=3205519)[0m trial-302172199-trialrun-302172199-worker-0:3205519:3205519 [0] NCCL INFO cudaDriverVersion 13000
[36m(WorkerDict pid=3205519)[0m trial-302172199-trialrun-302172199-worker-0:3205519:3205519 [0] NCCL INFO NCCL version 2.28.9+cuda13.0
[36m(WorkerDict pid=3205519)[0m trial-302172199-trialrun-302172199-worker-0:3205519:3205519 [0] NCCL INFO Comm config Blocking set to 1
[36m(WorkerDict pid=3205519)[0m trial-302172199-trialrun-302172199-worker-0:3205519:3205519 [0] NCCL INFO NCCL_NET_PLUGIN set by environment to none
[36m(WorkerDict pid=3205519)[0m trial-302172199-trialrun-302172199-worker-0:3205519:3205519 [0] NCCL INFO NCCL_SOCKET_FAMILY set by environment to AF_INET6
[36m(WorkerDict pid=3205519)[0m trial-302172199-trialrun-302172199-worker-0:3205519:3205519 [0] NCCL INFO NCCL_SOCKET_IFNAME set by environment to =eth0
[36m(WorkerDict pid=3205519)[0m trial-302172199-trialrun-302172199-worker-0:3205519:3205519 [0] NCCL INFO NET/Socket : Using [0]eth0:fdbd:dc61:ff:f000:ffff:ffff:0:16<0>
[36m(WorkerDict pid=3205519)[0m trial-302172199-trialrun-302172199-worker-0:3205519:3205519 [0] NCCL INFO Initialized NET plugin Socket
[36m(WorkerDict pid=3205519)[0m trial-302172199-trialrun-302172199-worker-0:3205519:3205519 [0] NCCL INFO Assigned NET plugin Socket to comm
[36m(WorkerDict pid=3205519)[0m trial-302172199-trialrun-302172199-worker-0:3205519:3205519 [0] NCCL INFO Using network Socket
[36m(WorkerDict pid=3205519)[0m trial-302172199-trialrun-302172199-worker-0:3205519:3205519 [0] NCCL INFO ncclCommInitRankConfig comm 0x108dcbd0 rank 0 nranks 8 cudaDev 0 nvmlDev 0 busId f000 commId 0xefd4a3dc61ec8ee - Init START
[36m(WorkerDict pid=3205519)[0m trial-302172199-trialrun-302172199-worker-0:3205519:3205519 [0] NCCL INFO RAS client listening socket at ::1<28028>
[36m(WorkerDict pid=3205519)[0m trial-302172199-trialrun-302172199-worker-0:3205519:3205519 [0] NCCL INFO MNNVL busId 0xf000 fabric UUID 0.0 cliqueId 0x0 state 3 healthMask 0x80
[36m(WorkerDict pid=3205519)[0m trial-302172199-trialrun-302172199-worker-0:3205519:3205519 [0] NCCL INFO Could not find real path of /sys/class/pci_bus/fffffff/../../fffffff:ff:f
[36m(WorkerDict pid=3205519)[0m trial-302172199-trialrun-302172199-worker-0:3205519:3205519 [0] NCCL INFO TOPO/NET : Importing network plugins to topology
[36m(WorkerDict pid=3205519)[0m trial-302172199-trialrun-302172199-worker-0:3205519:3205519 [0] NCCL INFO ncclTopoPopulateNics : Filled eth0 in topo with pciPath=(null) keep=1 coll=(null)
[36m(WorkerDict pid=3205519)[0m trial-302172199-trialrun-302172199-worker-0:3205519:3205519 [0] NCCL INFO === System : maxBw 721.8 totalBw 721.8 ===
[36m(WorkerDict pid=3205519)[0m trial-302172199-trialrun-302172199-worker-0:3205519:3205519 [0] NCCL INFO CPU/0-0 (1/1/4)
[36m(WorkerDict pid=3205519)[0m trial-302172199-trialrun-302172199-worker-0:3205519:3205519 [0] NCCL INFO + PCI[5000.0] - NIC/0-0
[36m(WorkerDict pid=3205519)[0m trial-302172199-trialrun-302172199-worker-0:3205519:3205519 [0] NCCL INFO                 + NET[1.2] - NET/0-0 (0/0/0/1.250000)
[36m(WorkerDict pid=3205519)[0m trial-302172199-trialrun-302172199-worker-0:3205519:3205519 [0] NCCL INFO                 + NET[1.2] - NET/0-0 (0/0/0/1.250000)
[36m(WorkerDict pid=3205519)[0m trial-302172199-trialrun-302172199-worker-0:3205519:3205519 [0] NCCL INFO + PCI[48.0] - PCI/0-8000 (1000c0301000ffff)
[36m(WorkerDict pid=3205519)[0m trial-302172199-trialrun-302172199-worker-0:3205519:3205519 [0] NCCL INFO               + PCI[48.0] - GPU/0-f000 (0)
[36m(WorkerDict pid=3205519)[0m trial-302172199-trialrun-302172199-worker-0:3205519:3205519 [0] NCCL INFO                             + NVL[721.8] - NVS/0-0
[36m(WorkerDict pid=3205519)[0m trial-302172199-trialrun-302172199-worker-0:3205519:3205519 [0] NCCL INFO + PCI[48.0] - PCI/0-26000 (1000c0301000ffff)
[36m(WorkerDict pid=3205519)[0m trial-302172199-trialrun-302172199-worker-0:3205519:3205519 [0] NCCL INFO               + PCI[48.0] - GPU/0-2d000 (1)
[36m(WorkerDict pid=3205519)[0m trial-302172199-trialrun-302172199-worker-0:3205519:3205519 [0] NCCL INFO                             + NVL[721.8] - NVS/0-0
[36m(WorkerDict pid=3205519)[0m trial-302172199-trialrun-302172199-worker-0:3205519:3205519 [0] NCCL INFO + PCI[48.0] - PCI/0-3d000 (1000c0301000ffff)
[36m(WorkerDict pid=3205519)[0m trial-302172199-trialrun-302172199-worker-0:3205519:3205519 [0] NCCL INFO               + PCI[48.0] - GPU/0-44000 (2)
[36m(WorkerDict pid=3205519)[0m trial-302172199-trialrun-302172199-worker-0:3205519:3205519 [0] NCCL INFO                             + NVL[721.8] - NVS/0-0
[36m(WorkerDict pid=3205519)[0m trial-302172199-trialrun-302172199-worker-0:3205519:3205519 [0] NCCL INFO + PCI[48.0] - PCI/0-54000 (1000c0301000ffff)
[36m(WorkerDict pid=3205519)[0m trial-302172199-trialrun-302172199-worker-0:3205519:3205519 [0] NCCL INFO               + PCI[48.0] - GPU/0-5b000 (3)
[36m(WorkerDict pid=3205519)[0m trial-302172199-trialrun-302172199-worker-0:3205519:3205519 [0] NCCL INFO                             + NVL[721.8] - NVS/0-0
[36m(WorkerDict pid=3205519)[0m trial-302172199-trialrun-302172199-worker-0:3205519:3205519 [0] NCCL INFO + SYS[40.0] - CPU/0-1
[36m(WorkerDict pid=3205519)[0m trial-302172199-trialrun-302172199-worker-0:3205519:3205519 [0] NCCL INFO CPU/0-1 (1/1/4)
[36m(WorkerDict pid=3205519)[0m trial-302172199-trialrun-302172199-worker-0:3205519:3205519 [0] NCCL INFO + PCI[48.0] - PCI/0-82000 (1000c0301000ffff)
[36m(WorkerDict pid=3205519)[0m trial-302172199-trialrun-302172199-worker-0:3205519:3205519 [0] NCCL INFO               + PCI[48.0] - GPU/0-89000 (4)
[36m(WorkerDict pid=3205519)[0m trial-302172199-trialrun-302172199-worker-0:3205519:3205519 [0] NCCL INFO                             + NVL[721.8] - NVS/0-0
[36m(WorkerDict pid=3205519)[0m trial-302172199-trialrun-302172199-worker-0:3205519:3205519 [0] NCCL INFO + PCI[48.0] - PCI/0-a1000 (1000c0301000ffff)
[36m(WorkerDict pid=3205519)[0m trial-302172199-trialrun-302172199-worker-0:3205519:3205519 [0] NCCL INFO               + PCI[48.0] - GPU/0-a8000 (5)
[36m(WorkerDict pid=3205519)[0m trial-302172199-trialrun-302172199-worker-0:3205519:3205519 [0] NCCL INFO                             + NVL[721.8] - NVS/0-0
[36m(WorkerDict pid=3205519)[0m trial-302172199-trialrun-302172199-worker-0:3205519:3205519 [0] NCCL INFO + PCI[48.0] - PCI/0-b9000 (1000c0301000ffff)
[36m(WorkerDict pid=3205519)[0m trial-302172199-trialrun-302172199-worker-0:3205519:3205519 [0] NCCL INFO               + PCI[48.0] - GPU/0-c0000 (6)
[36m(WorkerDict pid=3205519)[0m trial-302172199-trialrun-302172199-worker-0:3205519:3205519 [0] NCCL INFO                             + NVL[721.8] - NVS/0-0
[36m(WorkerDict pid=3205519)[0m trial-302172199-trialrun-302172199-worker-0:3205519:3205519 [0] NCCL INFO + PCI[48.0] - PCI/0-d1000 (1000c0301000ffff)
[36m(WorkerDict pid=3205519)[0m trial-302172199-trialrun-302172199-worker-0:3205519:3205519 [0] NCCL INFO               + PCI[48.0] - GPU/0-d8000 (7)
[36m(WorkerDict pid=3205519)[0m trial-302172199-trialrun-302172199-worker-0:3205519:3205519 [0] NCCL INFO                             + NVL[721.8] - NVS/0-0
[36m(WorkerDict pid=3205519)[0m trial-302172199-trialrun-302172199-worker-0:3205519:3205519 [0] NCCL INFO + SYS[40.0] - CPU/0-0
[36m(WorkerDict pid=3205519)[0m trial-302172199-trialrun-302172199-worker-0:3205519:3205519 [0] NCCL INFO ==========================================
[36m(WorkerDict pid=3205519)[0m trial-302172199-trialrun-302172199-worker-0:3205519:3205519 [0] NCCL INFO GPU/0-f000 :GPU/0-f000 (0/5000.0/LOC) GPU/0-2d000 (2/721.8/NVL) GPU/0-44000 (2/721.8/NVL) GPU/0-5b000 (2/721.8/NVL) GPU/0-89000 (2/721.8/NVL) GPU/0-a8000 (2/721.8/NVL) GPU/0-c0000 (2/721.8/NVL) GPU/0-d8000 (2/721.8/NVL) NVS/0-0 (1/721.8/NVL) CPU/0-0 (2/48.0/PHB) CPU/0-1 (3/40.0/SYS) NET/0-0 (4/1.2/PHB) NET/0-0 (0/0.0/DIS)
[36m(WorkerDict pid=3205519)[0m trial-302172199-trialrun-302172199-worker-0:3205519:3205519 [0] NCCL INFO GPU/0-2d000 :GPU/0-f000 (2/721.8/NVL) GPU/0-2d000 (0/5000.0/LOC) GPU/0-44000 (2/721.8/NVL) GPU/0-5b000 (2/721.8/NVL) GPU/0-89000 (2/721.8/NVL) GPU/0-a8000 (2/721.8/NVL) GPU/0-c0000 (2/721.8/NVL) GPU/0-d8000 (2/721.8/NVL) NVS/0-0 (1/721.8/NVL) CPU/0-0 (2/48.0/PHB) CPU/0-1 (3/40.0/SYS) NET/0-0 (4/1.2/PHB) NET/0-0 (0/0.0/DIS)
[36m(WorkerDict pid=3205519)[0m trial-302172199-trialrun-302172199-worker-0:3205519:3205519 [0] NCCL INFO GPU/0-44000 :GPU/0-f000 (2/721.8/NVL) GPU/0-2d000 (2/721.8/NVL) GPU/0-44000 (0/5000.0/LOC) GPU/0-5b000 (2/721.8/NVL) GPU/0-89000 (2/721.8/NVL) GPU/0-a8000 (2/721.8/NVL) GPU/0-c0000 (2/721.8/NVL) GPU/0-d8000 (2/721.8/NVL) NVS/0-0 (1/721.8/NVL) CPU/0-0 (2/48.0/PHB) CPU/0-1 (3/40.0/SYS) NET/0-0 (4/1.2/PHB) NET/0-0 (0/0.0/DIS)
[36m(WorkerDict pid=3205519)[0m trial-302172199-trialrun-302172199-worker-0:3205519:3205519 [0] NCCL INFO GPU/0-5b000 :GPU/0-f000 (2/721.8/NVL) GPU/0-2d000 (2/721.8/NVL) GPU/0-44000 (2/721.8/NVL) GPU/0-5b000 (0/5000.0/LOC) GPU/0-89000 (2/721.8/NVL) GPU/0-a8000 (2/721.8/NVL) GPU/0-c0000 (2/721.8/NVL) GPU/0-d8000 (2/721.8/NVL) NVS/0-0 (1/721.8/NVL) CPU/0-0 (2/48.0/PHB) CPU/0-1 (3/40.0/SYS) NET/0-0 (4/1.2/PHB) NET/0-0 (0/0.0/DIS)
[36m(WorkerDict pid=3205519)[0m trial-302172199-trialrun-302172199-worker-0:3205519:3205519 [0] NCCL INFO GPU/0-89000 :GPU/0-f000 (2/721.8/NVL) GPU/0-2d000 (2/721.8/NVL) GPU/0-44000 (2/721.8/NVL) GPU/0-5b000 (2/721.8/NVL) GPU/0-89000 (0/5000.0/LOC) GPU/0-a8000 (2/721.8/NVL) GPU/0-c0000 (2/721.8/NVL) GPU/0-d8000 (2/721.8/NVL) NVS/0-0 (1/721.8/NVL) CPU/0-0 (3/40.0/SYS) CPU/0-1 (2/48.0/PHB) NET/0-0 (5/1.2/SYS) NET/0-0 (0/0.0/DIS)
[36m(WorkerDict pid=3205519)[0m trial-302172199-trialrun-302172199-worker-0:3205519:3205519 [0] NCCL INFO GPU/0-a8000 :GPU/0-f000 (2/721.8/NVL) GPU/0-2d000 (2/721.8/NVL) GPU/0-44000 (2/721.8/NVL) GPU/0-5b000 (2/721.8/NVL) GPU/0-89000 (2/721.8/NVL) GPU/0-a8000 (0/5000.0/LOC) GPU/0-c0000 (2/721.8/NVL) GPU/0-d8000 (2/721.8/NVL) NVS/0-0 (1/721.8/NVL) CPU/0-0 (3/40.0/SYS) CPU/0-1 (2/48.0/PHB) NET/0-0 (5/1.2/SYS) NET/0-0 (0/0.0/DIS)
[36m(WorkerDict pid=3205519)[0m trial-302172199-trialrun-302172199-worker-0:3205519:3205519 [0] NCCL INFO GPU/0-c0000 :GPU/0-f000 (2/721.8/NVL) GPU/0-2d000 (2/721.8/NVL) GPU/0-44000 (2/721.8/NVL) GPU/0-5b000 (2/721.8/NVL) GPU/0-89000 (2/721.8/NVL) GPU/0-a8000 (2/721.8/NVL) GPU/0-c0000 (0/5000.0/LOC) GPU/0-d8000 (2/721.8/NVL) NVS/0-0 (1/721.8/NVL) CPU/0-0 (3/40.0/SYS) CPU/0-1 (2/48.0/PHB) NET/0-0 (5/1.2/SYS) NET/0-0 (0/0.0/DIS)
[36m(WorkerDict pid=3205519)[0m trial-302172199-trialrun-302172199-worker-0:3205519:3205519 [0] NCCL INFO GPU/0-d8000 :GPU/0-f000 (2/721.8/NVL) GPU/0-2d000 (2/721.8/NVL) GPU/0-44000 (2/721.8/NVL) GPU/0-5b000 (2/721.8/NVL) GPU/0-89000 (2/721.8/NVL) GPU/0-a8000 (2/721.8/NVL) GPU/0-c0000 (2/721.8/NVL) GPU/0-d8000 (0/5000.0/LOC) NVS/0-0 (1/721.8/NVL) CPU/0-0 (3/40.0/SYS) CPU/0-1 (2/48.0/PHB) NET/0-0 (5/1.2/SYS) NET/0-0 (0/0.0/DIS)
[36m(WorkerDict pid=3205519)[0m trial-302172199-trialrun-302172199-worker-0:3205519:3205519 [0] NCCL INFO NET/0-0 :GPU/0-f000 (4/1.2/PHB) GPU/0-2d000 (4/1.2/PHB) GPU/0-44000 (4/1.2/PHB) GPU/0-5b000 (4/1.2/PHB) GPU/0-89000 (5/1.2/SYS) GPU/0-a8000 (5/1.2/SYS) GPU/0-c0000 (5/1.2/SYS) GPU/0-d8000 (5/1.2/SYS) CPU/0-0 (2/1.2/PHB) CPU/0-1 (3/1.2/SYS) NET/0-0 (0/5000.0/LOC) NET/0-0 (0/0.0/DIS)
[36m(WorkerDict pid=3205519)[0m trial-302172199-trialrun-302172199-worker-0:3205519:3205519 [0] NCCL INFO NET/0-0 :GPU/0-f000 (4/1.2/PHB) GPU/0-2d000 (4/1.2/PHB) GPU/0-44000 (4/1.2/PHB) GPU/0-5b000 (4/1.2/PHB) GPU/0-89000 (5/1.2/SYS) GPU/0-a8000 (5/1.2/SYS) GPU/0-c0000 (5/1.2/SYS) GPU/0-d8000 (5/1.2/SYS) CPU/0-0 (2/1.2/PHB) CPU/0-1 (3/1.2/SYS) NET/0-0 (0/5000.0/LOC) NET/0-0 (0/0.0/DIS)
[36m(WorkerDict pid=3205519)[0m trial-302172199-trialrun-302172199-worker-0:3205519:3205519 [0] NCCL INFO ncclTopoGetCpuAffinity: Affinity for GPU 0 is 0-62,128-190. (GPU affinity = 0-63,128-191 ; CPU affinity = 0-62,64-126,128-190,192-254).
[36m(WorkerDict pid=3205519)[0m trial-302172199-trialrun-302172199-worker-0:3205519:3205519 [0] NCCL INFO NCCL_NVLS_ENABLE set by environment to 1.
[36m(WorkerDict pid=3205519)[0m trial-302172199-trialrun-302172199-worker-0:3205519:3205519 [0] NCCL INFO NVLS multicast support is available on dev 0 (NVLS_NCHANNELS 24)
[36m(WorkerDict pid=3205519)[0m trial-302172199-trialrun-302172199-worker-0:3205519:3205519 [0] NCCL INFO Pattern 4, crossNic 0, nChannels 16, bw 45.000000/45.000000, type NVL/PIX, sameChannels 1
[36m(WorkerDict pid=3205519)[0m trial-302172199-trialrun-302172199-worker-0:3205519:3205519 [0] NCCL INFO  0 : GPU/0-f000 GPU/0-2d000 GPU/0-44000 GPU/0-5b000 GPU/0-89000 GPU/0-a8000 GPU/0-c0000 GPU/0-d8000
[36m(WorkerDict pid=3205519)[0m trial-302172199-trialrun-302172199-worker-0:3205519:3205519 [0] NCCL INFO  1 : GPU/0-f000 GPU/0-2d000 GPU/0-44000 GPU/0-5b000 GPU/0-89000 GPU/0-a8000 GPU/0-c0000 GPU/0-d8000
[36m(WorkerDict pid=3205519)[0m trial-302172199-trialrun-302172199-worker-0:3205519:3205519 [0] NCCL INFO  2 : GPU/0-f000 GPU/0-2d000 GPU/0-44000 GPU/0-5b000 GPU/0-89000 GPU/0-a8000 GPU/0-c0000 GPU/0-d8000
[36m(WorkerDict pid=3205519)[0m trial-302172199-trialrun-302172199-worker-0:3205519:3205519 [0] NCCL INFO  3 : GPU/0-f000 GPU/0-2d000 GPU/0-44000 GPU/0-5b000 GPU/0-89000 GPU/0-a8000 GPU/0-c0000 GPU/0-d8000
[36m(WorkerDict pid=3205519)[0m trial-302172199-trialrun-302172199-worker-0:3205519:3205519 [0] NCCL INFO  4 : GPU/0-f000 GPU/0-2d000 GPU/0-44000 GPU/0-5b000 GPU/0-89000 GPU/0-a8000 GPU/0-c0000 GPU/0-d8000
[36m(WorkerDict pid=3205519)[0m trial-302172199-trialrun-302172199-worker-0:3205519:3205519 [0] NCCL INFO  5 : GPU/0-f000 GPU/0-2d000 GPU/0-44000 GPU/0-5b000 GPU/0-89000 GPU/0-a8000 GPU/0-c0000 GPU/0-d8000
[36m(WorkerDict pid=3205519)[0m trial-302172199-trialrun-302172199-worker-0:3205519:3205519 [0] NCCL INFO  6 : GPU/0-f000 GPU/0-2d000 GPU/0-44000 GPU/0-5b000 GPU/0-89000 GPU/0-a8000 GPU/0-c0000 GPU/0-d8000
[36m(WorkerDict pid=3205519)[0m trial-302172199-trialrun-302172199-worker-0:3205519:3205519 [0] NCCL INFO  7 : GPU/0-f000 GPU/0-2d000 GPU/0-44000 GPU/0-5b000 GPU/0-89000 GPU/0-a8000 GPU/0-c0000 GPU/0-d8000
[36m(WorkerDict pid=3205519)[0m trial-302172199-trialrun-302172199-worker-0:3205519:3205519 [0] NCCL INFO  8 : GPU/0-f000 GPU/0-2d000 GPU/0-44000 GPU/0-5b000 GPU/0-89000 GPU/0-a8000 GPU/0-c0000 GPU/0-d8000
[36m(WorkerDict pid=3205519)[0m trial-302172199-trialrun-302172199-worker-0:3205519:3205519 [0] NCCL INFO  9 : GPU/0-f000 GPU/0-2d000 GPU/0-44000 GPU/0-5b000 GPU/0-89000 GPU/0-a8000 GPU/0-c0000 GPU/0-d8000
[36m(WorkerDict pid=3205519)[0m trial-302172199-trialrun-302172199-worker-0:3205519:3205519 [0] NCCL INFO 10 : GPU/0-f000 GPU/0-2d000 GPU/0-44000 GPU/0-5b000 GPU/0-89000 GPU/0-a8000 GPU/0-c0000 GPU/0-d8000
[36m(WorkerDict pid=3205519)[0m trial-302172199-trialrun-302172199-worker-0:3205519:3205519 [0] NCCL INFO 11 : GPU/0-f000 GPU/0-2d000 GPU/0-44000 GPU/0-5b000 GPU/0-89000 GPU/0-a8000 GPU/0-c0000 GPU/0-d8000
[36m(WorkerDict pid=3205519)[0m trial-302172199-trialrun-302172199-worker-0:3205519:3205519 [0] NCCL INFO 12 : GPU/0-f000 GPU/0-2d000 GPU/0-44000 GPU/0-5b000 GPU/0-89000 GPU/0-a8000 GPU/0-c0000 GPU/0-d8000
[36m(WorkerDict pid=3205519)[0m trial-302172199-trialrun-302172199-worker-0:3205519:3205519 [0] NCCL INFO 13 : GPU/0-f000 GPU/0-2d000 GPU/0-44000 GPU/0-5b000 GPU/0-89000 GPU/0-a8000 GPU/0-c0000 GPU/0-d8000
[36m(WorkerDict pid=3205519)[0m trial-302172199-trialrun-302172199-worker-0:3205519:3205519 [0] NCCL INFO 14 : GPU/0-f000 GPU/0-2d000 GPU/0-44000 GPU/0-5b000 GPU/0-89000 GPU/0-a8000 GPU/0-c0000 GPU/0-d8000
[36m(WorkerDict pid=3205519)[0m trial-302172199-trialrun-302172199-worker-0:3205519:3205519 [0] NCCL INFO 15 : GPU/0-f000 GPU/0-2d000 GPU/0-44000 GPU/0-5b000 GPU/0-89000 GPU/0-a8000 GPU/0-c0000 GPU/0-d8000
[36m(WorkerDict pid=3205519)[0m trial-302172199-trialrun-302172199-worker-0:3205519:3205519 [0] NCCL INFO Pattern 1, crossNic 0, nChannels 16, bw 40.000000/40.000000, type NVL/PIX, sameChannels 1
[36m(WorkerDict pid=3205519)[0m trial-302172199-trialrun-302172199-worker-0:3205519:3205519 [0] NCCL INFO  0 : GPU/0-f000 GPU/0-2d000 GPU/0-44000 GPU/0-5b000 GPU/0-89000 GPU/0-a8000 GPU/0-c0000 GPU/0-d8000
[36m(WorkerDict pid=3205519)[0m trial-302172199-trialrun-302172199-worker-0:3205519:3205519 [0] NCCL INFO  1 : GPU/0-f000 GPU/0-2d000 GPU/0-44000 GPU/0-5b000 GPU/0-89000 GPU/0-a8000 GPU/0-c0000 GPU/0-d8000
[36m(WorkerDict pid=3205519)[0m trial-302172199-trialrun-302172199-worker-0:3205519:3205519 [0] NCCL INFO  2 : GPU/0-f000 GPU/0-2d000 GPU/0-44000 GPU/0-5b000 GPU/0-89000 GPU/0-a8000 GPU/0-c0000 GPU/0-d8000
[36m(WorkerDict pid=3205519)[0m trial-302172199-trialrun-302172199-worker-0:3205519:3205519 [0] NCCL INFO  3 : GPU/0-f000 GPU/0-2d000 GPU/0-44000 GPU/0-5b000 GPU/0-89000 GPU/0-a8000 GPU/0-c0000 GPU/0-d8000
[36m(WorkerDict pid=3205519)[0m trial-302172199-trialrun-302172199-worker-0:3205519:3205519 [0] NCCL INFO  4 : GPU/0-f000 GPU/0-2d000 GPU/0-44000 GPU/0-5b000 GPU/0-89000 GPU/0-a8000 GPU/0-c0000 GPU/0-d8000
[36m(WorkerDict pid=3205519)[0m trial-302172199-trialrun-302172199-worker-0:3205519:3205519 [0] NCCL INFO  5 : GPU/0-f000 GPU/0-2d000 GPU/0-44000 GPU/0-5b000 GPU/0-89000 GPU/0-a8000 GPU/0-c0000 GPU/0-d8000
[36m(WorkerDict pid=3205519)[0m trial-302172199-trialrun-302172199-worker-0:3205519:3205519 [0] NCCL INFO  6 : GPU/0-f000 GPU/0-2d000 GPU/0-44000 GPU/0-5b000 GPU/0-89000 GPU/0-a8000 GPU/0-c0000 GPU/0-d8000
[36m(WorkerDict pid=3205519)[0m trial-302172199-trialrun-302172199-worker-0:3205519:3205519 [0] NCCL INFO  7 : GPU/0-f000 GPU/0-2d000 GPU/0-44000 GPU/0-5b000 GPU/0-89000 GPU/0-a8000 GPU/0-c0000 GPU/0-d8000
[36m(WorkerDict pid=3205519)[0m trial-302172199-trialrun-302172199-worker-0:3205519:3205519 [0] NCCL INFO  8 : GPU/0-f000 GPU/0-2d000 GPU/0-44000 GPU/0-5b000 GPU/0-89000 GPU/0-a8000 GPU/0-c0000 GPU/0-d8000
[36m(WorkerDict pid=3205519)[0m trial-302172199-trialrun-302172199-worker-0:3205519:3205519 [0] NCCL INFO  9 : GPU/0-f000 GPU/0-2d000 GPU/0-44000 GPU/0-5b000 GPU/0-89000 GPU/0-a8000 GPU/0-c0000 GPU/0-d8000
[36m(WorkerDict pid=3205519)[0m trial-302172199-trialrun-302172199-worker-0:3205519:3205519 [0] NCCL INFO 10 : GPU/0-f000 GPU/0-2d000 GPU/0-44000 GPU/0-5b000 GPU/0-89000 GPU/0-a8000 GPU/0-c0000 GPU/0-d8000
[36m(WorkerDict pid=3205519)[0m trial-302172199-trialrun-302172199-worker-0:3205519:3205519 [0] NCCL INFO 11 : GPU/0-f000 GPU/0-2d000 GPU/0-44000 GPU/0-5b000 GPU/0-89000 GPU/0-a8000 GPU/0-c0000 GPU/0-d8000
[36m(WorkerDict pid=3205519)[0m trial-302172199-trialrun-302172199-worker-0:3205519:3205519 [0] NCCL INFO 12 : GPU/0-f000 GPU/0-2d000 GPU/0-44000 GPU/0-5b000 GPU/0-89000 GPU/0-a8000 GPU/0-c0000 GPU/0-d8000
[36m(WorkerDict pid=3205519)[0m trial-302172199-trialrun-302172199-worker-0:3205519:3205519 [0] NCCL INFO 13 : GPU/0-f000 GPU/0-2d000 GPU/0-44000 GPU/0-5b000 GPU/0-89000 GPU/0-a8000 GPU/0-c0000 GPU/0-d8000
[36m(WorkerDict pid=3205519)[0m trial-302172199-trialrun-302172199-worker-0:3205519:3205519 [0] NCCL INFO 14 : GPU/0-f000 GPU/0-2d000 GPU/0-44000 GPU/0-5b000 GPU/0-89000 GPU/0-a8000 GPU/0-c0000 GPU/0-d8000
[36m(WorkerDict pid=3205519)[0m trial-302172199-trialrun-302172199-worker-0:3205519:3205519 [0] NCCL INFO 15 : GPU/0-f000 GPU/0-2d000 GPU/0-44000 GPU/0-5b000 GPU/0-89000 GPU/0-a8000 GPU/0-c0000 GPU/0-d8000
[36m(WorkerDict pid=3205519)[0m trial-302172199-trialrun-302172199-worker-0:3205519:3205519 [0] NCCL INFO Pattern 5, crossNic 0, nChannels 8, bw 80.000000/90.000000, type NVL/PIX, sameChannels 0
[36m(WorkerDict pid=3205519)[0m trial-302172199-trialrun-302172199-worker-0:3205519:3205519 [0] NCCL INFO  0 : GPU/0-f000
[36m(WorkerDict pid=3205519)[0m trial-302172199-trialrun-302172199-worker-0:3205519:3205519 [0] NCCL INFO  1 : GPU/0-2d000
[36m(WorkerDict pid=3205519)[0m trial-302172199-trialrun-302172199-worker-0:3205519:3205519 [0] NCCL INFO  2 : GPU/0-44000
[36m(WorkerDict pid=3205519)[0m trial-302172199-trialrun-302172199-worker-0:3205519:3205519 [0] NCCL INFO  3 : GPU/0-5b000
[36m(WorkerDict pid=3205519)[0m trial-302172199-trialrun-302172199-worker-0:3205519:3205519 [0] NCCL INFO  4 : GPU/0-89000
[36m(WorkerDict pid=3205519)[0m trial-302172199-trialrun-302172199-worker-0:3205519:3205519 [0] NCCL INFO  5 : GPU/0-a8000
[36m(WorkerDict pid=3205519)[0m trial-302172199-trialrun-302172199-worker-0:3205519:3205519 [0] NCCL INFO  6 : GPU/0-c0000
[36m(WorkerDict pid=3205519)[0m trial-302172199-trialrun-302172199-worker-0:3205519:3205519 [0] NCCL INFO  7 : GPU/0-d8000
[36m(WorkerDict pid=3205519)[0m trial-302172199-trialrun-302172199-worker-0:3205519:3205519 [0] NCCL INFO comm 0x108dcbd0 rank 0 nRanks 8 nNodes 1 localRanks 8 localRank 0 MNNVL 0
[36m(WorkerDict pid=3205519)[0m trial-302172199-trialrun-302172199-worker-0:3205519:3205519 [0] NCCL INFO Tree 0 : -1 -> 0 -> 1/-1/-1
[36m(WorkerDict pid=3205519)[0m trial-302172199-trialrun-302172199-worker-0:3205519:3205519 [0] NCCL INFO Tree 16 : -1 -> 0 -> 1/-1/-1
[36m(WorkerDict pid=3205519)[0m trial-302172199-trialrun-302172199-worker-0:3205519:3205519 [0] NCCL INFO Tree 1 : -1 -> 0 -> 1/-1/-1
[36m(WorkerDict pid=3205519)[0m trial-302172199-trialrun-302172199-worker-0:3205519:3205519 [0] NCCL INFO Tree 17 : -1 -> 0 -> 1/-1/-1
[36m(WorkerDict pid=3205519)[0m trial-302172199-trialrun-302172199-worker-0:3205519:3205519 [0] NCCL INFO Tree 2 : -1 -> 0 -> 1/-1/-1
[36m(WorkerDict pid=3205519)[0m trial-302172199-trialrun-302172199-worker-0:3205519:3205519 [0] NCCL INFO Tree 18 : -1 -> 0 -> 1/-1/-1
[36m(WorkerDict pid=3205519)[0m trial-302172199-trialrun-302172199-worker-0:3205519:3205519 [0] NCCL INFO Tree 3 : -1 -> 0 -> 1/-1/-1
[36m(WorkerDict pid=3205519)[0m trial-302172199-trialrun-302172199-worker-0:3205519:3205519 [0] NCCL INFO Tree 19 : -1 -> 0 -> 1/-1/-1
[36m(WorkerDict pid=3205519)[0m trial-302172199-trialrun-302172199-worker-0:3205519:3205519 [0] NCCL INFO Tree 4 : -1 -> 0 -> 1/-1/-1
[36m(WorkerDict pid=3205519)[0m trial-302172199-trialrun-302172199-worker-0:3205519:3205519 [0] NCCL INFO Tree 20 : -1 -> 0 -> 1/-1/-1
[36m(WorkerDict pid=3205519)[0m trial-302172199-trialrun-302172199-worker-0:3205519:3205519 [0] NCCL INFO Tree 5 : -1 -> 0 -> 1/-1/-1
[36m(WorkerDict pid=3205519)[0m trial-302172199-trialrun-302172199-worker-0:3205519:3205519 [0] NCCL INFO Tree 21 : -1 -> 0 -> 1/-1/-1
[36m(WorkerDict pid=3205519)[0m trial-302172199-trialrun-302172199-worker-0:3205519:3205519 [0] NCCL INFO Tree 6 : -1 -> 0 -> 1/-1/-1
[36m(WorkerDict pid=3205519)[0m trial-302172199-trialrun-302172199-worker-0:3205519:3205519 [0] NCCL INFO Tree 22 : -1 -> 0 -> 1/-1/-1
[36m(WorkerDict pid=3205519)[0m trial-302172199-trialrun-302172199-worker-0:3205519:3205519 [0] NCCL INFO Tree 7 : -1 -> 0 -> 1/-1/-1
[36m(WorkerDict pid=3205519)[0m trial-302172199-trialrun-302172199-worker-0:3205519:3205519 [0] NCCL INFO Tree 23 : -1 -> 0 -> 1/-1/-1
[36m(WorkerDict pid=3205519)[0m trial-302172199-trialrun-302172199-worker-0:3205519:3205519 [0] NCCL INFO Tree 8 : -1 -> 0 -> 1/-1/-1
[36m(WorkerDict pid=3205519)[0m trial-302172199-trialrun-302172199-worker-0:3205519:3205519 [0] NCCL INFO Tree 24 : -1 -> 0 -> 1/-1/-1
[36m(WorkerDict pid=3205519)[0m trial-302172199-trialrun-302172199-worker-0:3205519:3205519 [0] NCCL INFO Tree 9 : -1 -> 0 -> 1/-1/-1
[36m(WorkerDict pid=3205519)[0m trial-302172199-trialrun-302172199-worker-0:3205519:3205519 [0] NCCL INFO Tree 25 : -1 -> 0 -> 1/-1/-1
[36m(WorkerDict pid=3205519)[0m trial-302172199-trialrun-302172199-worker-0:3205519:3205519 [0] NCCL INFO Tree 10 : -1 -> 0 -> 1/-1/-1
[36m(WorkerDict pid=3205519)[0m trial-302172199-trialrun-302172199-worker-0:3205519:3205519 [0] NCCL INFO Tree 26 : -1 -> 0 -> 1/-1/-1
[36m(WorkerDict pid=3205519)[0m trial-302172199-trialrun-302172199-worker-0:3205519:3205519 [0] NCCL INFO Tree 11 : -1 -> 0 -> 1/-1/-1
[36m(WorkerDict pid=3205519)[0m trial-302172199-trialrun-302172199-worker-0:3205519:3205519 [0] NCCL INFO Tree 27 : -1 -> 0 -> 1/-1/-1
[36m(WorkerDict pid=3205519)[0m trial-302172199-trialrun-302172199-worker-0:3205519:3205519 [0] NCCL INFO Tree 12 : -1 -> 0 -> 1/-1/-1
[36m(WorkerDict pid=3205519)[0m trial-302172199-trialrun-302172199-worker-0:3205519:3205519 [0] NCCL INFO Tree 28 : -1 -> 0 -> 1/-1/-1
[36m(WorkerDict pid=3205519)[0m trial-302172199-trialrun-302172199-worker-0:3205519:3205519 [0] NCCL INFO Tree 13 : -1 -> 0 -> 1/-1/-1
[36m(WorkerDict pid=3205519)[0m trial-302172199-trialrun-302172199-worker-0:3205519:3205519 [0] NCCL INFO Tree 29 : -1 -> 0 -> 1/-1/-1
[36m(WorkerDict pid=3205519)[0m trial-302172199-trialrun-302172199-worker-0:3205519:3205519 [0] NCCL INFO Tree 14 : -1 -> 0 -> 1/-1/-1
[36m(WorkerDict pid=3205519)[0m trial-302172199-trialrun-302172199-worker-0:3205519:3205519 [0] NCCL INFO Tree 30 : -1 -> 0 -> 1/-1/-1
[36m(WorkerDict pid=3205519)[0m trial-302172199-trialrun-302172199-worker-0:3205519:3205519 [0] NCCL INFO Tree 15 : -1 -> 0 -> 1/-1/-1
[36m(WorkerDict pid=3205519)[0m trial-302172199-trialrun-302172199-worker-0:3205519:3205519 [0] NCCL INFO Tree 31 : -1 -> 0 -> 1/-1/-1
[36m(WorkerDict pid=3205519)[0m trial-302172199-trialrun-302172199-worker-0:3205519:3205519 [0] NCCL INFO Channel 00/32 : 0 1 2 3 4 5 6 7
[36m(WorkerDict pid=3205519)[0m trial-302172199-trialrun-302172199-worker-0:3205519:3205519 [0] NCCL INFO Channel 01/32 : 0 1 2 3 4 5 6 7
[36m(WorkerDict pid=3205519)[0m trial-302172199-trialrun-302172199-worker-0:3205519:3205519 [0] NCCL INFO Channel 02/32 : 0 1 2 3 4 5 6 7
[36m(WorkerDict pid=3205519)[0m trial-302172199-trialrun-302172199-worker-0:3205519:3205519 [0] NCCL INFO Channel 03/32 : 0 1 2 3 4 5 6 7
[36m(WorkerDict pid=3205519)[0m trial-302172199-trialrun-302172199-worker-0:3205519:3205519 [0] NCCL INFO Channel 04/32 : 0 1 2 3 4 5 6 7
[36m(WorkerDict pid=3205519)[0m trial-302172199-trialrun-302172199-worker-0:3205519:3205519 [0] NCCL INFO Channel 05/32 : 0 1 2 3 4 5 6 7
[36m(WorkerDict pid=3205519)[0m trial-302172199-trialrun-302172199-worker-0:3205519:3205519 [0] NCCL INFO Channel 06/32 : 0 1 2 3 4 5 6 7
[36m(WorkerDict pid=3205519)[0m trial-302172199-trialrun-302172199-worker-0:3205519:3205519 [0] NCCL INFO Channel 07/32 : 0 1 2 3 4 5 6 7
[36m(WorkerDict pid=3205519)[0m trial-302172199-trialrun-302172199-worker-0:3205519:3205519 [0] NCCL INFO Channel 08/32 : 0 1 2 3 4 5 6 7
[36m(WorkerDict pid=3205519)[0m trial-302172199-trialrun-302172199-worker-0:3205519:3205519 [0] NCCL INFO Channel 09/32 : 0 1 2 3 4 5 6 7
[36m(WorkerDict pid=3205519)[0m trial-302172199-trialrun-302172199-worker-0:3205519:3205519 [0] NCCL INFO Channel 10/32 : 0 1 2 3 4 5 6 7
[36m(WorkerDict pid=3205519)[0m trial-302172199-trialrun-302172199-worker-0:3205519:3205519 [0] NCCL INFO Channel 11/32 : 0 1 2 3 4 5 6 7
[36m(WorkerDict pid=3205519)[0m trial-302172199-trialrun-302172199-worker-0:3205519:3205519 [0] NCCL INFO Channel 12/32 : 0 1 2 3 4 5 6 7
[36m(WorkerDict pid=3205519)[0m trial-302172199-trialrun-302172199-worker-0:3205519:3205519 [0] NCCL INFO Channel 13/32 : 0 1 2 3 4 5 6 7
[36m(WorkerDict pid=3205519)[0m trial-302172199-trialrun-302172199-worker-0:3205519:3205519 [0] NCCL INFO Channel 14/32 : 0 1 2 3 4 5 6 7
[36m(WorkerDict pid=3205519)[0m trial-302172199-trialrun-302172199-worker-0:3205519:3205519 [0] NCCL INFO Channel 15/32 : 0 1 2 3 4 5 6 7
[36m(WorkerDict pid=3205519)[0m trial-302172199-trialrun-302172199-worker-0:3205519:3205519 [0] NCCL INFO Channel 16/32 : 0 1 2 3 4 5 6 7
[36m(WorkerDict pid=3205519)[0m trial-302172199-trialrun-302172199-worker-0:3205519:3205519 [0] NCCL INFO Channel 17/32 : 0 1 2 3 4 5 6 7
[36m(WorkerDict pid=3205519)[0m trial-302172199-trialrun-302172199-worker-0:3205519:3205519 [0] NCCL INFO Channel 18/32 : 0 1 2 3 4 5 6 7
[36m(WorkerDict pid=3205519)[0m trial-302172199-trialrun-302172199-worker-0:3205519:3205519 [0] NCCL INFO Channel 19/32 : 0 1 2 3 4 5 6 7
[36m(WorkerDict pid=3205519)[0m trial-302172199-trialrun-302172199-worker-0:3205519:3205519 [0] NCCL INFO Channel 20/32 : 0 1 2 3 4 5 6 7
[36m(WorkerDict pid=3205519)[0m trial-302172199-trialrun-302172199-worker-0:3205519:3205519 [0] NCCL INFO Channel 21/32 : 0 1 2 3 4 5 6 7
[36m(WorkerDict pid=3205519)[0m trial-302172199-trialrun-302172199-worker-0:3205519:3205519 [0] NCCL INFO Channel 22/32 : 0 1 2 3 4 5 6 7
[36m(WorkerDict pid=3205519)[0m trial-302172199-trialrun-302172199-worker-0:3205519:3205519 [0] NCCL INFO Channel 23/32 : 0 1 2 3 4 5 6 7
[36m(WorkerDict pid=3205519)[0m trial-302172199-trialrun-302172199-worker-0:3205519:3205519 [0] NCCL INFO Channel 24/32 : 0 1 2 3 4 5 6 7
[36m(WorkerDict pid=3205519)[0m trial-302172199-trialrun-302172199-worker-0:3205519:3205519 [0] NCCL INFO Channel 25/32 : 0 1 2 3 4 5 6 7
[36m(WorkerDict pid=3205519)[0m trial-302172199-trialrun-302172199-worker-0:3205519:3205519 [0] NCCL INFO Channel 26/32 : 0 1 2 3 4 5 6 7
[36m(WorkerDict pid=3205519)[0m trial-302172199-trialrun-302172199-worker-0:3205519:3205519 [0] NCCL INFO Channel 27/32 : 0 1 2 3 4 5 6 7
[36m(WorkerDict pid=3205519)[0m trial-302172199-trialrun-302172199-worker-0:3205519:3205519 [0] NCCL INFO Channel 28/32 : 0 1 2 3 4 5 6 7
[36m(WorkerDict pid=3205519)[0m trial-302172199-trialrun-302172199-worker-0:3205519:3205519 [0] NCCL INFO Channel 29/32 : 0 1 2 3 4 5 6 7
[36m(WorkerDict pid=3205519)[0m trial-302172199-trialrun-302172199-worker-0:3205519:3205519 [0] NCCL INFO Channel 30/32 : 0 1 2 3 4 5 6 7
[36m(WorkerDict pid=3205519)[0m trial-302172199-trialrun-302172199-worker-0:3205519:3205519 [0] NCCL INFO Channel 31/32 : 0 1 2 3 4 5 6 7
[36m(WorkerDict pid=3205519)[0m trial-302172199-trialrun-302172199-worker-0:3205519:3205519 [0] NCCL INFO Ring 00 : 7 -> 0 -> 1
[36m(WorkerDict pid=3205519)[0m trial-302172199-trialrun-302172199-worker-0:3205519:3205519 [0] NCCL INFO Ring 01 : 7 -> 0 -> 1
[36m(WorkerDict pid=3205519)[0m trial-302172199-trialrun-302172199-worker-0:3205519:3205519 [0] NCCL INFO Ring 02 : 7 -> 0 -> 1
[36m(WorkerDict pid=3205519)[0m trial-302172199-trialrun-302172199-worker-0:3205519:3205519 [0] NCCL INFO Ring 03 : 7 -> 0 -> 1
[36m(WorkerDict pid=3205519)[0m trial-302172199-trialrun-302172199-worker-0:3205519:3205519 [0] NCCL INFO Ring 04 : 7 -> 0 -> 1
[36m(WorkerDict pid=3205519)[0m trial-302172199-trialrun-302172199-worker-0:3205519:3205519 [0] NCCL INFO Ring 05 : 7 -> 0 -> 1
[36m(WorkerDict pid=3205519)[0m trial-302172199-trialrun-302172199-worker-0:3205519:3205519 [0] NCCL INFO Ring 06 : 7 -> 0 -> 1
[36m(WorkerDict pid=3205519)[0m trial-302172199-trialrun-302172199-worker-0:3205519:3205519 [0] NCCL INFO Ring 07 : 7 -> 0 -> 1
[36m(WorkerDict pid=3205519)[0m trial-302172199-trialrun-302172199-worker-0:3205519:3205519 [0] NCCL INFO Ring 08 : 7 -> 0 -> 1
[36m(WorkerDict pid=3205519)[0m trial-302172199-trialrun-302172199-worker-0:3205519:3205519 [0] NCCL INFO Ring 09 : 7 -> 0 -> 1
[36m(WorkerDict pid=3205519)[0m trial-302172199-trialrun-302172199-worker-0:3205519:3205519 [0] NCCL INFO Ring 10 : 7 -> 0 -> 1
[36m(WorkerDict pid=3205519)[0m trial-302172199-trialrun-302172199-worker-0:3205519:3205519 [0] NCCL INFO Ring 11 : 7 -> 0 -> 1
[36m(WorkerDict pid=3205519)[0m trial-302172199-trialrun-302172199-worker-0:3205519:3205519 [0] NCCL INFO Ring 12 : 7 -> 0 -> 1
[36m(WorkerDict pid=3205519)[0m trial-302172199-trialrun-302172199-worker-0:3205519:3205519 [0] NCCL INFO Ring 13 : 7 -> 0 -> 1
[36m(WorkerDict pid=3205519)[0m trial-302172199-trialrun-302172199-worker-0:3205519:3205519 [0] NCCL INFO Ring 14 : 7 -> 0 -> 1
[36m(WorkerDict pid=3205519)[0m trial-302172199-trialrun-302172199-worker-0:3205519:3205519 [0] NCCL INFO Ring 15 : 7 -> 0 -> 1
[36m(WorkerDict pid=3205519)[0m trial-302172199-trialrun-302172199-worker-0:3205519:3205519 [0] NCCL INFO Ring 16 : 7 -> 0 -> 1
[36m(WorkerDict pid=3205519)[0m trial-302172199-trialrun-302172199-worker-0:3205519:3205519 [0] NCCL INFO Ring 17 : 7 -> 0 -> 1
[36m(WorkerDict pid=3205519)[0m trial-302172199-trialrun-302172199-worker-0:3205519:3205519 [0] NCCL INFO Ring 18 : 7 -> 0 -> 1
[36m(WorkerDict pid=3205519)[0m trial-302172199-trialrun-302172199-worker-0:3205519:3205519 [0] NCCL INFO Ring 19 : 7 -> 0 -> 1
[36m(WorkerDict pid=3205519)[0m trial-302172199-trialrun-302172199-worker-0:3205519:3205519 [0] NCCL INFO Ring 20 : 7 -> 0 -> 1
[36m(WorkerDict pid=3205519)[0m trial-302172199-trialrun-302172199-worker-0:3205519:3205519 [0] NCCL INFO Ring 21 : 7 -> 0 -> 1
[36m(WorkerDict pid=3205519)[0m trial-302172199-trialrun-302172199-worker-0:3205519:3205519 [0] NCCL INFO Ring 22 : 7 -> 0 -> 1
[36m(WorkerDict pid=3205519)[0m trial-302172199-trialrun-302172199-worker-0:3205519:3205519 [0] NCCL INFO Ring 23 : 7 -> 0 -> 1
[36m(WorkerDict pid=3205519)[0m trial-302172199-trialrun-302172199-worker-0:3205519:3205519 [0] NCCL INFO Ring 24 : 7 -> 0 -> 1
[36m(WorkerDict pid=3205519)[0m trial-302172199-trialrun-302172199-worker-0:3205519:3205519 [0] NCCL INFO Ring 25 : 7 -> 0 -> 1
[36m(WorkerDict pid=3205519)[0m trial-302172199-trialrun-302172199-worker-0:3205519:3205519 [0] NCCL INFO Ring 26 : 7 -> 0 -> 1
[36m(WorkerDict pid=3205519)[0m trial-302172199-trialrun-302172199-worker-0:3205519:3205519 [0] NCCL INFO Ring 27 : 7 -> 0 -> 1
[36m(WorkerDict pid=3205519)[0m trial-302172199-trialrun-302172199-worker-0:3205519:3205519 [0] NCCL INFO Ring 28 : 7 -> 0 -> 1
[36m(WorkerDict pid=3205519)[0m trial-302172199-trialrun-302172199-worker-0:3205519:3205519 [0] NCCL INFO Ring 29 : 7 -> 0 -> 1
[36m(WorkerDict pid=3205519)[0m trial-302172199-trialrun-302172199-worker-0:3205519:3205519 [0] NCCL INFO Ring 30 : 7 -> 0 -> 1
[36m(WorkerDict pid=3205519)[0m trial-302172199-trialrun-302172199-worker-0:3205519:3205519 [0] NCCL INFO Ring 31 : 7 -> 0 -> 1
[36m(WorkerDict pid=3205519)[0m trial-302172199-trialrun-302172199-worker-0:3205519:3205519 [0] NCCL INFO Trees [0] 1/-1/-1->0->-1 [1] 1/-1/-1->0->-1 [2] 1/-1/-1->0->-1 [3] 1/-1/-1->0->-1 [4] 1/-1/-1->0->-1 [5] 1/-1/-1->0->-1 [6] 1/-1/-1->0->-1 [7] 1/-1/-1->0->-1 [8] 1/-1/-1->0->-1 [9] 1/-1/-1->0->-1 [10] 1/-1/-1->0->-1 [11] 1/-1/-1->0->-1 [12] 1/-1/-1->0->-1 [13] 1/-1/-1->0->-1 [14] 1/-1/-1->0->-1 [15] 1/-1/-1->0->-1 [16] 1/-1/-1->0->-1 [17] 1/-1/-1->0->-1 [18] 1/-1/-1->0->-1 [19] 1/-1/-1->0->-1 [20] 1/-1/-1->0->-1 [21] 1/-1/-1->0->-1 [22] 1/-1/-1->0->-1 [23] 1/-1/-1->0->-1 [24] 1/-1/-1->0->-1 [25] 1/-1/-1->0->-1 [26] 1/-1/-1->0->-1 [27] 1/-1/-1->0->-1 [28] 1/-1/-1->0->-1 [29] 1/-1/-1->0->-1 [30] 1/-1/-1->0->-1 [31] 1/-1/-1->0->-1
[36m(WorkerDict pid=3205519)[0m trial-302172199-trialrun-302172199-worker-0:3205519:3205519 [0] NCCL INFO P2P Chunksize set to 524288
[36m(WorkerDict pid=3205519)[0m trial-302172199-trialrun-302172199-worker-0:3205519:3205519 [0] NCCL INFO PROFILER/Plugin: Could not find: libnccl-profiler.so
[36m(WorkerDict pid=3205519)[0m trial-302172199-trialrun-302172199-worker-0:3205519:3205519 [0] NCCL INFO Check P2P Type isAllDirectP2p 1 directMode 0 isAllCudaP2p 1
[36m(WorkerDict pid=3205519)[0m trial-302172199-trialrun-302172199-worker-0:3205519:3221114 [0] NCCL INFO [Proxy Service] Device 0 CPU core 149
[36m(WorkerDict pid=3205519)[0m trial-302172199-trialrun-302172199-worker-0:3205519:3205519 [0] NCCL INFO ncclP2pSchedule: group size used is 8
[36m(WorkerDict pid=3205519)[0m trial-302172199-trialrun-302172199-worker-0:3205519:3221119 [0] NCCL INFO [Proxy Service UDS] De
[36m(WorkerDict pid=3205521)[0m trial-302172199-trialrun-302172199-worker-0:3205521:3205521 [3] NCCL IN
[36m(WorkerDict pid=3205524)[0m trial-302172199-trialrun-302172199-worker-0:3205524:3205524 [6] NCC
[36m(WorkerDict pid=3205520)[0m trial-302172199-trialrun-302172199-worker-0
[36m(WorkerDict pid=3205525)[0m trial-302172199-trialrun-302172199-worker-0:3205525:3205525 [4] N
[36m(WorkerDict pid=3205516)[0m trial-302172199-trialrun-302172199-worker-0:3205516:3205516 [2] NCCL
[36m(WorkerDict pid=3205519)[0m vice 0 CPU core 165
[36m(WorkerDict pid=3205519)[0m trial-302172199-trialrun-302172199-worker-0:3205519:3205519 [0] NCCL INFO TUNER/Plugin: Could not find: libnccl-tuner.so
[36m(WorkerDict pid=3205519)[0m trial-302172199-trialrun-302172199-worker-0:3205519:3205519 [0] NCCL INFO threadThresholds 8/8/64 | 64/8/64 | 512 | 512
[36m(WorkerDict pid=3205519)[0m trial-302172199-trialrun-302172199-worker-0:3205519:3205519 [0] NCCL INFO 32 coll channels, 32 collnet channels, 24 nvls channels, 32 p2p channels, 32 p2p channels per peer
[36m(WorkerDict pid=3205519)[0m trial-302172199-trialrun-302172199-worker-0:3205519:3205519 [0] NCCL INFO CC Off, workFifoBytes 1048576
[36m(WorkerDict pid=3205519)[0m trial-302172199-trialrun-302172199-worker-0:3205519:3205519 [0] NCCL INFO ncclCommInitRankConfig comm 0x108dcbd0 rank 0 nranks 8 cudaDev 0 nvmlDev 0 busId f000 commId 0xefd4a3dc61ec8ee - Init COMPLETE
[36m(WorkerDict pid=3205519)[0m trial-302172199-trialrun-302172199-worker-0:3205519:3205519 [0] NCCL INFO Init timings - ncclCommInitRankConfig: rank 0 nranks 8 total 3.62 (kernels 0.28, alloc 0.75, bootstrap 0.41, allgathers 0.00, topo 1.72, graphs 0.03, connections 0.43, rest 0.00)
[36m(WorkerDict pid=3205519)[0m trial-302172199-trialrun-302172199-worker-0:3205519:3205519 [0] NCCL INFO Channel 00/0 : 0[0] -> 1[1] via P2P/CUMEM
[36m(WorkerDict pid=3205519)[0m trial-302172199-trialrun-302172199-worker-0:3205519:3205519 [0] NCCL INFO Channel 01/0 : 0[0] -> 1[1] via P2P/CUMEM
[36m(WorkerDict pid=3205519)[0m trial-302172199-trialrun-302172199-worker-0:3205519:3205519 [0] NCCL INFO Channel 02/0 : 0[0] -> 1[1] via P2P/CUMEM
[36m(WorkerDict pid=3205519)[0m trial-302172199-trialrun-302172199-worker-0:3205519:3205519 [0] NCCL INFO Channel 03/0 : 0[0] -> 1[1] via P2P/CUMEM
[36m(WorkerDict pid=3205519)[0m trial-302172199-trialrun-302172199-worker-0:3205519:3205519 [0] NCCL INFO Channel 04/0 : 0[0] -> 1[1] via P2P/CUMEM
[36m(WorkerDict pid=3205519)[0m trial-302172199-trialrun-302172199-worker-0:3205519:3205519 [0] NCCL INFO Channel 05/0 : 0[0] -> 1[1] via P2P/CUMEM
[36m(WorkerDict pid=3205519)[0m trial-302172199-trialrun-302172199-worker-0:3205519:3205519 [0] NCCL INFO Channel 06/0 : 0[0] -> 1[1] via P2P/CUMEM
[36m(WorkerDict pid=3205519)[0m trial-302172199-trialrun-302172199-worker-0:3205519:3205519 [0] NCCL INFO Channel 07/0 : 0[0] -> 1[1] via P2P/CUMEM
[36m(WorkerDict pid=3205519)[0m trial-302172199-trialrun-302172199-worker-0:3205519:3205519 [0] NCCL INFO Channel 08/0 : 0[0] -> 1[1] via P2P/CUMEM
[36m(WorkerDict pid=3205519)[0m trial-302172199-trialrun-302172199-worker-0:3205519:3205519 [0] NCCL INFO Channel 09/0 : 0[0] -> 1[1] via P2P/CUMEM
[36m(WorkerDict pid=3205519)[0m trial-302172199-trialrun-302172199-worker-0:3205519:3205519 [0] NCCL INFO Channel 10/0 : 0[0] -> 1[1] via P2P/CUMEM
[36m(WorkerDict pid=3205519)[0m trial-302172199-trialrun-302172199-worker-0:3205519:3205519 [0] NCCL INFO Channel 11/0 : 0[0] -> 1[1] via P2P/CUMEM
[36m(WorkerDict pid=3205519)[0m trial-302172199-trialrun-302172199-worker-0:3205519:3205519 [0] NCCL INFO Channel 12/0 : 0[0] -> 1[1] via P2P/CUMEM
[36m(WorkerDict pid=3205519)[0m trial-302172199-trialrun-302172199-worker-0:3205519:3205519 [0] NCCL INFO Channel 13/0 : 0[0] -> 1[1] via P2P/CUMEM
[36m(WorkerDict pid=3205519)[0m trial-302172199-trialrun-302172199-worker-0:3205519:3205519 [0] NCCL INFO Channel 14/0 : 0[0] -> 1[1] via P2P/CUMEM
[36m(WorkerDict pid=3205519)[0m trial-302172199-trialrun-302172199-worker-0:3205519:3205519 [0] NCCL INFO Channel 15/0 : 0[0] -> 1[1] via P2P/CUMEM
[36m(WorkerDict pid=3205519)[0m trial-302172199-trialrun-302172199-worker-0:3205519:3205519 [0] NCCL INFO Channel 16/0 : 0[0] -> 1[1] via P2P/CUMEM
[36m(WorkerDict pid=3205519)[0m trial-302172199-trialrun-302172199-worker-0:3205519:3205519 [0] NCCL INFO Channel 17/0 : 0[0] -> 1[1] via P2P/CUMEM
[36m(WorkerDict pid=3205519)[0m trial-302172199-trialrun-302172199-worker-0:3205519:3205519 [0] NCCL INFO Channel 18/0 : 0[0] -> 1[1] via P2P/CUMEM
[36m(WorkerDict pid=3205519)[0m trial-302172199-trialrun-302172199-worker-0:3205519:3205519 [0] NCCL INFO Channel 19/0 : 0[0] -> 1[1] via P2P/CUMEM
[36m(WorkerDict pid=3205519)[0m trial-302172199-trialrun-302172199-worker-0:3205519:3205519 [0] NCCL INFO Channel 20/0 : 0[0] -> 1[1] via P2P/CUMEM
[36m(WorkerDict pid=3205519)[0m trial-302172199-trialrun-302172199-worker-0:3205519:3205519 [0] NCCL INFO Channel 21/0 : 0[0] -> 1[1] via P2P/CUMEM
[36m(WorkerDict pid=3205519)[0m trial-302172199-trialrun-302172199-worker-0:3205519:3205519 [0] NCCL INFO Channel 22/0 : 0[0] -> 1[1] via P2P/CUMEM
[36m(WorkerDict pid=3205519)[0m trial-302172199-trialrun-302172199-worker-0:3205519:3205519 [0] NCCL INFO Channel 23/0 : 0[0] -> 1[1] via P2P/CUMEM
[36m(WorkerDict pid=3205519)[0m trial-302172199-trialrun-302172199-worker-0:3205519:3205519 [0] NCCL INFO Channel 24/0 : 0[0] -> 1[1] via P2P/CUMEM
[36m(WorkerDict pid=3205519)[0m trial-302172199-trialrun-302172199-worker-0:3205519:3205519 [0] NCCL INFO Channel 25/0 : 0[0] -> 1[1] via P2P/CUMEM
[36m(WorkerDict pid=3205519)[0m trial-302172199-trialrun-302172199-worker-0:3205519:3205519 [0] NCCL INFO Channel 26/0 :
[36m(WorkerDict pid=3205521)[0m FO Ring 30 : 2 -> 3 -> 4
[36m(WorkerDict pid=3205521)[0m trial-302172199-trialrun-302172199-worker-0:3205521:3221107 [0] NCCL INFO [Proxy Service UDS] Device 3 CPU core 186
[36m(WorkerDict pid=3205521)[0m trial-302172199-trialrun-302172199-worker-0:3205521:3205521 [3] NCCL INFO Channel 14/0 : 3[3] -> 4[4]
[36m(WorkerDict pid=3205524)[0m L INFO Ring 30 : 5 -> 6 -> 7
[36m(WorkerDict pid=3205520)[0m trial-302172199-tr
[36m(WorkerDict pid=3205525)[0m CCL INFO Ring 30 : 3 -> 4 -> 5
[36m(WorkerDict pid=3205525)[0m trial-302172199-trialrun-302172199-worker-0:3205525:3205525 [4] NCCL INFO Channel 14/0 : 4[4] -
[36m(WorkerDict pid=3205516)[0m INFO Ring 30 : 1 -> 2 -> 3
[36m(WorkerDict pid=3205522)[0m trial-302172199-trialrun-302172199-worker-0:3205522:3205522 [7]
[36m(WorkerDict pid=3205519)[0m Actor use_remove_padding=True
[36m(WorkerDict pid=3205519)[0m Actor use_fused_kernels=True
[36m(WorkerDict pid=3205520)[0m Monkey patch _flash_attention_forward in transformers.integrations.flash_attention[32m [repeated 7x across cluster][0m
[36m(WorkerDict pid=3205520)[0m Using Triton backend for fused kernels in Qwen2ForCausalLM[32m [repeated 7x across cluster][0m
[36m(WorkerDict pid=3205522)[0m trial-302172199-trialrun-302172199-worker-0:3205522:3205522 [7] NCCL INFO ENV/Plugin: Could not find: libnccl-env.so[32m [repeated 7x across cluster][0m
[36m(WorkerDict pid=3205522)[0m trial-302172199-trialrun-302172199-worker-0:3205522:3205522 [7] NCCL INFO NCCL_SOCKET_FAMILY set by environment to AF_INET6[32m [repeated 14x across cluster][0m
[36m(WorkerDict pid=3205522)[0m trial-302172199-trialrun-302172199-worker-0:3205522:3205522 [7] NCCL INFO NCCL_SOCKET_IFNAME set by environment to =eth0[32m [repeated 14x across cluster][0m
[36m(WorkerDict pid=3205522)[0m trial-302172199-trialrun-302172199-worker-0:3205522:3205522 [7] NCCL INFO cudaDriverVersion 13000[32m [repeated 7x across cluster][0m
[36m(WorkerDict pid=3205522)[0m trial-302172199-trialrun-302172199-worker-0:3205522:3205522 [7] NCCL INFO NCCL version 2.28.9+cuda13.0[32m [repeated 7x across cluster][0m
[36m(WorkerDict pid=3205522)[0m trial-302172199-trialrun-302172199-worker-0:3205522:3205522 [7] NCCL INFO Comm config Blocking set to 1[32m [repeated 7x across cluster][0m
[36m(WorkerDict pid=3205522)[0m trial-302172199-trialrun-302172199-worker-0:3205522:3205522 [7] NCCL INFO NCCL_NET_PLUGIN set by environment to none[32m [repeated 7x across cluster][0m
[36m(WorkerDict pid=3205522)[0m trial-302172199-trialrun-302172199-worker-0:3205522:3205522 [7] NCCL INFO NET/Socket : Using [0]eth0:fdbd:dc61:ff:f000:ffff:ffff:0:16<0>[32m [repeated 7x across cluster][0m
[36m(WorkerDict pid=3205522)[0m trial-302172199-trialrun-302172199-worker-0:3205522:3205522 [7] NCCL INFO Initialized NET plugin Socket[32m [repeated 7x across cluster][0m
[36m(WorkerDict pid=3205522)[0m trial-302172199-trialrun-302172199-worker-0:3205522:3205522 [7] NCCL INFO Assigned NET plugin Socket to comm[32m [repeated 7x across cluster][0m
[36m(WorkerDict pid=3205522)[0m trial-302172199-trialrun-302172199-worker-0:3205522:3205522 [7] NCCL INFO Using network Socket[32m [repeated 7x across cluster][0m
[36m(WorkerDict pid=3205522)[0m trial-302172199-trialrun-302172199-worker-0:3205522:3205522 [7] NCCL INFO ncclCommInitRankConfig comm 0x10792f00 rank 7 nranks 8 cudaDev 7 nvmlDev 7 busId d8000 commId 0xefd4a3dc61ec8ee - Init START[32m [repeated 7x across cluster][0m
[36m(WorkerDict pid=3205522)[0m trial-302172199-trialrun-302172199-worker-0:3205522:3205522 [7] NCCL INFO RAS client listening socket at ::1<28028>[32m [repeated 7x across cluster][0m
[36m(WorkerDict pid=3205522)[0m trial-302172199-trialrun-302172199-worker-0:3205522:3205522 [7] NCCL INFO MNNVL busId 0xd8000 fabric UUID 0.0 cliqueId 0x0 state 3 healthMask 0x80[32m [repeated 7x across cluster][0m
[36m(WorkerDict pid=3205522)[0m trial-302172199-trialrun-302172199-worker-0:3205522:3205522 [7] NCCL INFO Could not find real path of /sys/class/pci_bus/fffffff/../../fffffff:ff:f[32m [repeated 7x across cluster][0m
[36m(WorkerDict pid=3205522)[0m trial-302172199-trialrun-302172199-worker-0:3205522:3205522 [7] NCCL INFO TOPO/NET : Importing network plugins to topology[32m [repeated 7x across cluster][0m
[36m(WorkerDict pid=3205522)[0m trial-302172199-trialrun-302172199-worker-0:3205522:3205522 [7] NCCL INFO ncclTopoPopulateNics : Filled eth0 in topo with pciPath=(null) keep=1 coll=(null)[32m [repeated 7x across cluster][0m
[36m(WorkerDict pid=3205522)[0m trial-302172199-trialrun-302172199-worker-0:3205522:3205522 [7] NCCL INFO === System : maxBw 721.8 totalBw 721.8 ===[32m [repeated 7x across cluster][0m
[36m(WorkerDict pid=3205522)[0m trial-302172199-trialrun-302172199-worker-0:3205522:3205522 [7] NCCL INFO NET/0-0 :GPU/0-f000 (4/1.2/PHB) GPU/0-2d000 (4/1.2/PHB) GPU/0-44000 (4/1.2/PHB) GPU/0-5b000 (4/1.2/PHB) GPU/0-89000 (5/1.2/SYS) GPU/0-a8000 (5/1.2/SYS) GPU/0-c0000 (5/1.2/SYS) GPU/0-d8000 (5/1.2/SYS) CPU/0-0 (2/1.2/PHB) CPU/0-1 (3/1.2/SYS) NET/0-0 (0/5000.0/LOC) NET/0-0 (0/0.0/DIS) [32m [repeated 84x across cluster][0m
[36m(WorkerDict pid=3205522)[0m trial-302172199-trialrun-302172199-worker-0:3205522:3205522 [7] NCCL INFO + SYS[40.0] - CPU/0-0[32m [repeated 203x across cluster][0m
[36m(WorkerDict pid=3205522)[0m trial-302172199-trialrun-302172199-worker-0:3205522:3205522 [7] NCCL INFO ==========================================[32m [repeated 7x across cluster][0m
[36m(WorkerDict pid=3205522)[0m trial-302172199-trialrun-302172199-worker-0:3205522:3205522 [7] NCCL INFO ncclTopoGetCpuAffinity: Affinity for GPU 7 is 64-126,192-254. (GPU affinity = 64-127,192-255 ; CPU affinity = 0-62,64-126,128-190,192-254).[32m [repeated 7x across cluster][0m
[36m(WorkerDict pid=3205522)[0m trial-302172199-trialrun-302172199-worker-0:3205522:3205522 [7] NCCL INFO NCCL_NVLS_ENABLE set by environment to 1.[32m [repeated 7x across cluster][0m
[36m(WorkerDict pid=3205522)[0m trial-302172199-trialrun-302172199-worker-0:3205522:3205522 [7] NCCL INFO NVLS multicast support is available on dev 7 (NVLS_NCHANNELS 24)[32m [repeated 7x across cluster][0m
[36m(WorkerDict pid=3205522)[0m trial-302172199-trialrun-302172199-worker-0:3205522:3205522 [7] NCCL INFO Pattern 5, crossNic 0, nChannels 8, bw 80.000000/90.000000, type NVL/PIX, sameChannels 0[32m [repeated 21x across cluster][0m
[36m(WorkerDict pid=3205522)[0m trial-302172199-trialrun-302172199-worker-0:3205522:3205522 [7] NCCL INFO  7 : GPU/0-d8000[32m [repeated 280x across cluster][0m
[36m(WorkerDict pid=3205522)[0m trial-302172199-trialrun-302172199-worker-0:3205522:3205522 [7] NCCL INFO comm 0x10792f00 rank 7 nRanks 8 nNodes 1 localRanks 8 localRank 7 MNNVL 0[32m [repeated 7x across cluster][0m
[36m(WorkerDict pid=3205520)[0m trial-302172199-trialrun-302172199-worker-0:3205520:3205520 [1] NCCL INFO Tree 31 : 0 -> 1 -> 2/-1/-1[32m [repeated 32x across cluster][0m
[36m(WorkerDict pid=3205522)[0m trial-302172199-trialrun-302172199-worker-0:3205522:3205522 [7] NCCL INFO Ring 31 : 6 -> 7 -> 0[32m [repeated 218x across cluster][0m
[36m(WorkerDict pid=3205522)[0m trial-302172199-trialrun-302172199-worker-0:3205522:3205522 [7] NCCL INFO Trees [0] -1/-1/-1->7->6 [1] -1/-1/-1->7->6 [2] -1/-1/-1->7->6 [3] -1/-1/-1->7->6 [4] -1/-1/-1->7->6 [5] -1/-1/-1->7->6 [6] -1/-1/-1->7->6 [7] -1/-1/-1->7->6 [8] -1/-1/-1->7->6 [9] -1/-1/-1->7->6 [10] -1/-1/-1->7->6 [11] -1/-1/-1->7->6 [12] -1/-1/-1->7->6 [13] -1/-1/-1->7->6 [14] -1/-1/-1->7->6 [15] -1/-1/-1->7->6 [16] -1/-1/-1->7->6 [17] -1/-1/-1->7->6 [18] -1/-1/-1->7->6 [19] -1/-1/-1->7->6 [20] -1/-1/-1->7->6 [21] -1/-1/-1->7->6 [22] -1/-1/-1->7->6 [23] -1/-1/-1->7->6 [24] -1/-1/-1->7->6 [25] -1/-1/-1->7->6 [26] -1/-1/-1->7->6 [27] -1/-1/-1->7->6 [28] -1/-1/-1->7->6 [29] -1/-1/-1->7->6 [30] -1/-1/-1->7->6 [31] -1/-1/-1->7->6[32m [repeated 7x across cluster][0m
[36m(WorkerDict pid=3205522)[0m trial-302172199-trialrun-302172199-worker-0:3205522:3205522 [7] NCCL INFO P2P Chunksize set to 524288[32m [repeated 7x across cluster][0m
[36m(WorkerDict pid=3205522)[0m trial-302172199-trialrun-302172199-worker-0:3205522:3205522 [7] NCCL INFO PROFILER/Plugin: Could not find: libnccl-profiler.so[32m [repeated 7x across cluster][0m
[36m(WorkerDict pid=3205522)[0m trial-302172199-trialrun-302172199-worker-0:3205522:3205522 [7] NCCL INFO Check P2P Type isAllDirectP2p 1 directMode 0 isAllCudaP2p 1[32m [repeated 7x across cluster][0m
[36m(WorkerDict pid=3205522)[0m trial-302172199-trialrun-302172199-worker-0:3205522:3221111 [0] NCCL INFO [Proxy Service] Device 7 CPU core 116[32m [repeated 7x across cluster][0m
[36m(WorkerDict pid=3205522)[0m trial-302172199-trialrun-302172199-worker-0:3205522:3205522 [7] NCCL INFO ncclP2pSchedule: group size used is 8[32m [repeated 7x across cluster][0m
[36m(WorkerDict pid=3205523)[0m trial-302172199-trialrun-302172199-worker-0:3205523:3205523 [5] NCC
[36m(WorkerDict pid=3205522)[0m trial-302172199-trialrun-302172199-worker-0:3205522:3205522 [7] N
[36m(WorkerDict pid=3205519)[0m Model config after override: Qwen2Config {
[36m(WorkerDict pid=3205519)[0m   "architectures": [
[36m(WorkerDict pid=3205519)[0m     "Qwen2ForCausalLM"
[36m(WorkerDict pid=3205519)[0m   ],
[36m(WorkerDict pid=3205519)[0m   "attention_dropout": 0.0,
[36m(WorkerDict pid=3205519)[0m   "bos_token_id": null,
[36m(WorkerDict pid=3205519)[0m   "dtype": "bfloat16",
[36m(WorkerDict pid=3205519)[0m   "eos_token_id": 151643,
[36m(WorkerDict pid=3205519)[0m   "hidden_act": "silu",
[36m(WorkerDict pid=3205519)[0m   "hidden_size": 3584,
[36m(WorkerDict pid=3205519)[0m   "initializer_range": 0.02,
[36m(WorkerDict pid=3205519)[0m   "intermediate_size": 18944,
[36m(WorkerDict pid=3205519)[0m   "layer_types": [
[36m(WorkerDict pid=3205519)[0m     "full_attention",
[36m(WorkerDict pid=3205519)[0m     "full_attention",
[36m(WorkerDict pid=3205519)[0m     "full_attention",
[36m(WorkerDict pid=3205519)[0m     "full_attention",
[36m(WorkerDict pid=3205519)[0m     "full_attention",
[36m(WorkerDict pid=3205519)[0m     "full_attention",
[36m(WorkerDict pid=3205519)[0m     "full_attention",
[36m(WorkerDict pid=3205519)[0m     "full_attention",
[36m(WorkerDict pid=3205519)[0m     "full_attention",
[36m(WorkerDict pid=3205519)[0m     "full_attention",
[36m(WorkerDict pid=3205519)[0m     "full_attention",
[36m(WorkerDict pid=3205519)[0m     "full_attention",
[36m(WorkerDict pid=3205519)[0m     "full_attention",
[36m(WorkerDict pid=3205519)[0m     "full_attention",
[36m(WorkerDict pid=3205519)[0m     "full_attention",
[36m(WorkerDict pid=3205519)[0m     "full_attention",
[36m(WorkerDict pid=3205519)[0m     "full_attention",
[36m(WorkerDict pid=3205519)[0m     "full_attention",
[36m(WorkerDict pid=3205519)[0m     "full_attention",
[36m(WorkerDict pid=3205519)[0m     "full_attention",
[36m(WorkerDict pid=3205519)[0m     "full_attention",
[36m(WorkerDict pid=3205519)[0m     "full_attention",
[36m(WorkerDict pid=3205519)[0m     "full_attention",
[36m(WorkerDict pid=3205519)[0m     "full_attention",
[36m(WorkerDict pid=3205519)[0m     "full_attention",
[36m(WorkerDict pid=3205519)[0m     "full_attention",
[36m(WorkerDict pid=3205519)[0m     "full_attention",
[36m(WorkerDict pid=3205519)[0m     "full_attention"
[36m(WorkerDict pid=3205519)[0m   ],
[36m(WorkerDict pid=3205519)[0m   "max_position_embeddings": 4096,
[36m(WorkerDict pid=3205519)[0m   "max_window_layers": 28,
[36m(WorkerDict pid=3205519)[0m   "model_type": "qwen2",
[36m(WorkerDict pid=3205519)[0m   "num_attention_heads": 28,
[36m(WorkerDict pid=3205519)[0m   "num_hidden_layers": 28,
[36m(WorkerDict pid=3205519)[0m   "num_key_value_heads": 4,
[36m(WorkerDict pid=3205519)[0m   "pad_token_id": 151643,
[36m(WorkerDict pid=3205519)[0m   "rms_norm_eps": 1e-06,
[36m(WorkerDict pid=3205519)[0m   "rope_parameters": {
[36m(WorkerDict pid=3205519)[0m     "rope_theta": 10000,
[36m(WorkerDict pid=3205519)[0m     "rope_type": "default"
[36m(WorkerDict pid=3205519)[0m   },
[36m(WorkerDict pid=3205519)[0m   "sliding_window": null,
[36m(WorkerDict pid=3205519)[0m   "tie_word_embeddings": false,
[36m(WorkerDict pid=3205519)[0m   "transformers_version": "5.12.1",
[36m(WorkerDict pid=3205519)[0m   "use_cache": true,
[36m(WorkerDict pid=3205519)[0m   "use_mrope": false,
[36m(WorkerDict pid=3205519)[0m   "use_sliding_window": false,
[36m(WorkerDict pid=3205519)[0m   "vocab_size": 152064
[36m(WorkerDict pid=3205519)[0m }
[36m(WorkerDict pid=3205519)[0m
[36m(WorkerDict pid=3205522)[0m trial-302172199-trialrun-302172199-worker-0:3205522:3205522 [7] NCCL INFO TUNER/Plugin: Could not find: libnccl-tuner.so[32m [repeated 7x across cluster][0m
[36m(WorkerDict pid=3205522)[0m trial-302172199-trialrun-302172199-worker-0:3205522:3205522 [7] NCCL INFO threadThresholds 8/8/64 | 64/8/64 | 512 | 512[32m [repeated 7x across cluster][0m
[36m(WorkerDict pid=3205522)[0m trial-302172199-trialrun-302172199-worker-0:3205522:3205522 [7] NCCL INFO 32 coll channels, 32 collnet channels, 24 nvls channels, 32 p2p channels, 32 p2p channels per peer[32m [repeated 7x across cluster][0m
[36m(WorkerDict pid=3205522)[0m trial-302172199-trialrun-302172199-worker-0:3205522:3205522 [7] NCCL INFO ncclCommInitRankConfig comm 0x10792f00 rank 7 nranks 8 cudaDev 7 nvmlDev 7 busId d8000 commId 0xefd4a3dc61ec8ee - Init COMPLETE[32m [repeated 7x across cluster][0m
[36m(WorkerDict pid=3205522)[0m trial-302172199-trialrun-302172199-worker-0:3205522:3205522 [7] NCCL INFO Init timings - ncclCommInitRankConfig: rank 7 nranks 8 total 3.62 (kernels 0.32, alloc 0.63, bootstrap 0.49, allgathers 0.00, topo 1.71, graphs 0.03, connections 0.43, rest 0.00)[32m [repeated 7x across cluster][0m
[36m(WorkerDict pid=3205525)[0m WARNING:2026-08-01 22:01:18,257:Initializing torch.distributed: rank=4 world_size=8 init_method=tcp://[fdbd:dc61:ff:f000:ffff:ffff:0:16]:60105 master=fdbd:dc61:ff:f000:ffff:ffff:0:16:60105[32m [repeated 7x across cluster][0m
[36m(WorkerDict pid=3205525)[0m [W801 22:01:18.562480036 ProcessGroupNCCL.cpp:932] Warning: TORCH_NCCL_AVOID_RECORD_STREAMS is the default now, this environment variable is thus deprecated. (function operator())[32m [repeated 7x across cluster][0m
[36m(WorkerDict pid=3205525)[0m Loading weights:   0%|          | 0/339 [00:00<?, ?it/s]Loading weights: 100%|██████████| 339/339 [00:00<00:00, 11884.56it/s][32m [repeated 3x across cluster][0m
[36m(WorkerDict pid=3205519)[0m Loading weights:   0%|          | 0/339 [00:00<?, ?it/s][32m [repeated 4x across cluster][0m
[36m(WorkerDict pid=3205520)[0m Loading weights: 100%|██████████| 339/339 [00:00<00:00, 11889.53it/s][32m [repeated 3x across cluster][0m
[36m(WorkerDict pid=3205519)[0m Loading weights:   0%|          | 1/339 [00:01<05:59,  1.06s/it]
[36m(WorkerDict pid=3205519)[0m Loading weights:  97%|█████████▋| 329/339 [00:03<00:00, 104.30it/s]Loading weights: 100%|██████████| 339/339 [00:03<00:00, 88.75it/s]
[36m(WorkerDict pid=3205525)[0m Loading weights:   0%|          | 0/339 [00:00<?, ?it/s][32m [repeated 7x across cluster][0m
[36m(WorkerDict pid=3205516)[0m Loading weights: 100%|██████████| 339/339 [00:04<00:00, 75.31it/s][32m [repeated 7x across cluster][0m
[36m(WorkerDict pid=3205519)[0m WARNING:2026-08-01 22:01:46,473:Dropping unsupported vLLM engine kwargs for this version: ['disable_mm_preprocessor_cache']
[36m(WorkerDict pid=3205524)[0m Loading weights:  90%|█████████ | 306/339 [00:05<00:00, 67.23it/s][32m [repeated 222x across cluster][0m
[36m(WorkerDict pid=3205523)[0m Loading weights:  99%|█████████▉| 336/339 [00:05<00:00, 75.38it/s]Loading weights: 100%|██████████| 339/339 [00:05<00:00, 61.34it/s][32m [repeated 4x across cluster][0m
[36m(WorkerDict pid=3205524)[0m Loading weights: 100%|██████████| 339/339 [00:05<00:00, 60.50it/s][32m [repeated 11x across cluster][0m
[36m(WorkerDict pid=3205522)[0m /mlx_devbox/users/quyanyi/playground/.venvs/ttrl_b200/lib/python3.11/site-packages/nvidia_cutlass_dsl/python_packages/cutlass/cute/core.py:5791: DeprecationWarning: Use explicit `struct.scalar.ptr` for pointer instead.
[36m(WorkerDict pid=3205522)[0m   warnings.warn(
[36m(WorkerDict pid=3205525)[0m WARNING:2026-08-01 22:01:46,473:Dropping unsupported vLLM engine kwargs for this version: ['disable_mm_preprocessor_cache'][32m [repeated 7x across cluster][0m
[36m(WorkerDict pid=3205522)[0m /mlx_devbox/users/quyanyi/playground/.venvs/ttrl_b200/lib/python3.11/site-packages/nvidia_cutlass_dsl/python_packages/cutlass/cute/core.py:5791: DeprecationWarning: Use explicit `struct.scalar.ptr` for pointer instead.
[36m(WorkerDict pid=3205522)[0m   warnings.warn(
[36m(WorkerDict pid=3205519)[0m 2026-08-01 22:02:17,016 - INFO - autotuner.py:622 - flashinfer.jit: [Autotuner]: Autotuning process starts ...
[36m(WorkerDict pid=3205519)[0m 2026-08-01 22:02:17,038 - INFO - autotuner.py:641 - flashinfer.jit: [Autotuner]: Autotuning process ends
[36m(WorkerDict pid=3205524)[0m /mlx_devbox/users/quyanyi/playground/.venvs/ttrl_b200/lib/python3.11/site-packages/nvidia_cutlass_dsl/python_packages/cutlass/cute/core.py:5791: DeprecationWarning: Use explicit `struct.scalar.ptr` for pointer instead.[32m [repeated 102x across cluster][0m
[36m(WorkerDict pid=3205524)[0m   warnings.warn([32m [repeated 102x across cluster][0m
[36m(WorkerDict pid=3205519)[0m Capturing CUDA graphs (mixed prefill-decode, PIECEWISE):   0%|          | 0/51 [00:00<?, ?it/s]
[36m(WorkerDict pid=3205519)[0m Capturing CUDA graphs (mixed prefill-decode, PIECEWISE):   8%|▊         | 4/51 [00:00<00:01, 33.93it/s]
[36m(WorkerDict pid=3205519)[0m Capturing CUDA graphs (mixed prefill-decode, PIECEWISE):  16%|█▌        | 8/51 [00:00<00:01, 33.28it/s]
[36m(WorkerDict pid=3205519)[0m Capturing CUDA graphs (mixed prefill-decode, PIECEWISE):  24%|██▎       | 12/51 [00:00<00:01, 32.70it/s]
[36m(WorkerDict pid=3205519)[0m Capturing CUDA graphs (mixed prefill-decode, PIECEWISE):  31%|███▏      | 16/51 [00:00<00:01, 31.27it/s]
[36m(WorkerDict pid=3205519)[0m Capturing CUDA graphs (mixed prefill-decode, PIECEWISE):  39%|███▉      | 20/51 [00:00<00:00, 31.56it/s]
[36m(WorkerDict pid=3205519)[0m Capturing CUDA graphs (mixed prefill-decode, PIECEWISE):  47%|████▋     | 24/51 [00:00<00:00, 31.51it/s]
[36m(WorkerDict pid=3205519)[0m Capturing CUDA graphs (mixed prefill-decode, PIECEWISE):  55%|█████▍    | 28/51 [00:00<00:00, 31.37it/s]
[36m(WorkerDict pid=3205519)[0m Capturing CUDA graphs (mixed prefill-decode, PIECEWISE):  63%|██████▎   | 32/51 [00:01<00:00, 30.58it/s]
[36m(WorkerDict pid=3205519)[0m Capturing CUDA graphs (mixed prefill-decode, PIECEWISE):  71%|███████   | 36/51 [00:01<00:00, 30.47it/s]
[36m(WorkerDict pid=3205519)[0m Capturing CUDA graphs (mixed prefill-decode, PIECEWISE):  78%|███████▊  | 40/51 [00:01<00:00, 29.93it/s]
[36m(WorkerDict pid=3205519)[0m Capturing CUDA graphs (mixed prefill-decode, PIECEWISE):  84%|████████▍ | 43/51 [00:01<00:00, 28.83it/s]
[36m(WorkerDict pid=3205519)[0m Capturing CUDA graphs (mixed prefill-decode, PIECEWISE):  90%|█████████ | 46/51 [00:01<00:00, 28.68it/s]
[36m(WorkerDict pid=3205519)[0m Capturing CUDA graphs (mixed prefill-decode, PIECEWISE):  98%|█████████▊| 50/51 [00:01<00:00, 29.45it/s]
[36m(WorkerDict pid=3205519)[0m Capturing CUDA graphs (mixed prefill-decode, PIECEWISE): 100%|██████████| 51/51 [00:01<00:00, 30.10it/s]
[36m(WorkerDict pid=3205519)[0m Capturing CUDA graphs (decode, FULL):   0%|          | 0/51 [00:00<?, ?it/s]
[36m(WorkerDict pid=3205519)[0m Capturing CUDA graphs (decode, FULL):   8%|▊         | 4/51 [00:00<00:01, 38.11it/s]
[36m(WorkerDict pid=3205519)[0m Capturing CUDA graphs (decode, FULL):  16%|█▌        | 8/51 [00:00<00:01, 35.25it/s]
[36m(WorkerDict pid=3205519)[0m Capturing CUDA graphs (decode, FULL):  24%|██▎       | 12/51 [00:00<00:01, 36.87it/s]
[36m(WorkerDict pid=3205519)[0m Capturing CUDA graphs (decode, FULL):  31%|███▏      | 16/51 [00:00<00:00, 37.68it/s]
[36m(WorkerDict pid=3205519)[0m Capturing CUDA graphs (decode, FULL):  39%|███▉      | 20/51 [00:00<00:00, 38.10it/s]
[36m(WorkerDict pid=3205519)[0m Capturing CUDA graphs (decode, FULL):  47%|████▋     | 24/51 [00:00<00:00, 38.23it/s]
[36m(WorkerDict pid=3205519)[0m Capturing CUDA graphs (decode, FULL):  55%|█████▍    | 28/51 [00:00<00:00, 38.17it/s]
[36m(WorkerDict pid=3205519)[0m Capturing CUDA graphs (decode, FULL):  63%|██████▎   | 32/51 [00:00<00:00, 38.05it/s]
[36m(WorkerDict pid=3205519)[0m Capturing CUDA graphs (decode, FULL):  71%|███████   | 36/51 [00:00<00:00, 37.85it/s]
[36m(WorkerDict pid=3205519)[0m Capturing CUDA graphs (decode, FULL):  78%|███████▊  | 40/51 [00:01<00:00, 38.00it/s]
[36m(WorkerDict pid=3205519)[0m Capturing CUDA graphs (decode, FULL):  86%|████████▋ | 44/51 [00:01<00:00, 38.17it/s]
[36m(WorkerDict pid=3205525)[0m 2026-08-01 22:02:17,016 - INFO - autotuner.py:622 - flashinfer.jit: [Autotuner]: Autotuning process starts ...[32m [repeated 7x across cluster][0m
[36m(WorkerDict pid=3205525)[0m 2026-08-01 22:02:17,038 - INFO - autotuner.py:641 - flashinfer.jit: [Autotuner]: Autotuning process ends[32m [repeated 7x across cluster][0m
[36m(WorkerDict pid=3205519)[0m /mlx_devbox/users/quyanyi/playground/.venvs/ttrl_b200/lib/python3.11/site-packages/nvidia_cutlass_dsl/python_packages/cutlass/cute/core.py:5791: DeprecationWarning: Use explicit `struct.scalar.ptr` for pointer instead.[32m [repeated 3x across cluster][0m
[36m(WorkerDict pid=3205519)[0m   warnings.warn([32m [repeated 3x across cluster][0m
[36m(WorkerDict pid=3205519)[0m Capturing CUDA graphs (decode, FULL):  94%|█████████▍| 48/51 [00:12<00:02,  1.16it/s]
[36m(WorkerDict pid=3205524)[0m /mlx_devbox/users/quyanyi/playground/.venvs/ttrl_b200/lib/python3.11/site-packages/nvidia_cutlass_dsl/python_packages/cutlass/cute/core.py:5791: DeprecationWarning: Use explicit `struct.scalar.ptr` for pointer instead.[32m [repeated 101x across cluster][0m
[36m(WorkerDict pid=3205524)[0m   warnings.warn([32m [repeated 101x across cluster][0m
[36m(WorkerDict pid=3205519)[0m Capturing CUDA graphs (decode, FULL): 100%|██████████| 51/51 [00:12<00:00,  4.14it/s]
[36m(WorkerDict pid=3205521)[0m /mlx_devbox/users/quyanyi/playground/TTRL/verl/verl/workers/sharding_manager/fsdp_vllm.py:97: FutureWarning: FSDP.state_dict_type() and FSDP.set_state_dict_type() are being deprecated. Please use APIs, get_state_dict() and set_state_dict(), which can support different parallelisms, FSDP1, FSDP2, DDP. API doc: https://pytorch.org/docs/stable/distributed.checkpoint.html#torch.distributed.checkpoint.state_dict.get_state_dict .Tutorial: https://pytorch.org/tutorials/recipes/distributed_checkpoint_recipe.html .
[36m(WorkerDict pid=3205521)[0m   FSDP.set_state_dict_type(
[36m(TaskRunner pid=3205517)[0m Training Progress:   0%|          | 0/20 [00:00<?, ?it/s]
[36m(WorkerDict pid=3205519)[0m /mlx_devbox/users/quyanyi/playground/.venvs/ttrl_b200/lib/python3.11/site-packages/nvidia_cutlass_dsl/python_packages/cutlass/cute/core.py:5791: DeprecationWarning: Use explicit `struct.scalar.ptr` for pointer instead.
[36m(WorkerDict pid=3205519)[0m   warnings.warn(
[36m(WorkerDict pid=3205525)[0m /mlx_devbox/users/quyanyi/playground/TTRL/verl/verl/workers/sharding_manager/fsdp_vllm.py:97: FutureWarning: FSDP.state_dict_type() and FSDP.set_state_dict_type() are being deprecated. Please use APIs, get_state_dict() and set_state_dict(), which can support different parallelisms, FSDP1, FSDP2, DDP. API doc: https://pytorch.org/docs/stable/distributed.checkpoint.html#torch.distributed.checkpoint.state_dict.get_state_dict .Tutorial: https://pytorch.org/tutorials/recipes/distributed_checkpoint_recipe.html .[32m [repeated 7x across cluster][0m
[36m(WorkerDict pid=3205525)[0m   FSDP.set_state_dict_type([32m [repeated 7x across cluster][0m
[36m(WorkerDict pid=3205521)[0m /mlx_devbox/users/quyanyi/playground/.venvs/ttrl_b200/lib/python3.11/site-packages/nvidia_cutlass_dsl/python_packages/cutlass/cute/core.py:5791: DeprecationWarning: Use explicit `struct.scalar.ptr` for pointer instead.
[36m(WorkerDict pid=3205521)[0m   warnings.warn(
[36m(WorkerDict pid=3205521)[0m /mlx_devbox/users/quyanyi/playground/.venvs/ttrl_b200/lib/python3.11/site-packages/nvidia_cutlass_dsl/python_packages/cutlass/cute/core.py:5791: DeprecationWarning: Use explicit `struct.scalar.ptr` for pointer instead.
[36m(WorkerDict pid=3205521)[0m   warnings.warn(
[36m(WorkerDict pid=3205521)[0m /mlx_devbox/users/quyanyi/playground/.venvs/ttrl_b200/lib/python3.11/site-packages/nvidia_cutlass_dsl/python_packages/cutlass/cute/core.py:5791: DeprecationWarning: Use explicit `struct.scalar.ptr` for pointer instead.
[36m(WorkerDict pid=3205521)[0m   warnings.warn(
[36m(TaskRunner pid=3205517)[0m <string>:1: SymPyDeprecationWarning:
[36m(TaskRunner pid=3205517)[0m
[36m(TaskRunner pid=3205517)[0m Using non-Expr arguments in Pow is deprecated (in this case, one of the
[36m(TaskRunner pid=3205517)[0m arguments is of type 'FiniteSet').
[36m(TaskRunner pid=3205517)[0m
[36m(TaskRunner pid=3205517)[0m If you really did intend to construct a power with this base, use the **
[36m(TaskRunner pid=3205517)[0m operator instead.
[36m(TaskRunner pid=3205517)[0m
[36m(TaskRunner pid=3205517)[0m See https://docs.sympy.org/latest/explanation/active-deprecations.html#non-expr-args-deprecated
[36m(TaskRunner pid=3205517)[0m for details.
[36m(TaskRunner pid=3205517)[0m
[36m(TaskRunner pid=3205517)[0m This has been deprecated since SymPy version 1.7. It
[36m(TaskRunner pid=3205517)[0m will be removed in a future version of SymPy.
[36m(TaskRunner pid=3205517)[0m
[36m(TaskRunner pid=3205517)[0m /mlx_devbox/users/quyanyi/playground/.venvs/ttrl_b200/lib/python3.11/site-packages/sympy/core/basic.py:1949: SymPyDeprecationWarning:
[36m(TaskRunner pid=3205517)[0m
[36m(TaskRunner pid=3205517)[0m Using non-Expr arguments in Pow is deprecated (in this case, one of the
[36m(TaskRunner pid=3205517)[0m arguments is of type 'FiniteSet').
[36m(TaskRunner pid=3205517)[0m
[36m(TaskRunner pid=3205517)[0m If you really did intend to construct a power with this base, use the **
[36m(TaskRunner pid=3205517)[0m operator instead.
[36m(TaskRunner pid=3205517)[0m
[36m(TaskRunner pid=3205517)[0m See https://docs.sympy.org/latest/explanation/active-deprecations.html#non-expr-args-deprecated
[36m(TaskRunner pid=3205517)[0m for details.
[36m(TaskRunner pid=3205517)[0m
[36m(TaskRunner pid=3205517)[0m This has been deprecated since SymPy version 1.7. It
[36m(TaskRunner pid=3205517)[0m will be removed in a future version of SymPy.
[36m(TaskRunner pid=3205517)[0m
[36m(TaskRunner pid=3205517)[0m   return self.func(*terms)
[36m(WorkerDict pid=3205516)[0m /mlx_devbox/users/quyanyi/playground/.venvs/ttrl_b200/lib/python3.11/site-packages/nvidia_cutlass_dsl/python_packages/cutlass/cute/core.py:5791: DeprecationWarning: Use explicit `struct.scalar.ptr` for pointer instead.[32m [repeated 100x across cluster][0m
[36m(WorkerDict pid=3205516)[0m   warnings.warn([32m [repeated 100x across cluster][0m
[36m(TaskRunner pid=3205517)[0m <string>:1: SymPyDeprecationWarning:
[36m(TaskRunner pid=3205517)[0m
[36m(TaskRunner pid=3205517)[0m Using non-Expr arguments in Pow is deprecated (in this case, one of the
[36m(TaskRunner pid=3205517)[0m arguments is of type 'FiniteSet').
[36m(TaskRunner pid=3205517)[0m
[36m(TaskRunner pid=3205517)[0m If you really did intend to construct a power with this base, use the **
[36m(TaskRunner pid=3205517)[0m operator instead.
[36m(TaskRunner pid=3205517)[0m
[36m(TaskRunner pid=3205517)[0m See https://docs.sympy.org/latest/explanation/active-deprecations.html#non-expr-args-deprecated
[36m(TaskRunner pid=3205517)[0m for details.
[36m(TaskRunner pid=3205517)[0m
[36m(TaskRunner pid=3205517)[0m This has been deprecated since SymPy version 1.7. It
[36m(TaskRunner pid=3205517)[0m will be removed in a future version of SymPy.
[36m(TaskRunner pid=3205517)[0m
[36m(TaskRunner pid=3205517)[0m /mlx_devbox/users/quyanyi/playground/.venvs/ttrl_b200/lib/python3.11/site-packages/sympy/core/power.py:1257: SymPyDeprecationWarning:
[36m(TaskRunner pid=3205517)[0m
[36m(TaskRunner pid=3205517)[0m Using non-Expr arguments in Pow is deprecated (in this case, one of the
[36m(TaskRunner pid=3205517)[0m arguments is of type 'FiniteSet').
[36m(TaskRunner pid=3205517)[0m
[36m(TaskRunner pid=3205517)[0m If you really did intend to construct a power with this base, use the **
[36m(TaskRunner pid=3205517)[0m operator instead.
[36m(TaskRunner pid=3205517)[0m
[36m(TaskRunner pid=3205517)[0m See https://docs.sympy.org/latest/explanation/active-deprecations.html#non-expr-args-deprecated
[36m(TaskRunner pid=3205517)[0m for details.
[36m(TaskRunner pid=3205517)[0m
[36m(TaskRunner pid=3205517)[0m This has been deprecated since SymPy version 1.7. It
[36m(TaskRunner pid=3205517)[0m will be removed in a future version of SymPy.
[36m(TaskRunner pid=3205517)[0m
[36m(TaskRunner pid=3205517)[0m   p = self.func(*self.as_base_exp())  # in case it's unevaluated
[36m(TaskRunner pid=3205517)[0m WARNING:2026-08-01 22:03:19,946:Timeout during comparison
[36m(TaskRunner pid=3205517)[0m WARNING:2026-08-01 22:04:03,166:Timeout during comparison
[36m(TaskRunner pid=3205517)[0m WARNING:2026-08-01 22:04:07,187:Timeout during comparison
[36m(TaskRunner pid=3205517)[0m Training Progress:   5%|▌         | 1/20 [01:43<32:48, 103.61s/it]
[36m(TaskRunner pid=3205517)[0m <string>:1: SymPyDeprecationWarning:
[36m(TaskRunner pid=3205517)[0m
[36m(TaskRunner pid=3205517)[0m Using non-Expr arguments in Pow is deprecated (in this case, one of the
[36m(TaskRunner pid=3205517)[0m arguments is of type 'FiniteSet').
[36m(TaskRunner pid=3205517)[0m
[36m(TaskRunner pid=3205517)[0m If you really did intend to construct a power with this base, use the **
[36m(TaskRunner pid=3205517)[0m operator instead.
[36m(TaskRunner pid=3205517)[0m
[36m(TaskRunner pid=3205517)[0m See https://docs.sympy.org/latest/explanation/active-deprecations.html#non-expr-args-deprecated
[36m(TaskRunner pid=3205517)[0m for details.
[36m(TaskRunner pid=3205517)[0m
[36m(TaskRunner pid=3205517)[0m This has been deprecated since SymPy version 1.7. It
[36m(TaskRunner pid=3205517)[0m will be removed in a future version of SymPy.
[36m(TaskRunner pid=3205517)[0m
[36m(TaskRunner pid=3205517)[0m /mlx_devbox/users/quyanyi/playground/.venvs/ttrl_b200/lib/python3.11/site-packages/sympy/core/power.py:1257: SymPyDeprecationWarning:
[36m(TaskRunner pid=3205517)[0m
[36m(TaskRunner pid=3205517)[0m Using non-Expr arguments in Pow is deprecated (in this case, one of the
[36m(TaskRunner pid=3205517)[0m arguments is of type 'FiniteSet').
[36m(TaskRunner pid=3205517)[0m
[36m(TaskRunner pid=3205517)[0m If you really did intend to construct a power with this base, use the **
[36m(TaskRunner pid=3205517)[0m operator instead.
[36m(TaskRunner pid=3205517)[0m
[36m(TaskRunner pid=3205517)[0m See https://docs.sympy.org/latest/explanation/active-deprecations.html#non-expr-args-deprecated
[36m(TaskRunner pid=3205517)[0m for details.
[36m(TaskRunner pid=3205517)[0m
[36m(TaskRunner pid=3205517)[0m This has been deprecated since SymPy version 1.7. It
[36m(TaskRunner pid=3205517)[0m will be removed in a future version of SymPy.
[36m(TaskRunner pid=3205517)[0m
[36m(TaskRunner pid=3205517)[0m   p = self.func(*self.as_base_exp())  # in case it's unevaluated
[36m(TaskRunner pid=3205517)[0m <string>:1: SymPyDeprecationWarning:
[36m(TaskRunner pid=3205517)[0m
[36m(TaskRunner pid=3205517)[0m Using non-Expr arguments in Pow is deprecated (in this case, one of the
[36m(TaskRunner pid=3205517)[0m arguments is of type 'FiniteSet').
[36m(TaskRunner pid=3205517)[0m
[36m(TaskRunner pid=3205517)[0m If you really did intend to construct a power with this base, use the **
[36m(TaskRunner pid=3205517)[0m operator instead.
[36m(TaskRunner pid=3205517)[0m
[36m(TaskRunner pid=3205517)[0m See https://docs.sympy.org/latest/explanation/active-deprecations.html#non-expr-args-deprecated
[36m(TaskRunner pid=3205517)[0m for details.
[36m(TaskRunner pid=3205517)[0m
[36m(TaskRunner pid=3205517)[0m This has been deprecated since SymPy version 1.7. It
[36m(TaskRunner pid=3205517)[0m will be removed in a future version of SymPy.
[36m(TaskRunner pid=3205517)[0m
[36m(TaskRunner pid=3205517)[0m /mlx_devbox/users/quyanyi/playground/.venvs/ttrl_b200/lib/python3.11/site-packages/sympy/core/power.py:1257: SymPyDeprecationWarning:
[36m(TaskRunner pid=3205517)[0m
[36m(TaskRunner pid=3205517)[0m Using non-Expr arguments in Pow is deprecated (in this case, one of the
[36m(TaskRunner pid=3205517)[0m arguments is of type 'FiniteSet').
[36m(TaskRunner pid=3205517)[0m
[36m(TaskRunner pid=3205517)[0m If you really did intend to construct a power with this base, use the **
[36m(TaskRunner pid=3205517)[0m operator instead.
[36m(TaskRunner pid=3205517)[0m
[36m(TaskRunner pid=3205517)[0m See https://docs.sympy.org/latest/explanation/active-deprecations.html#non-expr-args-deprecated
[36m(TaskRunner pid=3205517)[0m for details.
[36m(TaskRunner pid=3205517)[0m
[36m(TaskRunner pid=3205517)[0m This has been deprecated since SymPy version 1.7. It
[36m(TaskRunner pid=3205517)[0m will be removed in a future version of SymPy.
[36m(TaskRunner pid=3205517)[0m
[36m(TaskRunner pid=3205517)[0m   p = self.func(*self.as_base_exp())  # in case it's unevaluated
[36m(TaskRunner pid=3205517)[0m <string>:1: SymPyDeprecationWarning:
[36m(TaskRunner pid=3205517)[0m
[36m(TaskRunner pid=3205517)[0m Using non-Expr arguments in Pow is deprecated (in this case, one of the
[36m(TaskRunner pid=3205517)[0m arguments is of type 'FiniteSet').
[36m(TaskRunner pid=3205517)[0m
[36m(TaskRunner pid=3205517)[0m If you really did intend to construct a power with this base, use the **
[36m(TaskRunner pid=3205517)[0m operator instead.
[36m(TaskRunner pid=3205517)[0m
[36m(TaskRunner pid=3205517)[0m See https://docs.sympy.org/latest/explanation/active-deprecations.html#non-expr-args-deprecated
[36m(TaskRunner pid=3205517)[0m for details.
[36m(TaskRunner pid=3205517)[0m
[36m(TaskRunner pid=3205517)[0m This has been deprecated since SymPy version 1.7. It
[36m(TaskRunner pid=3205517)[0m will be removed in a future version of SymPy.
[36m(TaskRunner pid=3205517)[0m
[36m(TaskRunner pid=3205517)[0m /mlx_devbox/users/quyanyi/playground/.venvs/ttrl_b200/lib/python3.11/site-packages/sympy/core/power.py:1257: SymPyDeprecationWarning:
[36m(TaskRunner pid=3205517)[0m
[36m(TaskRunner pid=3205517)[0m Using non-Expr arguments in Pow is deprecated (in this case, one of the
[36m(TaskRunner pid=3205517)[0m arguments is of type 'FiniteSet').
[36m(TaskRunner pid=3205517)[0m
[36m(TaskRunner pid=3205517)[0m If you really did intend to construct a power with this base, use the **
[36m(TaskRunner pid=3205517)[0m operator instead.
[36m(TaskRunner pid=3205517)[0m
[36m(TaskRunner pid=3205517)[0m See https://docs.sympy.org/latest/explanation/active-deprecations.html#non-expr-args-deprecated
[36m(TaskRunner pid=3205517)[0m for details.
[36m(TaskRunner pid=3205517)[0m
[36m(TaskRunner pid=3205517)[0m This has been deprecated since SymPy version 1.7. It
[36m(TaskRunner pid=3205517)[0m will be removed in a future version of SymPy.
[36m(TaskRunner pid=3205517)[0m
[36m(TaskRunner pid=3205517)[0m   p = self.func(*self.as_base_exp())  # in case it's unevaluated
[36m(TaskRunner pid=3205517)[0m <string>:1: SymPyDeprecationWarning:
[36m(TaskRunner pid=3205517)[0m
[36m(TaskRunner pid=3205517)[0m Using non-Expr arguments in Pow is deprecated (in this case, one of the
[36m(TaskRunner pid=3205517)[0m arguments is of type 'FiniteSet').
[36m(TaskRunner pid=3205517)[0m
[36m(TaskRunner pid=3205517)[0m If you really did intend to construct a power with this base, use the **
[36m(TaskRunner pid=3205517)[0m operator instead.
[36m(TaskRunner pid=3205517)[0m
[36m(TaskRunner pid=3205517)[0m See https://docs.sympy.org/latest/explanation/active-deprecations.html#non-expr-args-deprecated
[36m(TaskRunner pid=3205517)[0m for details.
[36m(TaskRunner pid=3205517)[0m
[36m(TaskRunner pid=3205517)[0m This has been deprecated since SymPy version 1.7. It
[36m(TaskRunner pid=3205517)[0m will be removed in a future version of SymPy.
[36m(TaskRunner pid=3205517)[0m
[36m(TaskRunner pid=3205517)[0m /mlx_devbox/users/quyanyi/playground/.venvs/ttrl_b200/lib/python3.11/site-packages/sympy/core/power.py:1257: SymPyDeprecationWarning:
[36m(TaskRunner pid=3205517)[0m
[36m(TaskRunner pid=3205517)[0m Using non-Expr arguments in Pow is deprecated (in this case, one of the
[36m(TaskRunner pid=3205517)[0m arguments is of type 'FiniteSet').
[36m(TaskRunner pid=3205517)[0m
[36m(TaskRunner pid=3205517)[0m If you really did intend to construct a power with this base, use the **
[36m(TaskRunner pid=3205517)[0m operator instead.
[36m(TaskRunner pid=3205517)[0m
[36m(TaskRunner pid=3205517)[0m See https://docs.sympy.org/latest/explanation/active-deprecations.html#non-expr-args-deprecated
[36m(TaskRunner pid=3205517)[0m for details.
[36m(TaskRunner pid=3205517)[0m
[36m(TaskRunner pid=3205517)[0m This has been deprecated since SymPy version 1.7. It
[36m(TaskRunner pid=3205517)[0m will be removed in a future version of SymPy.
[36m(TaskRunner pid=3205517)[0m
[36m(TaskRunner pid=3205517)[0m   p = self.func(*self.as_base_exp())  # in case it's unevaluated
[36m(TaskRunner pid=3205517)[0m <string>:1: SymPyDeprecationWarning:
[36m(TaskRunner pid=3205517)[0m
[36m(TaskRunner pid=3205517)[0m Using non-Expr arguments in Pow is deprecated (in this case, one of the
[36m(TaskRunner pid=3205517)[0m arguments is of type 'FiniteSet').
[36m(TaskRunner pid=3205517)[0m
[36m(TaskRunner pid=3205517)[0m If you really did intend to construct a power with this base, use the **
[36m(TaskRunner pid=3205517)[0m operator instead.
[36m(TaskRunner pid=3205517)[0m
[36m(TaskRunner pid=3205517)[0m See https://docs.sympy.org/latest/explanation/active-deprecations.html#non-expr-args-deprecated
[36m(TaskRunner pid=3205517)[0m for details.
[36m(TaskRunner pid=3205517)[0m
[36m(TaskRunner pid=3205517)[0m This has been deprecated since SymPy version 1.7. It
[36m(TaskRunner pid=3205517)[0m will be removed in a future version of SymPy.
[36m(TaskRunner pid=3205517)[0m
[36m(TaskRunner pid=3205517)[0m <string>:1: SymPyDeprecationWarning:
[36m(TaskRunner pid=3205517)[0m
[36m(TaskRunner pid=3205517)[0m Using non-Expr arguments in Pow is deprecated (in this case, one of the
[36m(TaskRunner pid=3205517)[0m arguments is of type 'FiniteSet').
[36m(TaskRunner pid=3205517)[0m
[36m(TaskRunner pid=3205517)[0m If you really did intend to construct a power with this base, use the **
[36m(TaskRunner pid=3205517)[0m operator instead.
[36m(TaskRunner pid=3205517)[0m
[36m(TaskRunner pid=3205517)[0m See https://docs.sympy.org/latest/explanation/active-deprecations.html#non-expr-args-deprecated
[36m(TaskRunner pid=3205517)[0m for details.
[36m(TaskRunner pid=3205517)[0m
[36m(TaskRunner pid=3205517)[0m This has been deprecated since SymPy version 1.7. It
[36m(TaskRunner pid=3205517)[0m will be removed in a future version of SymPy.
[36m(TaskRunner pid=3205517)[0m
[36m(WorkerDict pid=3205522)[0m trial-302172199-trialrun-302172199-worker-0:3205522:3205522 [7] NCCL INFO Channel 13/0 : 7[7] -> 0[0] via P2P/CUMEM[32m [repeated 106x across cluster][0m
[36m(WorkerDict pid=3205522)[0m trial-302172199-trialrun-302172199-worker-0:3205522:3221115 [0] NCCL INFO [Proxy Service UDS] Device 7 CPU core 76[32m [repeated 6x across cluster][0m
[36m(WorkerDict pid=3205523)[0m trial-302172199-trialrun-302172199-worker-0:3205523:3205523 [5] NCCL INFO Channel 14/0 : 5[5] -> 6[[32m [repeated 3x across cluster][0m
[36m(WorkerDict pid=3205523)[0m L INFO Ring 30 : 4 -> 5 -> 6
[36m(WorkerDict pid=3205522)[0m CCL INFO Ring 30 : 6 -> 7 -> 0
[36m(WorkerDict pid=3205519)[0m actor attention implementation verified: sdpa
[36m(WorkerDict pid=3205519)[0m [PowerFlow] Added proj_z (layers=3, hidden=3584, init_offset=1.08)
[36m(WorkerDict pid=3205519)[0m Monkey patch _flash_attention_forward in transformers.integrations.flash_attention
[36m(WorkerDict pid=3205519)[0m Using Triton backend for fused kernels in Qwen2ForCausalLM
[36m(WorkerDict pid=3205519)[0m Qwen2ForCausalLM contains 7.64B parameters
[36m(WorkerDict pid=3205519)[0m [PowerFlow] Updated auto_wrap_policy to wrap ProjZModule
[36m(WorkerDict pid=3205519)[0m wrap_policy: <function ActorRolloutRefWorker._build_model_optimizer.<locals>.powerflow_wrap_policy at 0x7ed905cb5da0>
[36m(WorkerDict pid=3205519)[0m Total steps: 20, num_warmup_steps: 0
[36m(WorkerDict pid=3205519)[0m Actor use_remove_padding=True
[36m(WorkerDict pid=3205519)[0m Actor use_fused_kernels=True
[36m(WorkerDict pid=3205522)[0m Monkey patch _flash_attention_forward in transformers.integrations.flash_attention[32m [repeated 7x across cluster][0m
[36m(WorkerDict pid=3205522)[0m Using Triton backend for fused kernels in Qwen2ForCausalLM[32m [repeated 7x across cluster][0m
[36m(WorkerDict pid=3205521)[0m kwargs: {'n': 1, 'logprobs': 1, 'max_tokens': 3072, 'repetition_penalty': 1.0, 'detokenize': False, 'temperature': 1.0, 'top_k': -1, 'top_p': 1, 'ignore_eos': False}
[36m(TaskRunner pid=3205517)[0m Checkpoint tracker file does not exist: /tmp/ttrl_b200/checkpoints/ttrl_chunk_state_powerflow_support_flow_suffix_softmass_mid_c128_b32_r32_v64_20step_20260801/latest_checkpointed_iteration.txt
[36m(TaskRunner pid=3205517)[0m Training from scratch
[36m(WorkerDict pid=3205519)[0m WARNING 08-01 22:02:33 [jit_monitor.py:106] Triton kernel JIT compilation during inference: _compute_slot_mapping_kernel. This causes a latency spike; consider extending warmup to cover this shape/config.
[36m(TaskRunner pid=3205517)[0m [Shutdown] 3 subprocess(es) terminated.
[36m(WorkerDict pid=3205523)[0m kwargs: {'n': 1, 'logprobs': 1, 'max_tokens': 3072, 'repetition_penalty': 1.0, 'detokenize': False, 'temperature': 1.0, 'top_k': -1, 'top_p': 1, 'ignore_eos': False}[32m [repeated 7x across cluster][0m
[36m(TaskRunner pid=3205517)[0m [Shutdown] 60 subprocess(es) terminated.
[36m(TaskRunner pid=3205517)[0m [Shutdown] 5 subprocess(es) terminated.
[36m(WorkerDict pid=3205519)[0m WARNING 08-01 22:04:11 [jit_monitor.py:106] Triton kernel JIT compilation during inference: efficient_entropy_kernel_general_mainloop. This causes a latency spike; consider extending warmup to cover this shape/config.
[36m(WorkerDict pid=3205519)[0m WARNING 08-01 22:04:11 [jit_monitor.py:106] Triton kernel JIT compilation during inference: efficient_entropy_triton_kernel_epilogue. This causes a latency spike; consider extending warmup to cover this shape/config.
[36m(WorkerDict pid=3205519)[0m WARNING 08-01 22:04:13 [jit_monitor.py:106] Triton kernel JIT compilation during inference: efficient_entropy_backward_kernel_general_d_logits_split_N. This causes a latency spike; consider extending warmup to cover this shape/config.
[36m(TaskRunner pid=3205517)[0m step:1 - chunk_state_source/selected_original_acc_mean:1.000 - chunk_state_source/prompt_original_pass:0.875 - chunk_state_source/prompt_original_mean:0.344 - chunk_state_source/selected_majority_consistent_mean:1.000 - chunk_state_source/prompt_majority_ratio_mean:0.356 - chunk_state_source/prompt_majority_pass:1.000 - chunk_state_source_chunk/enabled:1.000 - chunk_state_source_chunk/injected_ratio:1.000 - chunk_state_source_chunk/mean_len:128.000 - chunk_state_source_chunk/candidate_index:0.000 - chunk_state_support_anchor/enabled:1.000 - chunk_state_support_anchor/count:7.000 - chunk_state_support_anchor/candidate_start:1.000 - chunk_state_support_anchor/min_mass:0.031 - chunk_state_support_anchor/prefix_compat_enable:0.000 - chunk_state_support_anchor/prefix_compat_tokens:128.000 - chunk_state_support_anchor/min_prefix_match:0.750 - chunk_state_support_anchor/skip_source:1.000 - chunk_state_support_anchor/injected_ratio:0.973 - chunk_state_support_anchor/state_keep_ratio:1.000 - chunk_state_support_anchor/skipped_no_anchor_ratio:0.000 - chunk_state_support_anchor/skipped_by_compat_ratio:0.000 - chunk_state_support_anchor/skipped_source_ratio:0.031 - chunk_state_support_anchor/score_mean:0.210 - chunk_state_support_anchor/positive_candidate_ratio:0.852 - chunk_state_support_anchor/prefix_match_mean:1.000 - chunk_state_support_anchor/prefix_match_min:1.000 - chunk_state_support_anchor/anchor_mass_mean:0.246 - chunk_state_support_anchor/anchor_mass_max:0.808 - chunk_state_support_anchor/anchor_len_mean:117.908 - chunk_state_support_anchor/selected_rank_mean:2.945 - chunk_state_probe/skipped_for_support_flow:1.000 - chunk_state_support_flow/score_type_mass:0.000 - chunk_state_support_flow/score_type_soft_mass:1.000 - chunk_state_support_flow/score_type_gain:0.000 - chunk_state_support_flow/score_type_relative_gain:0.000 - chunk_state_support_flow/score_type_soft_relative_mass:0.000 - chunk_state_support_flow/gain_slack:0.000 - chunk_state_support_flow/baseline_scale:1.000 - chunk_state_support_flow/source_prior_weight:1.000 - chunk_state_support_flow/min_positive_margin:0.000 - chunk_state_support_flow/anchor_mass_mean:0.210 - chunk_state_support_flow/source_mass_mean:0.520 - chunk_state_support_flow/positive_margin_mean:-0.077 - chunk_state_support_flow/state_keep_ratio:1.000 - chunk_state_support_flow/score_mean:0.210 - chunk_state_support_flow/score_max_mean:0.443 - chunk_state_support_flow/label_consistent_ratio:0.852 - chunk_state_support_flow/raw_positive_ratio:0.210 - chunk_state_score/mode_majority_completion:0.000 - chunk_state_score/mode_answer_consensus:0.000 - chunk_state_score/mode_answer_distribution:0.000 - chunk_state_score/mode_answer_value_gain:0.000 - chunk_state_score/mode_answer_value_margin:0.000 - chunk_state_score/mode_answer_support_mass:0.000 - chunk_state_score/mode_future_support_gain:0.000 - chunk_state_score/mode_support_anchor:0.000 - chunk_state_score/mode_support_flow:1.000 - chunk_state_score/mode_answer_source_consistency:0.000 - chunk_state_diag/boundary_mean:592.000 - chunk_state_diag/boundary_min:256.000 - chunk_state_diag/boundary_max:1024.000 - chunk_state_diag/boundary_zero_ratio:0.000 - chunk_state_diag/skipped_short_sources:0.000 - chunk_state_diag/skipped_support_sources:21.000 - chunk_state_diag/majority_consistent_fallbacks:11.000 - chunk_state_diag/real_state_count:11.000 - chunk_state_diag/pad_state_count:5.000 - chunk_state_diag/loss_weight_mean:0.688 - chunk_state_diag/source_response_len_mean:1344.688 - chunk_state_diag/probe_score_std:0.251 - chunk_state_diag/state_probe_mean_max:0.574 - chunk_state_diag/state_probe_mean_min:0.030 - chunk_state_diag/state_all_positive_ratio:0.000 - chunk_state_diag/state_all_negative_ratio:0.000 - chunk_state_diag/state_mixed_ratio:1.000 - chunk_state_diag/source_majority_consistent_mean:1.000 - chunk_state_diag/source_prompt_majority_ratio_mean:0.426 - chunk_state_diag/source_answer_mass_mean:0.520 - chunk_state_diag/source_answer_mass_min:0.417 - chunk_state_diag/source_prompt_top_mass_mean:0.520 - chunk_state_diag/source_prompt_top_mass_min:0.417 - chunk_state_diag/source_pseudo_acc_mean:0.938 - chunk_state_diag/source_original_acc_mean:1.000 - chunk_state_diag/prompt_pseudo_mean:0.391 - chunk_state_diag/prompt_original_mean:0.430 - chunk_state_diag/prompt_original_pass:1.000 - chunk_state_diag/probe_mean_source_original_correct:0.210 - chunk_state_diag/probe_mean_source_original_wrong:0.000 - chunk_state_diag/source_original_correct_ratio:1.000 - chunk_state_diag/jsonl_rows:16.000 - chunk_state/num_states:16.000 - chunk_state/real_states:11.000 - chunk_state/pad_states:5.000 - chunk_state/num_candidates:128.000 - chunk_state/num_actor_samples:88.000 - chunk_state/loss_weight_mean:1.000 - chunk_state/base_loss_weight_mean:0.688 - chunk_state/zeroed_state_ratio:0.312 - chunk_state/confidence_gate_ratio:1.000 - chunk_state/confidence_weight_mean:1.000 - chunk_state/future_support_keep_ratio:1.000 - chunk_state/majority_ratio_mean:0.520 - chunk_state/answer_coverage_mean:0.852 - chunk_state/positive_ratio:0.210 - chunk_state/label_consistent_only:0.000 - chunk_state/zero_inconsistent_candidates:0.000 - chunk_state/prune_zero_weight_samples:1.000 - chunk_state/prune_padded_to_shards:0.000 - chunk_state/pruned_sample_ratio:0.312 - chunk_state/label_consistent_ratio:0.852 - chunk_state/informative_ratio:1.000 - chunk_state/kept_state_ratio:1.000 - chunk_state/target_entropy:1.406 - chunk_state/target_prior_mean:1.000 - chunk_state/target_prior_max:1.000 - chunk_state/weight_max:0.932 - chunk_state/weight_min:0.001 - chunk_state/powerflow_weight_clip:4.000 - chunk_state/powerflow_weight_clip_renorm:1.000 - chunk_state/powerflow_weight_before_clip_max:7.456 - chunk_state/powerflow_weight_before_clip_mean:1.000 - chunk_state/powerflow_weight_mean:0.971 - chunk_state/powerflow_weight_max:4.000 - chunk_state/powerflow_weight_min:0.007 - chunk_state/boxed_reward_mean:0.200 - chunk_state/boxed_reward_weighted_mean:0.395 - chunk_state/actor_batch_powerflow_weight_nonzero_ratio:1.000 - chunk_state/actor_batch_powerflow_weight_shard0_mean:1.098 - chunk_state/actor_batch_powerflow_weight_shard0_nonzero_ratio:1.000 - chunk_state/actor_batch_powerflow_weight_shard_mean_low:0.744 - chunk_state/actor_batch_powerflow_weight_shard_mean_high:1.098 - chunk_state/actor_batch_powerflow_weight_zero_shard_ratio:0.000 - chunk_state_actor_span/mode_chunk:1.000 - chunk_state_actor_span/response_len_mean:119.406 - chunk_state_actor_span/truncated_ratio:0.000 - actor/pg_loss:0.579 - actor/powerflow_loss:0.579 - actor/log_prob:-1.129 - actor/old_log_prob:0.000 - actor/ref_log_prob:-1.127 - actor/ref_log_prob/std:0.000 - actor/boxed_reward/mean:0.248 - actor/boxed_reward/min:0.000 - actor/boxed_reward/max:0.808 - actor/powerflow_weight/mean:1.098 - actor/powerflow_weight/min:0.038 - actor/powerflow_weight/max:4.000 - actor/powerflow_weight/nonzero_ratio:1.000 - actor/powerflow_local_batch_size:1.000 - actor/log_z:-1.161 - actor/importance_weight:0.800 - actor/powerflow_chunk_loss_target_only:0.000 - actor/ppo_kl:1.129 - actor/ref_kl:0.002 - actor/beta_coef:4.000 - actor/cispo_mask_ratio:0.360 - actor/cispo_dropped_tokens:37.545 - actor/condition_1_count:0.000 - actor/condition_2_count:37.545 - actor/pg_clipfrac:0.000 - actor/pg_clipfrac_lower:0.000 - actor/grad_norm:17.206 - perf/mfu/actor:0.000 - perf/max_memory_allocated_gb:163.207 - perf/max_memory_reserved_gb:176.207 - perf/cpu_memory_used_gb:790.047 - actor/lr:0.000 - timing_s/generate_sequences:29.875 - timing_s/reshard:0.334 - timing_s/gen:43.472 - timing_s/chunk_state_make_states:0.021 - timing_s/chunk_state_chunks/generate_sequences:0.549 - timing_s/chunk_state_chunks/reshard:0.411 - timing_s/chunk_state_chunks:1.012 - timing_s/chunk_state_score:7.671 - timing_s/chunk_state_build_actor_batch:0.008 - timing_s/chunk_state_ref:5.270 - timing_s/update_actor:3.617 - timing_per_token_ms/gen:0.043 - timing_per_token_ms/update_actor:0.003
[36m(TaskRunner pid=3205517)[0m [Shutdown] 6 subprocess(es) terminated.
[36m(TaskRunner pid=3205517)[0m [Shutdown] 52 subprocess(es) terminated.
[36m(TaskRunner pid=3205517)[0m Training Progress:  10%|█         | 2/20 [02:26<20:21, 67.83s/it]
[36m(TaskRunner pid=3205517)[0m <string>:1: SymPyDeprecationWarning:
[36m(TaskRunner pid=3205517)[0m
[36m(TaskRunner pid=3205517)[0m Using non-Expr arguments in Pow is deprecated (in this case, one of the
[36m(TaskRunner pid=3205517)[0m arguments is of type 'FiniteSet').
[36m(TaskRunner pid=3205517)[0m
[36m(TaskRunner pid=3205517)[0m If you really did intend to construct a power with this base, use the **
[36m(TaskRunner pid=3205517)[0m operator instead.
[36m(TaskRunner pid=3205517)[0m
[36m(TaskRunner pid=3205517)[0m See https://docs.sympy.org/latest/explanation/active-deprecations.html#non-expr-args-deprecated
[36m(TaskRunner pid=3205517)[0m for details.
[36m(TaskRunner pid=3205517)[0m
[36m(TaskRunner pid=3205517)[0m This has been deprecated since SymPy version 1.7. It
[36m(TaskRunner pid=3205517)[0m will be removed in a future version of SymPy.
[36m(TaskRunner pid=3205517)[0m
[36m(TaskRunner pid=3205517)[0m <string>:1: SymPyDeprecationWarning:
[36m(TaskRunner pid=3205517)[0m
[36m(TaskRunner pid=3205517)[0m Using non-Expr arguments in Mul is deprecated (in this case, one of
[36m(TaskRunner pid=3205517)[0m the arguments has type 'Tuple').
[36m(TaskRunner pid=3205517)[0m
[36m(TaskRunner pid=3205517)[0m If you really did intend to use a multiplication or addition operation with
[36m(TaskRunner pid=3205517)[0m this object, use the * or + operator instead.
[36m(TaskRunner pid=3205517)[0m
[36m(TaskRunner pid=3205517)[0m See https://docs.sympy.org/latest/explanation/active-deprecations.html#non-expr-args-deprecated
[36m(TaskRunner pid=3205517)[0m for details.
[36m(TaskRunner pid=3205517)[0m
[36m(TaskRunner pid=3205517)[0m This has been deprecated since SymPy version 1.7. It
[36m(TaskRunner pid=3205517)[0m will be removed in a future version of SymPy.
[36m(TaskRunner pid=3205517)[0m
[36m(TaskRunner pid=3205517)[0m /mlx_devbox/users/quyanyi/playground/.venvs/ttrl_b200/lib/python3.11/site-packages/sympy/simplify/radsimp.py:1138: SymPyDeprecationWarning:
[36m(TaskRunner pid=3205517)[0m
[36m(TaskRunner pid=3205517)[0m Using non-Expr arguments in Mul is deprecated (in this case, one of
[36m(TaskRunner pid=3205517)[0m the arguments has type 'Tuple').
[36m(TaskRunner pid=3205517)[0m
[36m(TaskRunner pid=3205517)[0m If you really did intend to use a multiplication or addition operation with
[36m(TaskRunner pid=3205517)[0m this object, use the * or + operator instead.
[36m(TaskRunner pid=3205517)[0m
[36m(TaskRunner pid=3205517)[0m See https://docs.sympy.org/latest/explanation/active-deprecations.html#non-expr-args-deprecated
[36m(TaskRunner pid=3205517)[0m for details.
[36m(TaskRunner pid=3205517)[0m
[36m(TaskRunner pid=3205517)[0m This has been deprecated since SymPy version 1.7. It
[36m(TaskRunner pid=3205517)[0m will be removed in a future version of SymPy.
[36m(TaskRunner pid=3205517)[0m
[36m(TaskRunner pid=3205517)[0m   return Mul(*numer, evaluate=not exact), Mul(*denom, evaluate=not exact)
[36m(TaskRunner pid=3205517)[0m <string>:1: SymPyDeprecationWarning:
[36m(TaskRunner pid=3205517)[0m
[36m(TaskRunner pid=3205517)[0m Using non-Expr arguments in Mul is deprecated (in this case, one of
[36m(TaskRunner pid=3205517)[0m the arguments has type 'Tuple').
[36m(TaskRunner pid=3205517)[0m
[36m(TaskRunner pid=3205517)[0m If you really did intend to use a multiplication or addition operation with
[36m(TaskRunner pid=3205517)[0m this object, use the * or + operator instead.
[36m(TaskRunner pid=3205517)[0m
[36m(TaskRunner pid=3205517)[0m See https://docs.sympy.org/latest/explanation/active-deprecations.html#non-expr-args-deprecated
[36m(TaskRunner pid=3205517)[0m for details.
[36m(TaskRunner pid=3205517)[0m
[36m(TaskRunner pid=3205517)[0m This has been deprecated since SymPy version 1.7. It
[36m(TaskRunner pid=3205517)[0m will be removed in a future version of SymPy.
[36m(TaskRunner pid=3205517)[0m
[36m(TaskRunner pid=3205517)[0m /mlx_devbox/users/quyanyi/playground/.venvs/ttrl_b200/lib/python3.11/site-packages/sympy/simplify/radsimp.py:1138: SymPyDeprecationWarning:
[36m(TaskRunner pid=3205517)[0m
[36m(TaskRunner pid=3205517)[0m Using non-Expr arguments in Mul is deprecated (in this case, one of
[36m(TaskRunner pid=3205517)[0m the arguments has type 'Tuple').
[36m(TaskRunner pid=3205517)[0m
[36m(TaskRunner pid=3205517)[0m If you really did intend to use a multiplication or addition operation with
[36m(TaskRunner pid=3205517)[0m this object, use the * or + operator instead.
[36m(TaskRunner pid=3205517)[0m
[36m(TaskRunner pid=3205517)[0m See https://docs.sympy.org/latest/explanation/active-deprecations.html#non-expr-args-deprecated
[36m(TaskRunner pid=3205517)[0m for details.
[36m(TaskRunner pid=3205517)[0m
[36m(TaskRunner pid=3205517)[0m This has been deprecated since SymPy version 1.7. It
[36m(TaskRunner pid=3205517)[0m will be removed in a future version of SymPy.
[36m(TaskRunner pid=3205517)[0m
[36m(TaskRunner pid=3205517)[0m   return Mul(*numer, evaluate=not exact), Mul(*denom, evaluate=not exact)
[36m(TaskRunner pid=3205517)[0m <string>:1: SymPyDeprecationWarning:
[36m(TaskRunner pid=3205517)[0m
[36m(TaskRunner pid=3205517)[0m Using non-Expr arguments in Pow is deprecated (in this case, one of the
[36m(TaskRunner pid=3205517)[0m arguments is of type 'FiniteSet').
[36m(TaskRunner pid=3205517)[0m
[36m(TaskRunner pid=3205517)[0m If you really did intend to construct a power with this base, use the **
[36m(TaskRunner pid=3205517)[0m operator instead.
[36m(TaskRunner pid=3205517)[0m
[36m(TaskRunner pid=3205517)[0m See https://docs.sympy.org/latest/explanation/active-deprecations.html#non-expr-args-deprecated
[36m(TaskRunner pid=3205517)[0m for details.
[36m(TaskRunner pid=3205517)[0m
[36m(TaskRunner pid=3205517)[0m This has been deprecated since SymPy version 1.7. It
[36m(TaskRunner pid=3205517)[0m will be removed in a future version of SymPy.
[36m(TaskRunner pid=3205517)[0m
[36m(TaskRunner pid=3205517)[0m <string>:1: SymPyDeprecationWarning:
[36m(TaskRunner pid=3205517)[0m
[36m(TaskRunner pid=3205517)[0m Using non-Expr arguments in Pow is deprecated (in this case, one of the
[36m(TaskRunner pid=3205517)[0m arguments is of type 'FiniteSet').
[36m(TaskRunner pid=3205517)[0m
[36m(TaskRunner pid=3205517)[0m If you really did intend to construct a power with this base, use the **
[36m(TaskRunner pid=3205517)[0m operator instead.
[36m(TaskRunner pid=3205517)[0m
[36m(TaskRunner pid=3205517)[0m See https://docs.sympy.org/latest/explanation/active-deprecations.html#non-expr-args-deprecated
[36m(TaskRunner pid=3205517)[0m for details.
[36m(TaskRunner pid=3205517)[0m
[36m(TaskRunner pid=3205517)[0m This has been deprecated since SymPy version 1.7. It
[36m(TaskRunner pid=3205517)[0m will be removed in a future version of SymPy.
[36m(TaskRunner pid=3205517)[0m
[36m(TaskRunner pid=3205517)[0m <string>:1: SymPyDeprecationWarning:
[36m(TaskRunner pid=3205517)[0m
[36m(TaskRunner pid=3205517)[0m Using non-Expr arguments in Mul is deprecated (in this case, one of
[36m(TaskRunner pid=3205517)[0m the arguments has type 'Tuple').
[36m(TaskRunner pid=3205517)[0m
[36m(TaskRunner pid=3205517)[0m If you really did intend to use a multiplication or addition operation with
[36m(TaskRunner pid=3205517)[0m this object, use the * or + operator instead.
[36m(TaskRunner pid=3205517)[0m
[36m(TaskRunner pid=3205517)[0m See https://docs.sympy.org/latest/explanation/active-deprecations.html#non-expr-args-deprecated
[36m(TaskRunner pid=3205517)[0m for details.
[36m(TaskRunner pid=3205517)[0m
[36m(TaskRunner pid=3205517)[0m This has been deprecated since SymPy version 1.7. It
[36m(TaskRunner pid=3205517)[0m will be removed in a future version of SymPy.
[36m(TaskRunner pid=3205517)[0m
[36m(TaskRunner pid=3205517)[0m <string>:1: SymPyDeprecationWarning:
[36m(TaskRunner pid=3205517)[0m
[36m(TaskRunner pid=3205517)[0m Using non-Expr arguments in Pow is deprecated (in this case, one of the
[36m(TaskRunner pid=3205517)[0m arguments is of type 'FiniteSet').
[36m(TaskRunner pid=3205517)[0m
[36m(TaskRunner pid=3205517)[0m If you really did intend to construct a power with this base, use the **
[36m(TaskRunner pid=3205517)[0m operator instead.
[36m(TaskRunner pid=3205517)[0m
[36m(TaskRunner pid=3205517)[0m See https://docs.sympy.org/latest/explanation/active-deprecations.html#non-expr-args-deprecated
[36m(TaskRunner pid=3205517)[0m for details.
[36m(TaskRunner pid=3205517)[0m
[36m(TaskRunner pid=3205517)[0m This has been deprecated since SymPy version 1.7. It
[36m(TaskRunner pid=3205517)[0m will be removed in a future version of SymPy.
[36m(TaskRunner pid=3205517)[0m
[36m(TaskRunner pid=3205517)[0m [Shutdown] 8 subprocess(es) terminated.
[36m(TaskRunner pid=3205517)[0m step:2 - chunk_state_source/selected_original_acc_mean:0.875 - chunk_state_source/prompt_original_pass:0.938 - chunk_state_source/prompt_original_mean:0.317 - chunk_state_source/selected_majority_consistent_mean:1.000 - chunk_state_source/prompt_majority_ratio_mean:0.342 - chunk_state_source/prompt_majority_pass:1.000 - chunk_state_source_chunk/enabled:1.000 - chunk_state_source_chunk/injected_ratio:1.000 - chunk_state_source_chunk/mean_len:128.000 - chunk_state_source_chunk/candidate_index:0.000 - chunk_state_support_anchor/enabled:1.000 - chunk_state_support_anchor/count:7.000 - chunk_state_support_anchor/candidate_start:1.000 - chunk_state_support_anchor/min_mass:0.031 - chunk_state_support_anchor/prefix_compat_enable:0.000 - chunk_state_support_anchor/prefix_compat_tokens:128.000 - chunk_state_support_anchor/min_prefix_match:0.750 - chunk_state_support_anchor/skip_source:1.000 - chunk_state_support_anchor/injected_ratio:0.946 - chunk_state_support_anchor/state_keep_ratio:1.000 - chunk_state_support_anchor/skipped_no_anchor_ratio:0.000 - chunk_state_support_anchor/skipped_by_compat_ratio:0.000 - chunk_state_support_anchor/skipped_source_ratio:0.031 - chunk_state_support_anchor/score_mean:0.355 - chunk_state_support_anchor/positive_candidate_ratio:0.828 - chunk_state_support_anchor/prefix_match_mean:1.000 - chunk_state_support_anchor/prefix_match_min:1.000 - chunk_state_support_anchor/anchor_mass_mean:0.429 - chunk_state_support_anchor/anchor_mass_max:0.812 - chunk_state_support_anchor/anchor_len_mean:102.925 - chunk_state_support_anchor/selected_rank_mean:2.887 - chunk_state_probe/skipped_for_support_flow:1.000 - chunk_state_support_flow/score_type_mass:0.000 - chunk_state_support_flow/score_type_soft_mass:1.000 - chunk_state_support_flow/score_type_gain:0.000 - chunk_state_support_flow/score_type_relative_gain:0.000 - chunk_state_support_flow/score_type_soft_relative_mass:0.000 - chunk_state_support_flow/gain_slack:0.000 - chunk_state_support_flow/baseline_scale:1.000 - chunk_state_support_flow/source_prior_weight:1.000 - chunk_state_support_flow/min_positive_margin:0.000 - chunk_state_support_flow/anchor_mass_mean:0.355 - chunk_state_support_flow/source_mass_mean:0.724 - chunk_state_support_flow/positive_margin_mean:-0.060 - chunk_state_support_flow/state_keep_ratio:1.000 - chunk_state_support_flow/score_mean:0.355 - chunk_state_support_flow/score_max_mean:0.664 - chunk_state_support_flow/label_consistent_ratio:0.828 - chunk_state_support_flow/raw_positive_ratio:0.355 - chunk_state_score/mode_majority_completion:0.000 - chunk_state_score/mode_answer_consensus:0.000 - chunk_state_score/mode_answer_distribution:0.000 - chunk_state_score/mode_answer_value_gain:0.000 - chunk_state_score/mode_answer_value_margin:0.000 - chunk_state_score/mode_answer_support_mass:0.000 - chunk_state_score/mode_future_support_gain:0.000 - chunk_state_score/mode_support_anchor:0.000 - chunk_state_score/mode_support_flow:1.000 - chunk_state_score/mode_answer_source_consistency:0.000 - chunk_state_diag/boundary_mean:736.000 - chunk_state_diag/boundary_min:512.000 - chunk_state_diag/boundary_max:1024.000 - chunk_state_diag/boundary_zero_ratio:0.000 - chunk_state_diag/skipped_short_sources:0.000 - chunk_state_diag/skipped_support_sources:27.000 - chunk_state_diag/majority_consistent_fallbacks:10.000 - chunk_state_diag/real_state_count:5.000 - chunk_state_diag/pad_state_count:3.000 - chunk_state_diag/loss_weight_mean:0.625 - chunk_state_diag/source_response_len_mean:2312.625 - chunk_state_diag/probe_score_std:0.353 - chunk_state_diag/state_probe_mean_max:0.681 - chunk_state_diag/state_probe_mean_min:0.040 - chunk_state_diag/state_all_positive_ratio:0.000 - chunk_state_diag/state_all_negative_ratio:0.000 - chunk_state_diag/state_mixed_ratio:1.000 - chunk_state_diag/source_majority_consistent_mean:1.000 - chunk_state_diag/source_prompt_majority_ratio_mean:0.633 - chunk_state_diag/source_answer_mass_mean:0.724 - chunk_state_diag/source_answer_mass_min:0.542 - chunk_state_diag/source_prompt_top_mass_mean:0.724 - chunk_state_diag/source_prompt_top_mass_min:0.542 - chunk_state_diag/source_pseudo_acc_mean:0.875 - chunk_state_diag/source_original_acc_mean:0.875 - chunk_state_diag/prompt_pseudo_mean:0.531 - chunk_state_diag/prompt_original_mean:0.590 - chunk_state_diag/prompt_original_pass:1.000 - chunk_state_diag/probe_mean_source_original_correct:0.353 - chunk_state_diag/probe_mean_source_original_wrong:0.370 - chunk_state_diag/source_original_correct_ratio:0.875 - chunk_state_diag/jsonl_rows:8.000 - chunk_state/num_states:8.000 - chunk_state/real_states:5.000 - chunk_state/pad_states:3.000 - chunk_state/num_candidates:64.000 - chunk_state/num_actor_samples:40.000 - chunk_state/loss_weight_mean:1.000 - chunk_state/base_loss_weight_mean:0.625 - chunk_state/zeroed_state_ratio:0.375 - chunk_state/confidence_gate_ratio:1.000 - chunk_state/confidence_weight_mean:1.000 - chunk_state/future_support_keep_ratio:1.000 - chunk_state/majority_ratio_mean:0.724 - chunk_state/answer_coverage_mean:0.828 - chunk_state/positive_ratio:0.355 - chunk_state/label_consistent_only:0.000 - chunk_state/zero_inconsistent_candidates:0.000 - chunk_state/prune_zero_weight_samples:1.000 - chunk_state/prune_padded_to_shards:0.000 - chunk_state/pruned_sample_ratio:0.375 - chunk_state/label_consistent_ratio:0.828 - chunk_state/informative_ratio:1.000 - chunk_state/kept_state_ratio:1.000 - chunk_state/target_entropy:1.366 - chunk_state/target_prior_mean:1.000 - chunk_state/target_prior_max:1.000 - chunk_state/weight_max:0.946 - chunk_state/weight_min:0.001 - chunk_state/powerflow_weight_clip:4.000 - chunk_state/powerflow_weight_clip_renorm:1.000 - chunk_state/powerflow_weight_before_clip_max:7.571 - chunk_state/powerflow_weight_before_clip_mean:1.000 - chunk_state/powerflow_weight_mean:0.959 - chunk_state/powerflow_weight_max:4.000 - chunk_state/powerflow_weight_min:0.005 - chunk_state/boxed_reward_mean:0.268 - chunk_state/boxed_reward_weighted_mean:0.514 - chunk_state/actor_batch_powerflow_weight_nonzero_ratio:1.000 - chunk_state/actor_batch_powerflow_weight_shard0_mean:1.370 - chunk_state/actor_batch_powerflow_weight_shard0_nonzero_ratio:1.000 - chunk_state/actor_batch_powerflow_weight_shard_mean_low:0.709 - chunk_state/actor_batch_powerflow_weight_shard_mean_high:1.370 - chunk_state/actor_batch_powerflow_weight_zero_shard_ratio:0.000 - chunk_state_actor_span/mode_chunk:1.000 - chunk_state_actor_span/response_len_mean:107.234 - chunk_state_actor_span/truncated_ratio:0.000 - actor/pg_loss:0.406 - actor/powerflow_loss:0.406 - actor/log_prob:-1.996 - actor/old_log_prob:0.000 - actor/ref_log_prob:-2.011 - actor/ref_log_prob/std:0.000 - actor/boxed_reward/mean:0.284 - actor/boxed_reward/min:0.000 - actor/boxed_reward/max:0.812 - actor/powerflow_weight/mean:1.370 - actor/powerflow_weight/min:0.081 - actor/powerflow_weight/max:4.000 - actor/powerflow_weight/nonzero_ratio:1.000 - actor/powerflow_local_batch_size:1.000 - actor/log_z:-1.483 - actor/importance_weight:0.800 - actor/powerflow_chunk_loss_target_only:0.000 - actor/ppo_kl:1.996 - actor/ref_kl:-0.015 - actor/beta_coef:4.000 - actor/cispo_mask_ratio:0.397 - actor/cispo_dropped_tokens:37.800 - actor/condition_1_count:0.000 - actor/condition_2_count:37.800 - actor/pg_clipfrac:0.000 - actor/pg_clipfrac_lower:0.000 - actor/grad_norm:12.748 - perf/mfu/actor:0.000 - perf/max_memory_allocated_gb:166.224 - perf/max_memory_reserved_gb:176.207 - perf/cpu_memory_used_gb:790.363 - actor/lr:0.000 - timing_s/generate_sequences:17.808 - timing_s/reshard:0.399 - timing_s/gen:22.487 - timing_s/chunk_state_make_states:0.021 - timing_s/chunk_state_chunks/generate_sequences:0.532 - timing_s/chunk_state_chunks/reshard:0.437 - timing_s/chunk_state_chunks:1.012 - timing_s/chunk_state_score:6.053 - timing_s/chunk_state_build_actor_batch:0.006 - timing_s/chunk_state_ref:0.638 - timing_s/update_actor:1.709 - timing_per_token_ms/gen:0.022 - timing_per_token_ms/update_actor:0.002
[36m(TaskRunner pid=3205517)[0m [Shutdown] 4 subprocess(es) terminated.
[36m(TaskRunner pid=3205517)[0m Training Progress:  15%|█▌        | 3/20 [03:09<16:04, 56.73s/it]
[36m(TaskRunner pid=3205517)[0m <string>:1: SymPyDeprecationWarning:
[36m(TaskRunner pid=3205517)[0m
[36m(TaskRunner pid=3205517)[0m Using non-Expr arguments in Pow is deprecated (in this case, one of the
[36m(TaskRunner pid=3205517)[0m arguments is of type 'FiniteSet').
[36m(TaskRunner pid=3205517)[0m
[36m(TaskRunner pid=3205517)[0m If you really did intend to construct a power with this base, use the **
[36m(TaskRunner pid=3205517)[0m operator instead.
[36m(TaskRunner pid=3205517)[0m
[36m(TaskRunner pid=3205517)[0m See https://docs.sympy.org/latest/explanation/active-deprecations.html#non-expr-args-deprecated
[36m(TaskRunner pid=3205517)[0m for details.
[36m(TaskRunner pid=3205517)[0m
[36m(TaskRunner pid=3205517)[0m This has been deprecated since SymPy version 1.7. It
[36m(TaskRunner pid=3205517)[0m will be removed in a future version of SymPy.
[36m(TaskRunner pid=3205517)[0m
[36m(TaskRunner pid=3205517)[0m <string>:1: SymPyDeprecationWarning:
[36m(TaskRunner pid=3205517)[0m
[36m(TaskRunner pid=3205517)[0m Using non-Expr arguments in Pow is deprecated (in this case, one of the
[36m(TaskRunner pid=3205517)[0m arguments is of type 'FiniteSet').
[36m(TaskRunner pid=3205517)[0m
[36m(TaskRunner pid=3205517)[0m If you really did intend to construct a power with this base, use the **
[36m(TaskRunner pid=3205517)[0m operator instead.
[36m(TaskRunner pid=3205517)[0m
[36m(TaskRunner pid=3205517)[0m See https://docs.sympy.org/latest/explanation/active-deprecations.html#non-expr-args-deprecated
[36m(TaskRunner pid=3205517)[0m for details.
[36m(TaskRunner pid=3205517)[0m
[36m(TaskRunner pid=3205517)[0m This has been deprecated since SymPy version 1.7. It
[36m(TaskRunner pid=3205517)[0m will be removed in a future version of SymPy.
[36m(TaskRunner pid=3205517)[0m
[36m(TaskRunner pid=3205517)[0m <string>:1: SymPyDeprecationWarning:
[36m(TaskRunner pid=3205517)[0m
[36m(TaskRunner pid=3205517)[0m Using non-Expr arguments in Pow is deprecated (in this case, one of the
[36m(TaskRunner pid=3205517)[0m arguments is of type 'FiniteSet').
[36m(TaskRunner pid=3205517)[0m
[36m(TaskRunner pid=3205517)[0m If you really did intend to construct a power with this base, use the **
[36m(TaskRunner pid=3205517)[0m operator instead.
[36m(TaskRunner pid=3205517)[0m
[36m(TaskRunner pid=3205517)[0m See https://docs.sympy.org/latest/explanation/active-deprecations.html#non-expr-args-deprecated
[36m(TaskRunner pid=3205517)[0m for details.
[36m(TaskRunner pid=3205517)[0m
[36m(TaskRunner pid=3205517)[0m This has been deprecated since SymPy version 1.7. It
[36m(TaskRunner pid=3205517)[0m will be removed in a future version of SymPy.
[36m(TaskRunner pid=3205517)[0m
[36m(TaskRunner pid=3205517)[0m [Shutdown] 5 subprocess(es) terminated.
[36m(TaskRunner pid=3205517)[0m [Shutdown] 5 subprocess(es) terminated.
[36m(TaskRunner pid=3205517)[0m step:3 - chunk_state_source/selected_original_acc_mean:0.875 - chunk_state_source/prompt_original_pass:0.969 - chunk_state_source/prompt_original_mean:0.350 - chunk_state_source/selected_majority_consistent_mean:1.000 - chunk_state_source/prompt_majority_ratio_mean:0.350 - chunk_state_source/prompt_majority_pass:1.000 - chunk_state_source_chunk/enabled:1.000 - chunk_state_source_chunk/injected_ratio:1.000 - chunk_state_source_chunk/mean_len:128.000 - chunk_state_source_chunk/candidate_index:0.000 - chunk_state_support_anchor/enabled:1.000 - chunk_state_support_anchor/count:7.000 - chunk_state_support_anchor/candidate_start:1.000 - chunk_state_support_anchor/min_mass:0.031 - chunk_state_support_anchor/prefix_compat_enable:0.000 - chunk_state_support_anchor/prefix_compat_tokens:128.000 - chunk_state_support_anchor/min_prefix_match:0.750 - chunk_state_support_anchor/skip_source:1.000 - chunk_state_support_anchor/injected_ratio:0.929 - chunk_state_support_anchor/state_keep_ratio:1.000 - chunk_state_support_anchor/skipped_no_anchor_ratio:0.000 - chunk_state_support_anchor/skipped_by_compat_ratio:0.000 - chunk_state_support_anchor/skipped_source_ratio:0.031 - chunk_state_support_anchor/score_mean:0.222 - chunk_state_support_anchor/positive_candidate_ratio:0.812 - chunk_state_support_anchor/prefix_match_mean:1.000 - chunk_state_support_anchor/prefix_match_min:1.000 - chunk_state_support_anchor/anchor_mass_mean:0.273 - chunk_state_support_anchor/anchor_mass_max:0.739 - chunk_state_support_anchor/anchor_len_mean:114.404 - chunk_state_support_anchor/selected_rank_mean:2.788 - chunk_state_probe/skipped_for_support_flow:1.000 - chunk_state_support_flow/score_type_mass:0.000 - chunk_state_support_flow/score_type_soft_mass:1.000 - chunk_state_support_flow/score_type_gain:0.000 - chunk_state_support_flow/score_type_relative_gain:0.000 - chunk_state_support_flow/score_type_soft_relative_mass:0.000 - chunk_state_support_flow/gain_slack:0.000 - chunk_state_support_flow/baseline_scale:1.000 - chunk_state_support_flow/source_prior_weight:1.000 - chunk_state_support_flow/min_positive_margin:0.000 - chunk_state_support_flow/anchor_mass_mean:0.222 - chunk_state_support_flow/source_mass_mean:0.596 - chunk_state_support_flow/positive_margin_mean:-0.166 - chunk_state_support_flow/state_keep_ratio:1.000 - chunk_state_support_flow/score_mean:0.222 - chunk_state_support_flow/score_max_mean:0.429 - chunk_state_support_flow/label_consistent_ratio:0.812 - chunk_state_support_flow/raw_positive_ratio:0.222 - chunk_state_score/mode_majority_completion:0.000 - chunk_state_score/mode_answer_consensus:0.000 - chunk_state_score/mode_answer_distribution:0.000 - chunk_state_score/mode_answer_value_gain:0.000 - chunk_state_score/mode_answer_value_margin:0.000 - chunk_state_score/mode_answer_support_mass:0.000 - chunk_state_score/mode_future_support_gain:0.000 - chunk_state_score/mode_support_anchor:0.000 - chunk_state_score/mode_support_flow:1.000 - chunk_state_score/mode_answer_source_consistency:0.000 - chunk_state_diag/boundary_mean:672.000 - chunk_state_diag/boundary_min:512.000 - chunk_state_diag/boundary_max:1024.000 - chunk_state_diag/boundary_zero_ratio:0.000 - chunk_state_diag/skipped_short_sources:0.000 - chunk_state_diag/skipped_support_sources:25.000 - chunk_state_diag/majority_consistent_fallbacks:15.000 - chunk_state_diag/real_state_count:7.000 - chunk_state_diag/pad_state_count:1.000 - chunk_state_diag/loss_weight_mean:0.875 - chunk_state_diag/source_response_len_mean:1490.125 - chunk_state_diag/probe_score_std:0.278 - chunk_state_diag/state_probe_mean_max:0.647 - chunk_state_diag/state_probe_mean_min:0.026 - chunk_state_diag/state_all_positive_ratio:0.000 - chunk_state_diag/state_all_negative_ratio:0.000 - chunk_state_diag/state_mixed_ratio:1.000 - chunk_state_diag/source_majority_consistent_mean:1.000 - chunk_state_diag/source_prompt_majority_ratio_mean:0.500 - chunk_state_diag/source_answer_mass_mean:0.596 - chunk_state_diag/source_answer_mass_min:0.429 - chunk_state_diag/source_prompt_top_mass_mean:0.596 - chunk_state_diag/source_prompt_top_mass_min:0.429 - chunk_state_diag/source_pseudo_acc_mean:0.875 - chunk_state_diag/source_original_acc_mean:0.875 - chunk_state_diag/prompt_pseudo_mean:0.500 - chunk_state_diag/prompt_original_mean:0.500 - chunk_state_diag/prompt_original_pass:1.000 - chunk_state_diag/probe_mean_source_original_correct:0.200 - chunk_state_diag/probe_mean_source_original_wrong:0.375 - chunk_state_diag/source_original_correct_ratio:0.875 - chunk_state_diag/jsonl_rows:8.000 - chunk_state/num_states:8.000 - chunk_state/real_states:7.000 - chunk_state/pad_states:1.000 - chunk_state/num_candidates:64.000 - chunk_state/num_actor_samples:56.000 - chunk_state/loss_weight_mean:1.000 - chunk_state/base_loss_weight_mean:0.875 - chunk_state/zeroed_state_ratio:0.125 - chunk_state/confidence_gate_ratio:1.000 - chunk_state/confidence_weight_mean:1.000 - chunk_state/future_support_keep_ratio:1.000 - chunk_state/majority_ratio_mean:0.596 - chunk_state/answer_coverage_mean:0.812 - chunk_state/positive_ratio:0.222 - chunk_state/label_consistent_only:0.000 - chunk_state/zero_inconsistent_candidates:0.000 - chunk_state/prune_zero_weight_samples:1.000 - chunk_state/prune_padded_to_shards:0.000 - chunk_state/pruned_sample_ratio:0.125 - chunk_state/label_consistent_ratio:0.812 - chunk_state/informative_ratio:1.000 - chunk_state/kept_state_ratio:1.000 - chunk_state/target_entropy:1.529 - chunk_state/target_prior_mean:1.000 - chunk_state/target_prior_max:1.000 - chunk_state/weight_max:0.934 - chunk_state/weight_min:0.001 - chunk_state/powerflow_weight_clip:4.000 - chunk_state/powerflow_weight_clip_renorm:1.000 - chunk_state/powerflow_weight_before_clip_max:7.472 - chunk_state/powerflow_weight_before_clip_mean:1.000 - chunk_state/powerflow_weight_mean:0.995 - chunk_state/powerflow_weight_max:4.000 - chunk_state/powerflow_weight_min:0.005 - chunk_state/boxed_reward_mean:0.238 - chunk_state/boxed_reward_weighted_mean:0.344 - chunk_state/actor_batch_powerflow_weight_nonzero_ratio:1.000 - chunk_state/actor_batch_powerflow_weight_shard0_mean:1.374 - chunk_state/actor_batch_powerflow_weight_shard0_nonzero_ratio:1.000 - chunk_state/actor_batch_powerflow_weight_shard_mean_low:0.803 - chunk_state/actor_batch_powerflow_weight_shard_mean_high:1.374 - chunk_state/actor_batch_powerflow_weight_zero_shard_ratio:0.000 - chunk_state_actor_span/mode_chunk:1.000 - chunk_state_actor_span/response_len_mean:116.953 - chunk_state_actor_span/truncated_ratio:0.000 - actor/pg_loss:0.231 - actor/powerflow_loss:0.231 - actor/log_prob:-0.895 - actor/old_log_prob:0.000 - actor/ref_log_prob:-0.895 - actor/ref_log_prob/std:0.000 - actor/boxed_reward/mean:0.204 - actor/boxed_reward/min:0.000 - actor/boxed_reward/max:0.700 - actor/powerflow_weight/mean:1.374 - actor/powerflow_weight/min:0.098 - actor/powerflow_weight/max:4.000 - actor/powerflow_weight/nonzero_ratio:1.000 - actor/powerflow_local_batch_size:1.000 - actor/log_z:-1.174 - actor/importance_weight:0.800 - actor/powerflow_chunk_loss_target_only:0.000 - actor/ppo_kl:0.895 - actor/ref_kl:0.000 - actor/beta_coef:4.000 - actor/cispo_mask_ratio:0.367 - actor/cispo_dropped_tokens:45.000 - actor/condition_1_count:0.000 - actor/condition_2_count:45.000 - actor/pg_clipfrac:0.000 - actor/pg_clipfrac_lower:0.000 - actor/grad_norm:10.932 - perf/mfu/actor:0.000 - perf/max_memory_allocated_gb:166.224 - perf/max_memory_reserved_gb:176.207 - perf/cpu_memory_used_gb:790.617 - actor/lr:0.000 - timing_s/generate_sequences:18.301 - timing_s/reshard:0.480 - timing_s/gen:23.767 - timing_s/chunk_state_make_states:0.018 - timing_s/chunk_state_chunks/generate_sequences:0.528 - timing_s/chunk_state_chunks/reshard:0.357 - timing_s/chunk_state_chunks:0.933 - timing_s/chunk_state_score:6.424 - timing_s/chunk_state_build_actor_batch:0.006 - timing_s/chunk_state_ref:0.848 - timing_s/update_actor:2.262 - timing_per_token_ms/gen:0.022 - timing_per_token_ms/update_actor:0.002
[36m(TaskRunner pid=3205517)[0m <string>:1: SymPyDeprecationWarning:
[36m(TaskRunner pid=3205517)[0m
[36m(TaskRunner pid=3205517)[0m Using non-Expr arguments in Pow is deprecated (in this case, one of the
[36m(TaskRunner pid=3205517)[0m arguments is of type 'FiniteSet').
[36m(TaskRunner pid=3205517)[0m
[36m(TaskRunner pid=3205517)[0m If you really did intend to construct a power with this base, use the **
[36m(TaskRunner pid=3205517)[0m operator instead.
[36m(TaskRunner pid=3205517)[0m
[36m(TaskRunner pid=3205517)[0m See https://docs.sympy.org/latest/explanation/active-deprecations.html#non-expr-args-deprecated
[36m(TaskRunner pid=3205517)[0m for details.
[36m(TaskRunner pid=3205517)[0m
[36m(TaskRunner pid=3205517)[0m This has been deprecated since SymPy version 1.7. It
[36m(TaskRunner pid=3205517)[0m will be removed in a future version of SymPy.
[36m(TaskRunner pid=3205517)[0m
[36m(TaskRunner pid=3205517)[0m <string>:1: SymPyDeprecationWarning:
[36m(TaskRunner pid=3205517)[0m
[36m(TaskRunner pid=3205517)[0m Using non-Expr arguments in Pow is deprecated (in this case, one of the
[36m(TaskRunner pid=3205517)[0m arguments is of type 'FiniteSet').
[36m(TaskRunner pid=3205517)[0m
[36m(TaskRunner pid=3205517)[0m If you really did intend to construct a power with this base, use the **
[36m(TaskRunner pid=3205517)[0m operator instead.
[36m(TaskRunner pid=3205517)[0m
[36m(TaskRunner pid=3205517)[0m See https://docs.sympy.org/latest/explanation/active-deprecations.html#non-expr-args-deprecated
[36m(TaskRunner pid=3205517)[0m for details.
[36m(TaskRunner pid=3205517)[0m
[36m(TaskRunner pid=3205517)[0m This has been deprecated since SymPy version 1.7. It
[36m(TaskRunner pid=3205517)[0m will be removed in a future version of SymPy.
[36m(TaskRunner pid=3205517)[0m
[36m(TaskRunner pid=3205517)[0m <string>:1: SymPyDeprecationWarning:
[36m(TaskRunner pid=3205517)[0m
[36m(TaskRunner pid=3205517)[0m Using non-Expr arguments in Pow is deprecated (in this case, one of the
[36m(TaskRunner pid=3205517)[0m arguments is of type 'FiniteSet').
[36m(TaskRunner pid=3205517)[0m
[36m(TaskRunner pid=3205517)[0m If you really did intend to construct a power with this base, use the **
[36m(TaskRunner pid=3205517)[0m operator instead.
[36m(TaskRunner pid=3205517)[0m
[36m(TaskRunner pid=3205517)[0m See https://docs.sympy.org/latest/explanation/active-deprecations.html#non-expr-args-deprecated
[36m(TaskRunner pid=3205517)[0m for details.
[36m(TaskRunner pid=3205517)[0m
[36m(TaskRunner pid=3205517)[0m This has been deprecated since SymPy version 1.7. It
[36m(TaskRunner pid=3205517)[0m will be removed in a future version of SymPy.
[36m(TaskRunner pid=3205517)[0m
[36m(TaskRunner pid=3205517)[0m Training Progress:  20%|██        | 4/20 [03:57<14:08, 53.04s/it]
[36m(TaskRunner pid=3205517)[0m <string>:1: SyntaxWarning: 'set' object is not callable; perhaps you missed a comma?
[36m(TaskRunner pid=3205517)[0m <string>:1: SymPyDeprecationWarning:
[36m(TaskRunner pid=3205517)[0m
[36m(TaskRunner pid=3205517)[0m Using non-Expr arguments in Pow is deprecated (in this case, one of the
[36m(TaskRunner pid=3205517)[0m arguments is of type 'FiniteSet').
[36m(TaskRunner pid=3205517)[0m
[36m(TaskRunner pid=3205517)[0m If you really did intend to construct a power with this base, use the **
[36m(TaskRunner pid=3205517)[0m operator instead.
[36m(TaskRunner pid=3205517)[0m
[36m(TaskRunner pid=3205517)[0m See https://docs.sympy.org/latest/explanation/active-deprecations.html#non-expr-args-deprecated
[36m(TaskRunner pid=3205517)[0m for details.
[36m(TaskRunner pid=3205517)[0m
[36m(TaskRunner pid=3205517)[0m This has been deprecated since SymPy version 1.7. It
[36m(TaskRunner pid=3205517)[0m will be removed in a future version of SymPy.
[36m(TaskRunner pid=3205517)[0m
[36m(TaskRunner pid=3205517)[0m <string>:1: SymPyDeprecationWarning:
[36m(TaskRunner pid=3205517)[0m
[36m(TaskRunner pid=3205517)[0m Using non-Expr arguments in Mul is deprecated (in this case, one of
[36m(TaskRunner pid=3205517)[0m the arguments has type 'Tuple').
[36m(TaskRunner pid=3205517)[0m
[36m(TaskRunner pid=3205517)[0m If you really did intend to use a multiplication or addition operation with
[36m(TaskRunner pid=3205517)[0m this object, use the * or + operator instead.
[36m(TaskRunner pid=3205517)[0m
[36m(TaskRunner pid=3205517)[0m See https://docs.sympy.org/latest/explanation/active-deprecations.html#non-expr-args-deprecated
[36m(TaskRunner pid=3205517)[0m for details.
[36m(TaskRunner pid=3205517)[0m
[36m(TaskRunner pid=3205517)[0m This has been deprecated since SymPy version 1.7. It
[36m(TaskRunner pid=3205517)[0m will be removed in a future version of SymPy.
[36m(TaskRunner pid=3205517)[0m
[36m(TaskRunner pid=3205517)[0m <string>:1: SymPyDeprecationWarning:
[36m(TaskRunner pid=3205517)[0m
[36m(TaskRunner pid=3205517)[0m Using non-Expr arguments in Pow is deprecated (in this case, one of the
[36m(TaskRunner pid=3205517)[0m arguments is of type 'FiniteSet').
[36m(TaskRunner pid=3205517)[0m
[36m(TaskRunner pid=3205517)[0m If you really did intend to construct a power with this base, use the **
[36m(TaskRunner pid=3205517)[0m operator instead.
[36m(TaskRunner pid=3205517)[0m
[36m(TaskRunner pid=3205517)[0m See https://docs.sympy.org/latest/explanation/active-deprecations.html#non-expr-args-deprecated
[36m(TaskRunner pid=3205517)[0m for details.
[36m(TaskRunner pid=3205517)[0m
[36m(TaskRunner pid=3205517)[0m This has been deprecated since SymPy version 1.7. It
[36m(TaskRunner pid=3205517)[0m will be removed in a future version of SymPy.
[36m(TaskRunner pid=3205517)[0m
[36m(TaskRunner pid=3205517)[0m <string>:1: SyntaxWarning: 'set' object is not callable; perhaps you missed a comma?
[36m(TaskRunner pid=3205517)[0m <string>:1: SyntaxWarning: 'set' object is not callable; perhaps you missed a comma?
[36m(TaskRunner pid=3205517)[0m <string>:1: SyntaxWarning: 'set' object is not callable; perhaps you missed a comma?
[36m(TaskRunner pid=3205517)[0m [Shutdown] 3 subprocess(es) terminated.
[36m(TaskRunner pid=3205517)[0m [Shutdown] 2 subprocess(es) terminated.
[36m(TaskRunner pid=3205517)[0m [Shutdown] 11 subprocess(es) terminated.
[36m(TaskRunner pid=3205517)[0m step:4 - chunk_state_source/selected_original_acc_mean:1.000 - chunk_state_source/prompt_original_pass:0.906 - chunk_state_source/prompt_original_mean:0.316 - chunk_state_source/selected_majority_consistent_mean:1.000 - chunk_state_source/prompt_majority_ratio_mean:0.352 - chunk_state_source/prompt_majority_pass:1.000 - chunk_state_source_chunk/enabled:1.000 - chunk_state_source_chunk/injected_ratio:1.000 - chunk_state_source_chunk/mean_len:128.000 - chunk_state_source_chunk/candidate_index:0.000 - chunk_state_support_anchor/enabled:1.000 - chunk_state_support_anchor/count:7.000 - chunk_state_support_anchor/candidate_start:1.000 - chunk_state_support_anchor/min_mass:0.031 - chunk_state_support_anchor/prefix_compat_enable:0.000 - chunk_state_support_anchor/prefix_compat_tokens:128.000 - chunk_state_support_anchor/min_prefix_match:0.750 - chunk_state_support_anchor/skip_source:1.000 - chunk_state_support_anchor/injected_ratio:0.946 - chunk_state_support_anchor/state_keep_ratio:1.000 - chunk_state_support_anchor/skipped_no_anchor_ratio:0.000 - chunk_state_support_anchor/skipped_by_compat_ratio:0.000 - chunk_state_support_anchor/skipped_source_ratio:0.031 - chunk_state_support_anchor/score_mean:0.252 - chunk_state_support_anchor/positive_candidate_ratio:0.828 - chunk_state_support_anchor/prefix_match_mean:1.000 - chunk_state_support_anchor/prefix_match_min:1.000 - chunk_state_support_anchor/anchor_mass_mean:0.305 - chunk_state_support_anchor/anchor_mass_max:0.875 - chunk_state_support_anchor/anchor_len_mean:116.660 - chunk_state_support_anchor/selected_rank_mean:2.887 - chunk_state_probe/skipped_for_support_flow:1.000 - chunk_state_support_flow/score_type_mass:0.000 - chunk_state_support_flow/score_type_soft_mass:1.000 - chunk_state_support_flow/score_type_gain:0.000 - chunk_state_support_flow/score_type_relative_gain:0.000 - chunk_state_support_flow/score_type_soft_relative_mass:0.000 - chunk_state_support_flow/gain_slack:0.000 - chunk_state_support_flow/baseline_scale:1.000 - chunk_state_support_flow/source_prior_weight:1.000 - chunk_state_support_flow/min_positive_margin:0.000 - chunk_state_support_flow/anchor_mass_mean:0.252 - chunk_state_support_flow/source_mass_mean:0.617 - chunk_state_support_flow/positive_margin_mean:-0.117 - chunk_state_support_flow/state_keep_ratio:1.000 - chunk_state_support_flow/score_mean:0.252 - chunk_state_support_flow/score_max_mean:0.500 - chunk_state_support_flow/label_consistent_ratio:0.828 - chunk_state_support_flow/raw_positive_ratio:0.252 - chunk_state_score/mode_majority_completion:0.000 - chunk_state_score/mode_answer_consensus:0.000 - chunk_state_score/mode_answer_distribution:0.000 - chunk_state_score/mode_answer_value_gain:0.000 - chunk_state_score/mode_answer_value_margin:0.000 - chunk_state_score/mode_answer_support_mass:0.000 - chunk_state_score/mode_future_support_gain:0.000 - chunk_state_score/mode_support_anchor:0.000 - chunk_state_score/mode_support_flow:1.000 - chunk_state_score/mode_answer_source_consistency:0.000 - chunk_state_diag/boundary_mean:736.000 - chunk_state_diag/boundary_min:512.000 - chunk_state_diag/boundary_max:1024.000 - chunk_state_diag/boundary_zero_ratio:0.000 - chunk_state_diag/skipped_short_sources:0.000 - chunk_state_diag/skipped_support_sources:24.000 - chunk_state_diag/majority_consistent_fallbacks:8.000 - chunk_state_diag/real_state_count:8.000 - chunk_state_diag/pad_state_count:0.000 - chunk_state_diag/loss_weight_mean:1.000 - chunk_state_diag/source_response_len_mean:1744.625 - chunk_state_diag/probe_score_std:0.331 - chunk_state_diag/state_probe_mean_max:0.583 - chunk_state_diag/state_probe_mean_min:0.016 - chunk_state_diag/state_all_positive_ratio:0.000 - chunk_state_diag/state_all_negative_ratio:0.000 - chunk_state_diag/state_mixed_ratio:1.000 - chunk_state_diag/source_majority_consistent_mean:1.000 - chunk_state_diag/source_prompt_majority_ratio_mean:0.551 - chunk_state_diag/source_answer_mass_mean:0.617 - chunk_state_diag/source_answer_mass_min:0.417 - chunk_state_diag/source_prompt_top_mass_mean:0.617 - chunk_state_diag/source_prompt_top_mass_min:0.417 - chunk_state_diag/source_pseudo_acc_mean:1.000 - chunk_state_diag/source_original_acc_mean:1.000 - chunk_state_diag/prompt_pseudo_mean:0.551 - chunk_state_diag/prompt_original_mean:0.551 - chunk_state_diag/prompt_original_pass:1.000 - chunk_state_diag/probe_mean_source_original_correct:0.252 - chunk_state_diag/probe_mean_source_original_wrong:0.000 - chunk_state_diag/source_original_correct_ratio:1.000 - chunk_state_diag/jsonl_rows:8.000 - chunk_state/num_states:8.000 - chunk_state/real_states:8.000 - chunk_state/pad_states:0.000 - chunk_state/num_candidates:64.000 - chunk_state/num_actor_samples:64.000 - chunk_state/loss_weight_mean:1.000 - chunk_state/base_loss_weight_mean:1.000 - chunk_state/zeroed_state_ratio:0.000 - chunk_state/confidence_gate_ratio:1.000 - chunk_state/confidence_weight_mean:1.000 - chunk_state/future_support_keep_ratio:1.000 - chunk_state/majority_ratio_mean:0.617 - chunk_state/answer_coverage_mean:0.828 - chunk_state/positive_ratio:0.252 - chunk_state/label_consistent_only:0.000 - chunk_state/zero_inconsistent_candidates:0.000 - chunk_state/prune_zero_weight_samples:1.000 - chunk_state/prune_padded_to_shards:0.000 - chunk_state/pruned_sample_ratio:0.000 - chunk_state/label_consistent_ratio:0.828 - chunk_state/informative_ratio:1.000 - chunk_state/kept_state_ratio:1.000 - chunk_state/target_entropy:1.391 - chunk_state/target_prior_mean:1.000 - chunk_state/target_prior_max:1.000 - chunk_state/weight_max:0.888 - chunk_state/weight_min:0.001 - chunk_state/powerflow_weight_clip:4.000 - chunk_state/powerflow_weight_clip_renorm:1.000 - chunk_state/powerflow_weight_before_clip_max:7.106 - chunk_state/powerflow_weight_before_clip_mean:1.000 - chunk_state/powerflow_weight_mean:0.972 - chunk_state/powerflow_weight_max:4.000 - chunk_state/powerflow_weight_min:0.005 - chunk_state/boxed_reward_mean:0.252 - chunk_state/boxed_reward_weighted_mean:0.464 - chunk_state/actor_batch_powerflow_weight_nonzero_ratio:1.000 - chunk_state/actor_batch_powerflow_weight_shard0_mean:1.238 - chunk_state/actor_batch_powerflow_weight_shard0_nonzero_ratio:1.000 - chunk_state/actor_batch_powerflow_weight_shard_mean_low:0.761 - chunk_state/actor_batch_powerflow_weight_shard_mean_high:1.238 - chunk_state/actor_batch_powerflow_weight_zero_shard_ratio:0.000 - chunk_state_actor_span/mode_chunk:1.000 - chunk_state_actor_span/response_len_mean:118.609 - chunk_state_actor_span/truncated_ratio:0.000 - actor/pg_loss:1.107 - actor/powerflow_loss:1.107 - actor/log_prob:-1.121 - actor/old_log_prob:0.000 - actor/ref_log_prob:-1.120 - actor/ref_log_prob/std:0.000 - actor/boxed_reward/mean:0.188 - actor/boxed_reward/min:0.000 - actor/boxed_reward/max:0.815 - actor/powerflow_weight/mean:1.238 - actor/powerflow_weight/min:0.052 - actor/powerflow_weight/max:4.000 - actor/powerflow_weight/nonzero_ratio:1.000 - actor/powerflow_local_batch_size:1.000 - actor/log_z:-1.070 - actor/importance_weight:0.800 - actor/powerflow_chunk_loss_target_only:0.000 - actor/ppo_kl:1.121 - actor/ref_kl:0.001 - actor/beta_coef:4.000 - actor/cispo_mask_ratio:0.361 - actor/cispo_dropped_tokens:44.250 - actor/condition_1_count:0.000 - actor/condition_2_count:44.250 - actor/pg_clipfrac:0.000 - actor/pg_clipfrac_lower:0.000 - actor/grad_norm:22.316 - perf/mfu/actor:0.000 - perf/max_memory_allocated_gb:166.224 - perf/max_memory_reserved_gb:176.207 - perf/cpu_memory_used_gb:790.589 - actor/lr:0.000 - timing_s/generate_sequences:18.271 - timing_s/reshard:0.517 - timing_s/gen:23.018 - timing_s/chunk_state_make_states:0.019 - timing_s/chunk_state_chunks/generate_sequences:0.532 - timing_s/chunk_state_chunks/reshard:0.411 - timing_s/chunk_state_chunks:0.987 - timing_s/chunk_state_score:7.454 - timing_s/chunk_state_build_actor_batch:0.007 - timing_s/chunk_state_ref:0.971 - timing_s/update_actor:2.652 - timing_per_token_ms/gen:0.021 - timing_per_token_ms/update_actor:0.002
[36m(TaskRunner pid=3205517)[0m [Shutdown] 2 subprocess(es) terminated.
[36m(TaskRunner pid=3205517)[0m [Shutdown] 5 subprocess(es) terminated.
[36m(TaskRunner pid=3205517)[0m Training Progress:  25%|██▌       | 5/20 [04:40<12:23, 49.55s/it]
[36m(TaskRunner pid=3205517)[0m <string>:1: SymPyDeprecationWarning:
[36m(TaskRunner pid=3205517)[0m
[36m(TaskRunner pid=3205517)[0m Using non-Expr arguments in Pow is deprecated (in this case, one of the
[36m(TaskRunner pid=3205517)[0m arguments is of type 'FiniteSet').
[36m(TaskRunner pid=3205517)[0m
[36m(TaskRunner pid=3205517)[0m If you really did intend to construct a power with this base, use the **
[36m(TaskRunner pid=3205517)[0m operator instead.
[36m(TaskRunner pid=3205517)[0m
[36m(TaskRunner pid=3205517)[0m See https://docs.sympy.org/latest/explanation/active-deprecations.html#non-expr-args-deprecated
[36m(TaskRunner pid=3205517)[0m for details.
[36m(TaskRunner pid=3205517)[0m
[36m(TaskRunner pid=3205517)[0m This has been deprecated since SymPy version 1.7. It
[36m(TaskRunner pid=3205517)[0m will be removed in a future version of SymPy.
[36m(TaskRunner pid=3205517)[0m
[36m(TaskRunner pid=3205517)[0m <string>:1: SymPyDeprecationWarning:
[36m(TaskRunner pid=3205517)[0m
[36m(TaskRunner pid=3205517)[0m Using non-Expr arguments in Pow is deprecated (in this case, one of the
[36m(TaskRunner pid=3205517)[0m arguments is of type 'FiniteSet').
[36m(TaskRunner pid=3205517)[0m
[36m(TaskRunner pid=3205517)[0m If you really did intend to construct a power with this base, use the **
[36m(TaskRunner pid=3205517)[0m operator instead.
[36m(TaskRunner pid=3205517)[0m
[36m(TaskRunner pid=3205517)[0m See https://docs.sympy.org/latest/explanation/active-deprecations.html#non-expr-args-deprecated
[36m(TaskRunner pid=3205517)[0m for details.
[36m(TaskRunner pid=3205517)[0m
[36m(TaskRunner pid=3205517)[0m This has been deprecated since SymPy version 1.7. It
[36m(TaskRunner pid=3205517)[0m will be removed in a future version of SymPy.
[36m(TaskRunner pid=3205517)[0m
[36m(TaskRunner pid=3205517)[0m <string>:1: SymPyDeprecationWarning:
[36m(TaskRunner pid=3205517)[0m
[36m(TaskRunner pid=3205517)[0m Using non-Expr arguments in Pow is deprecated (in this case, one of the
[36m(TaskRunner pid=3205517)[0m arguments is of type 'FiniteSet').
[36m(TaskRunner pid=3205517)[0m
[36m(TaskRunner pid=3205517)[0m If you really did intend to construct a power with this base, use the **
[36m(TaskRunner pid=3205517)[0m operator instead.
[36m(TaskRunner pid=3205517)[0m
[36m(TaskRunner pid=3205517)[0m See https://docs.sympy.org/latest/explanation/active-deprecations.html#non-expr-args-deprecated
[36m(TaskRunner pid=3205517)[0m for details.
[36m(TaskRunner pid=3205517)[0m
[36m(TaskRunner pid=3205517)[0m This has been deprecated since SymPy version 1.7. It
[36m(TaskRunner pid=3205517)[0m will be removed in a future version of SymPy.
[36m(TaskRunner pid=3205517)[0m
[36m(TaskRunner pid=3205517)[0m <string>:1: SymPyDeprecationWarning:
[36m(TaskRunner pid=3205517)[0m
[36m(TaskRunner pid=3205517)[0m Using non-Expr arguments in Pow is deprecated (in this case, one of the
[36m(TaskRunner pid=3205517)[0m arguments is of type 'FiniteSet').
[36m(TaskRunner pid=3205517)[0m
[36m(TaskRunner pid=3205517)[0m If you really did intend to construct a power with this base, use the **
[36m(TaskRunner pid=3205517)[0m operator instead.
[36m(TaskRunner pid=3205517)[0m
[36m(TaskRunner pid=3205517)[0m See https://docs.sympy.org/latest/explanation/active-deprecations.html#non-expr-args-deprecated
[36m(TaskRunner pid=3205517)[0m for details.
[36m(TaskRunner pid=3205517)[0m
[36m(TaskRunner pid=3205517)[0m This has been deprecated since SymPy version 1.7. It
[36m(TaskRunner pid=3205517)[0m will be removed in a future version of SymPy.
[36m(TaskRunner pid=3205517)[0m
[36m(TaskRunner pid=3205517)[0m WARNING:2026-08-01 22:07:53,575:Timeout during parsing: $\left\{ \begin{pmatrix} 7 \\ 1 \\ 0 \\ 0 \end{pmatrix}, \begin{pmatrix} -1 \\ 0 \\ 1 \\ 0 \end{pmatrix}, \begin{pmatrix} 7 \\ 0 \\ 0 \\ 1 \end{pmatrix} \right\}$
[36m(TaskRunner pid=3205517)[0m WARNING:2026-08-01 22:07:53,593:Timeout during parsing: ${3 - 2*sqrt(2), 2*sqrt(2) + 3}$
[36m(TaskRunner pid=3205517)[0m WARNING:2026-08-01 22:07:53,594:Timeout during parsing: ${3 - 2*sqrt(2), 2*sqrt(2) + 3}$
[36m(TaskRunner pid=3205517)[0m WARNING:2026-08-01 22:07:53,594:Timeout during parsing: ${3 - 2*sqrt(2), 2*sqrt(2) + 3}$
[36m(TaskRunner pid=3205517)[0m WARNING:2026-08-01 22:07:53,594:Timeout during parsing: ${3 - 2*sqrt(2), 2*sqrt(2) + 3}$
[36m(TaskRunner pid=3205517)[0m WARNING:2026-08-01 22:07:53,594:Timeout during parsing: ${3 - 2*sqrt(2), 2*sqrt(2) + 3}$
[36m(TaskRunner pid=3205517)[0m WARNING:2026-08-01 22:07:53,594:Timeout during parsing: ${3 - 2*sqrt(2), 2*sqrt(2) + 3}$
[36m(TaskRunner pid=3205517)[0m WARNING:2026-08-01 22:07:53,594:Timeout during parsing: ${3 - 2*sqrt(2), 2*sqrt(2) + 3}$
[36m(TaskRunner pid=3205517)[0m WARNING:2026-08-01 22:07:53,595:Timeout during parsing: ${3 - 2*sqrt(2), 2*sqrt(2) + 3}$
[36m(TaskRunner pid=3205517)[0m WARNING:2026-08-01 22:07:53,595:Timeout during parsing: ${3 - 2*sqrt(2), 2*sqrt(2) + 3}$
[36m(TaskRunner pid=3205517)[0m WARNING:2026-08-01 22:07:53,596:Timeout during parsing: ${3 - 2*sqrt(2), 2*sqrt(2) + 3}$
[36m(TaskRunner pid=3205517)[0m WARNING:2026-08-01 22:07:53,597:Timeout during parsing: ${3 - 2*sqrt(2), 2*sqrt(2) + 3}$
[36m(TaskRunner pid=3205517)[0m WARNING:2026-08-01 22:07:53,598:Timeout during parsing: ${3 - 2*sqrt(2), 2*sqrt(2) + 3}$
[36m(TaskRunner pid=3205517)[0m WARNING:2026-08-01 22:07:53,600:Timeout during parsing: ${3 - 2*sqrt(2), 2*sqrt(2) + 3}$
[36m(TaskRunner pid=3205517)[0m WARNING:2026-08-01 22:07:53,600:Timeout during parsing: ${3 - 2*sqrt(2), 2*sqrt(2) + 3}$
[36m(TaskRunner pid=3205517)[0m WARNING:2026-08-01 22:07:53,601:Timeout during parsing: ${3 - 2*sqrt(2), 2*sqrt(2) + 3}$
[36m(TaskRunner pid=3205517)[0m WARNING:2026-08-01 22:07:53,604:Timeout during parsing: ${3 - 2*sqrt(2), 2*sqrt(2) + 3}$
[36m(TaskRunner pid=3205517)[0m WARNING:2026-08-01 22:07:53,628:Timeout during parsing: $(2, 1)$
[36m(TaskRunner pid=3205517)[0m [Shutdown] 4 subprocess(es) terminated.
[36m(TaskRunner pid=3205517)[0m step:5 - chunk_state_source/selected_original_acc_mean:1.000 - chunk_state_source/prompt_original_pass:0.906 - chunk_state_source/prompt_original_mean:0.309 - chunk_state_source/selected_majority_consistent_mean:1.000 - chunk_state_source/prompt_majority_ratio_mean:0.334 - chunk_state_source/prompt_majority_pass:1.000 - chunk_state_source_chunk/enabled:1.000 - chunk_state_source_chunk/injected_ratio:1.000 - chunk_state_source_chunk/mean_len:127.750 - chunk_state_source_chunk/candidate_index:0.000 - chunk_state_support_anchor/enabled:1.000 - chunk_state_support_anchor/count:7.000 - chunk_state_support_anchor/candidate_start:1.000 - chunk_state_support_anchor/min_mass:0.031 - chunk_state_support_anchor/prefix_compat_enable:0.000 - chunk_state_support_anchor/prefix_compat_tokens:128.000 - chunk_state_support_anchor/min_prefix_match:0.750 - chunk_state_support_anchor/skip_source:1.000 - chunk_state_support_anchor/injected_ratio:0.982 - chunk_state_support_anchor/state_keep_ratio:1.000 - chunk_state_support_anchor/skipped_no_anchor_ratio:0.000 - chunk_state_support_anchor/skipped_by_compat_ratio:0.000 - chunk_state_support_anchor/skipped_source_ratio:0.031 - chunk_state_support_anchor/score_mean:0.287 - chunk_state_support_anchor/positive_candidate_ratio:0.859 - chunk_state_support_anchor/prefix_match_mean:1.000 - chunk_state_support_anchor/prefix_match_min:1.000 - chunk_state_support_anchor/anchor_mass_mean:0.334 - chunk_state_support_anchor/anchor_mass_max:0.968 - chunk_state_support_anchor/anchor_len_mean:121.473 - chunk_state_support_anchor/selected_rank_mean:2.945 - chunk_state_probe/skipped_for_support_flow:1.000 - chunk_state_support_flow/score_type_mass:0.000 - chunk_state_support_flow/score_type_soft_mass:1.000 - chunk_state_support_flow/score_type_gain:0.000 - chunk_state_support_flow/score_type_relative_gain:0.000 - chunk_state_support_flow/score_type_soft_relative_mass:0.000 - chunk_state_support_flow/gain_slack:0.000 - chunk_state_support_flow/baseline_scale:1.000 - chunk_state_support_flow/source_prior_weight:1.000 - chunk_state_support_flow/min_positive_margin:0.000 - chunk_state_support_flow/anchor_mass_mean:0.287 - chunk_state_support_flow/source_mass_mean:0.557 - chunk_state_support_flow/positive_margin_mean:-0.085 - chunk_state_support_flow/state_keep_ratio:1.000 - chunk_state_support_flow/score_mean:0.287 - chunk_state_support_flow/score_max_mean:0.472 - chunk_state_support_flow/label_consistent_ratio:0.859 - chunk_state_support_flow/raw_positive_ratio:0.287 - chunk_state_score/mode_majority_completion:0.000 - chunk_state_score/mode_answer_consensus:0.000 - chunk_state_score/mode_answer_distribution:0.000 - chunk_state_score/mode_answer_value_gain:0.000 - chunk_state_score/mode_answer_value_margin:0.000 - chunk_state_score/mode_answer_support_mass:0.000 - chunk_state_score/mode_future_support_gain:0.000 - chunk_state_score/mode_support_anchor:0.000 - chunk_state_score/mode_support_flow:1.000 - chunk_state_score/mode_answer_source_consistency:0.000 - chunk_state_diag/boundary_mean:592.000 - chunk_state_diag/boundary_min:256.000 - chunk_state_diag/boundary_max:1024.000 - chunk_state_diag/boundary_zero_ratio:0.000 - chunk_state_diag/skipped_short_sources:0.000 - chunk_state_diag/skipped_support_sources:23.000 - chunk_state_diag/majority_consistent_fallbacks:7.000 - chunk_state_diag/real_state_count:9.000 - chunk_state_diag/pad_state_count:7.000 - chunk_state_diag/loss_weight_mean:0.562 - chunk_state_diag/source_response_len_mean:1380.688 - chunk_state_diag/probe_score_std:0.291 - chunk_state_diag/state_probe_mean_max:0.847 - chunk_state_diag/state_probe_mean_min:0.030 - chunk_state_diag/state_all_positive_ratio:0.000 - chunk_state_diag/state_all_negative_ratio:0.000 - chunk_state_diag/state_mixed_ratio:1.000 - chunk_state_diag/source_majority_consistent_mean:1.000 - chunk_state_diag/source_prompt_majority_ratio_mean:0.426 - chunk_state_diag/source_answer_mass_mean:0.557 - chunk_state_diag/source_answer_mass_min:0.450 - chunk_state_diag/source_prompt_top_mass_mean:0.557 - chunk_state_diag/source_prompt_top_mass_min:0.450 - chunk_state_diag/source_pseudo_acc_mean:0.938 - chunk_state_diag/source_original_acc_mean:1.000 - chunk_state_diag/prompt_pseudo_mean:0.377 - chunk_state_diag/prompt_original_mean:0.426 - chunk_state_diag/prompt_original_pass:1.000 - chunk_state_diag/probe_mean_source_original_correct:0.287 - chunk_state_diag/probe_mean_source_original_wrong:0.000 - chunk_state_diag/source_original_correct_ratio:1.000 - chunk_state_diag/jsonl_rows:16.000 - chunk_state/num_states:16.000 - chunk_state/real_states:9.000 - chunk_state/pad_states:7.000 - chunk_state/num_candidates:128.000 - chunk_state/num_actor_samples:72.000 - chunk_state/loss_weight_mean:1.000 - chunk_state/base_loss_weight_mean:0.562 - chunk_state/zeroed_state_ratio:0.438 - chunk_state/confidence_gate_ratio:1.000 - chunk_state/confidence_weight_mean:1.000 - chunk_state/future_support_keep_ratio:1.000 - chunk_state/majority_ratio_mean:0.557 - chunk_state/answer_coverage_mean:0.859 - chunk_state/positive_ratio:0.287 - chunk_state/label_consistent_only:0.000 - chunk_state/zero_inconsistent_candidates:0.000 - chunk_state/prune_zero_weight_samples:1.000 - chunk_state/prune_padded_to_shards:0.000 - chunk_state/pruned_sample_ratio:0.438 - chunk_state/label_consistent_ratio:0.859 - chunk_state/informative_ratio:1.000 - chunk_state/kept_state_ratio:1.000 - chunk_state/target_entropy:1.645 - chunk_state/target_prior_mean:1.000 - chunk_state/target_prior_max:1.000 - chunk_state/weight_max:0.913 - chunk_state/weight_min:0.000 - chunk_state/powerflow_weight_clip:4.000 - chunk_state/powerflow_weight_clip_renorm:1.000 - chunk_state/powerflow_weight_before_clip_max:7.301 - chunk_state/powerflow_weight_before_clip_mean:1.000 - chunk_state/powerflow_weight_mean:0.997 - chunk_state/powerflow_weight_max:4.000 - chunk_state/powerflow_weight_min:0.003 - chunk_state/boxed_reward_mean:0.267 - chunk_state/boxed_reward_weighted_mean:0.459 - chunk_state/actor_batch_powerflow_weight_nonzero_ratio:1.000 - chunk_state/actor_batch_powerflow_weight_shard0_mean:1.269 - chunk_state/actor_batch_powerflow_weight_shard0_nonzero_ratio:1.000 - chunk_state/actor_batch_powerflow_weight_shard_mean_low:0.877 - chunk_state/actor_batch_powerflow_weight_shard_mean_high:1.269 - chunk_state/actor_batch_powerflow_weight_zero_shard_ratio:0.000 - chunk_state_actor_span/mode_chunk:1.000 - chunk_state_actor_span/response_len_mean:122.359 - chunk_state_actor_span/truncated_ratio:0.000 - actor/pg_loss:0.249 - actor/powerflow_loss:0.249 - actor/log_prob:-1.370 - actor/old_log_prob:0.000 - actor/ref_log_prob:-1.369 - actor/ref_log_prob/std:0.000 - actor/boxed_reward/mean:0.090 - actor/boxed_reward/min:0.000 - actor/boxed_reward/max:0.571 - actor/powerflow_weight/mean:1.269 - actor/powerflow_weight/min:0.025 - actor/powerflow_weight/max:4.000 - actor/powerflow_weight/nonzero_ratio:1.000 - actor/powerflow_local_batch_size:1.000 - actor/log_z:-1.477 - actor/importance_weight:0.800 - actor/powerflow_chunk_loss_target_only:0.000 - actor/ppo_kl:1.370 - actor/ref_kl:0.000 - actor/beta_coef:4.000 - actor/cispo_mask_ratio:0.416 - actor/cispo_dropped_tokens:48.667 - actor/condition_1_count:0.000 - actor/condition_2_count:48.667 - actor/pg_clipfrac:0.000 - actor/pg_clipfrac_lower:0.000 - actor/grad_norm:10.317 - perf/mfu/actor:0.000 - perf/max_memory_allocated_gb:166.224 - perf/max_memory_reserved_gb:176.207 - perf/cpu_memory_used_gb:790.658 - actor/lr:0.000 - timing_s/generate_sequences:17.519 - timing_s/reshard:0.458 - timing_s/gen:22.547 - timing_s/chunk_state_make_states:0.022 - timing_s/chunk_state_chunks/generate_sequences:0.541 - timing_s/chunk_state_chunks/reshard:0.384 - timing_s/chunk_state_chunks:0.979 - timing_s/chunk_state_score:5.826 - timing_s/chunk_state_build_actor_batch:0.008 - timing_s/chunk_state_ref:1.069 - timing_s/update_actor:2.900 - timing_per_token_ms/gen:0.023 - timing_per_token_ms/update_actor:0.003
[36m(TaskRunner pid=3205517)[0m [Shutdown] 6 subprocess(es) terminated.
[36m(TaskRunner pid=3205517)[0m Training Progress:  30%|███       | 6/20 [05:27<11:20, 48.59s/it]
[36m(TaskRunner pid=3205517)[0m <string>:1: SyntaxWarning: 'set' object is not callable; perhaps you missed a comma?
[36m(TaskRunner pid=3205517)[0m <string>:1: SymPyDeprecationWarning:
[36m(TaskRunner pid=3205517)[0m
[36m(TaskRunner pid=3205517)[0m Using non-Expr arguments in Pow is deprecated (in this case, one of the
[36m(TaskRunner pid=3205517)[0m arguments is of type 'FiniteSet').
[36m(TaskRunner pid=3205517)[0m
[36m(TaskRunner pid=3205517)[0m If you really did intend to construct a power with this base, use the **
[36m(TaskRunner pid=3205517)[0m operator instead.
[36m(TaskRunner pid=3205517)[0m
[36m(TaskRunner pid=3205517)[0m See https://docs.sympy.org/latest/explanation/active-deprecations.html#non-expr-args-deprecated
[36m(TaskRunner pid=3205517)[0m for details.
[36m(TaskRunner pid=3205517)[0m
[36m(TaskRunner pid=3205517)[0m This has been deprecated since SymPy version 1.7. It
[36m(TaskRunner pid=3205517)[0m will be removed in a future version of SymPy.
[36m(TaskRunner pid=3205517)[0m
[36m(TaskRunner pid=3205517)[0m <string>:1: SymPyDeprecationWarning:
[36m(TaskRunner pid=3205517)[0m
[36m(TaskRunner pid=3205517)[0m Using non-Expr arguments in Pow is deprecated (in this case, one of the
[36m(TaskRunner pid=3205517)[0m arguments is of type 'FiniteSet').
[36m(TaskRunner pid=3205517)[0m
[36m(TaskRunner pid=3205517)[0m If you really did intend to construct a power with this base, use the **
[36m(TaskRunner pid=3205517)[0m operator instead.
[36m(TaskRunner pid=3205517)[0m
[36m(TaskRunner pid=3205517)[0m See https://docs.sympy.org/latest/explanation/active-deprecations.html#non-expr-args-deprecated
[36m(TaskRunner pid=3205517)[0m for details.
[36m(TaskRunner pid=3205517)[0m
[36m(TaskRunner pid=3205517)[0m This has been deprecated since SymPy version 1.7. It
[36m(TaskRunner pid=3205517)[0m will be removed in a future version of SymPy.
[36m(TaskRunner pid=3205517)[0m
[36m(TaskRunner pid=3205517)[0m <string>:1: SymPyDeprecationWarning:
[36m(TaskRunner pid=3205517)[0m
[36m(TaskRunner pid=3205517)[0m Using non-Expr arguments in Pow is deprecated (in this case, one of the
[36m(TaskRunner pid=3205517)[0m arguments is of type 'FiniteSet').
[36m(TaskRunner pid=3205517)[0m
[36m(TaskRunner pid=3205517)[0m If you really did intend to construct a power with this base, use the **
[36m(TaskRunner pid=3205517)[0m operator instead.
[36m(TaskRunner pid=3205517)[0m
[36m(TaskRunner pid=3205517)[0m See https://docs.sympy.org/latest/explanation/active-deprecations.html#non-expr-args-deprecated
[36m(TaskRunner pid=3205517)[0m for details.
[36m(TaskRunner pid=3205517)[0m
[36m(TaskRunner pid=3205517)[0m This has been deprecated since SymPy version 1.7. It
[36m(TaskRunner pid=3205517)[0m will be removed in a future version of SymPy.
[36m(TaskRunner pid=3205517)[0m
[36m(TaskRunner pid=3205517)[0m [Shutdown] 60 subprocess(es) terminated.
[36m(TaskRunner pid=3205517)[0m [Shutdown] 4 subprocess(es) terminated.
[36m(TaskRunner pid=3205517)[0m step:6 - chunk_state_source/selected_original_acc_mean:0.625 - chunk_state_source/prompt_original_pass:0.969 - chunk_state_source/prompt_original_mean:0.261 - chunk_state_source/selected_majority_consistent_mean:1.000 - chunk_state_source/prompt_majority_ratio_mean:0.287 - chunk_state_source/prompt_majority_pass:1.000 - chunk_state_source_chunk/enabled:1.000 - chunk_state_source_chunk/injected_ratio:1.000 - chunk_state_source_chunk/mean_len:128.000 - chunk_state_source_chunk/candidate_index:0.000 - chunk_state_support_anchor/enabled:1.000 - chunk_state_support_anchor/count:7.000 - chunk_state_support_anchor/candidate_start:1.000 - chunk_state_support_anchor/min_mass:0.031 - chunk_state_support_anchor/prefix_compat_enable:0.000 - chunk_state_support_anchor/prefix_compat_tokens:128.000 - chunk_state_support_anchor/min_prefix_match:0.750 - chunk_state_support_anchor/skip_source:1.000 - chunk_state_support_anchor/injected_ratio:0.946 - chunk_state_support_anchor/state_keep_ratio:1.000 - chunk_state_support_anchor/skipped_no_anchor_ratio:0.000 - chunk_state_support_anchor/skipped_by_compat_ratio:0.000 - chunk_state_support_anchor/skipped_source_ratio:0.031 - chunk_state_support_anchor/score_mean:0.120 - chunk_state_support_anchor/positive_candidate_ratio:0.828 - chunk_state_support_anchor/prefix_match_mean:1.000 - chunk_state_support_anchor/prefix_match_min:1.000 - chunk_state_support_anchor/anchor_mass_mean:0.145 - chunk_state_support_anchor/anchor_mass_max:0.600 - chunk_state_support_anchor/anchor_len_mean:118.547 - chunk_state_support_anchor/selected_rank_mean:2.887 - chunk_state_probe/skipped_for_support_flow:1.000 - chunk_state_support_flow/score_type_mass:0.000 - chunk_state_support_flow/score_type_soft_mass:1.000 - chunk_state_support_flow/score_type_gain:0.000 - chunk_state_support_flow/score_type_relative_gain:0.000 - chunk_state_support_flow/score_type_soft_relative_mass:0.000 - chunk_state_support_flow/gain_slack:0.000 - chunk_state_support_flow/baseline_scale:1.000 - chunk_state_support_flow/source_prior_weight:1.000 - chunk_state_support_flow/min_positive_margin:0.000 - chunk_state_support_flow/anchor_mass_mean:0.120 - chunk_state_support_flow/source_mass_mean:0.490 - chunk_state_support_flow/positive_margin_mean:-0.242 - chunk_state_support_flow/state_keep_ratio:1.000 - chunk_state_support_flow/score_mean:0.120 - chunk_state_support_flow/score_max_mean:0.248 - chunk_state_support_flow/label_consistent_ratio:0.828 - chunk_state_support_flow/raw_positive_ratio:0.120 - chunk_state_score/mode_majority_completion:0.000 - chunk_state_score/mode_answer_consensus:0.000 - chunk_state_score/mode_answer_distribution:0.000 - chunk_state_score/mode_answer_value_gain:0.000 - chunk_state_score/mode_answer_value_margin:0.000 - chunk_state_score/mode_answer_support_mass:0.000 - chunk_state_score/mode_future_support_gain:0.000 - chunk_state_score/mode_support_anchor:0.000 - chunk_state_score/mode_support_flow:1.000 - chunk_state_score/mode_answer_source_consistency:0.000 - chunk_state_diag/boundary_mean:864.000 - chunk_state_diag/boundary_min:512.000 - chunk_state_diag/boundary_max:1024.000 - chunk_state_diag/boundary_zero_ratio:0.000 - chunk_state_diag/skipped_short_sources:0.000 - chunk_state_diag/skipped_support_sources:26.000 - chunk_state_diag/majority_consistent_fallbacks:7.000 - chunk_state_diag/real_state_count:6.000 - chunk_state_diag/pad_state_count:2.000 - chunk_state_diag/loss_weight_mean:0.750 - chunk_state_diag/source_response_len_mean:1942.250 - chunk_state_diag/probe_score_std:0.188 - chunk_state_diag/state_probe_mean_max:0.387 - chunk_state_diag/state_probe_mean_min:0.019 - chunk_state_diag/state_all_positive_ratio:0.000 - chunk_state_diag/state_all_negative_ratio:0.000 - chunk_state_diag/state_mixed_ratio:1.000 - chunk_state_diag/source_majority_consistent_mean:1.000 - chunk_state_diag/source_prompt_majority_ratio_mean:0.410 - chunk_state_diag/source_answer_mass_mean:0.490 - chunk_state_diag/source_answer_mass_min:0.400 - chunk_state_diag/source_prompt_top_mass_mean:0.490 - chunk_state_diag/source_prompt_top_mass_min:0.400 - chunk_state_diag/source_pseudo_acc_mean:1.000 - chunk_state_diag/source_original_acc_mean:0.625 - chunk_state_diag/prompt_pseudo_mean:0.410 - chunk_state_diag/prompt_original_mean:0.258 - chunk_state_diag/prompt_original_pass:1.000 - chunk_state_diag/probe_mean_source_original_correct:0.166 - chunk_state_diag/probe_mean_source_original_wrong:0.043 - chunk_state_diag/source_original_correct_ratio:0.625 - chunk_state_diag/jsonl_rows:8.000 - chunk_state/num_states:8.000 - chunk_state/real_states:6.000 - chunk_state/pad_states:2.000 - chunk_state/num_candidates:64.000 - chunk_state/num_actor_samples:48.000 - chunk_state/loss_weight_mean:1.000 - chunk_state/base_loss_weight_mean:0.750 - chunk_state/zeroed_state_ratio:0.250 - chunk_state/confidence_gate_ratio:1.000 - chunk_state/confidence_weight_mean:1.000 - chunk_state/future_support_keep_ratio:1.000 - chunk_state/majority_ratio_mean:0.490 - chunk_state/answer_coverage_mean:0.828 - chunk_state/positive_ratio:0.120 - chunk_state/label_consistent_only:0.000 - chunk_state/zero_inconsistent_candidates:0.000 - chunk_state/prune_zero_weight_samples:1.000 - chunk_state/prune_padded_to_shards:0.000 - chunk_state/pruned_sample_ratio:0.250 - chunk_state/label_consistent_ratio:0.828 - chunk_state/informative_ratio:1.000 - chunk_state/kept_state_ratio:1.000 - chunk_state/target_entropy:1.724 - chunk_state/target_prior_mean:1.000 - chunk_state/target_prior_max:1.000 - chunk_state/weight_max:0.456 - chunk_state/weight_min:0.001 - chunk_state/powerflow_weight_clip:4.000 - chunk_state/powerflow_weight_clip_renorm:1.000 - chunk_state/powerflow_weight_before_clip_max:3.652 - chunk_state/powerflow_weight_before_clip_mean:1.000 - chunk_state/powerflow_weight_mean:1.000 - chunk_state/powerflow_weight_max:3.652 - chunk_state/powerflow_weight_min:0.009 - chunk_state/boxed_reward_mean:0.147 - chunk_state/boxed_reward_weighted_mean:0.279 - chunk_state/actor_batch_powerflow_weight_nonzero_ratio:1.000 - chunk_state/actor_batch_powerflow_weight_shard0_mean:1.317 - chunk_state/actor_batch_powerflow_weight_shard0_nonzero_ratio:1.000 - chunk_state/actor_batch_powerflow_weight_shard_mean_low:0.787 - chunk_state/actor_batch_powerflow_weight_shard_mean_high:1.317 - chunk_state/actor_batch_powerflow_weight_zero_shard_ratio:0.000 - chunk_state_actor_span/mode_chunk:1.000 - chunk_state_actor_span/response_len_mean:120.172 - chunk_state_actor_span/truncated_ratio:0.000 - actor/pg_loss:0.519 - actor/powerflow_loss:0.519 - actor/log_prob:-1.696 - actor/old_log_prob:0.000 - actor/ref_log_prob:-1.697 - actor/ref_log_prob/std:0.000 - actor/boxed_reward/mean:0.102 - actor/boxed_reward/min:0.000 - actor/boxed_reward/max:0.462 - actor/powerflow_weight/mean:1.317 - actor/powerflow_weight/min:0.109 - actor/powerflow_weight/max:3.652 - actor/powerflow_weight/nonzero_ratio:1.000 - actor/powerflow_local_batch_size:1.000 - actor/log_z:-1.323 - actor/importance_weight:0.800 - actor/powerflow_chunk_loss_target_only:0.000 - actor/ppo_kl:1.696 - actor/ref_kl:-0.000 - actor/beta_coef:4.000 - actor/cispo_mask_ratio:0.426 - actor/cispo_dropped_tokens:54.500 - actor/condition_1_count:0.000 - actor/condition_2_count:54.500 - actor/pg_clipfrac:0.000 - actor/pg_clipfrac_lower:0.000 - actor/grad_norm:8.051 - perf/mfu/actor:0.000 - perf/max_memory_allocated_gb:166.224 - perf/max_memory_reserved_gb:176.207 - perf/cpu_memory_used_gb:790.819 - actor/lr:0.000 - timing_s/generate_sequences:18.160 - timing_s/reshard:0.454 - timing_s/gen:23.404 - timing_s/chunk_state_make_states:0.018 - timing_s/chunk_state_chunks/generate_sequences:0.533 - timing_s/chunk_state_chunks/reshard:0.374 - timing_s/chunk_state_chunks:0.947 - timing_s/chunk_state_score:7.654 - timing_s/chunk_state_build_actor_batch:0.006 - timing_s/chunk_state_ref:0.756 - timing_s/update_actor:1.926 - timing_per_token_ms/gen:0.021 - timing_per_token_ms/update_actor:0.002
[36m(TaskRunner pid=3205517)[0m <string>:1: SyntaxWarning: 'set' object is not callable; perhaps you missed a comma?
[36m(TaskRunner pid=3205517)[0m <string>:1: SymPyDeprecationWarning:
[36m(TaskRunner pid=3205517)[0m
[36m(TaskRunner pid=3205517)[0m Using non-Expr arguments in Pow is deprecated (in this case, one of the
[36m(TaskRunner pid=3205517)[0m arguments is of type 'FiniteSet').
[36m(TaskRunner pid=3205517)[0m
[36m(TaskRunner pid=3205517)[0m If you really did intend to construct a power with this base, use the **
[36m(TaskRunner pid=3205517)[0m operator instead.
[36m(TaskRunner pid=3205517)[0m
[36m(TaskRunner pid=3205517)[0m See https://docs.sympy.org/latest/explanation/active-deprecations.html#non-expr-args-deprecated
[36m(TaskRunner pid=3205517)[0m for details.
[36m(TaskRunner pid=3205517)[0m
[36m(TaskRunner pid=3205517)[0m This has been deprecated since SymPy version 1.7. It
[36m(TaskRunner pid=3205517)[0m will be removed in a future version of SymPy.
[36m(TaskRunner pid=3205517)[0m
[36m(TaskRunner pid=3205517)[0m <string>:1: SyntaxWarning: 'set' object is not callable; perhaps you missed a comma?
[36m(TaskRunner pid=3205517)[0m <string>:1: SymPyDeprecationWarning:
[36m(TaskRunner pid=3205517)[0m
[36m(TaskRunner pid=3205517)[0m Using non-Expr arguments in Pow is deprecated (in this case, one of the
[36m(TaskRunner pid=3205517)[0m arguments is of type 'FiniteSet').
[36m(TaskRunner pid=3205517)[0m
[36m(TaskRunner pid=3205517)[0m If you really did intend to construct a power with this base, use the **
[36m(TaskRunner pid=3205517)[0m operator instead.
[36m(TaskRunner pid=3205517)[0m
[36m(TaskRunner pid=3205517)[0m See https://docs.sympy.org/latest/explanation/active-deprecations.html#non-expr-args-deprecated
[36m(TaskRunner pid=3205517)[0m for details.
[36m(TaskRunner pid=3205517)[0m
[36m(TaskRunner pid=3205517)[0m This has been deprecated since SymPy version 1.7. It
[36m(TaskRunner pid=3205517)[0m will be removed in a future version of SymPy.
[36m(TaskRunner pid=3205517)[0m
[36m(TaskRunner pid=3205517)[0m <string>:1: SyntaxWarning: 'set' object is not callable; perhaps you missed a comma?
[36m(TaskRunner pid=3205517)[0m <string>:1: SymPyDeprecationWarning:
[36m(TaskRunner pid=3205517)[0m
[36m(TaskRunner pid=3205517)[0m Using non-Expr arguments in Pow is deprecated (in this case, one of the
[36m(TaskRunner pid=3205517)[0m arguments is of type 'FiniteSet').
[36m(TaskRunner pid=3205517)[0m
[36m(TaskRunner pid=3205517)[0m If you really did intend to construct a power with this base, use the **
[36m(TaskRunner pid=3205517)[0m operator instead.
[36m(TaskRunner pid=3205517)[0m
[36m(TaskRunner pid=3205517)[0m See https://docs.sympy.org/latest/explanation/active-deprecations.html#non-expr-args-deprecated
[36m(TaskRunner pid=3205517)[0m for details.
[36m(TaskRunner pid=3205517)[0m
[36m(TaskRunner pid=3205517)[0m This has been deprecated since SymPy version 1.7. It
[36m(TaskRunner pid=3205517)[0m will be removed in a future version of SymPy.
[36m(TaskRunner pid=3205517)[0m
[36m(TaskRunner pid=3205517)[0m Training Progress:  35%|███▌      | 7/20 [06:10<10:06, 46.68s/it]
[36m(TaskRunner pid=3205517)[0m [Shutdown] 2 subprocess(es) terminated.
[36m(TaskRunner pid=3205517)[0m [Shutdown] 4 subprocess(es) terminated.
[36m(TaskRunner pid=3205517)[0m [Shutdown] 8 subprocess(es) terminated.
[36m(TaskRunner pid=3205517)[0m step:7 - chunk_state_source/selected_original_acc_mean:0.875 - chunk_state_source/prompt_original_pass:0.844 - chunk_state_source/prompt_original_mean:0.273 - chunk_state_source/selected_majority_consistent_mean:1.000 - chunk_state_source/prompt_majority_ratio_mean:0.301 - chunk_state_source/prompt_majority_pass:1.000 - chunk_state_source_chunk/enabled:1.000 - chunk_state_source_chunk/injected_ratio:1.000 - chunk_state_source_chunk/mean_len:128.000 - chunk_state_source_chunk/candidate_index:0.000 - chunk_state_support_anchor/enabled:1.000 - chunk_state_support_anchor/count:7.000 - chunk_state_support_anchor/candidate_start:1.000 - chunk_state_support_anchor/min_mass:0.031 - chunk_state_support_anchor/prefix_compat_enable:0.000 - chunk_state_support_anchor/prefix_compat_tokens:128.000 - chunk_state_support_anchor/min_prefix_match:0.750 - chunk_state_support_anchor/skip_source:1.000 - chunk_state_support_anchor/injected_ratio:0.911 - chunk_state_support_anchor/state_keep_ratio:1.000 - chunk_state_support_anchor/skipped_no_anchor_ratio:0.000 - chunk_state_support_anchor/skipped_by_compat_ratio:0.000 - chunk_state_support_anchor/skipped_source_ratio:0.031 - chunk_state_support_anchor/score_mean:0.054 - chunk_state_support_anchor/positive_candidate_ratio:0.797 - chunk_state_support_anchor/prefix_match_mean:1.000 - chunk_state_support_anchor/prefix_match_min:1.000 - chunk_state_support_anchor/anchor_mass_mean:0.067 - chunk_state_support_anchor/anchor_mass_max:0.500 - chunk_state_support_anchor/anchor_len_mean:125.353 - chunk_state_support_anchor/selected_rank_mean:2.706 - chunk_state_probe/skipped_for_support_flow:1.000 - chunk_state_support_flow/score_type_mass:0.000 - chunk_state_support_flow/score_type_soft_mass:1.000 - chunk_state_support_flow/score_type_gain:0.000 - chunk_state_support_flow/score_type_relative_gain:0.000 - chunk_state_support_flow/score_type_soft_relative_mass:0.000 - chunk_state_support_flow/gain_slack:0.000 - chunk_state_support_flow/baseline_scale:1.000 - chunk_state_support_flow/source_prior_weight:1.000 - chunk_state_support_flow/min_positive_margin:0.000 - chunk_state_support_flow/anchor_mass_mean:0.054 - chunk_state_support_flow/source_mass_mean:0.522 - chunk_state_support_flow/positive_margin_mean:-0.411 - chunk_state_support_flow/state_keep_ratio:1.000 - chunk_state_support_flow/score_mean:0.054 - chunk_state_support_flow/score_max_mean:0.111 - chunk_state_support_flow/label_consistent_ratio:0.797 - chunk_state_support_flow/raw_positive_ratio:0.054 - chunk_state_score/mode_majority_completion:0.000 - chunk_state_score/mode_answer_consensus:0.000 - chunk_state_score/mode_answer_distribution:0.000 - chunk_state_score/mode_answer_value_gain:0.000 - chunk_state_score/mode_answer_value_margin:0.000 - chunk_state_score/mode_answer_support_mass:0.000 - chunk_state_score/mode_future_support_gain:0.000 - chunk_state_score/mode_support_anchor:0.000 - chunk_state_score/mode_support_flow:1.000 - chunk_state_score/mode_answer_source_consistency:0.000 - chunk_state_diag/boundary_mean:896.000 - chunk_state_diag/boundary_min:512.000 - chunk_state_diag/boundary_max:1024.000 - chunk_state_diag/boundary_zero_ratio:0.000 - chunk_state_diag/skipped_short_sources:0.000 - chunk_state_diag/skipped_support_sources:28.000 - chunk_state_diag/majority_consistent_fallbacks:10.000 - chunk_state_diag/real_state_count:4.000 - chunk_state_diag/pad_state_count:4.000 - chunk_state_diag/loss_weight_mean:0.500 - chunk_state_diag/source_response_len_mean:1758.625 - chunk_state_diag/probe_score_std:0.084 - chunk_state_diag/state_probe_mean_max:0.169 - chunk_state_diag/state_probe_mean_min:0.029 - chunk_state_diag/state_all_positive_ratio:0.000 - chunk_state_diag/state_all_negative_ratio:0.000 - chunk_state_diag/state_mixed_ratio:1.000 - chunk_state_diag/source_majority_consistent_mean:1.000 - chunk_state_diag/source_prompt_majority_ratio_mean:0.367 - chunk_state_diag/source_answer_mass_mean:0.522 - chunk_state_diag/source_answer_mass_min:0.400 - chunk_state_diag/source_prompt_top_mass_mean:0.522 - chunk_state_diag/source_prompt_top_mass_min:0.400 - chunk_state_diag/source_pseudo_acc_mean:1.000 - chunk_state_diag/source_original_acc_mean:0.875 - chunk_state_diag/prompt_pseudo_mean:0.387 - chunk_state_diag/prompt_original_mean:0.359 - chunk_state_diag/prompt_original_pass:1.000 - chunk_state_diag/probe_mean_source_original_correct:0.057 - chunk_state_diag/probe_mean_source_original_wrong:0.029 - chunk_state_diag/source_original_correct_ratio:0.875 - chunk_state_diag/jsonl_rows:8.000 - chunk_state/num_states:8.000 - chunk_state/real_states:4.000 - chunk_state/pad_states:4.000 - chunk_state/num_candidates:64.000 - chunk_state/num_actor_samples:32.000 - chunk_state/loss_weight_mean:1.000 - chunk_state/base_loss_weight_mean:0.500 - chunk_state/zeroed_state_ratio:0.500 - chunk_state/confidence_gate_ratio:1.000 - chunk_state/confidence_weight_mean:1.000 - chunk_state/future_support_keep_ratio:1.000 - chunk_state/majority_ratio_mean:0.522 - chunk_state/answer_coverage_mean:0.797 - chunk_state/positive_ratio:0.054 - chunk_state/label_consistent_only:0.000 - chunk_state/zero_inconsistent_candidates:0.000 - chunk_state/prune_zero_weight_samples:1.000 - chunk_state/prune_padded_to_shards:0.000 - chunk_state/pruned_sample_ratio:0.500 - chunk_state/label_consistent_ratio:0.797 - chunk_state/informative_ratio:1.000 - chunk_state/kept_state_ratio:1.000 - chunk_state/target_entropy:1.868 - chunk_state/target_prior_mean:1.000 - chunk_state/target_prior_max:1.000 - chunk_state/weight_max:0.443 - chunk_state/weight_min:0.004 - chunk_state/powerflow_weight_clip:4.000 - chunk_state/powerflow_weight_clip_renorm:1.000 - chunk_state/powerflow_weight_before_clip_max:3.546 - chunk_state/powerflow_weight_before_clip_mean:1.000 - chunk_state/powerflow_weight_mean:1.000 - chunk_state/powerflow_weight_max:3.546 - chunk_state/powerflow_weight_min:0.029 - chunk_state/boxed_reward_mean:0.072 - chunk_state/boxed_reward_weighted_mean:0.152 - chunk_state/actor_batch_powerflow_weight_nonzero_ratio:1.000 - chunk_state/actor_batch_powerflow_weight_shard0_mean:1.545 - chunk_state/actor_batch_powerflow_weight_shard0_nonzero_ratio:1.000 - chunk_state/actor_batch_powerflow_weight_shard_mean_low:0.666 - chunk_state/actor_batch_powerflow_weight_shard_mean_high:1.545 - chunk_state/actor_batch_powerflow_weight_zero_shard_ratio:0.000 - chunk_state_actor_span/mode_chunk:1.000 - chunk_state_actor_span/response_len_mean:125.891 - chunk_state_actor_span/truncated_ratio:0.000 - actor/pg_loss:1.612 - actor/powerflow_loss:1.612 - actor/log_prob:-1.117 - actor/old_log_prob:0.000 - actor/ref_log_prob:-1.117 - actor/ref_log_prob/std:0.000 - actor/boxed_reward/mean:0.008 - actor/boxed_reward/min:0.000 - actor/boxed_reward/max:0.033 - actor/powerflow_weight/mean:1.545 - actor/powerflow_weight/min:0.322 - actor/powerflow_weight/max:3.546 - actor/powerflow_weight/nonzero_ratio:1.000 - actor/powerflow_local_batch_size:1.000 - actor/log_z:-1.134 - actor/importance_weight:0.800 - actor/powerflow_chunk_loss_target_only:0.000 - actor/ppo_kl:1.117 - actor/ref_kl:-0.001 - actor/beta_coef:4.000 - actor/cispo_mask_ratio:0.480 - actor/cispo_dropped_tokens:61.500 - actor/condition_1_count:0.000 - actor/condition_2_count:61.500 - actor/pg_clipfrac:0.000 - actor/pg_clipfrac_lower:0.000 - actor/grad_norm:18.231 - perf/mfu/actor:0.000 - perf/max_memory_allocated_gb:166.224 - perf/max_memory_reserved_gb:176.207 - perf/cpu_memory_used_gb:790.997 - actor/lr:0.000 - timing_s/generate_sequences:17.491 - timing_s/reshard:0.503 - timing_s/gen:22.760 - timing_s/chunk_state_make_states:0.020 - timing_s/chunk_state_chunks/generate_sequences:0.532 - timing_s/chunk_state_chunks/reshard:0.533 - timing_s/chunk_state_chunks:1.104 - timing_s/chunk_state_score:6.215 - timing_s/chunk_state_build_actor_batch:0.006 - timing_s/chunk_state_ref:0.510 - timing_s/update_actor:1.321 - timing_per_token_ms/gen:0.022 - timing_per_token_ms/update_actor:0.001
[36m(TaskRunner pid=3205517)[0m [Shutdown] 6 subprocess(es) terminated.
[36m(TaskRunner pid=3205517)[0m [Shutdown] 5 subprocess(es) terminated.
[36m(TaskRunner pid=3205517)[0m Training Progress:  40%|████      | 8/20 [06:52<09:03, 45.31s/it]
[36m(TaskRunner pid=3205517)[0m <string>:1: SymPyDeprecationWarning:
[36m(TaskRunner pid=3205517)[0m
[36m(TaskRunner pid=3205517)[0m Using non-Expr arguments in Pow is deprecated (in this case, one of the
[36m(TaskRunner pid=3205517)[0m arguments is of type 'FiniteSet').
[36m(TaskRunner pid=3205517)[0m
[36m(TaskRunner pid=3205517)[0m If you really did intend to construct a power with this base, use the **
[36m(TaskRunner pid=3205517)[0m operator instead.
[36m(TaskRunner pid=3205517)[0m
[36m(TaskRunner pid=3205517)[0m See https://docs.sympy.org/latest/explanation/active-deprecations.html#non-expr-args-deprecated
[36m(TaskRunner pid=3205517)[0m for details.
[36m(TaskRunner pid=3205517)[0m
[36m(TaskRunner pid=3205517)[0m This has been deprecated since SymPy version 1.7. It
[36m(TaskRunner pid=3205517)[0m will be removed in a future version of SymPy.
[36m(TaskRunner pid=3205517)[0m
[36m(TaskRunner pid=3205517)[0m [Shutdown] 4 subprocess(es) terminated.
[36m(TaskRunner pid=3205517)[0m step:8 - chunk_state_source/selected_original_acc_mean:0.875 - chunk_state_source/prompt_original_pass:0.875 - chunk_state_source/prompt_original_mean:0.295 - chunk_state_source/selected_majority_consistent_mean:1.000 - chunk_state_source/prompt_majority_ratio_mean:0.331 - chunk_state_source/prompt_majority_pass:1.000 - chunk_state_source_chunk/enabled:1.000 - chunk_state_source_chunk/injected_ratio:1.000 - chunk_state_source_chunk/mean_len:128.000 - chunk_state_source_chunk/candidate_index:0.000 - chunk_state_support_anchor/enabled:1.000 - chunk_state_support_anchor/count:7.000 - chunk_state_support_anchor/candidate_start:1.000 - chunk_state_support_anchor/min_mass:0.031 - chunk_state_support_anchor/prefix_compat_enable:0.000 - chunk_state_support_anchor/prefix_compat_tokens:128.000 - chunk_state_support_anchor/min_prefix_match:0.750 - chunk_state_support_anchor/skip_source:1.000 - chunk_state_support_anchor/injected_ratio:0.866 - chunk_state_support_anchor/state_keep_ratio:1.000 - chunk_state_support_anchor/skipped_no_anchor_ratio:0.000 - chunk_state_support_anchor/skipped_by_compat_ratio:0.000 - chunk_state_support_anchor/skipped_source_ratio:0.031 - chunk_state_support_anchor/score_mean:0.150 - chunk_state_support_anchor/positive_candidate_ratio:0.758 - chunk_state_support_anchor/prefix_match_mean:1.000 - chunk_state_support_anchor/prefix_match_min:1.000 - chunk_state_support_anchor/anchor_mass_mean:0.198 - chunk_state_support_anchor/anchor_mass_max:0.767 - chunk_state_support_anchor/anchor_len_mean:111.062 - chunk_state_support_anchor/selected_rank_mean:2.825 - chunk_state_probe/skipped_for_support_flow:1.000 - chunk_state_support_flow/score_type_mass:0.000 - chunk_state_support_flow/score_type_soft_mass:1.000 - chunk_state_support_flow/score_type_gain:0.000 - chunk_state_support_flow/score_type_relative_gain:0.000 - chunk_state_support_flow/score_type_soft_relative_mass:0.000 - chunk_state_support_flow/gain_slack:0.000 - chunk_state_support_flow/baseline_scale:1.000 - chunk_state_support_flow/source_prior_weight:1.000 - chunk_state_support_flow/min_positive_margin:0.000 - chunk_state_support_flow/anchor_mass_mean:0.150 - chunk_state_support_flow/source_mass_mean:0.549 - chunk_state_support_flow/positive_margin_mean:-0.156 - chunk_state_support_flow/state_keep_ratio:1.000 - chunk_state_support_flow/score_mean:0.150 - chunk_state_support_flow/score_max_mean:0.393 - chunk_state_support_flow/label_consistent_ratio:0.758 - chunk_state_support_flow/raw_positive_ratio:0.150 - chunk_state_score/mode_majority_completion:0.000 - chunk_state_score/mode_answer_consensus:0.000 - chunk_state_score/mode_answer_distribution:0.000 - chunk_state_score/mode_answer_value_gain:0.000 - chunk_state_score/mode_answer_value_margin:0.000 - chunk_state_score/mode_answer_support_mass:0.000 - chunk_state_score/mode_future_support_gain:0.000 - chunk_state_score/mode_support_anchor:0.000 - chunk_state_score/mode_support_flow:1.000 - chunk_state_score/mode_answer_source_consistency:0.000 - chunk_state_diag/boundary_mean:704.000 - chunk_state_diag/boundary_min:512.000 - chunk_state_diag/boundary_max:1024.000 - chunk_state_diag/boundary_zero_ratio:0.000 - chunk_state_diag/skipped_short_sources:0.000 - chunk_state_diag/skipped_support_sources:21.000 - chunk_state_diag/majority_consistent_fallbacks:5.000 - chunk_state_diag/real_state_count:11.000 - chunk_state_diag/pad_state_count:5.000 - chunk_state_diag/loss_weight_mean:0.688 - chunk_state_diag/source_response_len_mean:1534.625 - chunk_state_diag/probe_score_std:0.218 - chunk_state_diag/state_probe_mean_max:0.579 - chunk_state_diag/state_probe_mean_min:0.005 - chunk_state_diag/state_all_positive_ratio:0.000 - chunk_state_diag/state_all_negative_ratio:0.000 - chunk_state_diag/state_mixed_ratio:1.000 - chunk_state_diag/source_majority_consistent_mean:1.000 - chunk_state_diag/source_prompt_majority_ratio_mean:0.490 - chunk_state_diag/source_answer_mass_mean:0.549 - chunk_state_diag/source_answer_mass_min:0.419 - chunk_state_diag/source_prompt_top_mass_mean:0.549 - chunk_state_diag/source_prompt_top_mass_min:0.419 - chunk_state_diag/source_pseudo_acc_mean:1.000 - chunk_state_diag/source_original_acc_mean:0.875 - chunk_state_diag/prompt_pseudo_mean:0.490 - chunk_state_diag/prompt_original_mean:0.467 - chunk_state_diag/prompt_original_pass:1.000 - chunk_state_diag/probe_mean_source_original_correct:0.157 - chunk_state_diag/probe_mean_source_original_wrong:0.099 - chunk_state_diag/source_original_correct_ratio:0.875 - chunk_state_diag/jsonl_rows:16.000 - chunk_state/num_states:16.000 - chunk_state/real_states:11.000 - chunk_state/pad_states:5.000 - chunk_state/num_candidates:128.000 - chunk_state/num_actor_samples:88.000 - chunk_state/loss_weight_mean:1.000 - chunk_state/base_loss_weight_mean:0.688 - chunk_state/zeroed_state_ratio:0.312 - chunk_state/confidence_gate_ratio:1.000 - chunk_state/confidence_weight_mean:1.000 - chunk_state/future_support_keep_ratio:1.000 - chunk_state/majority_ratio_mean:0.549 - chunk_state/answer_coverage_mean:0.758 - chunk_state/positive_ratio:0.150 - chunk_state/label_consistent_only:0.000 - chunk_state/zero_inconsistent_candidates:0.000 - chunk_state/prune_zero_weight_samples:1.000 - chunk_state/prune_padded_to_shards:0.000 - chunk_state/pruned_sample_ratio:0.312 - chunk_state/label_consistent_ratio:0.758 - chunk_state/informative_ratio:1.000 - chunk_state/kept_state_ratio:1.000 - chunk_state/target_entropy:1.340 - chunk_state/target_prior_mean:1.000 - chunk_state/target_prior_max:1.000 - chunk_state/weight_max:0.927 - chunk_state/weight_min:0.001 - chunk_state/powerflow_weight_clip:4.000 - chunk_state/powerflow_weight_clip_renorm:1.000 - chunk_state/powerflow_weight_before_clip_max:7.417 - chunk_state/powerflow_weight_before_clip_mean:1.000 - chunk_state/powerflow_weight_mean:0.984 - chunk_state/powerflow_weight_max:4.000 - chunk_state/powerflow_weight_min:0.006 - chunk_state/boxed_reward_mean:0.176 - chunk_state/boxed_reward_weighted_mean:0.339 - chunk_state/actor_batch_powerflow_weight_nonzero_ratio:1.000 - chunk_state/actor_batch_powerflow_weight_shard0_mean:1.165 - chunk_state/actor_batch_powerflow_weight_shard0_nonzero_ratio:1.000 - chunk_state/actor_batch_powerflow_weight_shard_mean_low:0.816 - chunk_state/actor_batch_powerflow_weight_shard_mean_high:1.165 - chunk_state/actor_batch_powerflow_weight_zero_shard_ratio:0.000 - chunk_state_actor_span/mode_chunk:1.000 - chunk_state_actor_span/response_len_mean:115.164 - chunk_state_actor_span/truncated_ratio:0.000 - actor/pg_loss:0.402 - actor/powerflow_loss:0.402 - actor/log_prob:-0.976 - actor/old_log_prob:0.000 - actor/ref_log_prob:-0.976 - actor/ref_log_prob/std:0.000 - actor/boxed_reward/mean:0.118 - actor/boxed_reward/min:0.000 - actor/boxed_reward/max:0.767 - actor/powerflow_weight/mean:1.165 - actor/powerflow_weight/min:0.045 - actor/powerflow_weight/max:4.000 - actor/powerflow_weight/nonzero_ratio:1.000 - actor/powerflow_local_batch_size:1.000 - actor/log_z:-1.276 - actor/importance_weight:0.800 - actor/powerflow_chunk_loss_target_only:0.000 - actor/ppo_kl:0.976 - actor/ref_kl:-0.000 - actor/beta_coef:4.000 - actor/cispo_mask_ratio:0.316 - actor/cispo_dropped_tokens:32.636 - actor/condition_1_count:0.000 - actor/condition_2_count:32.636 - actor/pg_clipfrac:0.000 - actor/pg_clipfrac_lower:0.000 - actor/grad_norm:15.186 - perf/mfu/actor:0.000 - perf/max_memory_allocated_gb:166.224 - perf/max_memory_reserved_gb:176.207 - perf/cpu_memory_used_gb:790.650 - actor/lr:0.000 - timing_s/generate_sequences:17.633 - timing_s/reshard:0.479 - timing_s/gen:21.791 - timing_s/chunk_state_make_states:0.021 - timing_s/chunk_state_chunks/generate_sequences:0.541 - timing_s/chunk_state_chunks/reshard:0.373 - timing_s/chunk_state_chunks:0.964 - timing_s/chunk_state_score:5.901 - timing_s/chunk_state_build_actor_batch:0.009 - timing_s/chunk_state_ref:1.278 - timing_s/update_actor:3.240 - timing_per_token_ms/gen:0.022 - timing_per_token_ms/update_actor:0.003
[36m(TaskRunner pid=3205517)[0m [Shutdown] 6 subprocess(es) terminated.
[36m(TaskRunner pid=3205517)[0m Training Progress:  45%|████▌     | 9/20 [07:37<08:16, 45.15s/it]
[36m(TaskRunner pid=3205517)[0m <string>:1: SymPyDeprecationWarning:
[36m(TaskRunner pid=3205517)[0m
[36m(TaskRunner pid=3205517)[0m Using non-Expr arguments in Pow is deprecated (in this case, one of the
[36m(TaskRunner pid=3205517)[0m arguments is of type 'FiniteSet').
[36m(TaskRunner pid=3205517)[0m
[36m(TaskRunner pid=3205517)[0m If you really did intend to construct a power with this base, use the **
[36m(TaskRunner pid=3205517)[0m operator instead.
[36m(TaskRunner pid=3205517)[0m
[36m(TaskRunner pid=3205517)[0m See https://docs.sympy.org/latest/explanation/active-deprecations.html#non-expr-args-deprecated
[36m(TaskRunner pid=3205517)[0m for details.
[36m(TaskRunner pid=3205517)[0m
[36m(TaskRunner pid=3205517)[0m This has been deprecated since SymPy version 1.7. It
[36m(TaskRunner pid=3205517)[0m will be removed in a future version of SymPy.
[36m(TaskRunner pid=3205517)[0m
[36m(TaskRunner pid=3205517)[0m <string>:1: SymPyDeprecationWarning:
[36m(TaskRunner pid=3205517)[0m
[36m(TaskRunner pid=3205517)[0m Using non-Expr arguments in Pow is deprecated (in this case, one of the
[36m(TaskRunner pid=3205517)[0m arguments is of type 'FiniteSet').
[36m(TaskRunner pid=3205517)[0m
[36m(TaskRunner pid=3205517)[0m If you really did intend to construct a power with this base, use the **
[36m(TaskRunner pid=3205517)[0m operator instead.
[36m(TaskRunner pid=3205517)[0m
[36m(TaskRunner pid=3205517)[0m See https://docs.sympy.org/latest/explanation/active-deprecations.html#non-expr-args-deprecated
[36m(TaskRunner pid=3205517)[0m for details.
[36m(TaskRunner pid=3205517)[0m
[36m(TaskRunner pid=3205517)[0m This has been deprecated since SymPy version 1.7. It
[36m(TaskRunner pid=3205517)[0m will be removed in a future version of SymPy.
[36m(TaskRunner pid=3205517)[0m
[36m(TaskRunner pid=3205517)[0m <string>:1: SymPyDeprecationWarning:
[36m(TaskRunner pid=3205517)[0m
[36m(TaskRunner pid=3205517)[0m Using non-Expr arguments in Pow is deprecated (in this case, one of the
[36m(TaskRunner pid=3205517)[0m arguments is of type 'FiniteSet').
[36m(TaskRunner pid=3205517)[0m
[36m(TaskRunner pid=3205517)[0m If you really did intend to construct a power with this base, use the **
[36m(TaskRunner pid=3205517)[0m operator instead.
[36m(TaskRunner pid=3205517)[0m
[36m(TaskRunner pid=3205517)[0m See https://docs.sympy.org/latest/explanation/active-deprecations.html#non-expr-args-deprecated
[36m(TaskRunner pid=3205517)[0m for details.
[36m(TaskRunner pid=3205517)[0m
[36m(TaskRunner pid=3205517)[0m This has been deprecated since SymPy version 1.7. It
[36m(TaskRunner pid=3205517)[0m will be removed in a future version of SymPy.
[36m(TaskRunner pid=3205517)[0m
[36m(TaskRunner pid=3205517)[0m <string>:1: SymPyDeprecationWarning:
[36m(TaskRunner pid=3205517)[0m
[36m(TaskRunner pid=3205517)[0m Using non-Expr arguments in Pow is deprecated (in this case, one of the
[36m(TaskRunner pid=3205517)[0m arguments is of type 'FiniteSet').
[36m(TaskRunner pid=3205517)[0m
[36m(TaskRunner pid=3205517)[0m If you really did intend to construct a power with this base, use the **
[36m(TaskRunner pid=3205517)[0m operator instead.
[36m(TaskRunner pid=3205517)[0m
[36m(TaskRunner pid=3205517)[0m See https://docs.sympy.org/latest/explanation/active-deprecations.html#non-expr-args-deprecated
[36m(TaskRunner pid=3205517)[0m for details.
[36m(TaskRunner pid=3205517)[0m
[36m(TaskRunner pid=3205517)[0m This has been deprecated since SymPy version 1.7. It
[36m(TaskRunner pid=3205517)[0m will be removed in a future version of SymPy.
[36m(TaskRunner pid=3205517)[0m
[36m(TaskRunner pid=3205517)[0m <string>:1: SymPyDeprecationWarning:
[36m(TaskRunner pid=3205517)[0m
[36m(TaskRunner pid=3205517)[0m Using non-Expr arguments in Pow is deprecated (in this case, one of the
[36m(TaskRunner pid=3205517)[0m arguments is of type 'FiniteSet').
[36m(TaskRunner pid=3205517)[0m
[36m(TaskRunner pid=3205517)[0m If you really did intend to construct a power with this base, use the **
[36m(TaskRunner pid=3205517)[0m operator instead.
[36m(TaskRunner pid=3205517)[0m
[36m(TaskRunner pid=3205517)[0m See https://docs.sympy.org/latest/explanation/active-deprecations.html#non-expr-args-deprecated
[36m(TaskRunner pid=3205517)[0m for details.
[36m(TaskRunner pid=3205517)[0m
[36m(TaskRunner pid=3205517)[0m This has been deprecated since SymPy version 1.7. It
[36m(TaskRunner pid=3205517)[0m will be removed in a future version of SymPy.
[36m(TaskRunner pid=3205517)[0m
[36m(TaskRunner pid=3205517)[0m <string>:1: SymPyDeprecationWarning:
[36m(TaskRunner pid=3205517)[0m
[36m(TaskRunner pid=3205517)[0m Using non-Expr arguments in Pow is deprecated (in this case, one of the
[36m(TaskRunner pid=3205517)[0m arguments is of type 'FiniteSet').
[36m(TaskRunner pid=3205517)[0m
[36m(TaskRunner pid=3205517)[0m If you really did intend to construct a power with this base, use the **
[36m(TaskRunner pid=3205517)[0m operator instead.
[36m(TaskRunner pid=3205517)[0m
[36m(TaskRunner pid=3205517)[0m See https://docs.sympy.org/latest/explanation/active-deprecations.html#non-expr-args-deprecated
[36m(TaskRunner pid=3205517)[0m for details.
[36m(TaskRunner pid=3205517)[0m
[36m(TaskRunner pid=3205517)[0m This has been deprecated since SymPy version 1.7. It
[36m(TaskRunner pid=3205517)[0m will be removed in a future version of SymPy.
[36m(TaskRunner pid=3205517)[0m
[36m(TaskRunner pid=3205517)[0m <string>:1: SymPyDeprecationWarning:
[36m(TaskRunner pid=3205517)[0m
[36m(TaskRunner pid=3205517)[0m Using non-Expr arguments in Pow is deprecated (in this case, one of the
[36m(TaskRunner pid=3205517)[0m arguments is of type 'FiniteSet').
[36m(TaskRunner pid=3205517)[0m
[36m(TaskRunner pid=3205517)[0m If you really did intend to construct a power with this base, use the **
[36m(TaskRunner pid=3205517)[0m operator instead.
[36m(TaskRunner pid=3205517)[0m
[36m(TaskRunner pid=3205517)[0m See https://docs.sympy.org/latest/explanation/active-deprecations.html#non-expr-args-deprecated
[36m(TaskRunner pid=3205517)[0m for details.
[36m(TaskRunner pid=3205517)[0m
[36m(TaskRunner pid=3205517)[0m This has been deprecated since SymPy version 1.7. It
[36m(TaskRunner pid=3205517)[0m will be removed in a future version of SymPy.
[36m(TaskRunner pid=3205517)[0m
[36m(TaskRunner pid=3205517)[0m [Shutdown] 38 subprocess(es) terminated.
[36m(TaskRunner pid=3205517)[0m [Shutdown] 3 subprocess(es) terminated.
[36m(TaskRunner pid=3205517)[0m step:9 - chunk_state_source/selected_original_acc_mean:1.000 - chunk_state_source/prompt_original_pass:0.906 - chunk_state_source/prompt_original_mean:0.303 - chunk_state_source/selected_majority_consistent_mean:1.000 - chunk_state_source/prompt_majority_ratio_mean:0.317 - chunk_state_source/prompt_majority_pass:1.000 - chunk_state_source_chunk/enabled:1.000 - chunk_state_source_chunk/injected_ratio:1.000 - chunk_state_source_chunk/mean_len:128.000 - chunk_state_source_chunk/candidate_index:0.000 - chunk_state_support_anchor/enabled:1.000 - chunk_state_support_anchor/count:7.000 - chunk_state_support_anchor/candidate_start:1.000 - chunk_state_support_anchor/min_mass:0.031 - chunk_state_support_anchor/prefix_compat_enable:0.000 - chunk_state_support_anchor/prefix_compat_tokens:128.000 - chunk_state_support_anchor/min_prefix_match:0.750 - chunk_state_support_anchor/skip_source:1.000 - chunk_state_support_anchor/injected_ratio:0.839 - chunk_state_support_anchor/state_keep_ratio:1.000 - chunk_state_support_anchor/skipped_no_anchor_ratio:0.000 - chunk_state_support_anchor/skipped_by_compat_ratio:0.000 - chunk_state_support_anchor/skipped_source_ratio:0.031 - chunk_state_support_anchor/score_mean:0.189 - chunk_state_support_anchor/positive_candidate_ratio:0.734 - chunk_state_support_anchor/prefix_match_mean:1.000 - chunk_state_support_anchor/prefix_match_min:1.000 - chunk_state_support_anchor/anchor_mass_mean:0.258 - chunk_state_support_anchor/anchor_mass_max:0.833 - chunk_state_support_anchor/anchor_len_mean:118.723 - chunk_state_support_anchor/selected_rank_mean:2.511 - chunk_state_probe/skipped_for_support_flow:1.000 - chunk_state_support_flow/score_type_mass:0.000 - chunk_state_support_flow/score_type_soft_mass:1.000 - chunk_state_support_flow/score_type_gain:0.000 - chunk_state_support_flow/score_type_relative_gain:0.000 - chunk_state_support_flow/score_type_soft_relative_mass:0.000 - chunk_state_support_flow/gain_slack:0.000 - chunk_state_support_flow/baseline_scale:1.000 - chunk_state_support_flow/source_prior_weight:1.000 - chunk_state_support_flow/min_positive_margin:0.000 - chunk_state_support_flow/anchor_mass_mean:0.189 - chunk_state_support_flow/source_mass_mean:0.712 - chunk_state_support_flow/positive_margin_mean:-0.052 - chunk_state_support_flow/state_keep_ratio:1.000 - chunk_state_support_flow/score_mean:0.189 - chunk_state_support_flow/score_max_mean:0.660 - chunk_state_support_flow/label_consistent_ratio:0.734 - chunk_state_support_flow/raw_positive_ratio:0.189 - chunk_state_score/mode_majority_completion:0.000 - chunk_state_score/mode_answer_consensus:0.000 - chunk_state_score/mode_answer_distribution:0.000 - chunk_state_score/mode_answer_value_gain:0.000 - chunk_state_score/mode_answer_value_margin:0.000 - chunk_state_score/mode_answer_support_mass:0.000 - chunk_state_score/mode_future_support_gain:0.000 - chunk_state_score/mode_support_anchor:0.000 - chunk_state_score/mode_support_flow:1.000 - chunk_state_score/mode_answer_source_consistency:0.000 - chunk_state_diag/boundary_mean:704.000 - chunk_state_diag/boundary_min:512.000 - chunk_state_diag/boundary_max:768.000 - chunk_state_diag/boundary_zero_ratio:0.000 - chunk_state_diag/skipped_short_sources:0.000 - chunk_state_diag/skipped_support_sources:27.000 - chunk_state_diag/majority_consistent_fallbacks:10.000 - chunk_state_diag/real_state_count:5.000 - chunk_state_diag/pad_state_count:3.000 - chunk_state_diag/loss_weight_mean:0.625 - chunk_state_diag/source_response_len_mean:2042.250 - chunk_state_diag/probe_score_std:0.299 - chunk_state_diag/state_probe_mean_max:0.585 - chunk_state_diag/state_probe_mean_min:0.028 - chunk_state_diag/state_all_positive_ratio:0.000 - chunk_state_diag/state_all_negative_ratio:0.000 - chunk_state_diag/state_mixed_ratio:1.000 - chunk_state_diag/source_majority_consistent_mean:1.000 - chunk_state_diag/source_prompt_majority_ratio_mean:0.668 - chunk_state_diag/source_answer_mass_mean:0.712 - chunk_state_diag/source_answer_mass_min:0.452 - chunk_state_diag/source_prompt_top_mass_mean:0.712 - chunk_state_diag/source_prompt_top_mass_min:0.452 - chunk_state_diag/source_pseudo_acc_mean:1.000 - chunk_state_diag/source_original_acc_mean:1.000 - chunk_state_diag/prompt_pseudo_mean:0.668 - chunk_state_diag/prompt_original_mean:0.668 - chunk_state_diag/prompt_original_pass:1.000 - chunk_state_diag/probe_mean_source_original_correct:0.189 - chunk_state_diag/probe_mean_source_original_wrong:0.000 - chunk_state_diag/source_original_correct_ratio:1.000 - chunk_state_diag/jsonl_rows:8.000 - chunk_state/num_states:8.000 - chunk_state/real_states:5.000 - chunk_state/pad_states:3.000 - chunk_state/num_candidates:64.000 - chunk_state/num_actor_samples:40.000 - chunk_state/loss_weight_mean:1.000 - chunk_state/base_loss_weight_mean:0.625 - chunk_state/zeroed_state_ratio:0.375 - chunk_state/confidence_gate_ratio:1.000 - chunk_state/confidence_weight_mean:1.000 - chunk_state/future_support_keep_ratio:1.000 - chunk_state/majority_ratio_mean:0.712 - chunk_state/answer_coverage_mean:0.734 - chunk_state/positive_ratio:0.189 - chunk_state/label_consistent_only:0.000 - chunk_state/zero_inconsistent_candidates:0.000 - chunk_state/prune_zero_weight_samples:1.000 - chunk_state/prune_padded_to_shards:0.000 - chunk_state/pruned_sample_ratio:0.375 - chunk_state/label_consistent_ratio:0.734 - chunk_state/informative_ratio:1.000 - chunk_state/kept_state_ratio:1.000 - chunk_state/target_entropy:0.880 - chunk_state/target_prior_mean:1.000 - chunk_state/target_prior_max:1.000 - chunk_state/weight_max:0.957 - chunk_state/weight_min:0.001 - chunk_state/powerflow_weight_clip:4.000 - chunk_state/powerflow_weight_clip_renorm:1.000 - chunk_state/powerflow_weight_before_clip_max:7.654 - chunk_state/powerflow_weight_before_clip_mean:1.000 - chunk_state/powerflow_weight_mean:0.960 - chunk_state/powerflow_weight_max:4.000 - chunk_state/powerflow_weight_min:0.006 - chunk_state/boxed_reward_mean:0.230 - chunk_state/boxed_reward_weighted_mean:0.483 - chunk_state/actor_batch_powerflow_weight_nonzero_ratio:1.000 - chunk_state/actor_batch_powerflow_weight_shard0_mean:1.420 - chunk_state/actor_batch_powerflow_weight_shard0_nonzero_ratio:1.000 - chunk_state/actor_batch_powerflow_weight_shard_mean_low:0.627 - chunk_state/actor_batch_powerflow_weight_shard_mean_high:1.420 - chunk_state/actor_batch_powerflow_weight_zero_shard_ratio:0.000 - chunk_state_actor_span/mode_chunk:1.000 - chunk_state_actor_span/response_len_mean:121.188 - chunk_state_actor_span/truncated_ratio:0.000 - actor/pg_loss:1.057 - actor/powerflow_loss:1.057 - actor/log_prob:-0.842 - actor/old_log_prob:0.000 - actor/ref_log_prob:-0.840 - actor/ref_log_prob/std:0.000 - actor/boxed_reward/mean:0.335 - actor/boxed_reward/min:0.000 - actor/boxed_reward/max:0.833 - actor/powerflow_weight/mean:1.420 - actor/powerflow_weight/min:0.052 - actor/powerflow_weight/max:4.000 - actor/powerflow_weight/nonzero_ratio:1.000 - actor/powerflow_local_batch_size:1.000 - actor/log_z:-1.352 - actor/importance_weight:0.800 - actor/powerflow_chunk_loss_target_only:0.000 - actor/ppo_kl:0.842 - actor/ref_kl:0.002 - actor/beta_coef:4.000 - actor/cispo_mask_ratio:0.311 - actor/cispo_dropped_tokens:35.400 - actor/condition_1_count:0.000 - actor/condition_2_count:35.400 - actor/pg_clipfrac:0.000 - actor/pg_clipfrac_lower:0.000 - actor/grad_norm:12.266 - perf/mfu/actor:0.000 - perf/max_memory_allocated_gb:166.224 - perf/max_memory_reserved_gb:176.207 - perf/cpu_memory_used_gb:790.795 - actor/lr:0.000 - timing_s/generate_sequences:18.437 - timing_s/reshard:0.578 - timing_s/gen:23.236 - timing_s/chunk_state_make_states:0.020 - timing_s/chunk_state_chunks/generate_sequences:0.530 - timing_s/chunk_state_chunks/reshard:0.471 - timing_s/chunk_state_chunks:1.044 - timing_s/chunk_state_score:6.705 - timing_s/chunk_state_build_actor_batch:0.006 - timing_s/chunk_state_ref:0.594 - timing_s/update_actor:1.598 - timing_per_token_ms/gen:0.021 - timing_per_token_ms/update_actor:0.001
[36m(TaskRunner pid=3205517)[0m <string>:1: SymPyDeprecationWarning:
[36m(TaskRunner pid=3205517)[0m
[36m(TaskRunner pid=3205517)[0m Using non-Expr arguments in Pow is deprecated (in this case, one of the
[36m(TaskRunner pid=3205517)[0m arguments is of type 'FiniteSet').
[36m(TaskRunner pid=3205517)[0m
[36m(TaskRunner pid=3205517)[0m If you really did intend to construct a power with this base, use the **
[36m(TaskRunner pid=3205517)[0m operator instead.
[36m(TaskRunner pid=3205517)[0m
[36m(TaskRunner pid=3205517)[0m See https://docs.sympy.org/latest/explanation/active-deprecations.html#non-expr-args-deprecated
[36m(TaskRunner pid=3205517)[0m for details.
[36m(TaskRunner pid=3205517)[0m
[36m(TaskRunner pid=3205517)[0m This has been deprecated since SymPy version 1.7. It
[36m(TaskRunner pid=3205517)[0m will be removed in a future version of SymPy.
[36m(TaskRunner pid=3205517)[0m
[36m(TaskRunner pid=3205517)[0m <string>:1: SymPyDeprecationWarning:
[36m(TaskRunner pid=3205517)[0m
[36m(TaskRunner pid=3205517)[0m Using non-Expr arguments in Pow is deprecated (in this case, one of the
[36m(TaskRunner pid=3205517)[0m arguments is of type 'FiniteSet').
[36m(TaskRunner pid=3205517)[0m
[36m(TaskRunner pid=3205517)[0m If you really did intend to construct a power with this base, use the **
[36m(TaskRunner pid=3205517)[0m operator instead.
[36m(TaskRunner pid=3205517)[0m
[36m(TaskRunner pid=3205517)[0m See https://docs.sympy.org/latest/explanation/active-deprecations.html#non-expr-args-deprecated
[36m(TaskRunner pid=3205517)[0m for details.
[36m(TaskRunner pid=3205517)[0m
[36m(TaskRunner pid=3205517)[0m This has been deprecated since SymPy version 1.7. It
[36m(TaskRunner pid=3205517)[0m will be removed in a future version of SymPy.
[36m(TaskRunner pid=3205517)[0m
[36m(TaskRunner pid=3205517)[0m <string>:1: SymPyDeprecationWarning:
[36m(TaskRunner pid=3205517)[0m
[36m(TaskRunner pid=3205517)[0m Using non-Expr arguments in Pow is deprecated (in this case, one of the
[36m(TaskRunner pid=3205517)[0m arguments is of type 'FiniteSet').
[36m(TaskRunner pid=3205517)[0m
[36m(TaskRunner pid=3205517)[0m If you really did intend to construct a power with this base, use the **
[36m(TaskRunner pid=3205517)[0m operator instead.
[36m(TaskRunner pid=3205517)[0m
[36m(TaskRunner pid=3205517)[0m See https://docs.sympy.org/latest/explanation/active-deprecations.html#non-expr-args-deprecated
[36m(TaskRunner pid=3205517)[0m for details.
[36m(TaskRunner pid=3205517)[0m
[36m(TaskRunner pid=3205517)[0m This has been deprecated since SymPy version 1.7. It
[36m(TaskRunner pid=3205517)[0m will be removed in a future version of SymPy.
[36m(TaskRunner pid=3205517)[0m
[36m(TaskRunner pid=3205517)[0m <string>:1: SymPyDeprecationWarning:
[36m(TaskRunner pid=3205517)[0m
[36m(TaskRunner pid=3205517)[0m Using non-Expr arguments in Pow is deprecated (in this case, one of the
[36m(TaskRunner pid=3205517)[0m arguments is of type 'FiniteSet').
[36m(TaskRunner pid=3205517)[0m
[36m(TaskRunner pid=3205517)[0m If you really did intend to construct a power with this base, use the **
[36m(TaskRunner pid=3205517)[0m operator instead.
[36m(TaskRunner pid=3205517)[0m
[36m(TaskRunner pid=3205517)[0m See https://docs.sympy.org/latest/explanation/active-deprecations.html#non-expr-args-deprecated
[36m(TaskRunner pid=3205517)[0m for details.
[36m(TaskRunner pid=3205517)[0m
[36m(TaskRunner pid=3205517)[0m This has been deprecated since SymPy version 1.7. It
[36m(TaskRunner pid=3205517)[0m will be removed in a future version of SymPy.
[36m(TaskRunner pid=3205517)[0m
[36m(TaskRunner pid=3205517)[0m <string>:1: SymPyDeprecationWarning:
[36m(TaskRunner pid=3205517)[0m
[36m(TaskRunner pid=3205517)[0m Using non-Expr arguments in Pow is deprecated (in this case, one of the
[36m(TaskRunner pid=3205517)[0m arguments is of type 'FiniteSet').
[36m(TaskRunner pid=3205517)[0m
[36m(TaskRunner pid=3205517)[0m If you really did intend to construct a power with this base, use the **
[36m(TaskRunner pid=3205517)[0m operator instead.
[36m(TaskRunner pid=3205517)[0m
[36m(TaskRunner pid=3205517)[0m See https://docs.sympy.org/latest/explanation/active-deprecations.html#non-expr-args-deprecated
[36m(TaskRunner pid=3205517)[0m for details.
[36m(TaskRunner pid=3205517)[0m
[36m(TaskRunner pid=3205517)[0m This has been deprecated since SymPy version 1.7. It
[36m(TaskRunner pid=3205517)[0m will be removed in a future version of SymPy.
[36m(TaskRunner pid=3205517)[0m
[36m(TaskRunner pid=3205517)[0m <string>:1: SymPyDeprecationWarning:
[36m(TaskRunner pid=3205517)[0m
[36m(TaskRunner pid=3205517)[0m Using non-Expr arguments in Pow is deprecated (in this case, one of the
[36m(TaskRunner pid=3205517)[0m arguments is of type 'FiniteSet').
[36m(TaskRunner pid=3205517)[0m
[36m(TaskRunner pid=3205517)[0m If you really did intend to construct a power with this base, use the **
[36m(TaskRunner pid=3205517)[0m operator instead.
[36m(TaskRunner pid=3205517)[0m
[36m(TaskRunner pid=3205517)[0m See https://docs.sympy.org/latest/explanation/active-deprecations.html#non-expr-args-deprecated
[36m(TaskRunner pid=3205517)[0m for details.
[36m(TaskRunner pid=3205517)[0m
[36m(TaskRunner pid=3205517)[0m This has been deprecated since SymPy version 1.7. It
[36m(TaskRunner pid=3205517)[0m will be removed in a future version of SymPy.
[36m(TaskRunner pid=3205517)[0m
[36m(TaskRunner pid=3205517)[0m <string>:1: SymPyDeprecationWarning:
[36m(TaskRunner pid=3205517)[0m
[36m(TaskRunner pid=3205517)[0m Using non-Expr arguments in Pow is deprecated (in this case, one of the
[36m(TaskRunner pid=3205517)[0m arguments is of type 'FiniteSet').
[36m(TaskRunner pid=3205517)[0m
[36m(TaskRunner pid=3205517)[0m If you really did intend to construct a power with this base, use the **
[36m(TaskRunner pid=3205517)[0m operator instead.
[36m(TaskRunner pid=3205517)[0m
[36m(TaskRunner pid=3205517)[0m See https://docs.sympy.org/latest/explanation/active-deprecations.html#non-expr-args-deprecated
[36m(TaskRunner pid=3205517)[0m for details.
[36m(TaskRunner pid=3205517)[0m
[36m(TaskRunner pid=3205517)[0m This has been deprecated since SymPy version 1.7. It
[36m(TaskRunner pid=3205517)[0m will be removed in a future version of SymPy.
[36m(TaskRunner pid=3205517)[0m
[36m(TaskRunner pid=3205517)[0m <string>:1: SymPyDeprecationWarning:
[36m(TaskRunner pid=3205517)[0m
[36m(TaskRunner pid=3205517)[0m Using non-Expr arguments in Pow is deprecated (in this case, one of the
[36m(TaskRunner pid=3205517)[0m arguments is of type 'FiniteSet').
[36m(TaskRunner pid=3205517)[0m
[36m(TaskRunner pid=3205517)[0m If you really did intend to construct a power with this base, use the **
[36m(TaskRunner pid=3205517)[0m operator instead.
[36m(TaskRunner pid=3205517)[0m
[36m(TaskRunner pid=3205517)[0m See https://docs.sympy.org/latest/explanation/active-deprecations.html#non-expr-args-deprecated
[36m(TaskRunner pid=3205517)[0m for details.
[36m(TaskRunner pid=3205517)[0m
[36m(TaskRunner pid=3205517)[0m This has been deprecated since SymPy version 1.7. It
[36m(TaskRunner pid=3205517)[0m will be removed in a future version of SymPy.
[36m(TaskRunner pid=3205517)[0m
[36m(TaskRunner pid=3205517)[0m <string>:1: SymPyDeprecationWarning:
[36m(TaskRunner pid=3205517)[0m
[36m(TaskRunner pid=3205517)[0m Using non-Expr arguments in Pow is deprecated (in this case, one of the
[36m(TaskRunner pid=3205517)[0m arguments is of type 'FiniteSet').
[36m(TaskRunner pid=3205517)[0m
[36m(TaskRunner pid=3205517)[0m If you really did intend to construct a power with this base, use the **
[36m(TaskRunner pid=3205517)[0m operator instead.
[36m(TaskRunner pid=3205517)[0m
[36m(TaskRunner pid=3205517)[0m See https://docs.sympy.org/latest/explanation/active-deprecations.html#non-expr-args-deprecated
[36m(TaskRunner pid=3205517)[0m for details.
[36m(TaskRunner pid=3205517)[0m
[36m(TaskRunner pid=3205517)[0m This has been deprecated since SymPy version 1.7. It
[36m(TaskRunner pid=3205517)[0m will be removed in a future version of SymPy.
[36m(TaskRunner pid=3205517)[0m
[36m(TaskRunner pid=3205517)[0m Training Progress:  50%|█████     | 10/20 [08:22<07:32, 45.30s/it]
[36m(TaskRunner pid=3205517)[0m <string>:1: SymPyDeprecationWarning:
[36m(TaskRunner pid=3205517)[0m
[36m(TaskRunner pid=3205517)[0m Using non-Expr arguments in Pow is deprecated (in this case, one of the
[36m(TaskRunner pid=3205517)[0m arguments is of type 'FiniteSet').
[36m(TaskRunner pid=3205517)[0m
[36m(TaskRunner pid=3205517)[0m If you really did intend to construct a power with this base, use the **
[36m(TaskRunner pid=3205517)[0m operator instead.
[36m(TaskRunner pid=3205517)[0m
[36m(TaskRunner pid=3205517)[0m See https://docs.sympy.org/latest/explanation/active-deprecations.html#non-expr-args-deprecated
[36m(TaskRunner pid=3205517)[0m for details.
[36m(TaskRunner pid=3205517)[0m
[36m(TaskRunner pid=3205517)[0m This has been deprecated since SymPy version 1.7. It
[36m(TaskRunner pid=3205517)[0m will be removed in a future version of SymPy.
[36m(TaskRunner pid=3205517)[0m
[36m(TaskRunner pid=3205517)[0m /mlx_devbox/users/quyanyi/playground/.venvs/ttrl_b200/lib/python3.11/site-packages/sympy/simplify/simplify.py:1766: SymPyDeprecationWarning:
[36m(TaskRunner pid=3205517)[0m
[36m(TaskRunner pid=3205517)[0m Using non-Expr arguments in Pow is deprecated (in this case, one of the
[36m(TaskRunner pid=3205517)[0m arguments is of type 'FiniteSet').
[36m(TaskRunner pid=3205517)[0m
[36m(TaskRunner pid=3205517)[0m If you really did intend to construct a power with this base, use the **
[36m(TaskRunner pid=3205517)[0m operator instead.
[36m(TaskRunner pid=3205517)[0m
[36m(TaskRunner pid=3205517)[0m See https://docs.sympy.org/latest/explanation/active-deprecations.html#non-expr-args-deprecated
[36m(TaskRunner pid=3205517)[0m for details.
[36m(TaskRunner pid=3205517)[0m
[36m(TaskRunner pid=3205517)[0m This has been deprecated since SymPy version 1.7. It
[36m(TaskRunner pid=3205517)[0m will be removed in a future version of SymPy.
[36m(TaskRunner pid=3205517)[0m
[36m(TaskRunner pid=3205517)[0m   return _Pow(nc_simplify(args[0]), args[1]).doit()
[36m(TaskRunner pid=3205517)[0m <string>:1: SymPyDeprecationWarning:
[36m(TaskRunner pid=3205517)[0m
[36m(TaskRunner pid=3205517)[0m Using non-Expr arguments in Pow is deprecated (in this case, one of the
[36m(TaskRunner pid=3205517)[0m arguments is of type 'FiniteSet').
[36m(TaskRunner pid=3205517)[0m
[36m(TaskRunner pid=3205517)[0m If you really did intend to construct a power with this base, use the **
[36m(TaskRunner pid=3205517)[0m operator instead.
[36m(TaskRunner pid=3205517)[0m
[36m(TaskRunner pid=3205517)[0m See https://docs.sympy.org/latest/explanation/active-deprecations.html#non-expr-args-deprecated
[36m(TaskRunner pid=3205517)[0m for details.
[36m(TaskRunner pid=3205517)[0m
[36m(TaskRunner pid=3205517)[0m This has been deprecated since SymPy version 1.7. It
[36m(TaskRunner pid=3205517)[0m will be removed in a future version of SymPy.
[36m(TaskRunner pid=3205517)[0m
[36m(TaskRunner pid=3205517)[0m <string>:1: SymPyDeprecationWarning:
[36m(TaskRunner pid=3205517)[0m
[36m(TaskRunner pid=3205517)[0m Using non-Expr arguments in Pow is deprecated (in this case, one of the
[36m(TaskRunner pid=3205517)[0m arguments is of type 'FiniteSet').
[36m(TaskRunner pid=3205517)[0m
[36m(TaskRunner pid=3205517)[0m If you really did intend to construct a power with this base, use the **
[36m(TaskRunner pid=3205517)[0m operator instead.
[36m(TaskRunner pid=3205517)[0m
[36m(TaskRunner pid=3205517)[0m See https://docs.sympy.org/latest/explanation/active-deprecations.html#non-expr-args-deprecated
[36m(TaskRunner pid=3205517)[0m for details.
[36m(TaskRunner pid=3205517)[0m
[36m(TaskRunner pid=3205517)[0m This has been deprecated since SymPy version 1.7. It
[36m(TaskRunner pid=3205517)[0m will be removed in a future version of SymPy.
[36m(TaskRunner pid=3205517)[0m
[36m(TaskRunner pid=3205517)[0m <string>:1: SymPyDeprecationWarning:
[36m(TaskRunner pid=3205517)[0m
[36m(TaskRunner pid=3205517)[0m Using non-Expr arguments in Pow is deprecated (in this case, one of the
[36m(TaskRunner pid=3205517)[0m arguments is of type 'FiniteSet').
[36m(TaskRunner pid=3205517)[0m
[36m(TaskRunner pid=3205517)[0m If you really did intend to construct a power with this base, use the **
[36m(TaskRunner pid=3205517)[0m operator instead.
[36m(TaskRunner pid=3205517)[0m
[36m(TaskRunner pid=3205517)[0m See https://docs.sympy.org/latest/explanation/active-deprecations.html#non-expr-args-deprecated
[36m(TaskRunner pid=3205517)[0m for details.
[36m(TaskRunner pid=3205517)[0m
[36m(TaskRunner pid=3205517)[0m This has been deprecated since SymPy version 1.7. It
[36m(TaskRunner pid=3205517)[0m will be removed in a future version of SymPy.
[36m(TaskRunner pid=3205517)[0m
[36m(TaskRunner pid=3205517)[0m /mlx_devbox/users/quyanyi/playground/.venvs/ttrl_b200/lib/python3.11/site-packages/sympy/simplify/simplify.py:1766: SymPyDeprecationWarning:
[36m(TaskRunner pid=3205517)[0m
[36m(TaskRunner pid=3205517)[0m Using non-Expr arguments in Pow is deprecated (in this case, one of the
[36m(TaskRunner pid=3205517)[0m arguments is of type 'FiniteSet').
[36m(TaskRunner pid=3205517)[0m
[36m(TaskRunner pid=3205517)[0m If you really did intend to construct a power with this base, use the **
[36m(TaskRunner pid=3205517)[0m operator instead.
[36m(TaskRunner pid=3205517)[0m
[36m(TaskRunner pid=3205517)[0m See https://docs.sympy.org/latest/explanation/active-deprecations.html#non-expr-args-deprecated
[36m(TaskRunner pid=3205517)[0m for details.
[36m(TaskRunner pid=3205517)[0m
[36m(TaskRunner pid=3205517)[0m This has been deprecated since SymPy version 1.7. It
[36m(TaskRunner pid=3205517)[0m will be removed in a future version of SymPy.
[36m(TaskRunner pid=3205517)[0m
[36m(TaskRunner pid=3205517)[0m   return _Pow(nc_simplify(args[0]), args[1]).doit()
[36m(TaskRunner pid=3205517)[0m <string>:1: SymPyDeprecationWarning:
[36m(TaskRunner pid=3205517)[0m
[36m(TaskRunner pid=3205517)[0m Using non-Expr arguments in Pow is deprecated (in this case, one of the
[36m(TaskRunner pid=3205517)[0m arguments is of type 'FiniteSet').
[36m(TaskRunner pid=3205517)[0m
[36m(TaskRunner pid=3205517)[0m If you really did intend to construct a power with this base, use the **
[36m(TaskRunner pid=3205517)[0m operator instead.
[36m(TaskRunner pid=3205517)[0m
[36m(TaskRunner pid=3205517)[0m See https://docs.sympy.org/latest/explanation/active-deprecations.html#non-expr-args-deprecated
[36m(TaskRunner pid=3205517)[0m for details.
[36m(TaskRunner pid=3205517)[0m
[36m(TaskRunner pid=3205517)[0m This has been deprecated since SymPy version 1.7. It
[36m(TaskRunner pid=3205517)[0m will be removed in a future version of SymPy.
[36m(TaskRunner pid=3205517)[0m
[36m(TaskRunner pid=3205517)[0m <string>:1: SymPyDeprecationWarning:
[36m(TaskRunner pid=3205517)[0m
[36m(TaskRunner pid=3205517)[0m Using non-Expr arguments in Pow is deprecated (in this case, one of the
[36m(TaskRunner pid=3205517)[0m arguments is of type 'FiniteSet').
[36m(TaskRunner pid=3205517)[0m
[36m(TaskRunner pid=3205517)[0m If you really did intend to construct a power with this base, use the **
[36m(TaskRunner pid=3205517)[0m operator instead.
[36m(TaskRunner pid=3205517)[0m
[36m(TaskRunner pid=3205517)[0m See https://docs.sympy.org/latest/explanation/active-deprecations.html#non-expr-args-deprecated
[36m(TaskRunner pid=3205517)[0m for details.
[36m(TaskRunner pid=3205517)[0m
[36m(TaskRunner pid=3205517)[0m This has been deprecated since SymPy version 1.7. It
[36m(TaskRunner pid=3205517)[0m will be removed in a future version of SymPy.
[36m(TaskRunner pid=3205517)[0m
[36m(TaskRunner pid=3205517)[0m <string>:1: SymPyDeprecationWarning:
[36m(TaskRunner pid=3205517)[0m
[36m(TaskRunner pid=3205517)[0m Using non-Expr arguments in Pow is deprecated (in this case, one of the
[36m(TaskRunner pid=3205517)[0m arguments is of type 'FiniteSet').
[36m(TaskRunner pid=3205517)[0m
[36m(TaskRunner pid=3205517)[0m If you really did intend to construct a power with this base, use the **
[36m(TaskRunner pid=3205517)[0m operator instead.
[36m(TaskRunner pid=3205517)[0m
[36m(TaskRunner pid=3205517)[0m See https://docs.sympy.org/latest/explanation/active-deprecations.html#non-expr-args-deprecated
[36m(TaskRunner pid=3205517)[0m for details.
[36m(TaskRunner pid=3205517)[0m
[36m(TaskRunner pid=3205517)[0m This has been deprecated since SymPy version 1.7. It
[36m(TaskRunner pid=3205517)[0m will be removed in a future version of SymPy.
[36m(TaskRunner pid=3205517)[0m
[36m(TaskRunner pid=3205517)[0m <string>:1: SymPyDeprecationWarning:
[36m(TaskRunner pid=3205517)[0m
[36m(TaskRunner pid=3205517)[0m Using non-Expr arguments in Pow is deprecated (in this case, one of the
[36m(TaskRunner pid=3205517)[0m arguments is of type 'FiniteSet').
[36m(TaskRunner pid=3205517)[0m
[36m(TaskRunner pid=3205517)[0m If you really did intend to construct a power with this base, use the **
[36m(TaskRunner pid=3205517)[0m operator instead.
[36m(TaskRunner pid=3205517)[0m
[36m(TaskRunner pid=3205517)[0m See https://docs.sympy.org/latest/explanation/active-deprecations.html#non-expr-args-deprecated
[36m(TaskRunner pid=3205517)[0m for details.
[36m(TaskRunner pid=3205517)[0m
[36m(TaskRunner pid=3205517)[0m This has been deprecated since SymPy version 1.7. It
[36m(TaskRunner pid=3205517)[0m will be removed in a future version of SymPy.
[36m(TaskRunner pid=3205517)[0m
[36m(TaskRunner pid=3205517)[0m <string>:1: SymPyDeprecationWarning:
[36m(TaskRunner pid=3205517)[0m
[36m(TaskRunner pid=3205517)[0m Using non-Expr arguments in Pow is deprecated (in this case, one of the
[36m(TaskRunner pid=3205517)[0m arguments is of type 'FiniteSet').
[36m(TaskRunner pid=3205517)[0m
[36m(TaskRunner pid=3205517)[0m If you really did intend to construct a power with this base, use the **
[36m(TaskRunner pid=3205517)[0m operator instead.
[36m(TaskRunner pid=3205517)[0m
[36m(TaskRunner pid=3205517)[0m See https://docs.sympy.org/latest/explanation/active-deprecations.html#non-expr-args-deprecated
[36m(TaskRunner pid=3205517)[0m for details.
[36m(TaskRunner pid=3205517)[0m
[36m(TaskRunner pid=3205517)[0m This has been deprecated since SymPy version 1.7. It
[36m(TaskRunner pid=3205517)[0m will be removed in a future version of SymPy.
[36m(TaskRunner pid=3205517)[0m
[36m(TaskRunner pid=3205517)[0m <string>:1: SymPyDeprecationWarning:
[36m(TaskRunner pid=3205517)[0m
[36m(TaskRunner pid=3205517)[0m Using non-Expr arguments in Pow is deprecated (in this case, one of the
[36m(TaskRunner pid=3205517)[0m arguments is of type 'FiniteSet').
[36m(TaskRunner pid=3205517)[0m
[36m(TaskRunner pid=3205517)[0m If you really did intend to construct a power with this base, use the **
[36m(TaskRunner pid=3205517)[0m operator instead.
[36m(TaskRunner pid=3205517)[0m
[36m(TaskRunner pid=3205517)[0m See https://docs.sympy.org/latest/explanation/active-deprecations.html#non-expr-args-deprecated
[36m(TaskRunner pid=3205517)[0m for details.
[36m(TaskRunner pid=3205517)[0m
[36m(TaskRunner pid=3205517)[0m This has been deprecated since SymPy version 1.7. It
[36m(TaskRunner pid=3205517)[0m will be removed in a future version of SymPy.
[36m(TaskRunner pid=3205517)[0m
[36m(TaskRunner pid=3205517)[0m <string>:1: SymPyDeprecationWarning:
[36m(TaskRunner pid=3205517)[0m
[36m(TaskRunner pid=3205517)[0m Using non-Expr arguments in Pow is deprecated (in this case, one of the
[36m(TaskRunner pid=3205517)[0m arguments is of type 'FiniteSet').
[36m(TaskRunner pid=3205517)[0m
[36m(TaskRunner pid=3205517)[0m If you really did intend to construct a power with this base, use the **
[36m(TaskRunner pid=3205517)[0m operator instead.
[36m(TaskRunner pid=3205517)[0m
[36m(TaskRunner pid=3205517)[0m See https://docs.sympy.org/latest/explanation/active-deprecations.html#non-expr-args-deprecated
[36m(TaskRunner pid=3205517)[0m for details.
[36m(TaskRunner pid=3205517)[0m
[36m(TaskRunner pid=3205517)[0m This has been deprecated since SymPy version 1.7. It
[36m(TaskRunner pid=3205517)[0m will be removed in a future version of SymPy.
[36m(TaskRunner pid=3205517)[0m
[36m(TaskRunner pid=3205517)[0m <string>:1: SymPyDeprecationWarning:
[36m(TaskRunner pid=3205517)[0m
[36m(TaskRunner pid=3205517)[0m Using non-Expr arguments in Pow is deprecated (in this case, one of the
[36m(TaskRunner pid=3205517)[0m arguments is of type 'FiniteSet').
[36m(TaskRunner pid=3205517)[0m
[36m(TaskRunner pid=3205517)[0m If you really did intend to construct a power with this base, use the **
[36m(TaskRunner pid=3205517)[0m operator instead.
[36m(TaskRunner pid=3205517)[0m
[36m(TaskRunner pid=3205517)[0m See https://docs.sympy.org/latest/explanation/active-deprecations.html#non-expr-args-deprecated
[36m(TaskRunner pid=3205517)[0m for details.
[36m(TaskRunner pid=3205517)[0m
[36m(TaskRunner pid=3205517)[0m This has been deprecated since SymPy version 1.7. It
[36m(TaskRunner pid=3205517)[0m will be removed in a future version of SymPy.
[36m(TaskRunner pid=3205517)[0m
[36m(TaskRunner pid=3205517)[0m [Shutdown] 5 subprocess(es) terminated.
[36m(TaskRunner pid=3205517)[0m [Shutdown] 3 subprocess(es) terminated.
[36m(TaskRunner pid=3205517)[0m [Shutdown] 6 subprocess(es) terminated.
[36m(TaskRunner pid=3205517)[0m step:10 - chunk_state_source/selected_original_acc_mean:0.875 - chunk_state_source/prompt_original_pass:0.875 - chunk_state_source/prompt_original_mean:0.251 - chunk_state_source/selected_majority_consistent_mean:1.000 - chunk_state_source/prompt_majority_ratio_mean:0.302 - chunk_state_source/prompt_majority_pass:1.000 - chunk_state_source_chunk/enabled:1.000 - chunk_state_source_chunk/injected_ratio:1.000 - chunk_state_source_chunk/mean_len:128.000 - chunk_state_source_chunk/candidate_index:0.000 - chunk_state_support_anchor/enabled:1.000 - chunk_state_support_anchor/count:7.000 - chunk_state_support_anchor/candidate_start:1.000 - chunk_state_support_anchor/min_mass:0.031 - chunk_state_support_anchor/prefix_compat_enable:0.000 - chunk_state_support_anchor/prefix_compat_tokens:128.000 - chunk_state_support_anchor/min_prefix_match:0.750 - chunk_state_support_anchor/skip_source:1.000 - chunk_state_support_anchor/injected_ratio:0.964 - chunk_state_support_anchor/state_keep_ratio:1.000 - chunk_state_support_anchor/skipped_no_anchor_ratio:0.000 - chunk_state_support_anchor/skipped_by_compat_ratio:0.000 - chunk_state_support_anchor/skipped_source_ratio:0.031 - chunk_state_support_anchor/score_mean:0.146 - chunk_state_support_anchor/positive_candidate_ratio:0.844 - chunk_state_support_anchor/prefix_match_mean:1.000 - chunk_state_support_anchor/prefix_match_min:1.000 - chunk_state_support_anchor/anchor_mass_mean:0.173 - chunk_state_support_anchor/anchor_mass_max:0.750 - chunk_state_support_anchor/anchor_len_mean:120.148 - chunk_state_support_anchor/selected_rank_mean:2.907 - chunk_state_probe/skipped_for_support_flow:1.000 - chunk_state_support_flow/score_type_mass:0.000 - chunk_state_support_flow/score_type_soft_mass:1.000 - chunk_state_support_flow/score_type_gain:0.000 - chunk_state_support_flow/score_type_relative_gain:0.000 - chunk_state_support_flow/score_type_soft_relative_mass:0.000 - chunk_state_support_flow/gain_slack:0.000 - chunk_state_support_flow/baseline_scale:1.000 - chunk_state_support_flow/source_prior_weight:1.000 - chunk_state_support_flow/min_positive_margin:0.000 - chunk_state_support_flow/anchor_mass_mean:0.146 - chunk_state_support_flow/source_mass_mean:0.574 - chunk_state_support_flow/positive_margin_mean:-0.162 - chunk_state_support_flow/state_keep_ratio:1.000 - chunk_state_support_flow/score_mean:0.146 - chunk_state_support_flow/score_max_mean:0.412 - chunk_state_support_flow/label_consistent_ratio:0.844 - chunk_state_support_flow/raw_positive_ratio:0.146 - chunk_state_score/mode_majority_completion:0.000 - chunk_state_score/mode_answer_consensus:0.000 - chunk_state_score/mode_answer_distribution:0.000 - chunk_state_score/mode_answer_value_gain:0.000 - chunk_state_score/mode_answer_value_margin:0.000 - chunk_state_score/mode_answer_support_mass:0.000 - chunk_state_score/mode_future_support_gain:0.000 - chunk_state_score/mode_support_anchor:0.000 - chunk_state_score/mode_support_flow:1.000 - chunk_state_score/mode_answer_source_consistency:0.000 - chunk_state_diag/boundary_mean:800.000 - chunk_state_diag/boundary_min:512.000 - chunk_state_diag/boundary_max:1024.000 - chunk_state_diag/boundary_zero_ratio:0.000 - chunk_state_diag/skipped_short_sources:0.000 - chunk_state_diag/skipped_support_sources:24.000 - chunk_state_diag/majority_consistent_fallbacks:6.000 - chunk_state_diag/real_state_count:8.000 - chunk_state_diag/pad_state_count:0.000 - chunk_state_diag/loss_weight_mean:1.000 - chunk_state_diag/source_response_len_mean:1979.125 - chunk_state_diag/probe_score_std:0.248 - chunk_state_diag/state_probe_mean_max:0.461 - chunk_state_diag/state_probe_mean_min:0.035 - chunk_state_diag/state_all_positive_ratio:0.000 - chunk_state_diag/state_all_negative_ratio:0.000 - chunk_state_diag/state_mixed_ratio:1.000 - chunk_state_diag/source_majority_consistent_mean:1.000 - chunk_state_diag/source_prompt_majority_ratio_mean:0.457 - chunk_state_diag/source_answer_mass_mean:0.574 - chunk_state_diag/source_answer_mass_min:0.400 - chunk_state_diag/source_prompt_top_mass_mean:0.574 - chunk_state_diag/source_prompt_top_mass_min:0.400 - chunk_state_diag/source_pseudo_acc_mean:0.750 - chunk_state_diag/source_original_acc_mean:0.875 - chunk_state_diag/prompt_pseudo_mean:0.348 - chunk_state_diag/prompt_original_mean:0.379 - chunk_state_diag/prompt_original_pass:1.000 - chunk_state_diag/probe_mean_source_original_correct:0.149 - chunk_state_diag/probe_mean_source_original_wrong:0.121 - chunk_state_diag/source_original_correct_ratio:0.875 - chunk_state_diag/jsonl_rows:8.000 - chunk_state/num_states:8.000 - chunk_state/real_states:8.000 - chunk_state/pad_states:0.000 - chunk_state/num_candidates:64.000 - chunk_state/num_actor_samples:64.000 - chunk_state/loss_weight_mean:1.000 - chunk_state/base_loss_weight_mean:1.000 - chunk_state/zeroed_state_ratio:0.000 - chunk_state/confidence_gate_ratio:1.000 - chunk_state/confidence_weight_mean:1.000 - chunk_state/future_support_keep_ratio:1.000 - chunk_state/majority_ratio_mean:0.574 - chunk_state/answer_coverage_mean:0.844 - chunk_state/positive_ratio:0.146 - chunk_state/label_consistent_only:0.000 - chunk_state/zero_inconsistent_candidates:0.000 - chunk_state/prune_zero_weight_samples:1.000 - chunk_state/prune_padded_to_shards:0.000 - chunk_state/pruned_sample_ratio:0.000 - chunk_state/label_consistent_ratio:0.844 - chunk_state/informative_ratio:1.000 - chunk_state/kept_state_ratio:1.000 - chunk_state/target_entropy:1.338 - chunk_state/target_prior_mean:1.000 - chunk_state/target_prior_max:1.000 - chunk_state/weight_max:0.932 - chunk_state/weight_min:0.001 - chunk_state/powerflow_weight_clip:4.000 - chunk_state/powerflow_weight_clip_renorm:1.000 - chunk_state/powerflow_weight_before_clip_max:7.457 - chunk_state/powerflow_weight_before_clip_mean:1.000 - chunk_state/powerflow_weight_mean:0.970 - chunk_state/powerflow_weight_max:4.000 - chunk_state/powerflow_weight_min:0.008 - chunk_state/boxed_reward_mean:0.146 - chunk_state/boxed_reward_weighted_mean:0.346 - chunk_state/actor_batch_powerflow_weight_nonzero_ratio:1.000 - chunk_state/actor_batch_powerflow_weight_shard0_mean:1.157 - chunk_state/actor_batch_powerflow_weight_shard0_nonzero_ratio:1.000 - chunk_state/actor_batch_powerflow_weight_shard_mean_low:0.753 - chunk_state/actor_batch_powerflow_weight_shard_mean_high:1.157 - chunk_state/actor_batch_powerflow_weight_zero_shard_ratio:0.000 - chunk_state_actor_span/mode_chunk:1.000 - chunk_state_actor_span/response_len_mean:121.375 - chunk_state_actor_span/truncated_ratio:0.000 - actor/pg_loss:0.483 - actor/powerflow_loss:0.483 - actor/log_prob:-1.288 - actor/old_log_prob:0.000 - actor/ref_log_prob:-1.286 - actor/ref_log_prob/std:0.000 - actor/boxed_reward/mean:0.209 - actor/boxed_reward/min:0.000 - actor/boxed_reward/max:0.750 - actor/powerflow_weight/mean:1.157 - actor/powerflow_weight/min:0.046 - actor/powerflow_weight/max:4.000 - actor/powerflow_weight/nonzero_ratio:1.000 - actor/powerflow_local_batch_size:1.000 - actor/log_z:-1.433 - actor/importance_weight:0.800 - actor/powerflow_chunk_loss_target_only:0.000 - actor/ppo_kl:1.288 - actor/ref_kl:0.002 - actor/beta_coef:4.000 - actor/cispo_mask_ratio:0.379 - actor/cispo_dropped_tokens:47.500 - actor/condition_1_count:0.000 - actor/condition_2_count:47.500 - actor/pg_clipfrac:0.000 - actor/pg_clipfrac_lower:0.000 - actor/grad_norm:8.670 - perf/mfu/actor:0.000 - perf/max_memory_allocated_gb:166.224 - perf/max_memory_reserved_gb:176.207 - perf/cpu_memory_used_gb:790.907 - actor/lr:0.000 - timing_s/generate_sequences:18.225 - timing_s/reshard:0.514 - timing_s/gen:23.581 - timing_s/chunk_state_make_states:0.017 - timing_s/chunk_state_chunks/generate_sequences:0.530 - timing_s/chunk_state_chunks/reshard:0.469 - timing_s/chunk_state_chunks:1.040 - timing_s/chunk_state_score:5.946 - timing_s/chunk_state_build_actor_batch:0.006 - timing_s/chunk_state_ref:0.973 - timing_s/update_actor:2.542 - timing_per_token_ms/gen:0.022 - timing_per_token_ms/update_actor:0.002
[36m(TaskRunner pid=3205517)[0m [Shutdown] 64 subprocess(es) terminated.
[36m(TaskRunner pid=3205517)[0m [Shutdown] 16 subprocess(es) terminated.
[36m(TaskRunner pid=3205517)[0m Training Progress:  55%|█████▌    | 11/20 [09:09<06:51, 45.67s/it]
[36m(TaskRunner pid=3205517)[0m <string>:1: SymPyDeprecationWarning:
[36m(TaskRunner pid=3205517)[0m
[36m(TaskRunner pid=3205517)[0m Using non-Expr arguments in Pow is deprecated (in this case, one of the
[36m(TaskRunner pid=3205517)[0m arguments is of type 'FiniteSet').
[36m(TaskRunner pid=3205517)[0m
[36m(TaskRunner pid=3205517)[0m If you really did intend to construct a power with this base, use the **
[36m(TaskRunner pid=3205517)[0m operator instead.
[36m(TaskRunner pid=3205517)[0m
[36m(TaskRunner pid=3205517)[0m See https://docs.sympy.org/latest/explanation/active-deprecations.html#non-expr-args-deprecated
[36m(TaskRunner pid=3205517)[0m for details.
[36m(TaskRunner pid=3205517)[0m
[36m(TaskRunner pid=3205517)[0m This has been deprecated since SymPy version 1.7. It
[36m(TaskRunner pid=3205517)[0m will be removed in a future version of SymPy.
[36m(TaskRunner pid=3205517)[0m
[36m(TaskRunner pid=3205517)[0m <string>:1: SymPyDeprecationWarning:
[36m(TaskRunner pid=3205517)[0m
[36m(TaskRunner pid=3205517)[0m Using non-Expr arguments in Pow is deprecated (in this case, one of the
[36m(TaskRunner pid=3205517)[0m arguments is of type 'FiniteSet').
[36m(TaskRunner pid=3205517)[0m
[36m(TaskRunner pid=3205517)[0m If you really did intend to construct a power with this base, use the **
[36m(TaskRunner pid=3205517)[0m operator instead.
[36m(TaskRunner pid=3205517)[0m
[36m(TaskRunner pid=3205517)[0m See https://docs.sympy.org/latest/explanation/active-deprecations.html#non-expr-args-deprecated
[36m(TaskRunner pid=3205517)[0m for details.
[36m(TaskRunner pid=3205517)[0m
[36m(TaskRunner pid=3205517)[0m This has been deprecated since SymPy version 1.7. It
[36m(TaskRunner pid=3205517)[0m will be removed in a future version of SymPy.
[36m(TaskRunner pid=3205517)[0m
[36m(TaskRunner pid=3205517)[0m <string>:1: SymPyDeprecationWarning:
[36m(TaskRunner pid=3205517)[0m
[36m(TaskRunner pid=3205517)[0m Using non-Expr arguments in Pow is deprecated (in this case, one of the
[36m(TaskRunner pid=3205517)[0m arguments is of type 'FiniteSet').
[36m(TaskRunner pid=3205517)[0m
[36m(TaskRunner pid=3205517)[0m If you really did intend to construct a power with this base, use the **
[36m(TaskRunner pid=3205517)[0m operator instead.
[36m(TaskRunner pid=3205517)[0m
[36m(TaskRunner pid=3205517)[0m See https://docs.sympy.org/latest/explanation/active-deprecations.html#non-expr-args-deprecated
[36m(TaskRunner pid=3205517)[0m for details.
[36m(TaskRunner pid=3205517)[0m
[36m(TaskRunner pid=3205517)[0m This has been deprecated since SymPy version 1.7. It
[36m(TaskRunner pid=3205517)[0m will be removed in a future version of SymPy.
[36m(TaskRunner pid=3205517)[0m
[36m(TaskRunner pid=3205517)[0m <string>:1: SymPyDeprecationWarning:
[36m(TaskRunner pid=3205517)[0m
[36m(TaskRunner pid=3205517)[0m Using non-Expr arguments in Pow is deprecated (in this case, one of the
[36m(TaskRunner pid=3205517)[0m arguments is of type 'FiniteSet').
[36m(TaskRunner pid=3205517)[0m
[36m(TaskRunner pid=3205517)[0m If you really did intend to construct a power with this base, use the **
[36m(TaskRunner pid=3205517)[0m operator instead.
[36m(TaskRunner pid=3205517)[0m
[36m(TaskRunner pid=3205517)[0m See https://docs.sympy.org/latest/explanation/active-deprecations.html#non-expr-args-deprecated
[36m(TaskRunner pid=3205517)[0m for details.
[36m(TaskRunner pid=3205517)[0m
[36m(TaskRunner pid=3205517)[0m This has been deprecated since SymPy version 1.7. It
[36m(TaskRunner pid=3205517)[0m will be removed in a future version of SymPy.
[36m(TaskRunner pid=3205517)[0m
[36m(TaskRunner pid=3205517)[0m <string>:1: SymPyDeprecationWarning:
[36m(TaskRunner pid=3205517)[0m
[36m(TaskRunner pid=3205517)[0m Using non-Expr arguments in Pow is deprecated (in this case, one of the
[36m(TaskRunner pid=3205517)[0m arguments is of type 'FiniteSet').
[36m(TaskRunner pid=3205517)[0m
[36m(TaskRunner pid=3205517)[0m If you really did intend to construct a power with this base, use the **
[36m(TaskRunner pid=3205517)[0m operator instead.
[36m(TaskRunner pid=3205517)[0m
[36m(TaskRunner pid=3205517)[0m See https://docs.sympy.org/latest/explanation/active-deprecations.html#non-expr-args-deprecated
[36m(TaskRunner pid=3205517)[0m for details.
[36m(TaskRunner pid=3205517)[0m
[36m(TaskRunner pid=3205517)[0m This has been deprecated since SymPy version 1.7. It
[36m(TaskRunner pid=3205517)[0m will be removed in a future version of SymPy.
[36m(TaskRunner pid=3205517)[0m
[36m(TaskRunner pid=3205517)[0m <string>:1: SymPyDeprecationWarning:
[36m(TaskRunner pid=3205517)[0m
[36m(TaskRunner pid=3205517)[0m Using non-Expr arguments in Pow is deprecated (in this case, one of the
[36m(TaskRunner pid=3205517)[0m arguments is of type 'FiniteSet').
[36m(TaskRunner pid=3205517)[0m
[36m(TaskRunner pid=3205517)[0m If you really did intend to construct a power with this base, use the **
[36m(TaskRunner pid=3205517)[0m operator instead.
[36m(TaskRunner pid=3205517)[0m
[36m(TaskRunner pid=3205517)[0m See https://docs.sympy.org/latest/explanation/active-deprecations.html#non-expr-args-deprecated
[36m(TaskRunner pid=3205517)[0m for details.
[36m(TaskRunner pid=3205517)[0m
[36m(TaskRunner pid=3205517)[0m This has been deprecated since SymPy version 1.7. It
[36m(TaskRunner pid=3205517)[0m will be removed in a future version of SymPy.
[36m(TaskRunner pid=3205517)[0m
[36m(TaskRunner pid=3205517)[0m <string>:1: SymPyDeprecationWarning:
[36m(TaskRunner pid=3205517)[0m
[36m(TaskRunner pid=3205517)[0m Using non-Expr arguments in Pow is deprecated (in this case, one of the
[36m(TaskRunner pid=3205517)[0m arguments is of type 'FiniteSet').
[36m(TaskRunner pid=3205517)[0m
[36m(TaskRunner pid=3205517)[0m If you really did intend to construct a power with this base, use the **
[36m(TaskRunner pid=3205517)[0m operator instead.
[36m(TaskRunner pid=3205517)[0m
[36m(TaskRunner pid=3205517)[0m See https://docs.sympy.org/latest/explanation/active-deprecations.html#non-expr-args-deprecated
[36m(TaskRunner pid=3205517)[0m for details.
[36m(TaskRunner pid=3205517)[0m
[36m(TaskRunner pid=3205517)[0m This has been deprecated since SymPy version 1.7. It
[36m(TaskRunner pid=3205517)[0m will be removed in a future version of SymPy.
[36m(TaskRunner pid=3205517)[0m
[36m(TaskRunner pid=3205517)[0m <string>:1: SymPyDeprecationWarning:
[36m(TaskRunner pid=3205517)[0m
[36m(TaskRunner pid=3205517)[0m Using non-Expr arguments in Pow is deprecated (in this case, one of the
[36m(TaskRunner pid=3205517)[0m arguments is of type 'FiniteSet').
[36m(TaskRunner pid=3205517)[0m
[36m(TaskRunner pid=3205517)[0m If you really did intend to construct a power with this base, use the **
[36m(TaskRunner pid=3205517)[0m operator instead.
[36m(TaskRunner pid=3205517)[0m
[36m(TaskRunner pid=3205517)[0m See https://docs.sympy.org/latest/explanation/active-deprecations.html#non-expr-args-deprecated
[36m(TaskRunner pid=3205517)[0m for details.
[36m(TaskRunner pid=3205517)[0m
[36m(TaskRunner pid=3205517)[0m This has been deprecated since SymPy version 1.7. It
[36m(TaskRunner pid=3205517)[0m will be removed in a future version of SymPy.
[36m(TaskRunner pid=3205517)[0m
[36m(TaskRunner pid=3205517)[0m <string>:1: SymPyDeprecationWarning:
[36m(TaskRunner pid=3205517)[0m
[36m(TaskRunner pid=3205517)[0m Using non-Expr arguments in Pow is deprecated (in this case, one of the
[36m(TaskRunner pid=3205517)[0m arguments is of type 'FiniteSet').
[36m(TaskRunner pid=3205517)[0m
[36m(TaskRunner pid=3205517)[0m If you really did intend to construct a power with this base, use the **
[36m(TaskRunner pid=3205517)[0m operator instead.
[36m(TaskRunner pid=3205517)[0m
[36m(TaskRunner pid=3205517)[0m See https://docs.sympy.org/latest/explanation/active-deprecations.html#non-expr-args-deprecated
[36m(TaskRunner pid=3205517)[0m for details.
[36m(TaskRunner pid=3205517)[0m
[36m(TaskRunner pid=3205517)[0m This has been deprecated since SymPy version 1.7. It
[36m(TaskRunner pid=3205517)[0m will be removed in a future version of SymPy.
[36m(TaskRunner pid=3205517)[0m
[36m(TaskRunner pid=3205517)[0m <string>:1: SymPyDeprecationWarning:
[36m(TaskRunner pid=3205517)[0m
[36m(TaskRunner pid=3205517)[0m Using non-Expr arguments in Pow is deprecated (in this case, one of the
[36m(TaskRunner pid=3205517)[0m arguments is of type 'FiniteSet').
[36m(TaskRunner pid=3205517)[0m
[36m(TaskRunner pid=3205517)[0m If you really did intend to construct a power with this base, use the **
[36m(TaskRunner pid=3205517)[0m operator instead.
[36m(TaskRunner pid=3205517)[0m
[36m(TaskRunner pid=3205517)[0m See https://docs.sympy.org/latest/explanation/active-deprecations.html#non-expr-args-deprecated
[36m(TaskRunner pid=3205517)[0m for details.
[36m(TaskRunner pid=3205517)[0m
[36m(TaskRunner pid=3205517)[0m This has been deprecated since SymPy version 1.7. It
[36m(TaskRunner pid=3205517)[0m will be removed in a future version of SymPy.
[36m(TaskRunner pid=3205517)[0m
[36m(TaskRunner pid=3205517)[0m <string>:1: SymPyDeprecationWarning:
[36m(TaskRunner pid=3205517)[0m
[36m(TaskRunner pid=3205517)[0m Using non-Expr arguments in Pow is deprecated (in this case, one of the
[36m(TaskRunner pid=3205517)[0m arguments is of type 'FiniteSet').
[36m(TaskRunner pid=3205517)[0m
[36m(TaskRunner pid=3205517)[0m If you really did intend to construct a power with this base, use the **
[36m(TaskRunner pid=3205517)[0m operator instead.
[36m(TaskRunner pid=3205517)[0m
[36m(TaskRunner pid=3205517)[0m See https://docs.sympy.org/latest/explanation/active-deprecations.html#non-expr-args-deprecated
[36m(TaskRunner pid=3205517)[0m for details.
[36m(TaskRunner pid=3205517)[0m
[36m(TaskRunner pid=3205517)[0m This has been deprecated since SymPy version 1.7. It
[36m(TaskRunner pid=3205517)[0m will be removed in a future version of SymPy.
[36m(TaskRunner pid=3205517)[0m
[36m(TaskRunner pid=3205517)[0m <string>:1: SymPyDeprecationWarning:
[36m(TaskRunner pid=3205517)[0m
[36m(TaskRunner pid=3205517)[0m Using non-Expr arguments in Pow is deprecated (in this case, one of the
[36m(TaskRunner pid=3205517)[0m arguments is of type 'FiniteSet').
[36m(TaskRunner pid=3205517)[0m
[36m(TaskRunner pid=3205517)[0m If you really did intend to construct a power with this base, use the **
[36m(TaskRunner pid=3205517)[0m operator instead.
[36m(TaskRunner pid=3205517)[0m
[36m(TaskRunner pid=3205517)[0m See https://docs.sympy.org/latest/explanation/active-deprecations.html#non-expr-args-deprecated
[36m(TaskRunner pid=3205517)[0m for details.
[36m(TaskRunner pid=3205517)[0m
[36m(TaskRunner pid=3205517)[0m This has been deprecated since SymPy version 1.7. It
[36m(TaskRunner pid=3205517)[0m will be removed in a future version of SymPy.
[36m(TaskRunner pid=3205517)[0m
[36m(TaskRunner pid=3205517)[0m <string>:1: SymPyDeprecationWarning:
[36m(TaskRunner pid=3205517)[0m
[36m(TaskRunner pid=3205517)[0m Using non-Expr arguments in Pow is deprecated (in this case, one of the
[36m(TaskRunner pid=3205517)[0m arguments is of type 'FiniteSet').
[36m(TaskRunner pid=3205517)[0m
[36m(TaskRunner pid=3205517)[0m If you really did intend to construct a power with this base, use the **
[36m(TaskRunner pid=3205517)[0m operator instead.
[36m(TaskRunner pid=3205517)[0m
[36m(TaskRunner pid=3205517)[0m See https://docs.sympy.org/latest/explanation/active-deprecations.html#non-expr-args-deprecated
[36m(TaskRunner pid=3205517)[0m for details.
[36m(TaskRunner pid=3205517)[0m
[36m(TaskRunner pid=3205517)[0m This has been deprecated since SymPy version 1.7. It
[36m(TaskRunner pid=3205517)[0m will be removed in a future version of SymPy.
[36m(TaskRunner pid=3205517)[0m
[36m(TaskRunner pid=3205517)[0m <string>:1: SymPyDeprecationWarning:
[36m(TaskRunner pid=3205517)[0m
[36m(TaskRunner pid=3205517)[0m Using non-Expr arguments in Pow is deprecated (in this case, one of the
[36m(TaskRunner pid=3205517)[0m arguments is of type 'FiniteSet').
[36m(TaskRunner pid=3205517)[0m
[36m(TaskRunner pid=3205517)[0m If you really did intend to construct a power with this base, use the **
[36m(TaskRunner pid=3205517)[0m operator instead.
[36m(TaskRunner pid=3205517)[0m
[36m(TaskRunner pid=3205517)[0m See https://docs.sympy.org/latest/explanation/active-deprecations.html#non-expr-args-deprecated
[36m(TaskRunner pid=3205517)[0m for details.
[36m(TaskRunner pid=3205517)[0m
[36m(TaskRunner pid=3205517)[0m This has been deprecated since SymPy version 1.7. It
[36m(TaskRunner pid=3205517)[0m will be removed in a future version of SymPy.
[36m(TaskRunner pid=3205517)[0m
[36m(TaskRunner pid=3205517)[0m <string>:1: SymPyDeprecationWarning:
[36m(TaskRunner pid=3205517)[0m
[36m(TaskRunner pid=3205517)[0m Using non-Expr arguments in Pow is deprecated (in this case, one of the
[36m(TaskRunner pid=3205517)[0m arguments is of type 'FiniteSet').
[36m(TaskRunner pid=3205517)[0m
[36m(TaskRunner pid=3205517)[0m If you really did intend to construct a power with this base, use the **
[36m(TaskRunner pid=3205517)[0m operator instead.
[36m(TaskRunner pid=3205517)[0m
[36m(TaskRunner pid=3205517)[0m See https://docs.sympy.org/latest/explanation/active-deprecations.html#non-expr-args-deprecated
[36m(TaskRunner pid=3205517)[0m for details.
[36m(TaskRunner pid=3205517)[0m
[36m(TaskRunner pid=3205517)[0m This has been deprecated since SymPy version 1.7. It
[36m(TaskRunner pid=3205517)[0m will be removed in a future version of SymPy.
[36m(TaskRunner pid=3205517)[0m
[36m(TaskRunner pid=3205517)[0m <string>:1: SymPyDeprecationWarning:
[36m(TaskRunner pid=3205517)[0m
[36m(TaskRunner pid=3205517)[0m Using non-Expr arguments in Pow is deprecated (in this case, one of the
[36m(TaskRunner pid=3205517)[0m arguments is of type 'FiniteSet').
[36m(TaskRunner pid=3205517)[0m
[36m(TaskRunner pid=3205517)[0m If you really did intend to construct a power with this base, use the **
[36m(TaskRunner pid=3205517)[0m operator instead.
[36m(TaskRunner pid=3205517)[0m
[36m(TaskRunner pid=3205517)[0m See https://docs.sympy.org/latest/explanation/active-deprecations.html#non-expr-args-deprecated
[36m(TaskRunner pid=3205517)[0m for details.
[36m(TaskRunner pid=3205517)[0m
[36m(TaskRunner pid=3205517)[0m This has been deprecated since SymPy version 1.7. It
[36m(TaskRunner pid=3205517)[0m will be removed in a future version of SymPy.
[36m(TaskRunner pid=3205517)[0m
[36m(TaskRunner pid=3205517)[0m <string>:1: SymPyDeprecationWarning:
[36m(TaskRunner pid=3205517)[0m
[36m(TaskRunner pid=3205517)[0m Using non-Expr arguments in Pow is deprecated (in this case, one of the
[36m(TaskRunner pid=3205517)[0m arguments is of type 'FiniteSet').
[36m(TaskRunner pid=3205517)[0m
[36m(TaskRunner pid=3205517)[0m If you really did intend to construct a power with this base, use the **
[36m(TaskRunner pid=3205517)[0m operator instead.
[36m(TaskRunner pid=3205517)[0m
[36m(TaskRunner pid=3205517)[0m See https://docs.sympy.org/latest/explanation/active-deprecations.html#non-expr-args-deprecated
[36m(TaskRunner pid=3205517)[0m for details.
[36m(TaskRunner pid=3205517)[0m
[36m(TaskRunner pid=3205517)[0m This has been deprecated since SymPy version 1.7. It
[36m(TaskRunner pid=3205517)[0m will be removed in a future version of SymPy.
[36m(TaskRunner pid=3205517)[0m
[36m(TaskRunner pid=3205517)[0m [Shutdown] 6 subprocess(es) terminated.
[36m(TaskRunner pid=3205517)[0m step:11 - chunk_state_source/selected_original_acc_mean:1.000 - chunk_state_source/prompt_original_pass:0.969 - chunk_state_source/prompt_original_mean:0.344 - chunk_state_source/selected_majority_consistent_mean:1.000 - chunk_state_source/prompt_majority_ratio_mean:0.362 - chunk_state_source/prompt_majority_pass:1.000 - chunk_state_source_chunk/enabled:1.000 - chunk_state_source_chunk/injected_ratio:1.000 - chunk_state_source_chunk/mean_len:128.000 - chunk_state_source_chunk/candidate_index:0.000 - chunk_state_support_anchor/enabled:1.000 - chunk_state_support_anchor/count:7.000 - chunk_state_support_anchor/candidate_start:1.000 - chunk_state_support_anchor/min_mass:0.031 - chunk_state_support_anchor/prefix_compat_enable:0.000 - chunk_state_support_anchor/prefix_compat_tokens:128.000 - chunk_state_support_anchor/min_prefix_match:0.750 - chunk_state_support_anchor/skip_source:1.000 - chunk_state_support_anchor/injected_ratio:0.982 - chunk_state_support_anchor/state_keep_ratio:1.000 - chunk_state_support_anchor/skipped_no_anchor_ratio:0.000 - chunk_state_support_anchor/skipped_by_compat_ratio:0.000 - chunk_state_support_anchor/skipped_source_ratio:0.031 - chunk_state_support_anchor/score_mean:0.171 - chunk_state_support_anchor/positive_candidate_ratio:0.859 - chunk_state_support_anchor/prefix_match_mean:1.000 - chunk_state_support_anchor/prefix_match_min:1.000 - chunk_state_support_anchor/anchor_mass_mean:0.199 - chunk_state_support_anchor/anchor_mass_max:0.750 - chunk_state_support_anchor/anchor_len_mean:113.718 - chunk_state_support_anchor/selected_rank_mean:2.955 - chunk_state_probe/skipped_for_support_flow:1.000 - chunk_state_support_flow/score_type_mass:0.000 - chunk_state_support_flow/score_type_soft_mass:1.000 - chunk_state_support_flow/score_type_gain:0.000 - chunk_state_support_flow/score_type_relative_gain:0.000 - chunk_state_support_flow/score_type_soft_relative_mass:0.000 - chunk_state_support_flow/gain_slack:0.000 - chunk_state_support_flow/baseline_scale:1.000 - chunk_state_support_flow/source_prior_weight:1.000 - chunk_state_support_flow/min_positive_margin:0.000 - chunk_state_support_flow/anchor_mass_mean:0.171 - chunk_state_support_flow/source_mass_mean:0.548 - chunk_state_support_flow/positive_margin_mean:-0.109 - chunk_state_support_flow/state_keep_ratio:1.000 - chunk_state_support_flow/score_mean:0.171 - chunk_state_support_flow/score_max_mean:0.439 - chunk_state_support_flow/label_consistent_ratio:0.859 - chunk_state_support_flow/raw_positive_ratio:0.171 - chunk_state_score/mode_majority_completion:0.000 - chunk_state_score/mode_answer_consensus:0.000 - chunk_state_score/mode_answer_distribution:0.000 - chunk_state_score/mode_answer_value_gain:0.000 - chunk_state_score/mode_answer_value_margin:0.000 - chunk_state_score/mode_answer_support_mass:0.000 - chunk_state_score/mode_future_support_gain:0.000 - chunk_state_score/mode_support_anchor:0.000 - chunk_state_score/mode_support_flow:1.000 - chunk_state_score/mode_answer_source_consistency:0.000 - chunk_state_diag/boundary_mean:736.000 - chunk_state_diag/boundary_min:256.000 - chunk_state_diag/boundary_max:1024.000 - chunk_state_diag/boundary_zero_ratio:0.000 - chunk_state_diag/skipped_short_sources:0.000 - chunk_state_diag/skipped_support_sources:22.000 - chunk_state_diag/majority_consistent_fallbacks:10.000 - chunk_state_diag/real_state_count:10.000 - chunk_state_diag/pad_state_count:6.000 - chunk_state_diag/loss_weight_mean:0.625 - chunk_state_diag/source_response_len_mean:2296.625 - chunk_state_diag/probe_score_std:0.229 - chunk_state_diag/state_probe_mean_max:0.262 - chunk_state_diag/state_probe_mean_min:0.029 - chunk_state_diag/state_all_positive_ratio:0.000 - chunk_state_diag/state_all_negative_ratio:0.000 - chunk_state_diag/state_mixed_ratio:1.000 - chunk_state_diag/source_majority_consistent_mean:1.000 - chunk_state_diag/source_prompt_majority_ratio_mean:0.473 - chunk_state_diag/source_answer_mass_mean:0.548 - chunk_state_diag/source_answer_mass_min:0.400 - chunk_state_diag/source_prompt_top_mass_mean:0.548 - chunk_state_diag/source_prompt_top_mass_min:0.400 - chunk_state_diag/source_pseudo_acc_mean:1.000 - chunk_state_diag/source_original_acc_mean:1.000 - chunk_state_diag/prompt_pseudo_mean:0.475 - chunk_state_diag/prompt_original_mean:0.475 - chunk_state_diag/prompt_original_pass:1.000 - chunk_state_diag/probe_mean_source_original_correct:0.171 - chunk_state_diag/probe_mean_source_original_wrong:0.000 - chunk_state_diag/source_original_correct_ratio:1.000 - chunk_state_diag/jsonl_rows:16.000 - chunk_state/num_states:16.000 - chunk_state/real_states:10.000 - chunk_state/pad_states:6.000 - chunk_state/num_candidates:128.000 - chunk_state/num_actor_samples:80.000 - chunk_state/loss_weight_mean:1.000 - chunk_state/base_loss_weight_mean:0.625 - chunk_state/zeroed_state_ratio:0.375 - chunk_state/confidence_gate_ratio:1.000 - chunk_state/confidence_weight_mean:1.000 - chunk_state/future_support_keep_ratio:1.000 - chunk_state/majority_ratio_mean:0.548 - chunk_state/answer_coverage_mean:0.859 - chunk_state/positive_ratio:0.171 - chunk_state/label_consistent_only:0.000 - chunk_state/zero_inconsistent_candidates:0.000 - chunk_state/prune_zero_weight_samples:1.000 - chunk_state/prune_padded_to_shards:0.000 - chunk_state/pruned_sample_ratio:0.375 - chunk_state/label_consistent_ratio:0.859 - chunk_state/informative_ratio:1.000 - chunk_state/kept_state_ratio:1.000 - chunk_state/target_entropy:1.384 - chunk_state/target_prior_mean:1.000 - chunk_state/target_prior_max:1.000 - chunk_state/weight_max:0.946 - chunk_state/weight_min:0.002 - chunk_state/powerflow_weight_clip:4.000 - chunk_state/powerflow_weight_clip_renorm:1.000 - chunk_state/powerflow_weight_before_clip_max:7.564 - chunk_state/powerflow_weight_before_clip_mean:1.000 - chunk_state/powerflow_weight_mean:0.998 - chunk_state/powerflow_weight_max:4.000 - chunk_state/powerflow_weight_min:0.018 - chunk_state/boxed_reward_mean:0.138 - chunk_state/boxed_reward_weighted_mean:0.325 - chunk_state/actor_batch_powerflow_weight_nonzero_ratio:1.000 - chunk_state/actor_batch_powerflow_weight_shard0_mean:1.199 - chunk_state/actor_batch_powerflow_weight_shard0_nonzero_ratio:1.000 - chunk_state/actor_batch_powerflow_weight_shard_mean_low:0.806 - chunk_state/actor_batch_powerflow_weight_shard_mean_high:1.199 - chunk_state/actor_batch_powerflow_weight_zero_shard_ratio:0.000 - chunk_state_actor_span/mode_chunk:1.000 - chunk_state_actor_span/response_len_mean:115.727 - chunk_state_actor_span/truncated_ratio:0.000 - actor/pg_loss:0.535 - actor/powerflow_loss:0.535 - actor/log_prob:-2.182 - actor/old_log_prob:0.000 - actor/ref_log_prob:-2.183 - actor/ref_log_prob/std:0.000 - actor/boxed_reward/mean:0.051 - actor/boxed_reward/min:0.000 - actor/boxed_reward/max:0.400 - actor/powerflow_weight/mean:1.199 - actor/powerflow_weight/min:0.031 - actor/powerflow_weight/max:4.000 - actor/powerflow_weight/nonzero_ratio:1.000 - actor/powerflow_local_batch_size:1.000 - actor/log_z:-1.479 - actor/importance_weight:0.820 - actor/powerflow_chunk_loss_target_only:0.000 - actor/ppo_kl:2.182 - actor/ref_kl:-0.001 - actor/beta_coef:4.000 - actor/cispo_mask_ratio:0.403 - actor/cispo_dropped_tokens:37.500 - actor/condition_1_count:0.000 - actor/condition_2_count:37.500 - actor/pg_clipfrac:0.000 - actor/pg_clipfrac_lower:0.000 - actor/grad_norm:14.322 - perf/mfu/actor:0.000 - perf/max_memory_allocated_gb:166.224 - perf/max_memory_reserved_gb:176.207 - perf/cpu_memory_used_gb:791.288 - actor/lr:0.000 - timing_s/generate_sequences:18.338 - timing_s/reshard:0.483 - timing_s/gen:24.370 - timing_s/chunk_state_make_states:0.019 - timing_s/chunk_state_chunks/generate_sequences:0.550 - timing_s/chunk_state_chunks/reshard:0.376 - timing_s/chunk_state_chunks:1.000 - timing_s/chunk_state_score:6.382 - timing_s/chunk_state_build_actor_batch:0.008 - timing_s/chunk_state_ref:1.189 - timing_s/update_actor:3.084 - timing_per_token_ms/gen:0.023 - timing_per_token_ms/update_actor:0.003
[36m(TaskRunner pid=3205517)[0m [Shutdown] 5 subprocess(es) terminated.
[36m(TaskRunner pid=3205517)[0m Training Progress:  60%|██████    | 12/20 [09:50<05:53, 44.19s/it]
[36m(TaskRunner pid=3205517)[0m <string>:1: SyntaxWarning: 'set' object is not callable; perhaps you missed a comma?
[36m(TaskRunner pid=3205517)[0m <string>:1: SymPyDeprecationWarning:
[36m(TaskRunner pid=3205517)[0m
[36m(TaskRunner pid=3205517)[0m Using non-Expr arguments in Pow is deprecated (in this case, one of the
[36m(TaskRunner pid=3205517)[0m arguments is of type 'FiniteSet').
[36m(TaskRunner pid=3205517)[0m
[36m(TaskRunner pid=3205517)[0m If you really did intend to construct a power with this base, use the **
[36m(TaskRunner pid=3205517)[0m operator instead.
[36m(TaskRunner pid=3205517)[0m
[36m(TaskRunner pid=3205517)[0m See https://docs.sympy.org/latest/explanation/active-deprecations.html#non-expr-args-deprecated
[36m(TaskRunner pid=3205517)[0m for details.
[36m(TaskRunner pid=3205517)[0m
[36m(TaskRunner pid=3205517)[0m This has been deprecated since SymPy version 1.7. It
[36m(TaskRunner pid=3205517)[0m will be removed in a future version of SymPy.
[36m(TaskRunner pid=3205517)[0m
[36m(TaskRunner pid=3205517)[0m <string>:1: SymPyDeprecationWarning:
[36m(TaskRunner pid=3205517)[0m
[36m(TaskRunner pid=3205517)[0m Using non-Expr arguments in Pow is deprecated (in this case, one of the
[36m(TaskRunner pid=3205517)[0m arguments is of type 'FiniteSet').
[36m(TaskRunner pid=3205517)[0m
[36m(TaskRunner pid=3205517)[0m If you really did intend to construct a power with this base, use the **
[36m(TaskRunner pid=3205517)[0m operator instead.
[36m(TaskRunner pid=3205517)[0m
[36m(TaskRunner pid=3205517)[0m See https://docs.sympy.org/latest/explanation/active-deprecations.html#non-expr-args-deprecated
[36m(TaskRunner pid=3205517)[0m for details.
[36m(TaskRunner pid=3205517)[0m
[36m(TaskRunner pid=3205517)[0m This has been deprecated since SymPy version 1.7. It
[36m(TaskRunner pid=3205517)[0m will be removed in a future version of SymPy.
[36m(TaskRunner pid=3205517)[0m
[36m(TaskRunner pid=3205517)[0m [Shutdown] 4 subprocess(es) terminated.
[36m(TaskRunner pid=3205517)[0m [Shutdown] 8 subprocess(es) terminated.
[36m(TaskRunner pid=3205517)[0m step:12 - chunk_state_source/selected_original_acc_mean:1.000 - chunk_state_source/prompt_original_pass:0.938 - chunk_state_source/prompt_original_mean:0.259 - chunk_state_source/selected_majority_consistent_mean:1.000 - chunk_state_source/prompt_majority_ratio_mean:0.278 - chunk_state_source/prompt_majority_pass:1.000 - chunk_state_source_chunk/enabled:1.000 - chunk_state_source_chunk/injected_ratio:1.000 - chunk_state_source_chunk/mean_len:128.000 - chunk_state_source_chunk/candidate_index:0.000 - chunk_state_support_anchor/enabled:1.000 - chunk_state_support_anchor/count:7.000 - chunk_state_support_anchor/candidate_start:1.000 - chunk_state_support_anchor/min_mass:0.031 - chunk_state_support_anchor/prefix_compat_enable:0.000 - chunk_state_support_anchor/prefix_compat_tokens:128.000 - chunk_state_support_anchor/min_prefix_match:0.750 - chunk_state_support_anchor/skip_source:1.000 - chunk_state_support_anchor/injected_ratio:1.000 - chunk_state_support_anchor/state_keep_ratio:1.000 - chunk_state_support_anchor/skipped_no_anchor_ratio:0.000 - chunk_state_support_anchor/skipped_by_compat_ratio:0.000 - chunk_state_support_anchor/skipped_source_ratio:0.031 - chunk_state_support_anchor/score_mean:0.260 - chunk_state_support_anchor/positive_candidate_ratio:0.875 - chunk_state_support_anchor/prefix_match_mean:1.000 - chunk_state_support_anchor/prefix_match_min:1.000 - chunk_state_support_anchor/anchor_mass_mean:0.297 - chunk_state_support_anchor/anchor_mass_max:0.839 - chunk_state_support_anchor/anchor_len_mean:116.946 - chunk_state_support_anchor/selected_rank_mean:3.000 - chunk_state_probe/skipped_for_support_flow:1.000 - chunk_state_support_flow/score_type_mass:0.000 - chunk_state_support_flow/score_type_soft_mass:1.000 - chunk_state_support_flow/score_type_gain:0.000 - chunk_state_support_flow/score_type_relative_gain:0.000 - chunk_state_support_flow/score_type_soft_relative_mass:0.000 - chunk_state_support_flow/gain_slack:0.000 - chunk_state_support_flow/baseline_scale:1.000 - chunk_state_support_flow/source_prior_weight:1.000 - chunk_state_support_flow/min_positive_margin:0.000 - chunk_state_support_flow/anchor_mass_mean:0.260 - chunk_state_support_flow/source_mass_mean:0.656 - chunk_state_support_flow/positive_margin_mean:-0.073 - chunk_state_support_flow/state_keep_ratio:1.000 - chunk_state_support_flow/score_mean:0.260 - chunk_state_support_flow/score_max_mean:0.583 - chunk_state_support_flow/label_consistent_ratio:0.875 - chunk_state_support_flow/raw_positive_ratio:0.260 - chunk_state_score/mode_majority_completion:0.000 - chunk_state_score/mode_answer_consensus:0.000 - chunk_state_score/mode_answer_distribution:0.000 - chunk_state_score/mode_answer_value_gain:0.000 - chunk_state_score/mode_answer_value_margin:0.000 - chunk_state_score/mode_answer_support_mass:0.000 - chunk_state_score/mode_future_support_gain:0.000 - chunk_state_score/mode_support_anchor:0.000 - chunk_state_score/mode_support_flow:1.000 - chunk_state_score/mode_answer_source_consistency:0.000 - chunk_state_diag/boundary_mean:672.000 - chunk_state_diag/boundary_min:512.000 - chunk_state_diag/boundary_max:768.000 - chunk_state_diag/boundary_zero_ratio:0.000 - chunk_state_diag/skipped_short_sources:0.000 - chunk_state_diag/skipped_support_sources:27.000 - chunk_state_diag/majority_consistent_fallbacks:5.000 - chunk_state_diag/real_state_count:5.000 - chunk_state_diag/pad_state_count:3.000 - chunk_state_diag/loss_weight_mean:0.625 - chunk_state_diag/source_response_len_mean:1539.875 - chunk_state_diag/probe_score_std:0.323 - chunk_state_diag/state_probe_mean_max:0.633 - chunk_state_diag/state_probe_mean_min:0.034 - chunk_state_diag/state_all_positive_ratio:0.000 - chunk_state_diag/state_all_negative_ratio:0.000 - chunk_state_diag/state_mixed_ratio:1.000 - chunk_state_diag/source_majority_consistent_mean:1.000 - chunk_state_diag/source_prompt_majority_ratio_mean:0.605 - chunk_state_diag/source_answer_mass_mean:0.656 - chunk_state_diag/source_answer_mass_min:0.444 - chunk_state_diag/source_prompt_top_mass_mean:0.656 - chunk_state_diag/source_prompt_top_mass_min:0.444 - chunk_state_diag/source_pseudo_acc_mean:1.000 - chunk_state_diag/source_original_acc_mean:1.000 - chunk_state_diag/prompt_pseudo_mean:0.613 - chunk_state_diag/prompt_original_mean:0.613 - chunk_state_diag/prompt_original_pass:1.000 - chunk_state_diag/probe_mean_source_original_correct:0.260 - chunk_state_diag/probe_mean_source_original_wrong:0.000 - chunk_state_diag/source_original_correct_ratio:1.000 - chunk_state_diag/jsonl_rows:8.000 - chunk_state/num_states:8.000 - chunk_state/real_states:5.000 - chunk_state/pad_states:3.000 - chunk_state/num_candidates:64.000 - chunk_state/num_actor_samples:40.000 - chunk_state/loss_weight_mean:1.000 - chunk_state/base_loss_weight_mean:0.625 - chunk_state/zeroed_state_ratio:0.375 - chunk_state/confidence_gate_ratio:1.000 - chunk_state/confidence_weight_mean:1.000 - chunk_state/future_support_keep_ratio:1.000 - chunk_state/majority_ratio_mean:0.656 - chunk_state/answer_coverage_mean:0.875 - chunk_state/positive_ratio:0.260 - chunk_state/label_consistent_only:0.000 - chunk_state/zero_inconsistent_candidates:0.000 - chunk_state/prune_zero_weight_samples:1.000 - chunk_state/prune_padded_to_shards:0.000 - chunk_state/pruned_sample_ratio:0.375 - chunk_state/label_consistent_ratio:0.875 - chunk_state/informative_ratio:1.000 - chunk_state/kept_state_ratio:1.000 - chunk_state/target_entropy:1.215 - chunk_state/target_prior_mean:1.000 - chunk_state/target_prior_max:1.000 - chunk_state/weight_max:0.905 - chunk_state/weight_min:0.001 - chunk_state/powerflow_weight_clip:4.000 - chunk_state/powerflow_weight_clip_renorm:1.000 - chunk_state/powerflow_weight_before_clip_max:7.238 - chunk_state/powerflow_weight_before_clip_mean:1.000 - chunk_state/powerflow_weight_mean:0.990 - chunk_state/powerflow_weight_max:4.000 - chunk_state/powerflow_weight_min:0.005 - chunk_state/boxed_reward_mean:0.364 - chunk_state/boxed_reward_weighted_mean:0.635 - chunk_state/actor_batch_powerflow_weight_nonzero_ratio:1.000 - chunk_state/actor_batch_powerflow_weight_shard0_mean:1.371 - chunk_state/actor_batch_powerflow_weight_shard0_nonzero_ratio:1.000 - chunk_state/actor_batch_powerflow_weight_shard_mean_low:0.572 - chunk_state/actor_batch_powerflow_weight_shard_mean_high:1.371 - chunk_state/actor_batch_powerflow_weight_zero_shard_ratio:0.000 - chunk_state_actor_span/mode_chunk:1.000 - chunk_state_actor_span/response_len_mean:118.328 - chunk_state_actor_span/truncated_ratio:0.000 - actor/pg_loss:0.262 - actor/powerflow_loss:0.262 - actor/log_prob:-1.353 - actor/old_log_prob:0.000 - actor/ref_log_prob:-1.351 - actor/ref_log_prob/std:0.000 - actor/boxed_reward/mean:0.444 - actor/boxed_reward/min:0.000 - actor/boxed_reward/max:0.839 - actor/powerflow_weight/mean:1.371 - actor/powerflow_weight/min:0.040 - actor/powerflow_weight/max:4.000 - actor/powerflow_weight/nonzero_ratio:1.000 - actor/powerflow_local_batch_size:1.000 - actor/log_z:-0.907 - actor/importance_weight:0.802 - actor/powerflow_chunk_loss_target_only:0.000 - actor/ppo_kl:1.353 - actor/ref_kl:0.002 - actor/beta_coef:4.000 - actor/cispo_mask_ratio:0.367 - actor/cispo_dropped_tokens:35.000 - actor/condition_1_count:0.000 - actor/condition_2_count:35.000 - actor/pg_clipfrac:0.000 - actor/pg_clipfrac_lower:0.000 - actor/grad_norm:6.943 - perf/mfu/actor:0.000 - perf/max_memory_allocated_gb:166.224 - perf/max_memory_reserved_gb:176.207 - perf/cpu_memory_used_gb:790.746 - actor/lr:0.000 - timing_s/generate_sequences:17.755 - timing_s/reshard:0.468 - timing_s/gen:22.187 - timing_s/chunk_state_make_states:0.019 - timing_s/chunk_state_chunks/generate_sequences:0.532 - timing_s/chunk_state_chunks/reshard:0.415 - timing_s/chunk_state_chunks:0.994 - timing_s/chunk_state_score:5.981 - timing_s/chunk_state_build_actor_batch:0.006 - timing_s/chunk_state_ref:0.590 - timing_s/update_actor:1.493 - timing_per_token_ms/gen:0.022 - timing_per_token_ms/update_actor:0.001
[36m(TaskRunner pid=3205517)[0m <string>:1: SyntaxWarning: 'set' object is not callable; perhaps you missed a comma?
[36m(TaskRunner pid=3205517)[0m <string>:1: SymPyDeprecationWarning:
[36m(TaskRunner pid=3205517)[0m
[36m(TaskRunner pid=3205517)[0m Using non-Expr arguments in Pow is deprecated (in this case, one of the
[36m(TaskRunner pid=3205517)[0m arguments is of type 'FiniteSet').
[36m(TaskRunner pid=3205517)[0m
[36m(TaskRunner pid=3205517)[0m If you really did intend to construct a power with this base, use the **
[36m(TaskRunner pid=3205517)[0m operator instead.
[36m(TaskRunner pid=3205517)[0m
[36m(TaskRunner pid=3205517)[0m See https://docs.sympy.org/latest/explanation/active-deprecations.html#non-expr-args-deprecated
[36m(TaskRunner pid=3205517)[0m for details.
[36m(TaskRunner pid=3205517)[0m
[36m(TaskRunner pid=3205517)[0m This has been deprecated since SymPy version 1.7. It
[36m(TaskRunner pid=3205517)[0m will be removed in a future version of SymPy.
[36m(TaskRunner pid=3205517)[0m
[36m(TaskRunner pid=3205517)[0m <string>:1: SymPyDeprecationWarning:
[36m(TaskRunner pid=3205517)[0m
[36m(TaskRunner pid=3205517)[0m Using non-Expr arguments in Pow is deprecated (in this case, one of the
[36m(TaskRunner pid=3205517)[0m arguments is of type 'FiniteSet').
[36m(TaskRunner pid=3205517)[0m
[36m(TaskRunner pid=3205517)[0m If you really did intend to construct a power with this base, use the **
[36m(TaskRunner pid=3205517)[0m operator instead.
[36m(TaskRunner pid=3205517)[0m
[36m(TaskRunner pid=3205517)[0m See https://docs.sympy.org/latest/explanation/active-deprecations.html#non-expr-args-deprecated
[36m(TaskRunner pid=3205517)[0m for details.
[36m(TaskRunner pid=3205517)[0m
[36m(TaskRunner pid=3205517)[0m This has been deprecated since SymPy version 1.7. It
[36m(TaskRunner pid=3205517)[0m will be removed in a future version of SymPy.
[36m(TaskRunner pid=3205517)[0m
[36m(TaskRunner pid=3205517)[0m <string>:1: SyntaxWarning: 'set' object is not callable; perhaps you missed a comma?
[36m(TaskRunner pid=3205517)[0m <string>:1: SymPyDeprecationWarning:
[36m(TaskRunner pid=3205517)[0m
[36m(TaskRunner pid=3205517)[0m Using non-Expr arguments in Pow is deprecated (in this case, one of the
[36m(TaskRunner pid=3205517)[0m arguments is of type 'FiniteSet').
[36m(TaskRunner pid=3205517)[0m
[36m(TaskRunner pid=3205517)[0m If you really did intend to construct a power with this base, use the **
[36m(TaskRunner pid=3205517)[0m operator instead.
[36m(TaskRunner pid=3205517)[0m
[36m(TaskRunner pid=3205517)[0m See https://docs.sympy.org/latest/explanation/active-deprecations.html#non-expr-args-deprecated
[36m(TaskRunner pid=3205517)[0m for details.
[36m(TaskRunner pid=3205517)[0m
[36m(TaskRunner pid=3205517)[0m This has been deprecated since SymPy version 1.7. It
[36m(TaskRunner pid=3205517)[0m will be removed in a future version of SymPy.
[36m(TaskRunner pid=3205517)[0m
[36m(TaskRunner pid=3205517)[0m <string>:1: SymPyDeprecationWarning:
[36m(TaskRunner pid=3205517)[0m
[36m(TaskRunner pid=3205517)[0m Using non-Expr arguments in Pow is deprecated (in this case, one of the
[36m(TaskRunner pid=3205517)[0m arguments is of type 'FiniteSet').
[36m(TaskRunner pid=3205517)[0m
[36m(TaskRunner pid=3205517)[0m If you really did intend to construct a power with this base, use the **
[36m(TaskRunner pid=3205517)[0m operator instead.
[36m(TaskRunner pid=3205517)[0m
[36m(TaskRunner pid=3205517)[0m See https://docs.sympy.org/latest/explanation/active-deprecations.html#non-expr-args-deprecated
[36m(TaskRunner pid=3205517)[0m for details.
[36m(TaskRunner pid=3205517)[0m
[36m(TaskRunner pid=3205517)[0m This has been deprecated since SymPy version 1.7. It
[36m(TaskRunner pid=3205517)[0m will be removed in a future version of SymPy.
[36m(TaskRunner pid=3205517)[0m
[36m(TaskRunner pid=3205517)[0m <string>:1: SyntaxWarning: 'set' object is not callable; perhaps you missed a comma?
[36m(TaskRunner pid=3205517)[0m <string>:1: SymPyDeprecationWarning:
[36m(TaskRunner pid=3205517)[0m
[36m(TaskRunner pid=3205517)[0m Using non-Expr arguments in Pow is deprecated (in this case, one of the
[36m(TaskRunner pid=3205517)[0m arguments is of type 'FiniteSet').
[36m(TaskRunner pid=3205517)[0m
[36m(TaskRunner pid=3205517)[0m If you really did intend to construct a power with this base, use the **
[36m(TaskRunner pid=3205517)[0m operator instead.
[36m(TaskRunner pid=3205517)[0m
[36m(TaskRunner pid=3205517)[0m See https://docs.sympy.org/latest/explanation/active-deprecations.html#non-expr-args-deprecated
[36m(TaskRunner pid=3205517)[0m for details.
[36m(TaskRunner pid=3205517)[0m
[36m(TaskRunner pid=3205517)[0m This has been deprecated since SymPy version 1.7. It
[36m(TaskRunner pid=3205517)[0m will be removed in a future version of SymPy.
[36m(TaskRunner pid=3205517)[0m
[36m(TaskRunner pid=3205517)[0m <string>:1: SymPyDeprecationWarning:
[36m(TaskRunner pid=3205517)[0m
[36m(TaskRunner pid=3205517)[0m Using non-Expr arguments in Pow is deprecated (in this case, one of the
[36m(TaskRunner pid=3205517)[0m arguments is of type 'FiniteSet').
[36m(TaskRunner pid=3205517)[0m
[36m(TaskRunner pid=3205517)[0m If you really did intend to construct a power with this base, use the **
[36m(TaskRunner pid=3205517)[0m operator instead.
[36m(TaskRunner pid=3205517)[0m
[36m(TaskRunner pid=3205517)[0m See https://docs.sympy.org/latest/explanation/active-deprecations.html#non-expr-args-deprecated
[36m(TaskRunner pid=3205517)[0m for details.
[36m(TaskRunner pid=3205517)[0m
[36m(TaskRunner pid=3205517)[0m This has been deprecated since SymPy version 1.7. It
[36m(TaskRunner pid=3205517)[0m will be removed in a future version of SymPy.
[36m(TaskRunner pid=3205517)[0m
[36m(TaskRunner pid=3205517)[0m Training Progress:  65%|██████▌   | 13/20 [10:32<05:04, 43.53s/it]
[36m(TaskRunner pid=3205517)[0m <string>:1: SymPyDeprecationWarning:
[36m(TaskRunner pid=3205517)[0m
[36m(TaskRunner pid=3205517)[0m Using non-Expr arguments in Pow is deprecated (in this case, one of the
[36m(TaskRunner pid=3205517)[0m arguments is of type 'FiniteSet').
[36m(TaskRunner pid=3205517)[0m
[36m(TaskRunner pid=3205517)[0m If you really did intend to construct a power with this base, use the **
[36m(TaskRunner pid=3205517)[0m operator instead.
[36m(TaskRunner pid=3205517)[0m
[36m(TaskRunner pid=3205517)[0m See https://docs.sympy.org/latest/explanation/active-deprecations.html#non-expr-args-deprecated
[36m(TaskRunner pid=3205517)[0m for details.
[36m(TaskRunner pid=3205517)[0m
[36m(TaskRunner pid=3205517)[0m This has been deprecated since SymPy version 1.7. It
[36m(TaskRunner pid=3205517)[0m will be removed in a future version of SymPy.
[36m(TaskRunner pid=3205517)[0m
[36m(TaskRunner pid=3205517)[0m <string>:1: SymPyDeprecationWarning:
[36m(TaskRunner pid=3205517)[0m
[36m(TaskRunner pid=3205517)[0m Using non-Expr arguments in Pow is deprecated (in this case, one of the
[36m(TaskRunner pid=3205517)[0m arguments is of type 'FiniteSet').
[36m(TaskRunner pid=3205517)[0m
[36m(TaskRunner pid=3205517)[0m If you really did intend to construct a power with this base, use the **
[36m(TaskRunner pid=3205517)[0m operator instead.
[36m(TaskRunner pid=3205517)[0m
[36m(TaskRunner pid=3205517)[0m See https://docs.sympy.org/latest/explanation/active-deprecations.html#non-expr-args-deprecated
[36m(TaskRunner pid=3205517)[0m for details.
[36m(TaskRunner pid=3205517)[0m
[36m(TaskRunner pid=3205517)[0m This has been deprecated since SymPy version 1.7. It
[36m(TaskRunner pid=3205517)[0m will be removed in a future version of SymPy.
[36m(TaskRunner pid=3205517)[0m
[36m(TaskRunner pid=3205517)[0m <string>:1: SymPyDeprecationWarning:
[36m(TaskRunner pid=3205517)[0m
[36m(TaskRunner pid=3205517)[0m Using non-Expr arguments in Pow is deprecated (in this case, one of the
[36m(TaskRunner pid=3205517)[0m arguments is of type 'FiniteSet').
[36m(TaskRunner pid=3205517)[0m
[36m(TaskRunner pid=3205517)[0m If you really did intend to construct a power with this base, use the **
[36m(TaskRunner pid=3205517)[0m operator instead.
[36m(TaskRunner pid=3205517)[0m
[36m(TaskRunner pid=3205517)[0m See https://docs.sympy.org/latest/explanation/active-deprecations.html#non-expr-args-deprecated
[36m(TaskRunner pid=3205517)[0m for details.
[36m(TaskRunner pid=3205517)[0m
[36m(TaskRunner pid=3205517)[0m This has been deprecated since SymPy version 1.7. It
[36m(TaskRunner pid=3205517)[0m will be removed in a future version of SymPy.
[36m(TaskRunner pid=3205517)[0m
[36m(TaskRunner pid=3205517)[0m <string>:1: SymPyDeprecationWarning:
[36m(TaskRunner pid=3205517)[0m
[36m(TaskRunner pid=3205517)[0m Using non-Expr arguments in Pow is deprecated (in this case, one of the
[36m(TaskRunner pid=3205517)[0m arguments is of type 'FiniteSet').
[36m(TaskRunner pid=3205517)[0m
[36m(TaskRunner pid=3205517)[0m If you really did intend to construct a power with this base, use the **
[36m(TaskRunner pid=3205517)[0m operator instead.
[36m(TaskRunner pid=3205517)[0m
[36m(TaskRunner pid=3205517)[0m See https://docs.sympy.org/latest/explanation/active-deprecations.html#non-expr-args-deprecated
[36m(TaskRunner pid=3205517)[0m for details.
[36m(TaskRunner pid=3205517)[0m
[36m(TaskRunner pid=3205517)[0m This has been deprecated since SymPy version 1.7. It
[36m(TaskRunner pid=3205517)[0m will be removed in a future version of SymPy.
[36m(TaskRunner pid=3205517)[0m
[36m(TaskRunner pid=3205517)[0m <string>:1: SymPyDeprecationWarning:
[36m(TaskRunner pid=3205517)[0m
[36m(TaskRunner pid=3205517)[0m Using non-Expr arguments in Pow is deprecated (in this case, one of the
[36m(TaskRunner pid=3205517)[0m arguments is of type 'FiniteSet').
[36m(TaskRunner pid=3205517)[0m
[36m(TaskRunner pid=3205517)[0m If you really did intend to construct a power with this base, use the **
[36m(TaskRunner pid=3205517)[0m operator instead.
[36m(TaskRunner pid=3205517)[0m
[36m(TaskRunner pid=3205517)[0m See https://docs.sympy.org/latest/explanation/active-deprecations.html#non-expr-args-deprecated
[36m(TaskRunner pid=3205517)[0m for details.
[36m(TaskRunner pid=3205517)[0m
[36m(TaskRunner pid=3205517)[0m This has been deprecated since SymPy version 1.7. It
[36m(TaskRunner pid=3205517)[0m will be removed in a future version of SymPy.
[36m(TaskRunner pid=3205517)[0m
[36m(TaskRunner pid=3205517)[0m <string>:1: SymPyDeprecationWarning:
[36m(TaskRunner pid=3205517)[0m
[36m(TaskRunner pid=3205517)[0m Using non-Expr arguments in Pow is deprecated (in this case, one of the
[36m(TaskRunner pid=3205517)[0m arguments is of type 'FiniteSet').
[36m(TaskRunner pid=3205517)[0m
[36m(TaskRunner pid=3205517)[0m If you really did intend to construct a power with this base, use the **
[36m(TaskRunner pid=3205517)[0m operator instead.
[36m(TaskRunner pid=3205517)[0m
[36m(TaskRunner pid=3205517)[0m See https://docs.sympy.org/latest/explanation/active-deprecations.html#non-expr-args-deprecated
[36m(TaskRunner pid=3205517)[0m for details.
[36m(TaskRunner pid=3205517)[0m
[36m(TaskRunner pid=3205517)[0m This has been deprecated since SymPy version 1.7. It
[36m(TaskRunner pid=3205517)[0m will be removed in a future version of SymPy.
[36m(TaskRunner pid=3205517)[0m
[36m(TaskRunner pid=3205517)[0m <string>:1: SymPyDeprecationWarning:
[36m(TaskRunner pid=3205517)[0m
[36m(TaskRunner pid=3205517)[0m Using non-Expr arguments in Pow is deprecated (in this case, one of the
[36m(TaskRunner pid=3205517)[0m arguments is of type 'FiniteSet').
[36m(TaskRunner pid=3205517)[0m
[36m(TaskRunner pid=3205517)[0m If you really did intend to construct a power with this base, use the **
[36m(TaskRunner pid=3205517)[0m operator instead.
[36m(TaskRunner pid=3205517)[0m
[36m(TaskRunner pid=3205517)[0m See https://docs.sympy.org/latest/explanation/active-deprecations.html#non-expr-args-deprecated
[36m(TaskRunner pid=3205517)[0m for details.
[36m(TaskRunner pid=3205517)[0m
[36m(TaskRunner pid=3205517)[0m This has been deprecated since SymPy version 1.7. It
[36m(TaskRunner pid=3205517)[0m will be removed in a future version of SymPy.
[36m(TaskRunner pid=3205517)[0m
[36m(TaskRunner pid=3205517)[0m [Shutdown] 2 subprocess(es) terminated.
[36m(TaskRunner pid=3205517)[0m [Shutdown] 4 subprocess(es) terminated.
[36m(TaskRunner pid=3205517)[0m [Shutdown] 2 subprocess(es) terminated.
[36m(TaskRunner pid=3205517)[0m step:13 - chunk_state_source/selected_original_acc_mean:1.000 - chunk_state_source/prompt_original_pass:0.906 - chunk_state_source/prompt_original_mean:0.330 - chunk_state_source/selected_majority_consistent_mean:1.000 - chunk_state_source/prompt_majority_ratio_mean:0.348 - chunk_state_source/prompt_majority_pass:1.000 - chunk_state_source_chunk/enabled:1.000 - chunk_state_source_chunk/injected_ratio:1.000 - chunk_state_source_chunk/mean_len:128.000 - chunk_state_source_chunk/candidate_index:0.000 - chunk_state_support_anchor/enabled:1.000 - chunk_state_support_anchor/count:7.000 - chunk_state_support_anchor/candidate_start:1.000 - chunk_state_support_anchor/min_mass:0.031 - chunk_state_support_anchor/prefix_compat_enable:0.000 - chunk_state_support_anchor/prefix_compat_tokens:128.000 - chunk_state_support_anchor/min_prefix_match:0.750 - chunk_state_support_anchor/skip_source:1.000 - chunk_state_support_anchor/injected_ratio:0.929 - chunk_state_support_anchor/state_keep_ratio:1.000 - chunk_state_support_anchor/skipped_no_anchor_ratio:0.000 - chunk_state_support_anchor/skipped_by_compat_ratio:0.000 - chunk_state_support_anchor/skipped_source_ratio:0.031 - chunk_state_support_anchor/score_mean:0.265 - chunk_state_support_anchor/positive_candidate_ratio:0.812 - chunk_state_support_anchor/prefix_match_mean:1.000 - chunk_state_support_anchor/prefix_match_min:1.000 - chunk_state_support_anchor/anchor_mass_mean:0.326 - chunk_state_support_anchor/anchor_mass_max:0.742 - chunk_state_support_anchor/anchor_len_mean:113.519 - chunk_state_support_anchor/selected_rank_mean:2.885 - chunk_state_probe/skipped_for_support_flow:1.000 - chunk_state_support_flow/score_type_mass:0.000 - chunk_state_support_flow/score_type_soft_mass:1.000 - chunk_state_support_flow/score_type_gain:0.000 - chunk_state_support_flow/score_type_relative_gain:0.000 - chunk_state_support_flow/score_type_soft_relative_mass:0.000 - chunk_state_support_flow/gain_slack:0.000 - chunk_state_support_flow/baseline_scale:1.000 - chunk_state_support_flow/source_prior_weight:1.000 - chunk_state_support_flow/min_positive_margin:0.000 - chunk_state_support_flow/anchor_mass_mean:0.265 - chunk_state_support_flow/source_mass_mean:0.671 - chunk_state_support_flow/positive_margin_mean:-0.239 - chunk_state_support_flow/state_keep_ratio:1.000 - chunk_state_support_flow/score_mean:0.265 - chunk_state_support_flow/score_max_mean:0.432 - chunk_state_support_flow/label_consistent_ratio:0.812 - chunk_state_support_flow/raw_positive_ratio:0.265 - chunk_state_score/mode_majority_completion:0.000 - chunk_state_score/mode_answer_consensus:0.000 - chunk_state_score/mode_answer_distribution:0.000 - chunk_state_score/mode_answer_value_gain:0.000 - chunk_state_score/mode_answer_value_margin:0.000 - chunk_state_score/mode_answer_support_mass:0.000 - chunk_state_score/mode_future_support_gain:0.000 - chunk_state_score/mode_support_anchor:0.000 - chunk_state_score/mode_support_flow:1.000 - chunk_state_score/mode_answer_source_consistency:0.000 - chunk_state_diag/boundary_mean:768.000 - chunk_state_diag/boundary_min:512.000 - chunk_state_diag/boundary_max:1024.000 - chunk_state_diag/boundary_zero_ratio:0.000 - chunk_state_diag/skipped_short_sources:0.000 - chunk_state_diag/skipped_support_sources:24.000 - chunk_state_diag/majority_consistent_fallbacks:9.000 - chunk_state_diag/real_state_count:8.000 - chunk_state_diag/pad_state_count:0.000 - chunk_state_diag/loss_weight_mean:1.000 - chunk_state_diag/source_response_len_mean:1878.125 - chunk_state_diag/probe_score_std:0.313 - chunk_state_diag/state_probe_mean_max:0.649 - chunk_state_diag/state_probe_mean_min:0.014 - chunk_state_diag/state_all_positive_ratio:0.000 - chunk_state_diag/state_all_negative_ratio:0.000 - chunk_state_diag/state_mixed_ratio:1.000 - chunk_state_diag/source_majority_consistent_mean:1.000 - chunk_state_diag/source_prompt_majority_ratio_mean:0.586 - chunk_state_diag/source_answer_mass_mean:0.671 - chunk_state_diag/source_answer_mass_min:0.571 - chunk_state_diag/source_prompt_top_mass_mean:0.671 - chunk_state_diag/source_prompt_top_mass_min:0.571 - chunk_state_diag/source_pseudo_acc_mean:0.750 - chunk_state_diag/source_original_acc_mean:1.000 - chunk_state_diag/prompt_pseudo_mean:0.410 - chunk_state_diag/prompt_original_mean:0.586 - chunk_state_diag/prompt_original_pass:1.000 - chunk_state_diag/probe_mean_source_original_correct:0.265 - chunk_state_diag/probe_mean_source_original_wrong:0.000 - chunk_state_diag/source_original_correct_ratio:1.000 - chunk_state_diag/jsonl_rows:8.000 - chunk_state/num_states:8.000 - chunk_state/real_states:8.000 - chunk_state/pad_states:0.000 - chunk_state/num_candidates:64.000 - chunk_state/num_actor_samples:64.000 - chunk_state/loss_weight_mean:1.000 - chunk_state/base_loss_weight_mean:1.000 - chunk_state/zeroed_state_ratio:0.000 - chunk_state/confidence_gate_ratio:1.000 - chunk_state/confidence_weight_mean:1.000 - chunk_state/future_support_keep_ratio:1.000 - chunk_state/majority_ratio_mean:0.671 - chunk_state/answer_coverage_mean:0.812 - chunk_state/positive_ratio:0.265 - chunk_state/label_consistent_only:0.000 - chunk_state/zero_inconsistent_candidates:0.000 - chunk_state/prune_zero_weight_samples:1.000 - chunk_state/prune_padded_to_shards:0.000 - chunk_state/pruned_sample_ratio:0.000 - chunk_state/label_consistent_ratio:0.812 - chunk_state/informative_ratio:1.000 - chunk_state/kept_state_ratio:1.000 - chunk_state/target_entropy:1.657 - chunk_state/target_prior_mean:1.000 - chunk_state/target_prior_max:1.000 - chunk_state/weight_max:0.877 - chunk_state/weight_min:0.001 - chunk_state/powerflow_weight_clip:4.000 - chunk_state/powerflow_weight_clip_renorm:1.000 - chunk_state/powerflow_weight_before_clip_max:7.019 - chunk_state/powerflow_weight_before_clip_mean:1.000 - chunk_state/powerflow_weight_mean:0.997 - chunk_state/powerflow_weight_max:4.000 - chunk_state/powerflow_weight_min:0.005 - chunk_state/boxed_reward_mean:0.265 - chunk_state/boxed_reward_weighted_mean:0.406 - chunk_state/actor_batch_powerflow_weight_nonzero_ratio:1.000 - chunk_state/actor_batch_powerflow_weight_shard0_mean:1.217 - chunk_state/actor_batch_powerflow_weight_shard0_nonzero_ratio:1.000 - chunk_state/actor_batch_powerflow_weight_shard_mean_low:0.831 - chunk_state/actor_batch_powerflow_weight_shard_mean_high:1.217 - chunk_state/actor_batch_powerflow_weight_zero_shard_ratio:0.000 - chunk_state_actor_span/mode_chunk:1.000 - chunk_state_actor_span/response_len_mean:116.234 - chunk_state_actor_span/truncated_ratio:0.000 - actor/pg_loss:0.906 - actor/powerflow_loss:0.906 - actor/log_prob:-0.825 - actor/old_log_prob:0.000 - actor/ref_log_prob:-0.826 - actor/ref_log_prob/std:0.000 - actor/boxed_reward/mean:0.340 - actor/boxed_reward/min:0.000 - actor/boxed_reward/max:0.742 - actor/powerflow_weight/mean:1.217 - actor/powerflow_weight/min:0.048 - actor/powerflow_weight/max:4.000 - actor/powerflow_weight/nonzero_ratio:1.000 - actor/powerflow_local_batch_size:1.000 - actor/log_z:-1.548 - actor/importance_weight:0.815 - actor/powerflow_chunk_loss_target_only:0.000 - actor/ppo_kl:0.825 - actor/ref_kl:-0.001 - actor/beta_coef:4.000 - actor/cispo_mask_ratio:0.306 - actor/cispo_dropped_tokens:39.125 - actor/condition_1_count:0.000 - actor/condition_2_count:39.125 - actor/pg_clipfrac:0.000 - actor/pg_clipfrac_lower:0.000 - actor/grad_norm:8.714 - perf/mfu/actor:0.000 - perf/max_memory_allocated_gb:166.224 - perf/max_memory_reserved_gb:176.207 - perf/cpu_memory_used_gb:790.920 - actor/lr:0.000 - timing_s/generate_sequences:17.857 - timing_s/reshard:0.496 - timing_s/gen:22.008 - timing_s/chunk_state_make_states:0.018 - timing_s/chunk_state_chunks/generate_sequences:0.530 - timing_s/chunk_state_chunks/reshard:0.351 - timing_s/chunk_state_chunks:0.920 - timing_s/chunk_state_score:5.981 - timing_s/chunk_state_build_actor_batch:0.007 - timing_s/chunk_state_ref:0.968 - timing_s/update_actor:2.501 - timing_per_token_ms/gen:0.021 - timing_per_token_ms/update_actor:0.002
[36m(TaskRunner pid=3205517)[0m [Shutdown] 3 subprocess(es) terminated.
[36m(TaskRunner pid=3205517)[0m [Shutdown] 67 subprocess(es) terminated.
[36m(TaskRunner pid=3205517)[0m Training Progress:  70%|███████   | 14/20 [11:17<04:23, 43.97s/it]
[36m(TaskRunner pid=3205517)[0m <string>:1: SymPyDeprecationWarning:
[36m(TaskRunner pid=3205517)[0m
[36m(TaskRunner pid=3205517)[0m Using non-Expr arguments in Pow is deprecated (in this case, one of the
[36m(TaskRunner pid=3205517)[0m arguments is of type 'FiniteSet').
[36m(TaskRunner pid=3205517)[0m
[36m(TaskRunner pid=3205517)[0m If you really did intend to construct a power with this base, use the **
[36m(TaskRunner pid=3205517)[0m operator instead.
[36m(TaskRunner pid=3205517)[0m
[36m(TaskRunner pid=3205517)[0m See https://docs.sympy.org/latest/explanation/active-deprecations.html#non-expr-args-deprecated
[36m(TaskRunner pid=3205517)[0m for details.
[36m(TaskRunner pid=3205517)[0m
[36m(TaskRunner pid=3205517)[0m This has been deprecated since SymPy version 1.7. It
[36m(TaskRunner pid=3205517)[0m will be removed in a future version of SymPy.
[36m(TaskRunner pid=3205517)[0m
[36m(TaskRunner pid=3205517)[0m <string>:1: SymPyDeprecationWarning:
[36m(TaskRunner pid=3205517)[0m
[36m(TaskRunner pid=3205517)[0m Using non-Expr arguments in Pow is deprecated (in this case, one of the
[36m(TaskRunner pid=3205517)[0m arguments is of type 'FiniteSet').
[36m(TaskRunner pid=3205517)[0m
[36m(TaskRunner pid=3205517)[0m If you really did intend to construct a power with this base, use the **
[36m(TaskRunner pid=3205517)[0m operator instead.
[36m(TaskRunner pid=3205517)[0m
[36m(TaskRunner pid=3205517)[0m See https://docs.sympy.org/latest/explanation/active-deprecations.html#non-expr-args-deprecated
[36m(TaskRunner pid=3205517)[0m for details.
[36m(TaskRunner pid=3205517)[0m
[36m(TaskRunner pid=3205517)[0m This has been deprecated since SymPy version 1.7. It
[36m(TaskRunner pid=3205517)[0m will be removed in a future version of SymPy.
[36m(TaskRunner pid=3205517)[0m
[36m(TaskRunner pid=3205517)[0m <string>:1: SymPyDeprecationWarning:
[36m(TaskRunner pid=3205517)[0m
[36m(TaskRunner pid=3205517)[0m Using non-Expr arguments in Pow is deprecated (in this case, one of the
[36m(TaskRunner pid=3205517)[0m arguments is of type 'FiniteSet').
[36m(TaskRunner pid=3205517)[0m
[36m(TaskRunner pid=3205517)[0m If you really did intend to construct a power with this base, use the **
[36m(TaskRunner pid=3205517)[0m operator instead.
[36m(TaskRunner pid=3205517)[0m
[36m(TaskRunner pid=3205517)[0m See https://docs.sympy.org/latest/explanation/active-deprecations.html#non-expr-args-deprecated
[36m(TaskRunner pid=3205517)[0m for details.
[36m(TaskRunner pid=3205517)[0m
[36m(TaskRunner pid=3205517)[0m This has been deprecated since SymPy version 1.7. It
[36m(TaskRunner pid=3205517)[0m will be removed in a future version of SymPy.
[36m(TaskRunner pid=3205517)[0m
[36m(TaskRunner pid=3205517)[0m <string>:1: SymPyDeprecationWarning:
[36m(TaskRunner pid=3205517)[0m
[36m(TaskRunner pid=3205517)[0m Using non-Expr arguments in Pow is deprecated (in this case, one of the
[36m(TaskRunner pid=3205517)[0m arguments is of type 'FiniteSet').
[36m(TaskRunner pid=3205517)[0m
[36m(TaskRunner pid=3205517)[0m If you really did intend to construct a power with this base, use the **
[36m(TaskRunner pid=3205517)[0m operator instead.
[36m(TaskRunner pid=3205517)[0m
[36m(TaskRunner pid=3205517)[0m See https://docs.sympy.org/latest/explanation/active-deprecations.html#non-expr-args-deprecated
[36m(TaskRunner pid=3205517)[0m for details.
[36m(TaskRunner pid=3205517)[0m
[36m(TaskRunner pid=3205517)[0m This has been deprecated since SymPy version 1.7. It
[36m(TaskRunner pid=3205517)[0m will be removed in a future version of SymPy.
[36m(TaskRunner pid=3205517)[0m
[36m(TaskRunner pid=3205517)[0m <string>:1: SymPyDeprecationWarning:
[36m(TaskRunner pid=3205517)[0m
[36m(TaskRunner pid=3205517)[0m Using non-Expr arguments in Pow is deprecated (in this case, one of the
[36m(TaskRunner pid=3205517)[0m arguments is of type 'FiniteSet').
[36m(TaskRunner pid=3205517)[0m
[36m(TaskRunner pid=3205517)[0m If you really did intend to construct a power with this base, use the **
[36m(TaskRunner pid=3205517)[0m operator instead.
[36m(TaskRunner pid=3205517)[0m
[36m(TaskRunner pid=3205517)[0m See https://docs.sympy.org/latest/explanation/active-deprecations.html#non-expr-args-deprecated
[36m(TaskRunner pid=3205517)[0m for details.
[36m(TaskRunner pid=3205517)[0m
[36m(TaskRunner pid=3205517)[0m This has been deprecated since SymPy version 1.7. It
[36m(TaskRunner pid=3205517)[0m will be removed in a future version of SymPy.
[36m(TaskRunner pid=3205517)[0m
[36m(TaskRunner pid=3205517)[0m <string>:1: SymPyDeprecationWarning:
[36m(TaskRunner pid=3205517)[0m
[36m(TaskRunner pid=3205517)[0m Using non-Expr arguments in Pow is deprecated (in this case, one of the
[36m(TaskRunner pid=3205517)[0m arguments is of type 'FiniteSet').
[36m(TaskRunner pid=3205517)[0m
[36m(TaskRunner pid=3205517)[0m If you really did intend to construct a power with this base, use the **
[36m(TaskRunner pid=3205517)[0m operator instead.
[36m(TaskRunner pid=3205517)[0m
[36m(TaskRunner pid=3205517)[0m See https://docs.sympy.org/latest/explanation/active-deprecations.html#non-expr-args-deprecated
[36m(TaskRunner pid=3205517)[0m for details.
[36m(TaskRunner pid=3205517)[0m
[36m(TaskRunner pid=3205517)[0m This has been deprecated since SymPy version 1.7. It
[36m(TaskRunner pid=3205517)[0m will be removed in a future version of SymPy.
[36m(TaskRunner pid=3205517)[0m
[36m(TaskRunner pid=3205517)[0m [Shutdown] 6 subprocess(es) terminated.
[36m(TaskRunner pid=3205517)[0m step:14 - chunk_state_source/selected_original_acc_mean:1.000 - chunk_state_source/prompt_original_pass:0.906 - chunk_state_source/prompt_original_mean:0.263 - chunk_state_source/selected_majority_consistent_mean:1.000 - chunk_state_source/prompt_majority_ratio_mean:0.278 - chunk_state_source/prompt_majority_pass:1.000 - chunk_state_source_chunk/enabled:1.000 - chunk_state_source_chunk/injected_ratio:1.000 - chunk_state_source_chunk/mean_len:128.000 - chunk_state_source_chunk/candidate_index:0.000 - chunk_state_support_anchor/enabled:1.000 - chunk_state_support_anchor/count:7.000 - chunk_state_support_anchor/candidate_start:1.000 - chunk_state_support_anchor/min_mass:0.031 - chunk_state_support_anchor/prefix_compat_enable:0.000 - chunk_state_support_anchor/prefix_compat_tokens:128.000 - chunk_state_support_anchor/min_prefix_match:0.750 - chunk_state_support_anchor/skip_source:1.000 - chunk_state_support_anchor/injected_ratio:0.946 - chunk_state_support_anchor/state_keep_ratio:1.000 - chunk_state_support_anchor/skipped_no_anchor_ratio:0.000 - chunk_state_support_anchor/skipped_by_compat_ratio:0.000 - chunk_state_support_anchor/skipped_source_ratio:0.031 - chunk_state_support_anchor/score_mean:0.281 - chunk_state_support_anchor/positive_candidate_ratio:0.828 - chunk_state_support_anchor/prefix_match_mean:1.000 - chunk_state_support_anchor/prefix_match_min:1.000 - chunk_state_support_anchor/anchor_mass_mean:0.339 - chunk_state_support_anchor/anchor_mass_max:0.565 - chunk_state_support_anchor/anchor_len_mean:115.736 - chunk_state_support_anchor/selected_rank_mean:2.887 - chunk_state_probe/skipped_for_support_flow:1.000 - chunk_state_support_flow/score_type_mass:0.000 - chunk_state_support_flow/score_type_soft_mass:1.000 - chunk_state_support_flow/score_type_gain:0.000 - chunk_state_support_flow/score_type_relative_gain:0.000 - chunk_state_support_flow/score_type_soft_relative_mass:0.000 - chunk_state_support_flow/gain_slack:0.000 - chunk_state_support_flow/baseline_scale:1.000 - chunk_state_support_flow/source_prior_weight:1.000 - chunk_state_support_flow/min_positive_margin:0.000 - chunk_state_support_flow/anchor_mass_mean:0.281 - chunk_state_support_flow/source_mass_mean:0.568 - chunk_state_support_flow/positive_margin_mean:-0.165 - chunk_state_support_flow/state_keep_ratio:1.000 - chunk_state_support_flow/score_mean:0.281 - chunk_state_support_flow/score_max_mean:0.404 - chunk_state_support_flow/label_consistent_ratio:0.828 - chunk_state_support_flow/raw_positive_ratio:0.281 - chunk_state_score/mode_majority_completion:0.000 - chunk_state_score/mode_answer_consensus:0.000 - chunk_state_score/mode_answer_distribution:0.000 - chunk_state_score/mode_answer_value_gain:0.000 - chunk_state_score/mode_answer_value_margin:0.000 - chunk_state_score/mode_answer_support_mass:0.000 - chunk_state_score/mode_future_support_gain:0.000 - chunk_state_score/mode_support_anchor:0.000 - chunk_state_score/mode_support_flow:1.000 - chunk_state_score/mode_answer_source_consistency:0.000 - chunk_state_diag/boundary_mean:576.000 - chunk_state_diag/boundary_min:512.000 - chunk_state_diag/boundary_max:1024.000 - chunk_state_diag/boundary_zero_ratio:0.000 - chunk_state_diag/skipped_short_sources:0.000 - chunk_state_diag/skipped_support_sources:26.000 - chunk_state_diag/majority_consistent_fallbacks:7.000 - chunk_state_diag/real_state_count:6.000 - chunk_state_diag/pad_state_count:2.000 - chunk_state_diag/loss_weight_mean:0.750 - chunk_state_diag/source_response_len_mean:1360.625 - chunk_state_diag/probe_score_std:0.258 - chunk_state_diag/state_probe_mean_max:0.495 - chunk_state_diag/state_probe_mean_min:0.019 - chunk_state_diag/state_all_positive_ratio:0.000 - chunk_state_diag/state_all_negative_ratio:0.000 - chunk_state_diag/state_mixed_ratio:1.000 - chunk_state_diag/source_majority_consistent_mean:1.000 - chunk_state_diag/source_prompt_majority_ratio_mean:0.445 - chunk_state_diag/source_answer_mass_mean:0.568 - chunk_state_diag/source_answer_mass_min:0.462 - chunk_state_diag/source_prompt_top_mass_mean:0.568 - chunk_state_diag/source_prompt_top_mass_min:0.462 - chunk_state_diag/source_pseudo_acc_mean:1.000 - chunk_state_diag/source_original_acc_mean:1.000 - chunk_state_diag/prompt_pseudo_mean:0.453 - chunk_state_diag/prompt_original_mean:0.453 - chunk_state_diag/prompt_original_pass:1.000 - chunk_state_diag/probe_mean_source_original_correct:0.281 - chunk_state_diag/probe_mean_source_original_wrong:0.000 - chunk_state_diag/source_original_correct_ratio:1.000 - chunk_state_diag/jsonl_rows:8.000 - chunk_state/num_states:8.000 - chunk_state/real_states:6.000 - chunk_state/pad_states:2.000 - chunk_state/num_candidates:64.000 - chunk_state/num_actor_samples:48.000 - chunk_state/loss_weight_mean:1.000 - chunk_state/base_loss_weight_mean:0.750 - chunk_state/zeroed_state_ratio:0.250 - chunk_state/confidence_gate_ratio:1.000 - chunk_state/confidence_weight_mean:1.000 - chunk_state/future_support_keep_ratio:1.000 - chunk_state/majority_ratio_mean:0.568 - chunk_state/answer_coverage_mean:0.828 - chunk_state/positive_ratio:0.281 - chunk_state/label_consistent_only:0.000 - chunk_state/zero_inconsistent_candidates:0.000 - chunk_state/prune_zero_weight_samples:1.000 - chunk_state/prune_padded_to_shards:0.000 - chunk_state/pruned_sample_ratio:0.250 - chunk_state/label_consistent_ratio:0.828 - chunk_state/informative_ratio:1.000 - chunk_state/kept_state_ratio:1.000 - chunk_state/target_entropy:1.762 - chunk_state/target_prior_mean:1.000 - chunk_state/target_prior_max:1.000 - chunk_state/weight_max:0.322 - chunk_state/weight_min:0.001 - chunk_state/powerflow_weight_clip:4.000 - chunk_state/powerflow_weight_clip_renorm:1.000 - chunk_state/powerflow_weight_before_clip_max:2.574 - chunk_state/powerflow_weight_before_clip_mean:1.000 - chunk_state/powerflow_weight_mean:1.000 - chunk_state/powerflow_weight_max:2.574 - chunk_state/powerflow_weight_min:0.008 - chunk_state/boxed_reward_mean:0.210 - chunk_state/boxed_reward_weighted_mean:0.342 - chunk_state/actor_batch_powerflow_weight_nonzero_ratio:1.000 - chunk_state/actor_batch_powerflow_weight_shard0_mean:1.216 - chunk_state/actor_batch_powerflow_weight_shard0_nonzero_ratio:1.000 - chunk_state/actor_batch_powerflow_weight_shard_mean_low:0.789 - chunk_state/actor_batch_powerflow_weight_shard_mean_high:1.216 - chunk_state/actor_batch_powerflow_weight_zero_shard_ratio:0.000 - chunk_state_actor_span/mode_chunk:1.000 - chunk_state_actor_span/response_len_mean:117.844 - chunk_state_actor_span/truncated_ratio:0.000 - actor/pg_loss:0.279 - actor/powerflow_loss:0.279 - actor/log_prob:-0.633 - actor/old_log_prob:0.000 - actor/ref_log_prob:-0.631 - actor/ref_log_prob/std:0.000 - actor/boxed_reward/mean:0.270 - actor/boxed_reward/min:0.000 - actor/boxed_reward/max:0.565 - actor/powerflow_weight/mean:1.216 - actor/powerflow_weight/min:0.058 - actor/powerflow_weight/max:2.574 - actor/powerflow_weight/nonzero_ratio:1.000 - actor/powerflow_local_batch_size:1.000 - actor/log_z:-1.262 - actor/importance_weight:0.800 - actor/powerflow_chunk_loss_target_only:0.000 - actor/ppo_kl:0.633 - actor/ref_kl:0.002 - actor/beta_coef:4.000 - actor/cispo_mask_ratio:0.246 - actor/cispo_dropped_tokens:26.833 - actor/condition_1_count:0.000 - actor/condition_2_count:26.833 - actor/pg_clipfrac:0.000 - actor/pg_clipfrac_lower:0.000 - actor/grad_norm:11.344 - perf/mfu/actor:0.000 - perf/max_memory_allocated_gb:166.224 - perf/max_memory_reserved_gb:176.207 - perf/cpu_memory_used_gb:791.113 - actor/lr:0.000 - timing_s/generate_sequences:17.724 - timing_s/reshard:0.458 - timing_s/gen:22.557 - timing_s/chunk_state_make_states:0.018 - timing_s/chunk_state_chunks/generate_sequences:0.528 - timing_s/chunk_state_chunks/reshard:0.349 - timing_s/chunk_state_chunks:0.926 - timing_s/chunk_state_score:7.057 - timing_s/chunk_state_build_actor_batch:0.006 - timing_s/chunk_state_ref:0.700 - timing_s/update_actor:1.818 - timing_per_token_ms/gen:0.023 - timing_per_token_ms/update_actor:0.002
[36m(TaskRunner pid=3205517)[0m [Shutdown] 4 subprocess(es) terminated.
[36m(TaskRunner pid=3205517)[0m [Shutdown] 5 subprocess(es) terminated.
[36m(TaskRunner pid=3205517)[0m [Shutdown] 3 subprocess(es) terminated.
[36m(TaskRunner pid=3205517)[0m Training Progress:  75%|███████▌  | 15/20 [12:04<03:44, 44.89s/it]
[36m(TaskRunner pid=3205517)[0m step:15 - chunk_state_source/selected_original_acc_mean:0.938 - chunk_state_source/prompt_original_pass:0.875 - chunk_state_source/prompt_original_mean:0.284 - chunk_state_source/selected_majority_consistent_mean:1.000 - chunk_state_source/prompt_majority_ratio_mean:0.310 - chunk_state_source/prompt_majority_pass:1.000 - chunk_state_source_chunk/enabled:1.000 - chunk_state_source_chunk/injected_ratio:1.000 - chunk_state_source_chunk/mean_len:128.000 - chunk_state_source_chunk/candidate_index:0.000 - chunk_state_support_anchor/enabled:1.000 - chunk_state_support_anchor/count:7.000 - chunk_state_support_anchor/candidate_start:1.000 - chunk_state_support_anchor/min_mass:0.031 - chunk_state_support_anchor/prefix_compat_enable:0.000 - chunk_state_support_anchor/prefix_compat_tokens:128.000 - chunk_state_support_anchor/min_prefix_match:0.750 - chunk_state_support_anchor/skip_source:1.000 - chunk_state_support_anchor/injected_ratio:0.920 - chunk_state_support_anchor/state_keep_ratio:1.000 - chunk_state_support_anchor/skipped_no_anchor_ratio:0.000 - chunk_state_support_anchor/skipped_by_compat_ratio:0.000 - chunk_state_support_anchor/skipped_source_ratio:0.031 - chunk_state_support_anchor/score_mean:0.123 - chunk_state_support_anchor/positive_candidate_ratio:0.805 - chunk_state_support_anchor/prefix_match_mean:1.000 - chunk_state_support_anchor/prefix_match_min:1.000 - chunk_state_support_anchor/anchor_mass_mean:0.153 - chunk_state_support_anchor/anchor_mass_max:0.600 - chunk_state_support_anchor/anchor_len_mean:122.437 - chunk_state_support_anchor/selected_rank_mean:2.767 - chunk_state_probe/skipped_for_support_flow:1.000 - chunk_state_support_flow/score_type_mass:0.000 - chunk_state_support_flow/score_type_soft_mass:1.000 - chunk_state_support_flow/score_type_gain:0.000 - chunk_state_support_flow/score_type_relative_gain:0.000 - chunk_state_support_flow/score_type_soft_relative_mass:0.000 - chunk_state_support_flow/gain_slack:0.000 - chunk_state_support_flow/baseline_scale:1.000 - chunk_state_support_flow/source_prior_weight:1.000 - chunk_state_support_flow/min_positive_margin:0.000 - chunk_state_support_flow/anchor_mass_mean:0.123 - chunk_state_support_flow/source_mass_mean:0.497 - chunk_state_support_flow/positive_margin_mean:-0.203 - chunk_state_support_flow/state_keep_ratio:1.000 - chunk_state_support_flow/score_mean:0.123 - chunk_state_support_flow/score_max_mean:0.294 - chunk_state_support_flow/label_consistent_ratio:0.805 - chunk_state_support_flow/raw_positive_ratio:0.123 - chunk_state_score/mode_majority_completion:0.000 - chunk_state_score/mode_answer_consensus:0.000 - chunk_state_score/mode_answer_distribution:0.000 - chunk_state_score/mode_answer_value_gain:0.000 - chunk_state_score/mode_answer_value_margin:0.000 - chunk_state_score/mode_answer_support_mass:0.000 - chunk_state_score/mode_future_support_gain:0.000 - chunk_state_score/mode_support_anchor:0.000 - chunk_state_score/mode_support_flow:1.000 - chunk_state_score/mode_answer_source_consistency:0.000 - chunk_state_diag/boundary_mean:752.000 - chunk_state_diag/boundary_min:512.000 - chunk_state_diag/boundary_max:1024.000 - chunk_state_diag/boundary_zero_ratio:0.000 - chunk_state_diag/skipped_short_sources:0.000 - chunk_state_diag/skipped_support_sources:21.000 - chunk_state_diag/majority_consistent_fallbacks:6.000 - chunk_state_diag/real_state_count:11.000 - chunk_state_diag/pad_state_count:5.000 - chunk_state_diag/loss_weight_mean:0.688 - chunk_state_diag/source_response_len_mean:1452.625 - chunk_state_diag/probe_score_std:0.190 - chunk_state_diag/state_probe_mean_max:0.454 - chunk_state_diag/state_probe_mean_min:0.026 - chunk_state_diag/state_all_positive_ratio:0.000 - chunk_state_diag/state_all_negative_ratio:0.000 - chunk_state_diag/state_mixed_ratio:1.000 - chunk_state_diag/source_majority_consistent_mean:1.000 - chunk_state_diag/source_prompt_majority_ratio_mean:0.414 - chunk_state_diag/source_answer_mass_mean:0.497 - chunk_state_diag/source_answer_mass_min:0.423 - chunk_state_diag/source_prompt_top_mass_mean:0.497 - chunk_state_diag/source_prompt_top_mass_min:0.423 - chunk_state_diag/source_pseudo_acc_mean:1.000 - chunk_state_diag/source_original_acc_mean:0.938 - chunk_state_diag/prompt_pseudo_mean:0.428 - chunk_state_diag/prompt_original_mean:0.404 - chunk_state_diag/prompt_original_pass:0.938 - chunk_state_diag/probe_mean_source_original_correct:0.110 - chunk_state_diag/probe_mean_source_original_wrong:0.326 - chunk_state_diag/source_original_correct_ratio:0.938 - chunk_state_diag/jsonl_rows:16.000 - chunk_state/num_states:16.000 - chunk_state/real_states:11.000 - chunk_state/pad_states:5.000 - chunk_state/num_candidates:128.000 - chunk_state/num_actor_samples:88.000 - chunk_state/loss_weight_mean:1.000 - chunk_state/base_loss_weight_mean:0.688 - chunk_state/zeroed_state_ratio:0.312 - chunk_state/confidence_gate_ratio:1.000 - chunk_state/confidence_weight_mean:1.000 - chunk_state/future_support_keep_ratio:1.000 - chunk_state/majority_ratio_mean:0.497 - chunk_state/answer_coverage_mean:0.805 - chunk_state/positive_ratio:0.123 - chunk_state/label_consistent_only:0.000 - chunk_state/zero_inconsistent_candidates:0.000 - chunk_state/prune_zero_weight_samples:1.000 - chunk_state/prune_padded_to_shards:0.000 - chunk_state/pruned_sample_ratio:0.312 - chunk_state/label_consistent_ratio:0.805 - chunk_state/informative_ratio:1.000 - chunk_state/kept_state_ratio:1.000 - chunk_state/target_entropy:1.547 - chunk_state/target_prior_mean:1.000 - chunk_state/target_prior_max:1.000 - chunk_state/weight_max:0.858 - chunk_state/weight_min:0.001 - chunk_state/powerflow_weight_clip:4.000 - chunk_state/powerflow_weight_clip_renorm:1.000 - chunk_state/powerflow_weight_before_clip_max:6.864 - chunk_state/powerflow_weight_before_clip_mean:1.000 - chunk_state/powerflow_weight_mean:0.975 - chunk_state/powerflow_weight_max:4.000 - chunk_state/powerflow_weight_min:0.009 - chunk_state/boxed_reward_mean:0.162 - chunk_state/boxed_reward_weighted_mean:0.335 - chunk_state/actor_batch_powerflow_weight_nonzero_ratio:1.000 - chunk_state/actor_batch_powerflow_weight_shard0_mean:1.090 - chunk_state/actor_batch_powerflow_weight_shard0_nonzero_ratio:1.000 - chunk_state/actor_batch_powerflow_weight_shard_mean_low:0.758 - chunk_state/actor_batch_powerflow_weight_shard_mean_high:1.090 - chunk_state/actor_batch_powerflow_weight_zero_shard_ratio:0.000 - chunk_state_actor_span/mode_chunk:1.000 - chunk_state_actor_span/response_len_mean:123.523 - chunk_state_actor_span/truncated_ratio:0.000 - actor/pg_loss:0.222 - actor/powerflow_loss:0.222 - actor/log_prob:-1.017 - actor/old_log_prob:0.000 - actor/ref_log_prob:-1.016 - actor/ref_log_prob/std:0.000 - actor/boxed_reward/mean:0.213 - actor/boxed_reward/min:0.000 - actor/boxed_reward/max:0.600 - actor/powerflow_weight/mean:1.090 - actor/powerflow_weight/min:0.048 - actor/powerflow_weight/max:4.000 - actor/powerflow_weight/nonzero_ratio:1.000 - actor/powerflow_local_batch_size:1.000 - actor/log_z:-1.275 - actor/importance_weight:0.800 - actor/powerflow_chunk_loss_target_only:0.000 - actor/ppo_kl:1.017 - actor/ref_kl:0.001 - actor/beta_coef:4.000 - actor/cispo_mask_ratio:0.342 - actor/cispo_dropped_tokens:43.727 - actor/condition_1_count:0.000 - actor/condition_2_count:43.727 - actor/pg_clipfrac:0.000 - actor/pg_clipfrac_lower:0.000 - actor/grad_norm:16.526 - perf/mfu/actor:0.000 - perf/max_memory_allocated_gb:166.224 - perf/max_memory_reserved_gb:176.207 - perf/cpu_memory_used_gb:791.175 - actor/lr:0.000 - timing_s/generate_sequences:17.867 - timing_s/reshard:0.465 - timing_s/gen:23.076 - timing_s/chunk_state_make_states:0.019 - timing_s/chunk_state_chunks/generate_sequences:0.543 - timing_s/chunk_state_chunks/reshard:0.351 - timing_s/chunk_state_chunks:0.946 - timing_s/chunk_state_score:6.207 - timing_s/chunk_state_build_actor_batch:0.009 - timing_s/chunk_state_ref:1.321 - timing_s/update_actor:3.424 - timing_per_token_ms/gen:0.022 - timing_per_token_ms/update_actor:0.003
