MODEL_READY: /models/Qwen2.5-Math-7B
Using python: /mlx_devbox/users/quyanyi/playground/.venvs/ttrl_b200/bin/python
Using model: /models/Qwen2.5-Math-7B
Using data: /mlx_devbox/users/quyanyi/playground/TTRL/verl/data/MATH-TTT
Output directory: /tmp/ttrl_b200/checkpoints/ttrl_chunk_state_powerflow_supportflow_posteriorgain_nosplit_v26_softkeep_c12_fullguard_balanced_sourceweight_targetonly_nonzeromid_c128_b32_r32_v64_3step_20260802
Actor offload: param=False optimizer=False activation=False
Rollout: free_cache_engine=False enforce_eager=False gpu_memory_utilization=0.86
Critic offload: param=False optimizer=False activation=False
/mlx_devbox/users/quyanyi/playground/TTRL/verl/verl/__init__.py:18: UserWarning: pkg_resources is deprecated as an API. See https://setuptools.pypa.io/en/latest/pkg_resources.html. The pkg_resources package is slated for removal as early as 2025-11-30. Refrain from using this package or pin to Setuptools<81.
  import pkg_resources
/mlx_devbox/users/quyanyi/playground/.venvs/ttrl_b200/lib/python3.11/site-packages/huggingface_hub/constants.py:298: FutureWarning: The `HF_HUB_ENABLE_HF_TRANSFER` environment variable is deprecated as 'hf_transfer' is not used anymore. Please use `HF_XET_HIGH_PERFORMANCE` instead to enable high performance transfer with Xet. Visit https://huggingface.co/docs/huggingface_hub/package_reference/environment_variables#hfxethighperformance for more details.
  warnings.warn(
2026-08-02 13:04:42,875	INFO worker.py:2024 -- Started a local Ray instance.
[36m(pid=1227895)[0m /mlx_devbox/users/quyanyi/playground/TTRL/verl/verl/__init__.py:18: UserWarning: pkg_resources is deprecated as an API. See https://setuptools.pypa.io/en/latest/pkg_resources.html. The pkg_resources package is slated for removal as early as 2025-11-30. Refrain from using this package or pin to Setuptools<81.
[36m(pid=1227895)[0m   import pkg_resources
[36m(pid=1227895)[0m /mlx_devbox/users/quyanyi/playground/.venvs/ttrl_b200/lib/python3.11/site-packages/huggingface_hub/constants.py:298: FutureWarning: The `HF_HUB_ENABLE_HF_TRANSFER` environment variable is deprecated as 'hf_transfer' is not used anymore. Please use `HF_XET_HIGH_PERFORMANCE` instead to enable high performance transfer with Xet. Visit https://huggingface.co/docs/huggingface_hub/package_reference/environment_variables#hfxethighperformance for more details.
[36m(pid=1227895)[0m   warnings.warn(
[36m(TaskRunner pid=1227895)[0m TaskRunner hostname: trial-302172199-trialrun-302172199-worker-0, PID: 1227895
[36m(TaskRunner pid=1227895)[0m {'actor_rollout_ref': {'actor': {'checkpoint': {'load_contents': ['model',
[36m(TaskRunner pid=1227895)[0m                                                                   'optimizer',
[36m(TaskRunner pid=1227895)[0m                                                                   'extra'],
[36m(TaskRunner pid=1227895)[0m                                                 'save_contents': ['model',
[36m(TaskRunner pid=1227895)[0m                                                                   'optimizer',
[36m(TaskRunner pid=1227895)[0m                                                                   'extra']},
[36m(TaskRunner pid=1227895)[0m                                  'chunk_weighted_nll_enable': False,
[36m(TaskRunner pid=1227895)[0m                                  'clip_ratio': 0.2,
[36m(TaskRunner pid=1227895)[0m                                  'clip_ratio_c': 3.0,
[36m(TaskRunner pid=1227895)[0m                                  'clip_ratio_high': 0.2,
[36m(TaskRunner pid=1227895)[0m                                  'clip_ratio_low': 0.2,
[36m(TaskRunner pid=1227895)[0m                                  'entropy_checkpointing': False,
[36m(TaskRunner pid=1227895)[0m                                  'entropy_coeff': 0,
[36m(TaskRunner pid=1227895)[0m                                  'entropy_from_logits_with_chunking': False,
[36m(TaskRunner pid=1227895)[0m                                  'fsdp_config': {'forward_prefetch': False,
[36m(TaskRunner pid=1227895)[0m                                                  'fsdp_size': -1,
[36m(TaskRunner pid=1227895)[0m                                                  'offload_policy': False,
[36m(TaskRunner pid=1227895)[0m                                                  'optimizer_offload': False,
[36m(TaskRunner pid=1227895)[0m                                                  'param_offload': False,
[36m(TaskRunner pid=1227895)[0m                                                  'reshard_after_forward': True,
[36m(TaskRunner pid=1227895)[0m                                                  'wrap_policy': {'min_num_params': 0}},
[36m(TaskRunner pid=1227895)[0m                                  'grad_clip': 1.0,
[36m(TaskRunner pid=1227895)[0m                                  'kl_loss_coef': 0.001,
[36m(TaskRunner pid=1227895)[0m                                  'kl_loss_type': 'low_var_kl',
[36m(TaskRunner pid=1227895)[0m                                  'loss_agg_mode': 'token-mean',
[36m(TaskRunner pid=1227895)[0m                                  'optim': {'lr': 5e-07,
[36m(TaskRunner pid=1227895)[0m                                            'lr_warmup_steps': -1,
[36m(TaskRunner pid=1227895)[0m                                            'lr_warmup_steps_ratio': 0.03,
[36m(TaskRunner pid=1227895)[0m                                            'min_lr_ratio': 0.0,
[36m(TaskRunner pid=1227895)[0m                                            'num_cycles': 0.5,
[36m(TaskRunner pid=1227895)[0m                                            'total_training_steps': -1,
[36m(TaskRunner pid=1227895)[0m                                            'warmup_style': 'cosine',
[36m(TaskRunner pid=1227895)[0m                                            'weight_decay': 0.01},
[36m(TaskRunner pid=1227895)[0m                                  'policy_loss': {'clip_cov_lb': 1.0,
[36m(TaskRunner pid=1227895)[0m                                                  'clip_cov_ratio': 0.0002,
[36m(TaskRunner pid=1227895)[0m                                                  'clip_cov_ub': 5.0,
[36m(TaskRunner pid=1227895)[0m                                                  'kl_cov_ratio': 0.0002,
[36m(TaskRunner pid=1227895)[0m                                                  'loss_mode': 'vanilla',
[36m(TaskRunner pid=1227895)[0m                                                  'ppo_kl_coef': 0.1},
[36m(TaskRunner pid=1227895)[0m                                  'powerflow_beta_coef': 4.0,
[36m(TaskRunner pid=1227895)[0m                                  'powerflow_chunk_loss_mode': 'target_only',
[36m(TaskRunner pid=1227895)[0m                                  'powerflow_enable': True,
[36m(TaskRunner pid=1227895)[0m                                  'powerflow_init_ref_log_prob': 0.36,
[36m(TaskRunner pid=1227895)[0m                                  'powerflow_on_policy': False,
[36m(TaskRunner pid=1227895)[0m                                  'powerflow_proj_layers': 3,
[36m(TaskRunner pid=1227895)[0m                                  'powerflow_use_boxed_reward': False,
[36m(TaskRunner pid=1227895)[0m                                  'powerflow_use_chunk_weights': True,
[36m(TaskRunner pid=1227895)[0m                                  'ppo_epochs': 1,
[36m(TaskRunner pid=1227895)[0m                                  'ppo_max_token_len_per_gpu': 8192,
[36m(TaskRunner pid=1227895)[0m                                  'ppo_micro_batch_size': None,
[36m(TaskRunner pid=1227895)[0m                                  'ppo_micro_batch_size_per_gpu': 1,
[36m(TaskRunner pid=1227895)[0m                                  'ppo_mini_batch_size': 8,
[36m(TaskRunner pid=1227895)[0m                                  'profiler': {'all_ranks': False,
[36m(TaskRunner pid=1227895)[0m                                               'discrete': False,
[36m(TaskRunner pid=1227895)[0m                                               'ranks': None},
[36m(TaskRunner pid=1227895)[0m                                  'shuffle': False,
[36m(TaskRunner pid=1227895)[0m                                  'strategy': 'fsdp',
[36m(TaskRunner pid=1227895)[0m                                  'ulysses_sequence_parallel_size': 1,
[36m(TaskRunner pid=1227895)[0m                                  'use_dynamic_bsz': False,
[36m(TaskRunner pid=1227895)[0m                                  'use_kl_loss': False,
[36m(TaskRunner pid=1227895)[0m                                  'use_torch_compile': True},
[36m(TaskRunner pid=1227895)[0m                        'hybrid_engine': True,
[36m(TaskRunner pid=1227895)[0m                        'model': {'attn_implementation': 'sdpa',
[36m(TaskRunner pid=1227895)[0m                                  'custom_chat_template': None,
[36m(TaskRunner pid=1227895)[0m                                  'enable_activation_offload': False,
[36m(TaskRunner pid=1227895)[0m                                  'enable_gradient_checkpointing': True,
[36m(TaskRunner pid=1227895)[0m                                  'exclude_modules': None,
[36m(TaskRunner pid=1227895)[0m                                  'external_lib': None,
[36m(TaskRunner pid=1227895)[0m                                  'fused_kernel_options': {'impl_backend': 'triton'},
[36m(TaskRunner pid=1227895)[0m                                  'lora_alpha': 16,
[36m(TaskRunner pid=1227895)[0m                                  'lora_rank': 0,
[36m(TaskRunner pid=1227895)[0m                                  'override_config': {},
[36m(TaskRunner pid=1227895)[0m                                  'path': '/models/Qwen2.5-Math-7B',
[36m(TaskRunner pid=1227895)[0m                                  'target_modules': 'all-linear',
[36m(TaskRunner pid=1227895)[0m                                  'trust_remote_code': False,
[36m(TaskRunner pid=1227895)[0m                                  'use_fused_kernels': True,
[36m(TaskRunner pid=1227895)[0m                                  'use_liger': False,
[36m(TaskRunner pid=1227895)[0m                                  'use_remove_padding': True,
[36m(TaskRunner pid=1227895)[0m                                  'use_shm': False},
[36m(TaskRunner pid=1227895)[0m                        'ref': {'entropy_checkpointing': False,
[36m(TaskRunner pid=1227895)[0m                                'entropy_from_logits_with_chunking': False,
[36m(TaskRunner pid=1227895)[0m                                'fsdp_config': {'forward_prefetch': False,
[36m(TaskRunner pid=1227895)[0m                                                'param_offload': True,
[36m(TaskRunner pid=1227895)[0m                                                'reshard_after_forward': True,
[36m(TaskRunner pid=1227895)[0m                                                'wrap_policy': {'min_num_params': 0}},
[36m(TaskRunner pid=1227895)[0m                                'log_prob_max_token_len_per_gpu': 8192,
[36m(TaskRunner pid=1227895)[0m                                'log_prob_micro_batch_size': None,
[36m(TaskRunner pid=1227895)[0m                                'log_prob_micro_batch_size_per_gpu': 1,
[36m(TaskRunner pid=1227895)[0m                                'log_prob_use_dynamic_bsz': False,
[36m(TaskRunner pid=1227895)[0m                                'profiler': {'all_ranks': False,
[36m(TaskRunner pid=1227895)[0m                                             'discrete': False,
[36m(TaskRunner pid=1227895)[0m                                             'ranks': None},
[36m(TaskRunner pid=1227895)[0m                                'strategy': 'fsdp',
[36m(TaskRunner pid=1227895)[0m                                'ulysses_sequence_parallel_size': 1,
[36m(TaskRunner pid=1227895)[0m                                'use_torch_compile': True},
[36m(TaskRunner pid=1227895)[0m                        'rollout': {'agent': {'num_workers': 8},
[36m(TaskRunner pid=1227895)[0m                                    'calculate_log_probs': True,
[36m(TaskRunner pid=1227895)[0m                                    'disable_log_stats': True,
[36m(TaskRunner pid=1227895)[0m                                    'do_sample': True,
[36m(TaskRunner pid=1227895)[0m                                    'dtype': 'bfloat16',
[36m(TaskRunner pid=1227895)[0m                                    'enable_chunked_prefill': True,
[36m(TaskRunner pid=1227895)[0m                                    'enforce_eager': False,
[36m(TaskRunner pid=1227895)[0m                                    'engine_kwargs': {'sglang': {'attention_backend': None},
[36m(TaskRunner pid=1227895)[0m                                                      'vllm': {'attention_config': {'backend': 'FLASH_ATTN'},
[36m(TaskRunner pid=1227895)[0m                                                               'disable_mm_preprocessor_cache': False,
[36m(TaskRunner pid=1227895)[0m                                                               'swap_space': None}},
[36m(TaskRunner pid=1227895)[0m                                    'free_cache_engine': False,
[36m(TaskRunner pid=1227895)[0m                                    'gpu_memory_utilization': 0.86,
[36m(TaskRunner pid=1227895)[0m                                    'ignore_eos': False,
[36m(TaskRunner pid=1227895)[0m                                    'layered_summon': False,
[36m(TaskRunner pid=1227895)[0m                                    'load_format': 'dummy_dtensor',
[36m(TaskRunner pid=1227895)[0m                                    'log_prob_max_token_len_per_gpu': 8192,
[36m(TaskRunner pid=1227895)[0m                                    'log_prob_micro_batch_size': None,
[36m(TaskRunner pid=1227895)[0m                                    'log_prob_micro_batch_size_per_gpu': 1,
[36m(TaskRunner pid=1227895)[0m                                    'log_prob_use_dynamic_bsz': False,
[36m(TaskRunner pid=1227895)[0m                                    'logprobs': 1,
[36m(TaskRunner pid=1227895)[0m                                    'max_model_len': 4096,
[36m(TaskRunner pid=1227895)[0m                                    'max_num_batched_tokens': 65536,
[36m(TaskRunner pid=1227895)[0m                                    'max_num_seqs': 1024,
[36m(TaskRunner pid=1227895)[0m                                    'mode': 'sync',
[36m(TaskRunner pid=1227895)[0m                                    'multi_stage_wake_up': False,
[36m(TaskRunner pid=1227895)[0m                                    'multi_turn': {'completion_callback': None,
[36m(TaskRunner pid=1227895)[0m                                                   'enable': False,
[36m(TaskRunner pid=1227895)[0m                                                   'format': 'hermes',
[36m(TaskRunner pid=1227895)[0m                                                   'interaction_config_path': None,
[36m(TaskRunner pid=1227895)[0m                                                   'max_assistant_turns': None,
[36m(TaskRunner pid=1227895)[0m                                                   'max_parallel_calls': 1,
[36m(TaskRunner pid=1227895)[0m                                                   'max_tool_response_length': 256,
[36m(TaskRunner pid=1227895)[0m                                                   'max_user_turns': None,
[36m(TaskRunner pid=1227895)[0m                                                   'tokenization_sanity_check_mode': 'strict',
[36m(TaskRunner pid=1227895)[0m                                                   'tool_config_path': None,
[36m(TaskRunner pid=1227895)[0m                                                   'tool_response_truncate_side': 'middle',
[36m(TaskRunner pid=1227895)[0m                                                   'use_inference_chat_template': False},
[36m(TaskRunner pid=1227895)[0m                                    'n': 32,
[36m(TaskRunner pid=1227895)[0m                                    'name': 'vllm',
[36m(TaskRunner pid=1227895)[0m                                    'profiler': {'all_ranks': False,
[36m(TaskRunner pid=1227895)[0m                                                 'discrete': False,
[36m(TaskRunner pid=1227895)[0m                                                 'ranks': None},
[36m(TaskRunner pid=1227895)[0m                                    'prompt_length': 1024,
[36m(TaskRunner pid=1227895)[0m                                    'response_length': 3072,
[36m(TaskRunner pid=1227895)[0m                                    'temperature': 1.0,
[36m(TaskRunner pid=1227895)[0m                                    'tensor_model_parallel_size': 1,
[36m(TaskRunner pid=1227895)[0m                                    'top_k': -1,
[36m(TaskRunner pid=1227895)[0m                                    'top_p': 1,
[36m(TaskRunner pid=1227895)[0m                                    'use_rollout_log_probs_as_old': True,
[36m(TaskRunner pid=1227895)[0m                                    'val_kwargs': {'do_sample': True,
[36m(TaskRunner pid=1227895)[0m                                                   'n': 16,
[36m(TaskRunner pid=1227895)[0m                                                   'temperature': 0.6,
[36m(TaskRunner pid=1227895)[0m                                                   'top_k': -1,
[36m(TaskRunner pid=1227895)[0m                                                   'top_p': 0.95}}},
[36m(TaskRunner pid=1227895)[0m  'algorithm': {'adv_estimator': 'grpo',
[36m(TaskRunner pid=1227895)[0m                'gamma': 1.0,
[36m(TaskRunner pid=1227895)[0m                'kl_ctrl': {'horizon': 10000,
[36m(TaskRunner pid=1227895)[0m                            'kl_coef': 0.0,
[36m(TaskRunner pid=1227895)[0m                            'target_kl': 0.1,
[36m(TaskRunner pid=1227895)[0m                            'type': 'fixed'},
[36m(TaskRunner pid=1227895)[0m                'kl_penalty': 'kl',
[36m(TaskRunner pid=1227895)[0m                'lam': 1.0,
[36m(TaskRunner pid=1227895)[0m                'norm_adv_by_std_in_grpo': True,
[36m(TaskRunner pid=1227895)[0m                'pf_ppo': {'reweight_method': 'pow', 'weight_pow': 2.0},
[36m(TaskRunner pid=1227895)[0m                'use_kl_in_reward': False,
[36m(TaskRunner pid=1227895)[0m                'use_pf_ppo': False},
[36m(TaskRunner pid=1227895)[0m  'critic': {'checkpoint': {'load_contents': ['model', 'optimizer', 'extra'],
[36m(TaskRunner pid=1227895)[0m                            'save_contents': ['model', 'optimizer', 'extra']},
[36m(TaskRunner pid=1227895)[0m             'cliprange_value': 0.5,
[36m(TaskRunner pid=1227895)[0m             'forward_max_token_len_per_gpu': 32768,
[36m(TaskRunner pid=1227895)[0m             'forward_micro_batch_size': None,
[36m(TaskRunner pid=1227895)[0m             'forward_micro_batch_size_per_gpu': 1,
[36m(TaskRunner pid=1227895)[0m             'grad_clip': 1.0,
[36m(TaskRunner pid=1227895)[0m             'loss_agg_mode': 'token-mean',
[36m(TaskRunner pid=1227895)[0m             'model': {'attn_implementation': 'sdpa',
[36m(TaskRunner pid=1227895)[0m                       'enable_activation_offload': False,
[36m(TaskRunner pid=1227895)[0m                       'enable_gradient_checkpointing': True,
[36m(TaskRunner pid=1227895)[0m                       'external_lib': None,
[36m(TaskRunner pid=1227895)[0m                       'fsdp_config': {'forward_prefetch': False,
[36m(TaskRunner pid=1227895)[0m                                       'fsdp_size': -1,
[36m(TaskRunner pid=1227895)[0m                                       'offload_policy': False,
[36m(TaskRunner pid=1227895)[0m                                       'optimizer_offload': False,
[36m(TaskRunner pid=1227895)[0m                                       'param_offload': False,
[36m(TaskRunner pid=1227895)[0m                                       'reshard_after_forward': True,
[36m(TaskRunner pid=1227895)[0m                                       'wrap_policy': {'min_num_params': 0}},
[36m(TaskRunner pid=1227895)[0m                       'lora_alpha': 16,
[36m(TaskRunner pid=1227895)[0m                       'lora_rank': 0,
[36m(TaskRunner pid=1227895)[0m                       'override_config': {},
[36m(TaskRunner pid=1227895)[0m                       'path': '/models/Qwen2.5-Math-7B',
[36m(TaskRunner pid=1227895)[0m                       'target_modules': 'all-linear',
[36m(TaskRunner pid=1227895)[0m                       'tokenizer_path': '/models/Qwen2.5-Math-7B',
[36m(TaskRunner pid=1227895)[0m                       'trust_remote_code': False,
[36m(TaskRunner pid=1227895)[0m                       'use_remove_padding': True,
[36m(TaskRunner pid=1227895)[0m                       'use_shm': False},
[36m(TaskRunner pid=1227895)[0m             'optim': {'lr': 9e-06,
[36m(TaskRunner pid=1227895)[0m                       'lr_warmup_steps_ratio': 0.0,
[36m(TaskRunner pid=1227895)[0m                       'min_lr_ratio': None,
[36m(TaskRunner pid=1227895)[0m                       'total_training_steps': -1,
[36m(TaskRunner pid=1227895)[0m                       'warmup_style': 'constant',
[36m(TaskRunner pid=1227895)[0m                       'weight_decay': 0.01},
[36m(TaskRunner pid=1227895)[0m             'ppo_epochs': 1,
[36m(TaskRunner pid=1227895)[0m             'ppo_max_token_len_per_gpu': 32768,
[36m(TaskRunner pid=1227895)[0m             'ppo_micro_batch_size': None,
[36m(TaskRunner pid=1227895)[0m             'ppo_micro_batch_size_per_gpu': 1,
[36m(TaskRunner pid=1227895)[0m             'ppo_mini_batch_size': 8,
[36m(TaskRunner pid=1227895)[0m             'profiler': {'all_ranks': False, 'discrete': False, 'ranks': None},
[36m(TaskRunner pid=1227895)[0m             'rollout_n': 32,
[36m(TaskRunner pid=1227895)[0m             'shuffle': False,
[36m(TaskRunner pid=1227895)[0m             'strategy': 'fsdp',
[36m(TaskRunner pid=1227895)[0m             'ulysses_sequence_parallel_size': 1,
[36m(TaskRunner pid=1227895)[0m             'use_dynamic_bsz': False},
[36m(TaskRunner pid=1227895)[0m  'custom_reward_function': {'name': 'reward_func',
[36m(TaskRunner pid=1227895)[0m                             'path': './verl/utils/reward_score/ttrl_math/__init__.py'},
[36m(TaskRunner pid=1227895)[0m  'data': {'custom_cls': {'name': None, 'path': None},
[36m(TaskRunner pid=1227895)[0m           'filter_overlong_prompts': True,
[36m(TaskRunner pid=1227895)[0m           'filter_overlong_prompts_workers': 1,
[36m(TaskRunner pid=1227895)[0m           'image_key': 'images',
[36m(TaskRunner pid=1227895)[0m           'max_prompt_length': 1024,
[36m(TaskRunner pid=1227895)[0m           'max_response_length': 3072,
[36m(TaskRunner pid=1227895)[0m           'prompt_key': 'prompt',
[36m(TaskRunner pid=1227895)[0m           'return_full_prompt': False,
[36m(TaskRunner pid=1227895)[0m           'return_raw_chat': False,
[36m(TaskRunner pid=1227895)[0m           'return_raw_input_ids': False,
[36m(TaskRunner pid=1227895)[0m           'reward_fn_key': 'data_source',
[36m(TaskRunner pid=1227895)[0m           'shuffle': True,
[36m(TaskRunner pid=1227895)[0m           'tokenizer': None,
[36m(TaskRunner pid=1227895)[0m           'train_batch_size': 32,
[36m(TaskRunner pid=1227895)[0m           'train_files': ['/mlx_devbox/users/quyanyi/playground/TTRL/verl/data/MATH-TTT/train.parquet'],
[36m(TaskRunner pid=1227895)[0m           'truncation': 'error',
[36m(TaskRunner pid=1227895)[0m           'trust_remote_code': False,
[36m(TaskRunner pid=1227895)[0m           'use_shm': False,
[36m(TaskRunner pid=1227895)[0m           'val_batch_size': None,
[36m(TaskRunner pid=1227895)[0m           'val_files': ['/mlx_devbox/users/quyanyi/playground/TTRL/verl/data/MATH-TTT/test.parquet'],
[36m(TaskRunner pid=1227895)[0m           'validation_shuffle': False,
[36m(TaskRunner pid=1227895)[0m           'video_key': 'videos'},
[36m(TaskRunner pid=1227895)[0m  'ray_init': {'num_cpus': None, 'timeline_json_file': None},
[36m(TaskRunner pid=1227895)[0m  'reward_model': {'enable': False,
[36m(TaskRunner pid=1227895)[0m                   'forward_max_token_len_per_gpu': 32768,
[36m(TaskRunner pid=1227895)[0m                   'launch_reward_fn_async': False,
[36m(TaskRunner pid=1227895)[0m                   'max_length': None,
[36m(TaskRunner pid=1227895)[0m                   'micro_batch_size': None,
[36m(TaskRunner pid=1227895)[0m                   'micro_batch_size_per_gpu': None,
[36m(TaskRunner pid=1227895)[0m                   'model': {'attn_implementation': 'sdpa',
[36m(TaskRunner pid=1227895)[0m                             'external_lib': None,
[36m(TaskRunner pid=1227895)[0m                             'fsdp_config': {'forward_prefetch': False,
[36m(TaskRunner pid=1227895)[0m                                             'fsdp_size': -1,
[36m(TaskRunner pid=1227895)[0m                                             'param_offload': False,
[36m(TaskRunner pid=1227895)[0m                                             'reshard_after_forward': True,
[36m(TaskRunner pid=1227895)[0m                                             'wrap_policy': {'min_num_params': 0}},
[36m(TaskRunner pid=1227895)[0m                             'input_tokenizer': '/models/Qwen2.5-Math-7B',
[36m(TaskRunner pid=1227895)[0m                             'path': '~/models/FsfairX-LLaMA3-RM-v0.1',
[36m(TaskRunner pid=1227895)[0m                             'trust_remote_code': False,
[36m(TaskRunner pid=1227895)[0m                             'use_fused_kernels': True,
[36m(TaskRunner pid=1227895)[0m                             'use_remove_padding': False,
[36m(TaskRunner pid=1227895)[0m                             'use_shm': False},
[36m(TaskRunner pid=1227895)[0m                   'num_processes': 128,
[36m(TaskRunner pid=1227895)[0m                   'profiler': {'all_ranks': False,
[36m(TaskRunner pid=1227895)[0m                                'discrete': False,
[36m(TaskRunner pid=1227895)[0m                                'ranks': None},
[36m(TaskRunner pid=1227895)[0m                   'reward_manager': 'prime',
[36m(TaskRunner pid=1227895)[0m                   'sandbox_fusion': {'max_concurrent': 64,
[36m(TaskRunner pid=1227895)[0m                                      'memory_limit_mb': 1024,
[36m(TaskRunner pid=1227895)[0m                                      'url': None},
[36m(TaskRunner pid=1227895)[0m                   'strategy': 'fsdp',
[36m(TaskRunner pid=1227895)[0m                   'ulysses_sequence_parallel_size': 1,
[36m(TaskRunner pid=1227895)[0m                   'use_dynamic_bsz': False},
[36m(TaskRunner pid=1227895)[0m  'trainer': {'balance_batch': True,
[36m(TaskRunner pid=1227895)[0m              'controller_nsight_options': {'cuda-graph-trace': 'graph',
[36m(TaskRunner pid=1227895)[0m                                            'cuda-memory-usage': 'true',
[36m(TaskRunner pid=1227895)[0m                                            'trace': 'cuda,nvtx,cublas,ucx'},
[36m(TaskRunner pid=1227895)[0m              'critic_warmup': 0,
[36m(TaskRunner pid=1227895)[0m              'default_hdfs_dir': None,
[36m(TaskRunner pid=1227895)[0m              'default_local_dir': '/tmp/ttrl_b200/checkpoints/ttrl_chunk_state_powerflow_supportflow_posteriorgain_nosplit_v26_softkeep_c12_fullguard_balanced_sourceweight_targetonly_nonzeromid_c128_b32_r32_v64_3step_20260802',
[36m(TaskRunner pid=1227895)[0m              'del_local_ckpt_after_load': False,
[36m(TaskRunner pid=1227895)[0m              'device': 'cuda',
[36m(TaskRunner pid=1227895)[0m              'esi_redundant_time': 0,
[36m(TaskRunner pid=1227895)[0m              'experiment_name': '0802-ttrl_chunk_state_powerflow_supportflow_posteriorgain_nosplit_v26_softkeep_c12_fullguard_balanced_sourceweight_targetonly_nonzeromid_c128_b32_r32_v64_3step_20260802-MATH-TTT-Qwen2.5-Math-7B-supportflow-posteriorgain-nosplit-v26-softkeep-c12-fullguard-balanced-sourceweight-targetonly-smoke',
[36m(TaskRunner pid=1227895)[0m              'final_val_enable': False,
[36m(TaskRunner pid=1227895)[0m              'log_val_generations': 0,
[36m(TaskRunner pid=1227895)[0m              'logger': ['console'],
[36m(TaskRunner pid=1227895)[0m              'max_actor_ckpt_to_keep': 0,
[36m(TaskRunner pid=1227895)[0m              'max_critic_ckpt_to_keep': 0,
[36m(TaskRunner pid=1227895)[0m              'n_gpus_per_node': 8,
[36m(TaskRunner pid=1227895)[0m              'nnodes': 1,
[36m(TaskRunner pid=1227895)[0m              'profile_steps': None,
[36m(TaskRunner pid=1227895)[0m              'project_name': 'TTRL-verl-local',
[36m(TaskRunner pid=1227895)[0m              'ray_wait_register_center_timeout': 300,
[36m(TaskRunner pid=1227895)[0m              'resume_from_path': None,
[36m(TaskRunner pid=1227895)[0m              'resume_mode': 'auto',
[36m(TaskRunner pid=1227895)[0m              'rollout_data_dir': None,
[36m(TaskRunner pid=1227895)[0m              'save_freq': -1,
[36m(TaskRunner pid=1227895)[0m              'test_freq': -1,
[36m(TaskRunner pid=1227895)[0m              'total_epochs': 1,
[36m(TaskRunner pid=1227895)[0m              'total_training_steps': 3,
[36m(TaskRunner pid=1227895)[0m              'val_before_train': False,
[36m(TaskRunner pid=1227895)[0m              'val_only': False,
[36m(TaskRunner pid=1227895)[0m              'validation_data_dir': None,
[36m(TaskRunner pid=1227895)[0m              'validation_metric_dump_path': '/mlx_devbox/users/quyanyi/playground/TTRL/important_experiment_logs/ttrl_chunk_state_powerflow_supportflow_posteriorgain_nosplit_v26_softkeep_c12_fullguard_balanced_sourceweight_targetonly_nonzeromid_c128_b32_r32_v64_3step_20260802_val_metrics.json',
[36m(TaskRunner pid=1227895)[0m              'worker_nsight_options': {'capture-range': 'cudaProfilerApi',
[36m(TaskRunner pid=1227895)[0m                                        'capture-range-end': None,
[36m(TaskRunner pid=1227895)[0m                                        'cuda-graph-trace': 'graph',
[36m(TaskRunner pid=1227895)[0m                                        'cuda-memory-usage': 'true',
[36m(TaskRunner pid=1227895)[0m                                        'kill': 'none',
[36m(TaskRunner pid=1227895)[0m                                        'trace': 'cuda,nvtx,cublas,ucx'}},
[36m(TaskRunner pid=1227895)[0m  'ttrl': {'chunk_state_actor_span': 'chunk',
[36m(TaskRunner pid=1227895)[0m           'chunk_state_alpha': 2.0,
[36m(TaskRunner pid=1227895)[0m           'chunk_state_answer_source_consistency_enable': False,
[36m(TaskRunner pid=1227895)[0m           'chunk_state_answer_support_min_mass': 0.0,
[36m(TaskRunner pid=1227895)[0m           'chunk_state_answer_support_score': 'mass',
[36m(TaskRunner pid=1227895)[0m           'chunk_state_boundaries': [0, 256, 512, 768, 1024],
[36m(TaskRunner pid=1227895)[0m           'chunk_state_boundary_mode': 'mid',
[36m(TaskRunner pid=1227895)[0m           'chunk_state_candidates': 12,
[36m(TaskRunner pid=1227895)[0m           'chunk_state_chunk_size': 128,
[36m(TaskRunner pid=1227895)[0m           'chunk_state_confidence_power': 0.0,
[36m(TaskRunner pid=1227895)[0m           'chunk_state_diag_enable': True,
[36m(TaskRunner pid=1227895)[0m           'chunk_state_diag_jsonl': '/mlx_devbox/users/quyanyi/playground/TTRL/important_experiment_logs/chunk_state_diag/ttrl_chunk_state_powerflow_supportflow_posteriorgain_nosplit_v26_softkeep_c12_fullguard_balanced_sourceweight_targetonly_nonzeromid_c128_b32_r32_v64_3step_20260802.jsonl',
[36m(TaskRunner pid=1227895)[0m           'chunk_state_enable': True,
[36m(TaskRunner pid=1227895)[0m           'chunk_state_eps': 0.05,
[36m(TaskRunner pid=1227895)[0m           'chunk_state_full_rollout_guard_assistant_marker': True,
[36m(TaskRunner pid=1227895)[0m           'chunk_state_full_rollout_guard_asy_repeat': True,
[36m(TaskRunner pid=1227895)[0m           'chunk_state_full_rollout_guard_document_marker': True,
[36m(TaskRunner pid=1227895)[0m           'chunk_state_full_rollout_guard_empty_boxed': True,
[36m(TaskRunner pid=1227895)[0m           'chunk_state_full_rollout_guard_enable': True,
[36m(TaskRunner pid=1227895)[0m           'chunk_state_full_rollout_guard_human_marker': True,
[36m(TaskRunner pid=1227895)[0m           'chunk_state_full_rollout_guard_max_boxed_count': 4,
[36m(TaskRunner pid=1227895)[0m           'chunk_state_full_rollout_guard_ngram_max_count': 4,
[36m(TaskRunner pid=1227895)[0m           'chunk_state_full_rollout_guard_ngram_repeat': True,
[36m(TaskRunner pid=1227895)[0m           'chunk_state_full_rollout_guard_ngram_size': 12,
[36m(TaskRunner pid=1227895)[0m           'chunk_state_full_rollout_guard_prompt_copy': True,
[36m(TaskRunner pid=1227895)[0m           'chunk_state_full_rollout_guard_prompt_copy_min_count': 2,
[36m(TaskRunner pid=1227895)[0m           'chunk_state_full_rollout_guard_source_only_clean': True,
[36m(TaskRunner pid=1227895)[0m           'chunk_state_future_support_anchor_prior_power': 1.0,
[36m(TaskRunner pid=1227895)[0m           'chunk_state_future_support_anchor_prior_weight': 0.0,
[36m(TaskRunner pid=1227895)[0m           'chunk_state_future_support_baseline_scale': 1.0,
[36m(TaskRunner pid=1227895)[0m           'chunk_state_future_support_gain_slack': 0.125,
[36m(TaskRunner pid=1227895)[0m           'chunk_state_future_support_keep_mode': 'soft',
[36m(TaskRunner pid=1227895)[0m           'chunk_state_future_support_max_mass_coef': 0.25,
[36m(TaskRunner pid=1227895)[0m           'chunk_state_future_support_max_state_oov': 1.0,
[36m(TaskRunner pid=1227895)[0m           'chunk_state_future_support_min_candidate_coverage': 0.0,
[36m(TaskRunner pid=1227895)[0m           'chunk_state_future_support_min_candidate_mean_mass': 0.0,
[36m(TaskRunner pid=1227895)[0m           'chunk_state_future_support_min_mass': 0.03125,
[36m(TaskRunner pid=1227895)[0m           'chunk_state_future_support_min_positive_margin': 0.0,
[36m(TaskRunner pid=1227895)[0m           'chunk_state_future_support_min_state_coverage': 0.0,
[36m(TaskRunner pid=1227895)[0m           'chunk_state_future_support_min_state_max_mass': 0.0,
[36m(TaskRunner pid=1227895)[0m           'chunk_state_future_support_min_state_mean_mass': 0.0,
[36m(TaskRunner pid=1227895)[0m           'chunk_state_future_support_min_state_top_margin': 0.0,
[36m(TaskRunner pid=1227895)[0m           'chunk_state_future_support_prior_smoothing': 0.0,
[36m(TaskRunner pid=1227895)[0m           'chunk_state_future_support_score_type': 'slack_gain',
[36m(TaskRunner pid=1227895)[0m           'chunk_state_future_support_soft_weight_floor': 0.2,
[36m(TaskRunner pid=1227895)[0m           'chunk_state_future_support_source_prior_weight': 2.0,
[36m(TaskRunner pid=1227895)[0m           'chunk_state_label_consistent_only': False,
[36m(TaskRunner pid=1227895)[0m           'chunk_state_max_prefix_tokens': 1024,
[36m(TaskRunner pid=1227895)[0m           'chunk_state_max_prompt_answer_entropy': 0.0,
[36m(TaskRunner pid=1227895)[0m           'chunk_state_mid_boundary_max_ratio': 0.75,
[36m(TaskRunner pid=1227895)[0m           'chunk_state_mid_boundary_min_ratio': 0.35,
[36m(TaskRunner pid=1227895)[0m           'chunk_state_mid_require_nonzero_boundary': True,
[36m(TaskRunner pid=1227895)[0m           'chunk_state_min_answer_coverage': 0.125,
[36m(TaskRunner pid=1227895)[0m           'chunk_state_min_boundary': 0,
[36m(TaskRunner pid=1227895)[0m           'chunk_state_min_informative_gap': 0.001,
[36m(TaskRunner pid=1227895)[0m           'chunk_state_min_majority_ratio': 0.0,
[36m(TaskRunner pid=1227895)[0m           'chunk_state_min_prompt_top_margin': 0.0,
[36m(TaskRunner pid=1227895)[0m           'chunk_state_min_prompt_top_mass': 0.35,
[36m(TaskRunner pid=1227895)[0m           'chunk_state_min_prompt_valid_answer_coverage': 0.5,
[36m(TaskRunner pid=1227895)[0m           'chunk_state_min_source_answer_mass': 0.15,
[36m(TaskRunner pid=1227895)[0m           'chunk_state_min_state_positive_margin': -1.0,
[36m(TaskRunner pid=1227895)[0m           'chunk_state_powerflow_weight_clip': 4.0,
[36m(TaskRunner pid=1227895)[0m           'chunk_state_powerflow_weight_clip_renorm': True,
[36m(TaskRunner pid=1227895)[0m           'chunk_state_probe_max_tokens': 3072,
[36m(TaskRunner pid=1227895)[0m           'chunk_state_probe_samples': 1,
[36m(TaskRunner pid=1227895)[0m           'chunk_state_prune_zero_weight_samples': True,
[36m(TaskRunner pid=1227895)[0m           'chunk_state_score_mode': 'support_flow',
[36m(TaskRunner pid=1227895)[0m           'chunk_state_skip_all_negative': False,
[36m(TaskRunner pid=1227895)[0m           'chunk_state_skip_empty_state_batch': True,
[36m(TaskRunner pid=1227895)[0m           'chunk_state_skip_uniform': False,
[36m(TaskRunner pid=1227895)[0m           'chunk_state_source_chunk_candidate_index': 0,
[36m(TaskRunner pid=1227895)[0m           'chunk_state_source_chunk_enable': True,
[36m(TaskRunner pid=1227895)[0m           'chunk_state_source_low_max_answer_mass': 0.35,
[36m(TaskRunner pid=1227895)[0m           'chunk_state_source_min_valid_answer_mass': 0.03125,
[36m(TaskRunner pid=1227895)[0m           'chunk_state_source_mixed_low_ratio': 0.75,
[36m(TaskRunner pid=1227895)[0m           'chunk_state_source_mode': 'majority_consistent',
[36m(TaskRunner pid=1227895)[0m           'chunk_state_source_quality_max_entropy': 0.0,
[36m(TaskRunner pid=1227895)[0m           'chunk_state_source_quality_weight_floor': 0.2,
[36m(TaskRunner pid=1227895)[0m           'chunk_state_source_quality_weight_mode': 'source_mass',
[36m(TaskRunner pid=1227895)[0m           'chunk_state_source_quality_weight_power': 1.0,
[36m(TaskRunner pid=1227895)[0m           'chunk_state_source_select_by_mass': True,
[36m(TaskRunner pid=1227895)[0m           'chunk_state_staged_probe_enable': False,
[36m(TaskRunner pid=1227895)[0m           'chunk_state_staged_probe_extra_max_tokens': 3072,
[36m(TaskRunner pid=1227895)[0m           'chunk_state_staged_probe_extra_samples': 4,
[36m(TaskRunner pid=1227895)[0m           'chunk_state_staged_probe_merge_mode': 'repeat_base',
[36m(TaskRunner pid=1227895)[0m           'chunk_state_staged_probe_topk': 2,
[36m(TaskRunner pid=1227895)[0m           'chunk_state_states_per_prompt': 1,
[36m(TaskRunner pid=1227895)[0m           'chunk_state_support_anchor_candidate_start': 1,
[36m(TaskRunner pid=1227895)[0m           'chunk_state_support_anchor_count': 7,
[36m(TaskRunner pid=1227895)[0m           'chunk_state_support_anchor_enable': True,
[36m(TaskRunner pid=1227895)[0m           'chunk_state_support_anchor_min_mass': 0.03125,
[36m(TaskRunner pid=1227895)[0m           'chunk_state_support_anchor_min_prefix_match': 0.75,
[36m(TaskRunner pid=1227895)[0m           'chunk_state_support_anchor_prefix_compat_enable': False,
[36m(TaskRunner pid=1227895)[0m           'chunk_state_support_anchor_prefix_compat_mode': 'hard',
[36m(TaskRunner pid=1227895)[0m           'chunk_state_support_anchor_prefix_compat_tokens': 128,
[36m(TaskRunner pid=1227895)[0m           'chunk_state_support_anchor_prefix_score_power': 1.0,
[36m(TaskRunner pid=1227895)[0m           'chunk_state_support_anchor_selection_mode': 'mass_ranked',
[36m(TaskRunner pid=1227895)[0m           'chunk_state_support_anchor_skip_source': True,
[36m(TaskRunner pid=1227895)[0m           'chunk_state_support_flow_answer_split_power': 1.0,
[36m(TaskRunner pid=1227895)[0m           'chunk_state_support_flow_baseline_scale': 0.5,
[36m(TaskRunner pid=1227895)[0m           'chunk_state_support_flow_gain_slack': 0.05,
[36m(TaskRunner pid=1227895)[0m           'chunk_state_support_flow_min_positive_margin': 0.0,
[36m(TaskRunner pid=1227895)[0m           'chunk_state_support_flow_posterior_split_duplicates': False,
[36m(TaskRunner pid=1227895)[0m           'chunk_state_support_flow_score_type': 'posterior_gain',
[36m(TaskRunner pid=1227895)[0m           'chunk_state_support_flow_softplus_temperature': 0.125,
[36m(TaskRunner pid=1227895)[0m           'chunk_state_support_flow_source_prior_weight': 1.0,
[36m(TaskRunner pid=1227895)[0m           'chunk_state_support_flow_split_mass_by_answer': False,
[36m(TaskRunner pid=1227895)[0m           'chunk_state_target_guard_anchor': True,
[36m(TaskRunner pid=1227895)[0m           'chunk_state_target_guard_bad_probe_ratio': 0.5,
[36m(TaskRunner pid=1227895)[0m           'chunk_state_target_guard_candidate_assistant_marker': True,
[36m(TaskRunner pid=1227895)[0m           'chunk_state_target_guard_candidate_asy_repeat': True,
[36m(TaskRunner pid=1227895)[0m           'chunk_state_target_guard_candidate_document_marker': True,
[36m(TaskRunner pid=1227895)[0m           'chunk_state_target_guard_candidate_empty_boxed': True,
[36m(TaskRunner pid=1227895)[0m           'chunk_state_target_guard_candidate_enable': True,
[36m(TaskRunner pid=1227895)[0m           'chunk_state_target_guard_candidate_human_marker': True,
[36m(TaskRunner pid=1227895)[0m           'chunk_state_target_guard_candidate_max_boxed_count': 1,
[36m(TaskRunner pid=1227895)[0m           'chunk_state_target_guard_candidate_ngram_max_count': 4,
[36m(TaskRunner pid=1227895)[0m           'chunk_state_target_guard_candidate_ngram_repeat': True,
[36m(TaskRunner pid=1227895)[0m           'chunk_state_target_guard_candidate_ngram_size': 8,
[36m(TaskRunner pid=1227895)[0m           'chunk_state_target_guard_candidate_prompt_copy': True,
[36m(TaskRunner pid=1227895)[0m           'chunk_state_target_guard_candidate_prompt_copy_min_chars': 160,
[36m(TaskRunner pid=1227895)[0m           'chunk_state_target_guard_candidate_prompt_copy_min_overlap': 1,
[36m(TaskRunner pid=1227895)[0m           'chunk_state_target_guard_candidate_prompt_copy_ngram_size': 24,
[36m(TaskRunner pid=1227895)[0m           'chunk_state_target_guard_enable': True,
[36m(TaskRunner pid=1227895)[0m           'chunk_state_target_guard_max_boxed_count': 2,
[36m(TaskRunner pid=1227895)[0m           'chunk_state_target_guard_min_answer_mass': 0.0,
[36m(TaskRunner pid=1227895)[0m           'chunk_state_target_guard_use_distribution_score': False,
[36m(TaskRunner pid=1227895)[0m           'chunk_state_target_guard_use_mass_gain': False,
[36m(TaskRunner pid=1227895)[0m           'chunk_state_teacher_anchor_candidate_index': 0,
[36m(TaskRunner pid=1227895)[0m           'chunk_state_teacher_anchor_enable': False,
[36m(TaskRunner pid=1227895)[0m           'chunk_state_teacher_anchor_score': 1.0,
[36m(TaskRunner pid=1227895)[0m           'chunk_state_zero_inconsistent_candidates': True,
[36m(TaskRunner pid=1227895)[0m Setting TOKENIZERS_PARALLELISM=false for forked processes.
[36m(TaskRunner pid=1227895)[0m WARNING:2026-08-02 13:05:15,032:Setting TOKENIZERS_PARALLELISM=false for forked processes.
[36m(TaskRunner pid=1227895)[0m Filtering prompts longer than 1024 tokens (num_proc=1):   0%|          | 0/500 [00:00<?, ? examples/s]
[36m(TaskRunner pid=1227895)[0m Filtering prompts longer than 1024 tokens (num_proc=1): 100%|██████████| 500/500 [00:01<00:00, 294.00 examples/s]
[36m(TaskRunner pid=1227895)[0m Filtering prompts longer than 1024 tokens (num_proc=1): 100%|██████████| 500/500 [00:01<00:00, 273.89 examples/s]
[36m(TaskRunner pid=1227895)[0m Setting TOKENIZERS_PARALLELISM=false for forked processes.
[36m(TaskRunner pid=1227895)[0m WARNING:2026-08-02 13:05:18,000:Setting TOKENIZERS_PARALLELISM=false for forked processes.
[36m(TaskRunner pid=1227895)[0m Filtering prompts longer than 1024 tokens (num_proc=1):   0%|          | 0/500 [00:00<?, ? examples/s]
[36m(TaskRunner pid=1227895)[0m Filtering prompts longer than 1024 tokens (num_proc=1): 100%|██████████| 500/500 [00:01<00:00, 292.89 examples/s]
[36m(TaskRunner pid=1227895)[0m Filtering prompts longer than 1024 tokens (num_proc=1): 100%|██████████| 500/500 [00:01<00:00, 267.51 examples/s]
[36m(TaskRunner pid=1227895)[0m DeprecationWarning: `ray.state.available_resources_per_node` is a private attribute and access will be removed in a future Ray version.
[36m(pid=1227893)[0m /mlx_devbox/users/quyanyi/playground/TTRL/verl/verl/__init__.py:18: UserWarning: pkg_resources is deprecated as an API. See https://setuptools.pypa.io/en/latest/pkg_resources.html. The pkg_resources package is slated for removal as early as 2025-11-30. Refrain from using this package or pin to Setuptools<81.
[36m(pid=1227893)[0m   import pkg_resources
[36m(pid=1227897)[0m /mlx_devbox/users/quyanyi/playground/.venvs/ttrl_b200/lib/python3.11/site-packages/huggingface_hub/constants.py:298: FutureWarning: The `HF_HUB_ENABLE_HF_TRANSFER` environment variable is deprecated as 'hf_transfer' is not used anymore. Please use `HF_XET_HIGH_PERFORMANCE` instead to enable high performance transfer with Xet. Visit https://huggingface.co/docs/huggingface_hub/package_reference/environment_variables#hfxethighperformance for more details.
[36m(pid=1227897)[0m   warnings.warn(
[36m(pid=1227906)[0m /mlx_devbox/users/quyanyi/playground/TTRL/verl/verl/__init__.py:18: UserWarning: pkg_resources is deprecated as an API. See https://setuptools.pypa.io/en/latest/pkg_resources.html. The pkg_resources package is slated for removal as early as 2025-11-30. Refrain from using this package or pin to Setuptools<81.[32m [repeated 7x across cluster] (Ray deduplicates logs by default. Set RAY_DEDUP_LOGS=0 to disable log deduplication, or see https://docs.ray.io/en/master/ray-observability/user-guides/configure-logging.html#log-deduplication for more options.)[0m
[36m(pid=1227906)[0m   import pkg_resources[32m [repeated 7x across cluster][0m
[36m(WorkerDict pid=1227893)[0m WARNING:2026-08-02 13:05:39,669:Initializing torch.distributed: rank=0 world_size=8 init_method=tcp://[fdbd:dc61:ff:f000:ffff:ffff:0:16]:43361 master=fdbd:dc61:ff:f000:ffff:ffff:0:16:43361
[36m(pid=1227904)[0m /mlx_devbox/users/quyanyi/playground/.venvs/ttrl_b200/lib/python3.11/site-packages/huggingface_hub/constants.py:298: FutureWarning: The `HF_HUB_ENABLE_HF_TRANSFER` environment variable is deprecated as 'hf_transfer' is not used anymore. Please use `HF_XET_HIGH_PERFORMANCE` instead to enable high performance transfer with Xet. Visit https://huggingface.co/docs/huggingface_hub/package_reference/environment_variables#hfxethighperformance for more details.[32m [repeated 7x across cluster][0m
[36m(pid=1227904)[0m   warnings.warn([32m [repeated 7x across cluster][0m
[36m(WorkerDict pid=1227906)[0m [W802 13:05:41.930666341 ProcessGroupNCCL.cpp:932] Warning: TORCH_NCCL_AVOID_RECORD_STREAMS is the default now, this environment variable is thus deprecated. (function operator())
[36m(WorkerDict pid=1227893)[0m Loading weights:   0%|          | 0/339 [00:00<?, ?it/s]Loading weights: 100%|██████████| 339/339 [00:00<00:00, 10599.02it/s]
[36m(TaskRunner pid=1227895)[0m           'enable': True,
[36m(TaskRunner pid=1227895)[0m           'majority_vote_num_processes': 64,
[36m(TaskRunner pid=1227895)[0m           'n_samples_per_prompt': 32,
[36m(TaskRunner pid=1227895)[0m           'n_votes_per_prompt': 64,
[36m(TaskRunner pid=1227895)[0m           'powerflow_no_majority': False,
[36m(TaskRunner pid=1227895)[0m           'sharpened_alpha': 2.0,
[36m(TaskRunner pid=1227895)[0m           'sharpened_conf_temperature': 1.0,
[36m(TaskRunner pid=1227895)[0m           'sharpened_enable': False,
[36m(TaskRunner pid=1227895)[0m           'sharpened_negative_enable': True,
[36m(TaskRunner pid=1227895)[0m           'sharpened_negative_reward': -0.25,
[36m(TaskRunner pid=1227895)[0m           'sharpened_reward_mode': 'prob',
[36m(TaskRunner pid=1227895)[0m           'sharpened_soft_coef': 0.25,
[36m(TaskRunner pid=1227895)[0m           'sharpened_tau_low': 0.125,
[36m(TaskRunner pid=1227895)[0m           'sharpened_tau_marg': 0.125,
[36m(TaskRunner pid=1227895)[0m           'sharpened_tau_pos': 0.375,
[36m(TaskRunner pid=1227895)[0m           'sharpened_use_confidence': True}}
[36m(TaskRunner pid=1227895)[0m using customized reward function 'reward_func' from './verl/utils/reward_score/ttrl_math/__init__.py'
[36m(TaskRunner pid=1227895)[0m using customized reward function 'reward_func' from './verl/utils/reward_score/ttrl_math/__init__.py'
[36m(TaskRunner pid=1227895)[0m Using dataset class: RLHFDataset
[36m(TaskRunner pid=1227895)[0m dataset len: 500
[36m(TaskRunner pid=1227895)[0m filter dataset len: 500
[36m(TaskRunner pid=1227895)[0m Using dataset class: RLHFDataset
[36m(TaskRunner pid=1227895)[0m dataset len: 500
[36m(TaskRunner pid=1227895)[0m filter dataset len: 500
[36m(TaskRunner pid=1227895)[0m [validate_config] All configuration checks passed successfully!
[36m(TaskRunner pid=1227895)[0m Size of train dataloader: 15, Size of val dataloader: 1
[36m(TaskRunner pid=1227895)[0m Total training steps: 3
[36m(TaskRunner pid=1227895)[0m colocated worker base class <class 'verl.single_controller.base.worker.Worker'>
[36m(WorkerDict pid=1227893)[0m Model config after override: Qwen2Config {
[36m(WorkerDict pid=1227893)[0m   "architectures": [
[36m(WorkerDict pid=1227893)[0m     "Qwen2ForCausalLM"
[36m(WorkerDict pid=1227893)[0m   ],
[36m(WorkerDict pid=1227893)[0m   "attention_dropout": 0.0,
[36m(WorkerDict pid=1227893)[0m   "bos_token_id": null,
[36m(WorkerDict pid=1227893)[0m   "dtype": "bfloat16",
[36m(WorkerDict pid=1227893)[0m   "eos_token_id": 151643,
[36m(WorkerDict pid=1227893)[0m   "hidden_act": "silu",
[36m(WorkerDict pid=1227893)[0m   "hidden_size": 3584,
[36m(WorkerDict pid=1227893)[0m   "initializer_range": 0.02,
[36m(WorkerDict pid=1227893)[0m   "intermediate_size": 18944,
[36m(WorkerDict pid=1227893)[0m   "layer_types": [
[36m(WorkerDict pid=1227893)[0m     "full_attention",
[36m(WorkerDict pid=1227893)[0m     "full_attention",
[36m(WorkerDict pid=1227893)[0m     "full_attention",
[36m(WorkerDict pid=1227893)[0m     "full_attention",
[36m(WorkerDict pid=1227893)[0m     "full_attention",
[36m(WorkerDict pid=1227893)[0m     "full_attention",
[36m(WorkerDict pid=1227893)[0m     "full_attention",
[36m(WorkerDict pid=1227893)[0m     "full_attention",
[36m(WorkerDict pid=1227893)[0m     "full_attention",
[36m(WorkerDict pid=1227893)[0m     "full_attention",
[36m(WorkerDict pid=1227893)[0m     "full_attention",
[36m(WorkerDict pid=1227893)[0m     "full_attention",
[36m(WorkerDict pid=1227893)[0m     "full_attention",
[36m(WorkerDict pid=1227893)[0m     "full_attention",
[36m(WorkerDict pid=1227893)[0m     "full_attention",
[36m(WorkerDict pid=1227893)[0m     "full_attention",
[36m(WorkerDict pid=1227893)[0m     "full_attention",
[36m(WorkerDict pid=1227893)[0m     "full_attention",
[36m(WorkerDict pid=1227893)[0m     "full_attention",
[36m(WorkerDict pid=1227893)[0m     "full_attention",
[36m(WorkerDict pid=1227893)[0m     "full_attention",
[36m(WorkerDict pid=1227893)[0m     "full_attention",
[36m(WorkerDict pid=1227893)[0m     "full_attention",
[36m(WorkerDict pid=1227893)[0m     "full_attention",
[36m(WorkerDict pid=1227893)[0m     "full_attention",
[36m(WorkerDict pid=1227893)[0m     "full_attention",
[36m(WorkerDict pid=1227893)[0m     "full_attention",
[36m(WorkerDict pid=1227893)[0m     "full_attention"
[36m(WorkerDict pid=1227893)[0m   ],
[36m(WorkerDict pid=1227893)[0m   "max_position_embeddings": 4096,
[36m(WorkerDict pid=1227893)[0m   "max_window_layers": 28,
[36m(WorkerDict pid=1227893)[0m   "model_type": "qwen2",
[36m(WorkerDict pid=1227893)[0m   "num_attention_heads": 28,
[36m(WorkerDict pid=1227893)[0m   "num_hidden_layers": 28,
[36m(WorkerDict pid=1227893)[0m   "num_key_value_heads": 4,
[36m(WorkerDict pid=1227893)[0m   "pad_token_id": 151643,
[36m(WorkerDict pid=1227893)[0m   "rms_norm_eps": 1e-06,
[36m(WorkerDict pid=1227893)[0m   "rope_parameters": {
[36m(WorkerDict pid=1227893)[0m     "rope_theta": 10000,
[36m(WorkerDict pid=1227893)[0m     "rope_type": "default"
[36m(WorkerDict pid=1227893)[0m   },
[36m(WorkerDict pid=1227893)[0m   "sliding_window": null,
[36m(WorkerDict pid=1227893)[0m   "tie_word_embeddings": false,
[36m(WorkerDict pid=1227893)[0m   "transformers_version": "5.12.1",
[36m(WorkerDict pid=1227893)[0m   "use_cache": true,
[36m(WorkerDict pid=1227893)[0m   "use_mrope": false,
[36m(WorkerDict pid=1227893)[0m   "use_sliding_window": false,
[36m(WorkerDict pid=1227893)[0m   "vocab_size": 152064
[36m(WorkerDict pid=1227893)[0m }
[36m(WorkerDict pid=1227893)[0m 
[36m(WorkerDict pid=1227893)[0m ref attention implementation verified: sdpa
[36m(WorkerDict pid=1227893)[0m Monkey patch _flash_attention_forward in transformers.integrations.flash_attention
[36m(WorkerDict pid=1227893)[0m Using Triton backend for fused kernels in Qwen2ForCausalLM
[36m(WorkerDict pid=1227893)[0m Qwen2ForCausalLM contains 7.62B parameters
[36m(WorkerDict pid=1227893)[0m wrap_policy: functools.partial(<function _or_policy at 0x7f33285a7420>, policies=[functools.partial(<function transformer_auto_wrap_policy at 0x7f33285a72e0>, transformer_layer_cls={<class 'transformers.models.qwen2.modeling_qwen2.Qwen2DecoderLayer'>})])
[36m(WorkerDict pid=1227893)[0m trial-302172199-trialrun-302172199-worker-0:1227893:1227893 [0] NCCL INFO ENV/Plugin: Could not find: libnccl-env.so
[36m(WorkerDict pid=1227893)[0m trial-302172199-trialrun-302172199-worker-0:1227893:1227893 [0] NCCL INFO NCCL_SOCKET_FAMILY set by environment to AF_INET6
[36m(WorkerDict pid=1227893)[0m trial-302172199-trialrun-302172199-worker-0:1227893:1227893 [0] NCCL INFO NCCL_SOCKET_IFNAME set by environment to =eth0
[36m(WorkerDict pid=1227893)[0m trial-302172199-trialrun-302172199-worker-0:1227893:1227893 [0] NCCL INFO cudaDriverVersion 13000
[36m(WorkerDict pid=1227893)[0m trial-302172199-trialrun-302172199-worker-0:1227893:1227893 [0] NCCL INFO NCCL version 2.28.9+cuda13.0
[36m(WorkerDict pid=1227893)[0m trial-302172199-trialrun-302172199-worker-0:1227893:1227893 [0] NCCL INFO Comm config Blocking set to 1
[36m(WorkerDict pid=1227893)[0m trial-302172199-trialrun-302172199-worker-0:1227893:1227893 [0] NCCL INFO NCCL_NET_PLUGIN set by environment to none
[36m(WorkerDict pid=1227893)[0m trial-302172199-trialrun-302172199-worker-0:1227893:1227893 [0] NCCL INFO NCCL_SOCKET_FAMILY set by environment to AF_INET6
[36m(WorkerDict pid=1227893)[0m trial-302172199-trialrun-302172199-worker-0:1227893:1227893 [0] NCCL INFO NCCL_SOCKET_IFNAME set by environment to =eth0
[36m(WorkerDict pid=1227893)[0m trial-302172199-trialrun-302172199-worker-0:1227893:1227893 [0] NCCL INFO NET/Socket : Using [0]eth0:fdbd:dc61:ff:f000:ffff:ffff:0:16<0>
[36m(WorkerDict pid=1227893)[0m trial-302172199-trialrun-302172199-worker-0:1227893:1227893 [0] NCCL INFO Initialized NET plugin Socket
[36m(WorkerDict pid=1227893)[0m trial-302172199-trialrun-302172199-worker-0:1227893:1227893 [0] NCCL INFO Assigned NET plugin Socket to comm
[36m(WorkerDict pid=1227893)[0m trial-302172199-trialrun-302172199-worker-0:1227893:1227893 [0] NCCL INFO Using network Socket
[36m(WorkerDict pid=1227893)[0m trial-302172199-trialrun-302172199-worker-0:1227893:1227893 [0] NCCL INFO ncclCommInitRankConfig comm 0xed36f80 rank 0 nranks 8 cudaDev 0 nvmlDev 0 busId f000 commId 0xecc382db67e6ab50 - Init START
[36m(WorkerDict pid=1227893)[0m trial-302172199-trialrun-302172199-worker-0:1227893:1227893 [0] NCCL INFO RAS client listening socket at ::1<28028>
[36m(WorkerDict pid=1227893)[0m trial-302172199-trialrun-302172199-worker-0:1227893:1227893 [0] NCCL INFO MNNVL busId 0xf000 fabric UUID 0.0 cliqueId 0x0 state 3 healthMask 0x80
[36m(WorkerDict pid=1227893)[0m trial-302172199-trialrun-302172199-worker-0:1227893:1227893 [0] NCCL INFO Could not find real path of /sys/class/pci_bus/fffffff/../../fffffff:ff:f
[36m(WorkerDict pid=1227893)[0m trial-302172199-trialrun-302172199-worker-0:1227893:1227893 [0] NCCL INFO TOPO/NET : Importing network plugins to topology
[36m(WorkerDict pid=1227893)[0m trial-302172199-trialrun-302172199-worker-0:1227893:1227893 [0] NCCL INFO ncclTopoPopulateNics : Filled eth0 in topo with pciPath=(null) keep=1 coll=(null)
[36m(WorkerDict pid=1227893)[0m trial-302172199-trialrun-302172199-worker-0:1227893:1227893 [0] NCCL INFO === System : maxBw 721.8 totalBw 721.8 ===
[36m(WorkerDict pid=1227893)[0m trial-302172199-trialrun-302172199-worker-0:1227893:1227893 [0] NCCL INFO CPU/0-0 (1/1/4)
[36m(WorkerDict pid=1227893)[0m trial-302172199-trialrun-302172199-worker-0:1227893:1227893 [0] NCCL INFO + PCI[5000.0] - NIC/0-0
[36m(WorkerDict pid=1227893)[0m trial-302172199-trialrun-302172199-worker-0:1227893:1227893 [0] NCCL INFO                 + NET[1.2] - NET/0-0 (0/0/0/1.250000)
[36m(WorkerDict pid=1227893)[0m trial-302172199-trialrun-302172199-worker-0:1227893:1227893 [0] NCCL INFO                 + NET[1.2] - NET/0-0 (0/0/0/1.250000)
[36m(WorkerDict pid=1227893)[0m trial-302172199-trialrun-302172199-worker-0:1227893:1227893 [0] NCCL INFO + PCI[48.0] - PCI/0-8000 (1000c0301000ffff)
[36m(WorkerDict pid=1227893)[0m trial-302172199-trialrun-302172199-worker-0:1227893:1227893 [0] NCCL INFO               + PCI[48.0] - GPU/0-f000 (0)
[36m(WorkerDict pid=1227893)[0m trial-302172199-trialrun-302172199-worker-0:1227893:1227893 [0] NCCL INFO                             + NVL[721.8] - NVS/0-0
[36m(WorkerDict pid=1227893)[0m trial-302172199-trialrun-302172199-worker-0:1227893:1227893 [0] NCCL INFO + PCI[48.0] - PCI/0-26000 (1000c0301000ffff)
[36m(WorkerDict pid=1227893)[0m trial-302172199-trialrun-302172199-worker-0:1227893:1227893 [0] NCCL INFO               + PCI[48.0] - GPU/0-2d000 (1)
[36m(WorkerDict pid=1227893)[0m trial-302172199-trialrun-302172199-worker-0:1227893:1227893 [0] NCCL INFO                             + NVL[721.8] - NVS/0-0
[36m(WorkerDict pid=1227893)[0m trial-302172199-trialrun-302172199-worker-0:1227893:1227893 [0] NCCL INFO + PCI[48.0] - PCI/0-3d000 (1000c0301000ffff)
[36m(WorkerDict pid=1227893)[0m trial-302172199-trialrun-302172199-worker-0:1227893:1227893 [0] NCCL INFO               + PCI[48.0] - GPU/0-44000 (2)
[36m(WorkerDict pid=1227893)[0m trial-302172199-trialrun-302172199-worker-0:1227893:1227893 [0] NCCL INFO                             + NVL[721.8] - NVS/0-0
[36m(WorkerDict pid=1227893)[0m trial-302172199-trialrun-302172199-worker-0:1227893:1227893 [0] NCCL INFO + PCI[48.0] - PCI/0-54000 (1000c0301000ffff)
[36m(WorkerDict pid=1227893)[0m trial-302172199-trialrun-302172199-worker-0:1227893:1227893 [0] NCCL INFO               + PCI[48.0] - GPU/0-5b000 (3)
[36m(WorkerDict pid=1227893)[0m trial-302172199-trialrun-302172199-worker-0:1227893:1227893 [0] NCCL INFO                             + NVL[721.8] - NVS/0-0
[36m(WorkerDict pid=1227893)[0m trial-302172199-trialrun-302172199-worker-0:1227893:1227893 [0] NCCL INFO + SYS[40.0] - CPU/0-1
[36m(WorkerDict pid=1227893)[0m trial-302172199-trialrun-302172199-worker-0:1227893:1227893 [0] NCCL INFO CPU/0-1 (1/1/4)
[36m(WorkerDict pid=1227893)[0m trial-302172199-trialrun-302172199-worker-0:1227893:1227893 [0] NCCL INFO + PCI[48.0] - PCI/0-82000 (1000c0301000ffff)
[36m(WorkerDict pid=1227893)[0m trial-302172199-trialrun-302172199-worker-0:1227893:1227893 [0] NCCL INFO               + PCI[48.0] - GPU/0-89000 (4)
[36m(WorkerDict pid=1227893)[0m trial-302172199-trialrun-302172199-worker-0:1227893:1227893 [0] NCCL INFO                             + NVL[721.8] - NVS/0-0
[36m(WorkerDict pid=1227893)[0m trial-302172199-trialrun-302172199-worker-0:1227893:1227893 [0] NCCL INFO + PCI[48.0] - PCI/0-a1000 (1000c0301000ffff)
[36m(WorkerDict pid=1227893)[0m trial-302172199-trialrun-302172199-worker-0:1227893:1227893 [0] NCCL INFO               + PCI[48.0] - GPU/0-a8000 (5)
[36m(WorkerDict pid=1227893)[0m trial-302172199-trialrun-302172199-worker-0:1227893:1227893 [0] NCCL INFO                             + NVL[721.8] - NVS/0-0
[36m(WorkerDict pid=1227893)[0m trial-302172199-trialrun-302172199-worker-0:1227893:1227893 [0] NCCL INFO + PCI[48.0] - PCI/0-b9000 (1000c0301000ffff)
[36m(WorkerDict pid=1227893)[0m trial-302172199-trialrun-302172199-worker-0:1227893:1227893 [0] NCCL INFO               + PCI[48.0] - GPU/0-c0000 (6)
[36m(WorkerDict pid=1227893)[0m trial-302172199-trialrun-302172199-worker-0:1227893:1227893 [0] NCCL INFO                             + NVL[721.8] - NVS/0-0
[36m(WorkerDict pid=1227893)[0m trial-302172199-trialrun-302172199-worker-0:1227893:1227893 [0] NCCL INFO + PCI[48.0] - PCI/0-d1000 (1000c0301000ffff)
[36m(WorkerDict pid=1227893)[0m trial-302172199-trialrun-302172199-worker-0:1227893:1227893 [0] NCCL INFO               + PCI[48.0] - GPU/0-d8000 (7)
[36m(WorkerDict pid=1227893)[0m trial-302172199-trialrun-302172199-worker-0:1227893:1227893 [0] NCCL INFO                             + NVL[721.8] - NVS/0-0
[36m(WorkerDict pid=1227893)[0m trial-302172199-trialrun-302172199-worker-0:1227893:1227893 [0] NCCL INFO + SYS[40.0] - CPU/0-0
[36m(WorkerDict pid=1227893)[0m trial-302172199-trialrun-302172199-worker-0:1227893:1227893 [0] NCCL INFO ==========================================
[36m(WorkerDict pid=1227893)[0m trial-302172199-trialrun-302172199-worker-0:1227893:1227893 [0] NCCL INFO GPU/0-f000 :GPU/0-f000 (0/5000.0/LOC) GPU/0-2d000 (2/721.8/NVL) GPU/0-44000 (2/721.8/NVL) GPU/0-5b000 (2/721.8/NVL) GPU/0-89000 (2/721.8/NVL) GPU/0-a8000 (2/721.8/NVL) GPU/0-c0000 (2/721.8/NVL) GPU/0-d8000 (2/721.8/NVL) NVS/0-0 (1/721.8/NVL) CPU/0-0 (2/48.0/PHB) CPU/0-1 (3/40.0/SYS) NET/0-0 (4/1.2/PHB) NET/0-0 (0/0.0/DIS) 
[36m(WorkerDict pid=1227893)[0m trial-302172199-trialrun-302172199-worker-0:1227893:1227893 [0] NCCL INFO GPU/0-2d000 :GPU/0-f000 (2/721.8/NVL) GPU/0-2d000 (0/5000.0/LOC) GPU/0-44000 (2/721.8/NVL) GPU/0-5b000 (2/721.8/NVL) GPU/0-89000 (2/721.8/NVL) GPU/0-a8000 (2/721.8/NVL) GPU/0-c0000 (2/721.8/NVL) GPU/0-d8000 (2/721.8/NVL) NVS/0-0 (1/721.8/NVL) CPU/0-0 (2/48.0/PHB) CPU/0-1 (3/40.0/SYS) NET/0-0 (4/1.2/PHB) NET/0-0 (0/0.0/DIS) 
[36m(WorkerDict pid=1227893)[0m trial-302172199-trialrun-302172199-worker-0:1227893:1227893 [0] NCCL INFO GPU/0-44000 :GPU/0-f000 (2/721.8/NVL) GPU/0-2d000 (2/721.8/NVL) GPU/0-44000 (0/5000.0/LOC) GPU/0-5b000 (2/721.8/NVL) GPU/0-89000 (2/721.8/NVL) GPU/0-a8000 (2/721.8/NVL) GPU/0-c0000 (2/721.8/NVL) GPU/0-d8000 (2/721.8/NVL) NVS/0-0 (1/721.8/NVL) CPU/0-0 (2/48.0/PHB) CPU/0-1 (3/40.0/SYS) NET/0-0 (4/1.2/PHB) NET/0-0 (0/0.0/DIS) 
[36m(WorkerDict pid=1227893)[0m trial-302172199-trialrun-302172199-worker-0:1227893:1227893 [0] NCCL INFO GPU/0-5b000 :GPU/0-f000 (2/721.8/NVL) GPU/0-2d000 (2/721.8/NVL) GPU/0-44000 (2/721.8/NVL) GPU/0-5b000 (0/5000.0/LOC) GPU/0-89000 (2/721.8/NVL) GPU/0-a8000 (2/721.8/NVL) GPU/0-c0000 (2/721.8/NVL) GPU/0-d8000 (2/721.8/NVL) NVS/0-0 (1/721.8/NVL) CPU/0-0 (2/48.0/PHB) CPU/0-1 (3/40.0/SYS) NET/0-0 (4/1.2/PHB) NET/0-0 (0/0.0/DIS) 
[36m(WorkerDict pid=1227893)[0m trial-302172199-trialrun-302172199-worker-0:1227893:1227893 [0] NCCL INFO GPU/0-89000 :GPU/0-f000 (2/721.8/NVL) GPU/0-2d000 (2/721.8/NVL) GPU/0-44000 (2/721.8/NVL) GPU/0-5b000 (2/721.8/NVL) GPU/0-89000 (0/5000.0/LOC) GPU/0-a8000 (2/721.8/NVL) GPU/0-c0000 (2/721.8/NVL) GPU/0-d8000 (2/721.8/NVL) NVS/0-0 (1/721.8/NVL) CPU/0-0 (3/40.0/SYS) CPU/0-1 (2/48.0/PHB) NET/0-0 (5/1.2/SYS)
[36m(WorkerDict pid=1227893)[0m  NET/0-0 (0/0.0/DIS) 
[36m(WorkerDict pid=1227893)[0m trial-302172199-trialrun-302172199-worker-0:1227893:1227893 [0] NCCL INFO ncclTopoGetCpuAffinity: Affinity for GPU 0 is 0-62,128-190. (GPU affinity = 0-63,128-191 ; CPU affinity = 0-62,64-126,128-190,192-254).
[36m(WorkerDict pid=1227893)[0m trial-302172199-trialrun-302172199-worker-0:1227893:1227893 [0] NCCL INFO NCCL_NVLS_ENABLE set by environment to 1.
[36m(WorkerDict pid=1227893)[0m trial-302172199-trialrun-302172199-worker-0:1227893:1227893 [0] NCCL INFO NVLS multicast support is available on dev 0 (NVLS_NCHANNELS 24)
[36m(WorkerDict pid=1227893)[0m trial-302172199-trialrun-302172199-worker-0:1227893:1227893 [0] NCCL INFO Pattern 4, crossNic 0, nChannels 16, bw 45.000000/45.000000, type NVL/PIX, sameChannels 1
[36m(WorkerDict pid=1227893)[0m trial-302172199-trialrun-302172199-worker-0:1227893:1227893 [0] NCCL INFO  0 : GPU/0-f000 GPU/0-2d000 GPU/0-44000 GPU/0-5b000 GPU/0-89000 GPU/0-a8000 GPU/0-c0000 GPU/0-d8000
[36m(WorkerDict pid=1227893)[0m trial-302172199-trialrun-302172199-worker-0:1227893:1227893 [0] NCCL INFO  1 : GPU/0-f000 GPU/0-2d000 GPU/0-44000 GPU/0-5b000 GPU/0-89000 GPU/0-a8000 GPU/0-c0000 GPU/0-d8000
[36m(WorkerDict pid=1227893)[0m trial-302172199-trialrun-302172199-worker-0:1227893:1227893 [0] NCCL INFO  2 : GPU/0-f000 GPU/0-2d000 GPU/0-44000 GPU/0-5b000 GPU/0-89000 GPU/0-a8000 GPU/0-c0000 GPU/0-d8000
[36m(WorkerDict pid=1227893)[0m trial-302172199-trialrun-302172199-worker-0:1227893:1227893 [0] NCCL INFO  3 : GPU/0-f000 GPU/0-2d000 GPU/0-44000 GPU/0-5b000 GPU/0-89000 GPU/0-a8000 GPU/0-c0000 GPU/0-d8000
[36m(WorkerDict pid=1227893)[0m trial-302172199-trialrun-302172199-worker-0:1227893:1227893 [0] NCCL INFO  4 : GPU/0-f000 GPU/0-2d000 GPU/0-44000 GPU/0-5b000 GPU/0-89000 GPU/0-a8000 GPU/0-c0000 GPU/0-d8000
[36m(WorkerDict pid=1227893)[0m trial-302172199-trialrun-302172199-worker-0:1227893:1227893 [0] NCCL INFO  5 : GPU/0-f000 GPU/0-2d000 GPU/0-44000 GPU/0-5b000 GPU/0-89000 GPU/0-a8000 GPU/0-c0000 GPU/0-d8000
[36m(WorkerDict pid=1227893)[0m trial-302172199-trialrun-302172199-worker-0:1227893:1227893 [0] NCCL INFO  6 : GPU/0-f000 GPU/0-2d000 GPU/0-44000 GPU/0-5b000 GPU/0-89000 GPU/0-a8000 GPU/0-c0000 GPU/0-d8000
[36m(WorkerDict pid=1227893)[0m trial-302172199-trialrun-302172199-worker-0:1227893:1227893 [0] NCCL INFO  7 : GPU/0-f000 GPU/0-2d000 GPU/0-44000 GPU/0-5b000 GPU/0-89000 GPU/0-a8000 GPU/0-c0000 GPU/0-d8000
[36m(WorkerDict pid=1227893)[0m trial-302172199-trialrun-302172199-worker-0:1227893:1227893 [0] NCCL INFO  8 : GPU/0-f000 GPU/0-2d000 GPU/0-44000 GPU/0-5b000 GPU/0-89000 GPU/0-a8000 GPU/0-c0000 GPU/0-d8000
[36m(WorkerDict pid=1227893)[0m trial-302172199-trialrun-302172199-worker-0:1227893:1227893 [0] NCCL INFO  9 : GPU/0-f000 GPU/0-2d000 GPU/0-44000 GPU/0-5b000 GPU/0-89000 GPU/0-a8000 GPU/0-c0000 GPU/0-d8000
[36m(WorkerDict pid=1227893)[0m trial-302172199-trialrun-302172199-worker-0:1227893:1227893 [0] NCCL INFO 10 : GPU/0-f000 GPU/0-2d000 GPU/0-44000 GPU/0-5b000 GPU/0-89000 GPU/0-a8000 GPU/0-c0000 GPU/0-d8000
[36m(WorkerDict pid=1227893)[0m trial-302172199-trialrun-302172199-worker-0:1227893:1227893 [0] NCCL INFO 11 : GPU/0-f000 GPU/0-2d000 GPU/0-44000 GPU/0-5b000 GPU/0-89000 GPU/0-a8000 GPU/0-c0000 GPU/0-d8000
[36m(WorkerDict pid=1227893)[0m trial-302172199-trialrun-302172199-worker-0:1227893:1227893 [0] NCCL INFO 12 : GPU/0-f000 GPU/0-2d000 GPU/0-44000 GPU/0-5b000 GPU/0-89000 GPU/0-a8000 GPU/0-c0000 GPU/0-d8000
[36m(WorkerDict pid=1227893)[0m trial-302172199-trialrun-302172199-worker-0:1227893:1227893 [0] NCCL INFO 13 : GPU/0-f000 GPU/0-2d000 GPU/0-44000 GPU/0-5b000 GPU/0-89000 GPU/0-a8000 GPU/0-c0000 GPU/0-d8000
[36m(WorkerDict pid=1227893)[0m trial-302172199-trialrun-302172199-worker-0:1227893:1227893 [0] NCCL INFO 14 : GPU/0-f000 GPU/0-2d000 GPU/0-44000 GPU/0-5b000 GPU/0-89000 GPU/0-a8000 GPU/0-c0000 GPU/0-d8000
[36m(WorkerDict pid=1227893)[0m trial-302172199-trialrun-302172199-worker-0:1227893:1227893 [0] NCCL INFO 15 : GPU/0-f000 GPU/0-2d000 GPU/0-44000 GPU/0-5b000 GPU/0-89000 GPU/0-a8000 GPU/0-c0000 GPU/0-d8000
[36m(WorkerDict pid=1227893)[0m trial-302172199-trialrun-302172199-worker-0:1227893:1227893 [0] NCCL INFO Pattern 1, crossNic 0, nChannels 16, bw 40.000000/40.000000, type NVL/PIX, sameChannels 1
[36m(WorkerDict pid=1227893)[0m trial-302172199-trialrun-302172199-worker-0:1227893:1227893 [0] NCCL INFO  0 : GPU/0-f000 GPU/0-2d000 GPU/0-44000 GPU/0-5b000 GPU/0-89000 GPU/0-a8000 GPU/0-c0000 GPU/0-d8000
[36m(WorkerDict pid=1227893)[0m trial-302172199-trialrun-302172199-worker-0:1227893:1227893 [0] NCCL INFO  1 : GPU/0-f000 GPU/0-2d000 GPU/0-44000 GPU/0-5b000 GPU/0-89000 GPU/0-a8000 GPU/0-c0000 GPU/0-d8000
[36m(WorkerDict pid=1227893)[0m trial-302172199-trialrun-302172199-worker-0:1227893:1227893 [0] NCCL INFO  2 : GPU/0-f000 GPU/0-2d000 GPU/0-44000 GPU/0-5b000 GPU/0-89000 GPU/0-a8000 GPU/0-c0000 GPU/0-d8000
[36m(WorkerDict pid=1227893)[0m trial-302172199-trialrun-302172199-worker-0:1227893:1227893 [0] NCCL INFO  3 : GPU/0-f000 GPU/0-2d000 GPU/0-44000 GPU/0-5b000 GPU/0-89000 GPU/0-a8000 GPU/0-c0000 GPU/0-d8000
[36m(WorkerDict pid=1227893)[0m trial-302172199-trialrun-302172199-worker-0:1227893:1227893 [0] NCCL INFO  4 : GPU/0-f000 GPU/0-2d000 GPU/0-44000 GPU/0-5b000 GPU/0-89000 GPU/0-a8000 GPU/0-c0000 GPU/0-d8000
[36m(WorkerDict pid=1227893)[0m trial-302172199-trialrun-302172199-worker-0:1227893:1227893 [0] NCCL INFO  5 : GPU/0-f000 GPU/0-2d000 GPU/0-44000 GPU/0-5b000 GPU/0-89000 GPU/0-a8000 GPU/0-c0000 GPU/0-d8000
[36m(WorkerDict pid=1227893)[0m trial-302172199-trialrun-302172199-worker-0:1227893:1227893 [0] NCCL INFO  6 : GPU/0-f000 GPU/0-2d000 GPU/0-44000 GPU/0-5b000 GPU/0-89000 GPU/0-a8000 GPU/0-c0000 GPU/0-d8000
[36m(WorkerDict pid=1227893)[0m trial-302172199-trialrun-302172199-worker-0:1227893:1227893 [0] NCCL INFO  7 : GPU/0-f000 GPU/0-2d000 GPU/0-44000 GPU/0-5b000 GPU/0-89000 GPU/0-a8000 GPU/0-c0000 GPU/0-d8000
[36m(WorkerDict pid=1227893)[0m trial-302172199-trialrun-302172199-worker-0:1227893:1227893 [0] NCCL INFO  8 : GPU/0-f000 GPU/0-2d000 GPU/0-44000 GPU/0-5b000 GPU/0-89000 GPU/0-a8000 GPU/0-c0000 GPU/0-d8000
[36m(WorkerDict pid=1227893)[0m trial-302172199-trialrun-302172199-worker-0:1227893:1227893 [0] NCCL INFO  9 : GPU/0-f000 GPU/0-2d000 GPU/0-44000 GPU/0-5b000 GPU/0-89000 GPU/0-a8000 GPU/0-c0000 GPU/0-d8000
[36m(WorkerDict pid=1227893)[0m trial-302172199-trialrun-302172199-worker-0:1227893:1227893 [0] NCCL INFO 10 : GPU/0-f000 GPU/0-2d000 GPU/0-44000 GPU/0-5b000 GPU/0-89000 GPU/0-a8000 GPU/0-c0000 GPU/0-d8000
[36m(WorkerDict pid=1227893)[0m trial-302172199-trialrun-302172199-worker-0:1227893:1227893 [0] NCCL INFO 11 : GPU/0-f000 GPU/0-2d000 GPU/0-44000 GPU/0-5b000 GPU/0-89000 GPU/0-a8000 GPU/0-c0000 GPU/0-d8000
[36m(WorkerDict pid=1227893)[0m trial-302172199-trialrun-302172199-worker-0:1227893:1227893 [0] NCCL INFO 12 : GPU/0-f000 GPU/0-2d000 GPU/0-44000 GPU/0-5b000 GPU/0-89000 GPU/0-a8000 GPU/0-c0000 GPU/0-d8000
[36m(WorkerDict pid=1227893)[0m trial-302172199-trialrun-302172199-worker-0:1227893:1227893 [0] NCCL INFO 13 : GPU/0-f000 GPU/0-2d000 GPU/0-44000 GPU/0-5b000 GPU/0-89000 GPU/0-a8000 GPU/0-c0000 GPU/0-d8000
[36m(WorkerDict pid=1227893)[0m trial-302172199-trialrun-302172199-worker-0:1227893:1227893 [0] NCCL INFO 14 : GPU/0-f000 GPU/0-2d000 GPU/0-44000 GPU/0-5b000 GPU/0-89000 GPU/0-a8000 GPU/0-c0000 GPU/0-d8000
[36m(WorkerDict pid=1227893)[0m trial-302172199-trialrun-302172199-worker-0:1227893:1227893 [0] NCCL INFO 15 : GPU/0-f000 GPU/0-2d000 GPU/0-44000 GPU/0-5b000 GPU/0-89000 GPU/0-a8000 GPU/0-c0000 GPU/0-d8000
[36m(WorkerDict pid=1227893)[0m trial-302172199-trialrun-302172199-worker-0:1227893:1227893 [0] NCCL INFO Pattern 5, crossNic 0, nChannels 8, bw 80.000000/90.000000, type NVL/PIX, sameChannels 0
[36m(WorkerDict pid=1227893)[0m trial-302172199-trialrun-302172199-worker-0:1227893:1227893 [0] NCCL INFO  0 : GPU/0-f000
[36m(WorkerDict pid=1227893)[0m trial-302172199-trialrun-302172199-worker-0:1227893:1227893 [0] NCCL INFO  1 : GPU/0-2d000
[36m(WorkerDict pid=1227893)[0m trial-302172199-trialrun-302172199-worker-0:1227893:1227893 [0] NCCL INFO  2 : GPU/0-44000
[36m(WorkerDict pid=1227893)[0m trial-302172199-trialrun-302172199-worker-0:1227893:1227893 [0] NCCL INFO  3 : GPU/0-5b000
[36m(WorkerDict pid=1227893)[0m trial-302172199-trialrun-302172199-worker-0:1227893:1227893 [0] NCCL INFO  4 : GPU/0-89000
[36m(WorkerDict pid=1227893)[0m trial-302172199-trialrun-302172199-worker-0:1227893:1227893 [0] NCCL INFO  5 : GPU/0-a8000
[36m(WorkerDict pid=1227893)[0m trial-302172199-trialrun-302172199-worker-0:1227893:1227893 [0] NCCL INFO  6 : GPU/0-c0000
[36m(WorkerDict pid=1227893)[0m trial-302172199-trialrun-302172199-worker-0:1227893:1227893 [0] NCCL INFO  7 : GPU/0-d8000
[36m(WorkerDict pid=1227893)[0m trial-302172199-trialrun-302172199-worker-0:1227893:1227893 [0] NCCL INFO comm 0xed36f80 rank 0 nRanks 8 nNodes 1 localRanks 8 localRank 0 MNNVL 0
[36m(WorkerDict pid=1227893)[0m trial-302172199-trialrun-302172199-worker-0:1227893:1227893 [0] NCCL INFO Tree 0 : -1 -> 0 -> 1/-1/-1
[36m(WorkerDict pid=1227893)[0m trial-302172199-trialrun-302172199-worker-0:1227893:1227893 [0] NCCL INFO Tree 16 : -1 -> 0 -> 1/-1/-1
[36m(WorkerDict pid=1227893)[0m trial-302172199-trialrun-302172199-worker-0:1227893:1227893 [0] NCCL INFO Tree 1 : -1 -> 0 -> 1/-1/-1
[36m(WorkerDict pid=1227893)[0m trial-302172199-trialrun-302172199-worker-0:1227893:1227893 [0] NCCL INFO Tree 17 : -1 -> 0 -> 1/-1/-1
[36m(WorkerDict pid=1227893)[0m trial-302172199-trialrun-302172199-worker-0:1227893:1227893 [0] NCCL INFO Tree 2 : -1 -> 0 -> 1/-1/-1
[36m(WorkerDict pid=1227893)[0m trial-302172199-trialrun-302172199-worker-0:1227893:1227893 [0] NCCL INFO Tree 18 : -1 -> 0 -> 1/-1/-1
[36m(WorkerDict pid=1227893)[0m trial-302172199-trialrun-302172199-worker-0:1227893:1227893 [0] NCCL INFO Tree 3 : -1 -> 0 -> 1/-1/-1
[36m(WorkerDict pid=1227893)[0m trial-302172199-trialrun-302172199-worker-0:1227893:1227893 [0] NCCL INFO Tree 19 : -1 -> 0 -> 1/-1/-1
[36m(WorkerDict pid=1227893)[0m trial-302172199-trialrun-302172199-worker-0:1227893:1227893 [0] NCCL INFO Tree 4 : -1 -> 0 -> 1/-1/-1
[36m(WorkerDict pid=1227893)[0m trial-302172199-trialrun-302172199-worker-0:1227893:1227893 [0] NCCL INFO Tree 20 : -1 -> 0 -> 1/-1/-1
[36m(WorkerDict pid=1227893)[0m trial-302172199-trialrun-302172199-worker-0:1227893:1227893 [0] NCCL INFO Tree 5 : -1 -> 0 -> 1/-1/-1
[36m(WorkerDict pid=1227893)[0m trial-302172199-trialrun-302172199-worker-0:1227893:1227893 [0] NCCL INFO Tree 21 : -1 -> 0 -> 1/-1/-1
[36m(WorkerDict pid=1227893)[0m trial-302172199-trialrun-302172199-worker-0:1227893:1227893 [0] NCCL INFO Tree 6 : -1 -> 0 -> 1/-1/-1
[36m(WorkerDict pid=1227893)[0m trial-302172199-trialrun-302172199-worker-0:1227893:1227893 [0] NCCL INFO Tree 22 : -1 -> 0 -> 1/-1/-1
[36m(WorkerDict pid=1227893)[0m trial-302172199-trialrun-302172199-worker-0:1227893:1227893 [0] NCCL INFO Tree 7 : -1 -> 0 -> 1/-1/-1
[36m(WorkerDict pid=1227893)[0m trial-302172199-trialrun-302172199-worker-0:1227893:1227893 [0] NCCL INFO Tree 23 : -1 -> 0 -> 1/-1/-1
[36m(WorkerDict pid=1227893)[0m trial-302172199-trialrun-302172199-worker-0:1227893:1227893 [0] NCCL INFO Tree 8 : -1 -> 0 -> 1/-1/-1
[36m(WorkerDict pid=1227893)[0m trial-302172199-trialrun-302172199-worker-0:1227893:1227893 [0] NCCL INFO Tree 24 : -1 -> 0 -> 1/-1/-1
[36m(WorkerDict pid=1227893)[0m trial-302172199-trialrun-302172199-worker-0:1227893:1227893 [0] NCCL INFO Tree 9 : -1 -> 0 -> 1/-1/-1
[36m(WorkerDict pid=1227893)[0m trial-302172199-trialrun-302172199-worker-0:1227893:1227893 [0] NCCL INFO Tree 25 : -1 -> 0 -> 1/-1/-1
[36m(WorkerDict pid=1227893)[0m trial-302172199-trialrun-302172199-worker-0:1227893:1227893 [0] NCCL INFO Tree 10 : -1 -> 0 -> 1/-1/-1
[36m(WorkerDict pid=1227893)[0m trial-302172199-trialrun-302172199-worker-0:1227893:1227893 [0] NCCL INFO Tree 26 : -1 -> 0 -> 1/-1/-1
[36m(WorkerDict pid=1227893)[0m trial-302172199-trialrun-302172199-worker-0:1227893:1227893 [0] NCCL INFO Tree 11 : -1 -> 0 -> 1/-1/-1
[36m(WorkerDict pid=1227893)[0m trial-302172199-trialrun-302172199-worker-0:1227893:1227893 [0] NCCL INFO Tree 27 : -1 -> 0 -> 1/-1/-1
[36m(WorkerDict pid=1227893)[0m trial-302172199-trialrun-302172199-worker-0:1227893:1227893 [0] NCCL INFO Tree 12 : -1 -> 0 -> 1/-1/-1
[36m(WorkerDict pid=1227893)[0m trial-302172199-trialrun-302172199-worker-0:1227893:1227893 [0] NCCL INFO Tree 28 : -1 -> 0 -> 1/-1/-1
[36m(WorkerDict pid=1227893)[0m trial-302172199-trialrun-302172199-worker-0:1227893:1227893 [0] NCCL INFO Tree 13 : -1 -> 0 -> 1/-1/-1
[36m(WorkerDict pid=1227893)[0m trial-302172199-trialrun-302172199-worker-0:1227893:1227893 [0] NCCL INFO Tree 29 : -1 -> 0 -> 1/-1/-1
[36m(WorkerDict pid=1227893)[0m trial-302172199-trialrun-302172199-worker-0:1227893:1227893 [0] NCCL INFO Tree 14 : -1 -> 0 -> 1/-1/-1
[36m(WorkerDict pid=1227893)[0m trial-302172199-trialrun-302172199-worker-0:1227893:1227893 [0] NCCL INFO Tree 30 : -1 -> 0 -> 1/-1/-1
[36m(WorkerDict pid=1227893)[0m trial-302172199-trialrun-302172199-worker-0:1227893:1227893 [0] NCCL INFO Tree 15 : -1 -> 0 -> 1/-1/-1
[36m(WorkerDict pid=1227893)[0m trial-302172199-trialrun-302172199-worker-0:1227893:1227893 [0] NCCL INFO Tree 31 : -1 -> 0 -> 1/-1/-1
[36m(WorkerDict pid=1227893)[0m trial-302172199-trialrun-302172199-worker-0:1227893:1227893 [0] NCCL INFO Channel 00/32 : 0 1 2 3 4 5 6 7
[36m(WorkerDict pid=1227893)[0m trial-302172199-trialrun-302172199-worker-0:1227893:1227893 [0] NCCL INFO Channel 01/32 : 0 1 2 3 4 5 6 7
[36m(WorkerDict pid=1227893)[0m trial-302172199-trialrun-302172199-worker-0:1227893:1227893 [0] NCCL INFO Channel 02/32 : 0 1 2 3 4 5 6 7
[36m(WorkerDict pid=1227893)[0m trial-302172199-trialrun-302172199-worker-0:1227893:1227893 [0] NCCL INFO Channel 03/32 : 0 1 2 3 4 5 6 7
[36m(WorkerDict pid=1227893)[0m trial-302172199-trialrun-302172199-worker-0:1227893:1227893 [0] NCCL INFO Channel 04/32 : 0 1 2 3 4 5 6 7
[36m(WorkerDict pid=1227893)[0m trial-302172199-trialrun-302172199-worker-0:1227893:1227893 [0] NCCL INFO Channel 05/32 : 0 1 2 3 4 5 6 7
[36m(WorkerDict pid=1227893)[0m trial-302172199-trialrun-302172199-worker-0:1227893:1227893 [0] NCCL INFO Channel 06/32 : 0 1 2 3 4 5 6 7
[36m(WorkerDict pid=1227893)[0m trial-302172199-trialrun-302172199-worker-0:1227893:1227893 [0] NCCL INFO Channel 07/32 : 0 1 2 3 4 5 6 7
[36m(WorkerDict pid=1227893)[0m trial-302172199-trialrun-302172199-worker-0:1227893:1227893 [0] NCCL INFO Channel 08/32 : 0 1 2 3 4 5 6 7
[36m(WorkerDict pid=1227893)[0m trial-302172199-trialrun-302172199-worker-0:1227893:1227893 [0] NCCL INFO Channel 09/32 : 0 1 2 3 4 5 6 7
[36m(WorkerDict pid=1227893)[0m trial-302172199-trialrun-302172199-worker-0:1227893:1227893 [0] NCCL INFO Channel 10/32 : 0 1 2 3 4 5 6 7
[36m(WorkerDict pid=1227893)[0m trial-302172199-trialrun-302172199-worker-0:1227893:1227893 [0] NCCL INFO Channel 11/32 : 0 1 2 3 4 5 6 7
[36m(WorkerDict pid=1227893)[0m trial-302172199-trialrun-302172199-worker-0:1227893:1227893 [0] NCCL INFO Channel 12/32 : 0 1 2 3 4 5 6 7
[36m(WorkerDict pid=1227893)[0m trial-302172199-trialrun-302172199-worker-0:1227893:1227893 [0] NCCL INFO Channel 13/32 : 0 1 2 3 4 5 6 7
[36m(WorkerDict pid=1227893)[0m trial-302172199-trialrun-302172199-worker-0:1227893:1227893 [0] NCCL INFO Channel 14/32 : 0 1 2 3 4 5 6 7
[36m(WorkerDict pid=1227893)[0m trial-302172199-trialrun-302172199-worker-0:1227893:1227893 [0] NCCL INFO Channel 15/32 : 0 1 2 3 4 5 6 7
[36m(WorkerDict pid=1227893)[0m trial-302172199-trialrun-302172199-worker-0:1227893:1227893 [0] NCCL INFO Channel 16/32 : 0 1 2 3 4 5 6 7
[36m(WorkerDict pid=1227893)[0m trial-302172199-trialrun-302172199-worker-0:1227893:1227893 [0] NCCL INFO Channel 17/32 : 0 1 2 3 4 5 6 7
[36m(WorkerDict pid=1227893)[0m trial-302172199-trialrun-302172199-worker-0:1227893:1227893 [0] NCCL INFO Channel 18/32 : 0 1 2 3 4 5 6 7
[36m(WorkerDict pid=1227893)[0m trial-302172199-trialrun-302172199-worker-0:1227893:1227893 [0] NCCL INFO Channel 19/32 : 0 1 2 3 4 5 6 7
[36m(WorkerDict pid=1227893)[0m trial-302172199-trialrun-302172199-worker-0:1227893:1227893 [0] NCCL INFO Channel 20/32 : 0 1 2 3 4 5 6 7
[36m(WorkerDict pid=1227893)[0m trial-302172199-trialrun-302172199-worker-0:1227893:1227893 [0] NCCL INFO Channel 21/32 : 0 1 2 3 4 5 6 7
[36m(WorkerDict pid=1227893)[0m trial-302172199-trialrun-302172199-worker-0:1227893:1227893 [0] NCCL INFO Channel 22/32 : 0 1 2 3 4 5 6 7
[36m(WorkerDict pid=1227893)[0m trial-302172199-trialrun-302172199-worker-0:1227893:1227893 [0] NCCL INFO Channel 23/32 : 0 1 2 3 4 5 6 7
[36m(WorkerDict pid=1227893)[0m trial-302172199-trialrun-302172199-worker-0:1227893:1227893 [0] NCCL INFO Channel 24/32 : 0 1 2 3 4 5 6 7
[36m(WorkerDict pid=1227893)[0m trial-302172199-trialrun-302172199-worker-0:1227893:1227893 [0] NCCL INFO Channel 25/32 : 0 1 2 3 4 5 6 7
[36m(WorkerDict pid=1227893)[0m trial-302172199-trialrun-302172199-worker-0:1227893:1227893 [0] NCCL INFO Channel 26/32 : 0 1 2 3 4 5 6 7
[36m(WorkerDict pid=1227893)[0m trial-302172199-trialrun-302172199-worker-0:1227893:1227893 [0] NCCL INFO Channel 27/32 : 0 1 2 3 4 5 6 7
[36m(WorkerDict pid=1227893)[0m trial-302172199-trialrun-302172199-worker-0:1227893:1227893 [0] NCCL INFO Channel 28/32 : 0 1 2 3 4 5 6 7
[36m(WorkerDict pid=1227893)[0m trial-302172199-trialrun-302172199-worker-0:1227893:1227893 [0] NCCL INFO Channel 29/32 : 0 1 2 3 4 5 6 7
[36m(WorkerDict pid=1227893)[0m trial-302172199-trialrun-302172199-worker-0:1227893:1227893 [0] NCCL INFO Channel 30/32 : 0 1 2 3 4 5 6 7
[36m(WorkerDict pid=1227893)[0m trial-302172199-trialrun-302172199-worker-0:1227893:1227893 [0] NCCL INFO Channel 31/32 : 0 1 2 3 4 5 6 7
[36m(WorkerDict pid=1227893)[0m trial-302172199-trialrun-302172199-worker-0:1227893:1227893 [0] NCCL INFO Ring 00 : 7 -> 0 -> 1
[36m(WorkerDict pid=1227893)[0m trial-302172199-trialrun-302172199-worker-0:1227893:1227893 [0] NCCL INFO Ring 01 : 7 -> 0 -> 1
[36m(WorkerDict pid=1227893)[0m trial-302172199-trialrun-302172199-worker-0:1227893:1227893 [0] NCCL INFO Ring 02 : 7 -> 0 -> 1
[36m(WorkerDict pid=1227893)[0m trial-302172199-trialrun-302172199-worker-0:1227893:1227893 [0] NCCL INFO Ring 03 : 7 -> 0 -> 1
[36m(WorkerDict pid=1227893)[0m trial-302172199-trialrun-302172199-worker-0:1227893:1227893 [0] NCCL INFO Ring 04 : 7 -> 0 -> 1
[36m(WorkerDict pid=1227893)[0m trial-302172199-trialrun-302172199-worker-0:1227893:1227893 [0] NCCL INFO Ring 05 : 7 -> 0 -> 1
[36m(WorkerDict pid=1227893)[0m trial-302172199-trialrun-302172199-worker-0:1227893:1227893 [0] NCCL INFO Ring 06 : 7 -> 0 -> 1
[36m(WorkerDict pid=1227893)[0m trial-302172199-trialrun-302172199-worker-0:1227893:1227893 [0] NCCL INFO Ring 07 : 7 -> 0 -> 1
[36m(WorkerDict pid=1227893)[0m trial-302172199-trialrun-302172199-worker-0:1227893:1227893 [0] NCCL INFO Ring 08 : 7 -> 0 -> 1
[36m(WorkerDict pid=1227893)[0m trial-302172199-trialrun-302172199-worker-0:1227893:1227893 [0] NCCL INFO Ring 09 : 7 -> 0 -> 1
[36m(WorkerDict pid=1227893)[0m trial-302172199-trialrun-302172199-worker-0:1227893:1227893 [0] NCCL INFO Ring 10 : 7 -> 0 -> 1
[36m(WorkerDict pid=1227893)[0m trial-302172199-trialrun-302172199-worker-0:1227893:1227893 [0] NCCL INFO Ring 11 : 7 -> 0 -> 1
[36m(WorkerDict pid=1227893)[0m trial-302172199-trialrun-302172199-worker-0:1227893:1227893 [0] NCCL INFO Ring 12 : 7 -> 0 -> 1
[36m(WorkerDict pid=1227893)[0m trial-302172199-trialrun-302172199-worker-0:1227893:1227893 [0] NCCL INFO Ring 13 : 7 -> 0 -> 1
[36m(WorkerDict pid=1227893)[0m trial-302172199-trialrun-302172199-worker-0:1227893:1227893 [0] NCCL INFO Ring 14 : 7 -> 0 -> 1
[36m(WorkerDict pid=1227893)[0m trial-302172199-trialrun-302172199-worker-0:1227893:1227893 [0] NCCL INFO Ring 15 : 7 -> 0 -> 1
[36m(WorkerDict pid=1227893)[0m trial-302172199-trialrun-302172199-worker-0:1227893:1227893 [0] NCCL INFO Ring 16 : 7 -> 0 -> 1
[36m(WorkerDict pid=1227893)[0m trial-302172199-trialrun-302172199-worker-0:1227893:1227893 [0] NCCL INFO Ring 17 : 7 -> 0 -> 1
[36m(WorkerDict pid=1227893)[0m trial-302172199-trialrun-302172199-worker-0:1227893:1227893 [0] NCCL INFO Ring 18 : 7 -> 0 -> 1
[36m(WorkerDict pid=1227893)[0m trial-302172199-trialrun-302172199-worker-0:1227893:1227893 [0] NCCL INFO Ring 19 : 7 -> 0 -> 1
[36m(WorkerDict pid=1227893)[0m trial-302172199-trialrun-302172199-worker-0:1227893:1227893 [0] NCCL INFO Ring 20 : 7 -> 0 -> 1
[36m(WorkerDict pid=1227893)[0m trial-302172199-trialrun-302172199-worker-0:1227893:1227893 [0] NCCL INFO Ring 21 : 7 -> 0 -> 1
[36m(WorkerDict pid=1227893)[0m trial-302172199-trialrun-302172199-worker-0:1227893:1227893 [0] NCCL INFO Ring 22 : 7 -> 0 -> 1
[36m(WorkerDict pid=1227893)[0m trial-302172199-trialrun-302172199-worker-0:1227893:1227893 [0] NCCL INFO Ring 23 : 7 -> 0 -> 1
[36m(WorkerDict pid=1227893)[0m trial-302172199-trialrun-302172199-worker-0:1227893:1227893 [0] NCCL INFO Ring 24 : 7 -> 0 -> 1
[36m(WorkerDict pid=1227893)[0m trial-302172199-trialrun-302172199-worker-0:1227893:1227893 [0] NCCL INFO Ring 25 : 7 -> 0 -> 1
[36m(WorkerDict pid=1227893)[0m trial-302172199-trialrun-302172199-worker-0:1227893:1227893 [0] NCCL INFO Ring 26 : 7 -> 0 -> 1
[36m(WorkerDict pid=1227893)[0m trial-302172199-trialrun-302172199-worker-0:1227893:1227893 [0] NCCL INFO Ring 27 : 7 -> 0 -> 1
[36m(WorkerDict pid=1227893)[0m trial-302172199-trialrun-302172199-worker-0:1227893:1227893 [0] NCCL INFO Ring 28 : 7 -> 0 -> 1
[36m(WorkerDict pid=1227893)[0m trial-302172199-trialrun-302172199-worker-0:1227893:1227893 [0] NCCL INFO Ring 29 : 7 -> 0 -> 1
[36m(WorkerDict pid=1227893)[0m trial-302172199-trialrun-302172199-worker-0:1227893:1227893 [0] NCCL INFO Ring 30 : 7 -> 0 -> 1
[36m(WorkerDict pid=1227893)[0m trial-302172199-trialrun-302172199-worker-0:1227893:1227893 [0] NCCL INFO Ring 31 : 7 -> 0 -> 1
[36m(WorkerDict pid=1227893)[0m trial-302172199-trialrun-302172199-worker-0:1227893:1227893 [0] NCCL INFO Trees [0] 1/-1/-1->0->-1 [1] 1/-1/-1->0->-1 [2] 1/-1/-1->0->-1 [3] 1/-1/-1->0->-1 [4] 1/-1/-1->0->-1 [5] 1/-1/-1->0->-1 [6] 1/-1/-1->0->-1 [7] 1/-1/-1->0->-1 [8] 1/-1/-1->0->-1 [9] 1/-1/-1->0->-1 [10] 1/-1/-1->0->-1 [11] 1/-1/-1->0->-1 [12] 1/-1/-1->0->-1 [13] 1/-1/-1->0->-1 [14] 1/-1/-1->0->-1 [15] 1/-1/-1->0->-1 [16] 1/-1/-1->0->-1 [17] 1/-1/-1->0->-1 [18] 1/-1/-1->0->-1 [19] 1/-1/-1->0->-1 [20] 1/-1/-1->0->-1 [21] 1/-1/-1->0->-1 [22] 1/-1/-1->0->-1 [23] 1/-1/-1->0->-1 [24] 1/-1/-1->0->-1 [25] 1/-1/-1->0->-1 [26] 1/-1/-1->0->-1 [27] 1/-1/-1->0->-1 [28] 1/-1/-1->0->-1 [29] 1/-1/-1->0->-1 [30] 1/-1/-1->0->-1 [31] 1/-1/-1->0->-1
[36m(WorkerDict pid=1227893)[0m trial-302172199-trialrun-302172199-worker-0:1227893:1227893 [0] NCCL INFO P2P Chunksize set to 524288
[36m(WorkerDict pid=1227893)[0m trial-302172199-trialrun-302172199-worker-0:1227893:1227893 [0] NCCL INFO PROFILER/Plugin: Could not find: libnccl-profiler.so
[36m(WorkerDict pid=1227893)[0m trial-302172199-trialrun-302172199-worker-0:1227893:1227893 [0] NCCL INFO Check P2P Type isAllDirectP2p 1 directMode 0 isAllCudaP2p 1
[36m(WorkerDict pid=1227893)[0m trial-302172199-trialrun-302172199-worker-0:1227893:1243485 [0] NCCL INFO [Proxy Service] Device 0 CPU core 178
[36m(WorkerDict pid=1227893)[0m trial-302172199-trialrun-302172199-worker-0:1227893:1243489 [0] NCCL INFO [Proxy Service UDS] Device 0 CPU core 183
[36m(WorkerDict pid=1227893)[0m trial-302172199-trialrun-302172199-worker-0:1227893:1227893 [0] NCCL INFO ncclP2pSchedule: gr
[36m(WorkerDict pid=1227904)[0m YS) NET/0-0 (0/0.0/DIS) 
[36m(WorkerDict pid=1227904)[0m trial-302172199-trialrun-302172199-worker-0:1227904:1227904 [5] 
[36m(WorkerDict pid=1227905)[0m S) NET/0-0 (0/0.0/DIS) 
[36m(WorkerDict pid=1227905)[0m trial-302172199-trialrun-302172199-worker-0:1227905:1227905 [6] NC
[36m(WorkerDict pid=1227897)[0m trial-302172199-trialrun-302172199-worker-
[36m(WorkerDict pid=1227900)[0m trial-302172199-trialrun-302172199-worker-0:1227900:1227900 [3] NCCL I
[36m(WorkerDict pid=1227893)[0m oup size used is 8
[36m(WorkerDict pid=1227893)[0m trial-302172199-trialrun-302172199-worker-0:1227893:1227893 [0] NCCL INFO TUNER/Plugin: Could not find: libnccl-tuner.so
[36m(WorkerDict pid=1227893)[0m trial-302172199-trialrun-302172199-worker-0:1227893:1227893 [0] NCCL INFO threadThresholds 8/8/64 | 64/8/64 | 512 | 512
[36m(WorkerDict pid=1227893)[0m trial-302172199-trialrun-302172199-worker-0:1227893:1227893 [0] NCCL INFO 32 coll channels, 32 collnet channels, 24 nvls channels, 32 p2p channels, 32 p2p channels per peer
[36m(WorkerDict pid=1227893)[0m trial-302172199-trialrun-302172199-worker-0:1227893:1227893 [0] NCCL INFO CC Off, workFifoBytes 1048576
[36m(WorkerDict pid=1227893)[0m trial-302172199-trialrun-302172199-worker-0:1227893:1227893 [0] NCCL INFO ncclCommInitRankConfig comm 0xed36f80 rank 0 nranks 8 cudaDev 0 nvmlDev 0 busId f000 commId 0xecc382db67e6ab50 - Init COMPLETE
[36m(WorkerDict pid=1227893)[0m trial-302172199-trialrun-302172199-worker-0:1227893:1227893 [0] NCCL INFO Init timings - ncclCommInitRankConfig: rank 0 nranks 8 total 3.29 (kernels 0.29, alloc 0.72, bootstrap 0.20, allgathers 0.02, topo 1.61, graphs 0.03, connections 0.41, rest 0.00)
[36m(WorkerDict pid=1227893)[0m trial-302172199-trialrun-302172199-worker-0:1227893:1227893 [0] NCCL INFO Channel 00/0 : 0[0] -> 1[1] via P2P/CUMEM
[36m(WorkerDict pid=1227893)[0m trial-302172199-trialrun-302172199-worker-0:1227893:1227893 [0] NCCL INFO Channel 01/0 : 0[0] -> 1[1] via P2P/CUMEM
[36m(WorkerDict pid=1227893)[0m trial-302172199-trialrun-302172199-worker-0:1227893:1227893 [0] NCCL INFO Channel 02/0 : 0[0] -> 1[1] via P2P/CUMEM
[36m(WorkerDict pid=1227893)[0m trial-302172199-trialrun-302172199-worker-0:1227893:1227893 [0] NCCL INFO Channel 03/0 : 0[0] -> 1[1] via P2P/CUMEM
[36m(WorkerDict pid=1227893)[0m trial-302172199-trialrun-302172199-worker-0:1227893:1227893 [0] NCCL INFO Channel 04/0 : 0[0] -> 1[1] via P2P/CUMEM
[36m(WorkerDict pid=1227893)[0m trial-302172199-trialrun-302172199-worker-0:1227893:1227893 [0] NCCL INFO Channel 05/0 : 0[0] -> 1[1] via P2P/CUMEM
[36m(WorkerDict pid=1227893)[0m trial-302172199-trialrun-302172199-worker-0:1227893:1227893 [0] NCCL INFO Channel 06/0 : 0[0] -> 1[1] via P2P/CUMEM
[36m(WorkerDict pid=1227893)[0m trial-302172199-trialrun-302172199-worker-0:1227893:1227893 [0] NCCL INFO Channel 07/0 : 0[0] -> 1[1] via P2P/CUMEM
[36m(WorkerDict pid=1227893)[0m trial-302172199-trialrun-302172199-worker-0:1227893:1227893 [0] NCCL INFO Channel 08/0 : 0[0] -> 1[1] via P2P/CUMEM
[36m(WorkerDict pid=1227893)[0m trial-302172199-trialrun-302172199-worker-0:1227893:1227893 [0] NCCL INFO Channel 09/0 : 0[0] -> 1[1] via P2P/CUMEM
[36m(WorkerDict pid=1227893)[0m trial-302172199-trialrun-302172199-worker-0:1227893:1227893 [0] NCCL INFO Channel 10/0 : 0[0] -> 1[1] via P2P/CUMEM
[36m(WorkerDict pid=1227893)[0m trial-302172199-trialrun-302172199-worker-0:1227893:1227893 [0] NCCL INFO Channel 11/0 : 0[0] -> 1[1] via P2P/CUMEM
[36m(WorkerDict pid=1227893)[0m trial-302172199-trialrun-302172199-worker-0:1227893:1227893 [0] NCCL INFO Channel 12/0 : 0[0] -> 1[1] via P2P/CUMEM
[36m(WorkerDict pid=1227893)[0m trial-302172199-trialrun-302172199-worker-0:1227893:1227893 [0] NCCL INFO Channel 13/0 : 0[0] -> 1[1] via P2P/CUMEM
[36m(WorkerDict pid=1227893)[0m trial-302172199-trialrun-302172199-worker-0:1227893:1227893 [0] NCCL INFO Channel 14/0 : 0[0] -> 1[1] via P2P/CUMEM
[36m(WorkerDict pid=1227893)[0m trial-302172199-trialrun-302172199-worker-0:1227893:1227893 [0] NCCL INFO Channel 15/0 : 0[0] -> 1[1] via P2P/CUMEM
[36m(WorkerDict pid=1227893)[0m trial-302172199-trialrun-302172199-worker-0:1227893:1227893 [0] NCCL INFO Channel 16/0 : 0[0] -> 1[1] via P2P/CUMEM
[36m(WorkerDict pid=1227893)[0m trial-302172199-trialrun-302172199-worker-0:1227893:1227893 [0] NCCL INFO Channel 17/0 : 0[0] -> 1[1] via P2P/CUMEM
[36m(WorkerDict pid=1227893)[0m trial-302172199-trialrun-302172199-worker-0:1227893:1227893 [0] NCCL INFO Channel 18/0 : 0[0] -> 1[1] via P2P/CUMEM
[36m(WorkerDict pid=1227893)[0m trial-302172199-trialrun-302172199-worker-0:1227893:1227893 [0] NCCL INFO Channel 19/0 : 0[0] -> 1[1] via P2P/CUMEM
[36m(WorkerDict pid=1227893)[0m trial-302172199-trialrun-302172199-worker-0:1227893:1227893 [0] NCCL INFO Channel 20/0 : 0[0] -> 1[1] via P2P/CUMEM
[36m(WorkerDict pid=1227893)[0m trial-302172199-trialrun-302172199-worker-0:1227893:1227893 [0] NCCL INFO Channel 21/0 : 0[0] -> 1[1] via P2P/CUMEM
[36m(WorkerDict pid=1227893)[0m trial-302172199-trialrun-302172199-worker-0:1227893:1227893 [0] NCCL INFO Channel 22/0 : 0[0] -> 1[1] via P2P/CUMEM
[36m(WorkerDict pid=1227893)[0m trial-302172199-trialrun-302172199-worker-0:1227893:1227893 [0] NCCL INFO Channel 23/0 : 0[0] -> 1[1] via P2P/CUMEM
[36m(WorkerDict pid=1227893)[0m trial-302172199-trialrun-302172199-worker-0:1227893:1227893 [0] NCCL INFO Channel 24/0 : 0[0] -> 1[1] via P2P/CUMEM
[36m(WorkerDict pid=1227893)[0m trial-302172199-trialrun-302172199-worker-0:1227893:1227893 [0] NCCL INFO Channel 25/0 : 0[0] -> 1[1] via P2P/CUMEM
[36m(WorkerDict pid=1227893)[0m trial-302172199-trialrun-302172199-worker-0:1227893:1227893 [0] NCCL INFO Channel 26/0 : 
[36m(WorkerDict pid=1227904)[0m trial-302172199-trialrun-302172199-worker-0:1227904:1227904 [5] NCCL INFO ncclP2pSchedule: group size used is 8
[36m(WorkerDict pid=1227905)[0m CL INFO Ring 30 : 5 -> 6 -> 7
[36m(WorkerDict pid=1227905)[0m trial-302172199-trialrun-302172199-worker-0:1227905:1227905 [6] NCCL INFO Channel 14/0 : 6[6] -> 7
[36m(WorkerDict pid=1227897)[0m trial-302172199
[36m(WorkerDict pid=1227900)[0m NFO Ring 30 : 2 -> 3 -> 4
[36m(WorkerDict pid=1227893)[0m Actor use_remove_padding=True
[36m(WorkerDict pid=1227893)[0m Actor use_fused_kernels=True
[36m(WorkerDict pid=1227906)[0m Monkey patch _flash_attention_forward in transformers.integrations.flash_attention[32m [repeated 7x across cluster][0m
[36m(WorkerDict pid=1227906)[0m Using Triton backend for fused kernels in Qwen2ForCausalLM[32m [repeated 7x across cluster][0m
[36m(WorkerDict pid=1227906)[0m trial-302172199-trialrun-302172199-worker-0:1227906:1227906 [7] NCCL INFO ENV/Plugin: Could not find: libnccl-env.so[32m [repeated 7x across cluster][0m
[36m(WorkerDict pid=1227906)[0m trial-302172199-trialrun-302172199-worker-0:1227906:1227906 [7] NCCL INFO NCCL_SOCKET_FAMILY set by environment to AF_INET6[32m [repeated 14x across cluster][0m
[36m(WorkerDict pid=1227906)[0m trial-302172199-trialrun-302172199-worker-0:1227906:1227906 [7] NCCL INFO NCCL_SOCKET_IFNAME set by environment to =eth0[32m [repeated 14x across cluster][0m
[36m(WorkerDict pid=1227906)[0m trial-302172199-trialrun-302172199-worker-0:1227906:1227906 [7] NCCL INFO cudaDriverVersion 13000[32m [repeated 7x across cluster][0m
[36m(WorkerDict pid=1227906)[0m trial-302172199-trialrun-302172199-worker-0:1227906:1227906 [7] NCCL INFO NCCL version 2.28.9+cuda13.0[32m [repeated 7x across cluster][0m
[36m(WorkerDict pid=1227906)[0m trial-302172199-trialrun-302172199-worker-0:1227906:1227906 [7] NCCL INFO Comm config Blocking set to 1[32m [repeated 7x across cluster][0m
[36m(WorkerDict pid=1227906)[0m trial-302172199-trialrun-302172199-worker-0:1227906:1227906 [7] NCCL INFO NCCL_NET_PLUGIN set by environment to none[32m [repeated 7x across cluster][0m
[36m(WorkerDict pid=1227906)[0m trial-302172199-trialrun-302172199-worker-0:1227906:1227906 [7] NCCL INFO NET/Socket : Using [0]eth0:fdbd:dc61:ff:f000:ffff:ffff:0:16<0>[32m [repeated 7x across cluster][0m
[36m(WorkerDict pid=1227906)[0m trial-302172199-trialrun-302172199-worker-0:1227906:1227906 [7] NCCL INFO Initialized NET plugin Socket[32m [repeated 7x across cluster][0m
[36m(WorkerDict pid=1227906)[0m trial-302172199-trialrun-302172199-worker-0:1227906:1227906 [7] NCCL INFO Assigned NET plugin Socket to comm[32m [repeated 7x across cluster][0m
[36m(WorkerDict pid=1227906)[0m trial-302172199-trialrun-302172199-worker-0:1227906:1227906 [7] NCCL INFO Using network Socket[32m [repeated 7x across cluster][0m
[36m(WorkerDict pid=1227906)[0m trial-302172199-trialrun-302172199-worker-0:1227906:1227906 [7] NCCL INFO ncclCommInitRankConfig comm 0xefa94c0 rank 7 nranks 8 cudaDev 7 nvmlDev 7 busId d8000 commId 0xecc382db67e6ab50 - Init START[32m [repeated 7x across cluster][0m
[36m(WorkerDict pid=1227906)[0m trial-302172199-trialrun-302172199-worker-0:1227906:1227906 [7] NCCL INFO RAS client listening socket at ::1<28028>[32m [repeated 7x across cluster][0m
[36m(WorkerDict pid=1227906)[0m trial-302172199-trialrun-302172199-worker-0:1227906:1227906 [7] NCCL INFO MNNVL busId 0xd8000 fabric UUID 0.0 cliqueId 0x0 state 3 healthMask 0x80[32m [repeated 7x across cluster][0m
[36m(WorkerDict pid=1227906)[0m trial-302172199-trialrun-302172199-worker-0:1227906:1227906 [7] NCCL INFO Could not find real path of /sys/class/pci_bus/fffffff/../../fffffff:ff:f[32m [repeated 7x across cluster][0m
[36m(WorkerDict pid=1227906)[0m trial-302172199-trialrun-302172199-worker-0:1227906:1227906 [7] NCCL INFO TOPO/NET : Importing network plugins to topology[32m [repeated 7x across cluster][0m
[36m(WorkerDict pid=1227906)[0m trial-302172199-trialrun-302172199-worker-0:1227906:1227906 [7] NCCL INFO ncclTopoPopulateNics : Filled eth0 in topo with pciPath=(null) keep=1 coll=(null)[32m [repeated 7x across cluster][0m
[36m(WorkerDict pid=1227906)[0m trial-302172199-trialrun-302172199-worker-0:1227906:1227906 [7] NCCL INFO === System : maxBw 721.8 totalBw 721.8 ===[32m [repeated 7x across cluster][0m
[36m(WorkerDict pid=1227906)[0m trial-302172199-trialrun-302172199-worker-0:1227906:1227906 [7] NCCL INFO NET/0-0 :GPU/0-f000 (4/1.2/PHB) GPU/0-2d000 (4/1.2/PHB) GPU/0-44000 (4/1.2/PHB) GPU/0-5b000 (4/1.2/PHB) GPU/0-89000 (5/1.2/SYS) GPU/0-a8000 (5/1.2/SYS) GPU/0-c0000 (5/1.2/SYS) GPU/0-d8000 (5/1.2/SYS) CPU/0-0 (2/1.2/PHB) CPU/0-1 (3/1.2/SYS) NET/0-0 (0/5000.0/LOC) NET/0-0 (0/0.0/DIS) [32m [repeated 89x across cluster][0m
[36m(WorkerDict pid=1227906)[0m trial-302172199-trialrun-302172199-worker-0:1227906:1227906 [7] NCCL INFO + SYS[40.0] - CPU/0-0[32m [repeated 203x across cluster][0m
[36m(WorkerDict pid=1227906)[0m trial-302172199-trialrun-302172199-worker-0:1227906:1227906 [7] NCCL INFO ==========================================[32m [repeated 7x across cluster][0m
[36m(WorkerDict pid=1227906)[0m trial-302172199-trialrun-302172199-worker-0:1227906:1227906 [7] NCCL INFO ncclTopoGetCpuAffinity: Affinity for GPU 7 is 64-126,192-254. (GPU affinity = 64-127,192-255 ; CPU affinity = 0-62,64-126,128-190,192-254).[32m [repeated 7x across cluster][0m
[36m(WorkerDict pid=1227906)[0m trial-302172199-trialrun-302172199-worker-0:1227906:1227906 [7] NCCL INFO NCCL_NVLS_ENABLE set by environment to 1.[32m [repeated 7x across cluster][0m
[36m(WorkerDict pid=1227906)[0m trial-302172199-trialrun-302172199-worker-0:1227906:1227906 [7] NCCL INFO NVLS multicast support is available on dev 7 (NVLS_NCHANNELS 24)[32m [repeated 7x across cluster][0m
[36m(WorkerDict pid=1227906)[0m trial-302172199-trialrun-302172199-worker-0:1227906:1227906 [7] NCCL INFO Pattern 5, crossNic 0, nChannels 8, bw 80.000000/90.000000, type NVL/PIX, sameChannels 0[32m [repeated 21x across cluster][0m
[36m(WorkerDict pid=1227906)[0m trial-302172199-trialrun-302172199-worker-0:1227906:1227906 [7] NCCL INFO  7 : GPU/0-d8000[32m [repeated 280x across cluster][0m
[36m(WorkerDict pid=1227906)[0m trial-302172199-trialrun-302172199-worker-0:1227906:1227906 [7] NCCL INFO comm 0xefa94c0 rank 7 nRanks 8 nNodes 1 localRanks 8 localRank 7 MNNVL 0[32m [repeated 7x across cluster][0m
[36m(WorkerDict pid=1227897)[0m trial-302172199-trialrun-302172199-worker-0:1227897:1227897 [1] NCCL INFO Tree 31 : 0 -> 1 -> 2/-1/-1[32m [repeated 32x across cluster][0m
[36m(WorkerDict pid=1227904)[0m trial-302172199-trialrun-302172199-worker-0:1227904:1227904 [5] NCCL INFO Channel 14/0 : 5[5] 
[36m(WorkerDict pid=1227906)[0m trial-302172199-trialrun-302172199-worker-0:1227906:1227906 [7] NCCL INFO Ring 31 : 6 -> 7 -> 0[32m [repeated 219x across cluster][0m
[36m(WorkerDict pid=1227906)[0m trial-302172199-trialrun-302172199-worker-0:1227906:1227906 [7] NCCL INFO Trees [0] -1/-1/-1->7->6 [1] -1/-1/-1->7->6 [2] -1/-1/-1->7->6 [3] -1/-1/-1->7->6 [4] -1/-1/-1->7->6 [5] -1/-1/-1->7->6 [6] -1/-1/-1->7->6 [7] -1/-1/-1->7->6 [8] -1/-1/-1->7->6 [9] -1/-1/-1->7->6 [10] -1/-1/-1->7->6 [11] -1/-1/-1->7->6 [12] -1/-1/-1->7->6 [13] -1/-1/-1->7->6 [14] -1/-1/-1->7->6 [15] -1/-1/-1->7->6 [16] -1/-1/-1->7->6 [17] -1/-1/-1->7->6 [18] -1/-1/-1->7->6 [19] -1/-1/-1->7->6 [20] -1/-1/-1->7->6 [21] -1/-1/-1->7->6 [22] -1/-1/-1->7->6 [23] -1/-1/-1->7->6 [24] -1/-1/-1->7->6 [25] -1/-1/-1->7->6 [26] -1/-1/-1->7->6 [27] -1/-1/-1->7->6 [28] -1/-1/-1->7->6 [29] -1/-1/-1->7->6 [30] -1/-1/-1->7->6 [31] -1/-1/-1->7->6[32m [repeated 7x across cluster][0m
[36m(WorkerDict pid=1227906)[0m trial-302172199-trialrun-302172199-worker-0:1227906:1227906 [7] NCCL INFO P2P Chunksize set to 524288[32m [repeated 7x across cluster][0m
[36m(WorkerDict pid=1227906)[0m trial-302172199-trialrun-302172199-worker-0:1227906:1227906 [7] NCCL INFO PROFILER/Plugin: Could not find: libnccl-profiler.so[32m [repeated 7x across cluster][0m
[36m(WorkerDict pid=1227906)[0m trial-302172199-trialrun-302172199-worker-0:1227906:1227906 [7] NCCL INFO Check P2P Type isAllDirectP2p 1 directMode 0 isAllCudaP2p 1[32m [repeated 7x across cluster][0m
[36m(WorkerDict pid=1227906)[0m trial-302172199-trialrun-302172199-worker-0:1227906:1243492 [0] NCCL INFO [Proxy Service] Device 7 CPU core 67[32m [repeated 7x across cluster][0m
[36m(WorkerDict pid=1227906)[0m trial-302172199-trialrun-302172199-worker-0:1227906:1243495 [0] NCCL INFO [Proxy Service UDS] Device 7 CPU core 70[32m [repeated 7x across cluster][0m
[36m(WorkerDict pid=1227906)[0m S) NET/0-0 (0/0.0/DIS) [32m [repeated 5x across cluster][0m
[36m(WorkerDict pid=1227906)[0m trial-302172199-trialrun-302172199-worker-0:1227906:1227906 [7] NC[32m [repeated 3x across cluster][0m
[36m(WorkerDict pid=1227899)[0m trial-302172199-trialrun-302172199-worker-0:1227899:1227899 [2] NCCL I
[36m(WorkerDict pid=1227906)[0m trial-302172199-trialrun-302172199-worker-0:1227906:1227906 [7] NCCL INFO TUNER/Plugin: Could not find: libnccl-tuner.so[32m [repeated 7x across cluster][0m
[36m(WorkerDict pid=1227906)[0m trial-302172199-trialrun-302172199-worker-0:1227906:1227906 [7] NCCL INFO threadThresholds 8/8/64 | 64/8/64 | 512 | 512[32m [repeated 7x across cluster][0m
[36m(WorkerDict pid=1227906)[0m trial-302172199-trialrun-302172199-worker-0:1227906:1227906 [7] NCCL INFO 32 coll channels, 32 collnet channels, 24 nvls channels, 32 p2p channels, 32 p2p channels per peer[32m [repeated 7x across cluster][0m
[36m(WorkerDict pid=1227906)[0m trial-302172199-trialrun-302172199-worker-0:1227906:1227906 [7] NCCL INFO ncclCommInitRankConfig comm 0xefa94c0 rank 7 nranks 8 cudaDev 7 nvmlDev 7 busId d8000 commId 0xecc382db67e6ab50 - Init COMPLETE[32m [repeated 7x across cluster][0m
[36m(WorkerDict pid=1227906)[0m trial-302172199-trialrun-302172199-worker-0:1227906:1227906 [7] NCCL INFO Init timings - ncclCommInitRankConfig: rank 7 nranks 8 total 3.29 (kernels 0.28, alloc 0.67, bootstrap 0.26, allgathers 0.00, topo 1.61, graphs 0.05, connections 0.41, rest 0.00)[32m [repeated 7x across cluster][0m
[36m(WorkerDict pid=1227906)[0m trial-302172199-trialrun-302172199-worker-0:1227906:1227906 [7] NCCL INFO Channel 13/0 : 7[7] -> 0[0] via P2P/CUMEM[32m [repeated 106x across cluster][0m
[36m(WorkerDict pid=1227906)[0m trial-302172199-trialrun-302172199-worker-0:1227906:1227906 [7] NCCL INFO ncclP2pSchedule: group size used is 8[32m [repeated 6x across cluster][0m
[36m(WorkerDict pid=1227893)[0m Loading weights:   0%|          | 0/339 [00:00<?, ?it/s]
[36m(WorkerDict pid=1227906)[0m WARNING:2026-08-02 13:05:41,822:Initializing torch.distributed: rank=7 world_size=8 init_method=tcp://[fdbd:dc61:ff:f000:ffff:ffff:0:16]:43361 master=fdbd:dc61:ff:f000:ffff:ffff:0:16:43361[32m [repeated 7x across cluster][0m
[36m(WorkerDict pid=1227900)[0m [W802 13:05:42.030915981 ProcessGroupNCCL.cpp:932] Warning: TORCH_NCCL_AVOID_RECORD_STREAMS is the default now, this environment variable is thus deprecated. (function operator())[32m [repeated 7x across cluster][0m
[36m(WorkerDict pid=1227906)[0m Loading weights:   0%|          | 0/339 [00:00<?, ?it/s]Loading weights: 100%|██████████| 339/339 [00:00<00:00, 12079.63it/s][32m [repeated 7x across cluster][0m
[36m(WorkerDict pid=1227893)[0m Loading weights:   0%|          | 1/339 [00:01<06:06,  1.08s/it]
[36m(WorkerDict pid=1227893)[0m Loading weights:  95%|█████████▍| 321/339 [00:03<00:00, 109.63it/s]
[36m(WorkerDict pid=1227893)[0m Loading weights:  98%|█████████▊| 333/339 [00:03<00:00, 106.42it/s]Loading weights: 100%|██████████| 339/339 [00:03<00:00, 88.08it/s] 
[36m(WorkerDict pid=1227906)[0m Loading weights:   0%|          | 0/339 [00:00<?, ?it/s][32m [repeated 7x across cluster][0m
[36m(WorkerDict pid=1227893)[0m WARNING:2026-08-02 13:06:09,735:Dropping unsupported vLLM engine kwargs for this version: ['disable_mm_preprocessor_cache']
[36m(WorkerDict pid=1227906)[0m Loading weights:  90%|█████████ | 306/339 [00:05<00:00, 67.24it/s][32m [repeated 219x across cluster][0m
[36m(WorkerDict pid=1227904)[0m Loading weights: 100%|██████████| 339/339 [00:05<00:00, 61.05it/s][32m [repeated 13x across cluster][0m
[36m(WorkerDict pid=1227906)[0m Loading weights:  99%|█████████▉| 337/339 [00:05<00:00, 84.74it/s]Loading weights: 100%|██████████| 339/339 [00:05<00:00, 61.31it/s][32m [repeated 6x across cluster][0m
[36m(WorkerDict pid=1227899)[0m /mlx_devbox/users/quyanyi/playground/.venvs/ttrl_b200/lib/python3.11/site-packages/nvidia_cutlass_dsl/python_packages/cutlass/cute/core.py:5791: DeprecationWarning: Use explicit `struct.scalar.ptr` for pointer instead.
[36m(WorkerDict pid=1227899)[0m   warnings.warn(
[36m(WorkerDict pid=1227906)[0m WARNING:2026-08-02 13:06:09,734:Dropping unsupported vLLM engine kwargs for this version: ['disable_mm_preprocessor_cache'][32m [repeated 7x across cluster][0m
[36m(WorkerDict pid=1227893)[0m 2026-08-02 13:06:40,350 - INFO - autotuner.py:622 - flashinfer.jit: [Autotuner]: Autotuning process starts ...
[36m(WorkerDict pid=1227893)[0m 2026-08-02 13:06:40,372 - INFO - autotuner.py:641 - flashinfer.jit: [Autotuner]: Autotuning process ends
[36m(WorkerDict pid=1227904)[0m /mlx_devbox/users/quyanyi/playground/.venvs/ttrl_b200/lib/python3.11/site-packages/nvidia_cutlass_dsl/python_packages/cutlass/cute/core.py:5791: DeprecationWarning: Use explicit `struct.scalar.ptr` for pointer instead.[32m [repeated 103x across cluster][0m
[36m(WorkerDict pid=1227904)[0m   warnings.warn([32m [repeated 103x across cluster][0m
[36m(WorkerDict pid=1227893)[0m Capturing CUDA graphs (mixed prefill-decode, PIECEWISE):   0%|          | 0/51 [00:00<?, ?it/s]
[36m(WorkerDict pid=1227893)[0m Capturing CUDA graphs (mixed prefill-decode, PIECEWISE):   8%|▊         | 4/51 [00:00<00:01, 32.72it/s]
[36m(WorkerDict pid=1227893)[0m Capturing CUDA graphs (mixed prefill-decode, PIECEWISE):  16%|█▌        | 8/51 [00:00<00:01, 32.62it/s]
[36m(WorkerDict pid=1227893)[0m Capturing CUDA graphs (mixed prefill-decode, PIECEWISE):  24%|██▎       | 12/51 [00:00<00:01, 32.06it/s]
[36m(WorkerDict pid=1227893)[0m Capturing CUDA graphs (mixed prefill-decode, PIECEWISE):  31%|███▏      | 16/51 [00:00<00:01, 30.20it/s]
[36m(WorkerDict pid=1227893)[0m Capturing CUDA graphs (mixed prefill-decode, PIECEWISE):  39%|███▉      | 20/51 [00:00<00:01, 30.55it/s]
[36m(WorkerDict pid=1227893)[0m Capturing CUDA graphs (mixed prefill-decode, PIECEWISE):  47%|████▋     | 24/51 [00:00<00:00, 30.50it/s]
[36m(WorkerDict pid=1227893)[0m Capturing CUDA graphs (mixed prefill-decode, PIECEWISE):  55%|█████▍    | 28/51 [00:00<00:00, 30.48it/s]
[36m(WorkerDict pid=1227893)[0m Capturing CUDA graphs (mixed prefill-decode, PIECEWISE):  63%|██████▎   | 32/51 [00:01<00:00, 29.78it/s]
[36m(WorkerDict pid=1227893)[0m Capturing CUDA graphs (mixed prefill-decode, PIECEWISE):  69%|██████▊   | 35/51 [00:01<00:00, 29.29it/s]
[36m(WorkerDict pid=1227893)[0m Capturing CUDA graphs (mixed prefill-decode, PIECEWISE):  75%|███████▍  | 38/51 [00:01<00:00, 29.11it/s]
[36m(WorkerDict pid=1227893)[0m Capturing CUDA graphs (mixed prefill-decode, PIECEWISE):  80%|████████  | 41/51 [00:01<00:00, 28.62it/s]
[36m(WorkerDict pid=1227893)[0m Capturing CUDA graphs (mixed prefill-decode, PIECEWISE):  86%|████████▋ | 44/51 [00:01<00:00, 28.41it/s]
[36m(WorkerDict pid=1227893)[0m Capturing CUDA graphs (mixed prefill-decode, PIECEWISE):  92%|█████████▏| 47/51 [00:01<00:00, 27.07it/s]
[36m(WorkerDict pid=1227893)[0m Capturing CUDA graphs (mixed prefill-decode, PIECEWISE):  98%|█████████▊| 50/51 [00:01<00:00, 27.83it/s]Capturing CUDA graphs (mixed prefill-decode, PIECEWISE): 100%|██████████| 51/51 [00:01<00:00, 29.02it/s]
[36m(WorkerDict pid=1227893)[0m Capturing CUDA graphs (decode, FULL):   0%|          | 0/51 [00:00<?, ?it/s]
[36m(WorkerDict pid=1227893)[0m Capturing CUDA graphs (decode, FULL):   8%|▊         | 4/51 [00:00<00:01, 32.08it/s]
[36m(WorkerDict pid=1227893)[0m Capturing CUDA graphs (decode, FULL):  16%|█▌        | 8/51 [00:00<00:01, 35.21it/s]
[36m(WorkerDict pid=1227893)[0m Capturing CUDA graphs (decode, FULL):  24%|██▎       | 12/51 [00:00<00:01, 36.26it/s]
[36m(WorkerDict pid=1227893)[0m Capturing CUDA graphs (decode, FULL):  31%|███▏      | 16/51 [00:00<00:00, 37.00it/s]
[36m(WorkerDict pid=1227893)[0m Capturing CUDA graphs (decode, FULL):  39%|███▉      | 20/51 [00:00<00:00, 37.43it/s]
[36m(WorkerDict pid=1227893)[0m Capturing CUDA graphs (decode, FULL):  47%|████▋     | 24/51 [00:00<00:00, 37.20it/s]
[36m(WorkerDict pid=1227893)[0m Capturing CUDA graphs (decode, FULL):  55%|█████▍    | 28/51 [00:00<00:00, 36.26it/s]
[36m(WorkerDict pid=1227893)[0m Capturing CUDA graphs (decode, FULL):  63%|██████▎   | 32/51 [00:00<00:00, 36.28it/s]
[36m(WorkerDict pid=1227893)[0m Capturing CUDA graphs (decode, FULL):  71%|███████   | 36/51 [00:00<00:00, 36.43it/s]
[36m(WorkerDict pid=1227893)[0m Capturing CUDA graphs (decode, FULL):  78%|███████▊  | 40/51 [00:01<00:00, 36.75it/s]
[36m(WorkerDict pid=1227893)[0m Capturing CUDA graphs (decode, FULL):  86%|████████▋ | 44/51 [00:01<00:00, 36.96it/s]
[36m(WorkerDict pid=1227906)[0m 2026-08-02 13:06:40,351 - INFO - autotuner.py:622 - flashinfer.jit: [Autotuner]: Autotuning process starts ...[32m [repeated 7x across cluster][0m
[36m(WorkerDict pid=1227906)[0m 2026-08-02 13:06:40,371 - INFO - autotuner.py:641 - flashinfer.jit: [Autotuner]: Autotuning process ends[32m [repeated 7x across cluster][0m
[36m(WorkerDict pid=1227905)[0m /mlx_devbox/users/quyanyi/playground/.venvs/ttrl_b200/lib/python3.11/site-packages/nvidia_cutlass_dsl/python_packages/cutlass/cute/core.py:5791: DeprecationWarning: Use explicit `struct.scalar.ptr` for pointer instead.
[36m(WorkerDict pid=1227905)[0m   warnings.warn(
[36m(WorkerDict pid=1227902)[0m /mlx_devbox/users/quyanyi/playground/.venvs/ttrl_b200/lib/python3.11/site-packages/nvidia_cutlass_dsl/python_packages/cutlass/cute/core.py:5791: DeprecationWarning: Use explicit `struct.scalar.ptr` for pointer instead.
[36m(WorkerDict pid=1227902)[0m   warnings.warn(
[36m(WorkerDict pid=1227893)[0m Capturing CUDA graphs (decode, FULL):  94%|█████████▍| 48/51 [00:12<00:02,  1.16it/s]Capturing CUDA graphs (decode, FULL): 100%|██████████| 51/51 [00:12<00:00,  4.11it/s]
[36m(WorkerDict pid=1227897)[0m /mlx_devbox/users/quyanyi/playground/.venvs/ttrl_b200/lib/python3.11/site-packages/nvidia_cutlass_dsl/python_packages/cutlass/cute/core.py:5791: DeprecationWarning: Use explicit `struct.scalar.ptr` for pointer instead.[32m [repeated 102x across cluster][0m
[36m(WorkerDict pid=1227897)[0m   warnings.warn([32m [repeated 102x across cluster][0m
[36m(WorkerDict pid=1227905)[0m /mlx_devbox/users/quyanyi/playground/TTRL/verl/verl/workers/sharding_manager/fsdp_vllm.py:97: FutureWarning: FSDP.state_dict_type() and FSDP.set_state_dict_type() are being deprecated. Please use APIs, get_state_dict() and set_state_dict(), which can support different parallelisms, FSDP1, FSDP2, DDP. API doc: https://pytorch.org/docs/stable/distributed.checkpoint.html#torch.distributed.checkpoint.state_dict.get_state_dict .Tutorial: https://pytorch.org/tutorials/recipes/distributed_checkpoint_recipe.html .
[36m(WorkerDict pid=1227905)[0m   FSDP.set_state_dict_type(
[36m(TaskRunner pid=1227895)[0m Training Progress:   0%|          | 0/3 [00:00<?, ?it/s]
[36m(WorkerDict pid=1227899)[0m /mlx_devbox/users/quyanyi/playground/.venvs/ttrl_b200/lib/python3.11/site-packages/nvidia_cutlass_dsl/python_packages/cutlass/cute/core.py:5791: DeprecationWarning: Use explicit `struct.scalar.ptr` for pointer instead.[32m [repeated 2x across cluster][0m
[36m(WorkerDict pid=1227899)[0m   warnings.warn([32m [repeated 2x across cluster][0m
[36m(WorkerDict pid=1227904)[0m /mlx_devbox/users/quyanyi/playground/TTRL/verl/verl/workers/sharding_manager/fsdp_vllm.py:97: FutureWarning: FSDP.state_dict_type() and FSDP.set_state_dict_type() are being deprecated. Please use APIs, get_state_dict() and set_state_dict(), which can support different parallelisms, FSDP1, FSDP2, DDP. API doc: https://pytorch.org/docs/stable/distributed.checkpoint.html#torch.distributed.checkpoint.state_dict.get_state_dict .Tutorial: https://pytorch.org/tutorials/recipes/distributed_checkpoint_recipe.html .[32m [repeated 7x across cluster][0m
[36m(WorkerDict pid=1227904)[0m   FSDP.set_state_dict_type([32m [repeated 7x across cluster][0m
[36m(TaskRunner pid=1227895)[0m <string>:1: SymPyDeprecationWarning: 
[36m(TaskRunner pid=1227895)[0m 
[36m(TaskRunner pid=1227895)[0m Using non-Expr arguments in Pow is deprecated (in this case, one of the
[36m(TaskRunner pid=1227895)[0m arguments is of type 'FiniteSet').
[36m(TaskRunner pid=1227895)[0m 
[36m(TaskRunner pid=1227895)[0m If you really did intend to construct a power with this base, use the **
[36m(TaskRunner pid=1227895)[0m operator instead.
[36m(TaskRunner pid=1227895)[0m 
[36m(TaskRunner pid=1227895)[0m See https://docs.sympy.org/latest/explanation/active-deprecations.html#non-expr-args-deprecated
[36m(TaskRunner pid=1227895)[0m for details.
[36m(TaskRunner pid=1227895)[0m 
[36m(TaskRunner pid=1227895)[0m This has been deprecated since SymPy version 1.7. It
[36m(TaskRunner pid=1227895)[0m will be removed in a future version of SymPy.
[36m(TaskRunner pid=1227895)[0m 
[36m(TaskRunner pid=1227895)[0m /mlx_devbox/users/quyanyi/playground/.venvs/ttrl_b200/lib/python3.11/site-packages/sympy/core/basic.py:1949: SymPyDeprecationWarning: 
[36m(TaskRunner pid=1227895)[0m 
[36m(TaskRunner pid=1227895)[0m Using non-Expr arguments in Pow is deprecated (in this case, one of the
[36m(TaskRunner pid=1227895)[0m arguments is of type 'FiniteSet').
[36m(TaskRunner pid=1227895)[0m 
[36m(TaskRunner pid=1227895)[0m If you really did intend to construct a power with this base, use the **
[36m(TaskRunner pid=1227895)[0m operator instead.
[36m(TaskRunner pid=1227895)[0m 
[36m(TaskRunner pid=1227895)[0m See https://docs.sympy.org/latest/explanation/active-deprecations.html#non-expr-args-deprecated
[36m(TaskRunner pid=1227895)[0m for details.
[36m(TaskRunner pid=1227895)[0m 
[36m(TaskRunner pid=1227895)[0m This has been deprecated since SymPy version 1.7. It
[36m(TaskRunner pid=1227895)[0m will be removed in a future version of SymPy.
[36m(TaskRunner pid=1227895)[0m 
[36m(TaskRunner pid=1227895)[0m   return self.func(*terms)
[36m(WorkerDict pid=1227897)[0m /mlx_devbox/users/quyanyi/playground/.venvs/ttrl_b200/lib/python3.11/site-packages/nvidia_cutlass_dsl/python_packages/cutlass/cute/core.py:5791: DeprecationWarning: Use explicit `struct.scalar.ptr` for pointer instead.[32m [repeated 102x across cluster][0m
[36m(WorkerDict pid=1227897)[0m   warnings.warn([32m [repeated 102x across cluster][0m
[36m(TaskRunner pid=1227895)[0m <string>:1: SymPyDeprecationWarning: 
[36m(TaskRunner pid=1227895)[0m 
[36m(TaskRunner pid=1227895)[0m Using non-Expr arguments in Pow is deprecated (in this case, one of the
[36m(TaskRunner pid=1227895)[0m arguments is of type 'FiniteSet').
[36m(TaskRunner pid=1227895)[0m 
[36m(TaskRunner pid=1227895)[0m If you really did intend to construct a power with this base, use the **
[36m(TaskRunner pid=1227895)[0m operator instead.
[36m(TaskRunner pid=1227895)[0m 
[36m(TaskRunner pid=1227895)[0m See https://docs.sympy.org/latest/explanation/active-deprecations.html#non-expr-args-deprecated
[36m(TaskRunner pid=1227895)[0m for details.
[36m(TaskRunner pid=1227895)[0m 
[36m(TaskRunner pid=1227895)[0m This has been deprecated since SymPy version 1.7. It
[36m(TaskRunner pid=1227895)[0m will be removed in a future version of SymPy.
[36m(TaskRunner pid=1227895)[0m 
[36m(TaskRunner pid=1227895)[0m /mlx_devbox/users/quyanyi/playground/.venvs/ttrl_b200/lib/python3.11/site-packages/sympy/core/power.py:1257: SymPyDeprecationWarning: 
[36m(TaskRunner pid=1227895)[0m 
[36m(TaskRunner pid=1227895)[0m Using non-Expr arguments in Pow is deprecated (in this case, one of the
[36m(TaskRunner pid=1227895)[0m arguments is of type 'FiniteSet').
[36m(TaskRunner pid=1227895)[0m 
[36m(TaskRunner pid=1227895)[0m If you really did intend to construct a power with this base, use the **
[36m(TaskRunner pid=1227895)[0m operator instead.
[36m(TaskRunner pid=1227895)[0m 
[36m(TaskRunner pid=1227895)[0m See https://docs.sympy.org/latest/explanation/active-deprecations.html#non-expr-args-deprecated
[36m(TaskRunner pid=1227895)[0m for details.
[36m(TaskRunner pid=1227895)[0m 
[36m(TaskRunner pid=1227895)[0m This has been deprecated since SymPy version 1.7. It
[36m(TaskRunner pid=1227895)[0m will be removed in a future version of SymPy.
[36m(TaskRunner pid=1227895)[0m 
[36m(TaskRunner pid=1227895)[0m   p = self.func(*self.as_base_exp())  # in case it's unevaluated
[36m(TaskRunner pid=1227895)[0m WARNING:2026-08-02 13:07:43,462:Timeout during comparison
[36m(TaskRunner pid=1227895)[0m WARNING:2026-08-02 13:08:27,228:Timeout during comparison
[36m(TaskRunner pid=1227895)[0m WARNING:2026-08-02 13:08:31,218:Timeout during comparison
[36m(TaskRunner pid=1227895)[0m Training Progress:  33%|███▎      | 1/3 [01:44<03:28, 104.41s/it]
[36m(WorkerDict pid=1227906)[0m CL INFO Ring 30 : 6 -> 7 -> 0[32m [repeated 2x across cluster][0m
[36m(WorkerDict pid=1227899)[0m trial-302172199-trialrun-302172199-worker-0:1227899:1227899 [2] NCCL INFO Channel 14/0 : 2[2] -> 3[3[32m [repeated 3x across cluster][0m
[36m(WorkerDict pid=1227899)[0m NFO Ring 30 : 1 -> 2 -> 3
[36m(WorkerDict pid=1227893)[0m Model config after override: Qwen2Config {
[36m(WorkerDict pid=1227893)[0m   "architectures": [
[36m(WorkerDict pid=1227893)[0m     "Qwen2ForCausalLM"
[36m(WorkerDict pid=1227893)[0m   ],
[36m(WorkerDict pid=1227893)[0m   "attention_dropout": 0.0,
[36m(WorkerDict pid=1227893)[0m   "bos_token_id": null,
[36m(WorkerDict pid=1227893)[0m   "dtype": "bfloat16",
[36m(WorkerDict pid=1227893)[0m   "eos_token_id": 151643,
[36m(WorkerDict pid=1227893)[0m   "hidden_act": "silu",
[36m(WorkerDict pid=1227893)[0m   "hidden_size": 3584,
[36m(WorkerDict pid=1227893)[0m   "initializer_range": 0.02,
[36m(WorkerDict pid=1227893)[0m   "intermediate_size": 18944,
[36m(WorkerDict pid=1227893)[0m   "layer_types": [
[36m(WorkerDict pid=1227893)[0m     "full_attention",
[36m(WorkerDict pid=1227893)[0m     "full_attention",
[36m(WorkerDict pid=1227893)[0m     "full_attention",
[36m(WorkerDict pid=1227893)[0m     "full_attention",
[36m(WorkerDict pid=1227893)[0m     "full_attention",
[36m(WorkerDict pid=1227893)[0m     "full_attention",
[36m(WorkerDict pid=1227893)[0m     "full_attention",
[36m(WorkerDict pid=1227893)[0m     "full_attention",
[36m(WorkerDict pid=1227893)[0m     "full_attention",
[36m(WorkerDict pid=1227893)[0m     "full_attention",
[36m(WorkerDict pid=1227893)[0m     "full_attention",
[36m(WorkerDict pid=1227893)[0m     "full_attention",
[36m(WorkerDict pid=1227893)[0m     "full_attention",
[36m(WorkerDict pid=1227893)[0m     "full_attention",
[36m(WorkerDict pid=1227893)[0m     "full_attention",
[36m(WorkerDict pid=1227893)[0m     "full_attention",
[36m(WorkerDict pid=1227893)[0m     "full_attention",
[36m(WorkerDict pid=1227893)[0m     "full_attention",
[36m(WorkerDict pid=1227893)[0m     "full_attention",
[36m(WorkerDict pid=1227893)[0m     "full_attention",
[36m(WorkerDict pid=1227893)[0m     "full_attention",
[36m(WorkerDict pid=1227893)[0m     "full_attention",
[36m(WorkerDict pid=1227893)[0m     "full_attention",
[36m(WorkerDict pid=1227893)[0m     "full_attention",
[36m(WorkerDict pid=1227893)[0m     "full_attention",
[36m(WorkerDict pid=1227893)[0m     "full_attention",
[36m(WorkerDict pid=1227893)[0m     "full_attention",
[36m(WorkerDict pid=1227893)[0m     "full_attention"
[36m(WorkerDict pid=1227893)[0m   ],
[36m(WorkerDict pid=1227893)[0m   "max_position_embeddings": 4096,
[36m(WorkerDict pid=1227893)[0m   "max_window_layers": 28,
[36m(WorkerDict pid=1227893)[0m   "model_type": "qwen2",
[36m(WorkerDict pid=1227893)[0m   "num_attention_heads": 28,
[36m(WorkerDict pid=1227893)[0m   "num_hidden_layers": 28,
[36m(WorkerDict pid=1227893)[0m   "num_key_value_heads": 4,
[36m(WorkerDict pid=1227893)[0m   "pad_token_id": 151643,
[36m(WorkerDict pid=1227893)[0m   "rms_norm_eps": 1e-06,
[36m(WorkerDict pid=1227893)[0m   "rope_parameters": {
[36m(WorkerDict pid=1227893)[0m     "rope_theta": 10000,
[36m(WorkerDict pid=1227893)[0m     "rope_type": "default"
[36m(WorkerDict pid=1227893)[0m   },
[36m(WorkerDict pid=1227893)[0m   "sliding_window": null,
[36m(WorkerDict pid=1227893)[0m   "tie_word_embeddings": false,
[36m(WorkerDict pid=1227893)[0m   "transformers_version": "5.12.1",
[36m(WorkerDict pid=1227893)[0m   "use_cache": true,
[36m(WorkerDict pid=1227893)[0m   "use_mrope": false,
[36m(WorkerDict pid=1227893)[0m   "use_sliding_window": false,
[36m(WorkerDict pid=1227893)[0m   "vocab_size": 152064
[36m(WorkerDict pid=1227893)[0m }
[36m(WorkerDict pid=1227893)[0m 
[36m(WorkerDict pid=1227893)[0m actor attention implementation verified: sdpa
[36m(WorkerDict pid=1227893)[0m [PowerFlow] Added proj_z (layers=3, hidden=3584, init_offset=1.08)
[36m(WorkerDict pid=1227893)[0m Monkey patch _flash_attention_forward in transformers.integrations.flash_attention
[36m(WorkerDict pid=1227893)[0m Using Triton backend for fused kernels in Qwen2ForCausalLM
[36m(WorkerDict pid=1227893)[0m Qwen2ForCausalLM contains 7.64B parameters
[36m(WorkerDict pid=1227893)[0m [PowerFlow] Updated auto_wrap_policy to wrap ProjZModule
[36m(WorkerDict pid=1227893)[0m wrap_policy: <function ActorRolloutRefWorker._build_model_optimizer.<locals>.powerflow_wrap_policy at 0x7f308c289c60>
[36m(WorkerDict pid=1227893)[0m Total steps: 3, num_warmup_steps: 0
[36m(WorkerDict pid=1227893)[0m Actor use_remove_padding=True
[36m(WorkerDict pid=1227893)[0m Actor use_fused_kernels=True
[36m(WorkerDict pid=1227906)[0m Monkey patch _flash_attention_forward in transformers.integrations.flash_attention[32m [repeated 7x across cluster][0m
[36m(WorkerDict pid=1227906)[0m Using Triton backend for fused kernels in Qwen2ForCausalLM[32m [repeated 7x across cluster][0m
[36m(WorkerDict pid=1227905)[0m kwargs: {'n': 1, 'logprobs': 1, 'max_tokens': 3072, 'repetition_penalty': 1.0, 'detokenize': False, 'temperature': 1.0, 'top_k': -1, 'top_p': 1, 'ignore_eos': False}
[36m(TaskRunner pid=1227895)[0m Checkpoint tracker file does not exist: /tmp/ttrl_b200/checkpoints/ttrl_chunk_state_powerflow_supportflow_posteriorgain_nosplit_v26_softkeep_c12_fullguard_balanced_sourceweight_targetonly_nonzeromid_c128_b32_r32_v64_3step_20260802/latest_checkpointed_iteration.txt
[36m(TaskRunner pid=1227895)[0m Training from scratch
[36m(WorkerDict pid=1227893)[0m WARNING 08-02 13:06:56 [jit_monitor.py:106] Triton kernel JIT compilation during inference: _compute_slot_mapping_kernel. This causes a latency spike; consider extending warmup to cover this shape/config.
[36m(TaskRunner pid=1227895)[0m [Shutdown] 63 subprocess(es) terminated.
[36m(WorkerDict pid=1227904)[0m kwargs: {'n': 1, 'logprobs': 1, 'max_tokens': 3072, 'repetition_penalty': 1.0, 'detokenize': False, 'temperature': 1.0, 'top_k': -1, 'top_p': 1, 'ignore_eos': False}[32m [repeated 7x across cluster][0m
[36m(TaskRunner pid=1227895)[0m [Shutdown] 5 subprocess(es) terminated.
[36m(TaskRunner pid=1227895)[0m [Shutdown] 5 subprocess(es) terminated.
[36m(WorkerDict pid=1227893)[0m WARNING 08-02 13:08:35 [jit_monitor.py:106] Triton kernel JIT compilation during inference: efficient_entropy_kernel_general_mainloop. This causes a latency spike; consider extending warmup to cover this shape/config.
[36m(WorkerDict pid=1227893)[0m WARNING 08-02 13:08:35 [jit_monitor.py:106] Triton kernel JIT compilation during inference: efficient_entropy_triton_kernel_epilogue. This causes a latency spike; consider extending warmup to cover this shape/config.
[36m(WorkerDict pid=1227893)[0m WARNING 08-02 13:08:37 [jit_monitor.py:106] Triton kernel JIT compilation during inference: efficient_entropy_backward_kernel_general_d_logits_split_N. This causes a latency spike; consider extending warmup to cover this shape/config.
[36m(TaskRunner pid=1227895)[0m step:1 - chunk_state_full_rollout_guard/enabled:1.000 - chunk_state_full_rollout_guard/source_only_clean:1.000 - chunk_state_full_rollout_guard/clean_rollout_ratio:0.730 - chunk_state_full_rollout_guard/repeated_boxed_ratio:0.056 - chunk_state_full_rollout_guard/empty_boxed_ratio:0.093 - chunk_state_full_rollout_guard/assistant_marker_ratio:0.152 - chunk_state_full_rollout_guard/human_marker_ratio:0.148 - chunk_state_full_rollout_guard/document_marker_ratio:0.005 - chunk_state_full_rollout_guard/asy_repeat_ratio:0.005 - chunk_state_full_rollout_guard/ngram_repeat_ratio:0.031 - chunk_state_full_rollout_guard/prompt_copy_ratio:0.002 - chunk_state_source/selected_original_acc_mean:1.000 - chunk_state_source/prompt_original_pass:0.875 - chunk_state_source/prompt_original_mean:0.344 - chunk_state_source/selected_majority_consistent_mean:1.000 - chunk_state_source/prompt_majority_ratio_mean:0.356 - chunk_state_source/prompt_majority_pass:1.000 - chunk_state_source_chunk/enabled:1.000 - chunk_state_source_chunk/injected_ratio:1.000 - chunk_state_source_chunk/mean_len:128.000 - chunk_state_source_chunk/candidate_index:0.000 - chunk_state_support_anchor/enabled:1.000 - chunk_state_support_anchor/count:7.000 - chunk_state_support_anchor/candidate_start:1.000 - chunk_state_support_anchor/min_mass:0.031 - chunk_state_support_anchor/selection_mode_answer_stratified:0.000 - chunk_state_support_anchor/prefix_compat_enable:0.000 - chunk_state_support_anchor/prefix_compat_mode_hard:1.000 - chunk_state_support_anchor/prefix_compat_mode_soft:0.000 - chunk_state_support_anchor/prefix_compat_tokens:128.000 - chunk_state_support_anchor/min_prefix_match:0.750 - chunk_state_support_anchor/prefix_score_power:1.000 - chunk_state_support_anchor/skip_source:1.000 - chunk_state_support_anchor/injected_ratio:0.955 - chunk_state_support_anchor/state_keep_ratio:1.000 - chunk_state_support_anchor/skipped_no_anchor_ratio:0.000 - chunk_state_support_anchor/skipped_by_compat_ratio:0.000 - chunk_state_support_anchor/skipped_source_ratio:0.031 - chunk_state_support_anchor/score_mean:0.259 - chunk_state_support_anchor/positive_candidate_ratio:0.557 - chunk_state_support_anchor/prefix_match_mean:1.000 - chunk_state_support_anchor/prefix_match_min:1.000 - chunk_state_support_anchor/anchor_mass_mean:0.465 - chunk_state_support_anchor/anchor_mass_max:0.913 - chunk_state_support_anchor/anchor_len_mean:121.729 - chunk_state_support_anchor/unique_answer_ratio:0.384 - chunk_state_support_anchor/selected_rank_mean:2.953 - chunk_state_probe/skipped_for_support_flow:1.000 - chunk_state_support_flow/score_type_mass:0.000 - chunk_state_support_flow/score_type_soft_mass:0.000 - chunk_state_support_flow/score_type_gain:0.000 - chunk_state_support_flow/score_type_relative_gain:0.000 - chunk_state_support_flow/score_type_soft_relative_mass:0.000 - chunk_state_support_flow/score_type_softplus_gain:0.000 - chunk_state_support_flow/score_type_posterior_mass:0.000 - chunk_state_support_flow/score_type_posterior_gain:1.000 - chunk_state_support_flow/gain_slack:0.050 - chunk_state_support_flow/baseline_scale:0.500 - chunk_state_support_flow/source_prior_weight:1.000 - chunk_state_support_flow/min_positive_margin:0.000 - chunk_state_support_flow/softplus_temperature:0.125 - chunk_state_support_flow/split_mass_by_answer:0.000 - chunk_state_support_flow/answer_split_power:1.000 - chunk_state_support_flow/posterior_split_duplicates:0.000 - chunk_state_support_flow/answer_duplicate_ratio:0.000 - chunk_state_support_flow/posterior_answer_duplicate_ratio:0.616 - chunk_state_support_flow/raw_anchor_mass_mean:0.259 - chunk_state_support_flow/anchor_mass_mean:0.259 - chunk_state_support_flow/posterior_mass_mean:0.259 - chunk_state_support_flow/posterior_mass_max_mean:0.512 - chunk_state_support_flow/source_mass_mean:0.566 - chunk_state_support_flow/positive_margin_mean:0.229 - chunk_state_support_flow/state_keep_ratio:0.875 - chunk_state_support_flow/score_mean:0.148 - chunk_state_support_flow/score_max_mean:0.297 - chunk_state_support_flow/label_consistent_ratio:0.438 - chunk_state_support_flow/raw_positive_ratio:0.148 - chunk_state_score/mode_majority_completion:0.000 - chunk_state_score/mode_answer_consensus:0.000 - chunk_state_score/mode_answer_distribution:0.000 - chunk_state_score/mode_answer_value_gain:0.000 - chunk_state_score/mode_answer_value_margin:0.000 - chunk_state_score/mode_answer_support_mass:0.000 - chunk_state_score/mode_future_support_gain:0.000 - chunk_state_score/mode_support_anchor:0.000 - chunk_state_score/mode_support_flow:1.000 - chunk_state_score/mode_answer_source_consistency:0.000 - chunk_state_target_guard/enabled:1.000 - chunk_state_target_guard/kept_candidate_ratio:0.974 - chunk_state_target_guard/zeroed_candidate_ratio:0.026 - chunk_state_target_guard/score_mean_before:0.148 - chunk_state_target_guard/score_mean_after:0.148 - chunk_state_target_guard/prompt_mass_mean:0.000 - chunk_state_target_guard/raw_prompt_mass_mean:0.000 - chunk_state_target_guard/source_answer_mass_mean:0.566 - chunk_state_target_guard/use_mass_gain:0.000 - chunk_state_target_guard/candidate_guard_enable:1.000 - chunk_state_target_guard/anchor_guarded:1.000 - chunk_state_target_guard/bad_probe_ratio_mean:0.000 - chunk_state_target_guard/bad_probe_ratio_threshold:0.500 - chunk_state_target_guard/empty_answer_probe_ratio:0.000 - chunk_state_target_guard/repeated_boxed_probe_ratio:0.000 - chunk_state_target_guard/answer_too_long_probe_ratio:0.000 - chunk_state_target_guard/prompt_copy_probe_ratio:0.000 - chunk_state_target_guard/multi_problem_probe_ratio:0.000 - chunk_state_target_guard/distribution_oov_probe_ratio:0.000 - chunk_state_target_guard/candidate_repeated_boxed_probe_ratio:0.005 - chunk_state_target_guard/candidate_empty_boxed_probe_ratio:0.000 - chunk_state_target_guard/candidate_assistant_marker_probe_ratio:0.005 - chunk_state_target_guard/candidate_human_marker_probe_ratio:0.000 - chunk_state_target_guard/candidate_document_marker_probe_ratio:0.000 - chunk_state_target_guard/candidate_asy_repeat_probe_ratio:0.000 - chunk_state_target_guard/candidate_ngram_repeat_probe_ratio:0.000 - chunk_state_target_guard/candidate_prompt_copy_probe_ratio:0.016 - chunk_state_target_guard/zeroed_candidates:5.000 - chunk_state_target_guard/candidates:192.000 - chunk_state_diag/boundary_mean:352.000 - chunk_state_diag/boundary_min:256.000 - chunk_state_diag/boundary_max:768.000 - chunk_state_diag/boundary_zero_ratio:0.000 - chunk_state_diag/skipped_short_sources:3.000 - chunk_state_diag/skipped_support_sources:16.000 - chunk_state_diag/majority_consistent_fallbacks:0.000 - chunk_state_diag/support_low_fallbacks:0.000 - chunk_state_diag/real_state_count:13.000 - chunk_state_diag/pad_state_count:3.000 - chunk_state_diag/loss_weight_mean:0.812 - chunk_state_diag/source_response_len_mean:659.938 - chunk_state_diag/probe_score_std:0.181 - chunk_state_diag/state_probe_mean_max:0.295 - chunk_state_diag/state_probe_mean_min:0.000 - chunk_state_diag/state_all_positive_ratio:0.000 - chunk_state_diag/state_all_negative_ratio:0.125 - chunk_state_diag/state_mixed_ratio:0.875 - chunk_state_diag/source_majority_consistent_mean:1.000 - chunk_state_diag/source_prompt_majority_ratio_mean:0.447 - chunk_state_diag/source_answer_mass_mean:0.566 - chunk_state_diag/source_answer_mass_min:0.379 - chunk_state_diag/source_prompt_top_mass_mean:0.566 - chunk_state_diag/source_prompt_top_mass_min:0.379 - chunk_state_diag/prompt_valid_answer_coverage_mean:0.734 - chunk_state_diag/prompt_answer_top_margin_mean:0.465 - chunk_state_diag/prompt_answer_entropy_mean:1.510 - chunk_state_diag/source_clean_mask_mean:1.000 - chunk_state_diag/prompt_clean_rollout_ratio_mean:0.855 - chunk_state_diag/source_pseudo_acc_mean:0.938 - chunk_state_diag/source_original_acc_mean:1.000 - chunk_state_diag/prompt_pseudo_mean:0.412 - chunk_state_diag/prompt_original_mean:0.455 - chunk_state_diag/prompt_original_pass:1.000 - chunk_state_diag/probe_mean_source_original_correct:0.148 - chunk_state_diag/probe_mean_source_original_wrong:0.000 - chunk_state_diag/source_original_correct_ratio:1.000 - chunk_state_diag/jsonl_rows:16.000 - chunk_state/num_states:16.000 - chunk_state/real_states:13.000 - chunk_state/pad_states:3.000 - chunk_state/num_candidates:192.000 - chunk_state/num_actor_samples:88.000 - chunk_state/loss_weight_mean:0.593 - chunk_state/base_loss_weight_mean:0.812 - chunk_state/zeroed_state_ratio:0.188 - chunk_state/confidence_gate_ratio:1.000 - chunk_state/confidence_weight_mean:1.000 - chunk_state/min_state_positive_margin:-1.000 - chunk_state/future_support_keep_mode_hard:0.000 - chunk_state/future_support_keep_mode_soft:1.000 - chunk_state/future_support_keep_mode_off:0.000 - chunk_state/future_support_soft_weight_mean:1.000 - chunk_state/future_support_state_weight_mean:1.000 - chunk_state/future_support_soft_weight_floor:0.200 - chunk_state/future_support_keep_ratio:0.875 - chunk_state/source_quality_weight_mode_off:0.000 - chunk_state/source_quality_weight_mode_source_mass:1.000 - chunk_state/source_quality_weight_mode_prompt_top_mass:0.000 - chunk_state/source_quality_weight_mode_product:0.000 - chunk_state/source_quality_weight_mode_prompt_valid_answer_coverage:0.000 - chunk_state/source_quality_weight_mode_prompt_top_margin:0.000 - chunk_state/source_quality_weight_mode_coverage_margin_product:0.000 - chunk_state/source_quality_weight_mode_group_quality:0.000 - chunk_state/source_quality_weight_mean:0.566 - chunk_state/source_quality_weight_floor:0.200 - chunk_state/source_quality_weight_power:1.000 - chunk_state/source_quality_max_entropy:0.000 - chunk_state/source_answer_mass_mean:0.566 - chunk_state/source_prompt_top_mass_mean:0.566 - chunk_state/prompt_valid_answer_coverage_mean:0.734 - chunk_state/prompt_answer_top_margin_mean:0.465 - chunk_state/prompt_answer_entropy_mean:1.510 - chunk_state/majority_ratio_mean:0.566 - chunk_state/answer_coverage_mean:0.557 - chunk_state/answer_coverage_weighted_mean:0.553 - chunk_state/positive_margin_mean:0.229 - chunk_state/positive_margin_weighted_mean:0.276 - chunk_state/positive_ratio:0.148 - chunk_state/label_consistent_only:0.000 - chunk_state/zero_inconsistent_candidates:1.000 - chunk_state/prune_zero_weight_samples:1.000 - chunk_state/prune_padded_to_shards:0.000 - chunk_state/pruned_sample_ratio:0.542 - chunk_state/label_consistent_ratio:0.438 - chunk_state/informative_ratio:0.875 - chunk_state/kept_state_ratio:1.000 - chunk_state/target_entropy:1.798 - chunk_state/target_prior_mean:1.000 - chunk_state/target_prior_max:1.000 - chunk_state/weight_max:1.000 - chunk_state/weight_min:0.000 - chunk_state/powerflow_weight_clip:4.000 - chunk_state/powerflow_weight_clip_renorm:1.000 - chunk_state/powerflow_weight_before_clip_max:7.333 - chunk_state/powerflow_weight_before_clip_mean:1.062 - chunk_state/powerflow_weight_mean:1.000 - chunk_state/powerflow_weight_max:3.907 - chunk_state/powerflow_weight_min:0.380 - chunk_state/boxed_reward_mean:0.268 - chunk_state/boxed_reward_weighted_mean:0.344 - chunk_state/actor_batch_powerflow_weight_nonzero_ratio:1.000 - chunk_state/actor_batch_powerflow_weight_shard0_mean:1.204 - chunk_state/actor_batch_powerflow_weight_shard0_nonzero_ratio:1.000 - chunk_state/actor_batch_powerflow_weight_shard_mean_low:0.893 - chunk_state/actor_batch_powerflow_weight_shard_mean_high:1.204 - chunk_state/actor_batch_powerflow_weight_zero_shard_ratio:0.000 - chunk_state_actor_span/mode_chunk:1.000 - chunk_state_actor_span/response_len_mean:123.906 - chunk_state_actor_span/truncated_ratio:0.000 - actor/pg_loss:0.097 - actor/powerflow_loss:0.097 - actor/log_prob:-0.824 - actor/old_log_prob:0.000 - actor/ref_log_prob:-0.823 - actor/ref_log_prob/std:0.000 - actor/boxed_reward/mean:0.237 - actor/boxed_reward/min:0.000 - actor/boxed_reward/max:0.507 - actor/powerflow_weight/mean:1.204 - actor/powerflow_weight/min:0.380 - actor/powerflow_weight/max:3.907 - actor/powerflow_weight/nonzero_ratio:1.000 - actor/powerflow_local_batch_size:1.000 - actor/log_z:-0.282 - actor/importance_weight:0.800 - actor/powerflow_chunk_loss_target_only:1.000 - actor/ppo_kl:0.824 - actor/ref_kl:0.000 - actor/beta_coef:4.000 - actor/cispo_mask_ratio:0.287 - actor/cispo_dropped_tokens:31.545 - actor/condition_1_count:0.000 - actor/condition_2_count:31.545 - actor/pg_clipfrac:0.000 - actor/pg_clipfrac_lower:0.000 - actor/grad_norm:12.921 - perf/mfu/actor:0.000 - perf/max_memory_allocated_gb:163.206 - perf/max_memory_reserved_gb:176.207 - perf/cpu_memory_used_gb:790.425 - actor/lr:0.000 - timing_s/generate_sequences:29.918 - timing_s/reshard:0.309 - timing_s/gen:43.701 - timing_s/chunk_state_make_states:0.024 - timing_s/chunk_state_chunks/generate_sequences:0.537 - timing_s/chunk_state_chunks/reshard:0.344 - timing_s/chunk_state_chunks:0.948 - timing_s/chunk_state_score:7.718 - timing_s/chunk_state_build_actor_batch:0.011 - timing_s/chunk_state_ref:5.349 - timing_s/update_actor:3.656 - timing_per_token_ms/gen:0.044 - timing_per_token_ms/update_actor:0.003[36m(TaskRunner pid=1227895)[0m <string>:1: SymPyDeprecationWarning: 
[36m(TaskRunner pid=1227895)[0m 
[36m(TaskRunner pid=1227895)[0m Using non-Expr arguments in Pow is deprecated (in this case, one of the
[36m(TaskRunner pid=1227895)[0m arguments is of type 'FiniteSet').
[36m(TaskRunner pid=1227895)[0m 
[36m(TaskRunner pid=1227895)[0m If you really did intend to construct a power with this base, use the **
[36m(TaskRunner pid=1227895)[0m operator instead.
[36m(TaskRunner pid=1227895)[0m 
[36m(TaskRunner pid=1227895)[0m See https://docs.sympy.org/latest/explanation/active-deprecations.html#non-expr-args-deprecated
[36m(TaskRunner pid=1227895)[0m for details.
[36m(TaskRunner pid=1227895)[0m 
[36m(TaskRunner pid=1227895)[0m This has been deprecated since SymPy version 1.7. It
[36m(TaskRunner pid=1227895)[0m will be removed in a future version of SymPy.
[36m(TaskRunner pid=1227895)[0m 
[36m(TaskRunner pid=1227895)[0m /mlx_devbox/users/quyanyi/playground/.venvs/ttrl_b200/lib/python3.11/site-packages/sympy/simplify/simplify.py:1766: SymPyDeprecationWarning: 
[36m(TaskRunner pid=1227895)[0m 
[36m(TaskRunner pid=1227895)[0m Using non-Expr arguments in Pow is deprecated (in this case, one of the
[36m(TaskRunner pid=1227895)[0m arguments is of type 'FiniteSet').
[36m(TaskRunner pid=1227895)[0m 
[36m(TaskRunner pid=1227895)[0m If you really did intend to construct a power with this base, use the **
[36m(TaskRunner pid=1227895)[0m operator instead.
[36m(TaskRunner pid=1227895)[0m 
[36m(TaskRunner pid=1227895)[0m See https://docs.sympy.org/latest/explanation/active-deprecations.html#non-expr-args-deprecated
[36m(TaskRunner pid=1227895)[0m for details.
[36m(TaskRunner pid=1227895)[0m 
[36m(TaskRunner pid=1227895)[0m This has been deprecated since SymPy version 1.7. It
[36m(TaskRunner pid=1227895)[0m will be removed in a future version of SymPy.
[36m(TaskRunner pid=1227895)[0m 
[36m(TaskRunner pid=1227895)[0m   return _Pow(nc_simplify(args[0]), args[1]).doit()
[36m(TaskRunner pid=1227895)[0m <string>:1: SymPyDeprecationWarning: 
[36m(TaskRunner pid=1227895)[0m 
[36m(TaskRunner pid=1227895)[0m Using non-Expr arguments in Pow is deprecated (in this case, one of the
[36m(TaskRunner pid=1227895)[0m arguments is of type 'FiniteSet').
[36m(TaskRunner pid=1227895)[0m 
[36m(TaskRunner pid=1227895)[0m If you really did intend to construct a power with this base, use the **
[36m(TaskRunner pid=1227895)[0m operator instead.
[36m(TaskRunner pid=1227895)[0m 
[36m(TaskRunner pid=1227895)[0m See https://docs.sympy.org/latest/explanation/active-deprecations.html#non-expr-args-deprecated
[36m(TaskRunner pid=1227895)[0m for details.
[36m(TaskRunner pid=1227895)[0m 
[36m(TaskRunner pid=1227895)[0m This has been deprecated since SymPy version 1.7. It
[36m(TaskRunner pid=1227895)[0m will be removed in a future version of SymPy.
[36m(TaskRunner pid=1227895)[0m 
[36m(TaskRunner pid=1227895)[0m /mlx_devbox/users/quyanyi/playground/.venvs/ttrl_b200/lib/python3.11/site-packages/sympy/core/power.py:1257: SymPyDeprecationWarning: 
[36m(TaskRunner pid=1227895)[0m 
[36m(TaskRunner pid=1227895)[0m Using non-Expr arguments in Pow is deprecated (in this case, one of the
[36m(TaskRunner pid=1227895)[0m arguments is of type 'FiniteSet').
[36m(TaskRunner pid=1227895)[0m 
[36m(TaskRunner pid=1227895)[0m If you really did intend to construct a power with this base, use the **
[36m(TaskRunner pid=1227895)[0m operator instead.
[36m(TaskRunner pid=1227895)[0m 
[36m(TaskRunner pid=1227895)[0m See https://docs.sympy.org/latest/explanation/active-deprecations.html#non-expr-args-deprecated
[36m(TaskRunner pid=1227895)[0m for details.
[36m(TaskRunner pid=1227895)[0m 
[36m(TaskRunner pid=1227895)[0m This has been deprecated since SymPy version 1.7. It
[36m(TaskRunner pid=1227895)[0m will be removed in a future version of SymPy.
[36m(TaskRunner pid=1227895)[0m 
[36m(TaskRunner pid=1227895)[0m   p = self.func(*self.as_base_exp())  # in case it's unevaluated
[36m(TaskRunner pid=1227895)[0m <string>:1: SymPyDeprecationWarning: 
[36m(TaskRunner pid=1227895)[0m 
[36m(TaskRunner pid=1227895)[0m Using non-Expr arguments in Pow is deprecated (in this case, one of the
[36m(TaskRunner pid=1227895)[0m arguments is of type 'FiniteSet').
[36m(TaskRunner pid=1227895)[0m 
[36m(TaskRunner pid=1227895)[0m If you really did intend to construct a power with this base, use the **
[36m(TaskRunner pid=1227895)[0m operator instead.
[36m(TaskRunner pid=1227895)[0m 
[36m(TaskRunner pid=1227895)[0m See https://docs.sympy.org/latest/explanation/active-deprecations.html#non-expr-args-deprecated
[36m(TaskRunner pid=1227895)[0m for details.
[36m(TaskRunner pid=1227895)[0m 
[36m(TaskRunner pid=1227895)[0m This has been deprecated since SymPy version 1.7. It
[36m(TaskRunner pid=1227895)[0m will be removed in a future version of SymPy.
[36m(TaskRunner pid=1227895)[0m 
[36m(TaskRunner pid=1227895)[0m /mlx_devbox/users/quyanyi/playground/.venvs/ttrl_b200/lib/python3.11/site-packages/sympy/simplify/simplify.py:1766: SymPyDeprecationWarning: 
[36m(TaskRunner pid=1227895)[0m 
[36m(TaskRunner pid=1227895)[0m Using non-Expr arguments in Pow is deprecated (in this case, one of the
[36m(TaskRunner pid=1227895)[0m arguments is of type 'FiniteSet').
[36m(TaskRunner pid=1227895)[0m 
[36m(TaskRunner pid=1227895)[0m If you really did intend to construct a power with this base, use the **
[36m(TaskRunner pid=1227895)[0m operator instead.
[36m(TaskRunner pid=1227895)[0m 
[36m(TaskRunner pid=1227895)[0m See https://docs.sympy.org/latest/explanation/active-deprecations.html#non-expr-args-deprecated
[36m(TaskRunner pid=1227895)[0m for details.
[36m(TaskRunner pid=1227895)[0m 
[36m(TaskRunner pid=1227895)[0m This has been deprecated since SymPy version 1.7. It
[36m(TaskRunner pid=1227895)[0m will be removed in a future version of SymPy.
[36m(TaskRunner pid=1227895)[0m 
[36m(TaskRunner pid=1227895)[0m   return _Pow(nc_simplify(args[0]), args[1]).doit()
[36m(TaskRunner pid=1227895)[0m <string>:1: SymPyDeprecationWarning: 
[36m(TaskRunner pid=1227895)[0m 
[36m(TaskRunner pid=1227895)[0m Using non-Expr arguments in Pow is deprecated (in this case, one of the
[36m(TaskRunner pid=1227895)[0m arguments is of type 'FiniteSet').
[36m(TaskRunner pid=1227895)[0m 
[36m(TaskRunner pid=1227895)[0m If you really did intend to construct a power with this base, use the **
[36m(TaskRunner pid=1227895)[0m operator instead.
[36m(TaskRunner pid=1227895)[0m 
[36m(TaskRunner pid=1227895)[0m See https://docs.sympy.org/latest/explanation/active-deprecations.html#non-expr-args-deprecated
[36m(TaskRunner pid=1227895)[0m for details.
[36m(TaskRunner pid=1227895)[0m 
[36m(TaskRunner pid=1227895)[0m This has been deprecated since SymPy version 1.7. It
[36m(TaskRunner pid=1227895)[0m will be removed in a future version of SymPy.
[36m(TaskRunner pid=1227895)[0m 
[36m(TaskRunner pid=1227895)[0m <string>:1: SymPyDeprecationWarning: 
[36m(TaskRunner pid=1227895)[0m 
[36m(TaskRunner pid=1227895)[0m Using non-Expr arguments in Pow is deprecated (in this case, one of the
[36m(TaskRunner pid=1227895)[0m arguments is of type 'FiniteSet').
[36m(TaskRunner pid=1227895)[0m 
[36m(TaskRunner pid=1227895)[0m If you really did intend to construct a power with this base, use the **
[36m(TaskRunner pid=1227895)[0m operator instead.
[36m(TaskRunner pid=1227895)[0m 
[36m(TaskRunner pid=1227895)[0m See https://docs.sympy.org/latest/explanation/active-deprecations.html#non-expr-args-deprecated
[36m(TaskRunner pid=1227895)[0m for details.
[36m(TaskRunner pid=1227895)[0m 
[36m(TaskRunner pid=1227895)[0m This has been deprecated since SymPy version 1.7. It
[36m(TaskRunner pid=1227895)[0m will be removed in a future version of SymPy.
[36m(TaskRunner pid=1227895)[0m 
[36m(TaskRunner pid=1227895)[0m Training Progress:  67%|██████▋   | 2/3 [02:28<01:08, 68.67s/it] 

[36m(TaskRunner pid=1227895)[0m [Shutdown] 4 subprocess(es) terminated.
[36m(TaskRunner pid=1227895)[0m [Shutdown] 6 subprocess(es) terminated.
[36m(TaskRunner pid=1227895)[0m [Shutdown] 5 subprocess(es) terminated.
[36m(TaskRunner pid=1227895)[0m step:2 - chunk_state_full_rollout_guard/enabled:1.000 - chunk_state_full_rollout_guard/source_only_clean:1.000 - chunk_state_full_rollout_guard/clean_rollout_ratio:0.760 - chunk_state_full_rollout_guard/repeated_boxed_ratio:0.071 - chunk_state_full_rollout_guard/empty_boxed_ratio:0.080 - chunk_state_full_rollout_guard/assistant_marker_ratio:0.104 - chunk_state_full_rollout_guard/human_marker_ratio:0.103 - chunk_state_full_rollout_guard/document_marker_ratio:0.006 - chunk_state_full_rollout_guard/asy_repeat_ratio:0.001 - chunk_state_full_rollout_guard/ngram_repeat_ratio:0.044 - chunk_state_full_rollout_guard/prompt_copy_ratio:0.000 - chunk_state_source/selected_original_acc_mean:0.938 - chunk_state_source/prompt_original_pass:0.906 - chunk_state_source/prompt_original_mean:0.323 - chunk_state_source/selected_majority_consistent_mean:1.000 - chunk_state_source/prompt_majority_ratio_mean:0.338 - chunk_state_source/prompt_majority_pass:1.000 - chunk_state_source_chunk/enabled:1.000 - chunk_state_source_chunk/injected_ratio:1.000 - chunk_state_source_chunk/mean_len:128.000 - chunk_state_source_chunk/candidate_index:0.000 - chunk_state_support_anchor/enabled:1.000 - chunk_state_support_anchor/count:7.000 - chunk_state_support_anchor/candidate_start:1.000 - chunk_state_support_anchor/min_mass:0.031 - chunk_state_support_anchor/selection_mode_answer_stratified:0.000 - chunk_state_support_anchor/prefix_compat_enable:0.000 - chunk_state_support_anchor/prefix_compat_mode_hard:1.000 - chunk_state_support_anchor/prefix_compat_mode_soft:0.000 - chunk_state_support_anchor/prefix_compat_tokens:128.000 - chunk_state_support_anchor/min_prefix_match:0.750 - chunk_state_support_anchor/prefix_score_power:1.000 - chunk_state_support_anchor/skip_source:1.000 - chunk_state_support_anchor/injected_ratio:1.000 - chunk_state_support_anchor/state_keep_ratio:1.000 - chunk_state_support_anchor/skipped_no_anchor_ratio:0.000 - chunk_state_support_anchor/skipped_by_compat_ratio:0.000 - chunk_state_support_anchor/skipped_source_ratio:0.031 - chunk_state_support_anchor/score_mean:0.281 - chunk_state_support_anchor/positive_candidate_ratio:0.583 - chunk_state_support_anchor/prefix_match_mean:1.000 - chunk_state_support_anchor/prefix_match_min:1.000 - chunk_state_support_anchor/anchor_mass_mean:0.482 - chunk_state_support_anchor/anchor_mass_max:0.917 - chunk_state_support_anchor/anchor_len_mean:123.062 - chunk_state_support_anchor/unique_answer_ratio:0.473 - chunk_state_support_anchor/selected_rank_mean:3.000 - chunk_state_probe/skipped_for_support_flow:1.000 - chunk_state_support_flow/score_type_mass:0.000 - chunk_state_support_flow/score_type_soft_mass:0.000 - chunk_state_support_flow/score_type_gain:0.000 - chunk_state_support_flow/score_type_relative_gain:0.000 - chunk_state_support_flow/score_type_soft_relative_mass:0.000 - chunk_state_support_flow/score_type_softplus_gain:0.000 - chunk_state_support_flow/score_type_posterior_mass:0.000 - chunk_state_support_flow/score_type_posterior_gain:1.000 - chunk_state_support_flow/gain_slack:0.050 - chunk_state_support_flow/baseline_scale:0.500 - chunk_state_support_flow/source_prior_weight:1.000 - chunk_state_support_flow/min_positive_margin:0.000 - chunk_state_support_flow/softplus_temperature:0.125 - chunk_state_support_flow/split_mass_by_answer:0.000 - chunk_state_support_flow/answer_split_power:1.000 - chunk_state_support_flow/posterior_split_duplicates:0.000 - chunk_state_support_flow/answer_duplicate_ratio:0.000 - chunk_state_support_flow/posterior_answer_duplicate_ratio:0.527 - chunk_state_support_flow/raw_anchor_mass_mean:0.281 - chunk_state_support_flow/anchor_mass_mean:0.281 - chunk_state_support_flow/posterior_mass_mean:0.281 - chunk_state_support_flow/posterior_mass_max_mean:0.685 - chunk_state_support_flow/source_mass_mean:0.695 - chunk_state_support_flow/positive_margin_mean:0.337 - chunk_state_support_flow/state_keep_ratio:1.000 - chunk_state_support_flow/score_mean:0.152 - chunk_state_support_flow/score_max_mean:0.387 - chunk_state_support_flow/label_consistent_ratio:0.396 - chunk_state_support_flow/raw_positive_ratio:0.152 - chunk_state_score/mode_majority_completion:0.000 - chunk_state_score/mode_answer_consensus:0.000 - chunk_state_score/mode_answer_distribution:0.000 - chunk_state_score/mode_answer_value_gain:0.000 - chunk_state_score/mode_answer_value_margin:0.000 - chunk_state_score/mode_answer_support_mass:0.000 - chunk_state_score/mode_future_support_gain:0.000 - chunk_state_score/mode_support_anchor:0.000 - chunk_state_score/mode_support_flow:1.000 - chunk_state_score/mode_answer_source_consistency:0.000 - chunk_state_target_guard/enabled:1.000 - chunk_state_target_guard/kept_candidate_ratio:0.990 - chunk_state_target_guard/zeroed_candidate_ratio:0.010 - chunk_state_target_guard/score_mean_before:0.152 - chunk_state_target_guard/score_mean_after:0.148 - chunk_state_target_guard/prompt_mass_mean:0.000 - chunk_state_target_guard/raw_prompt_mass_mean:0.000 - chunk_state_target_guard/source_answer_mass_mean:0.695 - chunk_state_target_guard/use_mass_gain:0.000 - chunk_state_target_guard/candidate_guard_enable:1.000 - chunk_state_target_guard/anchor_guarded:1.000 - chunk_state_target_guard/bad_probe_ratio_mean:0.000 - chunk_state_target_guard/bad_probe_ratio_threshold:0.500 - chunk_state_target_guard/empty_answer_probe_ratio:0.000 - chunk_state_target_guard/repeated_boxed_probe_ratio:0.000 - chunk_state_target_guard/answer_too_long_probe_ratio:0.000 - chunk_state_target_guard/prompt_copy_probe_ratio:0.000 - chunk_state_target_guard/multi_problem_probe_ratio:0.000 - chunk_state_target_guard/distribution_oov_probe_ratio:0.000 - chunk_state_target_guard/candidate_repeated_boxed_probe_ratio:0.000 - chunk_state_target_guard/candidate_empty_boxed_probe_ratio:0.000 - chunk_state_target_guard/candidate_assistant_marker_probe_ratio:0.000 - chunk_state_target_guard/candidate_human_marker_probe_ratio:0.000 - chunk_state_target_guard/candidate_document_marker_probe_ratio:0.000 - chunk_state_target_guard/candidate_asy_repeat_probe_ratio:0.000 - chunk_state_target_guard/candidate_ngram_repeat_probe_ratio:0.000 - chunk_state_target_guard/candidate_prompt_copy_probe_ratio:0.010 - chunk_state_target_guard/zeroed_candidates:2.000 - chunk_state_target_guard/candidates:192.000 - chunk_state_diag/boundary_mean:256.000 - chunk_state_diag/boundary_min:256.000 - chunk_state_diag/boundary_max:256.000 - chunk_state_diag/boundary_zero_ratio:0.000 - chunk_state_diag/skipped_short_sources:4.000 - chunk_state_diag/skipped_support_sources:18.000 - chunk_state_diag/majority_consistent_fallbacks:0.000 - chunk_state_diag/support_low_fallbacks:0.000 - chunk_state_diag/real_state_count:10.000 - chunk_state_diag/pad_state_count:6.000 - chunk_state_diag/loss_weight_mean:0.625 - chunk_state_diag/source_response_len_mean:533.812 - chunk_state_diag/probe_score_std:0.201 - chunk_state_diag/state_probe_mean_max:0.297 - chunk_state_diag/state_probe_mean_min:0.013 - chunk_state_diag/state_all_positive_ratio:0.000 - chunk_state_diag/state_all_negative_ratio:0.000 - chunk_state_diag/state_mixed_ratio:1.000 - chunk_state_diag/source_majority_consistent_mean:1.000 - chunk_state_diag/source_prompt_majority_ratio_mean:0.561 - chunk_state_diag/source_answer_mass_mean:0.695 - chunk_state_diag/source_answer_mass_min:0.389 - chunk_state_diag/source_prompt_top_mass_mean:0.695 - chunk_state_diag/source_prompt_top_mass_min:0.389 - chunk_state_diag/prompt_valid_answer_coverage_mean:0.742 - chunk_state_diag/prompt_answer_top_margin_mean:0.595 - chunk_state_diag/prompt_answer_entropy_mean:1.066 - chunk_state_diag/source_clean_mask_mean:1.000 - chunk_state_diag/prompt_clean_rollout_ratio_mean:0.832 - chunk_state_diag/source_pseudo_acc_mean:0.938 - chunk_state_diag/source_original_acc_mean:0.938 - chunk_state_diag/prompt_pseudo_mean:0.555 - chunk_state_diag/prompt_original_mean:0.549 - chunk_state_diag/prompt_original_pass:1.000 - chunk_state_diag/probe_mean_source_original_correct:0.157 - chunk_state_diag/probe_mean_source_original_wrong:0.013 - chunk_state_diag/source_original_correct_ratio:0.938 - chunk_state_diag/jsonl_rows:16.000 - chunk_state/num_states:16.000 - chunk_state/real_states:10.000 - chunk_state/pad_states:6.000 - chunk_state/num_candidates:192.000 - chunk_state/num_actor_samples:56.000 - chunk_state/loss_weight_mean:0.716 - chunk_state/base_loss_weight_mean:0.625 - chunk_state/zeroed_state_ratio:0.375 - chunk_state/confidence_gate_ratio:1.000 - chunk_state/confidence_weight_mean:1.000 - chunk_state/min_state_positive_margin:-1.000 - chunk_state/future_support_keep_mode_hard:0.000 - chunk_state/future_support_keep_mode_soft:1.000 - chunk_state/future_support_keep_mode_off:0.000 - chunk_state/future_support_soft_weight_mean:1.000 - chunk_state/future_support_state_weight_mean:1.000 - chunk_state/future_support_soft_weight_floor:0.200 - chunk_state/future_support_keep_ratio:1.000 - chunk_state/source_quality_weight_mode_off:0.000 - chunk_state/source_quality_weight_mode_source_mass:1.000 - chunk_state/source_quality_weight_mode_prompt_top_mass:0.000 - chunk_state/source_quality_weight_mode_product:0.000 - chunk_state/source_quality_weight_mode_prompt_valid_answer_coverage:0.000 - chunk_state/source_quality_weight_mode_prompt_top_margin:0.000 - chunk_state/source_quality_weight_mode_coverage_margin_product:0.000 - chunk_state/source_quality_weight_mode_group_quality:0.000 - chunk_state/source_quality_weight_mean:0.695 - chunk_state/source_quality_weight_floor:0.200 - chunk_state/source_quality_weight_power:1.000 - chunk_state/source_quality_max_entropy:0.000 - chunk_state/source_answer_mass_mean:0.695 - chunk_state/source_prompt_top_mass_mean:0.695 - chunk_state/prompt_valid_answer_coverage_mean:0.742 - chunk_state/prompt_answer_top_margin_mean:0.595 - chunk_state/prompt_answer_entropy_mean:1.066 - chunk_state/majority_ratio_mean:0.695 - chunk_state/answer_coverage_mean:0.583 - chunk_state/answer_coverage_weighted_mean:0.583 - chunk_state/positive_margin_mean:0.337 - chunk_state/positive_margin_weighted_mean:0.353 - chunk_state/positive_ratio:0.148 - chunk_state/label_consistent_only:0.000 - chunk_state/zero_inconsistent_candidates:1.000 - chunk_state/prune_zero_weight_samples:1.000 - chunk_state/prune_padded_to_shards:0.000 - chunk_state/pruned_sample_ratio:0.708 - chunk_state/label_consistent_ratio:0.385 - chunk_state/informative_ratio:1.000 - chunk_state/kept_state_ratio:1.000 - chunk_state/target_entropy:1.386 - chunk_state/target_prior_mean:1.000 - chunk_state/target_prior_max:1.000 - chunk_state/weight_max:0.500 - chunk_state/weight_min:0.000 - chunk_state/powerflow_weight_clip:4.000 - chunk_state/powerflow_weight_clip_renorm:1.000 - chunk_state/powerflow_weight_before_clip_max:2.333 - chunk_state/powerflow_weight_before_clip_mean:1.454 - chunk_state/powerflow_weight_mean:1.000 - chunk_state/powerflow_weight_max:1.605 - chunk_state/powerflow_weight_min:0.081 - chunk_state/boxed_reward_mean:0.387 - chunk_state/boxed_reward_weighted_mean:0.398 - chunk_state/actor_batch_powerflow_weight_nonzero_ratio:1.000 - chunk_state/actor_batch_powerflow_weight_shard0_mean:1.110 - chunk_state/actor_batch_powerflow_weight_shard0_nonzero_ratio:1.000 - chunk_state/actor_batch_powerflow_weight_shard_mean_low:0.900 - chunk_state/actor_batch_powerflow_weight_shard_mean_high:1.110 - chunk_state/actor_batch_powerflow_weight_zero_shard_ratio:0.000 - chunk_state_actor_span/mode_chunk:1.000 - chunk_state_actor_span/response_len_mean:124.443 - chunk_state_actor_span/truncated_ratio:0.000 - actor/pg_loss:0.126 - actor/powerflow_loss:0.126 - actor/log_prob:-0.714 - actor/old_log_prob:0.000 - actor/ref_log_prob:-0.715 - actor/ref_log_prob/std:0.000 - actor/boxed_reward/mean:0.261 - actor/boxed_reward/min:0.000 - actor/boxed_reward/max:0.508 - actor/powerflow_weight/mean:1.110 - actor/powerflow_weight/min:0.826 - actor/powerflow_weight/max:1.605 - actor/powerflow_weight/nonzero_ratio:1.000 - actor/powerflow_local_batch_size:1.000 - actor/log_z:-0.288 - actor/importance_weight:0.800 - actor/powerflow_chunk_loss_target_only:1.000 - actor/ppo_kl:0.714 - actor/ref_kl:-0.001 - actor/beta_coef:4.000 - actor/cispo_mask_ratio:0.280 - actor/cispo_dropped_tokens:35.143 - actor/condition_1_count:0.000 - actor/condition_2_count:35.143 - actor/pg_clipfrac:0.000 - actor/pg_clipfrac_lower:0.000 - actor/grad_norm:23.240 - perf/mfu/actor:0.000 - perf/max_memory_allocated_gb:166.224 - perf/max_memory_reserved_gb:176.207 - perf/cpu_memory_used_gb:790.286 - actor/lr:0.000 - timing_s/generate_sequences:18.003 - timing_s/reshard:0.454 - timing_s/gen:22.688 - timing_s/chunk_state_make_states:0.024 - timing_s/chunk_state_chunks/generate_sequences:0.530 - timing_s/chunk_state_chunks/reshard:0.354 - timing_s/chunk_state_chunks:0.938 - timing_s/chunk_state_score:6.169 - timing_s/chunk_state_build_actor_batch:0.010 - timing_s/chunk_state_ref:0.736 - timing_s/update_actor:1.869 - timing_per_token_ms/gen:0.021 - timing_per_token_ms/update_actor:0.002[36m(TaskRunner pid=1227895)[0m <string>:1: SymPyDeprecationWarning: 
[36m(TaskRunner pid=1227895)[0m 
[36m(TaskRunner pid=1227895)[0m Using non-Expr arguments in Pow is deprecated (in this case, one of the
[36m(TaskRunner pid=1227895)[0m arguments is of type 'FiniteSet').
[36m(TaskRunner pid=1227895)[0m 
[36m(TaskRunner pid=1227895)[0m If you really did intend to construct a power with this base, use the **
[36m(TaskRunner pid=1227895)[0m operator instead.
[36m(TaskRunner pid=1227895)[0m 
[36m(TaskRunner pid=1227895)[0m See https://docs.sympy.org/latest/explanation/active-deprecations.html#non-expr-args-deprecated
[36m(TaskRunner pid=1227895)[0m for details.
[36m(TaskRunner pid=1227895)[0m 
[36m(TaskRunner pid=1227895)[0m This has been deprecated since SymPy version 1.7. It
[36m(TaskRunner pid=1227895)[0m will be removed in a future version of SymPy.
[36m(TaskRunner pid=1227895)[0m 
[36m(TaskRunner pid=1227895)[0m /mlx_devbox/users/quyanyi/playground/.venvs/ttrl_b200/lib/python3.11/site-packages/sympy/core/power.py:1257: SymPyDeprecationWarning: 
[36m(TaskRunner pid=1227895)[0m 
[36m(TaskRunner pid=1227895)[0m Using non-Expr arguments in Pow is deprecated (in this case, one of the
[36m(TaskRunner pid=1227895)[0m arguments is of type 'FiniteSet').
[36m(TaskRunner pid=1227895)[0m 
[36m(TaskRunner pid=1227895)[0m If you really did intend to construct a power with this base, use the **
[36m(TaskRunner pid=1227895)[0m operator instead.
[36m(TaskRunner pid=1227895)[0m 
[36m(TaskRunner pid=1227895)[0m See https://docs.sympy.org/latest/explanation/active-deprecations.html#non-expr-args-deprecated
[36m(TaskRunner pid=1227895)[0m for details.
[36m(TaskRunner pid=1227895)[0m 
[36m(TaskRunner pid=1227895)[0m This has been deprecated since SymPy version 1.7. It
[36m(TaskRunner pid=1227895)[0m will be removed in a future version of SymPy.
[36m(TaskRunner pid=1227895)[0m 
[36m(TaskRunner pid=1227895)[0m   p = self.func(*self.as_base_exp())  # in case it's unevaluated
[36m(TaskRunner pid=1227895)[0m <string>:1: SymPyDeprecationWarning: 
[36m(TaskRunner pid=1227895)[0m 
[36m(TaskRunner pid=1227895)[0m Using non-Expr arguments in Pow is deprecated (in this case, one of the
[36m(TaskRunner pid=1227895)[0m arguments is of type 'FiniteSet').
[36m(TaskRunner pid=1227895)[0m 
[36m(TaskRunner pid=1227895)[0m If you really did intend to construct a power with this base, use the **
[36m(TaskRunner pid=1227895)[0m operator instead.
[36m(TaskRunner pid=1227895)[0m 
[36m(TaskRunner pid=1227895)[0m See https://docs.sympy.org/latest/explanation/active-deprecations.html#non-expr-args-deprecated
[36m(TaskRunner pid=1227895)[0m for details.
[36m(TaskRunner pid=1227895)[0m 
[36m(TaskRunner pid=1227895)[0m This has been deprecated since SymPy version 1.7. It
[36m(TaskRunner pid=1227895)[0m will be removed in a future version of SymPy.
[36m(TaskRunner pid=1227895)[0m 
[36m(TaskRunner pid=1227895)[0m /mlx_devbox/users/quyanyi/playground/.venvs/ttrl_b200/lib/python3.11/site-packages/sympy/core/power.py:1257: SymPyDeprecationWarning: 
[36m(TaskRunner pid=1227895)[0m 
[36m(TaskRunner pid=1227895)[0m Using non-Expr arguments in Pow is deprecated (in this case, one of the
[36m(TaskRunner pid=1227895)[0m arguments is of type 'FiniteSet').
[36m(TaskRunner pid=1227895)[0m 
[36m(TaskRunner pid=1227895)[0m If you really did intend to construct a power with this base, use the **
[36m(TaskRunner pid=1227895)[0m operator instead.
[36m(TaskRunner pid=1227895)[0m 
[36m(TaskRunner pid=1227895)[0m See https://docs.sympy.org/latest/explanation/active-deprecations.html#non-expr-args-deprecated
[36m(TaskRunner pid=1227895)[0m for details.
[36m(TaskRunner pid=1227895)[0m 
[36m(TaskRunner pid=1227895)[0m This has been deprecated since SymPy version 1.7. It
[36m(TaskRunner pid=1227895)[0m will be removed in a future version of SymPy.
[36m(TaskRunner pid=1227895)[0m 
[36m(TaskRunner pid=1227895)[0m   p = self.func(*self.as_base_exp())  # in case it's unevaluated
[36m(TaskRunner pid=1227895)[0m <string>:1: SymPyDeprecationWarning: 
[36m(TaskRunner pid=1227895)[0m 
[36m(TaskRunner pid=1227895)[0m Using non-Expr arguments in Pow is deprecated (in this case, one of the
[36m(TaskRunner pid=1227895)[0m arguments is of type 'FiniteSet').
[36m(TaskRunner pid=1227895)[0m 
[36m(TaskRunner pid=1227895)[0m If you really did intend to construct a power with this base, use the **
[36m(TaskRunner pid=1227895)[0m operator instead.
[36m(TaskRunner pid=1227895)[0m 
[36m(TaskRunner pid=1227895)[0m See https://docs.sympy.org/latest/explanation/active-deprecations.html#non-expr-args-deprecated
[36m(TaskRunner pid=1227895)[0m for details.
[36m(TaskRunner pid=1227895)[0m 
[36m(TaskRunner pid=1227895)[0m This has been deprecated since SymPy version 1.7. It
[36m(TaskRunner pid=1227895)[0m will be removed in a future version of SymPy.
[36m(TaskRunner pid=1227895)[0m 
[36m(TaskRunner pid=1227895)[0m <string>:1: SymPyDeprecationWarning: 
[36m(TaskRunner pid=1227895)[0m 
[36m(TaskRunner pid=1227895)[0m Using non-Expr arguments in Pow is deprecated (in this case, one of the
[36m(TaskRunner pid=1227895)[0m arguments is of type 'FiniteSet').
[36m(TaskRunner pid=1227895)[0m 
[36m(TaskRunner pid=1227895)[0m If you really did intend to construct a power with this base, use the **
[36m(TaskRunner pid=1227895)[0m operator instead.
[36m(TaskRunner pid=1227895)[0m 
[36m(TaskRunner pid=1227895)[0m See https://docs.sympy.org/latest/explanation/active-deprecations.html#non-expr-args-deprecated
[36m(TaskRunner pid=1227895)[0m for details.
[36m(TaskRunner pid=1227895)[0m 
[36m(TaskRunner pid=1227895)[0m This has been deprecated since SymPy version 1.7. It
[36m(TaskRunner pid=1227895)[0m will be removed in a future version of SymPy.
[36m(TaskRunner pid=1227895)[0m 

[36m(TaskRunner pid=1227895)[0m [Shutdown] 2 subprocess(es) terminated.
[36m(TaskRunner pid=1227895)[0m [Shutdown] 3 subprocess(es) terminated.
[36m(TaskRunner pid=1227895)[0m [Shutdown] 6 subprocess(es) terminated.
[36m(TaskRunner pid=1227895)[0m Training Progress:  67%|██████▋   | 2/3 [03:11<01:35, 95.54s/it]
[36m(TaskRunner pid=1227895)[0m Exception ignored in atexit callback: <function dump_compile_times at 0x7fc1761f0860>
[36m(TaskRunner pid=1227895)[0m Traceback (most recent call last):
[36m(TaskRunner pid=1227895)[0m   File "/mlx_devbox/users/quyanyi/playground/.venvs/ttrl_b200/lib/python3.11/site-packages/torch/_dynamo/utils.py", line 910, in dump_compile_times
[36m(TaskRunner pid=1227895)[0m     log.info(compile_times(repr="str", aggregate=True))
[36m(TaskRunner pid=1227895)[0m              ^^^^^^^^^^^^^^^^^^^^^^^^^^^^^^^^^^^^^^^^^
[36m(TaskRunner pid=1227895)[0m   File "/mlx_devbox/users/quyanyi/playground/.venvs/ttrl_b200/lib/python3.11/site-packages/torch/_dynamo/utils.py", line 896, in compile_times
[36m(TaskRunner pid=1227895)[0m     out += tabulate(rows, headers=("Function", "Runtimes (s)"))
[36m(TaskRunner pid=1227895)[0m            ^^^^^^^^^^^^^^^^^^^^^^^^^^^^^^^^^^^^^^^^^^^^^^^^^^^^
[36m(TaskRunner pid=1227895)[0m   File "/mlx_devbox/users/quyanyi/playground/.venvs/ttrl_b200/lib/python3.11/site-packages/torch/_dynamo/utils.py", line 244, in tabulate
[36m(TaskRunner pid=1227895)[0m     import tabulate
[36m(TaskRunner pid=1227895)[0m   File "/mlx_devbox/users/quyanyi/playground/.venvs/ttrl_b200/lib/python3.11/site-packages/tabulate/__init__.py", line 38, in <module>
[36m(TaskRunner pid=1227895)[0m     from .version import version as __version__  # noqa: F401
[36m(TaskRunner pid=1227895)[0m     ^^^^^^^^^^^^^^^^^^^^^^^^^^^^^^^^^^^^^^^^^^^
[36m(TaskRunner pid=1227895)[0m   File "<frozen importlib._bootstrap>", line 1178, in _find_and_load
[36m(TaskRunner pid=1227895)[0m   File "<frozen importlib._bootstrap>", line 1140, in _find_and_load_unlocked
[36m(TaskRunner pid=1227895)[0m   File "<frozen importlib._bootstrap>", line 1080, in _find_spec
[36m(TaskRunner pid=1227895)[0m   File "<frozen importlib._bootstrap_external>", line 1504, in find_spec
[36m(TaskRunner pid=1227895)[0m   File "<frozen importlib._bootstrap_external>", line 1476, in _get_spec
[36m(TaskRunner pid=1227895)[0m   File "<frozen importlib._bootstrap_external>", line 1616, in find_spec
[36m(TaskRunner pid=1227895)[0m   File "<frozen importlib._bootstrap_external>", line 1659, in _fill_cache
[36m(TaskRunner pid=1227895)[0m   File "/mlx_devbox/users/quyanyi/playground/.venvs/ttrl_b200/lib/python3.11/site-packages/torch/utils/data/_utils/signal_handling.py", line 73, in handler
[36m(TaskRunner pid=1227895)[0m     _error_if_any_worker_fails()
[36m(TaskRunner pid=1227895)[0m RuntimeError: DataLoader worker (pid 1246318) is killed by signal: Killed. 
[36m(TaskRunner pid=1227895)[0m step:3 - chunk_state_full_rollout_guard/enabled:1.000 - chunk_state_full_rollout_guard/source_only_clean:1.000 - chunk_state_full_rollout_guard/clean_rollout_ratio:0.679 - chunk_state_full_rollout_guard/repeated_boxed_ratio:0.089 - chunk_state_full_rollout_guard/empty_boxed_ratio:0.099 - chunk_state_full_rollout_guard/assistant_marker_ratio:0.185 - chunk_state_full_rollout_guard/human_marker_ratio:0.179 - chunk_state_full_rollout_guard/document_marker_ratio:0.008 - chunk_state_full_rollout_guard/asy_repeat_ratio:0.005 - chunk_state_full_rollout_guard/ngram_repeat_ratio:0.042 - chunk_state_full_rollout_guard/prompt_copy_ratio:0.002 - chunk_state_source/selected_original_acc_mean:1.000 - chunk_state_source/prompt_original_pass:0.938 - chunk_state_source/prompt_original_mean:0.316 - chunk_state_source/selected_majority_consistent_mean:1.000 - chunk_state_source/prompt_majority_ratio_mean:0.307 - chunk_state_source/prompt_majority_pass:1.000 - chunk_state_source_chunk/enabled:1.000 - chunk_state_source_chunk/injected_ratio:1.000 - chunk_state_source_chunk/mean_len:122.688 - chunk_state_source_chunk/candidate_index:0.000 - chunk_state_support_anchor/enabled:1.000 - chunk_state_support_anchor/count:7.000 - chunk_state_support_anchor/candidate_start:1.000 - chunk_state_support_anchor/min_mass:0.031 - chunk_state_support_anchor/selection_mode_answer_stratified:0.000 - chunk_state_support_anchor/prefix_compat_enable:0.000 - chunk_state_support_anchor/prefix_compat_mode_hard:1.000 - chunk_state_support_anchor/prefix_compat_mode_soft:0.000 - chunk_state_support_anchor/prefix_compat_tokens:128.000 - chunk_state_support_anchor/min_prefix_match:0.750 - chunk_state_support_anchor/prefix_score_power:1.000 - chunk_state_support_anchor/skip_source:1.000 - chunk_state_support_anchor/injected_ratio:0.964 - chunk_state_support_anchor/state_keep_ratio:1.000 - chunk_state_support_anchor/skipped_no_anchor_ratio:0.000 - chunk_state_support_anchor/skipped_by_compat_ratio:0.000 - chunk_state_support_anchor/skipped_source_ratio:0.031 - chunk_state_support_anchor/score_mean:0.197 - chunk_state_support_anchor/positive_candidate_ratio:0.562 - chunk_state_support_anchor/prefix_match_mean:1.000 - chunk_state_support_anchor/prefix_match_min:1.000 - chunk_state_support_anchor/anchor_mass_mean:0.351 - chunk_state_support_anchor/anchor_mass_max:0.909 - chunk_state_support_anchor/anchor_len_mean:116.231 - chunk_state_support_anchor/unique_answer_ratio:0.589 - chunk_state_support_anchor/selected_rank_mean:2.944 - chunk_state_probe/skipped_for_support_flow:1.000 - chunk_state_support_flow/score_type_mass:0.000 - chunk_state_support_flow/score_type_soft_mass:0.000 - chunk_state_support_flow/score_type_gain:0.000 - chunk_state_support_flow/score_type_relative_gain:0.000 - chunk_state_support_flow/score_type_soft_relative_mass:0.000 - chunk_state_support_flow/score_type_softplus_gain:0.000 - chunk_state_support_flow/score_type_posterior_mass:0.000 - chunk_state_support_flow/score_type_posterior_gain:1.000 - chunk_state_support_flow/gain_slack:0.050 - chunk_state_support_flow/baseline_scale:0.500 - chunk_state_support_flow/source_prior_weight:1.000 - chunk_state_support_flow/min_positive_margin:0.000 - chunk_state_support_flow/softplus_temperature:0.125 - chunk_state_support_flow/split_mass_by_answer:0.000 - chunk_state_support_flow/answer_split_power:1.000 - chunk_state_support_flow/posterior_split_duplicates:0.000 - chunk_state_support_flow/answer_duplicate_ratio:0.000 - chunk_state_support_flow/posterior_answer_duplicate_ratio:0.411 - chunk_state_support_flow/raw_anchor_mass_mean:0.197 - chunk_state_support_flow/anchor_mass_mean:0.197 - chunk_state_support_flow/posterior_mass_mean:0.197 - chunk_state_support_flow/posterior_mass_max_mean:0.493 - chunk_state_support_flow/source_mass_mean:0.566 - chunk_state_support_flow/positive_margin_mean:0.211 - chunk_state_support_flow/state_keep_ratio:0.812 - chunk_state_support_flow/score_mean:0.104 - chunk_state_support_flow/score_max_mean:0.277 - chunk_state_support_flow/label_consistent_ratio:0.297 - chunk_state_support_flow/raw_positive_ratio:0.104 - chunk_state_score/mode_majority_completion:0.000 - chunk_state_score/mode_answer_consensus:0.000 - chunk_state_score/mode_answer_distribution:0.000 - chunk_state_score/mode_answer_value_gain:0.000 - chunk_state_score/mode_answer_value_margin:0.000 - chunk_state_score/mode_answer_support_mass:0.000 - chunk_state_score/mode_future_support_gain:0.000 - chunk_state_score/mode_support_anchor:0.000 - chunk_state_score/mode_support_flow:1.000 - chunk_state_score/mode_answer_source_consistency:0.000 - chunk_state_target_guard/enabled:1.000 - chunk_state_target_guard/kept_candidate_ratio:0.995 - chunk_state_target_guard/zeroed_candidate_ratio:0.005 - chunk_state_target_guard/score_mean_before:0.104 - chunk_state_target_guard/score_mean_after:0.102 - chunk_state_target_guard/prompt_mass_mean:0.000 - chunk_state_target_guard/raw_prompt_mass_mean:0.000 - chunk_state_target_guard/source_answer_mass_mean:0.566 - chunk_state_target_guard/use_mass_gain:0.000 - chunk_state_target_guard/candidate_guard_enable:1.000 - chunk_state_target_guard/anchor_guarded:1.000 - chunk_state_target_guard/bad_probe_ratio_mean:0.000 - chunk_state_target_guard/bad_probe_ratio_threshold:0.500 - chunk_state_target_guard/empty_answer_probe_ratio:0.000 - chunk_state_target_guard/repeated_boxed_probe_ratio:0.000 - chunk_state_target_guard/answer_too_long_probe_ratio:0.000 - chunk_state_target_guard/prompt_copy_probe_ratio:0.000 - chunk_state_target_guard/multi_problem_probe_ratio:0.000 - chunk_state_target_guard/distribution_oov_probe_ratio:0.000 - chunk_state_target_guard/candidate_repeated_boxed_probe_ratio:0.005 - chunk_state_target_guard/candidate_empty_boxed_probe_ratio:0.000 - chunk_state_target_guard/candidate_assistant_marker_probe_ratio:0.000 - chunk_state_target_guard/candidate_human_marker_probe_ratio:0.000 - chunk_state_target_guard/candidate_document_marker_probe_ratio:0.000 - chunk_state_target_guard/candidate_asy_repeat_probe_ratio:0.000 - chunk_state_target_guard/candidate_ngram_repeat_probe_ratio:0.000 - chunk_state_target_guard/candidate_prompt_copy_probe_ratio:0.000 - chunk_state_target_guard/zeroed_candidates:1.000 - chunk_state_target_guard/candidates:192.000 - chunk_state_diag/boundary_mean:384.000 - chunk_state_diag/boundary_min:256.000 - chunk_state_diag/boundary_max:768.000 - chunk_state_diag/boundary_zero_ratio:0.000 - chunk_state_diag/skipped_short_sources:1.000 - chunk_state_diag/skipped_support_sources:16.000 - chunk_state_diag/majority_consistent_fallbacks:0.000 - chunk_state_diag/support_low_fallbacks:0.000 - chunk_state_diag/real_state_count:15.000 - chunk_state_diag/pad_state_count:1.000 - chunk_state_diag/loss_weight_mean:0.938 - chunk_state_diag/source_response_len_mean:738.250 - chunk_state_diag/probe_score_std:0.171 - chunk_state_diag/state_probe_mean_max:0.286 - chunk_state_diag/state_probe_mean_min:0.000 - chunk_state_diag/state_all_positive_ratio:0.000 - chunk_state_diag/state_all_negative_ratio:0.188 - chunk_state_diag/state_mixed_ratio:0.812 - chunk_state_diag/source_majority_consistent_mean:1.000 - chunk_state_diag/source_prompt_majority_ratio_mean:0.451 - chunk_state_diag/source_answer_mass_mean:0.566 - chunk_state_diag/source_answer_mass_min:0.360 - chunk_state_diag/source_prompt_top_mass_mean:0.566 - chunk_state_diag/source_prompt_top_mass_min:0.360 - chunk_state_diag/prompt_valid_answer_coverage_mean:0.736 - chunk_state_diag/prompt_answer_top_margin_mean:0.430 - chunk_state_diag/prompt_answer_entropy_mean:1.433 - chunk_state_diag/source_clean_mask_mean:1.000 - chunk_state_diag/prompt_clean_rollout_ratio_mean:0.842 - chunk_state_diag/source_pseudo_acc_mean:0.938 - chunk_state_diag/source_original_acc_mean:1.000 - chunk_state_diag/prompt_pseudo_mean:0.488 - chunk_state_diag/prompt_original_mean:0.502 - chunk_state_diag/prompt_original_pass:1.000 - chunk_state_diag/probe_mean_source_original_correct:0.102 - chunk_state_diag/probe_mean_source_original_wrong:0.000 - chunk_state_diag/source_original_correct_ratio:1.000 - chunk_state_diag/jsonl_rows:16.000 - chunk_state/num_states:16.000 - chunk_state/real_states:15.000 - chunk_state/pad_states:1.000 - chunk_state/num_candidates:192.000 - chunk_state/num_actor_samples:88.000 - chunk_state/loss_weight_mean:0.551 - chunk_state/base_loss_weight_mean:0.938 - chunk_state/zeroed_state_ratio:0.062 - chunk_state/confidence_gate_ratio:1.000 - chunk_state/confidence_weight_mean:1.000 - chunk_state/min_state_positive_margin:-1.000 - chunk_state/future_support_keep_mode_hard:0.000 - chunk_state/future_support_keep_mode_soft:1.000 - chunk_state/future_support_keep_mode_off:0.000 - chunk_state/future_support_soft_weight_mean:1.000 - chunk_state/future_support_state_weight_mean:1.000 - chunk_state/future_support_soft_weight_floor:0.200 - chunk_state/future_support_keep_ratio:0.812 - chunk_state/source_quality_weight_mode_off:0.000 - chunk_state/source_quality_weight_mode_source_mass:1.000 - chunk_state/source_quality_weight_mode_prompt_top_mass:0.000 - chunk_state/source_quality_weight_mode_product:0.000 - chunk_state/source_quality_weight_mode_prompt_valid_answer_coverage:0.000 - chunk_state/source_quality_weight_mode_prompt_top_margin:0.000 - chunk_state/source_quality_weight_mode_coverage_margin_product:0.000 - chunk_state/source_quality_weight_mode_group_quality:0.000 - chunk_state/source_quality_weight_mean:0.566 - chunk_state/source_quality_weight_floor:0.200 - chunk_state/source_quality_weight_power:1.000 - chunk_state/source_quality_max_entropy:0.000 - chunk_state/source_answer_mass_mean:0.566 - chunk_state/source_prompt_top_mass_mean:0.566 - chunk_state/prompt_valid_answer_coverage_mean:0.736 - chunk_state/prompt_answer_top_margin_mean:0.430 - chunk_state/prompt_answer_entropy_mean:1.433 - chunk_state/majority_ratio_mean:0.566 - chunk_state/answer_coverage_mean:0.562 - chunk_state/answer_coverage_weighted_mean:0.566 - chunk_state/positive_margin_mean:0.211 - chunk_state/positive_margin_weighted_mean:0.260 - chunk_state/positive_ratio:0.102 - chunk_state/label_consistent_only:0.000 - chunk_state/zero_inconsistent_candidates:1.000 - chunk_state/prune_zero_weight_samples:1.000 - chunk_state/prune_padded_to_shards:0.000 - chunk_state/pruned_sample_ratio:0.542 - chunk_state/label_consistent_ratio:0.292 - chunk_state/informative_ratio:0.812 - chunk_state/kept_state_ratio:1.000 - chunk_state/target_entropy:1.494 - chunk_state/target_prior_mean:1.000 - chunk_state/target_prior_max:1.000 - chunk_state/weight_max:1.000 - chunk_state/weight_min:0.000 - chunk_state/powerflow_weight_clip:4.000 - chunk_state/powerflow_weight_clip_renorm:1.000 - chunk_state/powerflow_weight_before_clip_max:8.348 - chunk_state/powerflow_weight_before_clip_mean:1.178 - chunk_state/powerflow_weight_mean:1.000 - chunk_state/powerflow_weight_max:3.596 - chunk_state/powerflow_weight_min:0.324 - chunk_state/boxed_reward_mean:0.215 - chunk_state/boxed_reward_weighted_mean:0.321 - chunk_state/actor_batch_powerflow_weight_nonzero_ratio:1.000 - chunk_state/actor_batch_powerflow_weight_shard0_mean:1.149 - chunk_state/actor_batch_powerflow_weight_shard0_nonzero_ratio:1.000 - chunk_state/actor_batch_powerflow_weight_shard_mean_low:0.866 - chunk_state/actor_batch_powerflow_weight_shard_mean_high:1.149 - chunk_state/actor_batch_powerflow_weight_zero_shard_ratio:0.000 - chunk_state_actor_span/mode_chunk:1.000 - chunk_state_actor_span/response_len_mean:120.125 - chunk_state_actor_span/truncated_ratio:0.000 - actor/pg_loss:0.345 - actor/powerflow_loss:0.345 - actor/log_prob:-1.913 - actor/old_log_prob:0.000 - actor/ref_log_prob:-1.915 - actor/ref_log_prob/std:0.000 - actor/boxed_reward/mean:0.197 - actor/boxed_reward/min:0.000 - actor/boxed_reward/max:0.505 - actor/powerflow_weight/mean:1.149 - actor/powerflow_weight/min:0.324 - actor/powerflow_weight/max:3.596 - actor/powerflow_weight/nonzero_ratio:1.000 - actor/powerflow_local_batch_size:1.000 - actor/log_z:-0.375 - actor/importance_weight:0.818 - actor/powerflow_chunk_loss_target_only:1.000 - actor/ppo_kl:1.913 - actor/ref_kl:-0.002 - actor/beta_coef:4.000 - actor/cispo_mask_ratio:0.339 - actor/cispo_dropped_tokens:27.273 - actor/condition_1_count:0.000 - actor/condition_2_count:27.273 - actor/pg_clipfrac:0.000 - actor/pg_clipfrac_lower:0.000 - actor/grad_norm:26.401 - perf/mfu/actor:0.000 - perf/max_memory_allocated_gb:166.224 - perf/max_memory_reserved_gb:176.207 - perf/cpu_memory_used_gb:790.562 - actor/lr:0.000 - timing_s/generate_sequences:18.057 - timing_s/reshard:0.459 - timing_s/gen:21.838 - timing_s/chunk_state_make_states:0.024 - timing_s/chunk_state_chunks/generate_sequences:0.534 - timing_s/chunk_state_chunks/reshard:0.427 - timing_s/chunk_state_chunks:1.026 - timing_s/chunk_state_score:5.663 - timing_s/chunk_state_build_actor_batch:0.011 - timing_s/chunk_state_ref:1.214 - timing_s/update_actor:3.189 - timing_per_token_ms/gen:0.020 - timing_per_token_ms/update_actor:0.003
[36m(TaskRunner pid=1227895)[0m 'Final validation skipped'
