MODEL_READY: /models/Qwen2.5-Math-7B
Using python: /mlx_devbox/users/quyanyi/playground/.venvs/ttrl_b200/bin/python
Using model: /models/Qwen2.5-Math-7B
Using data: /mlx_devbox/users/quyanyi/playground/TTRL/verl/data/MATH-TTT
Output directory: /tmp/ttrl_b200/checkpoints/ttrl_chunk_state_powerflow_future_support_highmass_late_transport_support_gain_c128_probe4_b32_r32_v64_1step_20260801
Actor offload: param=False optimizer=False activation=False
Rollout: free_cache_engine=False enforce_eager=False gpu_memory_utilization=0.86
Critic offload: param=False optimizer=False activation=False
/mlx_devbox/users/quyanyi/playground/TTRL/verl/verl/__init__.py:18: UserWarning: pkg_resources is deprecated as an API. See https://setuptools.pypa.io/en/latest/pkg_resources.html. The pkg_resources package is slated for removal as early as 2025-11-30. Refrain from using this package or pin to Setuptools<81.
  import pkg_resources
/mlx_devbox/users/quyanyi/playground/.venvs/ttrl_b200/lib/python3.11/site-packages/huggingface_hub/constants.py:298: FutureWarning: The `HF_HUB_ENABLE_HF_TRANSFER` environment variable is deprecated as 'hf_transfer' is not used anymore. Please use `HF_XET_HIGH_PERFORMANCE` instead to enable high performance transfer with Xet. Visit https://huggingface.co/docs/huggingface_hub/package_reference/environment_variables#hfxethighperformance for more details.
  warnings.warn(
2026-08-01 21:27:23,288	INFO worker.py:2024 -- Started a local Ray instance.
[36m(pid=3114864)[0m /mlx_devbox/users/quyanyi/playground/TTRL/verl/verl/__init__.py:18: UserWarning: pkg_resources is deprecated as an API. See https://setuptools.pypa.io/en/latest/pkg_resources.html. The pkg_resources package is slated for removal as early as 2025-11-30. Refrain from using this package or pin to Setuptools<81.
[36m(pid=3114864)[0m   import pkg_resources
[36m(pid=3114864)[0m /mlx_devbox/users/quyanyi/playground/.venvs/ttrl_b200/lib/python3.11/site-packages/huggingface_hub/constants.py:298: FutureWarning: The `HF_HUB_ENABLE_HF_TRANSFER` environment variable is deprecated as 'hf_transfer' is not used anymore. Please use `HF_XET_HIGH_PERFORMANCE` instead to enable high performance transfer with Xet. Visit https://huggingface.co/docs/huggingface_hub/package_reference/environment_variables#hfxethighperformance for more details.
[36m(pid=3114864)[0m   warnings.warn(
[36m(TaskRunner pid=3114864)[0m TaskRunner hostname: trial-302172199-trialrun-302172199-worker-0, PID: 3114864
[36m(TaskRunner pid=3114864)[0m {'actor_rollout_ref': {'actor': {'checkpoint': {'load_contents': ['model',
[36m(TaskRunner pid=3114864)[0m                                                                   'optimizer',
[36m(TaskRunner pid=3114864)[0m                                                                   'extra'],
[36m(TaskRunner pid=3114864)[0m                                                 'save_contents': ['model',
[36m(TaskRunner pid=3114864)[0m                                                                   'optimizer',
[36m(TaskRunner pid=3114864)[0m                                                                   'extra']},
[36m(TaskRunner pid=3114864)[0m                                  'chunk_weighted_nll_enable': False,
[36m(TaskRunner pid=3114864)[0m                                  'clip_ratio': 0.2,
[36m(TaskRunner pid=3114864)[0m                                  'clip_ratio_c': 3.0,
[36m(TaskRunner pid=3114864)[0m                                  'clip_ratio_high': 0.2,
[36m(TaskRunner pid=3114864)[0m                                  'clip_ratio_low': 0.2,
[36m(TaskRunner pid=3114864)[0m                                  'entropy_checkpointing': False,
[36m(TaskRunner pid=3114864)[0m                                  'entropy_coeff': 0,
[36m(TaskRunner pid=3114864)[0m                                  'entropy_from_logits_with_chunking': False,
[36m(TaskRunner pid=3114864)[0m                                  'fsdp_config': {'forward_prefetch': False,
[36m(TaskRunner pid=3114864)[0m                                                  'fsdp_size': -1,
[36m(TaskRunner pid=3114864)[0m                                                  'offload_policy': False,
[36m(TaskRunner pid=3114864)[0m                                                  'optimizer_offload': False,
[36m(TaskRunner pid=3114864)[0m                                                  'param_offload': False,
[36m(TaskRunner pid=3114864)[0m                                                  'reshard_after_forward': True,
[36m(TaskRunner pid=3114864)[0m                                                  'wrap_policy': {'min_num_params': 0}},
[36m(TaskRunner pid=3114864)[0m                                  'grad_clip': 1.0,
[36m(TaskRunner pid=3114864)[0m                                  'kl_loss_coef': 0.001,
[36m(TaskRunner pid=3114864)[0m                                  'kl_loss_type': 'low_var_kl',
[36m(TaskRunner pid=3114864)[0m                                  'loss_agg_mode': 'token-mean',
[36m(TaskRunner pid=3114864)[0m                                  'optim': {'lr': 5e-07,
[36m(TaskRunner pid=3114864)[0m                                            'lr_warmup_steps': -1,
[36m(TaskRunner pid=3114864)[0m                                            'lr_warmup_steps_ratio': 0.03,
[36m(TaskRunner pid=3114864)[0m                                            'min_lr_ratio': 0.0,
[36m(TaskRunner pid=3114864)[0m                                            'num_cycles': 0.5,
[36m(TaskRunner pid=3114864)[0m                                            'total_training_steps': -1,
[36m(TaskRunner pid=3114864)[0m                                            'warmup_style': 'cosine',
[36m(TaskRunner pid=3114864)[0m                                            'weight_decay': 0.01},
[36m(TaskRunner pid=3114864)[0m                                  'policy_loss': {'clip_cov_lb': 1.0,
[36m(TaskRunner pid=3114864)[0m                                                  'clip_cov_ratio': 0.0002,
[36m(TaskRunner pid=3114864)[0m                                                  'clip_cov_ub': 5.0,
[36m(TaskRunner pid=3114864)[0m                                                  'kl_cov_ratio': 0.0002,
[36m(TaskRunner pid=3114864)[0m                                                  'loss_mode': 'vanilla',
[36m(TaskRunner pid=3114864)[0m                                                  'ppo_kl_coef': 0.1},
[36m(TaskRunner pid=3114864)[0m                                  'powerflow_beta_coef': 4.0,
[36m(TaskRunner pid=3114864)[0m                                  'powerflow_chunk_loss_mode': 'standard',
[36m(TaskRunner pid=3114864)[0m                                  'powerflow_enable': True,
[36m(TaskRunner pid=3114864)[0m                                  'powerflow_init_ref_log_prob': 0.36,
[36m(TaskRunner pid=3114864)[0m                                  'powerflow_on_policy': False,
[36m(TaskRunner pid=3114864)[0m                                  'powerflow_proj_layers': 3,
[36m(TaskRunner pid=3114864)[0m                                  'powerflow_use_boxed_reward': True,
[36m(TaskRunner pid=3114864)[0m                                  'powerflow_use_chunk_weights': True,
[36m(TaskRunner pid=3114864)[0m                                  'ppo_epochs': 1,
[36m(TaskRunner pid=3114864)[0m                                  'ppo_max_token_len_per_gpu': 8192,
[36m(TaskRunner pid=3114864)[0m                                  'ppo_micro_batch_size': None,
[36m(TaskRunner pid=3114864)[0m                                  'ppo_micro_batch_size_per_gpu': 1,
[36m(TaskRunner pid=3114864)[0m                                  'ppo_mini_batch_size': 8,
[36m(TaskRunner pid=3114864)[0m                                  'profiler': {'all_ranks': False,
[36m(TaskRunner pid=3114864)[0m                                               'discrete': False,
[36m(TaskRunner pid=3114864)[0m                                               'ranks': None},
[36m(TaskRunner pid=3114864)[0m                                  'shuffle': False,
[36m(TaskRunner pid=3114864)[0m                                  'strategy': 'fsdp',
[36m(TaskRunner pid=3114864)[0m                                  'ulysses_sequence_parallel_size': 1,
[36m(TaskRunner pid=3114864)[0m                                  'use_dynamic_bsz': False,
[36m(TaskRunner pid=3114864)[0m                                  'use_kl_loss': False,
[36m(TaskRunner pid=3114864)[0m                                  'use_torch_compile': True},
[36m(TaskRunner pid=3114864)[0m                        'hybrid_engine': True,
[36m(TaskRunner pid=3114864)[0m                        'model': {'attn_implementation': 'sdpa',
[36m(TaskRunner pid=3114864)[0m                                  'custom_chat_template': None,
[36m(TaskRunner pid=3114864)[0m                                  'enable_activation_offload': False,
[36m(TaskRunner pid=3114864)[0m                                  'enable_gradient_checkpointing': True,
[36m(TaskRunner pid=3114864)[0m                                  'exclude_modules': None,
[36m(TaskRunner pid=3114864)[0m                                  'external_lib': None,
[36m(TaskRunner pid=3114864)[0m                                  'fused_kernel_options': {'impl_backend': 'triton'},
[36m(TaskRunner pid=3114864)[0m                                  'lora_alpha': 16,
[36m(TaskRunner pid=3114864)[0m                                  'lora_rank': 0,
[36m(TaskRunner pid=3114864)[0m                                  'override_config': {},
[36m(TaskRunner pid=3114864)[0m                                  'path': '/models/Qwen2.5-Math-7B',
[36m(TaskRunner pid=3114864)[0m                                  'target_modules': 'all-linear',
[36m(TaskRunner pid=3114864)[0m                                  'trust_remote_code': False,
[36m(TaskRunner pid=3114864)[0m                                  'use_fused_kernels': True,
[36m(TaskRunner pid=3114864)[0m                                  'use_liger': False,
[36m(TaskRunner pid=3114864)[0m                                  'use_remove_padding': True,
[36m(TaskRunner pid=3114864)[0m                                  'use_shm': False},
[36m(TaskRunner pid=3114864)[0m                        'ref': {'entropy_checkpointing': False,
[36m(TaskRunner pid=3114864)[0m                                'entropy_from_logits_with_chunking': False,
[36m(TaskRunner pid=3114864)[0m                                'fsdp_config': {'forward_prefetch': False,
[36m(TaskRunner pid=3114864)[0m                                                'param_offload': True,
[36m(TaskRunner pid=3114864)[0m                                                'reshard_after_forward': True,
[36m(TaskRunner pid=3114864)[0m                                                'wrap_policy': {'min_num_params': 0}},
[36m(TaskRunner pid=3114864)[0m                                'log_prob_max_token_len_per_gpu': 8192,
[36m(TaskRunner pid=3114864)[0m                                'log_prob_micro_batch_size': None,
[36m(TaskRunner pid=3114864)[0m                                'log_prob_micro_batch_size_per_gpu': 1,
[36m(TaskRunner pid=3114864)[0m                                'log_prob_use_dynamic_bsz': False,
[36m(TaskRunner pid=3114864)[0m                                'profiler': {'all_ranks': False,
[36m(TaskRunner pid=3114864)[0m                                             'discrete': False,
[36m(TaskRunner pid=3114864)[0m                                             'ranks': None},
[36m(TaskRunner pid=3114864)[0m                                'strategy': 'fsdp',
[36m(TaskRunner pid=3114864)[0m                                'ulysses_sequence_parallel_size': 1,
[36m(TaskRunner pid=3114864)[0m                                'use_torch_compile': True},
[36m(TaskRunner pid=3114864)[0m                        'rollout': {'agent': {'num_workers': 8},
[36m(TaskRunner pid=3114864)[0m                                    'calculate_log_probs': True,
[36m(TaskRunner pid=3114864)[0m                                    'disable_log_stats': True,
[36m(TaskRunner pid=3114864)[0m                                    'do_sample': True,
[36m(TaskRunner pid=3114864)[0m                                    'dtype': 'bfloat16',
[36m(TaskRunner pid=3114864)[0m                                    'enable_chunked_prefill': True,
[36m(TaskRunner pid=3114864)[0m                                    'enforce_eager': False,
[36m(TaskRunner pid=3114864)[0m                                    'engine_kwargs': {'sglang': {'attention_backend': None},
[36m(TaskRunner pid=3114864)[0m                                                      'vllm': {'attention_config': {'backend': 'FLASH_ATTN'},
[36m(TaskRunner pid=3114864)[0m                                                               'disable_mm_preprocessor_cache': False,
[36m(TaskRunner pid=3114864)[0m                                                               'swap_space': None}},
[36m(TaskRunner pid=3114864)[0m                                    'free_cache_engine': False,
[36m(TaskRunner pid=3114864)[0m                                    'gpu_memory_utilization': 0.86,
[36m(TaskRunner pid=3114864)[0m                                    'ignore_eos': False,
[36m(TaskRunner pid=3114864)[0m                                    'layered_summon': False,
[36m(TaskRunner pid=3114864)[0m                                    'load_format': 'dummy_dtensor',
[36m(TaskRunner pid=3114864)[0m                                    'log_prob_max_token_len_per_gpu': 8192,
[36m(TaskRunner pid=3114864)[0m                                    'log_prob_micro_batch_size': None,
[36m(TaskRunner pid=3114864)[0m                                    'log_prob_micro_batch_size_per_gpu': 1,
[36m(TaskRunner pid=3114864)[0m                                    'log_prob_use_dynamic_bsz': False,
[36m(TaskRunner pid=3114864)[0m                                    'logprobs': 1,
[36m(TaskRunner pid=3114864)[0m                                    'max_model_len': 4096,
[36m(TaskRunner pid=3114864)[0m                                    'max_num_batched_tokens': 65536,
[36m(TaskRunner pid=3114864)[0m                                    'max_num_seqs': 1024,
[36m(TaskRunner pid=3114864)[0m                                    'mode': 'sync',
[36m(TaskRunner pid=3114864)[0m                                    'multi_stage_wake_up': False,
[36m(TaskRunner pid=3114864)[0m                                    'multi_turn': {'completion_callback': None,
[36m(TaskRunner pid=3114864)[0m                                                   'enable': False,
[36m(TaskRunner pid=3114864)[0m                                                   'format': 'hermes',
[36m(TaskRunner pid=3114864)[0m                                                   'interaction_config_path': None,
[36m(TaskRunner pid=3114864)[0m                                                   'max_assistant_turns': None,
[36m(TaskRunner pid=3114864)[0m                                                   'max_parallel_calls': 1,
[36m(TaskRunner pid=3114864)[0m                                                   'max_tool_response_length': 256,
[36m(TaskRunner pid=3114864)[0m                                                   'max_user_turns': None,
[36m(TaskRunner pid=3114864)[0m                                                   'tokenization_sanity_check_mode': 'strict',
[36m(TaskRunner pid=3114864)[0m                                                   'tool_config_path': None,
[36m(TaskRunner pid=3114864)[0m                                                   'tool_response_truncate_side': 'middle',
[36m(TaskRunner pid=3114864)[0m                                                   'use_inference_chat_template': False},
[36m(TaskRunner pid=3114864)[0m                                    'n': 32,
[36m(TaskRunner pid=3114864)[0m                                    'name': 'vllm',
[36m(TaskRunner pid=3114864)[0m                                    'profiler': {'all_ranks': False,
[36m(TaskRunner pid=3114864)[0m                                                 'discrete': False,
[36m(TaskRunner pid=3114864)[0m                                                 'ranks': None},
[36m(TaskRunner pid=3114864)[0m                                    'prompt_length': 1024,
[36m(TaskRunner pid=3114864)[0m                                    'response_length': 3072,
[36m(TaskRunner pid=3114864)[0m                                    'temperature': 1.0,
[36m(TaskRunner pid=3114864)[0m                                    'tensor_model_parallel_size': 1,
[36m(TaskRunner pid=3114864)[0m                                    'top_k': -1,
[36m(TaskRunner pid=3114864)[0m                                    'top_p': 1,
[36m(TaskRunner pid=3114864)[0m                                    'use_rollout_log_probs_as_old': True,
[36m(TaskRunner pid=3114864)[0m                                    'val_kwargs': {'do_sample': True,
[36m(TaskRunner pid=3114864)[0m                                                   'n': 16,
[36m(TaskRunner pid=3114864)[0m                                                   'temperature': 0.6,
[36m(TaskRunner pid=3114864)[0m                                                   'top_k': -1,
[36m(TaskRunner pid=3114864)[0m                                                   'top_p': 0.95}}},
[36m(TaskRunner pid=3114864)[0m  'algorithm': {'adv_estimator': 'grpo',
[36m(TaskRunner pid=3114864)[0m                'gamma': 1.0,
[36m(TaskRunner pid=3114864)[0m                'kl_ctrl': {'horizon': 10000,
[36m(TaskRunner pid=3114864)[0m                            'kl_coef': 0.0,
[36m(TaskRunner pid=3114864)[0m                            'target_kl': 0.1,
[36m(TaskRunner pid=3114864)[0m                            'type': 'fixed'},
[36m(TaskRunner pid=3114864)[0m                'kl_penalty': 'kl',
[36m(TaskRunner pid=3114864)[0m                'lam': 1.0,
[36m(TaskRunner pid=3114864)[0m                'norm_adv_by_std_in_grpo': True,
[36m(TaskRunner pid=3114864)[0m                'pf_ppo': {'reweight_method': 'pow', 'weight_pow': 2.0},
[36m(TaskRunner pid=3114864)[0m                'use_kl_in_reward': False,
[36m(TaskRunner pid=3114864)[0m                'use_pf_ppo': False},
[36m(TaskRunner pid=3114864)[0m  'critic': {'checkpoint': {'load_contents': ['model', 'optimizer', 'extra'],
[36m(TaskRunner pid=3114864)[0m                            'save_contents': ['model', 'optimizer', 'extra']},
[36m(TaskRunner pid=3114864)[0m             'cliprange_value': 0.5,
[36m(TaskRunner pid=3114864)[0m             'forward_max_token_len_per_gpu': 32768,
[36m(TaskRunner pid=3114864)[0m             'forward_micro_batch_size': None,
[36m(TaskRunner pid=3114864)[0m             'forward_micro_batch_size_per_gpu': 1,
[36m(TaskRunner pid=3114864)[0m             'grad_clip': 1.0,
[36m(TaskRunner pid=3114864)[0m             'loss_agg_mode': 'token-mean',
[36m(TaskRunner pid=3114864)[0m             'model': {'attn_implementation': 'sdpa',
[36m(TaskRunner pid=3114864)[0m                       'enable_activation_offload': False,
[36m(TaskRunner pid=3114864)[0m                       'enable_gradient_checkpointing': True,
[36m(TaskRunner pid=3114864)[0m                       'external_lib': None,
[36m(TaskRunner pid=3114864)[0m                       'fsdp_config': {'forward_prefetch': False,
[36m(TaskRunner pid=3114864)[0m                                       'fsdp_size': -1,
[36m(TaskRunner pid=3114864)[0m                                       'offload_policy': False,
[36m(TaskRunner pid=3114864)[0m                                       'optimizer_offload': False,
[36m(TaskRunner pid=3114864)[0m                                       'param_offload': False,
[36m(TaskRunner pid=3114864)[0m                                       'reshard_after_forward': True,
[36m(TaskRunner pid=3114864)[0m                                       'wrap_policy': {'min_num_params': 0}},
[36m(TaskRunner pid=3114864)[0m                       'lora_alpha': 16,
[36m(TaskRunner pid=3114864)[0m                       'lora_rank': 0,
[36m(TaskRunner pid=3114864)[0m                       'override_config': {},
[36m(TaskRunner pid=3114864)[0m                       'path': '/models/Qwen2.5-Math-7B',
[36m(TaskRunner pid=3114864)[0m                       'target_modules': 'all-linear',
[36m(TaskRunner pid=3114864)[0m                       'tokenizer_path': '/models/Qwen2.5-Math-7B',
[36m(TaskRunner pid=3114864)[0m                       'trust_remote_code': False,
[36m(TaskRunner pid=3114864)[0m                       'use_remove_padding': True,
[36m(TaskRunner pid=3114864)[0m                       'use_shm': False},
[36m(TaskRunner pid=3114864)[0m             'optim': {'lr': 9e-06,
[36m(TaskRunner pid=3114864)[0m                       'lr_warmup_steps_ratio': 0.0,
[36m(TaskRunner pid=3114864)[0m                       'min_lr_ratio': None,
[36m(TaskRunner pid=3114864)[0m                       'total_training_steps': -1,
[36m(TaskRunner pid=3114864)[0m                       'warmup_style': 'constant',
[36m(TaskRunner pid=3114864)[0m                       'weight_decay': 0.01},
[36m(TaskRunner pid=3114864)[0m             'ppo_epochs': 1,
[36m(TaskRunner pid=3114864)[0m             'ppo_max_token_len_per_gpu': 32768,
[36m(TaskRunner pid=3114864)[0m             'ppo_micro_batch_size': None,
[36m(TaskRunner pid=3114864)[0m             'ppo_micro_batch_size_per_gpu': 1,
[36m(TaskRunner pid=3114864)[0m             'ppo_mini_batch_size': 8,
[36m(TaskRunner pid=3114864)[0m             'profiler': {'all_ranks': False, 'discrete': False, 'ranks': None},
[36m(TaskRunner pid=3114864)[0m             'rollout_n': 32,
[36m(TaskRunner pid=3114864)[0m             'shuffle': False,
[36m(TaskRunner pid=3114864)[0m             'strategy': 'fsdp',
[36m(TaskRunner pid=3114864)[0m             'ulysses_sequence_parallel_size': 1,
[36m(TaskRunner pid=3114864)[0m             'use_dynamic_bsz': False},
[36m(TaskRunner pid=3114864)[0m  'custom_reward_function': {'name': 'reward_func',
[36m(TaskRunner pid=3114864)[0m                             'path': './verl/utils/reward_score/ttrl_math/__init__.py'},
[36m(TaskRunner pid=3114864)[0m  'data': {'custom_cls': {'name': None, 'path': None},
[36m(TaskRunner pid=3114864)[0m           'filter_overlong_prompts': True,
[36m(TaskRunner pid=3114864)[0m           'filter_overlong_prompts_workers': 1,
[36m(TaskRunner pid=3114864)[0m           'image_key': 'images',
[36m(TaskRunner pid=3114864)[0m           'max_prompt_length': 1024,
[36m(TaskRunner pid=3114864)[0m           'max_response_length': 3072,
[36m(TaskRunner pid=3114864)[0m           'prompt_key': 'prompt',
[36m(TaskRunner pid=3114864)[0m           'return_full_prompt': False,
[36m(TaskRunner pid=3114864)[0m           'return_raw_chat': False,
[36m(TaskRunner pid=3114864)[0m           'return_raw_input_ids': False,
[36m(TaskRunner pid=3114864)[0m           'reward_fn_key': 'data_source',
[36m(TaskRunner pid=3114864)[0m           'shuffle': True,
[36m(TaskRunner pid=3114864)[0m           'tokenizer': None,
[36m(TaskRunner pid=3114864)[0m           'train_batch_size': 32,
[36m(TaskRunner pid=3114864)[0m           'train_files': ['/mlx_devbox/users/quyanyi/playground/TTRL/verl/data/MATH-TTT/train.parquet'],
[36m(TaskRunner pid=3114864)[0m           'truncation': 'error',
[36m(TaskRunner pid=3114864)[0m           'trust_remote_code': False,
[36m(TaskRunner pid=3114864)[0m           'use_shm': False,
[36m(TaskRunner pid=3114864)[0m           'val_batch_size': None,
[36m(TaskRunner pid=3114864)[0m           'val_files': ['/mlx_devbox/users/quyanyi/playground/TTRL/verl/data/MATH-TTT/test.parquet'],
[36m(TaskRunner pid=3114864)[0m           'validation_shuffle': False,
[36m(TaskRunner pid=3114864)[0m           'video_key': 'videos'},
[36m(TaskRunner pid=3114864)[0m  'ray_init': {'num_cpus': None, 'timeline_json_file': None},
[36m(TaskRunner pid=3114864)[0m  'reward_model': {'enable': False,
[36m(TaskRunner pid=3114864)[0m                   'forward_max_token_len_per_gpu': 32768,
[36m(TaskRunner pid=3114864)[0m                   'launch_reward_fn_async': False,
[36m(TaskRunner pid=3114864)[0m                   'max_length': None,
[36m(TaskRunner pid=3114864)[0m                   'micro_batch_size': None,
[36m(TaskRunner pid=3114864)[0m                   'micro_batch_size_per_gpu': None,
[36m(TaskRunner pid=3114864)[0m                   'model': {'attn_implementation': 'sdpa',
[36m(TaskRunner pid=3114864)[0m                             'external_lib': None,
[36m(TaskRunner pid=3114864)[0m                             'fsdp_config': {'forward_prefetch': False,
[36m(TaskRunner pid=3114864)[0m                                             'fsdp_size': -1,
[36m(TaskRunner pid=3114864)[0m                                             'param_offload': False,
[36m(TaskRunner pid=3114864)[0m                                             'reshard_after_forward': True,
[36m(TaskRunner pid=3114864)[0m                                             'wrap_policy': {'min_num_params': 0}},
[36m(TaskRunner pid=3114864)[0m                             'input_tokenizer': '/models/Qwen2.5-Math-7B',
[36m(TaskRunner pid=3114864)[0m                             'path': '~/models/FsfairX-LLaMA3-RM-v0.1',
[36m(TaskRunner pid=3114864)[0m                             'trust_remote_code': False,
[36m(TaskRunner pid=3114864)[0m                             'use_fused_kernels': True,
[36m(TaskRunner pid=3114864)[0m                             'use_remove_padding': False,
[36m(TaskRunner pid=3114864)[0m                             'use_shm': False},
[36m(TaskRunner pid=3114864)[0m                   'num_processes': 128,
[36m(TaskRunner pid=3114864)[0m                   'profiler': {'all_ranks': False,
[36m(TaskRunner pid=3114864)[0m                                'discrete': False,
[36m(TaskRunner pid=3114864)[0m                                'ranks': None},
[36m(TaskRunner pid=3114864)[0m                   'reward_manager': 'prime',
[36m(TaskRunner pid=3114864)[0m                   'sandbox_fusion': {'max_concurrent': 64,
[36m(TaskRunner pid=3114864)[0m                                      'memory_limit_mb': 1024,
[36m(TaskRunner pid=3114864)[0m                                      'url': None},
[36m(TaskRunner pid=3114864)[0m                   'strategy': 'fsdp',
[36m(TaskRunner pid=3114864)[0m                   'ulysses_sequence_parallel_size': 1,
[36m(TaskRunner pid=3114864)[0m                   'use_dynamic_bsz': False},
[36m(TaskRunner pid=3114864)[0m  'trainer': {'balance_batch': True,
[36m(TaskRunner pid=3114864)[0m              'controller_nsight_options': {'cuda-graph-trace': 'graph',
[36m(TaskRunner pid=3114864)[0m                                            'cuda-memory-usage': 'true',
[36m(TaskRunner pid=3114864)[0m                                            'trace': 'cuda,nvtx,cublas,ucx'},
[36m(TaskRunner pid=3114864)[0m              'critic_warmup': 0,
[36m(TaskRunner pid=3114864)[0m              'default_hdfs_dir': None,
[36m(TaskRunner pid=3114864)[0m              'default_local_dir': '/tmp/ttrl_b200/checkpoints/ttrl_chunk_state_powerflow_future_support_highmass_late_transport_support_gain_c128_probe4_b32_r32_v64_1step_20260801',
[36m(TaskRunner pid=3114864)[0m              'del_local_ckpt_after_load': False,
[36m(TaskRunner pid=3114864)[0m              'device': 'cuda',
[36m(TaskRunner pid=3114864)[0m              'esi_redundant_time': 0,
[36m(TaskRunner pid=3114864)[0m              'experiment_name': '0801-ttrl_chunk_state_powerflow_future_support_highmass_late_transport_support_gain_c128_probe4_b32_r32_v64_1step_20260801-MATH-TTT-Qwen2.5-Math-7B-highmass-late-transport-support-gain-smoke',
[36m(TaskRunner pid=3114864)[0m              'final_val_enable': False,
[36m(TaskRunner pid=3114864)[0m              'log_val_generations': 0,
[36m(TaskRunner pid=3114864)[0m              'logger': ['console'],
[36m(TaskRunner pid=3114864)[0m              'max_actor_ckpt_to_keep': 0,
[36m(TaskRunner pid=3114864)[0m              'max_critic_ckpt_to_keep': 0,
[36m(TaskRunner pid=3114864)[0m              'n_gpus_per_node': 8,
[36m(TaskRunner pid=3114864)[0m              'nnodes': 1,
[36m(TaskRunner pid=3114864)[0m              'profile_steps': None,
[36m(TaskRunner pid=3114864)[0m              'project_name': 'TTRL-verl-local',
[36m(TaskRunner pid=3114864)[0m              'ray_wait_register_center_timeout': 300,
[36m(TaskRunner pid=3114864)[0m              'resume_from_path': None,
[36m(TaskRunner pid=3114864)[0m              'resume_mode': 'auto',
[36m(TaskRunner pid=3114864)[0m              'rollout_data_dir': None,
[36m(TaskRunner pid=3114864)[0m              'save_freq': -1,
[36m(TaskRunner pid=3114864)[0m              'test_freq': 2000000,
[36m(TaskRunner pid=3114864)[0m              'total_epochs': 1,
[36m(TaskRunner pid=3114864)[0m              'total_training_steps': 1,
[36m(TaskRunner pid=3114864)[0m              'val_before_train': False,
[36m(TaskRunner pid=3114864)[0m              'val_only': False,
[36m(TaskRunner pid=3114864)[0m              'validation_data_dir': None,
[36m(TaskRunner pid=3114864)[0m              'validation_metric_dump_path': None,
[36m(TaskRunner pid=3114864)[0m              'worker_nsight_options': {'capture-range': 'cudaProfilerApi',
[36m(TaskRunner pid=3114864)[0m                                        'capture-range-end': None,
[36m(TaskRunner pid=3114864)[0m                                        'cuda-graph-trace': 'graph',
[36m(TaskRunner pid=3114864)[0m                                        'cuda-memory-usage': 'true',
[36m(TaskRunner pid=3114864)[0m                                        'kill': 'none',
[36m(TaskRunner pid=3114864)[0m                                        'trace': 'cuda,nvtx,cublas,ucx'}},
[36m(TaskRunner pid=3114864)[0m  'ttrl': {'chunk_state_actor_span': 'chunk',
[36m(TaskRunner pid=3114864)[0m           'chunk_state_alpha': 2.0,
[36m(TaskRunner pid=3114864)[0m           'chunk_state_answer_source_consistency_enable': False,
[36m(TaskRunner pid=3114864)[0m           'chunk_state_answer_support_min_mass': 0.0,
[36m(TaskRunner pid=3114864)[0m           'chunk_state_answer_support_score': 'mass',
[36m(TaskRunner pid=3114864)[0m           'chunk_state_boundaries': [0, 256, 512, 768, 1024],
[36m(TaskRunner pid=3114864)[0m           'chunk_state_boundary_mode': 'mid',
[36m(TaskRunner pid=3114864)[0m           'chunk_state_candidates': 8,
[36m(TaskRunner pid=3114864)[0m           'chunk_state_chunk_size': 128,
[36m(TaskRunner pid=3114864)[0m           'chunk_state_confidence_power': 0.0,
[36m(TaskRunner pid=3114864)[0m           'chunk_state_diag_enable': True,
[36m(TaskRunner pid=3114864)[0m           'chunk_state_diag_jsonl': '/mlx_devbox/users/quyanyi/playground/TTRL/important_experiment_logs/chunk_state_diag/ttrl_chunk_state_powerflow_future_support_highmass_late_transport_support_gain_c128_probe4_b32_r32_v64_1step_20260801.jsonl',
[36m(TaskRunner pid=3114864)[0m           'chunk_state_enable': True,
[36m(TaskRunner pid=3114864)[0m           'chunk_state_eps': 0.05,
[36m(TaskRunner pid=3114864)[0m           'chunk_state_future_support_baseline_scale': 1.0,
[36m(TaskRunner pid=3114864)[0m           'chunk_state_future_support_gain_slack': 0.0,
[36m(TaskRunner pid=3114864)[0m           'chunk_state_future_support_max_mass_coef': 0.25,
[36m(TaskRunner pid=3114864)[0m           'chunk_state_future_support_max_state_oov': 0.5,
[36m(TaskRunner pid=3114864)[0m           'chunk_state_future_support_min_candidate_coverage': 0.25,
[36m(TaskRunner pid=3114864)[0m           'chunk_state_future_support_min_candidate_mean_mass': 0.02,
[36m(TaskRunner pid=3114864)[0m           'chunk_state_future_support_min_mass': 0.03125,
[36m(TaskRunner pid=3114864)[0m           'chunk_state_future_support_min_positive_margin': 0.001,
[36m(TaskRunner pid=3114864)[0m           'chunk_state_future_support_min_state_coverage': 0.5,
[36m(TaskRunner pid=3114864)[0m           'chunk_state_future_support_min_state_max_mass': 0.0,
[36m(TaskRunner pid=3114864)[0m           'chunk_state_future_support_min_state_mean_mass': 0.0,
[36m(TaskRunner pid=3114864)[0m           'chunk_state_future_support_min_state_top_margin': 0.02,
[36m(TaskRunner pid=3114864)[0m           'chunk_state_future_support_prior_smoothing': 0.0,
[36m(TaskRunner pid=3114864)[0m           'chunk_state_future_support_score_type': 'transport_support_gain',
[36m(TaskRunner pid=3114864)[0m           'chunk_state_future_support_source_prior_weight': 1.05,
[36m(TaskRunner pid=3114864)[0m           'chunk_state_label_consistent_only': True,
[36m(TaskRunner pid=3114864)[0m           'chunk_state_max_prefix_tokens': 1024,
[36m(TaskRunner pid=3114864)[0m           'chunk_state_mid_boundary_max_ratio': 0.9,
[36m(TaskRunner pid=3114864)[0m           'chunk_state_mid_boundary_min_ratio': 0.5,
[36m(TaskRunner pid=3114864)[0m           'chunk_state_min_answer_coverage': 0.0,
[36m(TaskRunner pid=3114864)[0m           'chunk_state_min_boundary': 0,
[36m(TaskRunner pid=3114864)[0m           'chunk_state_min_informative_gap': 0.001,
[36m(TaskRunner pid=3114864)[0m           'chunk_state_min_majority_ratio': 0.0,
[36m(TaskRunner pid=3114864)[0m           'chunk_state_min_prompt_top_mass': 0.4,
[36m(TaskRunner pid=3114864)[0m           'chunk_state_min_source_answer_mass': 0.5,
[36m(TaskRunner pid=3114864)[0m           'chunk_state_powerflow_weight_clip': 4.0,
[36m(TaskRunner pid=3114864)[0m           'chunk_state_powerflow_weight_clip_renorm': True,
[36m(TaskRunner pid=3114864)[0m           'chunk_state_probe_max_tokens': 3072,
[36m(TaskRunner pid=3114864)[0m           'chunk_state_probe_samples': 4,
[36m(TaskRunner pid=3114864)[0m           'chunk_state_prune_zero_weight_samples': True,
[36m(TaskRunner pid=3114864)[0m           'chunk_state_score_mode': 'future_support_gain',
[36m(TaskRunner pid=3114864)[0m           'chunk_state_skip_all_negative': True,
[36m(TaskRunner pid=3114864)[0m           'chunk_state_skip_uniform': False,
[36m(TaskRunner pid=3114864)[0m           'chunk_state_source_chunk_candidate_index': 0,
[36m(TaskRunner pid=3114864)[0m           'chunk_state_source_chunk_enable': True,
[36m(TaskRunner pid=3114864)[0m           'chunk_state_source_mode': 'majority_consistent',
[36m(TaskRunner pid=3114864)[0m           'chunk_state_source_select_by_mass': True,
[36m(TaskRunner pid=3114864)[0m Generating train split: 0 examples [00:00, ? examples/s]Generating train split: 500 examples [00:00, 143739.00 examples/s]
[36m(TaskRunner pid=3114864)[0m Setting TOKENIZERS_PARALLELISM=false for forked processes.
[36m(TaskRunner pid=3114864)[0m WARNING:2026-08-01 21:27:55,660:Setting TOKENIZERS_PARALLELISM=false for forked processes.
[36m(TaskRunner pid=3114864)[0m Filtering prompts longer than 1024 tokens (num_proc=1):   0%|          | 0/500 [00:00<?, ? examples/s]
[36m(TaskRunner pid=3114864)[0m Filtering prompts longer than 1024 tokens (num_proc=1): 100%|██████████| 500/500 [00:01<00:00, 293.19 examples/s]
[36m(TaskRunner pid=3114864)[0m Filtering prompts longer than 1024 tokens (num_proc=1): 100%|██████████| 500/500 [00:01<00:00, 271.99 examples/s]
[36m(TaskRunner pid=3114864)[0m Generating train split: 0 examples [00:00, ? examples/s]Generating train split: 500 examples [00:00, 151298.75 examples/s]
[36m(TaskRunner pid=3114864)[0m Setting TOKENIZERS_PARALLELISM=false for forked processes.
[36m(TaskRunner pid=3114864)[0m WARNING:2026-08-01 21:27:58,622:Setting TOKENIZERS_PARALLELISM=false for forked processes.
[36m(TaskRunner pid=3114864)[0m Filtering prompts longer than 1024 tokens (num_proc=1):   0%|          | 0/500 [00:00<?, ? examples/s]
[36m(TaskRunner pid=3114864)[0m Filtering prompts longer than 1024 tokens (num_proc=1): 100%|██████████| 500/500 [00:01<00:00, 292.05 examples/s]
[36m(TaskRunner pid=3114864)[0m Filtering prompts longer than 1024 tokens (num_proc=1): 100%|██████████| 500/500 [00:01<00:00, 270.91 examples/s]
[36m(TaskRunner pid=3114864)[0m DeprecationWarning: `ray.state.available_resources_per_node` is a private attribute and access will be removed in a future Ray version.
[36m(pid=3114866)[0m /mlx_devbox/users/quyanyi/playground/TTRL/verl/verl/__init__.py:18: UserWarning: pkg_resources is deprecated as an API. See https://setuptools.pypa.io/en/latest/pkg_resources.html. The pkg_resources package is slated for removal as early as 2025-11-30. Refrain from using this package or pin to Setuptools<81.
[36m(pid=3114866)[0m   import pkg_resources
[36m(pid=3114866)[0m /mlx_devbox/users/quyanyi/playground/.venvs/ttrl_b200/lib/python3.11/site-packages/huggingface_hub/constants.py:298: FutureWarning: The `HF_HUB_ENABLE_HF_TRANSFER` environment variable is deprecated as 'hf_transfer' is not used anymore. Please use `HF_XET_HIGH_PERFORMANCE` instead to enable high performance transfer with Xet. Visit https://huggingface.co/docs/huggingface_hub/package_reference/environment_variables#hfxethighperformance for more details.
[36m(pid=3114866)[0m   warnings.warn(
[36m(pid=3114874)[0m /mlx_devbox/users/quyanyi/playground/TTRL/verl/verl/__init__.py:18: UserWarning: pkg_resources is deprecated as an API. See https://setuptools.pypa.io/en/latest/pkg_resources.html. The pkg_resources package is slated for removal as early as 2025-11-30. Refrain from using this package or pin to Setuptools<81.[32m [repeated 7x across cluster] (Ray deduplicates logs by default. Set RAY_DEDUP_LOGS=0 to disable log deduplication, or see https://docs.ray.io/en/master/ray-observability/user-guides/configure-logging.html#log-deduplication for more options.)[0m
[36m(pid=3114874)[0m   import pkg_resources[32m [repeated 7x across cluster][0m
[36m(WorkerDict pid=3114866)[0m WARNING:2026-08-01 21:28:20,964:Initializing torch.distributed: rank=0 world_size=8 init_method=tcp://[fdbd:dc61:ff:f000:ffff:ffff:0:16]:55133 master=fdbd:dc61:ff:f000:ffff:ffff:0:16:55133
[36m(pid=3114874)[0m /mlx_devbox/users/quyanyi/playground/.venvs/ttrl_b200/lib/python3.11/site-packages/huggingface_hub/constants.py:298: FutureWarning: The `HF_HUB_ENABLE_HF_TRANSFER` environment variable is deprecated as 'hf_transfer' is not used anymore. Please use `HF_XET_HIGH_PERFORMANCE` instead to enable high performance transfer with Xet. Visit https://huggingface.co/docs/huggingface_hub/package_reference/environment_variables#hfxethighperformance for more details.[32m [repeated 7x across cluster][0m
[36m(pid=3114874)[0m   warnings.warn([32m [repeated 7x across cluster][0m
[36m(WorkerDict pid=3114874)[0m [W801 21:28:23.305672127 ProcessGroupNCCL.cpp:932] Warning: TORCH_NCCL_AVOID_RECORD_STREAMS is the default now, this environment variable is thus deprecated. (function operator())
[36m(TaskRunner pid=3114864)[0m           'chunk_state_staged_probe_enable': False,
[36m(TaskRunner pid=3114864)[0m           'chunk_state_staged_probe_extra_max_tokens': 3072,
[36m(TaskRunner pid=3114864)[0m           'chunk_state_staged_probe_extra_samples': 4,
[36m(TaskRunner pid=3114864)[0m           'chunk_state_staged_probe_merge_mode': 'repeat_base',
[36m(TaskRunner pid=3114864)[0m           'chunk_state_staged_probe_topk': 2,
[36m(TaskRunner pid=3114864)[0m           'chunk_state_states_per_prompt': 1,
[36m(TaskRunner pid=3114864)[0m           'chunk_state_support_anchor_candidate_start': 0,
[36m(TaskRunner pid=3114864)[0m           'chunk_state_support_anchor_count': 4,
[36m(TaskRunner pid=3114864)[0m           'chunk_state_support_anchor_enable': False,
[36m(TaskRunner pid=3114864)[0m           'chunk_state_support_anchor_min_mass': 0.03125,
[36m(TaskRunner pid=3114864)[0m           'chunk_state_support_anchor_min_prefix_match': 0.75,
[36m(TaskRunner pid=3114864)[0m           'chunk_state_support_anchor_prefix_compat_enable': False,
[36m(TaskRunner pid=3114864)[0m           'chunk_state_support_anchor_prefix_compat_tokens': 128,
[36m(TaskRunner pid=3114864)[0m           'chunk_state_support_anchor_skip_source': True,
[36m(TaskRunner pid=3114864)[0m           'chunk_state_support_flow_baseline_scale': 1.0,
[36m(TaskRunner pid=3114864)[0m           'chunk_state_support_flow_gain_slack': 0.0,
[36m(TaskRunner pid=3114864)[0m           'chunk_state_support_flow_min_positive_margin': 0.0,
[36m(TaskRunner pid=3114864)[0m           'chunk_state_support_flow_score_type': 'gain',
[36m(TaskRunner pid=3114864)[0m           'chunk_state_support_flow_source_prior_weight': 1.0,
[36m(TaskRunner pid=3114864)[0m           'chunk_state_target_guard_anchor': True,
[36m(TaskRunner pid=3114864)[0m           'chunk_state_target_guard_bad_probe_ratio': 0.5,
[36m(TaskRunner pid=3114864)[0m           'chunk_state_target_guard_candidate_assistant_marker': True,
[36m(TaskRunner pid=3114864)[0m           'chunk_state_target_guard_candidate_enable': False,
[36m(TaskRunner pid=3114864)[0m           'chunk_state_target_guard_candidate_max_boxed_count': 1,
[36m(TaskRunner pid=3114864)[0m           'chunk_state_target_guard_enable': False,
[36m(TaskRunner pid=3114864)[0m           'chunk_state_target_guard_max_boxed_count': 2,
[36m(TaskRunner pid=3114864)[0m           'chunk_state_target_guard_min_answer_mass': 0.0,
[36m(TaskRunner pid=3114864)[0m           'chunk_state_target_guard_use_distribution_score': False,
[36m(TaskRunner pid=3114864)[0m           'chunk_state_target_guard_use_mass_gain': False,
[36m(TaskRunner pid=3114864)[0m           'chunk_state_teacher_anchor_candidate_index': 0,
[36m(TaskRunner pid=3114864)[0m           'chunk_state_teacher_anchor_enable': False,
[36m(TaskRunner pid=3114864)[0m           'chunk_state_teacher_anchor_score': 1.0,
[36m(TaskRunner pid=3114864)[0m           'chunk_state_zero_inconsistent_candidates': True,
[36m(TaskRunner pid=3114864)[0m           'enable': True,
[36m(TaskRunner pid=3114864)[0m           'majority_vote_num_processes': 64,
[36m(TaskRunner pid=3114864)[0m           'n_samples_per_prompt': 32,
[36m(TaskRunner pid=3114864)[0m           'n_votes_per_prompt': 64,
[36m(TaskRunner pid=3114864)[0m           'powerflow_no_majority': False,
[36m(TaskRunner pid=3114864)[0m           'sharpened_alpha': 2.0,
[36m(TaskRunner pid=3114864)[0m           'sharpened_conf_temperature': 1.0,
[36m(TaskRunner pid=3114864)[0m           'sharpened_enable': False,
[36m(TaskRunner pid=3114864)[0m           'sharpened_negative_enable': True,
[36m(TaskRunner pid=3114864)[0m           'sharpened_negative_reward': -0.25,
[36m(TaskRunner pid=3114864)[0m           'sharpened_reward_mode': 'prob',
[36m(TaskRunner pid=3114864)[0m           'sharpened_soft_coef': 0.25,
[36m(TaskRunner pid=3114864)[0m           'sharpened_tau_low': 0.125,
[36m(TaskRunner pid=3114864)[0m           'sharpened_tau_marg': 0.125,
[36m(TaskRunner pid=3114864)[0m           'sharpened_tau_pos': 0.375,
[36m(TaskRunner pid=3114864)[0m           'sharpened_use_confidence': True}}
[36m(TaskRunner pid=3114864)[0m using customized reward function 'reward_func' from './verl/utils/reward_score/ttrl_math/__init__.py'
[36m(TaskRunner pid=3114864)[0m using customized reward function 'reward_func' from './verl/utils/reward_score/ttrl_math/__init__.py'
[36m(TaskRunner pid=3114864)[0m Using dataset class: RLHFDataset
[36m(TaskRunner pid=3114864)[0m dataset len: 500
[36m(TaskRunner pid=3114864)[0m filter dataset len: 500
[36m(TaskRunner pid=3114864)[0m Using dataset class: RLHFDataset
[36m(TaskRunner pid=3114864)[0m dataset len: 500
[36m(TaskRunner pid=3114864)[0m filter dataset len: 500
[36m(TaskRunner pid=3114864)[0m [validate_config] All configuration checks passed successfully!
[36m(TaskRunner pid=3114864)[0m Size of train dataloader: 15, Size of val dataloader: 1
[36m(TaskRunner pid=3114864)[0m Total training steps: 1
[36m(TaskRunner pid=3114864)[0m colocated worker base class <class 'verl.single_controller.base.worker.Worker'>
[36m(WorkerDict pid=3114866)[0m Model config after override: Qwen2Config {
[36m(WorkerDict pid=3114866)[0m   "architectures": [
[36m(WorkerDict pid=3114866)[0m     "Qwen2ForCausalLM"
[36m(WorkerDict pid=3114866)[0m   ],
[36m(WorkerDict pid=3114866)[0m   "attention_dropout": 0.0,
[36m(WorkerDict pid=3114866)[0m   "bos_token_id": null,
[36m(WorkerDict pid=3114866)[0m   "dtype": "bfloat16",
[36m(WorkerDict pid=3114866)[0m   "eos_token_id": 151643,
[36m(WorkerDict pid=3114866)[0m   "hidden_act": "silu",
[36m(WorkerDict pid=3114866)[0m   "hidden_size": 3584,
[36m(WorkerDict pid=3114866)[0m   "initializer_range": 0.02,
[36m(WorkerDict pid=3114866)[0m   "intermediate_size": 18944,
[36m(WorkerDict pid=3114866)[0m   "layer_types": [
[36m(WorkerDict pid=3114866)[0m     "full_attention",
[36m(WorkerDict pid=3114866)[0m     "full_attention",
[36m(WorkerDict pid=3114866)[0m     "full_attention",
[36m(WorkerDict pid=3114866)[0m     "full_attention",
[36m(WorkerDict pid=3114866)[0m     "full_attention",
[36m(WorkerDict pid=3114866)[0m     "full_attention",
[36m(WorkerDict pid=3114866)[0m     "full_attention",
[36m(WorkerDict pid=3114866)[0m     "full_attention",
[36m(WorkerDict pid=3114866)[0m     "full_attention",
[36m(WorkerDict pid=3114866)[0m     "full_attention",
[36m(WorkerDict pid=3114866)[0m     "full_attention",
[36m(WorkerDict pid=3114866)[0m     "full_attention",
[36m(WorkerDict pid=3114866)[0m     "full_attention",
[36m(WorkerDict pid=3114866)[0m     "full_attention",
[36m(WorkerDict pid=3114866)[0m     "full_attention",
[36m(WorkerDict pid=3114866)[0m     "full_attention",
[36m(WorkerDict pid=3114866)[0m     "full_attention",
[36m(WorkerDict pid=3114866)[0m     "full_attention",
[36m(WorkerDict pid=3114866)[0m     "full_attention",
[36m(WorkerDict pid=3114866)[0m     "full_attention",
[36m(WorkerDict pid=3114866)[0m     "full_attention",
[36m(WorkerDict pid=3114866)[0m     "full_attention",
[36m(WorkerDict pid=3114866)[0m     "full_attention",
[36m(WorkerDict pid=3114866)[0m     "full_attention",
[36m(WorkerDict pid=3114866)[0m     "full_attention",
[36m(WorkerDict pid=3114866)[0m     "full_attention",
[36m(WorkerDict pid=3114866)[0m     "full_attention",
[36m(WorkerDict pid=3114866)[0m     "full_attention"
[36m(WorkerDict pid=3114866)[0m   ],
[36m(WorkerDict pid=3114866)[0m   "max_position_embeddings": 4096,
[36m(WorkerDict pid=3114866)[0m   "max_window_layers": 28,
[36m(WorkerDict pid=3114866)[0m   "model_type": "qwen2",
[36m(WorkerDict pid=3114866)[0m   "num_attention_heads": 28,
[36m(WorkerDict pid=3114866)[0m   "num_hidden_layers": 28,
[36m(WorkerDict pid=3114866)[0m   "num_key_value_heads": 4,
[36m(WorkerDict pid=3114866)[0m   "pad_token_id": 151643,
[36m(WorkerDict pid=3114866)[0m   "rms_norm_eps": 1e-06,
[36m(WorkerDict pid=3114866)[0m   "rope_parameters": {
[36m(WorkerDict pid=3114866)[0m     "rope_theta": 10000,
[36m(WorkerDict pid=3114871)[0m Loading weights:   0%|          | 0/339 [00:00<?, ?it/s]
[36m(WorkerDict pid=3114866)[0m Loading weights: 100%|██████████| 339/339 [00:00<00:00, 10631.27it/s]
[36m(WorkerDict pid=3114870)[0m Loading weights:   0%|          | 0/339 [00:00<?, ?it/s]Loading weights: 100%|██████████| 339/339 [00:00<00:00, 11947.58it/s]
[36m(WorkerDict pid=3114866)[0m     "rope_type": "default"
[36m(WorkerDict pid=3114866)[0m   },
[36m(WorkerDict pid=3114866)[0m   "sliding_window": null,
[36m(WorkerDict pid=3114866)[0m   "tie_word_embeddings": false,
[36m(WorkerDict pid=3114866)[0m   "transformers_version": "5.12.1",
[36m(WorkerDict pid=3114866)[0m   "use_cache": true,
[36m(WorkerDict pid=3114866)[0m   "use_mrope": false,
[36m(WorkerDict pid=3114866)[0m   "use_sliding_window": false,
[36m(WorkerDict pid=3114866)[0m   "vocab_size": 152064
[36m(WorkerDict pid=3114866)[0m }
[36m(WorkerDict pid=3114866)[0m
[36m(WorkerDict pid=3114866)[0m ref attention implementation verified: sdpa
[36m(WorkerDict pid=3114866)[0m Monkey patch _flash_attention_forward in transformers.integrations.flash_attention
[36m(WorkerDict pid=3114866)[0m Using Triton backend for fused kernels in Qwen2ForCausalLM
[36m(WorkerDict pid=3114866)[0m Qwen2ForCausalLM contains 7.62B parameters
[36m(WorkerDict pid=3114866)[0m wrap_policy: functools.partial(<function _or_policy at 0x7f244702f560>, policies=[functools.partial(<function transformer_auto_wrap_policy at 0x7f244702f420>, transformer_layer_cls={<class 'transformers.models.qwen2.modeling_qwen2.Qwen2DecoderLayer'>})])
[36m(WorkerDict pid=3114866)[0m trial-302172199-trialrun-302172199-worker-0:3114866:3114866 [0] NCCL INFO ENV/Plugin: Could not find: libnccl-env.so
[36m(WorkerDict pid=3114866)[0m trial-302172199-trialrun-302172199-worker-0:3114866:3114866 [0] NCCL INFO NCCL_SOCKET_FAMILY set by environment to AF_INET6
[36m(WorkerDict pid=3114866)[0m trial-302172199-trialrun-302172199-worker-0:3114866:3114866 [0] NCCL INFO NCCL_SOCKET_IFNAME set by environment to =eth0
[36m(WorkerDict pid=3114866)[0m trial-302172199-trialrun-302172199-worker-0:3114866:3114866 [0] NCCL INFO cudaDriverVersion 13000
[36m(WorkerDict pid=3114866)[0m trial-302172199-trialrun-302172199-worker-0:3114866:3114866 [0] NCCL INFO NCCL version 2.28.9+cuda13.0
[36m(WorkerDict pid=3114866)[0m trial-302172199-trialrun-302172199-worker-0:3114866:3114866 [0] NCCL INFO Comm config Blocking set to 1
[36m(WorkerDict pid=3114866)[0m trial-302172199-trialrun-302172199-worker-0:3114866:3114866 [0] NCCL INFO NCCL_NET_PLUGIN set by environment to none
[36m(WorkerDict pid=3114866)[0m trial-302172199-trialrun-302172199-worker-0:3114866:3114866 [0] NCCL INFO NCCL_SOCKET_FAMILY set by environment to AF_INET6
[36m(WorkerDict pid=3114866)[0m trial-302172199-trialrun-302172199-worker-0:3114866:3114866 [0] NCCL INFO NCCL_SOCKET_IFNAME set by environment to =eth0
[36m(WorkerDict pid=3114866)[0m trial-302172199-trialrun-302172199-worker-0:3114866:3114866 [0] NCCL INFO NET/Socket : Using [0]eth0:fdbd:dc61:ff:f000:ffff:ffff:0:16<0>
[36m(WorkerDict pid=3114866)[0m trial-302172199-trialrun-302172199-worker-0:3114866:3114866 [0] NCCL INFO Initialized NET plugin Socket
[36m(WorkerDict pid=3114866)[0m trial-302172199-trialrun-302172199-worker-0:3114866:3114866 [0] NCCL INFO Assigned NET plugin Socket to comm
[36m(WorkerDict pid=3114866)[0m trial-302172199-trialrun-302172199-worker-0:3114866:3114866 [0] NCCL INFO Using network Socket
[36m(WorkerDict pid=3114866)[0m trial-302172199-trialrun-302172199-worker-0:3114866:3114866 [0] NCCL INFO ncclCommInitRankConfig comm 0x10820e70 rank 0 nranks 8 cudaDev 0 nvmlDev 0 busId f000 commId 0xb8c5c218c8aab7ce - Init START
[36m(WorkerDict pid=3114866)[0m trial-302172199-trialrun-302172199-worker-0:3114866:3114866 [0] NCCL INFO RAS client listening socket at ::1<28028>
[36m(WorkerDict pid=3114866)[0m trial-302172199-trialrun-302172199-worker-0:3114866:3114866 [0] NCCL INFO MNNVL busId 0xf000 fabric UUID 0.0 cliqueId 0x0 state 3 healthMask 0x80
[36m(WorkerDict pid=3114866)[0m trial-302172199-trialrun-302172199-worker-0:3114866:3114866 [0] NCCL INFO Could not find real path of /sys/class/pci_bus/fffffff/../../fffffff:ff:f
[36m(WorkerDict pid=3114866)[0m trial-302172199-trialrun-302172199-worker-0:3114866:3114866 [0] NCCL INFO TOPO/NET : Importing network plugins to topology
[36m(WorkerDict pid=3114866)[0m trial-302172199-trialrun-302172199-worker-0:3114866:3114866 [0] NCCL INFO ncclTopoPopulateNics : Filled eth0 in topo with pciPath=(null) keep=1 coll=(null)
[36m(WorkerDict pid=3114866)[0m trial-302172199-trialrun-302172199-worker-0:3114866:3114866 [0] NCCL INFO === System : maxBw 721.8 totalBw 721.8 ===
[36m(WorkerDict pid=3114866)[0m trial-302172199-trialrun-302172199-worker-0:3114866:3114866 [0] NCCL INFO CPU/0-0 (1/1/4)
[36m(WorkerDict pid=3114866)[0m trial-302172199-trialrun-302172199-worker-0:3114866:3114866 [0] NCCL INFO + PCI[5000.0] - NIC/0-0
[36m(WorkerDict pid=3114866)[0m trial-302172199-trialrun-302172199-worker-0:3114866:3114866 [0] NCCL INFO                 + NET[1.2] - NET/0-0 (0/0/0/1.250000)
[36m(WorkerDict pid=3114866)[0m trial-302172199-trialrun-302172199-worker-0:3114866:3114866 [0] NCCL INFO                 + NET[1.2] - NET/0-0 (0/0/0/1.250000)
[36m(WorkerDict pid=3114866)[0m trial-302172199-trialrun-302172199-worker-0:3114866:3114866 [0] NCCL INFO + PCI[48.0] - PCI/0-8000 (1000c0301000ffff)
[36m(WorkerDict pid=3114866)[0m trial-302172199-trialrun-302172199-worker-0:3114866:3114866 [0] NCCL INFO               + PCI[48.0] - GPU/0-f000 (0)
[36m(WorkerDict pid=3114866)[0m trial-302172199-trialrun-302172199-worker-0:3114866:3114866 [0] NCCL INFO                             + NVL[721.8] - NVS/0-0
[36m(WorkerDict pid=3114866)[0m trial-302172199-trialrun-302172199-worker-0:3114866:3114866 [0] NCCL INFO + PCI[48.0] - PCI/0-26000 (1000c0301000ffff)
[36m(WorkerDict pid=3114866)[0m trial-302172199-trialrun-302172199-worker-0:3114866:3114866 [0] NCCL INFO               + PCI[48.0] - GPU/0-2d000 (1)
[36m(WorkerDict pid=3114866)[0m trial-302172199-trialrun-302172199-worker-0:3114866:3114866 [0] NCCL INFO                             + NVL[721.8] - NVS/0-0
[36m(WorkerDict pid=3114866)[0m trial-302172199-trialrun-302172199-worker-0:3114866:3114866 [0] NCCL INFO + PCI[48.0] - PCI/0-3d000 (1000c0301000ffff)
[36m(WorkerDict pid=3114866)[0m trial-302172199-trialrun-302172199-worker-0:3114866:3114866 [0] NCCL INFO               + PCI[48.0] - GPU/0-44000 (2)
[36m(WorkerDict pid=3114866)[0m trial-302172199-trialrun-302172199-worker-0:3114866:3114866 [0] NCCL INFO                             + NVL[721.8] - NVS/0-0
[36m(WorkerDict pid=3114866)[0m trial-302172199-trialrun-302172199-worker-0:3114866:3114866 [0] NCCL INFO + PCI[48.0] - PCI/0-54000 (1000c0301000ffff)
[36m(WorkerDict pid=3114866)[0m trial-302172199-trialrun-302172199-worker-0:3114866:3114866 [0] NCCL INFO               + PCI[48.0] - GPU/0-5b000 (3)
[36m(WorkerDict pid=3114866)[0m trial-302172199-trialrun-302172199-worker-0:3114866:3114866 [0] NCCL INFO                             + NVL[721.8] - NVS/0-0
[36m(WorkerDict pid=3114866)[0m trial-302172199-trialrun-302172199-worker-0:3114866:3114866 [0] NCCL INFO + SYS[40.0] - CPU/0-1
[36m(WorkerDict pid=3114866)[0m trial-302172199-trialrun-302172199-worker-0:3114866:3114866 [0] NCCL INFO CPU/0-1 (1/1/4)
[36m(WorkerDict pid=3114866)[0m trial-302172199-trialrun-302172199-worker-0:3114866:3114866 [0] NCCL INFO + PCI[48.0] - PCI/0-82000 (1000c0301000ffff)
[36m(WorkerDict pid=3114866)[0m trial-302172199-trialrun-302172199-worker-0:3114866:3114866 [0] NCCL INFO               + PCI[48.0] - GPU/0-89000 (4)
[36m(WorkerDict pid=3114866)[0m trial-302172199-trialrun-302172199-worker-0:3114866:3114866 [0] NCCL INFO                             + NVL[721.8] - NVS/0-0
[36m(WorkerDict pid=3114866)[0m trial-302172199-trialrun-302172199-worker-0:3114866:3114866 [0] NCCL INFO + PCI[48.0] - PCI/0-a1000 (1000c0301000ffff)
[36m(WorkerDict pid=3114866)[0m trial-302172199-trialrun-302172199-worker-0:3114866:3114866 [0] NCCL INFO               + PCI[48.0] - GPU/0-a8000 (5)
[36m(WorkerDict pid=3114866)[0m trial-302172199-trialrun-302172199-worker-0:3114866:3114866 [0] NCCL INFO                             + NVL[721.8] - NVS/0-0
[36m(WorkerDict pid=3114866)[0m trial-302172199-trialrun-302172199-worker-0:3114866:3114866 [0] NCCL INFO + PCI[48.0] - PCI/0-b9000 (1000c0301000ffff)
[36m(WorkerDict pid=3114866)[0m trial-302172199-trialrun-302172199-worker-0:3114866:3114866 [0] NCCL INFO               + PCI[48.0] - GPU/0-c0000 (6)
[36m(WorkerDict pid=3114866)[0m trial-302172199-trialrun-302172199-worker-0:3114866:3114866 [0] NCCL INFO                             + NVL[721.8] - NVS/0-0
[36m(WorkerDict pid=3114866)[0m trial-302172199-trialrun-302172199-worker-0:3114866:3114866 [0] NCCL INFO + PCI[48.0] - PCI/0-d1000 (1000c0301000ffff)
[36m(WorkerDict pid=3114866)[0m trial-302172199-trialrun-302172199-worker-0:3114866:3114866 [0] NCCL INFO               + PCI[48.0] - GPU/0-d8000 (7)
[36m(WorkerDict pid=3114866)[0m trial-302172199-trialrun-302172199-worker-0:3114866:3114866 [0] NCCL INFO                             + NVL[721.8] - NVS/0-0
[36m(WorkerDict pid=3114866)[0m trial-302172199-trialrun-302172199-worker-0:3114866:3114866 [0] NCCL INFO + SYS[40.0] - CPU/0-0
[36m(WorkerDict pid=3114866)[0m trial-302172199-trialrun-302172199-worker-0:3114866:3114866 [0] NCCL INFO ==========================================
[36m(WorkerDict pid=3114866)[0m trial-302172199-trialrun-302172199-worker-0:3114866:3114866 [0] NCCL INFO GPU/0-f000 :GPU/0-f000 (0/5000.0/LOC) GPU/0-2d000 (2/721.8/NVL) GPU/0-44000 (2/721.8/NVL) GPU/0-5b000 (2/721.8/NVL) GPU/0-89000 (2/721.8/NVL) GPU/0-a8000 (2/721.8/NVL) GPU/0-c0000 (2/721.8/NVL) GPU/0-d8000 (2/721.8/NVL) NVS/0-0 (1/721.8/NVL) CPU/0-0 (2/48.0/PHB) CPU/0-1 (3/40.0/SYS) NET/0-0 (4/1.2/PHB) NET/0-0 (0/0.0/DIS)
[36m(WorkerDict pid=3114866)[0m trial-302172199-trialrun-302172199-worker-0:3114866:3114866 [0] NCCL INFO GPU/0-2d000 :GPU/0-f000 (2/721.8/NVL) GPU/0-2d000 (0/5000.0/LOC) GPU/0-44000 (2/721.8/NVL) GPU/0-5b000 (2/721.8/NVL) GPU/0-89000 (2/721.8/NVL) GPU/0-a8000 (2/721.8/NVL) GPU/0-c0000 (2/721.8/NVL) GPU/0-d8000 (2/721.8/NVL) NVS/0-0 (1/721.8/NVL) CPU/0-0 (2/48.0/PHB) CPU/0-1 (3/40.0/SYS) NET/0-0 (4/1.2/PHB) NET/0-0 (0/0.0/DIS)
[36m(WorkerDict pid=3114866)[0m trial-302172199-trialrun-302172199-worker-0:3114866:3114866 [0] NCCL INFO GPU/0-44000 :GPU/0-f000 (2/721.8/NVL) GPU/0-2d000 (2/721.8/NVL) GPU/0-44000 (0/5000.0/LOC) GPU/0-5b000 (2/721.8/NVL) GPU/0-89000 (2/721.8/NVL) GPU/0-a8000 (2/721.8/NVL) GPU/0-c0000 (2/721.8/NVL) GPU/0-d8000 (2/721.8/NVL) NVS/0-0 (1/721.8/NVL) CPU/0-0 (2/48.0/PHB) CPU/0-1 (3/40.0/SYS) NET/0-0 (4/1.2/PHB) NET/0-0 (0/0.0/DIS)
[36m(WorkerDict pid=3114866)[0m trial-302172199-trialrun-302172199-worker-0:3114866:3114866 [0] NCCL INFO GPU/0-5b000 :GPU/0-f000 (2/721.8/NVL) GPU/0-2d000 (2/721.8/NVL) GPU/0-44000 (2/721.8/NVL) GPU/0-5b000 (0/5000.0/LOC) GPU/0-89000 (2/721.8/NVL) GPU/0-a8000 (2/721.8/NVL) GPU/0-c0000 (2/721.8/NVL) GPU/0-d8000 (2/721.8/NVL) NVS/0-0 (1/721.8/NVL) CPU/0-0 (2/48.0/PHB) CPU/0-1 (3/40.0/SYS) NET/0-0 (4/1.2/PHB) NET/0-0 (0/0.0/DIS)
[36m(WorkerDict pid=3114866)[0m trial-302172199-trialrun-302172199-worker-0:3114866:3114866 [0] NCCL INFO GPU/0-89000 :GPU/0-f000 (2/721.8/NVL) GPU/0-2d000 (2/721.8/NVL) GPU/0-44000 (2/721.8/NVL) GPU/0-5b000 (2/721.8/NVL) GPU/0-89000 (0/5000.0/LOC) GPU/0-a8000 (2/721.8/NVL) GPU/0-c0000 (2/721.8/NVL) GPU/0-d8000 (2/721.8/NVL) NVS/0-0 (1/721.8/NVL) CPU/0-0 (3/40.0/SYS) CPU/0-1 (2/48.0/PHB) NET/0-0 (5/1.2/SYS) NET/0-0 (0/0.0/DIS)
[36m(WorkerDict pid=3114866)[0m trial-302172199-trialrun-302172199-worker-0:3114866:3114866 [0] NCCL INFO GPU/0-a8000 :GPU/0-f000 (2/721.8/NVL) GPU/0-2d000 (2/721.8/NVL) GPU/0-44000 (2/721.8/NVL) GPU/0-5b000 (2/721.8/NVL) GPU/0-89000 (2/721.8/NVL) GPU/0-a8000 (0/5000.0/LOC) GPU/0-c0000 (2/721.8/NVL) GPU/0-d8000 (2/721.8/NVL) NVS/0-0 (1/721.8/NVL) CPU/0-0 (3/40.0/SYS) CPU/0-1 (2/48.0/PHB) NET/0-0 (5/1.2/SYS) NET/0-0 (0/0.0/DIS)
[36m(WorkerDict pid=3114866)[0m trial-302172199-trialrun-302172199-worker-0:3114866:3114866 [0] NCCL INFO GPU/0-c0000 :GPU/0-f000 (2/721.8/NVL) GPU/0-2d000 (2/721.8/NVL) GPU/0-44000 (2/721.8/NVL) GPU/0-5b000 (2/721.8/NVL) GPU/0-89000 (2/721.8/NVL) GPU/0-a8000 (2/721.8/NVL) GPU/0-c0000 (0/5000.0/LOC) GPU/0-d8000 (2/721.8/NVL) NVS/0-0 (1/721.8/NVL) CPU/0-0 (3/40.0/SYS) CPU/0-1 (2/48.0/PHB) NET/0-0 (5/1.2/SYS) NET/0-0 (0/0.0/DIS)
[36m(WorkerDict pid=3114866)[0m trial-302172199-trialrun-302172199-worker-0:3114866:3114866 [0] NCCL INFO GPU/0-d8000 :GPU/0-f000 (2/721.8/NVL) GPU/0-2d000 (2/721.8/NVL) GPU/0-44000 (2/721.8/NVL) GPU/0-5b000 (2/721.8/NVL) GPU/0-89000 (2/721.8/NVL) GPU/0-a8000 (2/721.8/NVL) GPU/0-c0000 (2/721.8/NVL) GPU/0-d8000 (0/5000.0/LOC) NVS/0-0 (1/721.8/NVL) CPU/0-0 (3/40.0/SYS) CPU/0-1 (2/48.0/PHB) NET/0-0 (5/1.2/SYS) NET/0-0 (0/0.0/DIS)
[36m(WorkerDict pid=3114866)[0m trial-302172199-trialrun-302172199-worker-0:3114866:3114866 [0] NCCL INFO NET/0-0 :GPU/0-f000 (4/1.2/PHB) GPU/0-2d000 (4/1.2/PHB) GPU/0-44000 (4/1.2/PHB) GPU/0-5b000 (4/1.2/PHB) GPU/0-89000 (5/1.2/SYS) GPU/0-a8000 (5/1.2/SYS) GPU/0-c0000 (5/1.2/SYS) GPU/0-d8000 (5/1.2/SYS) CPU/0-0 (2/1.2/PHB) CPU/0-1 (3/1.2/SYS) NET/0-0 (0/5000.0/LOC) NET/0-0 (0/0.0/DIS)
[36m(WorkerDict pid=3114866)[0m trial-302172199-trialrun-302172199-worker-0:3114866:3114866 [0] NCCL INFO NET/0-0 :GPU/0-f000 (4/1.2/PHB) GPU/0-2d000 (4/1.2/PHB) GPU/0-44000 (4/1.2/PHB) GPU/0-5b000 (4/1.2/PHB) GPU/0-89000 (5/1.2/SYS) GPU/0-a8000 (5/1.2/SYS) GPU/0-c0000 (5/1.2/SYS) GPU/0-d8000 (5/1.2/SYS) CPU/0-0 (2/1.2/PHB) CPU/0-1 (3/1.2/SYS) NET/0-0 (0/5000.0/LOC) NET/0-0 (0/0.0/DIS)
[36m(WorkerDict pid=3114866)[0m trial-302172199-trialrun-302172199-worker-0:3114866:3114866 [0] NCCL INFO ncclTopoGetCpuAffinity: Affinity for GPU 0 is 0-62,128-190. (GPU affinity = 0-63,128-191 ; CPU affinity = 0-62,64-126,128-190,192-254).
[36m(WorkerDict pid=3114866)[0m trial-302172199-trialrun-302172199-worker-0:3114866:3114866 [0] NCCL INFO NCCL_NVLS_ENABLE set by environment to 1.
[36m(WorkerDict pid=3114866)[0m trial-302172199-trialrun-302172199-worker-0:3114866:3114866 [0] NCCL INFO NVLS multicast support is available on dev 0 (NVLS_NCHANNELS 24)
[36m(WorkerDict pid=3114866)[0m trial-302172199-trialrun-302172199-worker-0:3114866:3114866 [0] NCCL INFO Pattern 4, crossNic 0, nChannels 16, bw 45.000000/45.000000, type NVL/PIX, sameChannels 1
[36m(WorkerDict pid=3114866)[0m trial-302172199-trialrun-302172199-worker-0:3114866:3114866 [0] NCCL INFO  0 : GPU/0-f000 GPU/0-2d000 GPU/0-44000 GPU/0-5b000 GPU/0-89000 GPU/0-a8000 GPU/0-c0000 GPU/0-d8000
[36m(WorkerDict pid=3114866)[0m trial-302172199-trialrun-302172199-worker-0:3114866:3114866 [0] NCCL INFO  1 : GPU/0-f000 GPU/0-2d000 GPU/0-44000 GPU/0-5b000 GPU/0-89000 GPU/0-a8000 GPU/0-c0000 GPU/0-d8000
[36m(WorkerDict pid=3114866)[0m trial-302172199-trialrun-302172199-worker-0:3114866:3114866 [0] NCCL INFO  2 : GPU/0-f000 GPU/0-2d000 GPU/0-44000 GPU/0-5b000 GPU/0-89000 GPU/0-a8000 GPU/0-c0000 GPU/0-d8000
[36m(WorkerDict pid=3114866)[0m trial-302172199-trialrun-302172199-worker-0:3114866:3114866 [0] NCCL INFO  3 : GPU/0-f000 GPU/0-2d000 GPU/0-44000 GPU/0-5b000 GPU/0-89000 GPU/0-a8000 GPU/0-c0000 GPU/0-d8000
[36m(WorkerDict pid=3114866)[0m trial-302172199-trialrun-302172199-worker-0:3114866:3114866 [0] NCCL INFO  4 : GPU/0-f000 GPU/0-2d000 GPU/0-44000 GPU/0-5b000 GPU/0-89000 GPU/0-a8000 GPU/0-c0000 GPU/0-d8000
[36m(WorkerDict pid=3114866)[0m trial-302172199-trialrun-302172199-worker-0:3114866:3114866 [0] NCCL INFO  5 : GPU/0-f000 GPU/0-2d000 GPU/0-44000 GPU/0-5b000 GPU/0-89000 GPU/0-a8000 GPU/0-c0000 GPU/0-d8000
[36m(WorkerDict pid=3114866)[0m trial-302172199-trialrun-302172199-worker-0:3114866:3114866 [0] NCCL INFO  6 : GPU/0-f000 GPU/0-2d000 GPU/0-44000 GPU/0-5b000 GPU/0-89000 GPU/0-a8000 GPU/0-c0000 GPU/0-d8000
[36m(WorkerDict pid=3114866)[0m trial-302172199-trialrun-302172199-worker-0:3114866:3114866 [0] NCCL INFO  7 : GPU/0-f000 GPU/0-2d000 GPU/0-44000 GPU/0-5b000 GPU/0-89000 GPU/0-a8000 GPU/0-c0000 GPU/0-d8000
[36m(WorkerDict pid=3114866)[0m trial-302172199-trialrun-302172199-worker-0:3114866:3114866 [0] NCCL INFO  8 : GPU/0-f000 GPU/0-2d000 GPU/0-44000 GPU/0-5b000 GPU/0-8900
[36m(WorkerDict pid=3114870)[0m trial-302172199-trialrun-302172199-worker-0:3114870:3114870 [4] NCCL INFO  8 : GPU/0-f000 GPU/0-2d000 GPU/0-44000 GPU/0-5b000 GPU/
[36m(WorkerDict pid=3114866)[0m 0 GPU/0-a8000 GPU/0-c0000 GPU/0-d8000
[36m(WorkerDict pid=3114866)[0m trial-302172199-trialrun-302172199-worker-0:3114866:3114866 [0] NC
[36m(WorkerDict pid=3114873)[0m -89000 GPU/0-a8000 GPU/0-c0000 GPU/0-d8000
[36m(WorkerDict pid=3114873)[0m trial-302172199-trialrun-302172199-worker-0:3114873:3114873 [
[36m(WorkerDict pid=3114868)[0m 000 GPU/0-a8000 GPU/0-c0000 GPU/0-d8000
[36m(WorkerDict pid=3114868)[0m trial-302172199-trialrun-302172199-worker-0:3114868:3114868 [1]
[36m(WorkerDict pid=3114869)[0m 00 GPU/0-a8000 GPU/0-c0000 GPU/0-d8000
[36m(WorkerDict pid=3114869)[0m trial-302172199-trialrun-302172199-worker-0:3114869:3114869 [2] N
[36m(WorkerDict pid=3114865)[0m 00 GPU/0-a8000 GPU/0-c0000 GPU/0-d8000
[36m(WorkerDict pid=3114866)[0m CL INFO 15 : GPU/0-f000 GPU/0-2d000 GPU/0-44000 GPU/0-5b000 GPU/0-89000 GPU/0-a8000 GPU/0-c0000 GPU/0-d8000
[36m(WorkerDict pid=3114866)[0m trial-302172199-trialrun-302172199-worker-0:3114866:3114866 [0] NCCL INFO comm 0x10820e70 rank 0 nRanks 8 nNodes 1 localRanks 8 localRank 0 MNNVL 0
[36m(WorkerDict pid=3114866)[0m trial-302172199-trialrun-302172199-worker-0:3114866:3114866 [0] NCCL INFO Tree 0 : -1 -> 0 -> 1/-1/-1
[36m(WorkerDict pid=3114866)[0m trial-302172199-trialrun-302172199-worker-0:3114866:3114866 [0] NCCL INFO Tree 16 : -1 -> 0 -> 1/-1/-1
[36m(WorkerDict pid=3114866)[0m trial-302172199-trialrun-302172199-worker-0:3114866:3114866 [0] NCCL INFO Tree 1 : -1 -> 0 -> 1/-1/-1
[36m(WorkerDict pid=3114866)[0m trial-302172199-trialrun-302172199-worker-0:3114866:3114866 [0] NCCL INFO Tree 17 : -1 -> 0 -> 1/-1/-1
[36m(WorkerDict pid=3114866)[0m trial-302172199-trialrun-302172199-worker-0:3114866:3114866 [0] NCCL INFO Tree 2 : -1 -> 0 -> 1/-1/-1
[36m(WorkerDict pid=3114866)[0m trial-302172199-trialrun-302172199-worker-0:3114866:3114866 [0] NCCL INFO Tree 18 : -1 -> 0 -> 1/-1/-1
[36m(WorkerDict pid=3114866)[0m trial-302172199-trialrun-302172199-worker-0:3114866:3114866 [0] NCCL INFO Tree 3 : -1 -> 0 -> 1/-1/-1
[36m(WorkerDict pid=3114866)[0m trial-302172199-trialrun-302172199-worker-0:3114866:3114866 [0] NCCL INFO Tree 19 : -1 -> 0 -> 1/-1/-1
[36m(WorkerDict pid=3114866)[0m trial-302172199-trialrun-302172199-worker-0:3114866:3114866 [0] NCCL INFO Tree 4 : -1 -> 0 -> 1/-1/-1
[36m(WorkerDict pid=3114866)[0m trial-302172199-trialrun-302172199-worker-0:3114866:3114866 [0] NCCL INFO Tree 20 : -1 -> 0 -> 1/-1/-1
[36m(WorkerDict pid=3114866)[0m trial-302172199-trialrun-302172199-worker-0:3114866:3114866 [0] NCCL INFO Tree 5 : -1 -> 0 -> 1/-1/-1
[36m(WorkerDict pid=3114866)[0m trial-302172199-trialrun-302172199-worker-0:3114866:3114866 [0] NCCL INFO Tree 21 : -1 -> 0 -> 1/-1/-1
[36m(WorkerDict pid=3114866)[0m trial-302172199-trialrun-302172199-worker-0:3114866:3114866 [0] NCCL INFO Tree 6 : -1 -> 0 -> 1/-1/-1
[36m(WorkerDict pid=3114866)[0m trial-302172199-trialrun-302172199-worker-0:3114866:3114866 [0] NCCL INFO Tree 22 : -1 -> 0 -> 1/-1/-1
[36m(WorkerDict pid=3114866)[0m trial-302172199-trialrun-302172199-worker-0:3114866:3114866 [0] NCCL INFO Tree 7 : -1 -> 0 -> 1/-1/-1
[36m(WorkerDict pid=3114866)[0m trial-302172199-trialrun-302172199-worker-0:3114866:3114866 [0] NCCL INFO Tree 23 : -1 -> 0 -> 1/-1/-1
[36m(WorkerDict pid=3114866)[0m trial-302172199-trialrun-302172199-worker-0:3114866:3114866 [0] NCCL INFO Tree 8 : -1 -> 0 -> 1/-1/-1
[36m(WorkerDict pid=3114866)[0m trial-302172199-trialrun-302172199-worker-0:3114866:3114866 [0] NCCL INFO Tree 24 : -1 -> 0 -> 1/-1/-1
[36m(WorkerDict pid=3114866)[0m trial-302172199-trialrun-302172199-worker-0:3114866:3114866 [0] NCCL INFO Tree 9 : -1 -> 0 -> 1/-1/-1
[36m(WorkerDict pid=3114866)[0m trial-302172199-trialrun-302172199-worker-0:3114866:3114866 [0] NCCL INFO Tree 25 : -1 -> 0 -> 1/-1/-1
[36m(WorkerDict pid=3114866)[0m trial-302172199-trialrun-302172199-worker-0:3114866:3114866 [0] NCCL INFO Tree 10 : -1 -> 0 -> 1/-1/-1
[36m(WorkerDict pid=3114866)[0m trial-302172199-trialrun-302172199-worker-0:3114866:3114866 [0] NCCL INFO Tree 26 : -1 -> 0 -> 1/-1/-1
[36m(WorkerDict pid=3114866)[0m trial-302172199-trialrun-302172199-worker-0:3114866:3114866 [0] NCCL INFO Tree 11 : -1 -> 0 -> 1/-1/-1
[36m(WorkerDict pid=3114866)[0m trial-302172199-trialrun-302172199-worker-0:3114866:3114866 [0] NCCL INFO Tree 27 : -1 -> 0 -> 1/-1/-1
[36m(WorkerDict pid=3114866)[0m trial-302172199-trialrun-302172199-worker-0:3114866:3114866 [0] NCCL INFO Tree 12 : -1 -> 0 -> 1/-1/-1
[36m(WorkerDict pid=3114866)[0m trial-302172199-trialrun-302172199-worker-0:3114866:3114866 [0] NCCL INFO Tree 28 : -1 -> 0 -> 1/-1/-1
[36m(WorkerDict pid=3114866)[0m trial-302172199-trialrun-302172199-worker-0:3114866:3114866 [0] NCCL INFO Tree 13 : -1 -> 0 -> 1/-1/-1
[36m(WorkerDict pid=3114866)[0m trial-302172199-trialrun-302172199-worker-0:3114866:3114866 [0] NCCL INFO Tree 29 : -1 -> 0 -> 1/-1/-1
[36m(WorkerDict pid=3114866)[0m trial-302172199-trialrun-302172199-worker-0:3114866:3114866 [0] NCCL INFO Tree 14 : -1 -> 0 -> 1/-1/-1
[36m(WorkerDict pid=3114866)[0m trial-302172199-trialrun-302172199-worker-0:3114866:3114866 [0] NCCL INFO Tree 30 : -1 -> 0 -> 1/-1/-1
[36m(WorkerDict pid=3114866)[0m trial-302172199-trialrun-302172199-worker-0:3114866:3114866 [0] NCCL INFO Tree 15 : -1 -> 0 -> 1/-1/-1
[36m(WorkerDict pid=3114866)[0m trial-302172199-trialrun-302172199-worker-0:3114866:3114866 [0] NCCL INFO Tree 31 : -1 -> 0 -> 1/-1/-1
[36m(WorkerDict pid=3114866)[0m trial-302172199-trialrun-302172199-worker-0:3114866:3114866 [0] NCCL INFO Channel 00/32 : 0 1 2 3 4 5 6 7
[36m(WorkerDict pid=3114866)[0m trial-302172199-trialrun-302172199-worker-0:3114866:3114866 [0] NCCL INFO Channel 01/32 : 0 1 2 3 4 5 6 7
[36m(WorkerDict pid=3114866)[0m trial-302172199-trialrun-302172199-worker-0:3114866:3114866 [0] NCCL INFO Channel 02/32 : 0 1 2 3 4 5 6 7
[36m(WorkerDict pid=3114866)[0m trial-302172199-trialrun-302172199-worker-0:3114866:3114866 [0] NCCL INFO Channel 03/32 : 0 1 2 3 4 5 6 7
[36m(WorkerDict pid=3114866)[0m trial-302172199-trialrun-302172199-worker-0:3114866:3114866 [0] NCCL INFO Channel 04/32 : 0 1 2 3 4 5 6 7
[36m(WorkerDict pid=3114866)[0m trial-302172199-trialrun-302172199-worker-0:3114866:3114866 [0] NCCL INFO Channel 05/32 : 0 1 2 3 4 5 6 7
[36m(WorkerDict pid=3114866)[0m trial-302172199-trialrun-302172199-worker-0:3114866:3114866 [0] NCCL INFO Channel 06/32 : 0 1 2 3 4 5 6 7
[36m(WorkerDict pid=3114866)[0m trial-302172199-trialrun-302172199-worker-0:3114866:3114866 [0] NCCL INFO Channel 07/32 : 0 1 2 3 4 5 6 7
[36m(WorkerDict pid=3114866)[0m trial-302172199-trialrun-302172199-worker-0:3114866:3114866 [0] NCCL INFO Channel 08/32 : 0 1 2 3 4 5 6 7
[36m(WorkerDict pid=3114866)[0m trial-302172199-trialrun-302172199-worker-0:3114866:3114866 [0] NCCL INFO Channel 09/32 : 0 1 2 3 4 5 6 7
[36m(WorkerDict pid=3114866)[0m trial-302172199-trialrun-302172199-worker-0:3114866:3114866 [0] NCCL INFO Channel 10/32 : 0 1 2 3 4 5 6 7
[36m(WorkerDict pid=3114866)[0m trial-302172199-trialrun-302172199-worker-0:3114866:3114866 [0] NCCL INFO Channel 11/32 : 0 1 2 3 4 5 6 7
[36m(WorkerDict pid=3114866)[0m trial-302172199-trialrun-302172199-worker-0:3114866:3114866 [0] NCCL INFO Channel 12/32 : 0 1 2 3 4 5 6 7
[36m(WorkerDict pid=3114866)[0m trial-302172199-trialrun-302172199-worker-0:3114866:3114866 [0] NCCL INFO Channel 13/32 : 0 1 2 3 4 5 6 7
[36m(WorkerDict pid=3114866)[0m trial-302172199-trialrun-302172199-worker-0:3114866:3114866 [0] NCCL INFO Channel 14/32 : 0 1 2 3 4 5 6 7
[36m(WorkerDict pid=3114866)[0m trial-302172199-trialrun-302172199-worker-0:3114866:3114866 [0] NCCL INFO Channel 15/32 : 0 1 2 3 4 5 6 7
[36m(WorkerDict pid=3114866)[0m trial-302172199-trialrun-302172199-worker-0:3114866:3114866 [0] NCCL INFO Channel 16/32 : 0 1 2 3 4 5 6 7
[36m(WorkerDict pid=3114866)[0m trial-302172199-trialrun-302172199-worker-0:3114866:3114866 [0] NCCL INFO Channel 17/32 : 0 1 2 3 4 5 6 7
[36m(WorkerDict pid=3114866)[0m trial-302172199-trialrun-302172199-worker-0:3114866:3114866 [0] NCCL INFO Channel 18/32 : 0 1 2 3 4 5 6 7
[36m(WorkerDict pid=3114866)[0m trial-302172199-trialrun-302172199-worker-0:3114866:3114866 [0] NCCL INFO Channel 19/32 : 0 1 2 3 4 5 6 7
[36m(WorkerDict pid=3114866)[0m trial-302172199-trialrun-302172199-worker-0:3114866:3114866 [0] NCCL INFO Channel 20/32 : 0 1 2 3 4 5 6 7
[36m(WorkerDict pid=3114866)[0m trial-302172199-trialrun-302172199-worker-0:3114866:3114866 [0] NCCL INFO Channel 21/32 : 0 1 2 3 4 5 6 7
[36m(WorkerDict pid=3114866)[0m trial-302172199-trialrun-302172199-worker-0:3114866:3114866 [0] NCCL INFO Channel 22/32 : 0 1 2 3 4 5 6 7
[36m(WorkerDict pid=3114866)[0m trial-302172199-trialrun-302172199-worker-0:3114866:3114866 [0] NCCL INFO Channel 23/32 : 0 1 2 3 4 5 6 7
[36m(WorkerDict pid=3114866)[0m trial-302172199-trialrun-302172199-worker-0:3114866:3114866 [0] NCCL INFO Channel 24/32 : 0 1 2 3 4 5 6 7
[36m(WorkerDict pid=3114866)[0m trial-302172199-trialrun-302172199-worker-0:3114866:3114866 [0] NCCL INFO Channel 25/32 : 0 1 2 3 4 5 6 7
[36m(WorkerDict pid=3114866)[0m trial-302172199-trialrun-302172199-worker-0:3114866:3114866 [0] NCCL INFO Channel 26/32 : 0 1 2 3 4 5 6 7
[36m(WorkerDict pid=3114866)[0m trial-302172199-trialrun-302172199-worker-0:3114866:3114866 [0] NCCL INFO Channel 27/32 : 0 1 2 3 4 5 6 7
[36m(WorkerDict pid=3114866)[0m trial-302172199-trialrun-302172199-worker-0:3114866:3114866 [0] NCCL INFO Channel 28/32 : 0 1 2 3 4 5 6 7
[36m(WorkerDict pid=3114866)[0m trial-302172199-trialrun-302172199-worker-0:3114866:3114866 [0] NCCL INFO Channel 29/32 : 0 1 2 3 4 5 6 7
[36m(WorkerDict pid=3114866)[0m trial-302172199-trialrun-302172199-worker-0:3114866:3114866 [0] NCCL INFO Channel 30/32 : 0 1 2 3 4 5 6 7
[36m(WorkerDict pid=3114866)[0m trial-302172199-trialrun-302172199-worker-0:3114866:3114866 [0] NCCL INFO Channel 31/32 : 0 1 2 3 4 5 6 7
[36m(WorkerDict pid=3114866)[0m trial-302172199-trialrun-302172199-worker-0:3114866:3114866 [0] NCCL INFO Ring 00 : 7 -> 0 -> 1
[36m(WorkerDict pid=3114866)[0m trial-302172199-trialrun-302172199-worker-0:3114866:3114866 [0] NCCL INFO Ring 01 : 7 -> 0 -> 1
[36m(WorkerDict pid=3114866)[0m trial-302172199-trialrun-302172199-worker-0:3114866:3114866 [0] NCCL INFO Ring 02 : 7 -> 0 -> 1
[36m(WorkerDict pid=3114866)[0m trial-302172199-trialrun-302172199-worker-0:3114866:3114866 [0] NCCL INFO Ring 03 : 7 -> 0 -> 1
[36m(WorkerDict pid=3114866)[0m trial-302172199-trialrun-302172199-worker-0:3114866:3114866 [0] NCCL INFO Ring 04 : 7 -> 0 -> 1
[36m(WorkerDict pid=3114866)[0m trial-302172199-trialrun-302172199-worker-0:3114866:3114866 [0] NCCL INFO Ring 05 : 7 -> 0 -> 1
[36m(WorkerDict pid=3114866)[0m trial-302172199-trialrun-302172199-worker-0:3114866:3114866 [0] NCCL INFO Ring 06 : 7 -> 0 -> 1
[36m(WorkerDict pid=3114866)[0m trial-302172199-trialrun-302172199-worker-0:3114866:3114866 [0] NCCL INFO Ring 07 : 7 -> 0 -> 1
[36m(WorkerDict pid=3114866)[0m trial-302172199-trialrun-302172199-worker-0:3114866:3114866 [0] NCCL INFO Ring 08 : 7 -> 0 -> 1
[36m(WorkerDict pid=3114866)[0m trial-302172199-trialrun-302172199-worker-0:3114866:3114866 [0] NCCL INFO Ring 09 : 7 -> 0 -> 1
[36m(WorkerDict pid=3114866)[0m trial-302172199-trialrun-302172199-worker-0:3114866:3114866 [0] NCCL INFO Ring 10 : 7 -> 0 -> 1
[36m(WorkerDict pid=3114866)[0m trial-302172199-trialrun-302172199-worker-0:3114866:3114866 [0] NCCL INFO Ring 11 : 7 -> 0 -> 1
[36m(WorkerDict pid=3114866)[0m trial-302172199-trialrun-302172199-worker-0:3114866:3114866 [0] NCCL INFO Ring 12 : 7 -> 0 -> 1
[36m(WorkerDict pid=3114866)[0m trial-302172199-trialrun-302172199-worker-0:3114866:3114866 [0] NCCL INFO Ring 13 : 7 -> 0 -> 1
[36m(WorkerDict pid=3114866)[0m trial-302172199-trialrun-302172199-worker-0:3114866:3114866 [0] NCCL INFO Ring 14 : 7 -> 0 -> 1
[36m(WorkerDict pid=3114866)[0m trial-302172199-trialrun-302172199-worker-0:3114866:3114866 [0] NCCL INFO Ring 15 : 7 -> 0 -> 1
[36m(WorkerDict pid=3114866)[0m trial-302172199-trialrun-302172199-worker-0:3114866:3114866 [0] NCCL INFO Ring 16 : 7 -> 0 -> 1
[36m(WorkerDict pid=3114866)[0m trial-302172199-trialrun-302172199-worker-0:3114866:3114866 [0] NCCL INFO Ring 17 : 7 -> 0 -> 1
[36m(WorkerDict pid=3114866)[0m trial-302172199-trialrun-302172199-worker-0:3114866:3114866 [0] NCCL INFO Ring 18 : 7 -> 0 -> 1
[36m(WorkerDict pid=3114866)[0m trial-302172199-trialrun-302172199-worker-0:3114866:3114866 [0] NCCL INFO Ring 19 : 7 -> 0 -> 1
[36m(WorkerDict pid=3114866)[0m trial-302172199-trialrun-302172199-worker-0:3114866:3114866 [0] NCCL INFO Ring 20 : 7 -> 0 -> 1
[36m(WorkerDict pid=3114866)[0m trial-302172199-trialrun-302172199-worker-0:3114866:3114866 [0] NCCL INFO Ring 21 : 7 -> 0 -> 1
[36m(WorkerDict pid=3114866)[0m trial-302172199-trialrun-302172199-worker-0:3114866:3114866 [0] NCCL INFO Ring 22 : 7 -> 0 -> 1
[36m(WorkerDict pid=3114866)[0m trial-302172199-trialrun-302172199-worker-0:3114866:3114866 [0] NCCL INFO Ring 23 : 7 -> 0 -> 1
[36m(WorkerDict pid=3114866)[0m trial-302172199-trialrun-302172199-worker-0:3114866:3114866 [0] NCCL INFO Ring 24 : 7 -> 0 -> 1
[36m(WorkerDict pid=3114866)[0m trial-302172199-trialrun-302172199-worker-0:3114866:3114866 [0] NCCL INFO Ring 25 : 7 -> 0 -> 1
[36m(WorkerDict pid=3114866)[0m trial-302172199-trialrun-302172199-worker-0:3114866:3114866 [0] NCCL INFO Ring 26 : 7 -> 0 -> 1
[36m(WorkerDict pid=3114866)[0m trial-302172199-trialrun-302172199-worker-0:3114866:3114866 [0] NCCL INFO Ring 27 : 7 -> 0 -> 1
[36m(WorkerDict pid=3114866)[0m trial-302172199-trialrun-302172199-worker-0:3114866:3114866 [0] NCCL INFO Ring 28 : 7 -> 0 -> 1
[36m(WorkerDict pid=3114866)[0m trial-302172199-trialrun-302172199-worker-0:3114866:3114866 [0] NCCL INFO Ring 29 : 7 -> 0 -> 1
[36m(WorkerDict pid=3114866)[0m trial-302172199-trialrun-302172199-worker-0:3114866:3114866 [0] NCCL INFO Ring 30 : 7 -> 0 -> 1
[36m(WorkerDict pid=3114866)[0m trial-302172199-trialrun-302172199-worker-0:3114866:3114866 [0] NCCL INFO Ring 31 : 7 -> 0 -> 1
[36m(WorkerDict pid=3114866)[0m trial-302172199-trialrun-302172199-worker-0:3114866:3114866 [0] NCCL INFO Trees [0] 1/-1/-1->0->-1 [1] 1/-1/-1->0->-1 [2] 1/-1/-1->0->-1 [3] 1/-1/-1->0->-1 [4] 1/-1/-1->0->-1 [5] 1/-1/-1->0->-1 [6] 1/-1/-1->0->-1 [7] 1/-1/-1->0->-1 [8] 1/-1/-1->0->-1 [9] 1/-1/-1->0->-1 [10] 1/-1/-1->0->-1 [11] 1/-1/-1->0->-1 [12] 1/-1/-1->0->-1 [13] 1/-1/-1->0->-1 [14] 1/-1/-1->0->-1 [15] 1/-1/-1->0->-1 [16] 1/-1/-1->0->-1 [17] 1/-1/-1->0->-1 [18] 1/-1/-1->0->-1 [19] 1/-1/-1->0->-1 [20] 1/-1/-1->0->-1 [21] 1/-1/-1->0->-1 [22] 1/-1/-1->0->-1 [23] 1/-1/-1->0->-1 [24] 1/-1/-1->0->-1 [25] 1/-1/-1->0->-1 [26] 1/-1/-1->0->-1 [27] 1/-1/-1->0->-1 [28] 1/-1/-1->0->-1 [29] 1/-1/-1->0->-1 [30] 1/-1/-1->0->-1 [31] 1/-1/-1->0->-1
[36m(WorkerDict pid=3114866)[0m trial-302172199-trialrun-302172199-worker-0:3114866:3114866 [0] NCCL INFO P2P Chunksize set to 524288
[36m(WorkerDict pid=3114866)[0m trial-302172199-trialrun-302172199-worker-0:3114866:3114866 [0] NCCL INFO PROFILER/Plugin: Could not find: libnccl-profiler.so
[36m(WorkerDict pid=3114866)[0m trial-302172199-trialrun-302172199-worker-0:3114866:3114866 [0] NCCL INFO Check P2P Type isAllDirectP2p 1 directMode 0 isAllCudaP2p 1
[36m(WorkerDict pid=3114866)[0m trial-302172199-trialrun-302172199-worker-0:3114866:3114866 [0] NCCL INFO ncclP2pSchedule: group size used is 8
[36m(WorkerDict pid=3114866)[0m trial-302172199-trialrun-302172199-worker-0:3114866:3130461 [0] NCCL INFO [Proxy Service UDS] Device 0 CPU core 58
[36m(WorkerDict pid=3114866)[0m trial-302172199-trialrun-302172199-worker-0:3114866:3130455 [0] NCCL INFO [Proxy Service] De
[36m(WorkerDict pid=3114874)[0m -89000 GPU/0-a8000 GPU/0-c0000 GPU/0-d8000
[36m(WorkerDict pid=3114871)[0m -89000 GPU/0-a8000 GPU/0-c0000 GPU/0-d8000
[36m(WorkerDict pid=3114870)[0m 0-89000 GPU/0-a8000 GPU/0-c0000 GPU/0-d8000
[36m(WorkerDict pid=3114870)[0m trial-302172199-trialrun-302172199-worker-0:3114870:3114870 [4]
[36m(WorkerDict pid=3114868)[0m trial-302172199-trialrun-302172199-worke
[36m(WorkerDict pid=3114869)[0m CCL INFO 15 : GPU/0-f000 GPU/0-2d000 GPU/0-44000 GPU/0-5b000 GPU/0-89000 GPU/0-a8000 GPU/0-c0000 GPU/0-d8000
[36m(WorkerDict pid=3114869)[0m trial-302172199-trialrun-302172199-worker-0:3114869:3114869 [2] NCCL I
[36m(WorkerDict pid=3114866)[0m vice 0 CPU core 51
[36m(WorkerDict pid=3114866)[0m trial-302172199-trialrun-302172199-worker-0:3114866:3114866 [0] NCCL INFO TUNER/Plugin: Could not find: libnccl-tuner.so
[36m(WorkerDict pid=3114866)[0m trial-302172199-trialrun-302172199-worker-0:3114866:3114866 [0] NCCL INFO threadThresholds 8/8/64 | 64/8/64 | 512 | 512
[36m(WorkerDict pid=3114866)[0m trial-302172199-trialrun-302172199-worker-0:3114866:3114866 [0] NCCL INFO 32 coll channels, 32 collnet channels, 24 nvls channels, 32 p2p channels, 32 p2p channels per peer
[36m(WorkerDict pid=3114866)[0m trial-302172199-trialrun-302172199-worker-0:3114866:3114866 [0] NCCL INFO CC Off, workFifoBytes 1048576
[36m(WorkerDict pid=3114866)[0m trial-302172199-trialrun-302172199-worker-0:3114866:3114866 [0] NCCL INFO ncclCommInitRankConfig comm 0x10820e70 rank 0 nranks 8 cudaDev 0 nvmlDev 0 busId f000 commId 0xb8c5c218c8aab7ce - Init COMPLETE
[36m(WorkerDict pid=3114866)[0m trial-302172199-trialrun-302172199-worker-0:3114866:3114866 [0] NCCL INFO Init timings - ncclCommInitRankConfig: rank 0 nranks 8 total 2.96 (kernels 0.29, alloc 0.57, bootstrap 0.30, allgathers 0.00, topo 1.35, graphs 0.03, connections 0.41, rest 0.00)
[36m(WorkerDict pid=3114866)[0m trial-302172199-trialrun-302172199-worker-0:3114866:3114866 [0] NCCL INFO Channel 00/0 : 0[0] -> 1[1] via P2P/CUMEM
[36m(WorkerDict pid=3114866)[0m trial-302172199-trialrun-302172199-worker-0:3114866:3114866 [0] NCCL INFO Channel 01/0 : 0[0] -> 1[1] via P2P/CUMEM
[36m(WorkerDict pid=3114866)[0m trial-302172199-trialrun-302172199-worker-0:3114866:3114866 [0] NCCL INFO Channel 02/0 : 0[0] -> 1[1] via P2P/CUMEM
[36m(WorkerDict pid=3114866)[0m trial-302172199-trialrun-302172199-worker-0:3114866:3114866 [0] NCCL INFO Channel 03/0 : 0[0] -> 1[1] via P2P/CUMEM
[36m(WorkerDict pid=3114866)[0m trial-302172199-trialrun-302172199-worker-0:3114866:3114866 [0] NCCL INFO Channel 04/0 : 0[0] -> 1[1] via P2P/CUMEM
[36m(WorkerDict pid=3114866)[0m trial-302172199-trialrun-302172199-worker-0:3114866:3114866 [0] NCCL INFO Channel 05/0 : 0[0] -> 1[1] via P2P/CUMEM
[36m(WorkerDict pid=3114866)[0m trial-302172199-trialrun-302172199-worker-0:3114866:3114866 [0] NCCL INFO Channel 06/0 : 0[0] -> 1[1] via P2P/CUMEM
[36m(WorkerDict pid=3114866)[0m trial-302172199-trialrun-302172199-worker-0:3114866:3114866 [0] NCCL INFO Channel 07/0 : 0[0] -> 1[1] via P2P/CUMEM
[36m(WorkerDict pid=3114866)[0m trial-302172199-trialrun-302172199-worker-0:3114866:3114866 [0] NCCL INFO Channel 08/0 : 0[0] -> 1[1] via P2P/CUMEM
[36m(WorkerDict pid=3114866)[0m trial-302172199-trialrun-302172199-worker-0:3114866:3114866 [0] NCCL INFO Channel 09/0 : 0[0] -> 1[1] via P2P/CUMEM
[36m(WorkerDict pid=3114866)[0m trial-302172199-trialrun-302172199-worker-0:3114866:3114866 [0] NCCL INFO Channel 10/0 : 0[0] -> 1[1] via P2P/CUMEM
[36m(WorkerDict pid=3114866)[0m trial-302172199-trialrun-302172199-worker-0:3114866:3114866 [0] NCCL INFO Channel 11/0 : 0[0] -> 1[1] via P2P/CUMEM
[36m(WorkerDict pid=3114866)[0m trial-302172199-trialrun-302172199-worker-0:3114866:3114866 [0] NCCL INFO Channel 12/0 : 0[0] -> 1[1] via P2P/CUMEM
[36m(WorkerDict pid=3114866)[0m trial-302172199-trialrun-302172199-worker-0:3114866:3114866 [0] NCCL INFO Channel 13/0 : 0[0] -> 1[1] via P2P/CUMEM
[36m(WorkerDict pid=3114866)[0m trial-302172199-trialrun-302172199-worker-0:3114866:3114866 [0] NCCL INFO Channel 14/0 : 0[0] -> 1[1] via P2P/CUMEM
[36m(WorkerDict pid=3114866)[0m trial-302172199-trialrun-302172199-worker-0:3114866:3114866 [0] NCCL INFO Channel 15/0 : 0[0] -> 1[1] via P2P/CUMEM
[36m(WorkerDict pid=3114866)[0m trial-302172199-trialrun-302172199-worker-0:3114866:3114866 [0] NCCL INFO Channel 16/0 : 0[0] -> 1[1] via P2P/CUMEM
[36m(WorkerDict pid=3114866)[0m trial-302172199-trialrun-302172199-worker-0:3114866:3114866 [0] NCCL INFO Channel 17/0 : 0[0] -> 1[1] via P2P/CUMEM
[36m(WorkerDict pid=3114866)[0m trial-302172199-trialrun-302172199-worker-0:3114866:3114866 [0] NCCL INFO Channel 18/0 : 0[0] -> 1[1] via P2P/CUMEM
[36m(WorkerDict pid=3114866)[0m trial-302172199-trialrun-302172199-worker-0:3114866:3114866 [0] NCCL INFO Channel 19/0 : 0[0] -> 1[1] via P2P/CUMEM
[36m(WorkerDict pid=3114866)[0m trial-302172199-trialrun-302172199-worker-0:3114866:3114866 [0] NCCL INFO Channel 20/0 : 0[0] -> 1[1] via P2P/CUMEM
[36m(WorkerDict pid=3114866)[0m trial-302172199-trialrun-302172199-worker-0:3114866:3114866 [0] NCCL INFO Channel 21/0 : 0[0] -> 1[1] via P2P/CUMEM
[36m(WorkerDict pid=3114866)[0m trial-302172199-trialrun-302172199-worker-0:3114866:3114866 [0] NCCL INFO Channel 22/0 : 0[0] -> 1[1] via P2P/CUMEM
[36m(WorkerDict pid=3114866)[0m trial-302172199-trialrun-302172199-worker-0:3114866:3114866 [0] NCCL INFO Channel 23/0 : 0[0] -> 1[1] via P2P/CUMEM
[36m(WorkerDict pid=3114866)[0m trial-302172199-trialrun-302172199-worker-0:3114866:3114866 [0] NCCL INFO Channel 24/0 : 0[0] -> 1[1] via P2P/CUMEM
[36m(WorkerDict pid=3114866)[0m trial-302172199-trialrun-302172199-worker-0:3114866:3114866 [0] NCCL INFO Channel 25/0 : 0[0] -> 1[1] via P2P/CUMEM
[36m(WorkerDict pid=3114866)[0m trial-302172199-trialrun-302172199-worker-0:3114866:3114866 [0] NCCL INFO Channel 26/0 :
[36m(WorkerDict pid=3114874)[0m CL INFO Ring 30 : 6 -> 7 -> 0
[36m(WorkerDict pid=3114874)[0m trial-302172199-trialrun-302172199-worker-0:3114874:3130459 [0] NCCL INFO [Proxy Service] Device 7 CPU core 73
[36m(WorkerDict pid=3114871)[0m trial-302172199-trialrun-302172199-worker-0:3114871:3114871 [5] NCCL INFO Channel 14/0 : 5[5] ->
[36m(WorkerDict pid=3114868)[0m trial-3021721
[36m(WorkerDict pid=3114869)[0m NFO Ring 30 : 1 -> 2 -> 3
[36m(WorkerDict pid=3114866)[0m Actor use_remove_padding=True
[36m(WorkerDict pid=3114866)[0m Actor use_fused_kernels=True
[36m(WorkerDict pid=3114865)[0m Monkey patch _flash_attention_forward in transformers.integrations.flash_attention[32m [repeated 7x across cluster][0m
[36m(WorkerDict pid=3114865)[0m Using Triton backend for fused kernels in Qwen2ForCausalLM[32m [repeated 7x across cluster][0m
[36m(WorkerDict pid=3114865)[0m trial-302172199-trialrun-302172199-worker-0:3114865:3114865 [3] NCCL INFO ENV/Plugin: Could not find: libnccl-env.so[32m [repeated 7x across cluster][0m
[36m(WorkerDict pid=3114865)[0m trial-302172199-trialrun-302172199-worker-0:3114865:3114865 [3] NCCL INFO NCCL_SOCKET_FAMILY set by environment to AF_INET6[32m [repeated 14x across cluster][0m
[36m(WorkerDict pid=3114865)[0m trial-302172199-trialrun-302172199-worker-0:3114865:3114865 [3] NCCL INFO NCCL_SOCKET_IFNAME set by environment to =eth0[32m [repeated 14x across cluster][0m
[36m(WorkerDict pid=3114865)[0m trial-302172199-trialrun-302172199-worker-0:3114865:3114865 [3] NCCL INFO cudaDriverVersion 13000[32m [repeated 7x across cluster][0m
[36m(WorkerDict pid=3114865)[0m trial-302172199-trialrun-302172199-worker-0:3114865:3114865 [3] NCCL INFO NCCL version 2.28.9+cuda13.0[32m [repeated 7x across cluster][0m
[36m(WorkerDict pid=3114865)[0m trial-302172199-trialrun-302172199-worker-0:3114865:3114865 [3] NCCL INFO Comm config Blocking set to 1[32m [repeated 7x across cluster][0m
[36m(WorkerDict pid=3114865)[0m trial-302172199-trialrun-302172199-worker-0:3114865:3114865 [3] NCCL INFO NCCL_NET_PLUGIN set by environment to none[32m [repeated 7x across cluster][0m
[36m(WorkerDict pid=3114865)[0m trial-302172199-trialrun-302172199-worker-0:3114865:3114865 [3] NCCL INFO NET/Socket : Using [0]eth0:fdbd:dc61:ff:f000:ffff:ffff:0:16<0>[32m [repeated 7x across cluster][0m
[36m(WorkerDict pid=3114865)[0m trial-302172199-trialrun-302172199-worker-0:3114865:3114865 [3] NCCL INFO Initialized NET plugin Socket[32m [repeated 7x across cluster][0m
[36m(WorkerDict pid=3114865)[0m trial-302172199-trialrun-302172199-worker-0:3114865:3114865 [3] NCCL INFO Assigned NET plugin Socket to comm[32m [repeated 7x across cluster][0m
[36m(WorkerDict pid=3114865)[0m trial-302172199-trialrun-302172199-worker-0:3114865:3114865 [3] NCCL INFO Using network Socket[32m [repeated 7x across cluster][0m
[36m(WorkerDict pid=3114865)[0m trial-302172199-trialrun-302172199-worker-0:3114865:3114865 [3] NCCL INFO ncclCommInitRankConfig comm 0xfe08230 rank 3 nranks 8 cudaDev 3 nvmlDev 3 busId 5b000 commId 0xb8c5c218c8aab7ce - Init START[32m [repeated 7x across cluster][0m
[36m(WorkerDict pid=3114865)[0m trial-302172199-trialrun-302172199-worker-0:3114865:3114865 [3] NCCL INFO RAS client listening socket at ::1<28028>[32m [repeated 7x across cluster][0m
[36m(WorkerDict pid=3114865)[0m trial-302172199-trialrun-302172199-worker-0:3114865:3114865 [3] NCCL INFO MNNVL busId 0x5b000 fabric UUID 0.0 cliqueId 0x0 state 3 healthMask 0x80[32m [repeated 7x across cluster][0m
[36m(WorkerDict pid=3114865)[0m trial-302172199-trialrun-302172199-worker-0:3114865:3114865 [3] NCCL INFO Could not find real path of /sys/class/pci_bus/fffffff/../../fffffff:ff:f[32m [repeated 7x across cluster][0m
[36m(WorkerDict pid=3114865)[0m trial-302172199-trialrun-302172199-worker-0:3114865:3114865 [3] NCCL INFO TOPO/NET : Importing network plugins to topology[32m [repeated 7x across cluster][0m
[36m(WorkerDict pid=3114865)[0m trial-302172199-trialrun-302172199-worker-0:3114865:3114865 [3] NCCL INFO ncclTopoPopulateNics : Filled eth0 in topo with pciPath=(null) keep=1 coll=(null)[32m [repeated 7x across cluster][0m
[36m(WorkerDict pid=3114865)[0m trial-302172199-trialrun-302172199-worker-0:3114865:3114865 [3] NCCL INFO === System : maxBw 721.8 totalBw 721.8 ===[32m [repeated 7x across cluster][0m
[36m(WorkerDict pid=3114865)[0m trial-302172199-trialrun-302172199-worker-0:3114865:3114865 [3] NCCL INFO NET/0-0 :GPU/0-f000 (4/1.2/PHB) GPU/0-2d000 (4/1.2/PHB) GPU/0-44000 (4/1.2/PHB) GPU/0-5b000 (4/1.2/PHB) GPU/0-89000 (5/1.2/SYS) GPU/0-a8000 (5/1.2/SYS) GPU/0-c0000 (5/1.2/SYS) GPU/0-d8000 (5/1.2/SYS) CPU/0-0 (2/1.2/PHB) CPU/0-1 (3/1.2/SYS) NET/0-0 (0/5000.0/LOC) NET/0-0 (0/0.0/DIS) [32m [repeated 84x across cluster][0m
[36m(WorkerDict pid=3114865)[0m trial-302172199-trialrun-302172199-worker-0:3114865:3114865 [3] NCCL INFO + SYS[40.0] - CPU/0-0[32m [repeated 203x across cluster][0m
[36m(WorkerDict pid=3114865)[0m trial-302172199-trialrun-302172199-worker-0:3114865:3114865 [3] NCCL INFO ==========================================[32m [repeated 7x across cluster][0m
[36m(WorkerDict pid=3114865)[0m trial-302172199-trialrun-302172199-worker-0:3114865:3114865 [3] NCCL INFO ncclTopoGetCpuAffinity: Affinity for GPU 3 is 0-62,128-190. (GPU affinity = 0-63,128-191 ; CPU affinity = 0-62,64-126,128-190,192-254).[32m [repeated 7x across cluster][0m
[36m(WorkerDict pid=3114865)[0m trial-302172199-trialrun-302172199-worker-0:3114865:3114865 [3] NCCL INFO NCCL_NVLS_ENABLE set by environment to 1.[32m [repeated 7x across cluster][0m
[36m(WorkerDict pid=3114865)[0m trial-302172199-trialrun-302172199-worker-0:3114865:3114865 [3] NCCL INFO NVLS multicast support is available on dev 3 (NVLS_NCHANNELS 24)[32m [repeated 7x across cluster][0m
[36m(WorkerDict pid=3114865)[0m trial-302172199-trialrun-302172199-worker-0:3114865:3114865 [3] NCCL INFO Pattern 5, crossNic 0, nChannels 8, bw 80.000000/90.000000, type NVL/PIX, sameChannels 0[32m [repeated 23x across cluster][0m
[36m(WorkerDict pid=3114865)[0m trial-302172199-trialrun-302172199-worker-0:3114865:3114865 [3] NCCL INFO  7 : GPU/0-d8000[32m [repeated 307x across cluster][0m
[36m(WorkerDict pid=3114873)[0m trial-302172199-trialrun-302172199-worker-0:3114873:3114873 [6] NC[32m [repeated 3x across cluster][0m
[36m(WorkerDict pid=3114874)[0m trial-302172199-trialrun-302172199-worker-0:3114874:3114874 [7] N[32m [repeated 2x across cluster][0m
[36m(WorkerDict pid=3114865)[0m trial-302172199-trialrun-302172199-worker-0:3114865:3114865 [3] NCCL INFO comm 0xfe08230 rank 3 nRanks 8 nNodes 1 localRanks 8 localRank 3 MNNVL 0[32m [repeated 7x across cluster][0m
[36m(WorkerDict pid=3114868)[0m trial-302172199-trialrun-302172199-worker-0:3114868:3114868 [1] NCCL INFO Tree 31 : 0 -> 1 -> 2/-1/-1[32m [repeated 32x across cluster][0m
[36m(WorkerDict pid=3114870)[0m trial-302172199-trialrun-302172199-worker-0:3114870:3114870 [4] NCCL INFO Channel 14/0 : 4[4]
[36m(WorkerDict pid=3114865)[0m trial-302172199-trialrun-302172199-worker-0:3114865:3114865 [3] NCCL INFO Ring 31 : 2 -> 3 -> 4[32m [repeated 219x across cluster][0m
[36m(WorkerDict pid=3114865)[0m trial-302172199-trialrun-302172199-worker-0:3114865:3114865 [3] NCCL INFO Trees [0] 4/-1/-1->3->2 [1] 4/-1/-1->3->2 [2] 4/-1/-1->3->2 [3] 4/-1/-1->3->2 [4] 4/-1/-1->3->2 [5] 4/-1/-1->3->2 [6] 4/-1/-1->3->2 [7] 4/-1/-1->3->2 [8] 4/-1/-1->3->2 [9] 4/-1/-1->3->2 [10] 4/-1/-1->3->2 [11] 4/-1/-1->3->2 [12] 4/-1/-1->3->2 [13] 4/-1/-1->3->2 [14] 4/-1/-1->3->2 [15] 4/-1/-1->3->2 [16] 4/-1/-1->3->2 [17] 4/-1/-1->3->2 [18] 4/-1/-1->3->2 [19] 4/-1/-1->3->2 [20] 4/-1/-1->3->2 [21] 4/-1/-1->3->2 [22] 4/-1/-1->3->2 [23] 4/-1/-1->3->2 [24] 4/-1/-1->3->2 [25] 4/-1/-1->3->2 [26] 4/-1/-1->3->2 [27] 4/-1/-1->3->2 [28] 4/-1/-1->3->2 [29] 4/-1/-1->3->2 [30] 4/-1/-1->3->2 [31] 4/-1/-1->3->2[32m [repeated 7x across cluster][0m
[36m(WorkerDict pid=3114865)[0m trial-302172199-trialrun-302172199-worker-0:3114865:3114865 [3] NCCL INFO P2P Chunksize set to 524288[32m [repeated 7x across cluster][0m
[36m(WorkerDict pid=3114865)[0m trial-302172199-trialrun-302172199-worker-0:3114865:3114865 [3] NCCL INFO PROFILER/Plugin: Could not find: libnccl-profiler.so[32m [repeated 7x across cluster][0m
[36m(WorkerDict pid=3114865)[0m trial-302172199-trialrun-302172199-worker-0:3114865:3114865 [3] NCCL INFO Check P2P Type isAllDirectP2p 1 directMode 0 isAllCudaP2p 1[32m [repeated 7x across cluster][0m
[36m(WorkerDict pid=3114865)[0m trial-302172199-trialrun-302172199-worker-0:3114865:3114865 [3] NCCL INFO ncclP2pSchedule: group size used is 8[32m [repeated 7x across cluster][0m
[36m(WorkerDict pid=3114865)[0m trial-302172199-trialrun-302172199-worker-0:3114865:3130458 [0] NCCL INFO [Proxy Service UDS] Device 3 CPU core 182[32m [repeated 7x across cluster][0m
[36m(WorkerDict pid=3114865)[0m CCL INFO 15 : GPU/0-f000 GPU/0-2d000 GPU/0-44000 GPU/0-5b000 GPU/0-89000 GPU/0-a8000 GPU/0-c0000 GPU/0-d8000
[36m(WorkerDict pid=3114865)[0m trial-302172199-trialrun-302172199-worker-0:3114865:3114865 [3] NCCL I
[36m(WorkerDict pid=3114866)[0m Model config after override: Qwen2Config {
[36m(WorkerDict pid=3114866)[0m   "architectures": [
[36m(WorkerDict pid=3114866)[0m     "Qwen2ForCausalLM"
[36m(WorkerDict pid=3114866)[0m   ],
[36m(WorkerDict pid=3114866)[0m   "attention_dropout": 0.0,
[36m(WorkerDict pid=3114866)[0m   "bos_token_id": null,
[36m(WorkerDict pid=3114866)[0m   "dtype": "bfloat16",
[36m(WorkerDict pid=3114866)[0m   "eos_token_id": 151643,
[36m(WorkerDict pid=3114866)[0m   "hidden_act": "silu",
[36m(WorkerDict pid=3114866)[0m   "hidden_size": 3584,
[36m(WorkerDict pid=3114866)[0m   "initializer_range": 0.02,
[36m(WorkerDict pid=3114866)[0m   "intermediate_size": 18944,
[36m(WorkerDict pid=3114866)[0m   "layer_types": [
[36m(WorkerDict pid=3114866)[0m     "full_attention",
[36m(WorkerDict pid=3114866)[0m     "full_attention",
[36m(WorkerDict pid=3114866)[0m     "full_attention",
[36m(WorkerDict pid=3114866)[0m     "full_attention",
[36m(WorkerDict pid=3114866)[0m     "full_attention",
[36m(WorkerDict pid=3114866)[0m     "full_attention",
[36m(WorkerDict pid=3114866)[0m     "full_attention",
[36m(WorkerDict pid=3114866)[0m     "full_attention",
[36m(WorkerDict pid=3114866)[0m     "full_attention",
[36m(WorkerDict pid=3114866)[0m     "full_attention",
[36m(WorkerDict pid=3114866)[0m     "full_attention",
[36m(WorkerDict pid=3114866)[0m     "full_attention",
[36m(WorkerDict pid=3114866)[0m     "full_attention",
[36m(WorkerDict pid=3114866)[0m     "full_attention",
[36m(WorkerDict pid=3114866)[0m     "full_attention",
[36m(WorkerDict pid=3114866)[0m     "full_attention",
[36m(WorkerDict pid=3114866)[0m     "full_attention",
[36m(WorkerDict pid=3114866)[0m     "full_attention",
[36m(WorkerDict pid=3114866)[0m     "full_attention",
[36m(WorkerDict pid=3114866)[0m     "full_attention",
[36m(WorkerDict pid=3114874)[0m WARNING:2026-08-01 21:28:23,182:Initializing torch.distributed: rank=7 world_size=8 init_method=tcp://[fdbd:dc61:ff:f000:ffff:ffff:0:16]:55133 master=fdbd:dc61:ff:f000:ffff:ffff:0:16:55133[32m [repeated 7x across cluster][0m
[36m(WorkerDict pid=3114868)[0m [W801 21:28:23.406388559 ProcessGroupNCCL.cpp:932] Warning: TORCH_NCCL_AVOID_RECORD_STREAMS is the default now, this environment variable is thus deprecated. (function operator())[32m [repeated 7x across cluster][0m
[36m(WorkerDict pid=3114866)[0m Loading weights:   0%|          | 0/339 [00:00<?, ?it/s][32m [repeated 3x across cluster][0m
[36m(WorkerDict pid=3114868)[0m Loading weights: 100%|██████████| 339/339 [00:00<00:00, 11878.90it/s][32m [repeated 2x across cluster][0m
[36m(WorkerDict pid=3114874)[0m Loading weights:   0%|          | 0/339 [00:00<?, ?it/s]Loading weights: 100%|██████████| 339/339 [00:00<00:00, 11950.29it/s][32m [repeated 4x across cluster][0m
[36m(WorkerDict pid=3114866)[0m Loading weights:   0%|          | 1/339 [00:01<06:10,  1.10s/it]
[36m(WorkerDict pid=3114873)[0m Loading weights:  31%|███       | 104/339 [00:02<00:02, 81.41it/s]Loading weights:  34%|███▎      | 114/339 [00:02<00:02, 85.32it/s]
[36m(WorkerDict pid=3114869)[0m Loading weights:  97%|█████████▋| 329/339 [00:04<00:00, 89.09it/s]Loading weights: 100%|██████████| 339/339 [00:04<00:00, 73.89it/s]
[36m(WorkerDict pid=3114874)[0m Loading weights:   0%|          | 0/339 [00:00<?, ?it/s][32m [repeated 7x across cluster][0m
[36m(WorkerDict pid=3114868)[0m Loading weights: 100%|██████████| 339/339 [00:04<00:00, 72.86it/s][32m [repeated 10x across cluster][0m
[36m(WorkerDict pid=3114866)[0m WARNING:2026-08-01 21:28:50,481:Dropping unsupported vLLM engine kwargs for this version: ['disable_mm_preprocessor_cache']
[36m(WorkerDict pid=3114874)[0m Loading weights:  90%|█████████ | 306/339 [00:05<00:00, 67.77it/s][32m [repeated 206x across cluster][0m
[36m(WorkerDict pid=3114874)[0m Loading weights: 100%|██████████| 339/339 [00:05<00:00, 62.84it/s][32m [repeated 12x across cluster][0m
[36m(WorkerDict pid=3114866)[0m /mlx_devbox/users/quyanyi/playground/.venvs/ttrl_b200/lib/python3.11/site-packages/nvidia_cutlass_dsl/python_packages/cutlass/cute/core.py:5791: DeprecationWarning: Use explicit `struct.scalar.ptr` for pointer instead.
[36m(WorkerDict pid=3114866)[0m   warnings.warn(
[36m(WorkerDict pid=3114866)[0m /mlx_devbox/users/quyanyi/playground/.venvs/ttrl_b200/lib/python3.11/site-packages/nvidia_cutlass_dsl/python_packages/cutlass/cute/core.py:5791: DeprecationWarning: Use explicit `struct.scalar.ptr` for pointer instead.
[36m(WorkerDict pid=3114866)[0m   warnings.warn(
[36m(WorkerDict pid=3114866)[0m /mlx_devbox/users/quyanyi/playground/.venvs/ttrl_b200/lib/python3.11/site-packages/nvidia_cutlass_dsl/python_packages/cutlass/cute/core.py:5791: DeprecationWarning: Use explicit `struct.scalar.ptr` for pointer instead.
[36m(WorkerDict pid=3114866)[0m   warnings.warn(
[36m(WorkerDict pid=3114874)[0m WARNING:2026-08-01 21:28:50,480:Dropping unsupported vLLM engine kwargs for this version: ['disable_mm_preprocessor_cache'][32m [repeated 7x across cluster][0m
[36m(WorkerDict pid=3114866)[0m 2026-08-01 21:29:20,614 - INFO - autotuner.py:622 - flashinfer.jit: [Autotuner]: Autotuning process starts ...
[36m(WorkerDict pid=3114866)[0m 2026-08-01 21:29:20,635 - INFO - autotuner.py:641 - flashinfer.jit: [Autotuner]: Autotuning process ends
[36m(WorkerDict pid=3114870)[0m /mlx_devbox/users/quyanyi/playground/.venvs/ttrl_b200/lib/python3.11/site-packages/nvidia_cutlass_dsl/python_packages/cutlass/cute/core.py:5791: DeprecationWarning: Use explicit `struct.scalar.ptr` for pointer instead.[32m [repeated 101x across cluster][0m
[36m(WorkerDict pid=3114870)[0m   warnings.warn([32m [repeated 101x across cluster][0m
[36m(WorkerDict pid=3114866)[0m Capturing CUDA graphs (mixed prefill-decode, PIECEWISE):   0%|          | 0/51 [00:00<?, ?it/s]
[36m(WorkerDict pid=3114866)[0m Capturing CUDA graphs (mixed prefill-decode, PIECEWISE):   6%|▌         | 3/51 [00:00<00:01, 28.67it/s]
[36m(WorkerDict pid=3114866)[0m Capturing CUDA graphs (mixed prefill-decode, PIECEWISE):  14%|█▎        | 7/51 [00:00<00:01, 31.91it/s]
[36m(WorkerDict pid=3114866)[0m Capturing CUDA graphs (mixed prefill-decode, PIECEWISE):  22%|██▏       | 11/51 [00:00<00:01, 32.21it/s]
[36m(WorkerDict pid=3114866)[0m Capturing CUDA graphs (mixed prefill-decode, PIECEWISE):  29%|██▉       | 15/51 [00:00<00:01, 32.22it/s]
[36m(WorkerDict pid=3114866)[0m Capturing CUDA graphs (mixed prefill-decode, PIECEWISE):  37%|███▋      | 19/51 [00:00<00:01, 30.77it/s]
[36m(WorkerDict pid=3114866)[0m Capturing CUDA graphs (mixed prefill-decode, PIECEWISE):  45%|████▌     | 23/51 [00:00<00:00, 31.11it/s]
[36m(WorkerDict pid=3114866)[0m Capturing CUDA graphs (mixed prefill-decode, PIECEWISE):  53%|█████▎    | 27/51 [00:00<00:00, 28.62it/s]
[36m(WorkerDict pid=3114866)[0m Capturing CUDA graphs (mixed prefill-decode, PIECEWISE):  59%|█████▉    | 30/51 [00:00<00:00, 28.95it/s]
[36m(WorkerDict pid=3114866)[0m Capturing CUDA graphs (mixed prefill-decode, PIECEWISE):  65%|██████▍   | 33/51 [00:01<00:00, 28.43it/s]
[36m(WorkerDict pid=3114866)[0m Capturing CUDA graphs (mixed prefill-decode, PIECEWISE):  71%|███████   | 36/51 [00:01<00:00, 27.97it/s]
[36m(WorkerDict pid=3114866)[0m Capturing CUDA graphs (mixed prefill-decode, PIECEWISE):  76%|███████▋  | 39/51 [00:01<00:00, 27.97it/s]
[36m(WorkerDict pid=3114866)[0m Capturing CUDA graphs (mixed prefill-decode, PIECEWISE):  82%|████████▏ | 42/51 [00:01<00:00, 28.14it/s]
[36m(WorkerDict pid=3114866)[0m Capturing CUDA graphs (mixed prefill-decode, PIECEWISE):  88%|████████▊ | 45/51 [00:01<00:00, 28.36it/s]
[36m(WorkerDict pid=3114866)[0m Capturing CUDA graphs (mixed prefill-decode, PIECEWISE):  94%|█████████▍| 48/51 [00:01<00:00, 28.25it/s]
[36m(WorkerDict pid=3114866)[0m Capturing CUDA graphs (mixed prefill-decode, PIECEWISE): 100%|██████████| 51/51 [00:01<00:00, 27.25it/s]Capturing CUDA graphs (mixed prefill-decode, PIECEWISE): 100%|██████████| 51/51 [00:01<00:00, 28.92it/s]
[36m(WorkerDict pid=3114866)[0m Capturing CUDA graphs (decode, FULL):   0%|          | 0/51 [00:00<?, ?it/s]
[36m(WorkerDict pid=3114866)[0m Capturing CUDA graphs (decode, FULL):   6%|▌         | 3/51 [00:00<00:01, 29.48it/s]
[36m(WorkerDict pid=3114866)[0m Capturing CUDA graphs (decode, FULL):  14%|█▎        | 7/51 [00:00<00:01, 34.92it/s]
[36m(WorkerDict pid=3114866)[0m Capturing CUDA graphs (decode, FULL):  22%|██▏       | 11/51 [00:00<00:01, 37.00it/s]
[36m(WorkerDict pid=3114866)[0m Capturing CUDA graphs (decode, FULL):  29%|██▉       | 15/51 [00:00<00:00, 37.79it/s]Capturing CUDA graphs (decode, FULL):  37%|███▋      | 19/51 [00:00<00:00, 38.26it/s]
[36m(WorkerDict pid=3114866)[0m Capturing CUDA graphs (decode, FULL):  45%|████▌     | 23/51 [00:00<00:00, 38.65it/s]
[36m(WorkerDict pid=3114866)[0m Capturing CUDA graphs (decode, FULL):  53%|█████▎    | 27/51 [00:00<00:00, 38.75it/s]
[36m(WorkerDict pid=3114866)[0m Capturing CUDA graphs (decode, FULL):  61%|██████    | 31/51 [00:00<00:00, 38.76it/s]
[36m(WorkerDict pid=3114866)[0m Capturing CUDA graphs (decode, FULL):  69%|██████▊   | 35/51 [00:00<00:00, 38.07it/s]
[36m(WorkerDict pid=3114866)[0m Capturing CUDA graphs (decode, FULL):  76%|███████▋  | 39/51 [00:01<00:00, 38.34it/s]
[36m(WorkerDict pid=3114866)[0m Capturing CUDA graphs (decode, FULL):  84%|████████▍ | 43/51 [00:01<00:00, 38.45it/s]
[36m(WorkerDict pid=3114874)[0m 2026-08-01 21:29:20,614 - INFO - autotuner.py:622 - flashinfer.jit: [Autotuner]: Autotuning process starts ...[32m [repeated 7x across cluster][0m
[36m(WorkerDict pid=3114874)[0m 2026-08-01 21:29:20,635 - INFO - autotuner.py:641 - flashinfer.jit: [Autotuner]: Autotuning process ends[32m [repeated 7x across cluster][0m
[36m(WorkerDict pid=3114869)[0m /mlx_devbox/users/quyanyi/playground/.venvs/ttrl_b200/lib/python3.11/site-packages/nvidia_cutlass_dsl/python_packages/cutlass/cute/core.py:5791: DeprecationWarning: Use explicit `struct.scalar.ptr` for pointer instead.
[36m(WorkerDict pid=3114869)[0m   warnings.warn(
[36m(WorkerDict pid=3114866)[0m /mlx_devbox/users/quyanyi/playground/.venvs/ttrl_b200/lib/python3.11/site-packages/nvidia_cutlass_dsl/python_packages/cutlass/cute/core.py:5791: DeprecationWarning: Use explicit `struct.scalar.ptr` for pointer instead.
[36m(WorkerDict pid=3114866)[0m   warnings.warn(
[36m(WorkerDict pid=3114866)[0m /mlx_devbox/users/quyanyi/playground/.venvs/ttrl_b200/lib/python3.11/site-packages/nvidia_cutlass_dsl/python_packages/cutlass/cute/core.py:5791: DeprecationWarning: Use explicit `struct.scalar.ptr` for pointer instead.
[36m(WorkerDict pid=3114866)[0m   warnings.warn(
[36m(WorkerDict pid=3114866)[0m /mlx_devbox/users/quyanyi/playground/.venvs/ttrl_b200/lib/python3.11/site-packages/nvidia_cutlass_dsl/python_packages/cutlass/cute/core.py:5791: DeprecationWarning: Use explicit `struct.scalar.ptr` for pointer instead.
[36m(WorkerDict pid=3114866)[0m   warnings.warn(
[36m(WorkerDict pid=3114866)[0m Capturing CUDA graphs (decode, FULL):  84%|████████▍ | 43/51 [00:11<00:00, 38.45it/s]
[36m(WorkerDict pid=3114868)[0m /mlx_devbox/users/quyanyi/playground/.venvs/ttrl_b200/lib/python3.11/site-packages/nvidia_cutlass_dsl/python_packages/cutlass/cute/core.py:5791: DeprecationWarning: Use explicit `struct.scalar.ptr` for pointer instead.[32m [repeated 100x across cluster][0m
[36m(WorkerDict pid=3114868)[0m   warnings.warn([32m [repeated 100x across cluster][0m
[36m(WorkerDict pid=3114866)[0m Capturing CUDA graphs (decode, FULL):  92%|█████████▏| 47/51 [00:12<00:03,  1.15it/s]
[36m(WorkerDict pid=3114866)[0m Capturing CUDA graphs (decode, FULL): 100%|██████████| 51/51 [00:12<00:00,  1.63it/s]Capturing CUDA graphs (decode, FULL): 100%|██████████| 51/51 [00:12<00:00,  4.12it/s]
[36m(WorkerDict pid=3114869)[0m /mlx_devbox/users/quyanyi/playground/TTRL/verl/verl/workers/sharding_manager/fsdp_vllm.py:97: FutureWarning: FSDP.state_dict_type() and FSDP.set_state_dict_type() are being deprecated. Please use APIs, get_state_dict() and set_state_dict(), which can support different parallelisms, FSDP1, FSDP2, DDP. API doc: https://pytorch.org/docs/stable/distributed.checkpoint.html#torch.distributed.checkpoint.state_dict.get_state_dict .Tutorial: https://pytorch.org/tutorials/recipes/distributed_checkpoint_recipe.html .
[36m(WorkerDict pid=3114869)[0m   FSDP.set_state_dict_type(
[36m(TaskRunner pid=3114864)[0m Training Progress:   0%|          | 0/1 [00:00<?, ?it/s]
[36m(WorkerDict pid=3114870)[0m /mlx_devbox/users/quyanyi/playground/.venvs/ttrl_b200/lib/python3.11/site-packages/nvidia_cutlass_dsl/python_packages/cutlass/cute/core.py:5791: DeprecationWarning: Use explicit `struct.scalar.ptr` for pointer instead.[32m [repeated 3x across cluster][0m
[36m(WorkerDict pid=3114870)[0m   warnings.warn([32m [repeated 3x across cluster][0m
[36m(WorkerDict pid=3114870)[0m /mlx_devbox/users/quyanyi/playground/TTRL/verl/verl/workers/sharding_manager/fsdp_vllm.py:97: FutureWarning: FSDP.state_dict_type() and FSDP.set_state_dict_type() are being deprecated. Please use APIs, get_state_dict() and set_state_dict(), which can support different parallelisms, FSDP1, FSDP2, DDP. API doc: https://pytorch.org/docs/stable/distributed.checkpoint.html#torch.distributed.checkpoint.state_dict.get_state_dict .Tutorial: https://pytorch.org/tutorials/recipes/distributed_checkpoint_recipe.html .[32m [repeated 7x across cluster][0m
[36m(WorkerDict pid=3114870)[0m   FSDP.set_state_dict_type([32m [repeated 7x across cluster][0m
[36m(TaskRunner pid=3114864)[0m <string>:1: SymPyDeprecationWarning:
[36m(TaskRunner pid=3114864)[0m
[36m(TaskRunner pid=3114864)[0m Using non-Expr arguments in Pow is deprecated (in this case, one of the
[36m(TaskRunner pid=3114864)[0m arguments is of type 'FiniteSet').
[36m(TaskRunner pid=3114864)[0m
[36m(TaskRunner pid=3114864)[0m If you really did intend to construct a power with this base, use the **
[36m(TaskRunner pid=3114864)[0m operator instead.
[36m(TaskRunner pid=3114864)[0m
[36m(TaskRunner pid=3114864)[0m See https://docs.sympy.org/latest/explanation/active-deprecations.html#non-expr-args-deprecated
[36m(TaskRunner pid=3114864)[0m for details.
[36m(TaskRunner pid=3114864)[0m
[36m(TaskRunner pid=3114864)[0m This has been deprecated since SymPy version 1.7. It
[36m(TaskRunner pid=3114864)[0m will be removed in a future version of SymPy.
[36m(TaskRunner pid=3114864)[0m
[36m(TaskRunner pid=3114864)[0m /mlx_devbox/users/quyanyi/playground/.venvs/ttrl_b200/lib/python3.11/site-packages/sympy/core/basic.py:1949: SymPyDeprecationWarning:
[36m(TaskRunner pid=3114864)[0m
[36m(TaskRunner pid=3114864)[0m Using non-Expr arguments in Pow is deprecated (in this case, one of the
[36m(TaskRunner pid=3114864)[0m arguments is of type 'FiniteSet').
[36m(TaskRunner pid=3114864)[0m
[36m(TaskRunner pid=3114864)[0m If you really did intend to construct a power with this base, use the **
[36m(TaskRunner pid=3114864)[0m operator instead.
[36m(TaskRunner pid=3114864)[0m
[36m(TaskRunner pid=3114864)[0m See https://docs.sympy.org/latest/explanation/active-deprecations.html#non-expr-args-deprecated
[36m(TaskRunner pid=3114864)[0m for details.
[36m(TaskRunner pid=3114864)[0m
[36m(TaskRunner pid=3114864)[0m This has been deprecated since SymPy version 1.7. It
[36m(TaskRunner pid=3114864)[0m will be removed in a future version of SymPy.
[36m(TaskRunner pid=3114864)[0m
[36m(TaskRunner pid=3114864)[0m   return self.func(*terms)
[36m(WorkerDict pid=3114866)[0m /mlx_devbox/users/quyanyi/playground/.venvs/ttrl_b200/lib/python3.11/site-packages/nvidia_cutlass_dsl/python_packages/cutlass/cute/core.py:5791: DeprecationWarning: Use explicit `struct.scalar.ptr` for pointer instead.[32m [repeated 101x across cluster][0m
[36m(WorkerDict pid=3114866)[0m   warnings.warn([32m [repeated 101x across cluster][0m
[36m(TaskRunner pid=3114864)[0m <string>:1: SymPyDeprecationWarning:
[36m(TaskRunner pid=3114864)[0m
[36m(TaskRunner pid=3114864)[0m Using non-Expr arguments in Pow is deprecated (in this case, one of the
[36m(TaskRunner pid=3114864)[0m arguments is of type 'FiniteSet').
[36m(TaskRunner pid=3114864)[0m
[36m(TaskRunner pid=3114864)[0m If you really did intend to construct a power with this base, use the **
[36m(TaskRunner pid=3114864)[0m operator instead.
[36m(TaskRunner pid=3114864)[0m
[36m(TaskRunner pid=3114864)[0m See https://docs.sympy.org/latest/explanation/active-deprecations.html#non-expr-args-deprecated
[36m(TaskRunner pid=3114864)[0m for details.
[36m(TaskRunner pid=3114864)[0m
[36m(TaskRunner pid=3114864)[0m This has been deprecated since SymPy version 1.7. It
[36m(TaskRunner pid=3114864)[0m will be removed in a future version of SymPy.
[36m(TaskRunner pid=3114864)[0m
[36m(TaskRunner pid=3114864)[0m /mlx_devbox/users/quyanyi/playground/.venvs/ttrl_b200/lib/python3.11/site-packages/sympy/core/power.py:1257: SymPyDeprecationWarning:
[36m(TaskRunner pid=3114864)[0m
[36m(TaskRunner pid=3114864)[0m Using non-Expr arguments in Pow is deprecated (in this case, one of the
[36m(TaskRunner pid=3114864)[0m arguments is of type 'FiniteSet').
[36m(TaskRunner pid=3114864)[0m
[36m(TaskRunner pid=3114864)[0m If you really did intend to construct a power with this base, use the **
[36m(TaskRunner pid=3114864)[0m operator instead.
[36m(TaskRunner pid=3114864)[0m
[36m(TaskRunner pid=3114864)[0m See https://docs.sympy.org/latest/explanation/active-deprecations.html#non-expr-args-deprecated
[36m(TaskRunner pid=3114864)[0m for details.
[36m(TaskRunner pid=3114864)[0m
[36m(TaskRunner pid=3114864)[0m This has been deprecated since SymPy version 1.7. It
[36m(TaskRunner pid=3114864)[0m will be removed in a future version of SymPy.
[36m(TaskRunner pid=3114864)[0m
[36m(TaskRunner pid=3114864)[0m   p = self.func(*self.as_base_exp())  # in case it's unevaluated
[36m(TaskRunner pid=3114864)[0m WARNING:2026-08-01 21:30:23,775:Timeout during comparison
[36m(TaskRunner pid=3114864)[0m <string>:1: SymPyDeprecationWarning:
[36m(TaskRunner pid=3114864)[0m
[36m(TaskRunner pid=3114864)[0m Using non-Expr arguments in Pow is deprecated (in this case, one of the
[36m(TaskRunner pid=3114864)[0m arguments is of type 'FiniteSet').
[36m(TaskRunner pid=3114864)[0m
[36m(TaskRunner pid=3114864)[0m If you really did intend to construct a power with this base, use the **
[36m(TaskRunner pid=3114864)[0m operator instead.
[36m(TaskRunner pid=3114864)[0m
[36m(TaskRunner pid=3114864)[0m See https://docs.sympy.org/latest/explanation/active-deprecations.html#non-expr-args-deprecated
[36m(TaskRunner pid=3114864)[0m for details.
[36m(TaskRunner pid=3114864)[0m
[36m(TaskRunner pid=3114864)[0m This has been deprecated since SymPy version 1.7. It
[36m(TaskRunner pid=3114864)[0m will be removed in a future version of SymPy.
[36m(TaskRunner pid=3114864)[0m
[36m(TaskRunner pid=3114864)[0m /mlx_devbox/users/quyanyi/playground/.venvs/ttrl_b200/lib/python3.11/site-packages/sympy/core/power.py:1257: SymPyDeprecationWarning:
[36m(TaskRunner pid=3114864)[0m
[36m(TaskRunner pid=3114864)[0m Using non-Expr arguments in Pow is deprecated (in this case, one of the
[36m(TaskRunner pid=3114864)[0m arguments is of type 'FiniteSet').
[36m(TaskRunner pid=3114864)[0m
[36m(TaskRunner pid=3114864)[0m If you really did intend to construct a power with this base, use the **
[36m(TaskRunner pid=3114864)[0m operator instead.
[36m(TaskRunner pid=3114864)[0m
[36m(TaskRunner pid=3114864)[0m See https://docs.sympy.org/latest/explanation/active-deprecations.html#non-expr-args-deprecated
[36m(TaskRunner pid=3114864)[0m for details.
[36m(TaskRunner pid=3114864)[0m
[36m(TaskRunner pid=3114864)[0m This has been deprecated since SymPy version 1.7. It
[36m(TaskRunner pid=3114864)[0m will be removed in a future version of SymPy.
[36m(TaskRunner pid=3114864)[0m
[36m(TaskRunner pid=3114864)[0m   p = self.func(*self.as_base_exp())  # in case it's unevaluated
[36m(TaskRunner pid=3114864)[0m WARNING:2026-08-01 21:31:21,535:Timeout during comparison
[36m(TaskRunner pid=3114864)[0m WARNING:2026-08-01 21:31:25,194:Timeout during comparison
[36m(WorkerDict pid=3114866)[0m     "full_attention",
[36m(WorkerDict pid=3114866)[0m     "full_attention",
[36m(WorkerDict pid=3114866)[0m     "full_attention",
[36m(WorkerDict pid=3114866)[0m     "full_attention",
[36m(WorkerDict pid=3114866)[0m     "full_attention",
[36m(WorkerDict pid=3114866)[0m     "full_attention",
[36m(WorkerDict pid=3114866)[0m     "full_attention",
[36m(WorkerDict pid=3114866)[0m     "full_attention"
[36m(WorkerDict pid=3114866)[0m   ],
[36m(WorkerDict pid=3114866)[0m   "max_position_embeddings": 4096,
[36m(WorkerDict pid=3114866)[0m   "max_window_layers": 28,
[36m(WorkerDict pid=3114866)[0m   "model_type": "qwen2",
[36m(WorkerDict pid=3114866)[0m   "num_attention_heads": 28,
[36m(WorkerDict pid=3114866)[0m   "num_hidden_layers": 28,
[36m(WorkerDict pid=3114866)[0m   "num_key_value_heads": 4,
[36m(WorkerDict pid=3114866)[0m   "pad_token_id": 151643,
[36m(WorkerDict pid=3114866)[0m   "rms_norm_eps": 1e-06,
[36m(WorkerDict pid=3114866)[0m   "rope_parameters": {
[36m(WorkerDict pid=3114866)[0m     "rope_theta": 10000,
[36m(WorkerDict pid=3114866)[0m     "rope_type": "default"
[36m(WorkerDict pid=3114866)[0m   },
[36m(WorkerDict pid=3114866)[0m   "sliding_window": null,
[36m(WorkerDict pid=3114866)[0m   "tie_word_embeddings": false,
[36m(WorkerDict pid=3114866)[0m   "transformers_version": "5.12.1",
[36m(WorkerDict pid=3114866)[0m   "use_cache": true,
[36m(WorkerDict pid=3114866)[0m   "use_mrope": false,
[36m(WorkerDict pid=3114866)[0m   "use_sliding_window": false,
[36m(WorkerDict pid=3114866)[0m   "vocab_size": 152064
[36m(WorkerDict pid=3114866)[0m }
[36m(WorkerDict pid=3114866)[0m
[36m(WorkerDict pid=3114865)[0m trial-302172199-trialrun-302172199-worker-0:3114865:3114865 [3] NCCL INFO TUNER/Plugin: Could not find: libnccl-tuner.so[32m [repeated 7x across cluster][0m
[36m(WorkerDict pid=3114865)[0m trial-302172199-trialrun-302172199-worker-0:3114865:3114865 [3] NCCL INFO threadThresholds 8/8/64 | 64/8/64 | 512 | 512[32m [repeated 7x across cluster][0m
[36m(WorkerDict pid=3114865)[0m trial-302172199-trialrun-302172199-worker-0:3114865:3114865 [3] NCCL INFO 32 coll channels, 32 collnet channels, 24 nvls channels, 32 p2p channels, 32 p2p channels per peer[32m [repeated 7x across cluster][0m
[36m(WorkerDict pid=3114865)[0m trial-302172199-trialrun-302172199-worker-0:3114865:3114865 [3] NCCL INFO ncclCommInitRankConfig comm 0xfe08230 rank 3 nranks 8 cudaDev 3 nvmlDev 3 busId 5b000 commId 0xb8c5c218c8aab7ce - Init COMPLETE[32m [repeated 7x across cluster][0m
[36m(WorkerDict pid=3114865)[0m trial-302172199-trialrun-302172199-worker-0:3114865:3114865 [3] NCCL INFO Init timings - ncclCommInitRankConfig: rank 3 nranks 8 total 2.96 (kernels 0.29, alloc 0.57, bootstrap 0.30, allgathers 0.00, topo 1.35, graphs 0.03, connections 0.41, rest 0.00)[32m [repeated 7x across cluster][0m
[36m(WorkerDict pid=3114865)[0m trial-302172199-trialrun-302172199-worker-0:3114865:3114865 [3] NCCL INFO Channel 13/0 : 3[3] -> 4[4] via P2P/CUMEM[32m [repeated 106x across cluster][0m
[36m(WorkerDict pid=3114873)[0m CL INFO Ring 30 : 5 -> 6 -> 7[32m [repeated 2x across cluster][0m
[36m(WorkerDict pid=3114865)[0m trial-302172199-trialrun-302172199-worker-0:3114865:3130454 [0] NCCL INFO [Proxy Service] Device 3 CPU core 151[32m [repeated 6x across cluster][0m
[36m(WorkerDict pid=3114865)[0m trial-302172199-trialrun-302172199-worker-0:3114865:3114865 [3] NCCL INFO Channel 14/0 : 3[3] -> 4[4[32m [repeated 3x across cluster][0m
[36m(WorkerDict pid=3114865)[0m NFO Ring 30 : 2 -> 3 -> 4
[36m(WorkerDict pid=3114866)[0m actor attention implementation verified: sdpa
[36m(WorkerDict pid=3114866)[0m [PowerFlow] Added proj_z (layers=3, hidden=3584, init_offset=1.08)
[36m(WorkerDict pid=3114866)[0m Monkey patch _flash_attention_forward in transformers.integrations.flash_attention
[36m(WorkerDict pid=3114866)[0m Using Triton backend for fused kernels in Qwen2ForCausalLM
[36m(WorkerDict pid=3114866)[0m Qwen2ForCausalLM contains 7.64B parameters
[36m(WorkerDict pid=3114866)[0m [PowerFlow] Updated auto_wrap_policy to wrap ProjZModule
[36m(WorkerDict pid=3114866)[0m wrap_policy: <function ActorRolloutRefWorker._build_model_optimizer.<locals>.powerflow_wrap_policy at 0x7f21a6ae9e40>
[36m(WorkerDict pid=3114866)[0m Total steps: 1, num_warmup_steps: 0
[36m(WorkerDict pid=3114866)[0m Actor use_remove_padding=True
[36m(WorkerDict pid=3114866)[0m Actor use_fused_kernels=True
[36m(WorkerDict pid=3114873)[0m Monkey patch _flash_attention_forward in transformers.integrations.flash_attention[32m [repeated 7x across cluster][0m
[36m(WorkerDict pid=3114873)[0m Using Triton backend for fused kernels in Qwen2ForCausalLM[32m [repeated 7x across cluster][0m
[36m(WorkerDict pid=3114874)[0m kwargs: {'n': 1, 'logprobs': 1, 'max_tokens': 3072, 'repetition_penalty': 1.0, 'detokenize': False, 'temperature': 1.0, 'top_k': -1, 'top_p': 1, 'ignore_eos': False}
[36m(TaskRunner pid=3114864)[0m Checkpoint tracker file does not exist: /tmp/ttrl_b200/checkpoints/ttrl_chunk_state_powerflow_future_support_highmass_late_transport_support_gain_c128_probe4_b32_r32_v64_1step_20260801/latest_checkpointed_iteration.txt
[36m(TaskRunner pid=3114864)[0m Training from scratch
[36m(WorkerDict pid=3114866)[0m WARNING 08-01 21:29:37 [jit_monitor.py:106] Triton kernel JIT compilation during inference: _compute_slot_mapping_kernel. This causes a latency spike; consider extending warmup to cover this shape/config.
[36m(TaskRunner pid=3114864)[0m [Shutdown] 71 subprocess(es) terminated.
[36m(WorkerDict pid=3114870)[0m kwargs: {'n': 1, 'logprobs': 1, 'max_tokens': 3072, 'repetition_penalty': 1.0, 'detokenize': False, 'temperature': 1.0, 'top_k': -1, 'top_p': 1, 'ignore_eos': False}[32m [repeated 7x across cluster][0m
[36m(TaskRunner pid=3114864)[0m [Shutdown] 71 subprocess(es) terminated.
[36m(TaskRunner pid=3114864)[0m [Shutdown] 11 subprocess(es) terminated.
[36m(WorkerDict pid=3114866)[0m WARNING 08-01 21:31:29 [jit_monitor.py:106] Triton kernel JIT compilation during inference: efficient_entropy_kernel_general_mainloop. This causes a latency spike; consider extending warmup to cover this shape/config.
[36m(WorkerDict pid=3114866)[0m WARNING 08-01 21:31:29 [jit_monitor.py:106] Triton kernel JIT compilation during inference: efficient_entropy_triton_kernel_epilogue. This causes a latency spike; consider extending warmup to cover this shape/config.
[36m(WorkerDict pid=3114866)[0m WARNING 08-01 21:31:30 [jit_monitor.py:106] Triton kernel JIT compilation during inference: efficient_entropy_backward_kernel_general_d_logits_split_N. This causes a latency spike; consider extending warmup to cover this shape/config.
[36m(TaskRunner pid=3114864)[0m step:1 - chunk_state_source/selected_original_acc_mean:1.000 - chunk_state_source/prompt_original_pass:0.875 - chunk_state_source/prompt_original_mean:0.344 - chunk_state_source/selected_majority_consistent_mean:1.000 - chunk_state_source/prompt_majority_ratio_mean:0.356 - chunk_state_source/prompt_majority_pass:1.000 - chunk_state_source_chunk/enabled:1.000 - chunk_state_source_chunk/injected_ratio:1.000 - chunk_state_source_chunk/mean_len:128.000 - chunk_state_source_chunk/candidate_index:0.000 - chunk_state_future_support_gain/group_size:32.000 - chunk_state_future_support_gain/min_mass:0.031 - chunk_state_future_support_gain/max_mass_coef:0.250 - chunk_state_future_support_gain/score_type_slack_gain:0.000 - chunk_state_future_support_gain/score_type_positive_gain:0.000 - chunk_state_future_support_gain/score_type_relative_positive_gain:0.000 - chunk_state_future_support_gain/score_type_tv_positive_gain:0.000 - chunk_state_future_support_gain/score_type_relative_tv_positive_gain:0.000 - chunk_state_future_support_gain/score_type_transport_affinity:0.000 - chunk_state_future_support_gain/score_type_transport_positive_gain:0.000 - chunk_state_future_support_gain/score_type_transport_support_gain:1.000 - chunk_state_future_support_gain/score_type_smoothed_transport_affinity:0.000 - chunk_state_future_support_gain/score_type_smoothed_transport_positive_gain:0.000 - chunk_state_future_support_gain/score_type_smoothed_transport_support_gain:0.000 - chunk_state_future_support_gain/gain_slack:0.000 - chunk_state_future_support_gain/baseline_scale:1.000 - chunk_state_future_support_gain/source_prior_weight:1.050 - chunk_state_future_support_gain/prior_smoothing:0.000 - chunk_state_future_support_gain/min_positive_margin:0.001 - chunk_state_future_support_gain/min_state_coverage:0.500 - chunk_state_future_support_gain/max_state_oov:0.500 - chunk_state_future_support_gain/min_state_mean_mass:0.000 - chunk_state_future_support_gain/min_state_max_mass:0.000 - chunk_state_future_support_gain/min_state_top_margin:0.020 - chunk_state_future_support_gain/min_candidate_coverage:0.250 - chunk_state_future_support_gain/min_candidate_mean_mass:0.020 - chunk_state_future_support_gain/source_mass_mean:0.645 - chunk_state_future_support_gain/prompt_top_mass_mean:0.645 - chunk_state_future_support_gain/support_coverage_mean:0.434 - chunk_state_future_support_gain/candidate_coverage_mean:0.434 - chunk_state_future_support_gain/candidate_quality_keep_ratio:0.578 - chunk_state_future_support_gain/mean_mass_mean:0.253 - chunk_state_future_support_gain/max_mass_mean:0.470 - chunk_state_future_support_gain/raw_gain_mean:-0.307 - chunk_state_future_support_gain/source_tv_mean:0.355 - chunk_state_future_support_gain/candidate_tv_mean:0.532 - chunk_state_future_support_gain/source_oov_tv_mean:0.355 - chunk_state_future_support_gain/candidate_oov_tv_mean:0.688 - chunk_state_future_support_gain/transport_affinity_mean:0.312 - chunk_state_future_support_gain/smoothed_candidate_oov_tv_mean:0.688 - chunk_state_future_support_gain/smoothed_transport_affinity_mean:0.312 - chunk_state_future_support_gain/tv_gain_mean:-0.177 - chunk_state_future_support_gain/transport_gain_mean:-0.333 - chunk_state_future_support_gain/smoothed_transport_gain_mean:-0.333 - chunk_state_future_support_gain/score_mean_before_candidate_filter:0.001 - chunk_state_future_support_gain/score_mean:0.001 - chunk_state_future_support_gain/label_consistent_ratio_before_candidate_filter:0.016 - chunk_state_future_support_gain/label_consistent_ratio:0.016 - chunk_state_future_support_gain/improved_state_ratio:0.125 - chunk_state_future_support_gain/positive_margin_mean:0.006 - chunk_state_future_support_gain/state_oov_mean:0.566 - chunk_state_future_support_gain/state_mean_mass_mean:0.253 - chunk_state_future_support_gain/state_max_mass_mean:0.470 - chunk_state_future_support_gain/state_top_margin_mean:0.006 - chunk_state_future_support_gain/learnable_state_keep_ratio:0.000 - chunk_state_future_support_gain/state_keep_ratio:0.000 - chunk_state_probe/raw_positive_ratio:0.001 - chunk_state_score/mode_majority_completion:0.000 - chunk_state_score/mode_answer_consensus:0.000 - chunk_state_score/mode_answer_distribution:0.000 - chunk_state_score/mode_answer_value_gain:0.000 - chunk_state_score/mode_answer_value_margin:0.000 - chunk_state_score/mode_answer_support_mass:0.000 - chunk_state_score/mode_future_support_gain:1.000 - chunk_state_score/mode_support_anchor:0.000 - chunk_state_score/mode_support_flow:0.000 - chunk_state_score/mode_answer_source_consistency:0.000 - chunk_state_probe/samples:4.000 - chunk_state_diag/boundary_mean:928.000 - chunk_state_diag/boundary_min:768.000 - chunk_state_diag/boundary_max:1024.000 - chunk_state_diag/boundary_zero_ratio:0.000 - chunk_state_diag/skipped_short_sources:0.000 - chunk_state_diag/skipped_support_sources:25.000 - chunk_state_diag/majority_consistent_fallbacks:9.000 - chunk_state_diag/real_state_count:7.000 - chunk_state_diag/pad_state_count:1.000 - chunk_state_diag/loss_weight_mean:0.875 - chunk_state_diag/source_response_len_mean:1301.500 - chunk_state_diag/probe_score_std:0.006 - chunk_state_diag/state_probe_mean_max:0.006 - chunk_state_diag/state_probe_mean_min:0.000 - chunk_state_diag/state_all_positive_ratio:0.000 - chunk_state_diag/state_all_negative_ratio:0.875 - chunk_state_diag/state_mixed_ratio:0.125 - chunk_state_diag/source_majority_consistent_mean:1.000 - chunk_state_diag/source_prompt_majority_ratio_mean:0.586 - chunk_state_diag/source_answer_mass_mean:0.645 - chunk_state_diag/source_answer_mass_min:0.548 - chunk_state_diag/source_prompt_top_mass_mean:0.645 - chunk_state_diag/source_prompt_top_mass_min:0.548 - chunk_state_diag/source_pseudo_acc_mean:0.875 - chunk_state_diag/source_original_acc_mean:1.000 - chunk_state_diag/prompt_pseudo_mean:0.520 - chunk_state_diag/prompt_original_mean:0.598 - chunk_state_diag/prompt_original_pass:1.000 - chunk_state_diag/probe_mean_source_original_correct:0.001 - chunk_state_diag/probe_mean_source_original_wrong:0.000 - chunk_state_diag/source_original_correct_ratio:1.000 - chunk_state_diag/jsonl_rows:8.000 - chunk_state/num_states:8.000 - chunk_state/real_states:7.000 - chunk_state/pad_states:1.000 - chunk_state/num_candidates:64.000 - chunk_state/num_actor_samples:64.000 - chunk_state/loss_weight_mean:0.000 - chunk_state/base_loss_weight_mean:0.875 - chunk_state/zeroed_state_ratio:1.000 - chunk_state/confidence_gate_ratio:1.000 - chunk_state/confidence_weight_mean:1.000 - chunk_state/future_support_keep_ratio:0.000 - chunk_state/majority_ratio_mean:0.645 - chunk_state/answer_coverage_mean:0.434 - chunk_state/positive_ratio:0.001 - chunk_state/label_consistent_only:1.000 - chunk_state/zero_inconsistent_candidates:1.000 - chunk_state/prune_zero_weight_samples:1.000 - chunk_state/prune_padded_to_shards:0.000 - chunk_state/pruned_sample_ratio:0.000 - chunk_state/label_consistent_ratio:0.016 - chunk_state/informative_ratio:0.125 - chunk_state/kept_state_ratio:0.000 - chunk_state/target_entropy:1.820 - chunk_state/target_prior_mean:1.006 - chunk_state/target_prior_max:1.050 - chunk_state/weight_max:1.000 - chunk_state/weight_min:0.000 - chunk_state/powerflow_weight_clip:4.000 - chunk_state/powerflow_weight_clip_renorm:1.000 - chunk_state/powerflow_weight_before_clip_max:0.000 - chunk_state/powerflow_weight_before_clip_mean:0.000 - chunk_state/powerflow_weight_mean:0.000 - chunk_state/powerflow_weight_max:0.000 - chunk_state/powerflow_weight_min:0.000 - chunk_state/boxed_reward_mean:0.001 - chunk_state/boxed_reward_weighted_mean:0.000 - chunk_state/actor_batch_powerflow_weight_nonzero_ratio:0.000 - chunk_state/actor_batch_powerflow_weight_shard0_mean:0.000 - chunk_state/actor_batch_powerflow_weight_shard0_nonzero_ratio:0.000 - chunk_state/actor_batch_powerflow_weight_shard_mean_low:0.000 - chunk_state/actor_batch_powerflow_weight_shard_mean_high:0.000 - chunk_state/actor_batch_powerflow_weight_zero_shard_ratio:1.000 - chunk_state_actor_span/mode_chunk:1.000 - chunk_state_actor_span/response_len_mean:125.891 - chunk_state_actor_span/truncated_ratio:0.000 - actor/pg_loss:0.000 - actor/powerflow_loss:0.000 - actor/log_prob:-0.262 - actor/old_log_prob:0.000 - actor/ref_log_prob:-0.262 - actor/ref_log_prob/std:0.000 - actor/boxed_reward/mean:0.000 - actor/boxed_reward/min:0.000 - actor/boxed_reward/max:0.000 - actor/powerflow_weight/mean:0.000 - actor/powerflow_weight/min:0.000 - actor/powerflow_weight/max:0.000 - actor/powerflow_weight/nonzero_ratio:0.000 - actor/powerflow_local_batch_size:1.000 - actor/log_z:-0.769 - actor/importance_weight:0.800 - actor/powerflow_chunk_loss_target_only:0.000 - actor/ppo_kl:0.262 - actor/ref_kl:0.000 - actor/beta_coef:4.000 - actor/cispo_mask_ratio:0.196 - actor/cispo_dropped_tokens:25.125 - actor/condition_1_count:0.000 - actor/condition_2_count:25.125 - actor/pg_clipfrac:0.000 - actor/pg_clipfrac_lower:0.000 - actor/grad_norm:0.000 - perf/mfu/actor:0.000 - perf/max_memory_allocated_gb:163.207 - perf/max_memory_reserved_gb:176.201 - perf/cpu_memory_used_gb:790.461 - actor/lr:0.000 - timing_s/generate_sequences:29.891 - timing_s/reshard:0.448 - timing_s/gen:43.732 - timing_s/chunk_state_make_states:0.017 - timing_s/chunk_state_chunks/generate_sequences:0.542 - timing_s/chunk_state_chunks/reshard:0.490 - timing_s/chunk_state_chunks:1.067 - timing_s/chunk_state_probe/generate_sequences:12.303 - timing_s/chunk_state_probe/reshard:0.361 - timing_s/chunk_state_probe:13.404 - timing_s/chunk_state_score:8.393 - timing_s/chunk_state_build_actor_batch:0.006 - timing_s/chunk_state_ref:4.800 - timing_s/update_actor:2.880 - timing_per_token_ms/update_actor:0.003 - timing_per_token_ms/gen:0.044[36m(TaskRunner pid=3114864)[0m Training Progress:   0%|          | 0/1 [01:56<?, ?it/s]

[36m(TaskRunner pid=3114864)[0m 'Final validation skipped'
