MODEL_READY: /models/Qwen2.5-Math-7B
Using python: /mlx_devbox/users/quyanyi/playground/.venvs/ttrl_b200/bin/python
Using model: Qwen/Qwen2.5-Math-1.5B
Using data: /mlx_devbox/users/quyanyi/playground/TTRL/verl/data/MATH-TTT
Output directory: /tmp/ttrl_b200/checkpoints/ttrl_chunk_state_powerflow_support_flow_gain_mid_c128_b32_r32_v64_2step_20260801
Actor offload: param=False optimizer=False activation=False
Rollout: free_cache_engine=False enforce_eager=False gpu_memory_utilization=0.82
Critic offload: param=False optimizer=False activation=False
/mlx_devbox/users/quyanyi/playground/TTRL/verl/verl/__init__.py:18: UserWarning: pkg_resources is deprecated as an API. See https://setuptools.pypa.io/en/latest/pkg_resources.html. The pkg_resources package is slated for removal as early as 2025-11-30. Refrain from using this package or pin to Setuptools<81.
  import pkg_resources
/mlx_devbox/users/quyanyi/playground/.venvs/ttrl_b200/lib/python3.11/site-packages/huggingface_hub/constants.py:298: FutureWarning: The `HF_HUB_ENABLE_HF_TRANSFER` environment variable is deprecated as 'hf_transfer' is not used anymore. Please use `HF_XET_HIGH_PERFORMANCE` instead to enable high performance transfer with Xet. Visit https://huggingface.co/docs/huggingface_hub/package_reference/environment_variables#hfxethighperformance for more details.
  warnings.warn(
Could not override 'ttrl.chunk_state_score_mode'.
To append to your config use +ttrl.chunk_state_score_mode=support_flow
Key 'chunk_state_score_mode' is not in struct
    full_key: ttrl.chunk_state_score_mode
    object_type=dict

Set the environment variable HYDRA_FULL_ERROR=1 for a complete stack trace.
MODEL_READY: /models/Qwen2.5-Math-7B
Using python: /mlx_devbox/users/quyanyi/playground/.venvs/ttrl_b200/bin/python
Using model: /models/Qwen2.5-Math-7B
Using data: /mlx_devbox/users/quyanyi/playground/TTRL/verl/data/MATH-TTT
Output directory: /tmp/ttrl_b200/checkpoints/ttrl_chunk_state_powerflow_support_flow_gain_mid_c128_b32_r32_v64_2step_20260801
Actor offload: param=False optimizer=False activation=False
Rollout: free_cache_engine=False enforce_eager=False gpu_memory_utilization=0.82
Critic offload: param=False optimizer=False activation=False
/mlx_devbox/users/quyanyi/playground/TTRL/verl/verl/__init__.py:18: UserWarning: pkg_resources is deprecated as an API. See https://setuptools.pypa.io/en/latest/pkg_resources.html. The pkg_resources package is slated for removal as early as 2025-11-30. Refrain from using this package or pin to Setuptools<81.
  import pkg_resources
/mlx_devbox/users/quyanyi/playground/.venvs/ttrl_b200/lib/python3.11/site-packages/huggingface_hub/constants.py:298: FutureWarning: The `HF_HUB_ENABLE_HF_TRANSFER` environment variable is deprecated as 'hf_transfer' is not used anymore. Please use `HF_XET_HIGH_PERFORMANCE` instead to enable high performance transfer with Xet. Visit https://huggingface.co/docs/huggingface_hub/package_reference/environment_variables#hfxethighperformance for more details.
  warnings.warn(
Could not append to config. An item is already at 'ttrl.chunk_state_support_flow_score_type'.
Either remove + prefix: 'ttrl.chunk_state_support_flow_score_type=gain'
Or add a second + to add or override 'ttrl.chunk_state_support_flow_score_type': '++ttrl.chunk_state_support_flow_score_type=gain'


Set the environment variable HYDRA_FULL_ERROR=1 for a complete stack trace.
MODEL_READY: /models/Qwen2.5-Math-7B
Using python: /mlx_devbox/users/quyanyi/playground/.venvs/ttrl_b200/bin/python
Using model: /models/Qwen2.5-Math-7B
Using data: /mlx_devbox/users/quyanyi/playground/TTRL/verl/data/MATH-TTT
Output directory: /tmp/ttrl_b200/checkpoints/ttrl_chunk_state_powerflow_support_flow_gain_mid_c128_b32_r32_v64_2step_20260801
Actor offload: param=False optimizer=False activation=False
Rollout: free_cache_engine=False enforce_eager=False gpu_memory_utilization=0.82
Critic offload: param=False optimizer=False activation=False
/mlx_devbox/users/quyanyi/playground/TTRL/verl/verl/__init__.py:18: UserWarning: pkg_resources is deprecated as an API. See https://setuptools.pypa.io/en/latest/pkg_resources.html. The pkg_resources package is slated for removal as early as 2025-11-30. Refrain from using this package or pin to Setuptools<81.
  import pkg_resources
/mlx_devbox/users/quyanyi/playground/.venvs/ttrl_b200/lib/python3.11/site-packages/huggingface_hub/constants.py:298: FutureWarning: The `HF_HUB_ENABLE_HF_TRANSFER` environment variable is deprecated as 'hf_transfer' is not used anymore. Please use `HF_XET_HIGH_PERFORMANCE` instead to enable high performance transfer with Xet. Visit https://huggingface.co/docs/huggingface_hub/package_reference/environment_variables#hfxethighperformance for more details.
  warnings.warn(
2026-08-01 17:34:07,011	INFO worker.py:2024 -- Started a local Ray instance.
[36m(pid=851244)[0m /mlx_devbox/users/quyanyi/playground/TTRL/verl/verl/__init__.py:18: UserWarning: pkg_resources is deprecated as an API. See https://setuptools.pypa.io/en/latest/pkg_resources.html. The pkg_resources package is slated for removal as early as 2025-11-30. Refrain from using this package or pin to Setuptools<81.
[36m(pid=851244)[0m   import pkg_resources
[36m(pid=851244)[0m /mlx_devbox/users/quyanyi/playground/.venvs/ttrl_b200/lib/python3.11/site-packages/huggingface_hub/constants.py:298: FutureWarning: The `HF_HUB_ENABLE_HF_TRANSFER` environment variable is deprecated as 'hf_transfer' is not used anymore. Please use `HF_XET_HIGH_PERFORMANCE` instead to enable high performance transfer with Xet. Visit https://huggingface.co/docs/huggingface_hub/package_reference/environment_variables#hfxethighperformance for more details.
[36m(pid=851244)[0m   warnings.warn(
[36m(TaskRunner pid=851244)[0m TaskRunner hostname: mlxlabtci61clt6a52f040-20260712013913-cu1hwa-master, PID: 851244
[36m(TaskRunner pid=851244)[0m {'actor_rollout_ref': {'actor': {'checkpoint': {'load_contents': ['model',
[36m(TaskRunner pid=851244)[0m                                                                   'optimizer',
[36m(TaskRunner pid=851244)[0m                                                                   'extra'],
[36m(TaskRunner pid=851244)[0m                                                 'save_contents': ['model',
[36m(TaskRunner pid=851244)[0m                                                                   'optimizer',
[36m(TaskRunner pid=851244)[0m                                                                   'extra']},
[36m(TaskRunner pid=851244)[0m                                  'chunk_weighted_nll_enable': False,
[36m(TaskRunner pid=851244)[0m                                  'clip_ratio': 0.2,
[36m(TaskRunner pid=851244)[0m                                  'clip_ratio_c': 3.0,
[36m(TaskRunner pid=851244)[0m                                  'clip_ratio_high': 0.2,
[36m(TaskRunner pid=851244)[0m                                  'clip_ratio_low': 0.2,
[36m(TaskRunner pid=851244)[0m                                  'entropy_checkpointing': False,
[36m(TaskRunner pid=851244)[0m                                  'entropy_coeff': 0,
[36m(TaskRunner pid=851244)[0m                                  'entropy_from_logits_with_chunking': False,
[36m(TaskRunner pid=851244)[0m                                  'fsdp_config': {'forward_prefetch': False,
[36m(TaskRunner pid=851244)[0m                                                  'fsdp_size': -1,
[36m(TaskRunner pid=851244)[0m                                                  'offload_policy': False,
[36m(TaskRunner pid=851244)[0m                                                  'optimizer_offload': False,
[36m(TaskRunner pid=851244)[0m                                                  'param_offload': False,
[36m(TaskRunner pid=851244)[0m                                                  'reshard_after_forward': True,
[36m(TaskRunner pid=851244)[0m                                                  'wrap_policy': {'min_num_params': 0}},
[36m(TaskRunner pid=851244)[0m                                  'grad_clip': 1.0,
[36m(TaskRunner pid=851244)[0m                                  'kl_loss_coef': 0.001,
[36m(TaskRunner pid=851244)[0m                                  'kl_loss_type': 'low_var_kl',
[36m(TaskRunner pid=851244)[0m                                  'loss_agg_mode': 'token-mean',
[36m(TaskRunner pid=851244)[0m                                  'optim': {'lr': 5e-07,
[36m(TaskRunner pid=851244)[0m                                            'lr_warmup_steps': -1,
[36m(TaskRunner pid=851244)[0m                                            'lr_warmup_steps_ratio': 0.03,
[36m(TaskRunner pid=851244)[0m                                            'min_lr_ratio': 0.0,
[36m(TaskRunner pid=851244)[0m                                            'num_cycles': 0.5,
[36m(TaskRunner pid=851244)[0m                                            'total_training_steps': -1,
[36m(TaskRunner pid=851244)[0m                                            'warmup_style': 'cosine',
[36m(TaskRunner pid=851244)[0m                                            'weight_decay': 0.01},
[36m(TaskRunner pid=851244)[0m                                  'policy_loss': {'clip_cov_lb': 1.0,
[36m(TaskRunner pid=851244)[0m                                                  'clip_cov_ratio': 0.0002,
[36m(TaskRunner pid=851244)[0m                                                  'clip_cov_ub': 5.0,
[36m(TaskRunner pid=851244)[0m                                                  'kl_cov_ratio': 0.0002,
[36m(TaskRunner pid=851244)[0m                                                  'loss_mode': 'vanilla',
[36m(TaskRunner pid=851244)[0m                                                  'ppo_kl_coef': 0.1},
[36m(TaskRunner pid=851244)[0m                                  'powerflow_beta_coef': 4.0,
[36m(TaskRunner pid=851244)[0m                                  'powerflow_chunk_loss_mode': 'standard',
[36m(TaskRunner pid=851244)[0m                                  'powerflow_enable': False,
[36m(TaskRunner pid=851244)[0m                                  'powerflow_init_ref_log_prob': 0.36,
[36m(TaskRunner pid=851244)[0m                                  'powerflow_on_policy': False,
[36m(TaskRunner pid=851244)[0m                                  'powerflow_proj_layers': 3,
[36m(TaskRunner pid=851244)[0m                                  'powerflow_use_boxed_reward': False,
[36m(TaskRunner pid=851244)[0m                                  'powerflow_use_chunk_weights': False,
[36m(TaskRunner pid=851244)[0m                                  'ppo_epochs': 1,
[36m(TaskRunner pid=851244)[0m                                  'ppo_max_token_len_per_gpu': 8192,
[36m(TaskRunner pid=851244)[0m                                  'ppo_micro_batch_size': None,
[36m(TaskRunner pid=851244)[0m                                  'ppo_micro_batch_size_per_gpu': 1,
[36m(TaskRunner pid=851244)[0m                                  'ppo_mini_batch_size': 8,
[36m(TaskRunner pid=851244)[0m                                  'profiler': {'all_ranks': False,
[36m(TaskRunner pid=851244)[0m                                               'discrete': False,
[36m(TaskRunner pid=851244)[0m                                               'ranks': None},
[36m(TaskRunner pid=851244)[0m                                  'shuffle': False,
[36m(TaskRunner pid=851244)[0m                                  'strategy': 'fsdp',
[36m(TaskRunner pid=851244)[0m                                  'ulysses_sequence_parallel_size': 1,
[36m(TaskRunner pid=851244)[0m                                  'use_dynamic_bsz': False,
[36m(TaskRunner pid=851244)[0m                                  'use_kl_loss': True,
[36m(TaskRunner pid=851244)[0m                                  'use_torch_compile': True},
[36m(TaskRunner pid=851244)[0m                        'hybrid_engine': True,
[36m(TaskRunner pid=851244)[0m                        'model': {'attn_implementation': 'sdpa',
[36m(TaskRunner pid=851244)[0m                                  'custom_chat_template': None,
[36m(TaskRunner pid=851244)[0m                                  'enable_activation_offload': False,
[36m(TaskRunner pid=851244)[0m                                  'enable_gradient_checkpointing': True,
[36m(TaskRunner pid=851244)[0m                                  'exclude_modules': None,
[36m(TaskRunner pid=851244)[0m                                  'external_lib': None,
[36m(TaskRunner pid=851244)[0m                                  'fused_kernel_options': {'impl_backend': 'triton'},
[36m(TaskRunner pid=851244)[0m                                  'lora_alpha': 16,
[36m(TaskRunner pid=851244)[0m                                  'lora_rank': 0,
[36m(TaskRunner pid=851244)[0m                                  'override_config': {},
[36m(TaskRunner pid=851244)[0m                                  'path': '/models/Qwen2.5-Math-7B',
[36m(TaskRunner pid=851244)[0m                                  'target_modules': 'all-linear',
[36m(TaskRunner pid=851244)[0m                                  'trust_remote_code': False,
[36m(TaskRunner pid=851244)[0m                                  'use_fused_kernels': True,
[36m(TaskRunner pid=851244)[0m                                  'use_liger': False,
[36m(TaskRunner pid=851244)[0m                                  'use_remove_padding': True,
[36m(TaskRunner pid=851244)[0m                                  'use_shm': False},
[36m(TaskRunner pid=851244)[0m                        'ref': {'entropy_checkpointing': False,
[36m(TaskRunner pid=851244)[0m                                'entropy_from_logits_with_chunking': False,
[36m(TaskRunner pid=851244)[0m                                'fsdp_config': {'forward_prefetch': False,
[36m(TaskRunner pid=851244)[0m                                                'param_offload': True,
[36m(TaskRunner pid=851244)[0m                                                'reshard_after_forward': True,
[36m(TaskRunner pid=851244)[0m                                                'wrap_policy': {'min_num_params': 0}},
[36m(TaskRunner pid=851244)[0m                                'log_prob_max_token_len_per_gpu': 8192,
[36m(TaskRunner pid=851244)[0m                                'log_prob_micro_batch_size': None,
[36m(TaskRunner pid=851244)[0m                                'log_prob_micro_batch_size_per_gpu': 1,
[36m(TaskRunner pid=851244)[0m                                'log_prob_use_dynamic_bsz': False,
[36m(TaskRunner pid=851244)[0m                                'profiler': {'all_ranks': False,
[36m(TaskRunner pid=851244)[0m                                             'discrete': False,
[36m(TaskRunner pid=851244)[0m                                             'ranks': None},
[36m(TaskRunner pid=851244)[0m                                'strategy': 'fsdp',
[36m(TaskRunner pid=851244)[0m                                'ulysses_sequence_parallel_size': 1,
[36m(TaskRunner pid=851244)[0m                                'use_torch_compile': True},
[36m(TaskRunner pid=851244)[0m                        'rollout': {'agent': {'num_workers': 8},
[36m(TaskRunner pid=851244)[0m                                    'calculate_log_probs': True,
[36m(TaskRunner pid=851244)[0m                                    'disable_log_stats': True,
[36m(TaskRunner pid=851244)[0m                                    'do_sample': True,
[36m(TaskRunner pid=851244)[0m                                    'dtype': 'bfloat16',
[36m(TaskRunner pid=851244)[0m                                    'enable_chunked_prefill': True,
[36m(TaskRunner pid=851244)[0m                                    'enforce_eager': False,
[36m(TaskRunner pid=851244)[0m                                    'engine_kwargs': {'sglang': {'attention_backend': None},
[36m(TaskRunner pid=851244)[0m                                                      'vllm': {'attention_config': {'backend': 'FLASH_ATTN'},
[36m(TaskRunner pid=851244)[0m                                                               'disable_mm_preprocessor_cache': False,
[36m(TaskRunner pid=851244)[0m                                                               'swap_space': None}},
[36m(TaskRunner pid=851244)[0m                                    'free_cache_engine': False,
[36m(TaskRunner pid=851244)[0m                                    'gpu_memory_utilization': 0.82,
[36m(TaskRunner pid=851244)[0m                                    'ignore_eos': False,
[36m(TaskRunner pid=851244)[0m                                    'layered_summon': False,
[36m(TaskRunner pid=851244)[0m                                    'load_format': 'dummy_dtensor',
[36m(TaskRunner pid=851244)[0m                                    'log_prob_max_token_len_per_gpu': 8192,
[36m(TaskRunner pid=851244)[0m                                    'log_prob_micro_batch_size': None,
[36m(TaskRunner pid=851244)[0m                                    'log_prob_micro_batch_size_per_gpu': 1,
[36m(TaskRunner pid=851244)[0m                                    'log_prob_use_dynamic_bsz': False,
[36m(TaskRunner pid=851244)[0m                                    'logprobs': 1,
[36m(TaskRunner pid=851244)[0m                                    'max_model_len': 2048,
[36m(TaskRunner pid=851244)[0m                                    'max_num_batched_tokens': 32768,
[36m(TaskRunner pid=851244)[0m                                    'max_num_seqs': 1024,
[36m(TaskRunner pid=851244)[0m                                    'mode': 'sync',
[36m(TaskRunner pid=851244)[0m                                    'multi_stage_wake_up': False,
[36m(TaskRunner pid=851244)[0m                                    'multi_turn': {'completion_callback': None,
[36m(TaskRunner pid=851244)[0m                                                   'enable': False,
[36m(TaskRunner pid=851244)[0m                                                   'format': 'hermes',
[36m(TaskRunner pid=851244)[0m                                                   'interaction_config_path': None,
[36m(TaskRunner pid=851244)[0m                                                   'max_assistant_turns': None,
[36m(TaskRunner pid=851244)[0m                                                   'max_parallel_calls': 1,
[36m(TaskRunner pid=851244)[0m                                                   'max_tool_response_length': 256,
[36m(TaskRunner pid=851244)[0m                                                   'max_user_turns': None,
[36m(TaskRunner pid=851244)[0m                                                   'tokenization_sanity_check_mode': 'strict',
[36m(TaskRunner pid=851244)[0m                                                   'tool_config_path': None,
[36m(TaskRunner pid=851244)[0m                                                   'tool_response_truncate_side': 'middle',
[36m(TaskRunner pid=851244)[0m                                                   'use_inference_chat_template': False},
[36m(TaskRunner pid=851244)[0m                                    'n': 32,
[36m(TaskRunner pid=851244)[0m                                    'name': 'vllm',
[36m(TaskRunner pid=851244)[0m                                    'profiler': {'all_ranks': False,
[36m(TaskRunner pid=851244)[0m                                                 'discrete': False,
[36m(TaskRunner pid=851244)[0m                                                 'ranks': None},
[36m(TaskRunner pid=851244)[0m                                    'prompt_length': 1024,
[36m(TaskRunner pid=851244)[0m                                    'response_length': 1024,
[36m(TaskRunner pid=851244)[0m                                    'temperature': 1.0,
[36m(TaskRunner pid=851244)[0m                                    'tensor_model_parallel_size': 1,
[36m(TaskRunner pid=851244)[0m                                    'top_k': -1,
[36m(TaskRunner pid=851244)[0m                                    'top_p': 1,
[36m(TaskRunner pid=851244)[0m                                    'use_rollout_log_probs_as_old': True,
[36m(TaskRunner pid=851244)[0m                                    'val_kwargs': {'do_sample': True,
[36m(TaskRunner pid=851244)[0m                                                   'n': 1,
[36m(TaskRunner pid=851244)[0m                                                   'temperature': 0.6,
[36m(TaskRunner pid=851244)[0m                                                   'top_k': -1,
[36m(TaskRunner pid=851244)[0m                                                   'top_p': 0.95}}},
[36m(TaskRunner pid=851244)[0m  'algorithm': {'adv_estimator': 'grpo',
[36m(TaskRunner pid=851244)[0m                'gamma': 1.0,
[36m(TaskRunner pid=851244)[0m                'kl_ctrl': {'horizon': 10000,
[36m(TaskRunner pid=851244)[0m                            'kl_coef': 0.0,
[36m(TaskRunner pid=851244)[0m                            'target_kl': 0.1,
[36m(TaskRunner pid=851244)[0m                            'type': 'fixed'},
[36m(TaskRunner pid=851244)[0m                'kl_penalty': 'kl',
[36m(TaskRunner pid=851244)[0m                'lam': 1.0,
[36m(TaskRunner pid=851244)[0m                'norm_adv_by_std_in_grpo': True,
[36m(TaskRunner pid=851244)[0m                'pf_ppo': {'reweight_method': 'pow', 'weight_pow': 2.0},
[36m(TaskRunner pid=851244)[0m                'use_kl_in_reward': False,
[36m(TaskRunner pid=851244)[0m                'use_pf_ppo': False},
[36m(TaskRunner pid=851244)[0m  'critic': {'checkpoint': {'load_contents': ['model', 'optimizer', 'extra'],
[36m(TaskRunner pid=851244)[0m                            'save_contents': ['model', 'optimizer', 'extra']},
[36m(TaskRunner pid=851244)[0m             'cliprange_value': 0.5,
[36m(TaskRunner pid=851244)[0m             'forward_max_token_len_per_gpu': 32768,
[36m(TaskRunner pid=851244)[0m             'forward_micro_batch_size': None,
[36m(TaskRunner pid=851244)[0m             'forward_micro_batch_size_per_gpu': 1,
[36m(TaskRunner pid=851244)[0m             'grad_clip': 1.0,
[36m(TaskRunner pid=851244)[0m             'loss_agg_mode': 'token-mean',
[36m(TaskRunner pid=851244)[0m             'model': {'attn_implementation': 'sdpa',
[36m(TaskRunner pid=851244)[0m                       'enable_activation_offload': False,
[36m(TaskRunner pid=851244)[0m                       'enable_gradient_checkpointing': True,
[36m(TaskRunner pid=851244)[0m                       'external_lib': None,
[36m(TaskRunner pid=851244)[0m                       'fsdp_config': {'forward_prefetch': False,
[36m(TaskRunner pid=851244)[0m                                       'fsdp_size': -1,
[36m(TaskRunner pid=851244)[0m                                       'offload_policy': False,
[36m(TaskRunner pid=851244)[0m                                       'optimizer_offload': False,
[36m(TaskRunner pid=851244)[0m                                       'param_offload': False,
[36m(TaskRunner pid=851244)[0m                                       'reshard_after_forward': True,
[36m(TaskRunner pid=851244)[0m                                       'wrap_policy': {'min_num_params': 0}},
[36m(TaskRunner pid=851244)[0m                       'lora_alpha': 16,
[36m(TaskRunner pid=851244)[0m                       'lora_rank': 0,
[36m(TaskRunner pid=851244)[0m                       'override_config': {},
[36m(TaskRunner pid=851244)[0m                       'path': '/models/Qwen2.5-Math-7B',
[36m(TaskRunner pid=851244)[0m                       'target_modules': 'all-linear',
[36m(TaskRunner pid=851244)[0m                       'tokenizer_path': '/models/Qwen2.5-Math-7B',
[36m(TaskRunner pid=851244)[0m                       'trust_remote_code': False,
[36m(TaskRunner pid=851244)[0m                       'use_remove_padding': True,
[36m(TaskRunner pid=851244)[0m                       'use_shm': False},
[36m(TaskRunner pid=851244)[0m             'optim': {'lr': 9e-06,
[36m(TaskRunner pid=851244)[0m                       'lr_warmup_steps_ratio': 0.0,
[36m(TaskRunner pid=851244)[0m                       'min_lr_ratio': None,
[36m(TaskRunner pid=851244)[0m                       'total_training_steps': -1,
[36m(TaskRunner pid=851244)[0m                       'warmup_style': 'constant',
[36m(TaskRunner pid=851244)[0m                       'weight_decay': 0.01},
[36m(TaskRunner pid=851244)[0m             'ppo_epochs': 1,
[36m(TaskRunner pid=851244)[0m             'ppo_max_token_len_per_gpu': 32768,
[36m(TaskRunner pid=851244)[0m             'ppo_micro_batch_size': None,
[36m(TaskRunner pid=851244)[0m             'ppo_micro_batch_size_per_gpu': 1,
[36m(TaskRunner pid=851244)[0m             'ppo_mini_batch_size': 8,
[36m(TaskRunner pid=851244)[0m             'profiler': {'all_ranks': False, 'discrete': False, 'ranks': None},
[36m(TaskRunner pid=851244)[0m             'rollout_n': 32,
[36m(TaskRunner pid=851244)[0m             'shuffle': False,
[36m(TaskRunner pid=851244)[0m             'strategy': 'fsdp',
[36m(TaskRunner pid=851244)[0m             'ulysses_sequence_parallel_size': 1,
[36m(TaskRunner pid=851244)[0m             'use_dynamic_bsz': False},
[36m(TaskRunner pid=851244)[0m  'custom_reward_function': {'name': 'reward_func',
[36m(TaskRunner pid=851244)[0m                             'path': './verl/utils/reward_score/ttrl_math/__init__.py'},
[36m(TaskRunner pid=851244)[0m  'data': {'custom_cls': {'name': None, 'path': None},
[36m(TaskRunner pid=851244)[0m           'filter_overlong_prompts': True,
[36m(TaskRunner pid=851244)[0m           'filter_overlong_prompts_workers': 1,
[36m(TaskRunner pid=851244)[0m           'image_key': 'images',
[36m(TaskRunner pid=851244)[0m           'max_prompt_length': 1024,
[36m(TaskRunner pid=851244)[0m           'max_response_length': 1024,
[36m(TaskRunner pid=851244)[0m           'prompt_key': 'prompt',
[36m(TaskRunner pid=851244)[0m           'return_full_prompt': False,
[36m(TaskRunner pid=851244)[0m           'return_raw_chat': False,
[36m(TaskRunner pid=851244)[0m           'return_raw_input_ids': False,
[36m(TaskRunner pid=851244)[0m           'reward_fn_key': 'data_source',
[36m(TaskRunner pid=851244)[0m           'shuffle': True,
[36m(TaskRunner pid=851244)[0m           'tokenizer': None,
[36m(TaskRunner pid=851244)[0m           'train_batch_size': 32,
[36m(TaskRunner pid=851244)[0m           'train_files': ['/mlx_devbox/users/quyanyi/playground/TTRL/verl/data/MATH-TTT/train.parquet'],
[36m(TaskRunner pid=851244)[0m           'truncation': 'error',
[36m(TaskRunner pid=851244)[0m           'trust_remote_code': False,
[36m(TaskRunner pid=851244)[0m           'use_shm': False,
[36m(TaskRunner pid=851244)[0m           'val_batch_size': None,
[36m(TaskRunner pid=851244)[0m           'val_files': ['/mlx_devbox/users/quyanyi/playground/TTRL/verl/data/MATH-TTT/test.parquet'],
[36m(TaskRunner pid=851244)[0m           'validation_shuffle': False,
[36m(TaskRunner pid=851244)[0m           'video_key': 'videos'},
[36m(TaskRunner pid=851244)[0m  'ray_init': {'num_cpus': None, 'timeline_json_file': None},
[36m(TaskRunner pid=851244)[0m  'reward_model': {'enable': False,
[36m(TaskRunner pid=851244)[0m                   'forward_max_token_len_per_gpu': 32768,
[36m(TaskRunner pid=851244)[0m                   'launch_reward_fn_async': False,
[36m(TaskRunner pid=851244)[0m                   'max_length': None,
[36m(TaskRunner pid=851244)[0m                   'micro_batch_size': None,
[36m(TaskRunner pid=851244)[0m                   'micro_batch_size_per_gpu': None,
[36m(TaskRunner pid=851244)[0m                   'model': {'attn_implementation': 'sdpa',
[36m(TaskRunner pid=851244)[0m                             'external_lib': None,
[36m(TaskRunner pid=851244)[0m                             'fsdp_config': {'forward_prefetch': False,
[36m(TaskRunner pid=851244)[0m                                             'fsdp_size': -1,
[36m(TaskRunner pid=851244)[0m                                             'param_offload': False,
[36m(TaskRunner pid=851244)[0m                                             'reshard_after_forward': True,
[36m(TaskRunner pid=851244)[0m                                             'wrap_policy': {'min_num_params': 0}},
[36m(TaskRunner pid=851244)[0m                             'input_tokenizer': '/models/Qwen2.5-Math-7B',
[36m(TaskRunner pid=851244)[0m                             'path': '~/models/FsfairX-LLaMA3-RM-v0.1',
[36m(TaskRunner pid=851244)[0m                             'trust_remote_code': False,
[36m(TaskRunner pid=851244)[0m                             'use_fused_kernels': True,
[36m(TaskRunner pid=851244)[0m                             'use_remove_padding': False,
[36m(TaskRunner pid=851244)[0m                             'use_shm': False},
[36m(TaskRunner pid=851244)[0m                   'num_processes': 128,
[36m(TaskRunner pid=851244)[0m                   'profiler': {'all_ranks': False,
[36m(TaskRunner pid=851244)[0m                                'discrete': False,
[36m(TaskRunner pid=851244)[0m                                'ranks': None},
[36m(TaskRunner pid=851244)[0m                   'reward_manager': 'prime',
[36m(TaskRunner pid=851244)[0m                   'sandbox_fusion': {'max_concurrent': 64,
[36m(TaskRunner pid=851244)[0m                                      'memory_limit_mb': 1024,
[36m(TaskRunner pid=851244)[0m                                      'url': None},
[36m(TaskRunner pid=851244)[0m                   'strategy': 'fsdp',
[36m(TaskRunner pid=851244)[0m                   'ulysses_sequence_parallel_size': 1,
[36m(TaskRunner pid=851244)[0m                   'use_dynamic_bsz': False},
[36m(TaskRunner pid=851244)[0m  'trainer': {'balance_batch': True,
[36m(TaskRunner pid=851244)[0m              'controller_nsight_options': {'cuda-graph-trace': 'graph',
[36m(TaskRunner pid=851244)[0m                                            'cuda-memory-usage': 'true',
[36m(TaskRunner pid=851244)[0m                                            'trace': 'cuda,nvtx,cublas,ucx'},
[36m(TaskRunner pid=851244)[0m              'critic_warmup': 0,
[36m(TaskRunner pid=851244)[0m              'default_hdfs_dir': None,
[36m(TaskRunner pid=851244)[0m              'default_local_dir': '/tmp/ttrl_b200/checkpoints/ttrl_chunk_state_powerflow_support_flow_gain_mid_c128_b32_r32_v64_2step_20260801',
[36m(TaskRunner pid=851244)[0m              'del_local_ckpt_after_load': False,
[36m(TaskRunner pid=851244)[0m              'device': 'cuda',
[36m(TaskRunner pid=851244)[0m              'esi_redundant_time': 0,
[36m(TaskRunner pid=851244)[0m              'experiment_name': '0801-ttrl_chunk_state_powerflow_support_flow_gain_mid_c128_b32_r32_v64_2step_20260801-MATH-TTT-Qwen2.5-Math-7B-support-flow-gain-smoke',
[36m(TaskRunner pid=851244)[0m              'final_val_enable': False,
[36m(TaskRunner pid=851244)[0m              'log_val_generations': 0,
[36m(TaskRunner pid=851244)[0m              'logger': ['console'],
[36m(TaskRunner pid=851244)[0m              'max_actor_ckpt_to_keep': 0,
[36m(TaskRunner pid=851244)[0m              'max_critic_ckpt_to_keep': 0,
[36m(TaskRunner pid=851244)[0m              'n_gpus_per_node': 8,
[36m(TaskRunner pid=851244)[0m              'nnodes': 1,
[36m(TaskRunner pid=851244)[0m              'profile_steps': None,
[36m(TaskRunner pid=851244)[0m              'project_name': 'TTRL-verl-local',
[36m(TaskRunner pid=851244)[0m              'ray_wait_register_center_timeout': 300,
[36m(TaskRunner pid=851244)[0m              'resume_from_path': None,
[36m(TaskRunner pid=851244)[0m              'resume_mode': 'auto',
[36m(TaskRunner pid=851244)[0m              'rollout_data_dir': None,
[36m(TaskRunner pid=851244)[0m              'save_freq': -1,
[36m(TaskRunner pid=851244)[0m              'test_freq': 2000000,
[36m(TaskRunner pid=851244)[0m              'total_epochs': 1,
[36m(TaskRunner pid=851244)[0m              'total_training_steps': 2,
[36m(TaskRunner pid=851244)[0m              'val_before_train': False,
[36m(TaskRunner pid=851244)[0m              'val_only': False,
[36m(TaskRunner pid=851244)[0m              'validation_data_dir': None,
[36m(TaskRunner pid=851244)[0m              'worker_nsight_options': {'capture-range': 'cudaProfilerApi',
[36m(TaskRunner pid=851244)[0m                                        'capture-range-end': None,
[36m(TaskRunner pid=851244)[0m                                        'cuda-graph-trace': 'graph',
[36m(TaskRunner pid=851244)[0m                                        'cuda-memory-usage': 'true',
[36m(TaskRunner pid=851244)[0m                                        'kill': 'none',
[36m(TaskRunner pid=851244)[0m                                        'trace': 'cuda,nvtx,cublas,ucx'}},
[36m(TaskRunner pid=851244)[0m  'ttrl': {'chunk_state_actor_span': 'chunk',
[36m(TaskRunner pid=851244)[0m           'chunk_state_alpha': 2.0,
[36m(TaskRunner pid=851244)[0m           'chunk_state_answer_source_consistency_enable': False,
[36m(TaskRunner pid=851244)[0m           'chunk_state_answer_support_min_mass': 0.0,
[36m(TaskRunner pid=851244)[0m           'chunk_state_answer_support_score': 'mass',
[36m(TaskRunner pid=851244)[0m           'chunk_state_boundaries': [0, 256, 512, 768, 1024],
[36m(TaskRunner pid=851244)[0m           'chunk_state_boundary_mode': 'mid',
[36m(TaskRunner pid=851244)[0m           'chunk_state_candidates': 8,
[36m(TaskRunner pid=851244)[0m           'chunk_state_chunk_size': 128,
[36m(TaskRunner pid=851244)[0m           'chunk_state_confidence_power': 0.0,
[36m(TaskRunner pid=851244)[0m           'chunk_state_diag_enable': True,
[36m(TaskRunner pid=851244)[0m           'chunk_state_diag_jsonl': '/mlx_devbox/users/quyanyi/playground/TTRL/important_experiment_logs/chunk_state_diag/ttrl_chunk_state_powerflow_support_flow_gain_mid_c128_b32_r32_v64_2step_20260801.jsonl',
[36m(TaskRunner pid=851244)[0m           'chunk_state_enable': True,
[36m(TaskRunner pid=851244)[0m           'chunk_state_eps': 0.05,
[36m(TaskRunner pid=851244)[0m           'chunk_state_future_support_baseline_scale': 1.0,
[36m(TaskRunner pid=851244)[0m           'chunk_state_future_support_gain_slack': 0.125,
[36m(TaskRunner pid=851244)[0m           'chunk_state_future_support_max_mass_coef': 0.25,
[36m(TaskRunner pid=851244)[0m           'chunk_state_future_support_max_state_oov': 1.0,
[36m(TaskRunner pid=851244)[0m           'chunk_state_future_support_min_candidate_coverage': 0.0,
[36m(TaskRunner pid=851244)[0m           'chunk_state_future_support_min_candidate_mean_mass': 0.0,
[36m(TaskRunner pid=851244)[0m           'chunk_state_future_support_min_mass': 0.03125,
[36m(TaskRunner pid=851244)[0m           'chunk_state_future_support_min_positive_margin': 0.0,
[36m(TaskRunner pid=851244)[0m           'chunk_state_future_support_min_state_coverage': 0.0,
[36m(TaskRunner pid=851244)[0m           'chunk_state_future_support_min_state_max_mass': 0.0,
[36m(TaskRunner pid=851244)[0m           'chunk_state_future_support_min_state_mean_mass': 0.0,
[36m(TaskRunner pid=851244)[0m           'chunk_state_future_support_min_state_top_margin': 0.0,
[36m(TaskRunner pid=851244)[0m           'chunk_state_future_support_score_type': 'slack_gain',
[36m(TaskRunner pid=851244)[0m           'chunk_state_future_support_source_prior_weight': 2.0,
[36m(TaskRunner pid=851244)[0m           'chunk_state_label_consistent_only': True,
[36m(TaskRunner pid=851244)[0m           'chunk_state_max_prefix_tokens': 1024,
[36m(TaskRunner pid=851244)[0m           'chunk_state_mid_boundary_max_ratio': 0.8,
[36m(TaskRunner pid=851244)[0m           'chunk_state_mid_boundary_min_ratio': 0.25,
[36m(TaskRunner pid=851244)[0m           'chunk_state_min_answer_coverage': 0.0,
[36m(TaskRunner pid=851244)[0m           'chunk_state_min_boundary': 0,
[36m(TaskRunner pid=851244)[0m           'chunk_state_min_informative_gap': 0.0,
[36m(TaskRunner pid=851244)[0m           'chunk_state_min_majority_ratio': 0.0,
[36m(TaskRunner pid=851244)[0m           'chunk_state_min_prompt_top_mass': 0.0,
[36m(TaskRunner pid=851244)[0m           'chunk_state_min_source_answer_mass': 0.0,
[36m(TaskRunner pid=851244)[0m           'chunk_state_powerflow_weight_clip': 4.0,
[36m(TaskRunner pid=851244)[0m           'chunk_state_powerflow_weight_clip_renorm': True,
[36m(TaskRunner pid=851244)[0m           'chunk_state_probe_max_tokens': 3072,
[36m(TaskRunner pid=851244)[0m           'chunk_state_probe_samples': 1,
[36m(TaskRunner pid=851244)[0m           'chunk_state_prune_zero_weight_samples': True,
[36m(TaskRunner pid=851244)[0m           'chunk_state_score_mode': 'support_flow',
[36m(TaskRunner pid=851244)[0m           'chunk_state_skip_all_negative': True,
[36m(TaskRunner pid=851244)[0m           'chunk_state_skip_uniform': False,
[36m(TaskRunner pid=851244)[0m           'chunk_state_source_chunk_candidate_index': 0,
[36m(TaskRunner pid=851244)[0m           'chunk_state_source_chunk_enable': False,
[36m(TaskRunner pid=851244)[0m           'chunk_state_source_mode': 'majority_consistent',
[36m(TaskRunner pid=851244)[0m           'chunk_state_states_per_prompt': 1,
[36m(TaskRunner pid=851244)[0m           'chunk_state_support_anchor_candidate_start': 0,
[36m(TaskRunner pid=851244)[0m           'chunk_state_support_anchor_count': 4,
[36m(TaskRunner pid=851244)[0m           'chunk_state_support_anchor_min_mass': 0.03125,
[36m(TaskRunner pid=851244)[0m           'chunk_state_support_flow_baseline_scale': 1.0,
[36m(TaskRunner pid=851244)[0m           'chunk_state_support_flow_gain_slack': 0.03125,
[36m(TaskRunner pid=851244)[0m           'chunk_state_support_flow_min_positive_margin': -1.0,
[36m(TaskRunner pid=851244)[0m           'chunk_state_support_flow_score_type': 'gain',
[36m(TaskRunner pid=851244)[0m           'chunk_state_support_flow_source_prior_weight': 1.0,
[36m(TaskRunner pid=851244)[0m W0801 17:34:14.288000 851244 torch/utils/cpp_extension.py:140] No CUDA runtime is found, using CUDA_HOME='/mlx_devbox/users/quyanyi/playground/.venvs/ttrl_b200/lib/python3.11/site-packages/nvidia/cu13'
[36m(TaskRunner pid=851244)[0m Generating train split: 0 examples [00:00, ? examples/s]
[36m(TaskRunner pid=851244)[0m Generating train split: 500 examples [00:00, 124548.76 examples/s]
[36m(TaskRunner pid=851244)[0m Setting TOKENIZERS_PARALLELISM=false for forked processes.
[36m(TaskRunner pid=851244)[0m WARNING:2026-08-01 17:34:17,482:Setting TOKENIZERS_PARALLELISM=false for forked processes.
[36m(TaskRunner pid=851244)[0m Filtering prompts longer than 1024 tokens (num_proc=1):   0%|          | 0/500 [00:00<?, ? examples/s]
[36m(TaskRunner pid=851244)[0m Filtering prompts longer than 1024 tokens (num_proc=1): 100%|██████████| 500/500 [00:01<00:00, 260.86 examples/s]
[36m(TaskRunner pid=851244)[0m Filtering prompts longer than 1024 tokens (num_proc=1): 100%|██████████| 500/500 [00:02<00:00, 246.13 examples/s]
[36m(TaskRunner pid=851244)[0m Generating train split: 0 examples [00:00, ? examples/s]Generating train split: 500 examples [00:00, 170708.34 examples/s]
[36m(TaskRunner pid=851244)[0m Setting TOKENIZERS_PARALLELISM=false for forked processes.
[36m(TaskRunner pid=851244)[0m WARNING:2026-08-01 17:34:20,967:Setting TOKENIZERS_PARALLELISM=false for forked processes.
[36m(TaskRunner pid=851244)[0m Filtering prompts longer than 1024 tokens (num_proc=1):   0%|          | 0/500 [00:00<?, ? examples/s]
[36m(TaskRunner pid=851244)[0m Filtering prompts longer than 1024 tokens (num_proc=1): 100%|██████████| 500/500 [00:01<00:00, 261.78 examples/s]
[36m(TaskRunner pid=851244)[0m           'chunk_state_target_guard_anchor': True,
[36m(TaskRunner pid=851244)[0m           'chunk_state_target_guard_bad_probe_ratio': 0.5,
[36m(TaskRunner pid=851244)[0m           'chunk_state_target_guard_candidate_assistant_marker': True,
[36m(TaskRunner pid=851244)[0m           'chunk_state_target_guard_candidate_enable': False,
[36m(TaskRunner pid=851244)[0m           'chunk_state_target_guard_candidate_max_boxed_count': 1,
[36m(TaskRunner pid=851244)[0m           'chunk_state_target_guard_enable': False,
[36m(TaskRunner pid=851244)[0m           'chunk_state_target_guard_max_boxed_count': 2,
[36m(TaskRunner pid=851244)[0m           'chunk_state_target_guard_min_answer_mass': 0.0,
[36m(TaskRunner pid=851244)[0m           'chunk_state_target_guard_use_distribution_score': False,
[36m(TaskRunner pid=851244)[0m           'chunk_state_target_guard_use_mass_gain': False,
[36m(TaskRunner pid=851244)[0m           'chunk_state_teacher_anchor_candidate_index': 0,
[36m(TaskRunner pid=851244)[0m           'chunk_state_teacher_anchor_enable': False,
[36m(TaskRunner pid=851244)[0m           'chunk_state_teacher_anchor_score': 1.0,
[36m(TaskRunner pid=851244)[0m           'chunk_state_zero_inconsistent_candidates': True,
[36m(TaskRunner pid=851244)[0m           'enable': True,
[36m(TaskRunner pid=851244)[0m           'majority_vote_num_processes': 64,
[36m(TaskRunner pid=851244)[0m           'n_samples_per_prompt': 32,
[36m(TaskRunner pid=851244)[0m           'n_votes_per_prompt': 64,
[36m(TaskRunner pid=851244)[0m           'powerflow_no_majority': False,
[36m(TaskRunner pid=851244)[0m           'sharpened_alpha': 2.0,
[36m(TaskRunner pid=851244)[0m           'sharpened_conf_temperature': 1.0,
[36m(TaskRunner pid=851244)[0m           'sharpened_enable': False,
[36m(TaskRunner pid=851244)[0m           'sharpened_negative_enable': True,
[36m(TaskRunner pid=851244)[0m           'sharpened_negative_reward': -0.25,
[36m(TaskRunner pid=851244)[0m           'sharpened_reward_mode': 'prob',
[36m(TaskRunner pid=851244)[0m           'sharpened_soft_coef': 0.25,
[36m(TaskRunner pid=851244)[0m           'sharpened_tau_low': 0.125,
[36m(TaskRunner pid=851244)[0m           'sharpened_tau_marg': 0.125,
[36m(TaskRunner pid=851244)[0m           'sharpened_tau_pos': 0.375,
[36m(TaskRunner pid=851244)[0m           'sharpened_use_confidence': True}}
[36m(TaskRunner pid=851244)[0m WARNING 08-01 17:34:15 [interface.py:358] Failed to import from vllm._C: ModuleNotFoundError("No module named 'vllm._C'")
[36m(TaskRunner pid=851244)[0m WARNING 08-01 17:34:15 [interface.py:358] Failed to import from vllm._C: ModuleNotFoundError("No module named 'vllm._C'")
[36m(TaskRunner pid=851244)[0m WARNING 08-01 17:34:15 [interface.py:358] Failed to import from vllm._C: ModuleNotFoundError("No module named 'vllm._C'")
[36m(TaskRunner pid=851244)[0m WARNING 08-01 17:34:15 [interface.py:358] Failed to import from vllm._C: ModuleNotFoundError("No module named 'vllm._C'")
[36m(TaskRunner pid=851244)[0m using customized reward function 'reward_func' from './verl/utils/reward_score/ttrl_math/__init__.py'
[36m(TaskRunner pid=851244)[0m using customized reward function 'reward_func' from './verl/utils/reward_score/ttrl_math/__init__.py'
[36m(TaskRunner pid=851244)[0m Using dataset class: RLHFDataset
[36m(TaskRunner pid=851244)[0m dataset len: 500
[36m(TaskRunner pid=851244)[0m filter dataset len: 500
[36m(TaskRunner pid=851244)[0m Using dataset class: RLHFDataset
[36m(TaskRunner pid=851244)[0m dataset len: 500
Error executing job with overrides: ['data.train_files=[/mlx_devbox/users/quyanyi/playground/TTRL/verl/data/MATH-TTT/train.parquet]', 'data.val_files=[/mlx_devbox/users/quyanyi/playground/TTRL/verl/data/MATH-TTT/test.parquet]', 'data.max_prompt_length=1024', 'data.max_response_length=1024', 'data.train_batch_size=32', 'data.filter_overlong_prompts=True', 'data.truncation=error', 'actor_rollout_ref.model.path=/models/Qwen2.5-Math-7B', 'actor_rollout_ref.model.attn_implementation=sdpa', 'actor_rollout_ref.model.enable_gradient_checkpointing=True', 'actor_rollout_ref.model.enable_activation_offload=False', 'actor_rollout_ref.model.use_remove_padding=True', 'actor_rollout_ref.actor.ppo_mini_batch_size=8', 'actor_rollout_ref.actor.ppo_micro_batch_size_per_gpu=1', 'actor_rollout_ref.actor.use_dynamic_bsz=False', 'actor_rollout_ref.actor.use_kl_loss=True', 'actor_rollout_ref.actor.optim.lr=5e-7', 'actor_rollout_ref.actor.optim.lr_warmup_steps_ratio=0.03', 'actor_rollout_ref.actor.optim.warmup_style=cosine', 'actor_rollout_ref.actor.fsdp_config.param_offload=False', 'actor_rollout_ref.actor.fsdp_config.optimizer_offload=False', 'actor_rollout_ref.actor.ppo_max_token_len_per_gpu=8192', 'actor_rollout_ref.ref.log_prob_micro_batch_size_per_gpu=1', 'actor_rollout_ref.ref.fsdp_config.param_offload=True', 'actor_rollout_ref.rollout.name=vllm', 'actor_rollout_ref.rollout.temperature=1.0', 'actor_rollout_ref.rollout.enforce_eager=False', 'actor_rollout_ref.rollout.free_cache_engine=False', 'actor_rollout_ref.rollout.log_prob_micro_batch_size_per_gpu=1', 'actor_rollout_ref.rollout.tensor_model_parallel_size=1', 'actor_rollout_ref.rollout.gpu_memory_utilization=0.82', 'actor_rollout_ref.rollout.n=32', 'actor_rollout_ref.rollout.val_kwargs.do_sample=True', 'actor_rollout_ref.rollout.val_kwargs.n=1', 'actor_rollout_ref.rollout.val_kwargs.top_p=0.95', 'actor_rollout_ref.rollout.val_kwargs.temperature=0.6', 'actor_rollout_ref.rollout.max_model_len=2048', 'actor_rollout_ref.rollout.max_num_batched_tokens=32768', 'critic.optim.lr=9e-6', 'critic.model.use_remove_padding=True', 'critic.model.path=/models/Qwen2.5-Math-7B', 'critic.model.attn_implementation=sdpa', 'critic.model.enable_gradient_checkpointing=True', 'critic.model.enable_activation_offload=False', 'critic.ppo_micro_batch_size_per_gpu=1', 'critic.model.fsdp_config.param_offload=False', 'critic.model.fsdp_config.optimizer_offload=False', 'algorithm.kl_ctrl.kl_coef=0.00', 'algorithm.adv_estimator=grpo', 'custom_reward_function.path=./verl/utils/reward_score/ttrl_math/__init__.py', 'custom_reward_function.name=reward_func', 'ttrl.enable=True', 'ttrl.n_votes_per_prompt=64', 'ttrl.n_samples_per_prompt=32', 'trainer.logger=[console]', 'trainer.project_name=TTRL-verl-local', 'trainer.experiment_name=0801-ttrl_chunk_state_powerflow_support_flow_gain_mid_c128_b32_r32_v64_2step_20260801-MATH-TTT-Qwen2.5-Math-7B-support-flow-gain-smoke', 'trainer.n_gpus_per_node=8', 'trainer.nnodes=1', 'trainer.save_freq=-1', 'trainer.test_freq=2000000', 'trainer.val_before_train=False', 'trainer.max_actor_ckpt_to_keep=0', 'trainer.max_critic_ckpt_to_keep=0', 'trainer.default_local_dir=/tmp/ttrl_b200/checkpoints/ttrl_chunk_state_powerflow_support_flow_gain_mid_c128_b32_r32_v64_2step_20260801', 'trainer.total_epochs=1', 'actor_rollout_ref.model.use_fused_kernels=True', 'actor_rollout_ref.model.fused_kernel_options.impl_backend=triton', 'actor_rollout_ref.rollout.engine_kwargs.vllm.attention_config.backend=FLASH_ATTN', 'reward_model.reward_manager=prime', 'reward_model.num_processes=128', 'ttrl.majority_vote_num_processes=64', '+actor_rollout_ref.rollout.logprobs=1', 'actor_rollout_ref.rollout.calculate_log_probs=True', 'actor_rollout_ref.rollout.use_rollout_log_probs_as_old=True', 'trainer.total_training_steps=2', 'trainer.test_freq=2000000', 'trainer.save_freq=-1', 'trainer.val_before_train=False', 'trainer.final_val_enable=False', 'trainer.log_val_generations=0', 'ttrl.chunk_state_enable=True', 'ttrl.chunk_state_score_mode=support_flow', 'ttrl.chunk_state_source_mode=majority_consistent', 'ttrl.chunk_state_boundary_mode=mid', 'ttrl.chunk_state_chunk_size=128', 'ttrl.chunk_state_candidates=8', 'ttrl.chunk_state_support_anchor_count=4', 'ttrl.chunk_state_support_anchor_candidate_start=0', 'ttrl.chunk_state_support_anchor_min_mass=0.03125', 'ttrl.chunk_state_support_flow_score_type=gain', 'ttrl.chunk_state_support_flow_gain_slack=0.03125', 'ttrl.chunk_state_support_flow_baseline_scale=1.0', 'ttrl.chunk_state_support_flow_source_prior_weight=1.0', 'ttrl.chunk_state_support_flow_min_positive_margin=-1.0', 'ttrl.chunk_state_label_consistent_only=True', 'ttrl.chunk_state_zero_inconsistent_candidates=True', 'ttrl.chunk_state_prune_zero_weight_samples=True', 'ttrl.chunk_state_powerflow_weight_clip=4.0', 'ttrl.chunk_state_powerflow_weight_clip_renorm=True', 'ttrl.chunk_state_skip_all_negative=True', 'ttrl.chunk_state_diag_enable=True', 'ttrl.chunk_state_diag_jsonl=/mlx_devbox/users/quyanyi/playground/TTRL/important_experiment_logs/chunk_state_diag/ttrl_chunk_state_powerflow_support_flow_gain_mid_c128_b32_r32_v64_2step_20260801.jsonl', 'actor_rollout_ref.actor.use_dynamic_bsz=False']
[36m(TaskRunner pid=851244)[0m Filtering prompts longer than 1024 tokens (num_proc=1): 100%|██████████| 500/500 [00:02<00:00, 245.33 examples/s]
[36m(TaskRunner pid=851244)[0m DeprecationWarning: `ray.state.available_resources_per_node` is a private attribute and access will be removed in a future Ray version.
Traceback (most recent call last):
  File "/mlx_devbox/users/quyanyi/playground/TTRL/verl/verl/trainer/main_ppo.py", line 31, in main
    run_ppo(config)
  File "/mlx_devbox/users/quyanyi/playground/TTRL/verl/verl/trainer/main_ppo.py", line 63, in run_ppo
    ray.get(runner.run.remote(config))
  File "/mlx_devbox/users/quyanyi/playground/.venvs/ttrl_b200/lib/python3.11/site-packages/ray/_private/auto_init_hook.py", line 22, in auto_init_wrapper
    return fn(*args, **kwargs)
           ^^^^^^^^^^^^^^^^^^^
  File "/mlx_devbox/users/quyanyi/playground/.venvs/ttrl_b200/lib/python3.11/site-packages/ray/_private/client_mode_hook.py", line 110, in wrapper
    return func(*args, **kwargs)
           ^^^^^^^^^^^^^^^^^^^^^
  File "/mlx_devbox/users/quyanyi/playground/.venvs/ttrl_b200/lib/python3.11/site-packages/ray/_private/worker.py", line 2968, in get
    values, debugger_breakpoint = worker.get_objects(
                                  ^^^^^^^^^^^^^^^^^^^
  File "/mlx_devbox/users/quyanyi/playground/.venvs/ttrl_b200/lib/python3.11/site-packages/ray/_private/worker.py", line 1050, in get_objects
    raise value.as_instanceof_cause()
ray.exceptions.RayTaskError(ValueError): [36mray::TaskRunner.run()[39m (pid=851244, ip=172.18.1.200, actor_id=6e7e84b62ecdb013f88947fc01000000, repr=<main_ppo.TaskRunner object at 0x7fe435a32b50>)
           ^^^^^^^^^^^^^^^^^^^^^^^^^^^^^^^^^^^^
           ^^^^^^^^^^^^^^^^^^^^^^^^^^^^^^^
  File "/mlx_devbox/users/quyanyi/playground/TTRL/verl/verl/trainer/main_ppo.py", line 215, in run
    trainer.init_workers()
  File "/mlx_devbox/users/quyanyi/playground/TTRL/verl/verl/trainer/ppo/ray_trainer.py", line 815, in init_workers
    self.resource_pool_manager.create_resource_pool()
  File "/mlx_devbox/users/quyanyi/playground/TTRL/verl/verl/trainer/ppo/ray_trainer.py", line 103, in create_resource_pool
    self._check_resource_available()
  File "/mlx_devbox/users/quyanyi/playground/TTRL/verl/verl/trainer/ppo/ray_trainer.py", line 127, in _check_resource_available
    raise ValueError(
ValueError: Total available GPUs 0 is less than total desired GPUs 8

Set the environment variable HYDRA_FULL_ERROR=1 for a complete stack trace.
[36m(TaskRunner pid=851244)[0m filter dataset len: 500
[36m(TaskRunner pid=851244)[0m [validate_config] All configuration checks passed successfully!
[36m(TaskRunner pid=851244)[0m Size of train dataloader: 15, Size of val dataloader: 1
[36m(TaskRunner pid=851244)[0m Total training steps: 2
MODEL_READY: /models/Qwen2.5-Math-7B
Using python: /mlx_devbox/users/quyanyi/playground/.venvs/ttrl_b200/bin/python
Using model: /models/Qwen2.5-Math-7B
Using data: /mlx_devbox/users/quyanyi/playground/TTRL/verl/data/MATH-TTT
Output directory: /tmp/ttrl_b200/checkpoints/ttrl_chunk_state_powerflow_support_flow_gain_mid_c128_b32_r32_v64_2step_20260801
Actor offload: param=False optimizer=False activation=False
Rollout: free_cache_engine=False enforce_eager=False gpu_memory_utilization=0.82
Critic offload: param=False optimizer=False activation=False
/mlx_devbox/users/quyanyi/playground/TTRL/verl/verl/__init__.py:18: UserWarning: pkg_resources is deprecated as an API. See https://setuptools.pypa.io/en/latest/pkg_resources.html. The pkg_resources package is slated for removal as early as 2025-11-30. Refrain from using this package or pin to Setuptools<81.
  import pkg_resources
/mlx_devbox/users/quyanyi/playground/.venvs/ttrl_b200/lib/python3.11/site-packages/huggingface_hub/constants.py:298: FutureWarning: The `HF_HUB_ENABLE_HF_TRANSFER` environment variable is deprecated as 'hf_transfer' is not used anymore. Please use `HF_XET_HIGH_PERFORMANCE` instead to enable high performance transfer with Xet. Visit https://huggingface.co/docs/huggingface_hub/package_reference/environment_variables#hfxethighperformance for more details.
  warnings.warn(
2026-08-01 17:35:55,507	INFO worker.py:2024 -- Started a local Ray instance.
[36m(pid=2559485)[0m /mlx_devbox/users/quyanyi/playground/TTRL/verl/verl/__init__.py:18: UserWarning: pkg_resources is deprecated as an API. See https://setuptools.pypa.io/en/latest/pkg_resources.html. The pkg_resources package is slated for removal as early as 2025-11-30. Refrain from using this package or pin to Setuptools<81.
[36m(pid=2559485)[0m   import pkg_resources
[36m(pid=2559485)[0m /mlx_devbox/users/quyanyi/playground/.venvs/ttrl_b200/lib/python3.11/site-packages/huggingface_hub/constants.py:298: FutureWarning: The `HF_HUB_ENABLE_HF_TRANSFER` environment variable is deprecated as 'hf_transfer' is not used anymore. Please use `HF_XET_HIGH_PERFORMANCE` instead to enable high performance transfer with Xet. Visit https://huggingface.co/docs/huggingface_hub/package_reference/environment_variables#hfxethighperformance for more details.
[36m(pid=2559485)[0m   warnings.warn(
[36m(TaskRunner pid=2559485)[0m TaskRunner hostname: trial-302172199-trialrun-302172199-worker-0, PID: 2559485
[36m(TaskRunner pid=2559485)[0m {'actor_rollout_ref': {'actor': {'checkpoint': {'load_contents': ['model',
[36m(TaskRunner pid=2559485)[0m                                                                   'optimizer',
[36m(TaskRunner pid=2559485)[0m                                                                   'extra'],
[36m(TaskRunner pid=2559485)[0m                                                 'save_contents': ['model',
[36m(TaskRunner pid=2559485)[0m                                                                   'optimizer',
[36m(TaskRunner pid=2559485)[0m                                                                   'extra']},
[36m(TaskRunner pid=2559485)[0m                                  'chunk_weighted_nll_enable': False,
[36m(TaskRunner pid=2559485)[0m                                  'clip_ratio': 0.2,
[36m(TaskRunner pid=2559485)[0m                                  'clip_ratio_c': 3.0,
[36m(TaskRunner pid=2559485)[0m                                  'clip_ratio_high': 0.2,
[36m(TaskRunner pid=2559485)[0m                                  'clip_ratio_low': 0.2,
[36m(TaskRunner pid=2559485)[0m                                  'entropy_checkpointing': False,
[36m(TaskRunner pid=2559485)[0m                                  'entropy_coeff': 0,
[36m(TaskRunner pid=2559485)[0m                                  'entropy_from_logits_with_chunking': False,
[36m(TaskRunner pid=2559485)[0m                                  'fsdp_config': {'forward_prefetch': False,
[36m(TaskRunner pid=2559485)[0m                                                  'fsdp_size': -1,
[36m(TaskRunner pid=2559485)[0m                                                  'offload_policy': False,
[36m(TaskRunner pid=2559485)[0m                                                  'optimizer_offload': False,
[36m(TaskRunner pid=2559485)[0m                                                  'param_offload': False,
[36m(TaskRunner pid=2559485)[0m                                                  'reshard_after_forward': True,
[36m(TaskRunner pid=2559485)[0m                                                  'wrap_policy': {'min_num_params': 0}},
[36m(TaskRunner pid=2559485)[0m                                  'grad_clip': 1.0,
[36m(TaskRunner pid=2559485)[0m                                  'kl_loss_coef': 0.001,
[36m(TaskRunner pid=2559485)[0m                                  'kl_loss_type': 'low_var_kl',
[36m(TaskRunner pid=2559485)[0m                                  'loss_agg_mode': 'token-mean',
[36m(TaskRunner pid=2559485)[0m                                  'optim': {'lr': 5e-07,
[36m(TaskRunner pid=2559485)[0m                                            'lr_warmup_steps': -1,
[36m(TaskRunner pid=2559485)[0m                                            'lr_warmup_steps_ratio': 0.03,
[36m(TaskRunner pid=2559485)[0m                                            'min_lr_ratio': 0.0,
[36m(TaskRunner pid=2559485)[0m                                            'num_cycles': 0.5,
[36m(TaskRunner pid=2559485)[0m                                            'total_training_steps': -1,
[36m(TaskRunner pid=2559485)[0m                                            'warmup_style': 'cosine',
[36m(TaskRunner pid=2559485)[0m                                            'weight_decay': 0.01},
[36m(TaskRunner pid=2559485)[0m                                  'policy_loss': {'clip_cov_lb': 1.0,
[36m(TaskRunner pid=2559485)[0m                                                  'clip_cov_ratio': 0.0002,
[36m(TaskRunner pid=2559485)[0m                                                  'clip_cov_ub': 5.0,
[36m(TaskRunner pid=2559485)[0m                                                  'kl_cov_ratio': 0.0002,
[36m(TaskRunner pid=2559485)[0m                                                  'loss_mode': 'vanilla',
[36m(TaskRunner pid=2559485)[0m                                                  'ppo_kl_coef': 0.1},
[36m(TaskRunner pid=2559485)[0m                                  'powerflow_beta_coef': 4.0,
[36m(TaskRunner pid=2559485)[0m                                  'powerflow_chunk_loss_mode': 'standard',
[36m(TaskRunner pid=2559485)[0m                                  'powerflow_enable': False,
[36m(TaskRunner pid=2559485)[0m                                  'powerflow_init_ref_log_prob': 0.36,
[36m(TaskRunner pid=2559485)[0m                                  'powerflow_on_policy': False,
[36m(TaskRunner pid=2559485)[0m                                  'powerflow_proj_layers': 3,
[36m(TaskRunner pid=2559485)[0m                                  'powerflow_use_boxed_reward': False,
[36m(TaskRunner pid=2559485)[0m                                  'powerflow_use_chunk_weights': False,
[36m(TaskRunner pid=2559485)[0m                                  'ppo_epochs': 1,
[36m(TaskRunner pid=2559485)[0m                                  'ppo_max_token_len_per_gpu': 8192,
[36m(TaskRunner pid=2559485)[0m                                  'ppo_micro_batch_size': None,
[36m(TaskRunner pid=2559485)[0m                                  'ppo_micro_batch_size_per_gpu': 1,
[36m(TaskRunner pid=2559485)[0m                                  'ppo_mini_batch_size': 8,
[36m(TaskRunner pid=2559485)[0m                                  'profiler': {'all_ranks': False,
[36m(TaskRunner pid=2559485)[0m                                               'discrete': False,
[36m(TaskRunner pid=2559485)[0m                                               'ranks': None},
[36m(TaskRunner pid=2559485)[0m                                  'shuffle': False,
[36m(TaskRunner pid=2559485)[0m                                  'strategy': 'fsdp',
[36m(TaskRunner pid=2559485)[0m                                  'ulysses_sequence_parallel_size': 1,
[36m(TaskRunner pid=2559485)[0m                                  'use_dynamic_bsz': False,
[36m(TaskRunner pid=2559485)[0m                                  'use_kl_loss': True,
[36m(TaskRunner pid=2559485)[0m                                  'use_torch_compile': True},
[36m(TaskRunner pid=2559485)[0m                        'hybrid_engine': True,
[36m(TaskRunner pid=2559485)[0m                        'model': {'attn_implementation': 'sdpa',
[36m(TaskRunner pid=2559485)[0m                                  'custom_chat_template': None,
[36m(TaskRunner pid=2559485)[0m                                  'enable_activation_offload': False,
[36m(TaskRunner pid=2559485)[0m                                  'enable_gradient_checkpointing': True,
[36m(TaskRunner pid=2559485)[0m                                  'exclude_modules': None,
[36m(TaskRunner pid=2559485)[0m                                  'external_lib': None,
[36m(TaskRunner pid=2559485)[0m                                  'fused_kernel_options': {'impl_backend': 'triton'},
[36m(TaskRunner pid=2559485)[0m                                  'lora_alpha': 16,
[36m(TaskRunner pid=2559485)[0m                                  'lora_rank': 0,
[36m(TaskRunner pid=2559485)[0m                                  'override_config': {},
[36m(TaskRunner pid=2559485)[0m                                  'path': '/models/Qwen2.5-Math-7B',
[36m(TaskRunner pid=2559485)[0m                                  'target_modules': 'all-linear',
[36m(TaskRunner pid=2559485)[0m                                  'trust_remote_code': False,
[36m(TaskRunner pid=2559485)[0m                                  'use_fused_kernels': True,
[36m(TaskRunner pid=2559485)[0m                                  'use_liger': False,
[36m(TaskRunner pid=2559485)[0m                                  'use_remove_padding': True,
[36m(TaskRunner pid=2559485)[0m                                  'use_shm': False},
[36m(TaskRunner pid=2559485)[0m                        'ref': {'entropy_checkpointing': False,
[36m(TaskRunner pid=2559485)[0m                                'entropy_from_logits_with_chunking': False,
[36m(TaskRunner pid=2559485)[0m                                'fsdp_config': {'forward_prefetch': False,
[36m(TaskRunner pid=2559485)[0m                                                'param_offload': True,
[36m(TaskRunner pid=2559485)[0m                                                'reshard_after_forward': True,
[36m(TaskRunner pid=2559485)[0m                                                'wrap_policy': {'min_num_params': 0}},
[36m(TaskRunner pid=2559485)[0m                                'log_prob_max_token_len_per_gpu': 8192,
[36m(TaskRunner pid=2559485)[0m                                'log_prob_micro_batch_size': None,
[36m(TaskRunner pid=2559485)[0m                                'log_prob_micro_batch_size_per_gpu': 1,
[36m(TaskRunner pid=2559485)[0m                                'log_prob_use_dynamic_bsz': False,
[36m(TaskRunner pid=2559485)[0m                                'profiler': {'all_ranks': False,
[36m(TaskRunner pid=2559485)[0m                                             'discrete': False,
[36m(TaskRunner pid=2559485)[0m                                             'ranks': None},
[36m(TaskRunner pid=2559485)[0m                                'strategy': 'fsdp',
[36m(TaskRunner pid=2559485)[0m                                'ulysses_sequence_parallel_size': 1,
[36m(TaskRunner pid=2559485)[0m                                'use_torch_compile': True},
[36m(TaskRunner pid=2559485)[0m                        'rollout': {'agent': {'num_workers': 8},
[36m(TaskRunner pid=2559485)[0m                                    'calculate_log_probs': True,
[36m(TaskRunner pid=2559485)[0m                                    'disable_log_stats': True,
[36m(TaskRunner pid=2559485)[0m                                    'do_sample': True,
[36m(TaskRunner pid=2559485)[0m                                    'dtype': 'bfloat16',
[36m(TaskRunner pid=2559485)[0m                                    'enable_chunked_prefill': True,
[36m(TaskRunner pid=2559485)[0m                                    'enforce_eager': False,
[36m(TaskRunner pid=2559485)[0m                                    'engine_kwargs': {'sglang': {'attention_backend': None},
[36m(TaskRunner pid=2559485)[0m                                                      'vllm': {'attention_config': {'backend': 'FLASH_ATTN'},
[36m(TaskRunner pid=2559485)[0m                                                               'disable_mm_preprocessor_cache': False,
[36m(TaskRunner pid=2559485)[0m                                                               'swap_space': None}},
[36m(TaskRunner pid=2559485)[0m                                    'free_cache_engine': False,
[36m(TaskRunner pid=2559485)[0m                                    'gpu_memory_utilization': 0.82,
[36m(TaskRunner pid=2559485)[0m                                    'ignore_eos': False,
[36m(TaskRunner pid=2559485)[0m                                    'layered_summon': False,
[36m(TaskRunner pid=2559485)[0m                                    'load_format': 'dummy_dtensor',
[36m(TaskRunner pid=2559485)[0m                                    'log_prob_max_token_len_per_gpu': 8192,
[36m(TaskRunner pid=2559485)[0m                                    'log_prob_micro_batch_size': None,
[36m(TaskRunner pid=2559485)[0m                                    'log_prob_micro_batch_size_per_gpu': 1,
[36m(TaskRunner pid=2559485)[0m                                    'log_prob_use_dynamic_bsz': False,
[36m(TaskRunner pid=2559485)[0m                                    'logprobs': 1,
[36m(TaskRunner pid=2559485)[0m                                    'max_model_len': 2048,
[36m(TaskRunner pid=2559485)[0m                                    'max_num_batched_tokens': 32768,
[36m(TaskRunner pid=2559485)[0m                                    'max_num_seqs': 1024,
[36m(TaskRunner pid=2559485)[0m                                    'mode': 'sync',
[36m(TaskRunner pid=2559485)[0m                                    'multi_stage_wake_up': False,
[36m(TaskRunner pid=2559485)[0m                                    'multi_turn': {'completion_callback': None,
[36m(TaskRunner pid=2559485)[0m                                                   'enable': False,
[36m(TaskRunner pid=2559485)[0m                                                   'format': 'hermes',
[36m(TaskRunner pid=2559485)[0m                                                   'interaction_config_path': None,
[36m(TaskRunner pid=2559485)[0m                                                   'max_assistant_turns': None,
[36m(TaskRunner pid=2559485)[0m                                                   'max_parallel_calls': 1,
[36m(TaskRunner pid=2559485)[0m                                                   'max_tool_response_length': 256,
[36m(TaskRunner pid=2559485)[0m                                                   'max_user_turns': None,
[36m(TaskRunner pid=2559485)[0m                                                   'tokenization_sanity_check_mode': 'strict',
[36m(TaskRunner pid=2559485)[0m                                                   'tool_config_path': None,
[36m(TaskRunner pid=2559485)[0m                                                   'tool_response_truncate_side': 'middle',
[36m(TaskRunner pid=2559485)[0m                                                   'use_inference_chat_template': False},
[36m(TaskRunner pid=2559485)[0m                                    'n': 32,
[36m(TaskRunner pid=2559485)[0m                                    'name': 'vllm',
[36m(TaskRunner pid=2559485)[0m                                    'profiler': {'all_ranks': False,
[36m(TaskRunner pid=2559485)[0m                                                 'discrete': False,
[36m(TaskRunner pid=2559485)[0m                                                 'ranks': None},
[36m(TaskRunner pid=2559485)[0m                                    'prompt_length': 1024,
[36m(TaskRunner pid=2559485)[0m                                    'response_length': 1024,
[36m(TaskRunner pid=2559485)[0m                                    'temperature': 1.0,
[36m(TaskRunner pid=2559485)[0m                                    'tensor_model_parallel_size': 1,
[36m(TaskRunner pid=2559485)[0m                                    'top_k': -1,
[36m(TaskRunner pid=2559485)[0m                                    'top_p': 1,
[36m(TaskRunner pid=2559485)[0m                                    'use_rollout_log_probs_as_old': True,
[36m(TaskRunner pid=2559485)[0m                                    'val_kwargs': {'do_sample': True,
[36m(TaskRunner pid=2559485)[0m                                                   'n': 1,
[36m(TaskRunner pid=2559485)[0m                                                   'temperature': 0.6,
[36m(TaskRunner pid=2559485)[0m                                                   'top_k': -1,
[36m(TaskRunner pid=2559485)[0m                                                   'top_p': 0.95}}},
[36m(TaskRunner pid=2559485)[0m  'algorithm': {'adv_estimator': 'grpo',
[36m(TaskRunner pid=2559485)[0m                'gamma': 1.0,
[36m(TaskRunner pid=2559485)[0m                'kl_ctrl': {'horizon': 10000,
[36m(TaskRunner pid=2559485)[0m                            'kl_coef': 0.0,
[36m(TaskRunner pid=2559485)[0m                            'target_kl': 0.1,
[36m(TaskRunner pid=2559485)[0m                            'type': 'fixed'},
[36m(TaskRunner pid=2559485)[0m                'kl_penalty': 'kl',
[36m(TaskRunner pid=2559485)[0m                'lam': 1.0,
[36m(TaskRunner pid=2559485)[0m                'norm_adv_by_std_in_grpo': True,
[36m(TaskRunner pid=2559485)[0m                'pf_ppo': {'reweight_method': 'pow', 'weight_pow': 2.0},
[36m(TaskRunner pid=2559485)[0m                'use_kl_in_reward': False,
[36m(TaskRunner pid=2559485)[0m                'use_pf_ppo': False},
[36m(TaskRunner pid=2559485)[0m  'critic': {'checkpoint': {'load_contents': ['model', 'optimizer', 'extra'],
[36m(TaskRunner pid=2559485)[0m                            'save_contents': ['model', 'optimizer', 'extra']},
[36m(TaskRunner pid=2559485)[0m             'cliprange_value': 0.5,
[36m(TaskRunner pid=2559485)[0m             'forward_max_token_len_per_gpu': 32768,
[36m(TaskRunner pid=2559485)[0m             'forward_micro_batch_size': None,
[36m(TaskRunner pid=2559485)[0m             'forward_micro_batch_size_per_gpu': 1,
[36m(TaskRunner pid=2559485)[0m             'grad_clip': 1.0,
[36m(TaskRunner pid=2559485)[0m             'loss_agg_mode': 'token-mean',
[36m(TaskRunner pid=2559485)[0m             'model': {'attn_implementation': 'sdpa',
[36m(TaskRunner pid=2559485)[0m                       'enable_activation_offload': False,
[36m(TaskRunner pid=2559485)[0m                       'enable_gradient_checkpointing': True,
[36m(TaskRunner pid=2559485)[0m                       'external_lib': None,
[36m(TaskRunner pid=2559485)[0m                       'fsdp_config': {'forward_prefetch': False,
[36m(TaskRunner pid=2559485)[0m                                       'fsdp_size': -1,
[36m(TaskRunner pid=2559485)[0m                                       'offload_policy': False,
[36m(TaskRunner pid=2559485)[0m                                       'optimizer_offload': False,
[36m(TaskRunner pid=2559485)[0m                                       'param_offload': False,
[36m(TaskRunner pid=2559485)[0m                                       'reshard_after_forward': True,
[36m(TaskRunner pid=2559485)[0m                                       'wrap_policy': {'min_num_params': 0}},
[36m(TaskRunner pid=2559485)[0m                       'lora_alpha': 16,
[36m(TaskRunner pid=2559485)[0m                       'lora_rank': 0,
[36m(TaskRunner pid=2559485)[0m                       'override_config': {},
[36m(TaskRunner pid=2559485)[0m                       'path': '/models/Qwen2.5-Math-7B',
[36m(TaskRunner pid=2559485)[0m                       'target_modules': 'all-linear',
[36m(TaskRunner pid=2559485)[0m                       'tokenizer_path': '/models/Qwen2.5-Math-7B',
[36m(TaskRunner pid=2559485)[0m                       'trust_remote_code': False,
[36m(TaskRunner pid=2559485)[0m                       'use_remove_padding': True,
[36m(TaskRunner pid=2559485)[0m                       'use_shm': False},
[36m(TaskRunner pid=2559485)[0m             'optim': {'lr': 9e-06,
[36m(TaskRunner pid=2559485)[0m                       'lr_warmup_steps_ratio': 0.0,
[36m(TaskRunner pid=2559485)[0m                       'min_lr_ratio': None,
[36m(TaskRunner pid=2559485)[0m                       'total_training_steps': -1,
[36m(TaskRunner pid=2559485)[0m                       'warmup_style': 'constant',
[36m(TaskRunner pid=2559485)[0m                       'weight_decay': 0.01},
[36m(TaskRunner pid=2559485)[0m             'ppo_epochs': 1,
[36m(TaskRunner pid=2559485)[0m             'ppo_max_token_len_per_gpu': 32768,
[36m(TaskRunner pid=2559485)[0m             'ppo_micro_batch_size': None,
[36m(TaskRunner pid=2559485)[0m             'ppo_micro_batch_size_per_gpu': 1,
[36m(TaskRunner pid=2559485)[0m             'ppo_mini_batch_size': 8,
[36m(TaskRunner pid=2559485)[0m             'profiler': {'all_ranks': False, 'discrete': False, 'ranks': None},
[36m(TaskRunner pid=2559485)[0m             'rollout_n': 32,
[36m(TaskRunner pid=2559485)[0m             'shuffle': False,
[36m(TaskRunner pid=2559485)[0m             'strategy': 'fsdp',
[36m(TaskRunner pid=2559485)[0m             'ulysses_sequence_parallel_size': 1,
[36m(TaskRunner pid=2559485)[0m             'use_dynamic_bsz': False},
[36m(TaskRunner pid=2559485)[0m  'custom_reward_function': {'name': 'reward_func',
[36m(TaskRunner pid=2559485)[0m                             'path': './verl/utils/reward_score/ttrl_math/__init__.py'},
[36m(TaskRunner pid=2559485)[0m  'data': {'custom_cls': {'name': None, 'path': None},
[36m(TaskRunner pid=2559485)[0m           'filter_overlong_prompts': True,
[36m(TaskRunner pid=2559485)[0m           'filter_overlong_prompts_workers': 1,
[36m(TaskRunner pid=2559485)[0m           'image_key': 'images',
[36m(TaskRunner pid=2559485)[0m           'max_prompt_length': 1024,
[36m(TaskRunner pid=2559485)[0m           'max_response_length': 1024,
[36m(TaskRunner pid=2559485)[0m           'prompt_key': 'prompt',
[36m(TaskRunner pid=2559485)[0m           'return_full_prompt': False,
[36m(TaskRunner pid=2559485)[0m           'return_raw_chat': False,
[36m(TaskRunner pid=2559485)[0m           'return_raw_input_ids': False,
[36m(TaskRunner pid=2559485)[0m           'reward_fn_key': 'data_source',
[36m(TaskRunner pid=2559485)[0m           'shuffle': True,
[36m(TaskRunner pid=2559485)[0m           'tokenizer': None,
[36m(TaskRunner pid=2559485)[0m           'train_batch_size': 32,
[36m(TaskRunner pid=2559485)[0m           'train_files': ['/mlx_devbox/users/quyanyi/playground/TTRL/verl/data/MATH-TTT/train.parquet'],
[36m(TaskRunner pid=2559485)[0m           'truncation': 'error',
[36m(TaskRunner pid=2559485)[0m           'trust_remote_code': False,
[36m(TaskRunner pid=2559485)[0m           'use_shm': False,
[36m(TaskRunner pid=2559485)[0m           'val_batch_size': None,
[36m(TaskRunner pid=2559485)[0m           'val_files': ['/mlx_devbox/users/quyanyi/playground/TTRL/verl/data/MATH-TTT/test.parquet'],
[36m(TaskRunner pid=2559485)[0m           'validation_shuffle': False,
[36m(TaskRunner pid=2559485)[0m           'video_key': 'videos'},
[36m(TaskRunner pid=2559485)[0m  'ray_init': {'num_cpus': None, 'timeline_json_file': None},
[36m(TaskRunner pid=2559485)[0m  'reward_model': {'enable': False,
[36m(TaskRunner pid=2559485)[0m                   'forward_max_token_len_per_gpu': 32768,
[36m(TaskRunner pid=2559485)[0m                   'launch_reward_fn_async': False,
[36m(TaskRunner pid=2559485)[0m                   'max_length': None,
[36m(TaskRunner pid=2559485)[0m                   'micro_batch_size': None,
[36m(TaskRunner pid=2559485)[0m                   'micro_batch_size_per_gpu': None,
[36m(TaskRunner pid=2559485)[0m                   'model': {'attn_implementation': 'sdpa',
[36m(TaskRunner pid=2559485)[0m                             'external_lib': None,
[36m(TaskRunner pid=2559485)[0m                             'fsdp_config': {'forward_prefetch': False,
[36m(TaskRunner pid=2559485)[0m                                             'fsdp_size': -1,
[36m(TaskRunner pid=2559485)[0m                                             'param_offload': False,
[36m(TaskRunner pid=2559485)[0m                                             'reshard_after_forward': True,
[36m(TaskRunner pid=2559485)[0m                                             'wrap_policy': {'min_num_params': 0}},
[36m(TaskRunner pid=2559485)[0m                             'input_tokenizer': '/models/Qwen2.5-Math-7B',
[36m(TaskRunner pid=2559485)[0m                             'path': '~/models/FsfairX-LLaMA3-RM-v0.1',
[36m(TaskRunner pid=2559485)[0m                             'trust_remote_code': False,
[36m(TaskRunner pid=2559485)[0m                             'use_fused_kernels': True,
[36m(TaskRunner pid=2559485)[0m                             'use_remove_padding': False,
[36m(TaskRunner pid=2559485)[0m                             'use_shm': False},
[36m(TaskRunner pid=2559485)[0m                   'num_processes': 128,
[36m(TaskRunner pid=2559485)[0m                   'profiler': {'all_ranks': False,
[36m(TaskRunner pid=2559485)[0m                                'discrete': False,
[36m(TaskRunner pid=2559485)[0m                                'ranks': None},
[36m(TaskRunner pid=2559485)[0m                   'reward_manager': 'prime',
[36m(TaskRunner pid=2559485)[0m                   'sandbox_fusion': {'max_concurrent': 64,
[36m(TaskRunner pid=2559485)[0m                                      'memory_limit_mb': 1024,
[36m(TaskRunner pid=2559485)[0m                                      'url': None},
[36m(TaskRunner pid=2559485)[0m                   'strategy': 'fsdp',
[36m(TaskRunner pid=2559485)[0m                   'ulysses_sequence_parallel_size': 1,
[36m(TaskRunner pid=2559485)[0m                   'use_dynamic_bsz': False},
[36m(TaskRunner pid=2559485)[0m  'trainer': {'balance_batch': True,
[36m(TaskRunner pid=2559485)[0m              'controller_nsight_options': {'cuda-graph-trace': 'graph',
[36m(TaskRunner pid=2559485)[0m                                            'cuda-memory-usage': 'true',
[36m(TaskRunner pid=2559485)[0m                                            'trace': 'cuda,nvtx,cublas,ucx'},
[36m(TaskRunner pid=2559485)[0m              'critic_warmup': 0,
[36m(TaskRunner pid=2559485)[0m              'default_hdfs_dir': None,
[36m(TaskRunner pid=2559485)[0m              'default_local_dir': '/tmp/ttrl_b200/checkpoints/ttrl_chunk_state_powerflow_support_flow_gain_mid_c128_b32_r32_v64_2step_20260801',
[36m(TaskRunner pid=2559485)[0m              'del_local_ckpt_after_load': False,
[36m(TaskRunner pid=2559485)[0m              'device': 'cuda',
[36m(TaskRunner pid=2559485)[0m              'esi_redundant_time': 0,
[36m(TaskRunner pid=2559485)[0m              'experiment_name': '0801-ttrl_chunk_state_powerflow_support_flow_gain_mid_c128_b32_r32_v64_2step_20260801-MATH-TTT-Qwen2.5-Math-7B-support-flow-gain-smoke',
[36m(TaskRunner pid=2559485)[0m              'final_val_enable': False,
[36m(TaskRunner pid=2559485)[0m              'log_val_generations': 0,
[36m(TaskRunner pid=2559485)[0m              'logger': ['console'],
[36m(TaskRunner pid=2559485)[0m              'max_actor_ckpt_to_keep': 0,
[36m(TaskRunner pid=2559485)[0m              'max_critic_ckpt_to_keep': 0,
[36m(TaskRunner pid=2559485)[0m              'n_gpus_per_node': 8,
[36m(TaskRunner pid=2559485)[0m              'nnodes': 1,
[36m(TaskRunner pid=2559485)[0m              'profile_steps': None,
[36m(TaskRunner pid=2559485)[0m              'project_name': 'TTRL-verl-local',
[36m(TaskRunner pid=2559485)[0m              'ray_wait_register_center_timeout': 300,
[36m(TaskRunner pid=2559485)[0m              'resume_from_path': None,
[36m(TaskRunner pid=2559485)[0m              'resume_mode': 'auto',
[36m(TaskRunner pid=2559485)[0m              'rollout_data_dir': None,
[36m(TaskRunner pid=2559485)[0m              'save_freq': -1,
[36m(TaskRunner pid=2559485)[0m              'test_freq': 2000000,
[36m(TaskRunner pid=2559485)[0m              'total_epochs': 1,
[36m(TaskRunner pid=2559485)[0m              'total_training_steps': 2,
[36m(TaskRunner pid=2559485)[0m              'val_before_train': False,
[36m(TaskRunner pid=2559485)[0m              'val_only': False,
[36m(TaskRunner pid=2559485)[0m              'validation_data_dir': None,
[36m(TaskRunner pid=2559485)[0m              'worker_nsight_options': {'capture-range': 'cudaProfilerApi',
[36m(TaskRunner pid=2559485)[0m                                        'capture-range-end': None,
[36m(TaskRunner pid=2559485)[0m                                        'cuda-graph-trace': 'graph',
[36m(TaskRunner pid=2559485)[0m                                        'cuda-memory-usage': 'true',
[36m(TaskRunner pid=2559485)[0m                                        'kill': 'none',
[36m(TaskRunner pid=2559485)[0m                                        'trace': 'cuda,nvtx,cublas,ucx'}},
[36m(TaskRunner pid=2559485)[0m  'ttrl': {'chunk_state_actor_span': 'chunk',
[36m(TaskRunner pid=2559485)[0m           'chunk_state_alpha': 2.0,
[36m(TaskRunner pid=2559485)[0m           'chunk_state_answer_source_consistency_enable': False,
[36m(TaskRunner pid=2559485)[0m           'chunk_state_answer_support_min_mass': 0.0,
[36m(TaskRunner pid=2559485)[0m           'chunk_state_answer_support_score': 'mass',
[36m(TaskRunner pid=2559485)[0m           'chunk_state_boundaries': [0, 256, 512, 768, 1024],
[36m(TaskRunner pid=2559485)[0m           'chunk_state_boundary_mode': 'mid',
[36m(TaskRunner pid=2559485)[0m           'chunk_state_candidates': 8,
[36m(TaskRunner pid=2559485)[0m           'chunk_state_chunk_size': 128,
[36m(TaskRunner pid=2559485)[0m           'chunk_state_confidence_power': 0.0,
[36m(TaskRunner pid=2559485)[0m           'chunk_state_diag_enable': True,
[36m(TaskRunner pid=2559485)[0m           'chunk_state_diag_jsonl': '/mlx_devbox/users/quyanyi/playground/TTRL/important_experiment_logs/chunk_state_diag/ttrl_chunk_state_powerflow_support_flow_gain_mid_c128_b32_r32_v64_2step_20260801.jsonl',
[36m(TaskRunner pid=2559485)[0m           'chunk_state_enable': True,
[36m(TaskRunner pid=2559485)[0m           'chunk_state_eps': 0.05,
[36m(TaskRunner pid=2559485)[0m           'chunk_state_future_support_baseline_scale': 1.0,
[36m(TaskRunner pid=2559485)[0m           'chunk_state_future_support_gain_slack': 0.125,
[36m(TaskRunner pid=2559485)[0m           'chunk_state_future_support_max_mass_coef': 0.25,
[36m(TaskRunner pid=2559485)[0m           'chunk_state_future_support_max_state_oov': 1.0,
[36m(TaskRunner pid=2559485)[0m           'chunk_state_future_support_min_candidate_coverage': 0.0,
[36m(TaskRunner pid=2559485)[0m           'chunk_state_future_support_min_candidate_mean_mass': 0.0,
[36m(TaskRunner pid=2559485)[0m           'chunk_state_future_support_min_mass': 0.03125,
[36m(TaskRunner pid=2559485)[0m           'chunk_state_future_support_min_positive_margin': 0.0,
[36m(TaskRunner pid=2559485)[0m           'chunk_state_future_support_min_state_coverage': 0.0,
[36m(TaskRunner pid=2559485)[0m           'chunk_state_future_support_min_state_max_mass': 0.0,
[36m(TaskRunner pid=2559485)[0m           'chunk_state_future_support_min_state_mean_mass': 0.0,
[36m(TaskRunner pid=2559485)[0m           'chunk_state_future_support_min_state_top_margin': 0.0,
[36m(TaskRunner pid=2559485)[0m           'chunk_state_future_support_score_type': 'slack_gain',
[36m(TaskRunner pid=2559485)[0m           'chunk_state_future_support_source_prior_weight': 2.0,
[36m(TaskRunner pid=2559485)[0m           'chunk_state_label_consistent_only': True,
[36m(TaskRunner pid=2559485)[0m           'chunk_state_max_prefix_tokens': 1024,
[36m(TaskRunner pid=2559485)[0m           'chunk_state_mid_boundary_max_ratio': 0.8,
[36m(TaskRunner pid=2559485)[0m           'chunk_state_mid_boundary_min_ratio': 0.25,
[36m(TaskRunner pid=2559485)[0m           'chunk_state_min_answer_coverage': 0.0,
[36m(TaskRunner pid=2559485)[0m           'chunk_state_min_boundary': 0,
[36m(TaskRunner pid=2559485)[0m           'chunk_state_min_informative_gap': 0.0,
[36m(TaskRunner pid=2559485)[0m           'chunk_state_min_majority_ratio': 0.0,
[36m(TaskRunner pid=2559485)[0m           'chunk_state_min_prompt_top_mass': 0.0,
[36m(TaskRunner pid=2559485)[0m           'chunk_state_min_source_answer_mass': 0.0,
[36m(TaskRunner pid=2559485)[0m           'chunk_state_powerflow_weight_clip': 4.0,
[36m(TaskRunner pid=2559485)[0m           'chunk_state_powerflow_weight_clip_renorm': True,
[36m(TaskRunner pid=2559485)[0m           'chunk_state_probe_max_tokens': 3072,
[36m(TaskRunner pid=2559485)[0m           'chunk_state_probe_samples': 1,
[36m(TaskRunner pid=2559485)[0m           'chunk_state_prune_zero_weight_samples': True,
[36m(TaskRunner pid=2559485)[0m           'chunk_state_score_mode': 'support_flow',
[36m(TaskRunner pid=2559485)[0m           'chunk_state_skip_all_negative': True,
[36m(TaskRunner pid=2559485)[0m           'chunk_state_skip_uniform': False,
[36m(TaskRunner pid=2559485)[0m           'chunk_state_source_chunk_candidate_index': 0,
[36m(TaskRunner pid=2559485)[0m           'chunk_state_source_chunk_enable': False,
[36m(TaskRunner pid=2559485)[0m           'chunk_state_source_mode': 'majority_consistent',
[36m(TaskRunner pid=2559485)[0m           'chunk_state_states_per_prompt': 1,
[36m(TaskRunner pid=2559485)[0m           'chunk_state_support_anchor_candidate_start': 0,
[36m(TaskRunner pid=2559485)[0m           'chunk_state_support_anchor_count': 4,
[36m(TaskRunner pid=2559485)[0m           'chunk_state_support_anchor_min_mass': 0.03125,
[36m(TaskRunner pid=2559485)[0m           'chunk_state_support_flow_baseline_scale': 1.0,
[36m(TaskRunner pid=2559485)[0m Generating train split: 0 examples [00:00, ? examples/s]Generating train split: 500 examples [00:00, 139987.45 examples/s]
[36m(TaskRunner pid=2559485)[0m Setting TOKENIZERS_PARALLELISM=false for forked processes.
[36m(TaskRunner pid=2559485)[0m WARNING:2026-08-01 17:36:28,390:Setting TOKENIZERS_PARALLELISM=false for forked processes.
[36m(TaskRunner pid=2559485)[0m Filtering prompts longer than 1024 tokens (num_proc=1):   0%|          | 0/500 [00:00<?, ? examples/s]
[36m(TaskRunner pid=2559485)[0m Filtering prompts longer than 1024 tokens (num_proc=1): 100%|██████████| 500/500 [00:01<00:00, 293.23 examples/s]
[36m(TaskRunner pid=2559485)[0m Filtering prompts longer than 1024 tokens (num_proc=1): 100%|██████████| 500/500 [00:01<00:00, 271.75 examples/s]
[36m(TaskRunner pid=2559485)[0m Generating train split: 0 examples [00:00, ? examples/s]Generating train split: 500 examples [00:00, 154702.86 examples/s]
[36m(TaskRunner pid=2559485)[0m Setting TOKENIZERS_PARALLELISM=false for forked processes.
[36m(TaskRunner pid=2559485)[0m WARNING:2026-08-01 17:36:31,353:Setting TOKENIZERS_PARALLELISM=false for forked processes.
[36m(TaskRunner pid=2559485)[0m Filtering prompts longer than 1024 tokens (num_proc=1):   0%|          | 0/500 [00:00<?, ? examples/s]
[36m(TaskRunner pid=2559485)[0m Filtering prompts longer than 1024 tokens (num_proc=1): 100%|██████████| 500/500 [00:01<00:00, 291.33 examples/s]
[36m(TaskRunner pid=2559485)[0m Filtering prompts longer than 1024 tokens (num_proc=1): 100%|██████████| 500/500 [00:01<00:00, 271.04 examples/s]
[36m(TaskRunner pid=2559485)[0m DeprecationWarning: `ray.state.available_resources_per_node` is a private attribute and access will be removed in a future Ray version.
[36m(pid=2559488)[0m /mlx_devbox/users/quyanyi/playground/TTRL/verl/verl/__init__.py:18: UserWarning: pkg_resources is deprecated as an API. See https://setuptools.pypa.io/en/latest/pkg_resources.html. The pkg_resources package is slated for removal as early as 2025-11-30. Refrain from using this package or pin to Setuptools<81.
[36m(pid=2559488)[0m   import pkg_resources
[36m(pid=2559488)[0m /mlx_devbox/users/quyanyi/playground/.venvs/ttrl_b200/lib/python3.11/site-packages/huggingface_hub/constants.py:298: FutureWarning: The `HF_HUB_ENABLE_HF_TRANSFER` environment variable is deprecated as 'hf_transfer' is not used anymore. Please use `HF_XET_HIGH_PERFORMANCE` instead to enable high performance transfer with Xet. Visit https://huggingface.co/docs/huggingface_hub/package_reference/environment_variables#hfxethighperformance for more details.
[36m(pid=2559488)[0m   warnings.warn(
[36m(pid=2559493)[0m /mlx_devbox/users/quyanyi/playground/TTRL/verl/verl/__init__.py:18: UserWarning: pkg_resources is deprecated as an API. See https://setuptools.pypa.io/en/latest/pkg_resources.html. The pkg_resources package is slated for removal as early as 2025-11-30. Refrain from using this package or pin to Setuptools<81.[32m [repeated 7x across cluster] (Ray deduplicates logs by default. Set RAY_DEDUP_LOGS=0 to disable log deduplication, or see https://docs.ray.io/en/master/ray-observability/user-guides/configure-logging.html#log-deduplication for more options.)[0m
[36m(pid=2559493)[0m   import pkg_resources[32m [repeated 7x across cluster][0m
[36m(WorkerDict pid=2559488)[0m WARNING:2026-08-01 17:36:53,624:Initializing torch.distributed: rank=0 world_size=8 init_method=tcp://[fdbd:dc61:ff:f000:ffff:ffff:0:16]:57807 master=fdbd:dc61:ff:f000:ffff:ffff:0:16:57807
[36m(pid=2559493)[0m /mlx_devbox/users/quyanyi/playground/.venvs/ttrl_b200/lib/python3.11/site-packages/huggingface_hub/constants.py:298: FutureWarning: The `HF_HUB_ENABLE_HF_TRANSFER` environment variable is deprecated as 'hf_transfer' is not used anymore. Please use `HF_XET_HIGH_PERFORMANCE` instead to enable high performance transfer with Xet. Visit https://huggingface.co/docs/huggingface_hub/package_reference/environment_variables#hfxethighperformance for more details.[32m [repeated 7x across cluster][0m
[36m(pid=2559493)[0m   warnings.warn([32m [repeated 7x across cluster][0m
[36m(WorkerDict pid=2559488)[0m [W801 17:36:55.904919203 ProcessGroupNCCL.cpp:932] Warning: TORCH_NCCL_AVOID_RECORD_STREAMS is the default now, this environment variable is thus deprecated. (function operator())
[36m(WorkerDict pid=2559492)[0m Loading weights:   0%|          | 0/339 [00:00<?, ?it/s]
[36m(WorkerDict pid=2559488)[0m Loading weights:   0%|          | 0/339 [00:00<?, ?it/s]Loading weights: 100%|██████████| 339/339 [00:00<00:00, 10276.22it/s]
[36m(WorkerDict pid=2559492)[0m Loading weights: 100%|██████████| 339/339 [00:00<00:00, 13323.98it/s]
[36m(TaskRunner pid=2559485)[0m           'chunk_state_support_flow_gain_slack': 0.03125,
[36m(TaskRunner pid=2559485)[0m           'chunk_state_support_flow_min_positive_margin': -1.0,
[36m(TaskRunner pid=2559485)[0m           'chunk_state_support_flow_score_type': 'gain',
[36m(TaskRunner pid=2559485)[0m           'chunk_state_support_flow_source_prior_weight': 1.0,
[36m(TaskRunner pid=2559485)[0m           'chunk_state_target_guard_anchor': True,
[36m(TaskRunner pid=2559485)[0m           'chunk_state_target_guard_bad_probe_ratio': 0.5,
[36m(TaskRunner pid=2559485)[0m           'chunk_state_target_guard_candidate_assistant_marker': True,
[36m(TaskRunner pid=2559485)[0m           'chunk_state_target_guard_candidate_enable': False,
[36m(TaskRunner pid=2559485)[0m           'chunk_state_target_guard_candidate_max_boxed_count': 1,
[36m(TaskRunner pid=2559485)[0m           'chunk_state_target_guard_enable': False,
[36m(TaskRunner pid=2559485)[0m           'chunk_state_target_guard_max_boxed_count': 2,
[36m(TaskRunner pid=2559485)[0m           'chunk_state_target_guard_min_answer_mass': 0.0,
[36m(TaskRunner pid=2559485)[0m           'chunk_state_target_guard_use_distribution_score': False,
[36m(TaskRunner pid=2559485)[0m           'chunk_state_target_guard_use_mass_gain': False,
[36m(TaskRunner pid=2559485)[0m           'chunk_state_teacher_anchor_candidate_index': 0,
[36m(TaskRunner pid=2559485)[0m           'chunk_state_teacher_anchor_enable': False,
[36m(TaskRunner pid=2559485)[0m           'chunk_state_teacher_anchor_score': 1.0,
[36m(TaskRunner pid=2559485)[0m           'chunk_state_zero_inconsistent_candidates': True,
[36m(TaskRunner pid=2559485)[0m           'enable': True,
[36m(TaskRunner pid=2559485)[0m           'majority_vote_num_processes': 64,
[36m(TaskRunner pid=2559485)[0m           'n_samples_per_prompt': 32,
[36m(TaskRunner pid=2559485)[0m           'n_votes_per_prompt': 64,
[36m(TaskRunner pid=2559485)[0m           'powerflow_no_majority': False,
[36m(TaskRunner pid=2559485)[0m           'sharpened_alpha': 2.0,
[36m(TaskRunner pid=2559485)[0m           'sharpened_conf_temperature': 1.0,
[36m(TaskRunner pid=2559485)[0m           'sharpened_enable': False,
[36m(TaskRunner pid=2559485)[0m           'sharpened_negative_enable': True,
[36m(TaskRunner pid=2559485)[0m           'sharpened_negative_reward': -0.25,
[36m(TaskRunner pid=2559485)[0m           'sharpened_reward_mode': 'prob',
[36m(TaskRunner pid=2559485)[0m           'sharpened_soft_coef': 0.25,
[36m(TaskRunner pid=2559485)[0m           'sharpened_tau_low': 0.125,
[36m(TaskRunner pid=2559485)[0m           'sharpened_tau_marg': 0.125,
[36m(TaskRunner pid=2559485)[0m           'sharpened_tau_pos': 0.375,
[36m(TaskRunner pid=2559485)[0m           'sharpened_use_confidence': True}}
[36m(TaskRunner pid=2559485)[0m using customized reward function 'reward_func' from './verl/utils/reward_score/ttrl_math/__init__.py'
[36m(TaskRunner pid=2559485)[0m using customized reward function 'reward_func' from './verl/utils/reward_score/ttrl_math/__init__.py'
[36m(TaskRunner pid=2559485)[0m Using dataset class: RLHFDataset
[36m(TaskRunner pid=2559485)[0m dataset len: 500
[36m(TaskRunner pid=2559485)[0m filter dataset len: 500
[36m(TaskRunner pid=2559485)[0m Using dataset class: RLHFDataset
[36m(TaskRunner pid=2559485)[0m dataset len: 500
[36m(TaskRunner pid=2559485)[0m filter dataset len: 500
[36m(TaskRunner pid=2559485)[0m [validate_config] All configuration checks passed successfully!
[36m(TaskRunner pid=2559485)[0m Size of train dataloader: 15, Size of val dataloader: 1
[36m(TaskRunner pid=2559485)[0m Total training steps: 2
[36m(TaskRunner pid=2559485)[0m colocated worker base class <class 'verl.single_controller.base.worker.Worker'>
[36m(WorkerDict pid=2559488)[0m Model config after override: Qwen2Config {
[36m(WorkerDict pid=2559488)[0m   "architectures": [
[36m(WorkerDict pid=2559488)[0m     "Qwen2ForCausalLM"
[36m(WorkerDict pid=2559488)[0m   ],
[36m(WorkerDict pid=2559488)[0m   "attention_dropout": 0.0,
[36m(WorkerDict pid=2559488)[0m   "bos_token_id": null,
[36m(WorkerDict pid=2559488)[0m   "dtype": "bfloat16",
[36m(WorkerDict pid=2559488)[0m   "eos_token_id": 151643,
[36m(WorkerDict pid=2559488)[0m   "hidden_act": "silu",
[36m(WorkerDict pid=2559488)[0m   "hidden_size": 3584,
[36m(WorkerDict pid=2559488)[0m   "initializer_range": 0.02,
[36m(WorkerDict pid=2559488)[0m   "intermediate_size": 18944,
[36m(WorkerDict pid=2559488)[0m   "layer_types": [
[36m(WorkerDict pid=2559488)[0m     "full_attention",
[36m(WorkerDict pid=2559488)[0m     "full_attention",
[36m(WorkerDict pid=2559488)[0m     "full_attention",
[36m(WorkerDict pid=2559488)[0m     "full_attention",
[36m(WorkerDict pid=2559488)[0m     "full_attention",
[36m(WorkerDict pid=2559488)[0m     "full_attention",
[36m(WorkerDict pid=2559488)[0m     "full_attention",
[36m(WorkerDict pid=2559488)[0m     "full_attention",
[36m(WorkerDict pid=2559488)[0m     "full_attention",
[36m(WorkerDict pid=2559488)[0m     "full_attention",
[36m(WorkerDict pid=2559488)[0m     "full_attention",
[36m(WorkerDict pid=2559488)[0m     "full_attention",
[36m(WorkerDict pid=2559488)[0m     "full_attention",
[36m(WorkerDict pid=2559488)[0m     "full_attention",
[36m(WorkerDict pid=2559488)[0m     "full_attention",
[36m(WorkerDict pid=2559488)[0m     "full_attention",
[36m(WorkerDict pid=2559488)[0m     "full_attention",
[36m(WorkerDict pid=2559488)[0m     "full_attention",
[36m(WorkerDict pid=2559488)[0m     "full_attention",
[36m(WorkerDict pid=2559488)[0m     "full_attention",
[36m(WorkerDict pid=2559488)[0m     "full_attention",
[36m(WorkerDict pid=2559488)[0m     "full_attention",
[36m(WorkerDict pid=2559488)[0m     "full_attention",
[36m(WorkerDict pid=2559488)[0m     "full_attention",
[36m(WorkerDict pid=2559488)[0m     "full_attention",
[36m(WorkerDict pid=2559488)[0m     "full_attention",
[36m(WorkerDict pid=2559488)[0m     "full_attention",
[36m(WorkerDict pid=2559488)[0m     "full_attention"
[36m(WorkerDict pid=2559488)[0m   ],
[36m(WorkerDict pid=2559488)[0m   "max_position_embeddings": 4096,
[36m(WorkerDict pid=2559488)[0m   "max_window_layers": 28,
[36m(WorkerDict pid=2559488)[0m   "model_type": "qwen2",
[36m(WorkerDict pid=2559488)[0m   "num_attention_heads": 28,
[36m(WorkerDict pid=2559488)[0m   "num_hidden_layers": 28,
[36m(WorkerDict pid=2559488)[0m   "num_key_value_heads": 4,
[36m(WorkerDict pid=2559488)[0m   "pad_token_id": 151643,
[36m(WorkerDict pid=2559488)[0m   "rms_norm_eps": 1e-06,
[36m(WorkerDict pid=2559488)[0m   "rope_parameters": {
[36m(WorkerDict pid=2559488)[0m     "rope_theta": 10000,
[36m(WorkerDict pid=2559488)[0m     "rope_type": "default"
[36m(WorkerDict pid=2559488)[0m   },
[36m(WorkerDict pid=2559488)[0m   "sliding_window": null,
[36m(WorkerDict pid=2559488)[0m   "tie_word_embeddings": false,
[36m(WorkerDict pid=2559488)[0m   "transformers_version": "5.12.1",
[36m(WorkerDict pid=2559488)[0m   "use_cache": true,
[36m(WorkerDict pid=2559488)[0m   "use_mrope": false,
[36m(WorkerDict pid=2559488)[0m   "use_sliding_window": false,
[36m(WorkerDict pid=2559488)[0m   "vocab_size": 152064
[36m(WorkerDict pid=2559488)[0m }
[36m(WorkerDict pid=2559488)[0m 
[36m(WorkerDict pid=2559488)[0m ref attention implementation verified: sdpa
[36m(WorkerDict pid=2559488)[0m Monkey patch _flash_attention_forward in transformers.integrations.flash_attention
[36m(WorkerDict pid=2559488)[0m Using Triton backend for fused kernels in Qwen2ForCausalLM
[36m(WorkerDict pid=2559488)[0m Qwen2ForCausalLM contains 7.62B parameters
[36m(WorkerDict pid=2559488)[0m wrap_policy: functools.partial(<function _or_policy at 0x7f252fdbf560>, policies=[functools.partial(<function transformer_auto_wrap_policy at 0x7f252fdbf420>, transformer_layer_cls={<class 'transformers.models.qwen2.modeling_qwen2.Qwen2DecoderLayer'>})])
[36m(WorkerDict pid=2559488)[0m trial-302172199-trialrun-302172199-worker-0:2559488:2559488 [0] NCCL INFO ENV/Plugin: Could not find: libnccl-env.so
[36m(WorkerDict pid=2559488)[0m trial-302172199-trialrun-302172199-worker-0:2559488:2559488 [0] NCCL INFO NCCL_SOCKET_FAMILY set by environment to AF_INET6
[36m(WorkerDict pid=2559488)[0m trial-302172199-trialrun-302172199-worker-0:2559488:2559488 [0] NCCL INFO NCCL_SOCKET_IFNAME set by environment to =eth0
[36m(WorkerDict pid=2559488)[0m trial-302172199-trialrun-302172199-worker-0:2559488:2559488 [0] NCCL INFO cudaDriverVersion 13000
[36m(WorkerDict pid=2559488)[0m trial-302172199-trialrun-302172199-worker-0:2559488:2559488 [0] NCCL INFO NCCL version 2.28.9+cuda13.0
[36m(WorkerDict pid=2559488)[0m trial-302172199-trialrun-302172199-worker-0:2559488:2559488 [0] NCCL INFO Comm config Blocking set to 1
[36m(WorkerDict pid=2559488)[0m trial-302172199-trialrun-302172199-worker-0:2559488:2559488 [0] NCCL INFO NCCL_NET_PLUGIN set by environment to none
[36m(WorkerDict pid=2559488)[0m trial-302172199-trialrun-302172199-worker-0:2559488:2559488 [0] NCCL INFO NCCL_SOCKET_FAMILY set by environment to AF_INET6
[36m(WorkerDict pid=2559488)[0m trial-302172199-trialrun-302172199-worker-0:2559488:2559488 [0] NCCL INFO NCCL_SOCKET_IFNAME set by environment to =eth0
[36m(WorkerDict pid=2559488)[0m trial-302172199-trialrun-302172199-worker-0:2559488:2559488 [0] NCCL INFO NET/Socket : Using [0]eth0:fdbd:dc61:ff:f000:ffff:ffff:0:16<0>
[36m(WorkerDict pid=2559488)[0m trial-302172199-trialrun-302172199-worker-0:2559488:2559488 [0] NCCL INFO Initialized NET plugin Socket
[36m(WorkerDict pid=2559488)[0m trial-302172199-trialrun-302172199-worker-0:2559488:2559488 [0] NCCL INFO Assigned NET plugin Socket to comm
[36m(WorkerDict pid=2559488)[0m trial-302172199-trialrun-302172199-worker-0:2559488:2559488 [0] NCCL INFO Using network Socket
[36m(WorkerDict pid=2559488)[0m trial-302172199-trialrun-302172199-worker-0:2559488:2559488 [0] NCCL INFO ncclCommInitRankConfig comm 0xee0c560 rank 0 nranks 8 cudaDev 0 nvmlDev 0 busId f000 commId 0x48b5525b5365495d - Init START
[36m(WorkerDict pid=2559488)[0m trial-302172199-trialrun-302172199-worker-0:2559488:2559488 [0] NCCL INFO RAS client listening socket at ::1<28028>
[36m(WorkerDict pid=2559488)[0m trial-302172199-trialrun-302172199-worker-0:2559488:2559488 [0] NCCL INFO MNNVL busId 0xf000 fabric UUID 0.0 cliqueId 0x0 state 3 healthMask 0x80
[36m(WorkerDict pid=2559488)[0m trial-302172199-trialrun-302172199-worker-0:2559488:2559488 [0] NCCL INFO Could not find real path of /sys/class/pci_bus/fffffff/../../fffffff:ff:f
[36m(WorkerDict pid=2559488)[0m trial-302172199-trialrun-302172199-worker-0:2559488:2559488 [0] NCCL INFO TOPO/NET : Importing network plugins to topology
[36m(WorkerDict pid=2559488)[0m trial-302172199-trialrun-302172199-worker-0:2559488:2559488 [0] NCCL INFO ncclTopoPopulateNics : Filled eth0 in topo with pciPath=(null) keep=1 coll=(null)
[36m(WorkerDict pid=2559488)[0m trial-302172199-trialrun-302172199-worker-0:2559488:2559488 [0] NCCL INFO === System : maxBw 721.8 totalBw 721.8 ===
[36m(WorkerDict pid=2559488)[0m trial-302172199-trialrun-302172199-worker-0:2559488:2559488 [0] NCCL INFO CPU/0-0 (1/1/4)
[36m(WorkerDict pid=2559488)[0m trial-302172199-trialrun-302172199-worker-0:2559488:2559488 [0] NCCL INFO + PCI[5000.0] - NIC/0-0
[36m(WorkerDict pid=2559488)[0m trial-302172199-trialrun-302172199-worker-0:2559488:2559488 [0] NCCL INFO                 + NET[1.2] - NET/0-0 (0/0/0/1.250000)
[36m(WorkerDict pid=2559488)[0m trial-302172199-trialrun-302172199-worker-0:2559488:2559488 [0] NCCL INFO                 + NET[1.2] - NET/0-0 (0/0/0/1.250000)
[36m(WorkerDict pid=2559488)[0m trial-302172199-trialrun-302172199-worker-0:2559488:2559488 [0] NCCL INFO + PCI[48.0] - PCI/0-8000 (1000c0301000ffff)
[36m(WorkerDict pid=2559488)[0m trial-302172199-trialrun-302172199-worker-0:2559488:2559488 [0] NCCL INFO               + PCI[48.0] - GPU/0-f000 (0)
[36m(WorkerDict pid=2559488)[0m trial-302172199-trialrun-302172199-worker-0:2559488:2559488 [0] NCCL INFO                             + NVL[721.8] - NVS/0-0
[36m(WorkerDict pid=2559488)[0m trial-302172199-trialrun-302172199-worker-0:2559488:2559488 [0] NCCL INFO + PCI[48.0] - PCI/0-26000 (1000c0301000ffff)
[36m(WorkerDict pid=2559488)[0m trial-302172199-trialrun-302172199-worker-0:2559488:2559488 [0] NCCL INFO               + PCI[48.0] - GPU/0-2d000 (1)
[36m(WorkerDict pid=2559488)[0m trial-302172199-trialrun-302172199-worker-0:2559488:2559488 [0] NCCL INFO                             + NVL[721.8] - NVS/0-0
[36m(WorkerDict pid=2559488)[0m trial-302172199-trialrun-302172199-worker-0:2559488:2559488 [0] NCCL INFO + PCI[48.0] - PCI/0-3d000 (1000c0301000ffff)
[36m(WorkerDict pid=2559488)[0m trial-302172199-trialrun-302172199-worker-0:2559488:2559488 [0] NCCL INFO               + PCI[48.0] - GPU/0-44000 (2)
[36m(WorkerDict pid=2559488)[0m trial-302172199-trialrun-302172199-worker-0:2559488:2559488 [0] NCCL INFO                             + NVL[721.8] - NVS/0-0
[36m(WorkerDict pid=2559488)[0m trial-302172199-trialrun-302172199-worker-0:2559488:2559488 [0] NCCL INFO + PCI[48.0] - PCI/0-54000 (1000c0301000ffff)
[36m(WorkerDict pid=2559488)[0m trial-302172199-trialrun-302172199-worker-0:2559488:2559488 [0] NCCL INFO               + PCI[48.0] - GPU/0-5b000 (3)
[36m(WorkerDict pid=2559488)[0m trial-302172199-trialrun-302172199-worker-0:2559488:2559488 [0] NCCL INFO                             + NVL[721.8] - NVS/0-0
[36m(WorkerDict pid=2559488)[0m trial-302172199-trialrun-302172199-worker-0:2559488:2559488 [0] NCCL INFO + SYS[40.0] - CPU/0-1
[36m(WorkerDict pid=2559488)[0m trial-302172199-trialrun-302172199-worker-0:2559488:2559488 [0] NCCL INFO CPU/0-1 (1/1/4)
[36m(WorkerDict pid=2559488)[0m trial-302172199-trialrun-302172199-worker-0:2559488:2559488 [0] NCCL INFO + PCI[48.0] - PCI/0-82000 (1000c0301000ffff)
[36m(WorkerDict pid=2559488)[0m trial-302172199-trialrun-302172199-worker-0:2559488:2559488 [0] NCCL INFO               + PCI[48.0] - GPU/0-89000 (4)
[36m(WorkerDict pid=2559488)[0m trial-302172199-trialrun-302172199-worker-0:2559488:2559488 [0] NCCL INFO                             + NVL[721.8] - NVS/0-0
[36m(WorkerDict pid=2559488)[0m trial-302172199-trialrun-302172199-worker-0:2559488:2559488 [0] NCCL INFO + PCI[48.0] - PCI/0-a1000 (1000c0301000ffff)
[36m(WorkerDict pid=2559488)[0m trial-302172199-trialrun-302172199-worker-0:2559488:2559488 [0] NCCL INFO               + PCI[48.0] - GPU/0-a8000 (5)
[36m(WorkerDict pid=2559488)[0m trial-302172199-trialrun-302172199-worker-0:2559488:2559488 [0] NCCL INFO                             + NVL[721.8] - NVS/0-0
[36m(WorkerDict pid=2559488)[0m trial-302172199-trialrun-302172199-worker-0:2559488:2559488 [0] NCCL INFO + PCI[48.0] - PCI/0-b9000 (1000c0301000ffff)
[36m(WorkerDict pid=2559488)[0m trial-302172199-trialrun-302172199-worker-0:2559488:2559488 [0] NCCL INFO               + PCI[48.0] - GPU/0-c0000 (6)
[36m(WorkerDict pid=2559488)[0m trial-302172199-trialrun-302172199-worker-0:2559488:2559488 [0] NCCL INFO                             + NVL[721.8] - NVS/0-0
[36m(WorkerDict pid=2559488)[0m trial-302172199-trialrun-302172199-worker-0:2559488:2559488 [0] NCCL INFO + PCI[48.0] - PCI/0-d1000 (1000c0301000ffff)
[36m(WorkerDict pid=2559488)[0m trial-302172199-trialrun-302172199-worker-0:2559488:2559488 [0] NCCL INFO               + PCI[48.0] - GPU/0-d8000 (7)
[36m(WorkerDict pid=2559488)[0m trial-302172199-trialrun-302172199-worker-0:2559488:2559488 [0] NCCL INFO                             + NVL[721.8] - NVS/0-0
[36m(WorkerDict pid=2559488)[0m trial-302172199-trialrun-302172199-worker-0:2559488:2559488 [0] NCCL INFO + SYS[40.0] - CPU/0-0
[36m(WorkerDict pid=2559488)[0m trial-302172199-trialrun-302172199-worker-0:2559488:2559488 [0] NCCL INFO ==========================================
[36m(WorkerDict pid=2559488)[0m trial-302172199-trialrun-302172199-worker-0:2559488:2559488 [0] NCCL INFO GPU/0-f000 :GPU/0-f000 (0/5000.0/LOC) GPU/0-2d000 (2/721.8/NVL) GPU/0-44000 (2/721.8/NVL) GPU/0-5b000 (2/721.8/NVL) GPU/0-89000 (2/721.8/NVL) GPU/0-a8000 (2/721.8/NVL) GPU/0-c0000 (2/721.8/NVL) GPU/0-d8000 (2/721.8/NVL) NVS/0-0 (1/721.8/NVL) CPU/0-0 (2/48.0/PHB) CPU/0-1 (3/40.0/SYS) NET/0-0 (4/1.2/PHB) NET/0-0 (0/0.0/DIS) 
[36m(WorkerDict pid=2559488)[0m trial-302172199-trialrun-302172199-worker-0:2559488:2559488 [0] NCCL INFO GPU/0-2d000 :GPU/0-f000 (2/721.8/NVL) GPU/0-2d000 (0/5000.0/LOC) GPU/0-44000 (2/721.8/NVL) GPU/0-5b000 (2/721.8/NVL) GPU/0-89000 (2/721.8/NVL) GPU/0-a8000 (2/721.8/NVL) GPU/0-c0000 (2/721.8/NVL) GPU/0-d8000 (2/721.8/NVL) NVS/0-0 (1/721.8/NVL) CPU/0-0 (2/48.0/PHB) CPU/0-1 (3/40.0/SYS) NET/0-0 (4/1.2/PHB) NET/0-0 (0/0.0/DIS) 
[36m(WorkerDict pid=2559488)[0m trial-302172199-trialrun-302172199-worker-0:2559488:2559488 [0] NCCL INFO GPU/0-44000 :GPU/0-f000 (2/721.8/NVL) GPU/0-2d000 (2/721.8/NVL) GPU/0-44000 (0/5000.0/LOC) GPU/0-5b000 (2/721.8/NVL) GPU/0-89000 (2/721.8/NVL) GPU/0-a8000 (2/721.8/NVL) GPU/0-c0000 (2/721.8/NVL) GPU/0-d8000 (2/721.8/NVL) NVS/0-0 (1/721.8/NVL) CPU/0-0 (2/48.0/PHB) CPU/0-1 (3/40.0/SYS) NET/0-0 (4/1.2/PHB) NET/0-0 (0/0.0/DIS) 
[36m(WorkerDict pid=2559488)[0m trial-302172199-trialrun-302172199-worker-0:2559488:2559488 [0] NCCL INFO GPU/0-5b000 :GPU/0-f000 (2/721.8/NVL) GPU/0-2d000 (2/721.8/NVL) GPU/0-44000 (2/721.8/NVL) GPU/0-5b000 (0/5000.0/LOC) GPU/0-89000 (2/721.8/NVL) GPU/0-a8000 (2/721.8/NVL) GPU/0-c0000 (2/721.8/NVL) GPU/0-d8000 (2/721.8/NVL) NVS/0-0 (1/721.8/NVL) CPU/0-0 (2/48.0/PHB) CPU/0-1 (3/40.0/SYS) NET/0-0 (4/1.2/PHB) NET/0-0 (0/0.0/DIS) 
[36m(WorkerDict pid=2559488)[0m trial-302172199-trialrun-302172199-worker-0:2559488:2559488 [0] NCCL INFO GPU/0-89000 :GPU/0-f000 (2/721.8/NVL) GPU/0-2d000 (2/721.8/NVL) GPU/0-44000 (2/721.8/NVL) GPU/0-5b000 (2/721.8/NVL) GPU/0-89000 (0/5000.0/LOC) GPU/0-a8000 (2/721.8/NVL) GPU/0-c0000 (2/721.8/NVL) GPU/0-d8000 (2/721.8/NVL) NVS/0-0 (1/721.8/NVL) CPU/0-0 (3/40.0/SYS) CPU/0-1 (2/48.0/PHB) NET/0-0 (5/1.2/SYS)
[36m(WorkerDict pid=2559488)[0m  NET/0-0 (0/0.0/DIS) 
[36m(WorkerDict pid=2559488)[0m trial-302172199-trialrun-302172199-worker-0:2559488:2559488 [0] NCCL INFO ncclTopoGetCpuAffinity: Affinity for GPU 0 is 0-62,128-190. (GPU affinity = 0-63,128-191 ; CPU affinity = 0-62,64-126,128-190,192-254).
[36m(WorkerDict pid=2559488)[0m trial-302172199-trialrun-302172199-worker-0:2559488:2559488 [0] NCCL INFO NCCL_NVLS_ENABLE set by environment to 1.
[36m(WorkerDict pid=2559488)[0m trial-302172199-trialrun-302172199-worker-0:2559488:2559488 [0] NCCL INFO NVLS multicast support is available on dev 0 (NVLS_NCHANNELS 24)
[36m(WorkerDict pid=2559488)[0m trial-302172199-trialrun-302172199-worker-0:2559488:2559488 [0] NCCL INFO Pattern 4, crossNic 0, nChannels 16, bw 45.000000/45.000000, type NVL/PIX, sameChannels 1
[36m(WorkerDict pid=2559488)[0m trial-302172199-trialrun-302172199-worker-0:2559488:2559488 [0] NCCL INFO  0 : GPU/0-f000 GPU/0-2d000 GPU/0-44000 GPU/0-5b000 GPU/0-89000 GPU/0-a8000 GPU/0-c0000 GPU/0-d8000
[36m(WorkerDict pid=2559488)[0m trial-302172199-trialrun-302172199-worker-0:2559488:2559488 [0] NCCL INFO  1 : GPU/0-f000 GPU/0-2d000 GPU/0-44000 GPU/0-5b000 GPU/0-89000 GPU/0-a8000 GPU/0-c0000 GPU/0-d8000
[36m(WorkerDict pid=2559488)[0m trial-302172199-trialrun-302172199-worker-0:2559488:2559488 [0] NCCL INFO  2 : GPU/0-f000 GPU/0-2d000 GPU/0-44000 GPU/0-5b000 GPU/0-89000 GPU/0-a8000 GPU/0-c0000 GPU/0-d8000
[36m(WorkerDict pid=2559488)[0m trial-302172199-trialrun-302172199-worker-0:2559488:2559488 [0] NCCL INFO  3 : GPU/0-f000 GPU/0-2d000 GPU/0-44000 GPU/0-5b000 GPU/0-89000 GPU/0-a8000 GPU/0-c0000 GPU/0-d8000
[36m(WorkerDict pid=2559488)[0m trial-302172199-trialrun-302172199-worker-0:2559488:2559488 [0] NCCL INFO  4 : GPU/0-f000 GPU/0-2d000 GPU/0-44000 GPU/0-5b000 GPU/0-89000 GPU/0-a8000 GPU/0-c0000 GPU/0-d8000
[36m(WorkerDict pid=2559488)[0m trial-302172199-trialrun-302172199-worker-0:2559488:2559488 [0] NCCL INFO  5 : GPU/0-f000 GPU/0-2d000 GPU/0-44000 GPU/0-5b000 GPU/0-89000 GPU/0-a8000 GPU/0-c0000 GPU/0-d8000
[36m(WorkerDict pid=2559488)[0m trial-302172199-trialrun-302172199-worker-0:2559488:2559488 [0] NCCL INFO  6 : GPU/0-f000 GPU/0-2d000 GPU/0-44000 GPU/0-5b000 GPU/0-89000 GPU/0-a8000 GPU/0-c0000 GPU/0-d8000
[36m(WorkerDict pid=2559488)[0m trial-302172199-trialrun-302172199-worker-0:2559488:2559488 [0] NCCL INFO  7 : GPU/0-f000 GPU/0-2d000 GPU/0-44000 GPU/0-5b000 GPU/0-89000 GPU/0-a8000 GPU/0-c0000 GPU/0-d8000
[36m(WorkerDict pid=2559488)[0m trial-302172199-trialrun-302172199-worker-0:2559488:2559488 [0] NCCL INFO  8 : GPU/0-f000 GPU/0-2d000 GPU/0-44000 GPU/0-5b000 GPU/0-89000 GPU/0-a8000 GPU/0-c0000 GPU/0-d8000
[36m(WorkerDict pid=2559488)[0m trial-302172199-trialrun-302172199-worker-0:2559488:2559488 [0] NCCL INFO  9 : GPU/0-f000 GPU/0-2d000 GPU/0-44000 GPU/0-5b000 GPU/0-89000 GPU/0-a8000 GPU/0-c0000 GPU/0-d8000
[36m(WorkerDict pid=2559488)[0m trial-302172199-trialrun-302172199-worker-0:2559488:2559488 [0] NCCL INFO 10 : GPU/0-f000 GPU/0-2d000 GPU/0-44000 GPU/0-5b000 GPU/0-89000 GPU/0-a8000 GPU/0-c0000 GPU/0-d8000
[36m(WorkerDict pid=2559488)[0m trial-302172199-trialrun-302172199-worker-0:2559488:2559488 [0] NCCL INFO 11 : GPU/0-f000 GPU/0-2d000 GPU/0-44000 GPU/0-5b000 GPU/0-89000 GPU/0-a8000 GPU/0-c0000 GPU/0-d8000
[36m(WorkerDict pid=2559488)[0m trial-302172199-trialrun-302172199-worker-0:2559488:2559488 [0] NCCL INFO 12 : GPU/0-f000 GPU/0-2d000 GPU/0-44000 GPU/0-5b000 GPU/0-89000 GPU/0-a8000 GPU/0-c0000 GPU/0-d8000
[36m(WorkerDict pid=2559488)[0m trial-302172199-trialrun-302172199-worker-0:2559488:2559488 [0] NCCL INFO 13 : GPU/0-f000 GPU/0-2d000 GPU/0-44000 GPU/0-5b000 GPU/0-89000 GPU/0-a8000 GPU/0-c0000 GPU/0-d8000
[36m(WorkerDict pid=2559488)[0m trial-302172199-trialrun-302172199-worker-0:2559488:2559488 [0] NCCL INFO 14 : GPU/0-f000 GPU/0-2d000 GPU/0-44000 GPU/0-5b000 GPU/0-89000 GPU/0-a8000 GPU/0-c0000 GPU/0-d8000
[36m(WorkerDict pid=2559488)[0m trial-302172199-trialrun-302172199-worker-0:2559488:2559488 [0] NCCL INFO 15 : GPU/0-f000 GPU/0-2d000 GPU/0-44000 GPU/0-5b000 GPU/0-89000 GPU/0-a8000 GPU/0-c0000 GPU/0-d8000
[36m(WorkerDict pid=2559488)[0m trial-302172199-trialrun-302172199-worker-0:2559488:2559488 [0] NCCL INFO Pattern 1, crossNic 0, nChannels 16, bw 40.000000/40.000000, type NVL/PIX, sameChannels 1
[36m(WorkerDict pid=2559488)[0m trial-302172199-trialrun-302172199-worker-0:2559488:2559488 [0] NCCL INFO  0 : GPU/0-f000 GPU/0-2d000 GPU/0-44000 GPU/0-5b000 GPU/0-89000 GPU/0-a8000 GPU/0-c0000 GPU/0-d8000
[36m(WorkerDict pid=2559488)[0m trial-302172199-trialrun-302172199-worker-0:2559488:2559488 [0] NCCL INFO  1 : GPU/0-f000 GPU/0-2d000 GPU/0-44000 GPU/0-5b000 GPU/0-89000 GPU/0-a8000 GPU/0-c0000 GPU/0-d8000
[36m(WorkerDict pid=2559488)[0m trial-302172199-trialrun-302172199-worker-0:2559488:2559488 [0] NCCL INFO  2 : GPU/0-f000 GPU/0-2d000 GPU/0-44000 GPU/0-5b000 GPU/0-89000 GPU/0-a8000 GPU/0-c0000 GPU/0-d8000
[36m(WorkerDict pid=2559488)[0m trial-302172199-trialrun-302172199-worker-0:2559488:2559488 [0] NCCL INFO  3 : GPU/0-f000 GPU/0-2d000 GPU/0-44000 GPU/0-5b000 GPU/0-89000 GPU/0-a8000 GPU/0-c0000 GPU/0-d8000
[36m(WorkerDict pid=2559488)[0m trial-302172199-trialrun-302172199-worker-0:2559488:2559488 [0] NCCL INFO  4 : GPU/0-f000 GPU/0-2d000 GPU/0-44000 GPU/0-5b000 GPU/0-89000 GPU/0-a8000 GPU/0-c0000 GPU/0-d8000
[36m(WorkerDict pid=2559488)[0m trial-302172199-trialrun-302172199-worker-0:2559488:2559488 [0] NCCL INFO  5 : GPU/0-f000 GPU/0-2d000 GPU/0-44000 GPU/0-5b000 GPU/0-89000 GPU/0-a8000 GPU/0-c0000 GPU/0-d8000
[36m(WorkerDict pid=2559488)[0m trial-302172199-trialrun-302172199-worker-0:2559488:2559488 [0] NCCL INFO  6 : GPU/0-f000 GPU/0-2d000 GPU/0-44000 GPU/0-5b000 GPU/0-89000 GPU/0-a8000 GPU/0-c0000 GPU/0-d8000
[36m(WorkerDict pid=2559488)[0m trial-302172199-trialrun-302172199-worker-0:2559488:2559488 [0] NCCL INFO  7 : GPU/0-f000 GPU/0-2d000 GPU/0-44000 GPU/0-5b000 GPU/0-89000 GPU/0-a8000 GPU/0-c0000 GPU/0-d8000
[36m(WorkerDict pid=2559488)[0m trial-302172199-trialrun-302172199-worker-0:2559488:2559488 [0] NCCL INFO  8 : GPU/0-f000 GPU/0-2d000 GPU/0-44000 GPU/0-5b000 GPU/0-89000 GPU/0-a8000 GPU/0-c0000 GPU/0-d8000
[36m(WorkerDict pid=2559488)[0m trial-302172199-trialrun-302172199-worker-0:2559488:2559488 [0] NCCL INFO  9 : GPU/0-f000 GPU/0-2d000 GPU/0-44000 GPU/0-5b000 GPU/0-89000 GPU/0-a8000 GPU/0-c0000 GPU/0-d8000
[36m(WorkerDict pid=2559488)[0m trial-302172199-trialrun-302172199-worker-0:2559488:2559488 [0] NCCL INFO 10 : GPU/0-f000 GPU/0-2d000 GPU/0-44000 GPU/0-5b000 GPU/0-89000 GPU/0-a8000 GPU/0-c0000 GPU/0-d8000
[36m(WorkerDict pid=2559488)[0m trial-302172199-trialrun-302172199-worker-0:2559488:2559488 [0] NCCL INFO 11 : GPU/0-f000 GPU/0-2d000 GPU/0-44000 GPU/0-5b000 GPU/0-89000 GPU/0-a8000 GPU/0-c0000 GPU/0-d8000
[36m(WorkerDict pid=2559488)[0m trial-302172199-trialrun-302172199-worker-0:2559488:2559488 [0] NCCL INFO 12 : GPU/0-f000 GPU/0-2d000 GPU/0-44000 GPU/0-5b000 GPU/0-89000 GPU/0-a8000 GPU/0-c0000 GPU/0-d8000
[36m(WorkerDict pid=2559488)[0m trial-302172199-trialrun-302172199-worker-0:2559488:2559488 [0] NCCL INFO 13 : GPU/0-f000 GPU/0-2d000 GPU/0-44000 GPU/0-5b000 GPU/0-89000 GPU/0-a8000 GPU/0-c0000 GPU/0-d8000
[36m(WorkerDict pid=2559488)[0m trial-302172199-trialrun-302172199-worker-0:2559488:2559488 [0] NCCL INFO 14 : GPU/0-f000 GPU/0-2d000 GPU/0-44000 GPU/0-5b000 GPU/0-89000 GPU/0-a8000 GPU/0-c0000 GPU/0-d8000
[36m(WorkerDict pid=2559488)[0m trial-302172199-trialrun-302172199-worker-0:2559488:2559488 [0] NCCL INFO 15 : GPU/0-f000 GPU/0-2d000 GPU/0-44000 GPU/0-5b000 GPU/0-89000 GPU/0-a8000 GPU/0-c0000 GPU/0-d8000
[36m(WorkerDict pid=2559488)[0m trial-302172199-trialrun-302172199-worker-0:2559488:2559488 [0] NCCL INFO Pattern 5, crossNic 0, nChannels 8, bw 80.000000/90.000000, type NVL/PIX, sameChannels 0
[36m(WorkerDict pid=2559488)[0m trial-302172199-trialrun-302172199-worker-0:2559488:2559488 [0] NCCL INFO  0 : GPU/0-f000
[36m(WorkerDict pid=2559488)[0m trial-302172199-trialrun-302172199-worker-0:2559488:2559488 [0] NCCL INFO  1 : GPU/0-2d000
[36m(WorkerDict pid=2559488)[0m trial-302172199-trialrun-302172199-worker-0:2559488:2559488 [0] NCCL INFO  2 : GPU/0-44000
[36m(WorkerDict pid=2559488)[0m trial-302172199-trialrun-302172199-worker-0:2559488:2559488 [0] NCCL INFO  3 : GPU/0-5b000
[36m(WorkerDict pid=2559488)[0m trial-302172199-trialrun-302172199-worker-0:2559488:2559488 [0] NCCL INFO  4 : GPU/0-89000
[36m(WorkerDict pid=2559488)[0m trial-302172199-trialrun-302172199-worker-0:2559488:2559488 [0] NCCL INFO  5 : GPU/0-a8000
[36m(WorkerDict pid=2559488)[0m trial-302172199-trialrun-302172199-worker-0:2559488:2559488 [0] NCCL INFO  6 : GPU/0-c0000
[36m(WorkerDict pid=2559488)[0m trial-302172199-trialrun-302172199-worker-0:2559488:2559488 [0] NCCL INFO  7 : GPU/0-d8000
[36m(WorkerDict pid=2559488)[0m trial-302172199-trialrun-302172199-worker-0:2559488:2559488 [0] NCCL INFO comm 0xee0c560 rank 0 nRanks 8 nNodes 1 localRanks 8 localRank 0 MNNVL 0
[36m(WorkerDict pid=2559488)[0m trial-302172199-trialrun-302172199-worker-0:2559488:2559488 [0] NCCL INFO Tree 0 : -1 -> 0 -> 1/-1/-1
[36m(WorkerDict pid=2559488)[0m trial-302172199-trialrun-302172199-worker-0:2559488:2559488 [0] NCCL INFO Tree 16 : -1 -> 0 -> 1/-1/-1
[36m(WorkerDict pid=2559488)[0m trial-302172199-trialrun-302172199-worker-0:2559488:2559488 [0] NCCL INFO Tree 1 : -1 -> 0 -> 1/-1/-1
[36m(WorkerDict pid=2559488)[0m trial-302172199-trialrun-302172199-worker-0:2559488:2559488 [0] NCCL INFO Tree 17 : -1 -> 0 -> 1/-1/-1
[36m(WorkerDict pid=2559488)[0m trial-302172199-trialrun-302172199-worker-0:2559488:2559488 [0] NCCL INFO Tree 2 : -1 -> 0 -> 1/-1/-1
[36m(WorkerDict pid=2559488)[0m trial-302172199-trialrun-302172199-worker-0:2559488:2559488 [0] NCCL INFO Tree 18 : -1 -> 0 -> 1/-1/-1
[36m(WorkerDict pid=2559488)[0m trial-302172199-trialrun-302172199-worker-0:2559488:2559488 [0] NCCL INFO Tree 3 : -1 -> 0 -> 1/-1/-1
[36m(WorkerDict pid=2559488)[0m trial-302172199-trialrun-302172199-worker-0:2559488:2559488 [0] NCCL INFO Tree 19 : -1 -> 0 -> 1/-1/-1
[36m(WorkerDict pid=2559488)[0m trial-302172199-trialrun-302172199-worker-0:2559488:2559488 [0] NCCL INFO Tree 4 : -1 -> 0 -> 1/-1/-1
[36m(WorkerDict pid=2559488)[0m trial-302172199-trialrun-302172199-worker-0:2559488:2559488 [0] NCCL INFO Tree 20 : -1 -> 0 -> 1/-1/-1
[36m(WorkerDict pid=2559488)[0m trial-302172199-trialrun-302172199-worker-0:2559488:2559488 [0] NCCL INFO Tree 5 : -1 -> 0 -> 1/-1/-1
[36m(WorkerDict pid=2559488)[0m trial-302172199-trialrun-302172199-worker-0:2559488:2559488 [0] NCCL INFO Tree 21 : -1 -> 0 -> 1/-1/-1
[36m(WorkerDict pid=2559488)[0m trial-302172199-trialrun-302172199-worker-0:2559488:2559488 [0] NCCL INFO Tree 6 : -1 -> 0 -> 1/-1/-1
[36m(WorkerDict pid=2559488)[0m trial-302172199-trialrun-302172199-worker-0:2559488:2559488 [0] NCCL INFO Tree 22 : -1 -> 0 -> 1/-1/-1
[36m(WorkerDict pid=2559488)[0m trial-302172199-trialrun-302172199-worker-0:2559488:2559488 [0] NCCL INFO Tree 7 : -1 -> 0 -> 1/-1/-1
[36m(WorkerDict pid=2559488)[0m trial-302172199-trialrun-302172199-worker-0:2559488:2559488 [0] NCCL INFO Tree 23 : -1 -> 0 -> 1/-1/-1
[36m(WorkerDict pid=2559488)[0m trial-302172199-trialrun-302172199-worker-0:2559488:2559488 [0] NCCL INFO Tree 8 : -1 -> 0 -> 1/-1/-1
[36m(WorkerDict pid=2559488)[0m trial-302172199-trialrun-302172199-worker-0:2559488:2559488 [0] NCCL INFO Tree 24 : -1 -> 0 -> 1/-1/-1
[36m(WorkerDict pid=2559488)[0m trial-302172199-trialrun-302172199-worker-0:2559488:2559488 [0] NCCL INFO Tree 9 : -1 -> 0 -> 1/-1/-1
[36m(WorkerDict pid=2559488)[0m trial-302172199-trialrun-302172199-worker-0:2559488:2559488 [0] NCCL INFO Tree 25 : -1 -> 0 -> 1/-1/-1
[36m(WorkerDict pid=2559488)[0m trial-302172199-trialrun-302172199-worker-0:2559488:2559488 [0] NCCL INFO Tree 10 : -1 -> 0 -> 1/-1/-1
[36m(WorkerDict pid=2559488)[0m trial-302172199-trialrun-302172199-worker-0:2559488:2559488 [0] NCCL INFO Tree 26 : -1 -> 0 -> 1/-1/-1
[36m(WorkerDict pid=2559488)[0m trial-302172199-trialrun-302172199-worker-0:2559488:2559488 [0] NCCL INFO Tree 11 : -1 -> 0 -> 1/-1/-1
[36m(WorkerDict pid=2559488)[0m trial-302172199-trialrun-302172199-worker-0:2559488:2559488 [0] NCCL INFO Tree 27 : -1 -> 0 -> 1/-1/-1
[36m(WorkerDict pid=2559488)[0m trial-302172199-trialrun-302172199-worker-0:2559488:2559488 [0] NCCL INFO Tree 12 : -1 -> 0 -> 1/-1/-1
[36m(WorkerDict pid=2559488)[0m trial-302172199-trialrun-302172199-worker-0:2559488:2559488 [0] NCCL INFO Tree 28 : -1 -> 0 -> 1/-1/-1
[36m(WorkerDict pid=2559488)[0m trial-302172199-trialrun-302172199-worker-0:2559488:2559488 [0] NCCL INFO Tree 13 : -1 -> 0 -> 1/-1/-1
[36m(WorkerDict pid=2559488)[0m trial-302172199-trialrun-302172199-worker-0:2559488:2559488 [0] NCCL INFO Tree 29 : -1 -> 0 -> 1/-1/-1
[36m(WorkerDict pid=2559488)[0m trial-302172199-trialrun-302172199-worker-0:2559488:2559488 [0] NCCL INFO Tree 14 : -1 -> 0 -> 1/-1/-1
[36m(WorkerDict pid=2559488)[0m trial-302172199-trialrun-302172199-worker-0:2559488:2559488 [0] NCCL INFO Tree 30 : -1 -> 0 -> 1/-1/-1
[36m(WorkerDict pid=2559488)[0m trial-302172199-trialrun-302172199-worker-0:2559488:2559488 [0] NCCL INFO Tree 15 : -1 -> 0 -> 1/-1/-1
[36m(WorkerDict pid=2559488)[0m trial-302172199-trialrun-302172199-worker-0:2559488:2559488 [0] NCCL INFO Tree 31 : -1 -> 0 -> 1/-1/-1
[36m(WorkerDict pid=2559488)[0m trial-302172199-trialrun-302172199-worker-0:2559488:2559488 [0] NCCL INFO Channel 00/32 : 0 1 2 3 4 5 6 7
[36m(WorkerDict pid=2559488)[0m trial-302172199-trialrun-302172199-worker-0:2559488:2559488 [0] NCCL INFO Channel 01/32 : 0 1 2 3 4 5 6 7
[36m(WorkerDict pid=2559488)[0m trial-302172199-trialrun-302172199-worker-0:2559488:2559488 [0] NCCL INFO Channel 02/32 : 0 1 2 3 4 5 6 7
[36m(WorkerDict pid=2559488)[0m trial-302172199-trialrun-302172199-worker-0:2559488:2559488 [0] NCCL INFO Channel 03/32 : 0 1 2 3 4 5 6 7
[36m(WorkerDict pid=2559488)[0m trial-302172199-trialrun-302172199-worker-0:2559488:2559488 [0] NCCL INFO Channel 04/32 : 0 1 2 3 4 5 6 7
[36m(WorkerDict pid=2559488)[0m trial-302172199-trialrun-302172199-worker-0:2559488:2559488 [0] NCCL INFO Channel 05/32 : 0 1 2 3 4 5 6 7
[36m(WorkerDict pid=2559488)[0m trial-302172199-trialrun-302172199-worker-0:2559488:2559488 [0] NCCL INFO Channel 06/32 : 0 1 2 3 4 5 6 7
[36m(WorkerDict pid=2559488)[0m trial-302172199-trialrun-302172199-worker-0:2559488:2559488 [0] NCCL INFO Channel 07/32 : 0 1 2 3 4 5 6 7
[36m(WorkerDict pid=2559488)[0m trial-302172199-trialrun-302172199-worker-0:2559488:2559488 [0] NCCL INFO Channel 08/32 : 0 1 2 3 4 5 6 7
[36m(WorkerDict pid=2559488)[0m trial-302172199-trialrun-302172199-worker-0:2559488:2559488 [0] NCCL INFO Channel 09/32 : 0 1 2 3 4 5 6 7
[36m(WorkerDict pid=2559488)[0m trial-302172199-trialrun-302172199-worker-0:2559488:2559488 [0] NCCL INFO Channel 10/32 : 0 1 2 3 4 5 6 7
[36m(WorkerDict pid=2559488)[0m trial-302172199-trialrun-302172199-worker-0:2559488:2559488 [0] NCCL INFO Channel 11/32 : 0 1 2 3 4 5 6 7
[36m(WorkerDict pid=2559488)[0m trial-302172199-trialrun-302172199-worker-0:2559488:2559488 [0] NCCL INFO Channel 12/32 : 0 1 2 3 4 5 6 7
[36m(WorkerDict pid=2559488)[0m trial-302172199-trialrun-302172199-worker-0:2559488:2559488 [0] NCCL INFO Channel 13/32 : 0 1 2 3 4 5 6 7
[36m(WorkerDict pid=2559488)[0m trial-302172199-trialrun-302172199-worker-0:2559488:2559488 [0] NCCL INFO Channel 14/32 : 0 1 2 3 4 5 6 7
[36m(WorkerDict pid=2559488)[0m trial-302172199-trialrun-302172199-worker-0:2559488:2559488 [0] NCCL INFO Channel 15/32 : 0 1 2 3 4 5 6 7
[36m(WorkerDict pid=2559488)[0m trial-302172199-trialrun-302172199-worker-0:2559488:2559488 [0] NCCL INFO Channel 16/32 : 0 1 2 3 4 5 6 7
[36m(WorkerDict pid=2559488)[0m trial-302172199-trialrun-302172199-worker-0:2559488:2559488 [0] NCCL INFO Channel 17/32 : 0 1 2 3 4 5 6 7
[36m(WorkerDict pid=2559488)[0m trial-302172199-trialrun-302172199-worker-0:2559488:2559488 [0] NCCL INFO Channel 18/32 : 0 1 2 3 4 5 6 7
[36m(WorkerDict pid=2559488)[0m trial-302172199-trialrun-302172199-worker-0:2559488:2559488 [0] NCCL INFO Channel 19/32 : 0 1 2 3 4 5 6 7
[36m(WorkerDict pid=2559488)[0m trial-302172199-trialrun-302172199-worker-0:2559488:2559488 [0] NCCL INFO Channel 20/32 : 0 1 2 3 4 5 6 7
[36m(WorkerDict pid=2559488)[0m trial-302172199-trialrun-302172199-worker-0:2559488:2559488 [0] NCCL INFO Channel 21/32 : 0 1 2 3 4 5 6 7
[36m(WorkerDict pid=2559488)[0m trial-302172199-trialrun-302172199-worker-0:2559488:2559488 [0] NCCL INFO Channel 22/32 : 0 1 2 3 4 5 6 7
[36m(WorkerDict pid=2559488)[0m trial-302172199-trialrun-302172199-worker-0:2559488:2559488 [0] NCCL INFO Channel 23/32 : 0 1 2 3 4 5 6 7
[36m(WorkerDict pid=2559488)[0m trial-302172199-trialrun-302172199-worker-0:2559488:2559488 [0] NCCL INFO Channel 24/32 : 0 1 2 3 4 5 6 7
[36m(WorkerDict pid=2559488)[0m trial-302172199-trialrun-302172199-worker-0:2559488:2559488 [0] NCCL INFO Channel 25/32 : 0 1 2 3 4 5 6 7
[36m(WorkerDict pid=2559488)[0m trial-302172199-trialrun-302172199-worker-0:2559488:2559488 [0] NCCL INFO Channel 26/32 : 0 1 2 3 4 5 6 7
[36m(WorkerDict pid=2559488)[0m trial-302172199-trialrun-302172199-worker-0:2559488:2559488 [0] NCCL INFO Channel 27/32 : 0 1 2 3 4 5 6 7
[36m(WorkerDict pid=2559488)[0m trial-302172199-trialrun-302172199-worker-0:2559488:2559488 [0] NCCL INFO Channel 28/32 : 0 1 2 3 4 5 6 7
[36m(WorkerDict pid=2559488)[0m trial-302172199-trialrun-302172199-worker-0:2559488:2559488 [0] NCCL INFO Channel 29/32 : 0 1 2 3 4 5 6 7
[36m(WorkerDict pid=2559488)[0m trial-302172199-trialrun-302172199-worker-0:2559488:2559488 [0] NCCL INFO Channel 30/32 : 0 1 2 3 4 5 6 7
[36m(WorkerDict pid=2559488)[0m trial-302172199-trialrun-302172199-worker-0:2559488:2559488 [0] NCCL INFO Channel 31/32 : 0 1 2 3 4 5 6 7
[36m(WorkerDict pid=2559488)[0m trial-302172199-trialrun-302172199-worker-0:2559488:2559488 [0] NCCL INFO Ring 00 : 7 -> 0 -> 1
[36m(WorkerDict pid=2559488)[0m trial-302172199-trialrun-302172199-worker-0:2559488:2559488 [0] NCCL INFO Ring 01 : 7 -> 0 -> 1
[36m(WorkerDict pid=2559488)[0m trial-302172199-trialrun-302172199-worker-0:2559488:2559488 [0] NCCL INFO Ring 02 : 7 -> 0 -> 1
[36m(WorkerDict pid=2559488)[0m trial-302172199-trialrun-302172199-worker-0:2559488:2559488 [0] NCCL INFO Ring 03 : 7 -> 0 -> 1
[36m(WorkerDict pid=2559488)[0m trial-302172199-trialrun-302172199-worker-0:2559488:2559488 [0] NCCL INFO Ring 04 : 7 -> 0 -> 1
[36m(WorkerDict pid=2559488)[0m trial-302172199-trialrun-302172199-worker-0:2559488:2559488 [0] NCCL INFO Ring 05 : 7 -> 0 -> 1
[36m(WorkerDict pid=2559488)[0m trial-302172199-trialrun-302172199-worker-0:2559488:2559488 [0] NCCL INFO Ring 06 : 7 -> 0 -> 1
[36m(WorkerDict pid=2559488)[0m trial-302172199-trialrun-302172199-worker-0:2559488:2559488 [0] NCCL INFO Ring 07 : 7 -> 0 -> 1
[36m(WorkerDict pid=2559488)[0m trial-302172199-trialrun-302172199-worker-0:2559488:2559488 [0] NCCL INFO Ring 08 : 7 -> 0 -> 1
[36m(WorkerDict pid=2559488)[0m trial-302172199-trialrun-302172199-worker-0:2559488:2559488 [0] NCCL INFO Ring 09 : 7 -> 0 -> 1
[36m(WorkerDict pid=2559488)[0m trial-302172199-trialrun-302172199-worker-0:2559488:2559488 [0] NCCL INFO Ring 10 : 7 -> 0 -> 1
[36m(WorkerDict pid=2559488)[0m trial-302172199-trialrun-302172199-worker-0:2559488:2559488 [0] NCCL INFO Ring 11 : 7 -> 0 -> 1
[36m(WorkerDict pid=2559488)[0m trial-302172199-trialrun-302172199-worker-0:2559488:2559488 [0] NCCL INFO Ring 12 : 7 -> 0 -> 1
[36m(WorkerDict pid=2559488)[0m trial-302172199-trialrun-302172199-worker-0:2559488:2559488 [0] NCCL INFO Ring 13 : 7 -> 0 -> 1
[36m(WorkerDict pid=2559488)[0m trial-302172199-trialrun-302172199-worker-0:2559488:2559488 [0] NCCL INFO Ring 14 : 7 -> 0 -> 1
[36m(WorkerDict pid=2559488)[0m trial-302172199-trialrun-302172199-worker-0:2559488:2559488 [0] NCCL INFO Ring 15 : 7 -> 0 -> 1
[36m(WorkerDict pid=2559488)[0m trial-302172199-trialrun-302172199-worker-0:2559488:2559488 [0] NCCL INFO Ring 16 : 7 -> 0 -> 1
[36m(WorkerDict pid=2559488)[0m trial-302172199-trialrun-302172199-worker-0:2559488:2559488 [0] NCCL INFO Ring 17 : 7 -> 0 -> 1
[36m(WorkerDict pid=2559488)[0m trial-302172199-trialrun-302172199-worker-0:2559488:2559488 [0] NCCL INFO Ring 18 : 7 -> 0 -> 1
[36m(WorkerDict pid=2559488)[0m trial-302172199-trialrun-302172199-worker-0:2559488:2559488 [0] NCCL INFO Ring 19 : 7 -> 0 -> 1
[36m(WorkerDict pid=2559488)[0m trial-302172199-trialrun-302172199-worker-0:2559488:2559488 [0] NCCL INFO Ring 20 : 7 -> 0 -> 1
[36m(WorkerDict pid=2559488)[0m trial-302172199-trialrun-302172199-worker-0:2559488:2559488 [0] NCCL INFO Ring 21 : 7 -> 0 -> 1
[36m(WorkerDict pid=2559488)[0m trial-302172199-trialrun-302172199-worker-0:2559488:2559488 [0] NCCL INFO Ring 22 : 7 -> 0 -> 1
[36m(WorkerDict pid=2559488)[0m trial-302172199-trialrun-302172199-worker-0:2559488:2559488 [0] NCCL INFO Ring 23 : 7 -> 0 -> 1
[36m(WorkerDict pid=2559488)[0m trial-302172199-trialrun-302172199-worker-0:2559488:2559488 [0] NCCL INFO Ring 24 : 7 -> 0 -> 1
[36m(WorkerDict pid=2559488)[0m trial-302172199-trialrun-302172199-worker-0:2559488:2559488 [0] NCCL INFO Ring 25 : 7 -> 0 -> 1
[36m(WorkerDict pid=2559488)[0m trial-302172199-trialrun-302172199-worker-0:2559488:2559488 [0] NCCL INFO Ring 26 : 7 -> 0 -> 1
[36m(WorkerDict pid=2559488)[0m trial-302172199-trialrun-302172199-worker-0:2559488:2559488 [0] NCCL INFO Ring 27 : 7 -> 0 -> 1
[36m(WorkerDict pid=2559488)[0m trial-302172199-trialrun-302172199-worker-0:2559488:2559488 [0] NCCL INFO Ring 28 : 7 -> 0 -> 1
[36m(WorkerDict pid=2559488)[0m trial-302172199-trialrun-302172199-worker-0:2559488:2559488 [0] NCCL INFO Ring 29 : 7 -> 0 -> 1
[36m(WorkerDict pid=2559488)[0m trial-302172199-trialrun-302172199-worker-0:2559488:2559488 [0] NCCL INFO Ring 30 : 7 -> 0 -> 1
[36m(WorkerDict pid=2559488)[0m trial-302172199-trialrun-302172199-worker-0:2559488:2559488 [0] NCCL INFO Ring 31 : 7 -> 0 -> 1
[36m(WorkerDict pid=2559488)[0m trial-302172199-trialrun-302172199-worker-0:2559488:2559488 [0] NCCL INFO Trees [0] 1/-1/-1->0->-1 [1] 1/-1/-1->0->-1 [2] 1/-1/-1->0->-1 [3] 1/-1/-1->0->-1 [4] 1/-1/-1->0->-1 [5] 1/-1/-1->0->-1 [6] 1/-1/-1->0->-1 [7] 1/-1/-1->0->-1 [8] 1/-1/-1->0->-1 [9] 1/-1/-1->0->-1 [10] 1/-1/-1->0->-1 [11] 1/-1/-1->0->-1 [12] 1/-1/-1->0->-1 [13] 1/-1/-1->0->-1 [14] 1/-1/-1->0->-1 [15] 1/-1/-1->0->-1 [16] 1/-1/-1->0->-1 [17] 1/-1/-1->0->-1 [18] 1/-1/-1->0->-1 [19] 1/-1/-1->0->-1 [20] 1/-1/-1->0->-1 [21] 1/-1/-1->0->-1 [22] 1/-1/-1->0->-1 [23] 1/-1/-1->0->-1 [24] 1/-1/-1->0->-1 [25] 1/-1/-1->0->-1 [26] 1/-1/-1->0->-1 [27] 1/-1/-1->0->-1 [28] 1/-1/-1->0->-1 [29] 1/-1/-1->0->-1 [30] 1/-1/-1->0->-1 [31] 1/-1/-1->0->-1
[36m(WorkerDict pid=2559488)[0m trial-302172199-trialrun-302172199-worker-0:2559488:2559488 [0] NCCL INFO P2P Chunksize set to 524288
[36m(WorkerDict pid=2559488)[0m trial-302172199-trialrun-302172199-worker-0:2559488:2559488 [0] NCCL INFO PROFILER/Plugin: Could not find: libnccl-profiler.so
[36m(WorkerDict pid=2559488)[0m trial-302172199-trialrun-302172199-worker-0:2559488:2559488 [0] NCCL INFO Check P2P Type isAllDirectP2p 1 directMode 0 isAllCudaP2p 1
[36m(WorkerDict pid=2559488)[0m trial-302172199-trialrun-302172199-worker-0:2559488:2575075 [0] NCCL INFO [Proxy Service] Device 0 CPU core 5
[36m(WorkerDict pid=2559488)[0m trial-302172199-trialrun-302172199-worker-0:2559488:2559488 [0] NCCL INFO ncclP2pSchedule: group size used is 8
[36m(WorkerDict pid=2559488)[0m trial-302172199-trialrun-302172199-worker-0:2559488:2575079 [0] NCCL INFO [Proxy Service UDS] Devic
[36m(WorkerDict pid=2559487)[0m S) NET/0-0 (0/0.0/DIS) 
[36m(WorkerDict pid=2559487)[0m trial-302172199-trialrun-302172199-worker-0:2559487:2559487 [2] NCCL I
[36m(WorkerDict pid=2559490)[0m YS) NET/0-0 (0/0.0/DIS) 
[36m(WorkerDict pid=2559490)[0m trial-302172199-trialrun-302172199-worker-0:2559490:2559490 [4] 
[36m(WorkerDict pid=2559484)[0m trial-302172199-trialrun-302172199-worker-
[36m(WorkerDict pid=2559493)[0m trial-302172199-trialrun-302172199-worker-0:2559493:2559493 [7] NC
[36m(WorkerDict pid=2559488)[0m e 0 CPU core 49
[36m(WorkerDict pid=2559488)[0m trial-302172199-trialrun-302172199-worker-0:2559488:2559488 [0] NCCL INFO TUNER/Plugin: Could not find: libnccl-tuner.so
[36m(WorkerDict pid=2559488)[0m trial-302172199-trialrun-302172199-worker-0:2559488:2559488 [0] NCCL INFO threadThresholds 8/8/64 | 64/8/64 | 512 | 512
[36m(WorkerDict pid=2559488)[0m trial-302172199-trialrun-302172199-worker-0:2559488:2559488 [0] NCCL INFO 32 coll channels, 32 collnet channels, 24 nvls channels, 32 p2p channels, 32 p2p channels per peer
[36m(WorkerDict pid=2559488)[0m trial-302172199-trialrun-302172199-worker-0:2559488:2559488 [0] NCCL INFO CC Off, workFifoBytes 1048576
[36m(WorkerDict pid=2559488)[0m trial-302172199-trialrun-302172199-worker-0:2559488:2559488 [0] NCCL INFO ncclCommInitRankConfig comm 0xee0c560 rank 0 nranks 8 cudaDev 0 nvmlDev 0 busId f000 commId 0x48b5525b5365495d - Init COMPLETE
[36m(WorkerDict pid=2559488)[0m trial-302172199-trialrun-302172199-worker-0:2559488:2559488 [0] NCCL INFO Init timings - ncclCommInitRankConfig: rank 0 nranks 8 total 3.33 (kernels 0.28, alloc 0.71, bootstrap 0.21, allgathers 0.02, topo 1.65, graphs 0.03, connections 0.42, rest 0.00)
[36m(WorkerDict pid=2559488)[0m trial-302172199-trialrun-302172199-worker-0:2559488:2559488 [0] NCCL INFO Channel 00/0 : 0[0] -> 1[1] via P2P/CUMEM
[36m(WorkerDict pid=2559488)[0m trial-302172199-trialrun-302172199-worker-0:2559488:2559488 [0] NCCL INFO Channel 01/0 : 0[0] -> 1[1] via P2P/CUMEM
[36m(WorkerDict pid=2559488)[0m trial-302172199-trialrun-302172199-worker-0:2559488:2559488 [0] NCCL INFO Channel 02/0 : 0[0] -> 1[1] via P2P/CUMEM
[36m(WorkerDict pid=2559488)[0m trial-302172199-trialrun-302172199-worker-0:2559488:2559488 [0] NCCL INFO Channel 03/0 : 0[0] -> 1[1] via P2P/CUMEM
[36m(WorkerDict pid=2559488)[0m trial-302172199-trialrun-302172199-worker-0:2559488:2559488 [0] NCCL INFO Channel 04/0 : 0[0] -> 1[1] via P2P/CUMEM
[36m(WorkerDict pid=2559488)[0m trial-302172199-trialrun-302172199-worker-0:2559488:2559488 [0] NCCL INFO Channel 05/0 : 0[0] -> 1[1] via P2P/CUMEM
[36m(WorkerDict pid=2559488)[0m trial-302172199-trialrun-302172199-worker-0:2559488:2559488 [0] NCCL INFO Channel 06/0 : 0[0] -> 1[1] via P2P/CUMEM
[36m(WorkerDict pid=2559488)[0m trial-302172199-trialrun-302172199-worker-0:2559488:2559488 [0] NCCL INFO Channel 07/0 : 0[0] -> 1[1] via P2P/CUMEM
[36m(WorkerDict pid=2559488)[0m trial-302172199-trialrun-302172199-worker-0:2559488:2559488 [0] NCCL INFO Channel 08/0 : 0[0] -> 1[1] via P2P/CUMEM
[36m(WorkerDict pid=2559488)[0m trial-302172199-trialrun-302172199-worker-0:2559488:2559488 [0] NCCL INFO Channel 09/0 : 0[0] -> 1[1] via P2P/CUMEM
[36m(WorkerDict pid=2559488)[0m trial-302172199-trialrun-302172199-worker-0:2559488:2559488 [0] NCCL INFO Channel 10/0 : 0[0] -> 1[1] via P2P/CUMEM
[36m(WorkerDict pid=2559488)[0m trial-302172199-trialrun-302172199-worker-0:2559488:2559488 [0] NCCL INFO Channel 11/0 : 0[0] -> 1[1] via P2P/CUMEM
[36m(WorkerDict pid=2559488)[0m trial-302172199-trialrun-302172199-worker-0:2559488:2559488 [0] NCCL INFO Channel 12/0 : 0[0] -> 1[1] via P2P/CUMEM
[36m(WorkerDict pid=2559488)[0m trial-302172199-trialrun-302172199-worker-0:2559488:2559488 [0] NCCL INFO Channel 13/0 : 0[0] -> 1[1] via P2P/CUMEM
[36m(WorkerDict pid=2559488)[0m trial-302172199-trialrun-302172199-worker-0:2559488:2559488 [0] NCCL INFO Channel 14/0 : 0[0] -> 1[1] via P2P/CUMEM
[36m(WorkerDict pid=2559488)[0m trial-302172199-trialrun-302172199-worker-0:2559488:2559488 [0] NCCL INFO Channel 15/0 : 0[0] -> 1[1] via P2P/CUMEM
[36m(WorkerDict pid=2559488)[0m trial-302172199-trialrun-302172199-worker-0:2559488:2559488 [0] NCCL INFO Channel 16/0 : 0[0] -> 1[1] via P2P/CUMEM
[36m(WorkerDict pid=2559488)[0m trial-302172199-trialrun-302172199-worker-0:2559488:2559488 [0] NCCL INFO Channel 17/0 : 0[0] -> 1[1] via P2P/CUMEM
[36m(WorkerDict pid=2559488)[0m trial-302172199-trialrun-302172199-worker-0:2559488:2559488 [0] NCCL INFO Channel 18/0 : 0[0] -> 1[1] via P2P/CUMEM
[36m(WorkerDict pid=2559488)[0m trial-302172199-trialrun-302172199-worker-0:2559488:2559488 [0] NCCL INFO Channel 19/0 : 0[0] -> 1[1] via P2P/CUMEM
[36m(WorkerDict pid=2559488)[0m trial-302172199-trialrun-302172199-worker-0:2559488:2559488 [0] NCCL INFO Channel 20/0 : 0[0] -> 1[1] via P2P/CUMEM
[36m(WorkerDict pid=2559488)[0m trial-302172199-trialrun-302172199-worker-0:2559488:2559488 [0] NCCL INFO Channel 21/0 : 0[0] -> 1[1] via P2P/CUMEM
[36m(WorkerDict pid=2559488)[0m trial-302172199-trialrun-302172199-worker-0:2559488:2559488 [0] NCCL INFO Channel 22/0 : 0[0] -> 1[1] via P2P/CUMEM
[36m(WorkerDict pid=2559488)[0m trial-302172199-trialrun-302172199-worker-0:2559488:2559488 [0] NCCL INFO Channel 23/0 : 0[0] -> 1[1] via P2P/CUMEM
[36m(WorkerDict pid=2559488)[0m trial-302172199-trialrun-302172199-worker-0:2559488:2559488 [0] NCCL INFO Channel 24/0 : 0[0] -> 1[1] via P2P/CUMEM
[36m(WorkerDict pid=2559488)[0m trial-302172199-trialrun-302172199-worker-0:2559488:2559488 [0] NCCL INFO Channel 25/0 : 0[0] -> 1[1] via P2P/CUMEM
[36m(WorkerDict pid=2559488)[0m trial-302172199-trialrun-302172199-worker-0:2559488:2559488 [0] NCCL INFO Channel 26/0 : 0[0
[36m(WorkerDict pid=2559487)[0m NFO Ring 30 : 1 -> 2 -> 3
[36m(WorkerDict pid=2559487)[0m trial-302172199-trialrun-302172199-worker-0:2559487:2575088 [0] NCCL INFO [Proxy Service UDS] Device 2 CPU core 27
[36m(WorkerDict pid=2559487)[0m trial-302172199-trialrun-302172199-worker-0:2559487:2559487 [2] NCCL INFO Channel 14/0 : 2[2] -> 3[3] v
[36m(WorkerDict pid=2559490)[0m trial-302172199-trialrun-302172199-worker-0:2559490:2559490 [4] NCCL INFO Channel 14/0 : 4[4] -
[36m(WorkerDict pid=2559484)[0m trial-302172199-
[36m(WorkerDict pid=2559493)[0m CL INFO Ring 30 : 6 -> 7 -> 0
[36m(WorkerDict pid=2559493)[0m trial-302172199-trialrun-302172199-worker-0:2559493:2559493 [7] 
[36m(WorkerDict pid=2559492)[0m trial-302172199-trialrun-302172199-worker-0:2559492:2559492 [6] NCCL INFO Channel 14/0 : 6[6] -> 
[36m(WorkerDict pid=2559488)[0m Actor use_remove_padding=True
[36m(WorkerDict pid=2559488)[0m Actor use_fused_kernels=True
[36m(WorkerDict pid=2559489)[0m Monkey patch _flash_attention_forward in transformers.integrations.flash_attention[32m [repeated 7x across cluster][0m
[36m(WorkerDict pid=2559489)[0m Using Triton backend for fused kernels in Qwen2ForCausalLM[32m [repeated 7x across cluster][0m
[36m(WorkerDict pid=2559491)[0m trial-302172199-trialrun-302172199-worker-0:2559491:2559491 [5] NCCL INFO ENV/Plugin: Could not find: libnccl-env.so[32m [repeated 7x across cluster][0m
[36m(WorkerDict pid=2559491)[0m trial-302172199-trialrun-302172199-worker-0:2559491:2559491 [5] NCCL INFO NCCL_SOCKET_FAMILY set by environment to AF_INET6[32m [repeated 14x across cluster][0m
[36m(WorkerDict pid=2559491)[0m trial-302172199-trialrun-302172199-worker-0:2559491:2559491 [5] NCCL INFO NCCL_SOCKET_IFNAME set by environment to =eth0[32m [repeated 14x across cluster][0m
[36m(WorkerDict pid=2559491)[0m trial-302172199-trialrun-302172199-worker-0:2559491:2559491 [5] NCCL INFO cudaDriverVersion 13000[32m [repeated 7x across cluster][0m
[36m(WorkerDict pid=2559491)[0m trial-302172199-trialrun-302172199-worker-0:2559491:2559491 [5] NCCL INFO NCCL version 2.28.9+cuda13.0[32m [repeated 7x across cluster][0m
[36m(WorkerDict pid=2559491)[0m trial-302172199-trialrun-302172199-worker-0:2559491:2559491 [5] NCCL INFO Comm config Blocking set to 1[32m [repeated 7x across cluster][0m
[36m(WorkerDict pid=2559491)[0m trial-302172199-trialrun-302172199-worker-0:2559491:2559491 [5] NCCL INFO NCCL_NET_PLUGIN set by environment to none[32m [repeated 7x across cluster][0m
[36m(WorkerDict pid=2559491)[0m trial-302172199-trialrun-302172199-worker-0:2559491:2559491 [5] NCCL INFO NET/Socket : Using [0]eth0:fdbd:dc61:ff:f000:ffff:ffff:0:16<0>[32m [repeated 7x across cluster][0m
[36m(WorkerDict pid=2559491)[0m trial-302172199-trialrun-302172199-worker-0:2559491:2559491 [5] NCCL INFO Initialized NET plugin Socket[32m [repeated 7x across cluster][0m
[36m(WorkerDict pid=2559491)[0m trial-302172199-trialrun-302172199-worker-0:2559491:2559491 [5] NCCL INFO Assigned NET plugin Socket to comm[32m [repeated 7x across cluster][0m
[36m(WorkerDict pid=2559491)[0m trial-302172199-trialrun-302172199-worker-0:2559491:2559491 [5] NCCL INFO Using network Socket[32m [repeated 7x across cluster][0m
[36m(WorkerDict pid=2559491)[0m trial-302172199-trialrun-302172199-worker-0:2559491:2559491 [5] NCCL INFO ncclCommInitRankConfig comm 0xed01ff0 rank 5 nranks 8 cudaDev 5 nvmlDev 5 busId a8000 commId 0x48b5525b5365495d - Init START[32m [repeated 7x across cluster][0m
[36m(WorkerDict pid=2559491)[0m trial-302172199-trialrun-302172199-worker-0:2559491:2559491 [5] NCCL INFO RAS client listening socket at ::1<28028>[32m [repeated 7x across cluster][0m
[36m(WorkerDict pid=2559491)[0m trial-302172199-trialrun-302172199-worker-0:2559491:2559491 [5] NCCL INFO MNNVL busId 0xa8000 fabric UUID 0.0 cliqueId 0x0 state 3 healthMask 0x80[32m [repeated 7x across cluster][0m
[36m(WorkerDict pid=2559491)[0m trial-302172199-trialrun-302172199-worker-0:2559491:2559491 [5] NCCL INFO Could not find real path of /sys/class/pci_bus/fffffff/../../fffffff:ff:f[32m [repeated 7x across cluster][0m
[36m(WorkerDict pid=2559491)[0m trial-302172199-trialrun-302172199-worker-0:2559491:2559491 [5] NCCL INFO TOPO/NET : Importing network plugins to topology[32m [repeated 7x across cluster][0m
[36m(WorkerDict pid=2559491)[0m trial-302172199-trialrun-302172199-worker-0:2559491:2559491 [5] NCCL INFO ncclTopoPopulateNics : Filled eth0 in topo with pciPath=(null) keep=1 coll=(null)[32m [repeated 7x across cluster][0m
[36m(WorkerDict pid=2559491)[0m trial-302172199-trialrun-302172199-worker-0:2559491:2559491 [5] NCCL INFO === System : maxBw 721.8 totalBw 721.8 ===[32m [repeated 7x across cluster][0m
[36m(WorkerDict pid=2559491)[0m trial-302172199-trialrun-302172199-worker-0:2559491:2559491 [5] NCCL INFO NET/0-0 :GPU/0-f000 (4/1.2/PHB) GPU/0-2d000 (4/1.2/PHB) GPU/0-44000 (4/1.2/PHB) GPU/0-5b000 (4/1.2/PHB) GPU/0-89000 (5/1.2/SYS) GPU/0-a8000 (5/1.2/SYS) GPU/0-c0000 (5/1.2/SYS) GPU/0-d8000 (5/1.2/SYS) CPU/0-0 (2/1.2/PHB) CPU/0-1 (3/1.2/SYS) NET/0-0 (0/5000.0/LOC) NET/0-0 (0/0.0/DIS) [32m [repeated 89x across cluster][0m
[36m(WorkerDict pid=2559491)[0m trial-302172199-trialrun-302172199-worker-0:2559491:2559491 [5] NCCL INFO + SYS[40.0] - CPU/0-0[32m [repeated 203x across cluster][0m
[36m(WorkerDict pid=2559491)[0m trial-302172199-trialrun-302172199-worker-0:2559491:2559491 [5] NCCL INFO ==========================================[32m [repeated 7x across cluster][0m
[36m(WorkerDict pid=2559491)[0m trial-302172199-trialrun-302172199-worker-0:2559491:2559491 [5] NCCL INFO ncclTopoGetCpuAffinity: Affinity for GPU 5 is 64-126,192-254. (GPU affinity = 64-127,192-255 ; CPU affinity = 0-62,64-126,128-190,192-254).[32m [repeated 7x across cluster][0m
[36m(WorkerDict pid=2559491)[0m trial-302172199-trialrun-302172199-worker-0:2559491:2559491 [5] NCCL INFO NCCL_NVLS_ENABLE set by environment to 1.[32m [repeated 7x across cluster][0m
[36m(WorkerDict pid=2559491)[0m trial-302172199-trialrun-302172199-worker-0:2559491:2559491 [5] NCCL INFO NVLS multicast support is available on dev 5 (NVLS_NCHANNELS 24)[32m [repeated 7x across cluster][0m
[36m(WorkerDict pid=2559491)[0m trial-302172199-trialrun-302172199-worker-0:2559491:2559491 [5] NCCL INFO Pattern 5, crossNic 0, nChannels 8, bw 80.000000/90.000000, type NVL/PIX, sameChannels 0[32m [repeated 21x across cluster][0m
[36m(WorkerDict pid=2559491)[0m trial-302172199-trialrun-302172199-worker-0:2559491:2559491 [5] NCCL INFO  7 : GPU/0-d8000[32m [repeated 280x across cluster][0m
[36m(WorkerDict pid=2559491)[0m trial-302172199-trialrun-302172199-worker-0:2559491:2559491 [5] NCCL INFO comm 0xed01ff0 rank 5 nRanks 8 nNodes 1 localRanks 8 localRank 5 MNNVL 0[32m [repeated 7x across cluster][0m
[36m(WorkerDict pid=2559484)[0m trial-302172199-trialrun-302172199-worker-0:2559484:2559484 [1] NCCL INFO Tree 31 : 0 -> 1 -> 2/-1/-1[32m [repeated 32x across cluster][0m
[36m(WorkerDict pid=2559491)[0m trial-302172199-trialrun-302172199-worker-0:2559491:2559491 [5] NCCL INFO Ring 31 : 4 -> 5 -> 6[32m [repeated 219x across cluster][0m
[36m(WorkerDict pid=2559491)[0m trial-302172199-trialrun-302172199-worker-0:2559491:2559491 [5] NCCL INFO Trees [0] 6/-1/-1->5->4 [1] 6/-1/-1->5->4 [2] 6/-1/-1->5->4 [3] 6/-1/-1->5->4 [4] 6/-1/-1->5->4 [5] 6/-1/-1->5->4 [6] 6/-1/-1->5->4 [7] 6/-1/-1->5->4 [8] 6/-1/-1->5->4 [9] 6/-1/-1->5->4 [10] 6/-1/-1->5->4 [11] 6/-1/-1->5->4 [12] 6/-1/-1->5->4 [13] 6/-1/-1->5->4 [14] 6/-1/-1->5->4 [15] 6/-1/-1->5->4 [16] 6/-1/-1->5->4 [17] 6/-1/-1->5->4 [18] 6/-1/-1->5->4 [19] 6/-1/-1->5->4 [20] 6/-1/-1->5->4 [21] 6/-1/-1->5->4 [22] 6/-1/-1->5->4 [23] 6/-1/-1->5->4 [24] 6/-1/-1->5->4 [25] 6/-1/-1->5->4 [26] 6/-1/-1->5->4 [27] 6/-1/-1->5->4 [28] 6/-1/-1->5->4 [29] 6/-1/-1->5->4 [30] 6/-1/-1->5->4 [31] 6/-1/-1->5->4[32m [repeated 7x across cluster][0m
[36m(WorkerDict pid=2559491)[0m trial-302172199-trialrun-302172199-worker-0:2559491:2559491 [5] NCCL INFO P2P Chunksize set to 524288[32m [repeated 7x across cluster][0m
[36m(WorkerDict pid=2559491)[0m trial-302172199-trialrun-302172199-worker-0:2559491:2559491 [5] NCCL INFO PROFILER/Plugin: Could not find: libnccl-profiler.so[32m [repeated 7x across cluster][0m
[36m(WorkerDict pid=2559491)[0m trial-302172199-trialrun-302172199-worker-0:2559491:2559491 [5] NCCL INFO Check P2P Type isAllDirectP2p 1 directMode 0 isAllCudaP2p 1[32m [repeated 7x across cluster][0m
[36m(WorkerDict pid=2559491)[0m trial-302172199-trialrun-302172199-worker-0:2559491:2575078 [0] NCCL INFO [Proxy Service] Device 5 CPU core 125[32m [repeated 7x across cluster][0m
[36m(WorkerDict pid=2559493)[0m WARNING:2026-08-01 17:36:55,795:Initializing torch.distributed: rank=7 world_size=8 init_method=tcp://[fdbd:dc61:ff:f000:ffff:ffff:0:16]:57807 master=fdbd:dc61:ff:f000:ffff:ffff:0:16:57807[32m [repeated 7x across cluster][0m
[36m(WorkerDict pid=2559493)[0m [W801 17:36:56.007138159 ProcessGroupNCCL.cpp:932] Warning: TORCH_NCCL_AVOID_RECORD_STREAMS is the default now, this environment variable is thus deprecated. (function operator())[32m [repeated 7x across cluster][0m
[36m(WorkerDict pid=2559488)[0m Loading weights:   0%|          | 0/339 [00:00<?, ?it/s][32m [repeated 2x across cluster][0m
[36m(WorkerDict pid=2559489)[0m Loading weights:   0%|          | 0/339 [00:00<?, ?it/s]Loading weights: 100%|██████████| 339/339 [00:00<00:00, 11710.24it/s][32m [repeated 5x across cluster][0m
[36m(WorkerDict pid=2559493)[0m Loading weights: 100%|██████████| 339/339 [00:00<00:00, 12012.68it/s]
[36m(WorkerDict pid=2559488)[0m Loading weights:   0%|          | 1/339 [00:01<06:07,  1.09s/it]
[36m(WorkerDict pid=2559488)[0m Loading weights:  93%|█████████▎| 316/339 [00:03<00:00, 102.86it/s]
[36m(WorkerDict pid=2559488)[0m Loading weights:  97%|█████████▋| 329/339 [00:03<00:00, 100.92it/s]Loading weights: 100%|██████████| 339/339 [00:03<00:00, 86.45it/s] 
[36m(WorkerDict pid=2559493)[0m Loading weights:   0%|          | 0/339 [00:00<?, ?it/s][32m [repeated 7x across cluster][0m
[36m(WorkerDict pid=2559488)[0m WARNING:2026-08-01 17:37:23,942:Dropping unsupported vLLM engine kwargs for this version: ['disable_mm_preprocessor_cache']
[36m(WorkerDict pid=2559493)[0m Loading weights:  90%|████████▉ | 305/339 [00:04<00:00, 76.20it/s][32m [repeated 215x across cluster][0m
[36m(WorkerDict pid=2559493)[0m Loading weights:  97%|█████████▋| 328/339 [00:05<00:00, 77.33it/s][32m [repeated 17x across cluster][0m
[36m(WorkerDict pid=2559493)[0m Loading weights:  99%|█████████▉| 336/339 [00:05<00:00, 76.81it/s]Loading weights: 100%|██████████| 339/339 [00:05<00:00, 63.26it/s][32m [repeated 4x across cluster][0m
[36m(WorkerDict pid=2559487)[0m /mlx_devbox/users/quyanyi/playground/.venvs/ttrl_b200/lib/python3.11/site-packages/nvidia_cutlass_dsl/python_packages/cutlass/cute/core.py:5791: DeprecationWarning: Use explicit `struct.scalar.ptr` for pointer instead.
[36m(WorkerDict pid=2559487)[0m   warnings.warn(
[36m(WorkerDict pid=2559487)[0m /mlx_devbox/users/quyanyi/playground/.venvs/ttrl_b200/lib/python3.11/site-packages/nvidia_cutlass_dsl/python_packages/cutlass/cute/core.py:5791: DeprecationWarning: Use explicit `struct.scalar.ptr` for pointer instead.
[36m(WorkerDict pid=2559487)[0m   warnings.warn(
[36m(WorkerDict pid=2559487)[0m /mlx_devbox/users/quyanyi/playground/.venvs/ttrl_b200/lib/python3.11/site-packages/nvidia_cutlass_dsl/python_packages/cutlass/cute/core.py:5791: DeprecationWarning: Use explicit `struct.scalar.ptr` for pointer instead.
[36m(WorkerDict pid=2559487)[0m   warnings.warn(
[36m(WorkerDict pid=2559493)[0m WARNING:2026-08-01 17:37:23,940:Dropping unsupported vLLM engine kwargs for this version: ['disable_mm_preprocessor_cache'][32m [repeated 7x across cluster][0m
[36m(WorkerDict pid=2559488)[0m 2026-08-01 17:38:21,055 - INFO - autotuner.py:622 - flashinfer.jit: [Autotuner]: Autotuning process starts ...
[36m(WorkerDict pid=2559488)[0m 2026-08-01 17:38:21,069 - INFO - autotuner.py:641 - flashinfer.jit: [Autotuner]: Autotuning process ends
[36m(WorkerDict pid=2559484)[0m /mlx_devbox/users/quyanyi/playground/.venvs/ttrl_b200/lib/python3.11/site-packages/nvidia_cutlass_dsl/python_packages/cutlass/cute/core.py:5791: DeprecationWarning: Use explicit `struct.scalar.ptr` for pointer instead.[32m [repeated 101x across cluster][0m
[36m(WorkerDict pid=2559484)[0m   warnings.warn([32m [repeated 101x across cluster][0m
[36m(WorkerDict pid=2559488)[0m Capturing CUDA graphs (mixed prefill-decode, PIECEWISE):   0%|          | 0/51 [00:00<?, ?it/s]
[36m(WorkerDict pid=2559488)[0m Capturing CUDA graphs (mixed prefill-decode, PIECEWISE):   8%|▊         | 4/51 [00:00<00:01, 32.85it/s]
[36m(WorkerDict pid=2559488)[0m Capturing CUDA graphs (mixed prefill-decode, PIECEWISE):  16%|█▌        | 8/51 [00:00<00:01, 31.27it/s]
[36m(WorkerDict pid=2559488)[0m Capturing CUDA graphs (mixed prefill-decode, PIECEWISE):  24%|██▎       | 12/51 [00:00<00:01, 30.37it/s]
[36m(WorkerDict pid=2559488)[0m Capturing CUDA graphs (mixed prefill-decode, PIECEWISE):  31%|███▏      | 16/51 [00:00<00:01, 28.91it/s]
[36m(WorkerDict pid=2559488)[0m Capturing CUDA graphs (mixed prefill-decode, PIECEWISE):  37%|███▋      | 19/51 [00:00<00:01, 29.08it/s]
[36m(WorkerDict pid=2559488)[0m Capturing CUDA graphs (mixed prefill-decode, PIECEWISE):  43%|████▎     | 22/51 [00:00<00:01, 28.95it/s]
[36m(WorkerDict pid=2559488)[0m Capturing CUDA graphs (mixed prefill-decode, PIECEWISE):  49%|████▉     | 25/51 [00:00<00:00, 28.72it/s]
[36m(WorkerDict pid=2559488)[0m Capturing CUDA graphs (mixed prefill-decode, PIECEWISE):  55%|█████▍    | 28/51 [00:00<00:00, 28.94it/s]
[36m(WorkerDict pid=2559488)[0m Capturing CUDA graphs (mixed prefill-decode, PIECEWISE):  61%|██████    | 31/51 [00:01<00:00, 28.50it/s]
[36m(WorkerDict pid=2559488)[0m Capturing CUDA graphs (mixed prefill-decode, PIECEWISE):  67%|██████▋   | 34/51 [00:01<00:00, 28.09it/s]
[36m(WorkerDict pid=2559488)[0m Capturing CUDA graphs (mixed prefill-decode, PIECEWISE):  73%|███████▎  | 37/51 [00:01<00:00, 27.40it/s]
[36m(WorkerDict pid=2559488)[0m Capturing CUDA graphs (mixed prefill-decode, PIECEWISE):  78%|███████▊  | 40/51 [00:01<00:00, 24.98it/s]
[36m(WorkerDict pid=2559488)[0m Capturing CUDA graphs (mixed prefill-decode, PIECEWISE):  84%|████████▍ | 43/51 [00:01<00:00, 25.32it/s]
[36m(WorkerDict pid=2559488)[0m Capturing CUDA graphs (mixed prefill-decode, PIECEWISE):  90%|█████████ | 46/51 [00:01<00:00, 25.54it/s]
[36m(WorkerDict pid=2559488)[0m Capturing CUDA graphs (mixed prefill-decode, PIECEWISE):  96%|█████████▌| 49/51 [00:01<00:00, 26.26it/s]
[36m(WorkerDict pid=2559488)[0m Capturing CUDA graphs (mixed prefill-decode, PIECEWISE): 100%|██████████| 51/51 [00:01<00:00, 27.45it/s]
[36m(WorkerDict pid=2559488)[0m Capturing CUDA graphs (decode, FULL):   0%|          | 0/51 [00:00<?, ?it/s]
[36m(WorkerDict pid=2559488)[0m Capturing CUDA graphs (decode, FULL):   8%|▊         | 4/51 [00:00<00:01, 32.67it/s]
[36m(WorkerDict pid=2559488)[0m Capturing CUDA graphs (decode, FULL):  16%|█▌        | 8/51 [00:00<00:01, 34.35it/s]
[36m(WorkerDict pid=2559488)[0m Capturing CUDA graphs (decode, FULL):  24%|██▎       | 12/51 [00:00<00:01, 35.19it/s]
[36m(WorkerDict pid=2559488)[0m Capturing CUDA graphs (decode, FULL):  31%|███▏      | 16/51 [00:00<00:00, 35.42it/s]
[36m(WorkerDict pid=2559488)[0m Capturing CUDA graphs (decode, FULL):  39%|███▉      | 20/51 [00:00<00:00, 35.51it/s]
[36m(WorkerDict pid=2559488)[0m Capturing CUDA graphs (decode, FULL):  47%|████▋     | 24/51 [00:00<00:00, 35.46it/s]
[36m(WorkerDict pid=2559488)[0m Capturing CUDA graphs (decode, FULL):  55%|█████▍    | 28/51 [00:00<00:00, 35.30it/s]
[36m(WorkerDict pid=2559488)[0m Capturing CUDA graphs (decode, FULL):  63%|██████▎   | 32/51 [00:00<00:00, 35.46it/s]
[36m(WorkerDict pid=2559488)[0m Capturing CUDA graphs (decode, FULL):  71%|███████   | 36/51 [00:01<00:00, 35.26it/s]
[36m(WorkerDict pid=2559488)[0m Capturing CUDA graphs (decode, FULL):  78%|███████▊  | 40/51 [00:01<00:00, 35.37it/s]
[36m(WorkerDict pid=2559488)[0m Capturing CUDA graphs (decode, FULL):  86%|████████▋ | 44/51 [00:01<00:00, 35.43it/s]
[36m(WorkerDict pid=2559493)[0m 2026-08-01 17:38:21,055 - INFO - autotuner.py:622 - flashinfer.jit: [Autotuner]: Autotuning process starts ...[32m [repeated 7x across cluster][0m
[36m(WorkerDict pid=2559493)[0m 2026-08-01 17:38:21,068 - INFO - autotuner.py:641 - flashinfer.jit: [Autotuner]: Autotuning process ends[32m [repeated 7x across cluster][0m
[36m(WorkerDict pid=2559487)[0m /mlx_devbox/users/quyanyi/playground/.venvs/ttrl_b200/lib/python3.11/site-packages/nvidia_cutlass_dsl/python_packages/cutlass/cute/core.py:5791: DeprecationWarning: Use explicit `struct.scalar.ptr` for pointer instead.[32m [repeated 3x across cluster][0m
[36m(WorkerDict pid=2559487)[0m   warnings.warn([32m [repeated 3x across cluster][0m
[36m(WorkerDict pid=2559488)[0m Capturing CUDA graphs (decode, FULL):  94%|█████████▍| 48/51 [00:12<00:02,  1.15it/s]
[36m(WorkerDict pid=2559484)[0m /mlx_devbox/users/quyanyi/playground/.venvs/ttrl_b200/lib/python3.11/site-packages/nvidia_cutlass_dsl/python_packages/cutlass/cute/core.py:5791: DeprecationWarning: Use explicit `struct.scalar.ptr` for pointer instead.[32m [repeated 101x across cluster][0m
[36m(WorkerDict pid=2559484)[0m   warnings.warn([32m [repeated 101x across cluster][0m
[36m(WorkerDict pid=2559488)[0m Capturing CUDA graphs (decode, FULL): 100%|██████████| 51/51 [00:12<00:00,  4.09it/s]
[36m(WorkerDict pid=2559493)[0m /mlx_devbox/users/quyanyi/playground/TTRL/verl/verl/workers/sharding_manager/fsdp_vllm.py:97: FutureWarning: FSDP.state_dict_type() and FSDP.set_state_dict_type() are being deprecated. Please use APIs, get_state_dict() and set_state_dict(), which can support different parallelisms, FSDP1, FSDP2, DDP. API doc: https://pytorch.org/docs/stable/distributed.checkpoint.html#torch.distributed.checkpoint.state_dict.get_state_dict .Tutorial: https://pytorch.org/tutorials/recipes/distributed_checkpoint_recipe.html .
[36m(WorkerDict pid=2559493)[0m   FSDP.set_state_dict_type(
[36m(TaskRunner pid=2559485)[0m Training Progress:   0%|          | 0/2 [00:00<?, ?it/s]
[36m(WorkerDict pid=2559491)[0m trial-302172199-trialrun-302172199-worker-0:2559491:2559491 [5] NCCL INFO ncclP2pSchedule: group size used is 8[32m [repeated 7x across cluster][0m
[36m(WorkerDict pid=2559491)[0m S) NET/0-0 (0/0.0/DIS) [32m [repeated 5x across cluster][0m
[36m(WorkerDict pid=2559489)[0m trial-302172199-trialrun-302172199-worker-0:2559489:2559489 [3] NCCL I
[36m(WorkerDict pid=2559491)[0m trial-302172199-trialrun-302172199-worker-0:2559491:2559491 [5] NC[32m [repeated 2x across cluster][0m
[36m(WorkerDict pid=2559491)[0m trial-302172199-trialrun-302172199-worker-0:2559491:2559491 [5] NCCL INFO TUNER/Plugin: Could not find: libnccl-tuner.so[32m [repeated 7x across cluster][0m
[36m(WorkerDict pid=2559491)[0m trial-302172199-trialrun-302172199-worker-0:2559491:2559491 [5] NCCL INFO threadThresholds 8/8/64 | 64/8/64 | 512 | 512[32m [repeated 7x across cluster][0m
[36m(WorkerDict pid=2559491)[0m trial-302172199-trialrun-302172199-worker-0:2559491:2559491 [5] NCCL INFO 32 coll channels, 32 collnet channels, 24 nvls channels, 32 p2p channels, 32 p2p channels per peer[32m [repeated 7x across cluster][0m
[36m(WorkerDict pid=2559491)[0m trial-302172199-trialrun-302172199-worker-0:2559491:2559491 [5] NCCL INFO ncclCommInitRankConfig comm 0xed01ff0 rank 5 nranks 8 cudaDev 5 nvmlDev 5 busId a8000 commId 0x48b5525b5365495d - Init COMPLETE[32m [repeated 7x across cluster][0m
[36m(WorkerDict pid=2559491)[0m trial-302172199-trialrun-302172199-worker-0:2559491:2559491 [5] NCCL INFO Init timings - ncclCommInitRankConfig: rank 5 nranks 8 total 3.32 (kernels 0.33, alloc 0.75, bootstrap 0.13, allgathers 0.02, topo 1.64, graphs 0.03, connections 0.42, rest 0.00)[32m [repeated 7x across cluster][0m
[36m(WorkerDict pid=2559491)[0m trial-302172199-trialrun-302172199-worker-0:2559491:2559491 [5] NCCL INFO Channel 13/0 : 5[5] -> 6[6] via P2P/CUMEM[32m [repeated 106x across cluster][0m
[36m(WorkerDict pid=2559489)[0m NFO Ring 30 : 2 -> 3 -> 4
[36m(WorkerDict pid=2559491)[0m trial-302172199-trialrun-302172199-worker-0:2559491:2575082 [0] NCCL INFO [Proxy Service UDS] Device 5 CPU core 239[32m [repeated 6x across cluster][0m
[36m(WorkerDict pid=2559489)[0m trial-302172199-trialrun-302172199-worker-0:2559489:2559489 [3] NCCL INFO Channel 14/0 : 3[3] -> 4[4] v
[36m(WorkerDict pid=2559491)[0m CL INFO Ring 30 : 4 -> 5 -> 6[32m [repeated 2x across cluster][0m
[36m(WorkerDict pid=2559491)[0m trial-302172199-trialrun-302172199-worker-0:2559491:2559491 [5] NCCL INFO Channel 14/0 : 5[5] ->
[36m(WorkerDict pid=2559488)[0m Model config after override: Qwen2Config {
[36m(WorkerDict pid=2559488)[0m   "architectures": [
[36m(WorkerDict pid=2559488)[0m     "Qwen2ForCausalLM"
[36m(WorkerDict pid=2559488)[0m   ],
[36m(WorkerDict pid=2559488)[0m   "attention_dropout": 0.0,
[36m(WorkerDict pid=2559488)[0m   "bos_token_id": null,
[36m(WorkerDict pid=2559488)[0m   "dtype": "bfloat16",
[36m(WorkerDict pid=2559488)[0m   "eos_token_id": 151643,
[36m(WorkerDict pid=2559488)[0m   "hidden_act": "silu",
[36m(WorkerDict pid=2559488)[0m   "hidden_size": 3584,
[36m(WorkerDict pid=2559488)[0m   "initializer_range": 0.02,
[36m(WorkerDict pid=2559488)[0m   "intermediate_size": 18944,
[36m(WorkerDict pid=2559488)[0m   "layer_types": [
[36m(WorkerDict pid=2559488)[0m     "full_attention",
[36m(WorkerDict pid=2559488)[0m     "full_attention",
[36m(WorkerDict pid=2559488)[0m     "full_attention",
[36m(WorkerDict pid=2559488)[0m     "full_attention",
[36m(WorkerDict pid=2559488)[0m     "full_attention",
[36m(WorkerDict pid=2559488)[0m     "full_attention",
[36m(WorkerDict pid=2559488)[0m     "full_attention",
[36m(WorkerDict pid=2559488)[0m     "full_attention",
[36m(WorkerDict pid=2559488)[0m     "full_attention",
[36m(WorkerDict pid=2559488)[0m     "full_attention",
[36m(WorkerDict pid=2559488)[0m     "full_attention",
[36m(WorkerDict pid=2559488)[0m     "full_attention",
[36m(WorkerDict pid=2559488)[0m     "full_attention",
[36m(WorkerDict pid=2559488)[0m     "full_attention",
[36m(WorkerDict pid=2559488)[0m     "full_attention",
[36m(WorkerDict pid=2559488)[0m     "full_attention",
[36m(WorkerDict pid=2559488)[0m     "full_attention",
[36m(WorkerDict pid=2559488)[0m     "full_attention",
[36m(WorkerDict pid=2559488)[0m     "full_attention",
[36m(WorkerDict pid=2559488)[0m     "full_attention",
[36m(WorkerDict pid=2559488)[0m     "full_attention",
[36m(WorkerDict pid=2559488)[0m     "full_attention",
[36m(WorkerDict pid=2559488)[0m     "full_attention",
[36m(WorkerDict pid=2559488)[0m     "full_attention",
[36m(WorkerDict pid=2559488)[0m     "full_attention",
[36m(WorkerDict pid=2559488)[0m     "full_attention",
[36m(WorkerDict pid=2559488)[0m     "full_attention",
[36m(WorkerDict pid=2559488)[0m     "full_attention"
[36m(WorkerDict pid=2559488)[0m   ],
[36m(WorkerDict pid=2559488)[0m   "max_position_embeddings": 4096,
[36m(WorkerDict pid=2559488)[0m   "max_window_layers": 28,
[36m(WorkerDict pid=2559488)[0m   "model_type": "qwen2",
[36m(WorkerDict pid=2559488)[0m   "num_attention_heads": 28,
[36m(WorkerDict pid=2559488)[0m   "num_hidden_layers": 28,
[36m(WorkerDict pid=2559488)[0m   "num_key_value_heads": 4,
[36m(WorkerDict pid=2559488)[0m   "pad_token_id": 151643,
[36m(WorkerDict pid=2559488)[0m   "rms_norm_eps": 1e-06,
[36m(WorkerDict pid=2559488)[0m   "rope_parameters": {
[36m(WorkerDict pid=2559488)[0m     "rope_theta": 10000,
[36m(WorkerDict pid=2559488)[0m     "rope_type": "default"
[36m(WorkerDict pid=2559488)[0m   },
[36m(WorkerDict pid=2559488)[0m   "sliding_window": null,
[36m(WorkerDict pid=2559488)[0m   "tie_word_embeddings": false,
[36m(WorkerDict pid=2559488)[0m   "transformers_version": "5.12.1",
[36m(WorkerDict pid=2559488)[0m   "use_cache": true,
[36m(WorkerDict pid=2559488)[0m   "use_mrope": false,
[36m(WorkerDict pid=2559488)[0m   "use_sliding_window": false,
[36m(WorkerDict pid=2559488)[0m   "vocab_size": 152064
[36m(WorkerDict pid=2559488)[0m }
[36m(WorkerDict pid=2559488)[0m 
[36m(WorkerDict pid=2559488)[0m actor attention implementation verified: sdpa
[36m(WorkerDict pid=2559488)[0m Monkey patch _flash_attention_forward in transformers.integrations.flash_attention
[36m(WorkerDict pid=2559488)[0m Using Triton backend for fused kernels in Qwen2ForCausalLM
[36m(WorkerDict pid=2559487)[0m Monkey patch _flash_attention_forward in transformers.integrations.flash_attention
[36m(WorkerDict pid=2559487)[0m Using Triton backend for fused kernels in Qwen2ForCausalLM
[36m(WorkerDict pid=2559488)[0m Qwen2ForCausalLM contains 7.62B parameters
[36m(WorkerDict pid=2559488)[0m wrap_policy: functools.partial(<function _or_policy at 0x7f252fdbf560>, policies=[functools.partial(<function transformer_auto_wrap_policy at 0x7f252fdbf420>, transformer_layer_cls={<class 'transformers.models.qwen2.modeling_qwen2.Qwen2DecoderLayer'>})])
[36m(WorkerDict pid=2559488)[0m Total steps: 2, num_warmup_steps: 0
[36m(WorkerDict pid=2559488)[0m Actor use_remove_padding=True
[36m(WorkerDict pid=2559488)[0m Actor use_fused_kernels=True
[36m(WorkerDict pid=2559491)[0m Monkey patch _flash_attention_forward in transformers.integrations.flash_attention[32m [repeated 6x across cluster][0m
[36m(WorkerDict pid=2559491)[0m Using Triton backend for fused kernels in Qwen2ForCausalLM[32m [repeated 6x across cluster][0m
[36m(WorkerDict pid=2559493)[0m kwargs: {'n': 1, 'logprobs': 1, 'max_tokens': 1024, 'repetition_penalty': 1.0, 'detokenize': False, 'temperature': 1.0, 'top_k': -1, 'top_p': 1, 'ignore_eos': False}
[36m(TaskRunner pid=2559485)[0m Checkpoint tracker file does not exist: /tmp/ttrl_b200/checkpoints/ttrl_chunk_state_powerflow_support_flow_gain_mid_c128_b32_r32_v64_2step_20260801/latest_checkpointed_iteration.txt
[36m(TaskRunner pid=2559485)[0m Training from scratch
[36m(WorkerDict pid=2559488)[0m /mlx_devbox/users/quyanyi/playground/.venvs/ttrl_b200/lib/python3.11/site-packages/nvidia_cutlass_dsl/python_packages/cutlass/cute/core.py:5791: DeprecationWarning: Use explicit `struct.scalar.ptr` for pointer instead.[32m [repeated 3x across cluster][0m
[36m(WorkerDict pid=2559488)[0m   warnings.warn([32m [repeated 3x across cluster][0m
[36m(WorkerDict pid=2559484)[0m /mlx_devbox/users/quyanyi/playground/TTRL/verl/verl/workers/sharding_manager/fsdp_vllm.py:97: FutureWarning: FSDP.state_dict_type() and FSDP.set_state_dict_type() are being deprecated. Please use APIs, get_state_dict() and set_state_dict(), which can support different parallelisms, FSDP1, FSDP2, DDP. API doc: https://pytorch.org/docs/stable/distributed.checkpoint.html#torch.distributed.checkpoint.state_dict.get_state_dict .Tutorial: https://pytorch.org/tutorials/recipes/distributed_checkpoint_recipe.html .[32m [repeated 7x across cluster][0m
[36m(WorkerDict pid=2559484)[0m   FSDP.set_state_dict_type([32m [repeated 7x across cluster][0m
[36m(TaskRunner pid=2559485)[0m <string>:1: SyntaxWarning: 'set' object is not callable; perhaps you missed a comma?
[36m(WorkerDict pid=2559493)[0m /mlx_devbox/users/quyanyi/playground/.venvs/ttrl_b200/lib/python3.11/site-packages/nvidia_cutlass_dsl/python_packages/cutlass/cute/core.py:5791: DeprecationWarning: Use explicit `struct.scalar.ptr` for pointer instead.[32m [repeated 101x across cluster][0m
[36m(WorkerDict pid=2559493)[0m   warnings.warn([32m [repeated 101x across cluster][0m
[36m(TaskRunner pid=2559485)[0m <string>:1: SyntaxWarning: 'set' object is not callable; perhaps you missed a comma?
[36m(TaskRunner pid=2559485)[0m <string>:1: SyntaxWarning: 'set' object is not callable; perhaps you missed a comma?
[36m(TaskRunner pid=2559485)[0m <string>:1: SyntaxWarning: 'set' object is not callable; perhaps you missed a comma?
[36m(WorkerDict pid=2559488)[0m WARNING 08-01 17:38:38 [jit_monitor.py:106] Triton kernel JIT compilation during inference: _compute_slot_mapping_kernel. This causes a latency spike; consider extending warmup to cover this shape/config.
[36m(TaskRunner pid=2559485)[0m [Shutdown] 3 subprocess(es) terminated.
[36m(WorkerDict pid=2559484)[0m kwargs: {'n': 1, 'logprobs': 1, 'max_tokens': 1024, 'repetition_penalty': 1.0, 'detokenize': False, 'temperature': 1.0, 'top_k': -1, 'top_p': 1, 'ignore_eos': False}[32m [repeated 7x across cluster][0m
[36m(TaskRunner pid=2559485)[0m [Shutdown] 3 subprocess(es) terminated.
[36m(TaskRunner pid=2559485)[0m [Shutdown] 53 subprocess(es) terminated.
Error executing job with overrides: ['data.train_files=[/mlx_devbox/users/quyanyi/playground/TTRL/verl/data/MATH-TTT/train.parquet]', 'data.val_files=[/mlx_devbox/users/quyanyi/playground/TTRL/verl/data/MATH-TTT/test.parquet]', 'data.max_prompt_length=1024', 'data.max_response_length=1024', 'data.train_batch_size=32', 'data.filter_overlong_prompts=True', 'data.truncation=error', 'actor_rollout_ref.model.path=/models/Qwen2.5-Math-7B', 'actor_rollout_ref.model.attn_implementation=sdpa', 'actor_rollout_ref.model.enable_gradient_checkpointing=True', 'actor_rollout_ref.model.enable_activation_offload=False', 'actor_rollout_ref.model.use_remove_padding=True', 'actor_rollout_ref.actor.ppo_mini_batch_size=8', 'actor_rollout_ref.actor.ppo_micro_batch_size_per_gpu=1', 'actor_rollout_ref.actor.use_dynamic_bsz=False', 'actor_rollout_ref.actor.use_kl_loss=True', 'actor_rollout_ref.actor.optim.lr=5e-7', 'actor_rollout_ref.actor.optim.lr_warmup_steps_ratio=0.03', 'actor_rollout_ref.actor.optim.warmup_style=cosine', 'actor_rollout_ref.actor.fsdp_config.param_offload=False', 'actor_rollout_ref.actor.fsdp_config.optimizer_offload=False', 'actor_rollout_ref.actor.ppo_max_token_len_per_gpu=8192', 'actor_rollout_ref.ref.log_prob_micro_batch_size_per_gpu=1', 'actor_rollout_ref.ref.fsdp_config.param_offload=True', 'actor_rollout_ref.rollout.name=vllm', 'actor_rollout_ref.rollout.temperature=1.0', 'actor_rollout_ref.rollout.enforce_eager=False', 'actor_rollout_ref.rollout.free_cache_engine=False', 'actor_rollout_ref.rollout.log_prob_micro_batch_size_per_gpu=1', 'actor_rollout_ref.rollout.tensor_model_parallel_size=1', 'actor_rollout_ref.rollout.gpu_memory_utilization=0.82', 'actor_rollout_ref.rollout.n=32', 'actor_rollout_ref.rollout.val_kwargs.do_sample=True', 'actor_rollout_ref.rollout.val_kwargs.n=1', 'actor_rollout_ref.rollout.val_kwargs.top_p=0.95', 'actor_rollout_ref.rollout.val_kwargs.temperature=0.6', 'actor_rollout_ref.rollout.max_model_len=2048', 'actor_rollout_ref.rollout.max_num_batched_tokens=32768', 'critic.optim.lr=9e-6', 'critic.model.use_remove_padding=True', 'critic.model.path=/models/Qwen2.5-Math-7B', 'critic.model.attn_implementation=sdpa', 'critic.model.enable_gradient_checkpointing=True', 'critic.model.enable_activation_offload=False', 'critic.ppo_micro_batch_size_per_gpu=1', 'critic.model.fsdp_config.param_offload=False', 'critic.model.fsdp_config.optimizer_offload=False', 'algorithm.kl_ctrl.kl_coef=0.00', 'algorithm.adv_estimator=grpo', 'custom_reward_function.path=./verl/utils/reward_score/ttrl_math/__init__.py', 'custom_reward_function.name=reward_func', 'ttrl.enable=True', 'ttrl.n_votes_per_prompt=64', 'ttrl.n_samples_per_prompt=32', 'trainer.logger=[console]', 'trainer.project_name=TTRL-verl-local', 'trainer.experiment_name=0801-ttrl_chunk_state_powerflow_support_flow_gain_mid_c128_b32_r32_v64_2step_20260801-MATH-TTT-Qwen2.5-Math-7B-support-flow-gain-smoke', 'trainer.n_gpus_per_node=8', 'trainer.nnodes=1', 'trainer.save_freq=-1', 'trainer.test_freq=2000000', 'trainer.val_before_train=False', 'trainer.max_actor_ckpt_to_keep=0', 'trainer.max_critic_ckpt_to_keep=0', 'trainer.default_local_dir=/tmp/ttrl_b200/checkpoints/ttrl_chunk_state_powerflow_support_flow_gain_mid_c128_b32_r32_v64_2step_20260801', 'trainer.total_epochs=1', 'actor_rollout_ref.model.use_fused_kernels=True', 'actor_rollout_ref.model.fused_kernel_options.impl_backend=triton', 'actor_rollout_ref.rollout.engine_kwargs.vllm.attention_config.backend=FLASH_ATTN', 'reward_model.reward_manager=prime', 'reward_model.num_processes=128', 'ttrl.majority_vote_num_processes=64', '+actor_rollout_ref.rollout.logprobs=1', 'actor_rollout_ref.rollout.calculate_log_probs=True', 'actor_rollout_ref.rollout.use_rollout_log_probs_as_old=True', 'trainer.total_training_steps=2', 'trainer.test_freq=2000000', 'trainer.save_freq=-1', 'trainer.val_before_train=False', 'trainer.final_val_enable=False', 'trainer.log_val_generations=0', 'ttrl.chunk_state_enable=True', 'ttrl.chunk_state_score_mode=support_flow', 'ttrl.chunk_state_source_mode=majority_consistent', 'ttrl.chunk_state_boundary_mode=mid', 'ttrl.chunk_state_chunk_size=128', 'ttrl.chunk_state_candidates=8', 'ttrl.chunk_state_support_anchor_count=4', 'ttrl.chunk_state_support_anchor_candidate_start=0', 'ttrl.chunk_state_support_anchor_min_mass=0.03125', 'ttrl.chunk_state_support_flow_score_type=gain', 'ttrl.chunk_state_support_flow_gain_slack=0.03125', 'ttrl.chunk_state_support_flow_baseline_scale=1.0', 'ttrl.chunk_state_support_flow_source_prior_weight=1.0', 'ttrl.chunk_state_support_flow_min_positive_margin=-1.0', 'ttrl.chunk_state_label_consistent_only=True', 'ttrl.chunk_state_zero_inconsistent_candidates=True', 'ttrl.chunk_state_prune_zero_weight_samples=True', 'ttrl.chunk_state_powerflow_weight_clip=4.0', 'ttrl.chunk_state_powerflow_weight_clip_renorm=True', 'ttrl.chunk_state_skip_all_negative=True', 'ttrl.chunk_state_diag_enable=True', 'ttrl.chunk_state_diag_jsonl=/mlx_devbox/users/quyanyi/playground/TTRL/important_experiment_logs/chunk_state_diag/ttrl_chunk_state_powerflow_support_flow_gain_mid_c128_b32_r32_v64_2step_20260801.jsonl', 'actor_rollout_ref.actor.use_dynamic_bsz=False']
[36m(TaskRunner pid=2559485)[0m Unhandled error (suppress with 'RAY_IGNORE_UNHANDLED_ERRORS=1'): [36mray::WorkerDict.actor_rollout_update_actor()[39m (pid=2559493, ip=fdbd:dc61:ff:f000:ffff:ffff:0:16, actor_id=cf4a0295a505f398bd1f888401000000, repr=<verl.single_controller.ray.base.WorkerDict object at 0x7f6c855250d0>)
[36m(TaskRunner pid=2559485)[0m            ^^^^^^^^^^^^^^^^^^^^^^^^^^^^^^^^^^^^
[36m(TaskRunner pid=2559485)[0m            ^^^^^^^^^^^^^^^^^^^^^^^^^^^^^^^
[36m(TaskRunner pid=2559485)[0m   File "/mlx_devbox/users/quyanyi/playground/TTRL/verl/verl/single_controller/ray/base.py", line 735, in func
[36m(TaskRunner pid=2559485)[0m     return getattr(self.worker_dict[key], name)(*args, **kwargs)
[36m(TaskRunner pid=2559485)[0m            ^^^^^^^^^^^^^^^^^^^^^^^^^^^^^^^^^^^^^^^^^^^^^^^^^^^^^
[36m(TaskRunner pid=2559485)[0m   File "/mlx_devbox/users/quyanyi/playground/TTRL/verl/verl/single_controller/base/decorator.py", line 549, in inner
[36m(TaskRunner pid=2559485)[0m     return func(*args, **kwargs)
[36m(TaskRunner pid=2559485)[0m            ^^^^^^^^^^^^^^^^^^^^^
[36m(TaskRunner pid=2559485)[0m   File "/mlx_devbox/users/quyanyi/playground/TTRL/verl/verl/workers/fsdp_workers.py", line 766, in update_actor
[36m(TaskRunner pid=2559485)[0m     metrics = self.actor.update_policy(data=data)
[36m(TaskRunner pid=2559485)[0m               ^^^^^^^^^^^^^^^^^^^^^^^^^^^^^^^^^^^
[36m(TaskRunner pid=2559485)[0m   File "/mlx_devbox/users/quyanyi/playground/TTRL/verl/verl/utils/debug/performance.py", line 81, in f
[36m(TaskRunner pid=2559485)[0m     return self.log(decorated_function, *args, **kwargs)
[36m(TaskRunner pid=2559485)[0m            ^^^^^^^^^^^^^^^^^^^^^^^^^^^^^^^^^^^^^^^^^^^^^
[36m(TaskRunner pid=2559485)[0m   File "/mlx_devbox/users/quyanyi/playground/TTRL/verl/verl/utils/debug/performance.py", line 94, in log
[36m(TaskRunner pid=2559485)[0m     output = func(*args, **kwargs)
[36m(TaskRunner pid=2559485)[0m              ^^^^^^^^^^^^^^^^^^^^^
[36m(TaskRunner pid=2559485)[0m   File "/mlx_devbox/users/quyanyi/playground/TTRL/verl/verl/workers/actor/dp_actor.py", line 562, in update_policy
[36m(TaskRunner pid=2559485)[0m     batch = data.select(batch_keys=select_keys).batch
[36m(TaskRunner pid=2559485)[0m             ^^^^^^^^^^^^^^^^^^^^^^^^^^^^^^^^^^^
[36m(TaskRunner pid=2559485)[0m   File "/mlx_devbox/users/quyanyi/playground/TTRL/verl/verl/protocol.py", line 438, in select
[36m(TaskRunner pid=2559485)[0m     sub_batch = self.batch.select(*batch_keys)
[36m(TaskRunner pid=2559485)[0m                 ^^^^^^^^^^^^^^^^^^^^^^^^^^^^^^
[36m(TaskRunner pid=2559485)[0m   File "/mlx_devbox/users/quyanyi/playground/.venvs/ttrl_b200/lib/python3.11/site-packages/tensordict/base.py", line 9293, in select
[36m(TaskRunner pid=2559485)[0m     result = self._select(*keys, inplace=inplace, strict=strict)
[36m(TaskRunner pid=2559485)[0m              ^^^^^^^^^^^^^^^^^^^^^^^^^^^^^^^^^^^^^^^^^^^^^^^^^^^
[36m(TaskRunner pid=2559485)[0m   File "/mlx_devbox/users/quyanyi/playground/.venvs/ttrl_b200/lib/python3.11/site-packages/tensordict/_td.py", line 3052, in _select
[36m(TaskRunner pid=2559485)[0m     val = self._get_str(key, default=None if not strict else NO_DEFAULT)
[36m(TaskRunner pid=2559485)[0m           ^^^^^^^^^^^^^^^^^^^^^^^^^^^^^^^^^^^^^^^^^^^^^^^^^^^^^^^^^^^^^^
[36m(TaskRunner pid=2559485)[0m   File "/mlx_devbox/users/quyanyi/playground/.venvs/ttrl_b200/lib/python3.11/site-packages/tensordict/_td.py", line 2464, in _get_str
[36m(TaskRunner pid=2559485)[0m     return self._default_get(first_key, default)
[36m(TaskRunner pid=2559485)[0m            ^^^^^^^^^^^^^^^^^^^^^^^^^^^^^^^^^^^^^
[36m(TaskRunner pid=2559485)[0m   File "/mlx_devbox/users/quyanyi/playground/.venvs/ttrl_b200/lib/python3.11/site-packages/tensordict/base.py", line 4995, in _default_get
[36m(TaskRunner pid=2559485)[0m     raise KeyError(
[36m(TaskRunner pid=2559485)[0m KeyError: 'key "ref_log_prob" not found in TensorDict with keys [\'advantages\', \'attention_mask\', \'boxed_reward\', \'chunk_weights\', \'input_ids\', \'old_log_probs\', \'position_ids\', \'powerflow_chunk_weights\', \'prompts\', \'response_mask\', \'responses\']'
[36m(TaskRunner pid=2559485)[0m Unhandled error (suppress with 'RAY_IGNORE_UNHANDLED_ERRORS=1'): [36mray::WorkerDict.actor_rollout_update_actor()[39m (pid=2559492, ip=fdbd:dc61:ff:f000:ffff:ffff:0:16, actor_id=47f0b4fad63729330a7e3d5001000000, repr=<verl.single_controller.ray.base.WorkerDict object at 0x7f7eebd38f50>)
[36m(TaskRunner pid=2559485)[0m            ^^^^^^^^^^^^^^^^^^^^^^^^^^^^^^^^^^^^
[36m(TaskRunner pid=2559485)[0m            ^^^^^^^^^^^^^^^^^^^^^^^^^^^^^^^
[36m(TaskRunner pid=2559485)[0m   File "/mlx_devbox/users/quyanyi/playground/TTRL/verl/verl/single_controller/ray/base.py", line 735, in func
[36m(TaskRunner pid=2559485)[0m     return getattr(self.worker_dict[key], name)(*args, **kwargs)
[36m(TaskRunner pid=2559485)[0m            ^^^^^^^^^^^^^^^^^^^^^^^^^^^^^^^^^^^^^^^^^^^^^^^^^^^^^
[36m(TaskRunner pid=2559485)[0m   File "/mlx_devbox/users/quyanyi/playground/TTRL/verl/verl/single_controller/base/decorator.py", line 549, in inner
[36m(TaskRunner pid=2559485)[0m     return func(*args, **kwargs)
[36m(TaskRunner pid=2559485)[0m            ^^^^^^^^^^^^^^^^^^^^^
[36m(TaskRunner pid=2559485)[0m   File "/mlx_devbox/users/quyanyi/playground/TTRL/verl/verl/workers/fsdp_workers.py", line 766, in update_actor
[36m(TaskRunner pid=2559485)[0m     metrics = self.actor.update_policy(data=data)
[36m(TaskRunner pid=2559485)[0m               ^^^^^^^^^^^^^^^^^^^^^^^^^^^^^^^^^^^
[36m(TaskRunner pid=2559485)[0m   File "/mlx_devbox/users/quyanyi/playground/TTRL/verl/verl/utils/debug/performance.py", line 81, in f
[36m(TaskRunner pid=2559485)[0m     return self.log(decorated_function, *args, **kwargs)
[36m(TaskRunner pid=2559485)[0m            ^^^^^^^^^^^^^^^^^^^^^^^^^^^^^^^^^^^^^^^^^^^^^
[36m(TaskRunner pid=2559485)[0m   File "/mlx_devbox/users/quyanyi/playground/TTRL/verl/verl/utils/debug/performance.py", line 94, in log
[36m(TaskRunner pid=2559485)[0m     output = func(*args, **kwargs)
[36m(TaskRunner pid=2559485)[0m              ^^^^^^^^^^^^^^^^^^^^^
[36m(TaskRunner pid=2559485)[0m   File "/mlx_devbox/users/quyanyi/playground/TTRL/verl/verl/workers/actor/dp_actor.py", line 562, in update_policy
[36m(TaskRunner pid=2559485)[0m     batch = data.select(batch_keys=select_keys).batch
[36m(TaskRunner pid=2559485)[0m             ^^^^^^^^^^^^^^^^^^^^^^^^^^^^^^^^^^^
[36m(TaskRunner pid=2559485)[0m   File "/mlx_devbox/users/quyanyi/playground/TTRL/verl/verl/protocol.py", line 438, in select
[36m(TaskRunner pid=2559485)[0m     sub_batch = self.batch.select(*batch_keys)
[36m(TaskRunner pid=2559485)[0m                 ^^^^^^^^^^^^^^^^^^^^^^^^^^^^^^
[36m(TaskRunner pid=2559485)[0m   File "/mlx_devbox/users/quyanyi/playground/.venvs/ttrl_b200/lib/python3.11/site-packages/tensordict/base.py", line 9293, in select
[36m(TaskRunner pid=2559485)[0m     result = self._select(*keys, inplace=inplace, strict=strict)
[36m(TaskRunner pid=2559485)[0m              ^^^^^^^^^^^^^^^^^^^^^^^^^^^^^^^^^^^^^^^^^^^^^^^^^^^
[36m(TaskRunner pid=2559485)[0m   File "/mlx_devbox/users/quyanyi/playground/.venvs/ttrl_b200/lib/python3.11/site-packages/tensordict/_td.py", line 3052, in _select
[36m(TaskRunner pid=2559485)[0m     val = self._get_str(key, default=None if not strict else NO_DEFAULT)
[36m(TaskRunner pid=2559485)[0m           ^^^^^^^^^^^^^^^^^^^^^^^^^^^^^^^^^^^^^^^^^^^^^^^^^^^^^^^^^^^^^^
[36m(TaskRunner pid=2559485)[0m   File "/mlx_devbox/users/quyanyi/playground/.venvs/ttrl_b200/lib/python3.11/site-packages/tensordict/_td.py", line 2464, in _get_str
[36m(TaskRunner pid=2559485)[0m     return self._default_get(first_key, default)
[36m(TaskRunner pid=2559485)[0m            ^^^^^^^^^^^^^^^^^^^^^^^^^^^^^^^^^^^^^
[36m(TaskRunner pid=2559485)[0m   File "/mlx_devbox/users/quyanyi/playground/.venvs/ttrl_b200/lib/python3.11/site-packages/tensordict/base.py", line 4995, in _default_get
[36m(TaskRunner pid=2559485)[0m     raise KeyError(
[36m(TaskRunner pid=2559485)[0m KeyError: 'key "ref_log_prob" not found in TensorDict with keys [\'advantages\', \'attention_mask\', \'boxed_reward\', \'chunk_weights\', \'input_ids\', \'old_log_probs\', \'position_ids\', \'powerflow_chunk_weights\', \'prompts\', \'response_mask\', \'responses\']'
[36m(TaskRunner pid=2559485)[0m Unhandled error (suppress with 'RAY_IGNORE_UNHANDLED_ERRORS=1'): [36mray::WorkerDict.actor_rollout_update_actor()[39m (pid=2559490, ip=fdbd:dc61:ff:f000:ffff:ffff:0:16, actor_id=162bdc6a91e8df7fa975e60201000000, repr=<verl.single_controller.ray.base.WorkerDict object at 0x7fbdb5929310>)
[36m(TaskRunner pid=2559485)[0m            ^^^^^^^^^^^^^^^^^^^^^^^^^^^^^^^^^^^^
[36m(TaskRunner pid=2559485)[0m            ^^^^^^^^^^^^^^^^^^^^^^^^^^^^^^^
[36m(TaskRunner pid=2559485)[0m   File "/mlx_devbox/users/quyanyi/playground/TTRL/verl/verl/single_controller/ray/base.py", line 735, in func
[36m(TaskRunner pid=2559485)[0m     return getattr(self.worker_dict[key], name)(*args, **kwargs)
[36m(TaskRunner pid=2559485)[0m            ^^^^^^^^^^^^^^^^^^^^^^^^^^^^^^^^^^^^^^^^^^^^^^^^^^^^^
[36m(TaskRunner pid=2559485)[0m   File "/mlx_devbox/users/quyanyi/playground/TTRL/verl/verl/single_controller/base/decorator.py", line 549, in inner
[36m(TaskRunner pid=2559485)[0m     return func(*args, **kwargs)
[36m(TaskRunner pid=2559485)[0m            ^^^^^^^^^^^^^^^^^^^^^
[36m(TaskRunner pid=2559485)[0m   File "/mlx_devbox/users/quyanyi/playground/TTRL/verl/verl/workers/fsdp_workers.py", line 766, in update_actor
[36m(TaskRunner pid=2559485)[0m     metrics = self.actor.update_policy(data=data)
[36m(TaskRunner pid=2559485)[0m               ^^^^^^^^^^^^^^^^^^^^^^^^^^^^^^^^^^^
[36m(TaskRunner pid=2559485)[0m   File "/mlx_devbox/users/quyanyi/playground/TTRL/verl/verl/utils/debug/performance.py", line 81, in f
[36m(TaskRunner pid=2559485)[0m     return self.log(decorated_function, *args, **kwargs)
[36m(TaskRunner pid=2559485)[0m            ^^^^^^^^^^^^^^^^^^^^^^^^^^^^^^^^^^^^^^^^^^^^^
[36m(TaskRunner pid=2559485)[0m   File "/mlx_devbox/users/quyanyi/playground/TTRL/verl/verl/utils/debug/performance.py", line 94, in log
[36m(TaskRunner pid=2559485)[0m     output = func(*args, **kwargs)
[36m(TaskRunner pid=2559485)[0m              ^^^^^^^^^^^^^^^^^^^^^
[36m(TaskRunner pid=2559485)[0m   File "/mlx_devbox/users/quyanyi/playground/TTRL/verl/verl/workers/actor/dp_actor.py", line 562, in update_policy
[36m(TaskRunner pid=2559485)[0m     batch = data.select(batch_keys=select_keys).batch
[36m(TaskRunner pid=2559485)[0m             ^^^^^^^^^^^^^^^^^^^^^^^^^^^^^^^^^^^
[36m(TaskRunner pid=2559485)[0m   File "/mlx_devbox/users/quyanyi/playground/TTRL/verl/verl/protocol.py", line 438, in select
[36m(TaskRunner pid=2559485)[0m     sub_batch = self.batch.select(*batch_keys)
[36m(TaskRunner pid=2559485)[0m                 ^^^^^^^^^^^^^^^^^^^^^^^^^^^^^^
[36m(TaskRunner pid=2559485)[0m   File "/mlx_devbox/users/quyanyi/playground/.venvs/ttrl_b200/lib/python3.11/site-packages/tensordict/base.py", line 9293, in select
[36m(TaskRunner pid=2559485)[0m     result = self._select(*keys, inplace=inplace, strict=strict)
[36m(TaskRunner pid=2559485)[0m              ^^^^^^^^^^^^^^^^^^^^^^^^^^^^^^^^^^^^^^^^^^^^^^^^^^^
[36m(TaskRunner pid=2559485)[0m   File "/mlx_devbox/users/quyanyi/playground/.venvs/ttrl_b200/lib/python3.11/site-packages/tensordict/_td.py", line 3052, in _select
[36m(TaskRunner pid=2559485)[0m     val = self._get_str(key, default=None if not strict else NO_DEFAULT)
[36m(TaskRunner pid=2559485)[0m           ^^^^^^^^^^^^^^^^^^^^^^^^^^^^^^^^^^^^^^^^^^^^^^^^^^^^^^^^^^^^^^
[36m(TaskRunner pid=2559485)[0m   File "/mlx_devbox/users/quyanyi/playground/.venvs/ttrl_b200/lib/python3.11/site-packages/tensordict/_td.py", line 2464, in _get_str
[36m(TaskRunner pid=2559485)[0m     return self._default_get(first_key, default)
[36m(TaskRunner pid=2559485)[0m            ^^^^^^^^^^^^^^^^^^^^^^^^^^^^^^^^^^^^^
[36m(TaskRunner pid=2559485)[0m   File "/mlx_devbox/users/quyanyi/playground/.venvs/ttrl_b200/lib/python3.11/site-packages/tensordict/base.py", line 4995, in _default_get
[36m(TaskRunner pid=2559485)[0m     raise KeyError(
[36m(TaskRunner pid=2559485)[0m KeyError: 'key "ref_log_prob" not found in TensorDict with keys [\'advantages\', \'attention_mask\', \'boxed_reward\', \'chunk_weights\', \'input_ids\', \'old_log_probs\', \'position_ids\', \'powerflow_chunk_weights\', \'prompts\', \'response_mask\', \'responses\']'
[36m(TaskRunner pid=2559485)[0m Unhandled error (suppress with 'RAY_IGNORE_UNHANDLED_ERRORS=1'): [36mray::WorkerDict.actor_rollout_update_actor()[39m (pid=2559489, ip=fdbd:dc61:ff:f000:ffff:ffff:0:16, actor_id=ba0c3b6334a9928b7e1263bc01000000, repr=<verl.single_controller.ray.base.WorkerDict object at 0x7f07af938e10>)
[36m(TaskRunner pid=2559485)[0m            ^^^^^^^^^^^^^^^^^^^^^^^^^^^^^^^^^^^^
[36m(TaskRunner pid=2559485)[0m            ^^^^^^^^^^^^^^^^^^^^^^^^^^^^^^^
[36m(TaskRunner pid=2559485)[0m   File "/mlx_devbox/users/quyanyi/playground/TTRL/verl/verl/single_controller/ray/base.py", line 735, in func
[36m(TaskRunner pid=2559485)[0m     return getattr(self.worker_dict[key], name)(*args, **kwargs)
[36m(TaskRunner pid=2559485)[0m            ^^^^^^^^^^^^^^^^^^^^^^^^^^^^^^^^^^^^^^^^^^^^^^^^^^^^^
[36m(TaskRunner pid=2559485)[0m   File "/mlx_devbox/users/quyanyi/playground/TTRL/verl/verl/single_controller/base/decorator.py", line 549, in inner
[36m(TaskRunner pid=2559485)[0m     return func(*args, **kwargs)
[36m(TaskRunner pid=2559485)[0m            ^^^^^^^^^^^^^^^^^^^^^
[36m(TaskRunner pid=2559485)[0m   File "/mlx_devbox/users/quyanyi/playground/TTRL/verl/verl/workers/fsdp_workers.py", line 766, in update_actor
[36m(TaskRunner pid=2559485)[0m     metrics = self.actor.update_policy(data=data)
[36m(TaskRunner pid=2559485)[0m               ^^^^^^^^^^^^^^^^^^^^^^^^^^^^^^^^^^^
[36m(TaskRunner pid=2559485)[0m   File "/mlx_devbox/users/quyanyi/playground/TTRL/verl/verl/utils/debug/performance.py", line 81, in f
[36m(TaskRunner pid=2559485)[0m     return self.log(decorated_function, *args, **kwargs)
[36m(TaskRunner pid=2559485)[0m            ^^^^^^^^^^^^^^^^^^^^^^^^^^^^^^^^^^^^^^^^^^^^^
[36m(TaskRunner pid=2559485)[0m   File "/mlx_devbox/users/quyanyi/playground/TTRL/verl/verl/utils/debug/performance.py", line 94, in log
[36m(TaskRunner pid=2559485)[0m     output = func(*args, **kwargs)
[36m(TaskRunner pid=2559485)[0m              ^^^^^^^^^^^^^^^^^^^^^
[36m(TaskRunner pid=2559485)[0m   File "/mlx_devbox/users/quyanyi/playground/TTRL/verl/verl/workers/actor/dp_actor.py", line 562, in update_policy
[36m(TaskRunner pid=2559485)[0m     batch = data.select(batch_keys=select_keys).batch
[36m(TaskRunner pid=2559485)[0m             ^^^^^^^^^^^^^^^^^^^^^^^^^^^^^^^^^^^
[36m(TaskRunner pid=2559485)[0m   File "/mlx_devbox/users/quyanyi/playground/TTRL/verl/verl/protocol.py", line 438, in select
[36m(TaskRunner pid=2559485)[0m     sub_batch = self.batch.select(*batch_keys)
[36m(TaskRunner pid=2559485)[0m                 ^^^^^^^^^^^^^^^^^^^^^^^^^^^^^^
[36m(TaskRunner pid=2559485)[0m   File "/mlx_devbox/users/quyanyi/playground/.venvs/ttrl_b200/lib/python3.11/site-packages/tensordict/base.py", line 9293, in select
[36m(TaskRunner pid=2559485)[0m     result = self._select(*keys, inplace=inplace, strict=strict)
[36m(TaskRunner pid=2559485)[0m              ^^^^^^^^^^^^^^^^^^^^^^^^^^^^^^^^^^^^^^^^^^^^^^^^^^^
[36m(TaskRunner pid=2559485)[0m   File "/mlx_devbox/users/quyanyi/playground/.venvs/ttrl_b200/lib/python3.11/site-packages/tensordict/_td.py", line 3052, in _select
[36m(TaskRunner pid=2559485)[0m     val = self._get_str(key, default=None if not strict else NO_DEFAULT)
[36m(TaskRunner pid=2559485)[0m           ^^^^^^^^^^^^^^^^^^^^^^^^^^^^^^^^^^^^^^^^^^^^^^^^^^^^^^^^^^^^^^
[36m(TaskRunner pid=2559485)[0m   File "/mlx_devbox/users/quyanyi/playground/.venvs/ttrl_b200/lib/python3.11/site-packages/tensordict/_td.py", line 2464, in _get_str
[36m(TaskRunner pid=2559485)[0m     return self._default_get(first_key, default)
[36m(TaskRunner pid=2559485)[0m            ^^^^^^^^^^^^^^^^^^^^^^^^^^^^^^^^^^^^^
[36m(TaskRunner pid=2559485)[0m   File "/mlx_devbox/users/quyanyi/playground/.venvs/ttrl_b200/lib/python3.11/site-packages/tensordict/base.py", line 4995, in _default_get
[36m(TaskRunner pid=2559485)[0m     raise KeyError(
[36m(TaskRunner pid=2559485)[0m KeyError: 'key "ref_log_prob" not found in TensorDict with keys [\'advantages\', \'attention_mask\', \'boxed_reward\', \'chunk_weights\', \'input_ids\', \'old_log_probs\', \'position_ids\', \'powerflow_chunk_weights\', \'prompts\', \'response_mask\', \'responses\']'
[36m(TaskRunner pid=2559485)[0m Unhandled error (suppress with 'RAY_IGNORE_UNHANDLED_ERRORS=1'): [36mray::WorkerDict.actor_rollout_update_actor()[39m (pid=2559487, ip=fdbd:dc61:ff:f000:ffff:ffff:0:16, actor_id=f063341c8052b762432fbf1901000000, repr=<verl.single_controller.ray.base.WorkerDict object at 0x7ee27a774750>)
[36m(TaskRunner pid=2559485)[0m            ^^^^^^^^^^^^^^^^^^^^^^^^^^^^^^^^^^^^
[36m(TaskRunner pid=2559485)[0m            ^^^^^^^^^^^^^^^^^^^^^^^^^^^^^^^
[36m(TaskRunner pid=2559485)[0m   File "/mlx_devbox/users/quyanyi/playground/TTRL/verl/verl/single_controller/ray/base.py", line 735, in func
[36m(TaskRunner pid=2559485)[0m     return getattr(self.worker_dict[key], name)(*args, **kwargs)
[36m(TaskRunner pid=2559485)[0m            ^^^^^^^^^^^^^^^^^^^^^^^^^^^^^^^^^^^^^^^^^^^^^^^^^^^^^
[36m(TaskRunner pid=2559485)[0m   File "/mlx_devbox/users/quyanyi/playground/TTRL/verl/verl/single_controller/base/decorator.py", line 549, in inner
[36m(TaskRunner pid=2559485)[0m     return func(*args, **kwargs)
[36m(TaskRunner pid=2559485)[0m            ^^^^^^^^^^^^^^^^^^^^^
[36m(TaskRunner pid=2559485)[0m   File "/mlx_devbox/users/quyanyi/playground/TTRL/verl/verl/workers/fsdp_workers.py", line 766, in update_actor
[36m(TaskRunner pid=2559485)[0m     metrics = self.actor.update_policy(data=data)
[36m(TaskRunner pid=2559485)[0m               ^^^^^^^^^^^^^^^^^^^^^^^^^^^^^^^^^^^
[36m(TaskRunner pid=2559485)[0m   File "/mlx_devbox/users/quyanyi/playground/TTRL/verl/verl/utils/debug/performance.py", line 81, in f
[36m(TaskRunner pid=2559485)[0m     return self.log(decorated_function, *args, **kwargs)
[36m(TaskRunner pid=2559485)[0m            ^^^^^^^^^^^^^^^^^^^^^^^^^^^^^^^^^^^^^^^^^^^^^
[36m(TaskRunner pid=2559485)[0m   File "/mlx_devbox/users/quyanyi/playground/TTRL/verl/verl/utils/debug/performance.py", line 94, in log
[36m(TaskRunner pid=2559485)[0m     output = func(*args, **kwargs)
[36m(TaskRunner pid=2559485)[0m              ^^^^^^^^^^^^^^^^^^^^^
[36m(TaskRunner pid=2559485)[0m   File "/mlx_devbox/users/quyanyi/playground/TTRL/verl/verl/workers/actor/dp_actor.py", line 562, in update_policy
[36m(TaskRunner pid=2559485)[0m     batch = data.select(batch_keys=select_keys).batch
[36m(TaskRunner pid=2559485)[0m             ^^^^^^^^^^^^^^^^^^^^^^^^^^^^^^^^^^^
[36m(TaskRunner pid=2559485)[0m   File "/mlx_devbox/users/quyanyi/playground/TTRL/verl/verl/protocol.py", line 438, in select
[36m(TaskRunner pid=2559485)[0m     sub_batch = self.batch.select(*batch_keys)
[36m(TaskRunner pid=2559485)[0m                 ^^^^^^^^^^^^^^^^^^^^^^^^^^^^^^
[36m(TaskRunner pid=2559485)[0m   File "/mlx_devbox/users/quyanyi/playground/.venvs/ttrl_b200/lib/python3.11/site-packages/tensordict/base.py", line 9293, in select
[36m(TaskRunner pid=2559485)[0m     result = self._select(*keys, inplace=inplace, strict=strict)
[36m(TaskRunner pid=2559485)[0m              ^^^^^^^^^^^^^^^^^^^^^^^^^^^^^^^^^^^^^^^^^^^^^^^^^^^
[36m(TaskRunner pid=2559485)[0m   File "/mlx_devbox/users/quyanyi/playground/.venvs/ttrl_b200/lib/python3.11/site-packages/tensordict/_td.py", line 3052, in _select
[36m(TaskRunner pid=2559485)[0m     val = self._get_str(key, default=None if not strict else NO_DEFAULT)
[36m(TaskRunner pid=2559485)[0m           ^^^^^^^^^^^^^^^^^^^^^^^^^^^^^^^^^^^^^^^^^^^^^^^^^^^^^^^^^^^^^^
[36m(TaskRunner pid=2559485)[0m   File "/mlx_devbox/users/quyanyi/playground/.venvs/ttrl_b200/lib/python3.11/site-packages/tensordict/_td.py", line 2464, in _get_str
[36m(TaskRunner pid=2559485)[0m     return self._default_get(first_key, default)
[36m(TaskRunner pid=2559485)[0m            ^^^^^^^^^^^^^^^^^^^^^^^^^^^^^^^^^^^^^
[36m(TaskRunner pid=2559485)[0m   File "/mlx_devbox/users/quyanyi/playground/.venvs/ttrl_b200/lib/python3.11/site-packages/tensordict/base.py", line 4995, in _default_get
[36m(TaskRunner pid=2559485)[0m     raise KeyError(
[36m(TaskRunner pid=2559485)[0m KeyError: 'key "ref_log_prob" not found in TensorDict with keys [\'advantages\', \'attention_mask\', \'boxed_reward\', \'chunk_weights\', \'input_ids\', \'old_log_probs\', \'position_ids\', \'powerflow_chunk_weights\', \'prompts\', \'response_mask\', \'responses\']'
[36m(TaskRunner pid=2559485)[0m Unhandled error (suppress with 'RAY_IGNORE_UNHANDLED_ERRORS=1'): [36mray::WorkerDict.actor_rollout_update_actor()[39m (pid=2559484, ip=fdbd:dc61:ff:f000:ffff:ffff:0:16, actor_id=6761fbd31c9d0c32e671e62501000000, repr=<verl.single_controller.ray.base.WorkerDict object at 0x7fbebe766350>)
[36m(TaskRunner pid=2559485)[0m            ^^^^^^^^^^^^^^^^^^^^^^^^^^^^^^^^^^^^
[36m(TaskRunner pid=2559485)[0m            ^^^^^^^^^^^^^^^^^^^^^^^^^^^^^^^
[36m(TaskRunner pid=2559485)[0m   File "/mlx_devbox/users/quyanyi/playground/TTRL/verl/verl/single_controller/ray/base.py", line 735, in func
[36m(TaskRunner pid=2559485)[0m     return getattr(self.worker_dict[key], name)(*args, **kwargs)
[36m(TaskRunner pid=2559485)[0m            ^^^^^^^^^^^^^^^^^^^^^^^^^^^^^^^^^^^^^^^^^^^^^^^^^^^^^
[36m(TaskRunner pid=2559485)[0m   File "/mlx_devbox/users/quyanyi/playground/TTRL/verl/verl/single_controller/base/decorator.py", line 549, in inner
[36m(TaskRunner pid=2559485)[0m     return func(*args, **kwargs)
[36m(TaskRunner pid=2559485)[0m            ^^^^^^^^^^^^^^^^^^^^^
[36m(TaskRunner pid=2559485)[0m   File "/mlx_devbox/users/quyanyi/playground/TTRL/verl/verl/workers/fsdp_workers.py", line 766, in update_actor
[36m(TaskRunner pid=2559485)[0m     metrics = self.actor.update_policy(data=data)
[36m(TaskRunner pid=2559485)[0m               ^^^^^^^^^^^^^^^^^^^^^^^^^^^^^^^^^^^
[36m(TaskRunner pid=2559485)[0m   File "/mlx_devbox/users/quyanyi/playground/TTRL/verl/verl/utils/debug/performance.py", line 81, in f
[36m(TaskRunner pid=2559485)[0m     return self.log(decorated_function, *args, **kwargs)
[36m(TaskRunner pid=2559485)[0m            ^^^^^^^^^^^^^^^^^^^^^^^^^^^^^^^^^^^^^^^^^^^^^
[36m(TaskRunner pid=2559485)[0m   File "/mlx_devbox/users/quyanyi/playground/TTRL/verl/verl/utils/debug/performance.py", line 94, in log
[36m(TaskRunner pid=2559485)[0m     output = func(*args, **kwargs)
[36m(TaskRunner pid=2559485)[0m              ^^^^^^^^^^^^^^^^^^^^^
[36m(TaskRunner pid=2559485)[0m   File "/mlx_devbox/users/quyanyi/playground/TTRL/verl/verl/workers/actor/dp_actor.py", line 562, in update_policy
[36m(TaskRunner pid=2559485)[0m     batch = data.select(batch_keys=select_keys).batch
[36m(TaskRunner pid=2559485)[0m             ^^^^^^^^^^^^^^^^^^^^^^^^^^^^^^^^^^^
[36m(TaskRunner pid=2559485)[0m   File "/mlx_devbox/users/quyanyi/playground/TTRL/verl/verl/protocol.py", line 438, in select
[36m(TaskRunner pid=2559485)[0m     sub_batch = self.batch.select(*batch_keys)
[36m(TaskRunner pid=2559485)[0m                 ^^^^^^^^^^^^^^^^^^^^^^^^^^^^^^
[36m(TaskRunner pid=2559485)[0m   File "/mlx_devbox/users/quyanyi/playground/.venvs/ttrl_b200/lib/python3.11/site-packages/tensordict/base.py", line 9293, in select
[36m(TaskRunner pid=2559485)[0m     result = self._select(*keys, inplace=inplace, strict=strict)
[36m(TaskRunner pid=2559485)[0m              ^^^^^^^^^^^^^^^^^^^^^^^^^^^^^^^^^^^^^^^^^^^^^^^^^^^
[36m(TaskRunner pid=2559485)[0m   File "/mlx_devbox/users/quyanyi/playground/.venvs/ttrl_b200/lib/python3.11/site-packages/tensordict/_td.py", line 3052, in _select
[36m(TaskRunner pid=2559485)[0m     val = self._get_str(key, default=None if not strict else NO_DEFAULT)
[36m(TaskRunner pid=2559485)[0m           ^^^^^^^^^^^^^^^^^^^^^^^^^^^^^^^^^^^^^^^^^^^^^^^^^^^^^^^^^^^^^^
[36m(TaskRunner pid=2559485)[0m   File "/mlx_devbox/users/quyanyi/playground/.venvs/ttrl_b200/lib/python3.11/site-packages/tensordict/_td.py", line 2464, in _get_str
[36m(TaskRunner pid=2559485)[0m     return self._default_get(first_key, default)
[36m(TaskRunner pid=2559485)[0m            ^^^^^^^^^^^^^^^^^^^^^^^^^^^^^^^^^^^^^
[36m(TaskRunner pid=2559485)[0m   File "/mlx_devbox/users/quyanyi/playground/.venvs/ttrl_b200/lib/python3.11/site-packages/tensordict/base.py", line 4995, in _default_get
[36m(TaskRunner pid=2559485)[0m     raise KeyError(
[36m(TaskRunner pid=2559485)[0m KeyError: 'key "ref_log_prob" not found in TensorDict with keys [\'advantages\', \'attention_mask\', \'boxed_reward\', \'chunk_weights\', \'input_ids\', \'old_log_probs\', \'position_ids\', \'powerflow_chunk_weights\', \'prompts\', \'response_mask\', \'responses\']'
[36m(TaskRunner pid=2559485)[0m Unhandled error (suppress with 'RAY_IGNORE_UNHANDLED_ERRORS=1'): [36mray::WorkerDict.actor_rollout_update_actor()[39m (pid=2559488, ip=fdbd:dc61:ff:f000:ffff:ffff:0:16, actor_id=27fd986186d8e8528cb3c66601000000, repr=<verl.single_controller.ray.base.WorkerDict object at 0x7f22df121c50>)
[36m(TaskRunner pid=2559485)[0m            ^^^^^^^^^^^^^^^^^^^^^^^^^^^^^^^^^^^^
[36m(TaskRunner pid=2559485)[0m            ^^^^^^^^^^^^^^^^^^^^^^^^^^^^^^^
[36m(TaskRunner pid=2559485)[0m   File "/mlx_devbox/users/quyanyi/playground/TTRL/verl/verl/single_controller/ray/base.py", line 735, in func
[36m(TaskRunner pid=2559485)[0m     return getattr(self.worker_dict[key], name)(*args, **kwargs)
[36m(TaskRunner pid=2559485)[0m            ^^^^^^^^^^^^^^^^^^^^^^^^^^^^^^^^^^^^^^^^^^^^^^^^^^^^^
[36m(TaskRunner pid=2559485)[0m   File "/mlx_devbox/users/quyanyi/playground/TTRL/verl/verl/single_controller/base/decorator.py", line 549, in inner
[36m(TaskRunner pid=2559485)[0m     return func(*args, **kwargs)
[36m(TaskRunner pid=2559485)[0m            ^^^^^^^^^^^^^^^^^^^^^
[36m(TaskRunner pid=2559485)[0m   File "/mlx_devbox/users/quyanyi/playground/TTRL/verl/verl/workers/fsdp_workers.py", line 766, in update_actor
[36m(TaskRunner pid=2559485)[0m     metrics = self.actor.update_policy(data=data)
[36m(TaskRunner pid=2559485)[0m               ^^^^^^^^^^^^^^^^^^^^^^^^^^^^^^^^^^^
[36m(TaskRunner pid=2559485)[0m   File "/mlx_devbox/users/quyanyi/playground/TTRL/verl/verl/utils/debug/performance.py", line 81, in f
[36m(TaskRunner pid=2559485)[0m     return self.log(decorated_function, *args, **kwargs)
[36m(TaskRunner pid=2559485)[0m            ^^^^^^^^^^^^^^^^^^^^^^^^^^^^^^^^^^^^^^^^^^^^^
[36m(TaskRunner pid=2559485)[0m   File "/mlx_devbox/users/quyanyi/playground/TTRL/verl/verl/utils/debug/performance.py", line 94, in log
[36m(TaskRunner pid=2559485)[0m     output = func(*args, **kwargs)
[36m(TaskRunner pid=2559485)[0m              ^^^^^^^^^^^^^^^^^^^^^
[36m(TaskRunner pid=2559485)[0m   File "/mlx_devbox/users/quyanyi/playground/TTRL/verl/verl/workers/actor/dp_actor.py", line 562, in update_policy
[36m(TaskRunner pid=2559485)[0m     batch = data.select(batch_keys=select_keys).batch
[36m(TaskRunner pid=2559485)[0m             ^^^^^^^^^^^^^^^^^^^^^^^^^^^^^^^^^^^
[36m(TaskRunner pid=2559485)[0m   File "/mlx_devbox/users/quyanyi/playground/TTRL/verl/verl/protocol.py", line 438, in select
[36m(TaskRunner pid=2559485)[0m     sub_batch = self.batch.select(*batch_keys)
[36m(TaskRunner pid=2559485)[0m                 ^^^^^^^^^^^^^^^^^^^^^^^^^^^^^^
[36m(TaskRunner pid=2559485)[0m   File "/mlx_devbox/users/quyanyi/playground/.venvs/ttrl_b200/lib/python3.11/site-packages/tensordict/base.py", line 9293, in select
[36m(TaskRunner pid=2559485)[0m     result = self._select(*keys, inplace=inplace, strict=strict)
[36m(TaskRunner pid=2559485)[0m              ^^^^^^^^^^^^^^^^^^^^^^^^^^^^^^^^^^^^^^^^^^^^^^^^^^^
[36m(TaskRunner pid=2559485)[0m   File "/mlx_devbox/users/quyanyi/playground/.venvs/ttrl_b200/lib/python3.11/site-packages/tensordict/_td.py", line 3052, in _select
[36m(TaskRunner pid=2559485)[0m     val = self._get_str(key, default=None if not strict else NO_DEFAULT)
[36m(TaskRunner pid=2559485)[0m           ^^^^^^^^^^^^^^^^^^^^^^^^^^^^^^^^^^^^^^^^^^^^^^^^^^^^^^^^^^^^^^
[36m(TaskRunner pid=2559485)[0m   File "/mlx_devbox/users/quyanyi/playground/.venvs/ttrl_b200/lib/python3.11/site-packages/tensordict/_td.py", line 2464, in _get_str
[36m(TaskRunner pid=2559485)[0m     return self._default_get(first_key, default)
[36m(TaskRunner pid=2559485)[0m            ^^^^^^^^^^^^^^^^^^^^^^^^^^^^^^^^^^^^^
[36m(TaskRunner pid=2559485)[0m   File "/mlx_devbox/users/quyanyi/playground/.venvs/ttrl_b200/lib/python3.11/site-packages/tensordict/base.py", line 4995, in _default_get
[36m(TaskRunner pid=2559485)[0m     raise KeyError(
[36m(TaskRunner pid=2559485)[0m KeyError: 'key "ref_log_prob" not found in TensorDict with keys [\'advantages\', \'attention_mask\', \'boxed_reward\', \'chunk_weights\', \'input_ids\', \'old_log_probs\', \'position_ids\', \'powerflow_chunk_weights\', \'prompts\', \'response_mask\', \'responses\']'
Traceback (most recent call last):
  File "/mlx_devbox/users/quyanyi/playground/TTRL/verl/verl/trainer/main_ppo.py", line 31, in main
    run_ppo(config)
  File "/mlx_devbox/users/quyanyi/playground/TTRL/verl/verl/trainer/main_ppo.py", line 63, in run_ppo
    ray.get(runner.run.remote(config))
  File "/mlx_devbox/users/quyanyi/playground/.venvs/ttrl_b200/lib/python3.11/site-packages/ray/_private/auto_init_hook.py", line 22, in auto_init_wrapper
    return fn(*args, **kwargs)
           ^^^^^^^^^^^^^^^^^^^
  File "/mlx_devbox/users/quyanyi/playground/.venvs/ttrl_b200/lib/python3.11/site-packages/ray/_private/client_mode_hook.py", line 110, in wrapper
    return func(*args, **kwargs)
           ^^^^^^^^^^^^^^^^^^^^^
  File "/mlx_devbox/users/quyanyi/playground/.venvs/ttrl_b200/lib/python3.11/site-packages/ray/_private/worker.py", line 2968, in get
    values, debugger_breakpoint = worker.get_objects(
                                  ^^^^^^^^^^^^^^^^^^^
  File "/mlx_devbox/users/quyanyi/playground/.venvs/ttrl_b200/lib/python3.11/site-packages/ray/_private/worker.py", line 1050, in get_objects
    raise value.as_instanceof_cause()
ray.exceptions.RayTaskError(KeyError): [36mray::TaskRunner.run()[39m (pid=2559485, ip=fdbd:dc61:ff:f000:ffff:ffff:0:16, actor_id=5d34dbadd50184024b74158a01000000, repr=<main_ppo.TaskRunner object at 0x7f09ccbb21d0>)
           ^^^^^^^^^^^^^^^^^^^^^^^^^^^^^^^^^^^^
           ^^^^^^^^^^^^^^^^^^^^^^^^^^^^^^^
  File "/mlx_devbox/users/quyanyi/playground/TTRL/verl/verl/trainer/main_ppo.py", line 217, in run
    trainer.fit()
  File "/mlx_devbox/users/quyanyi/playground/TTRL/verl/verl/trainer/ppo/ray_trainer.py", line 4379, in fit
    self._run_chunk_state_training_step(batch, metrics, timing_raw)
  File "/mlx_devbox/users/quyanyi/playground/TTRL/verl/verl/trainer/ppo/ray_trainer.py", line 4188, in _run_chunk_state_training_step
    actor_output = self.actor_rollout_wg.update_actor(actor_batch)
                   ^^^^^^^^^^^^^^^^^^^^^^^^^^^^^^^^^^^^^^^^^^^^^^^
  File "/mlx_devbox/users/quyanyi/playground/TTRL/verl/verl/single_controller/ray/base.py", line 52, in __call__
    output = ray.get(output)
             ^^^^^^^^^^^^^^^
           ^^^^^^^^^^^^^^^^^^^
           ^^^^^^^^^^^^^^^^^^^^^
                                  ^^^^^^^^^^^^^^^^^^^
ray.exceptions.RayTaskError(KeyError): [36mray::WorkerDict.actor_rollout_update_actor()[39m (pid=2559491, ip=fdbd:dc61:ff:f000:ffff:ffff:0:16, actor_id=36583d9819d0c5315dc30d8d01000000, repr=<verl.single_controller.ray.base.WorkerDict object at 0x7f271590ca10>)
           ^^^^^^^^^^^^^^^^^^^^^^^^^^^^^^^^^^^^
           ^^^^^^^^^^^^^^^^^^^^^^^^^^^^^^^
  File "/mlx_devbox/users/quyanyi/playground/TTRL/verl/verl/single_controller/ray/base.py", line 735, in func
    return getattr(self.worker_dict[key], name)(*args, **kwargs)
           ^^^^^^^^^^^^^^^^^^^^^^^^^^^^^^^^^^^^^^^^^^^^^^^^^^^^^
  File "/mlx_devbox/users/quyanyi/playground/TTRL/verl/verl/single_controller/base/decorator.py", line 549, in inner
    return func(*args, **kwargs)
           ^^^^^^^^^^^^^^^^^^^^^
  File "/mlx_devbox/users/quyanyi/playground/TTRL/verl/verl/workers/fsdp_workers.py", line 766, in update_actor
    metrics = self.actor.update_policy(data=data)
              ^^^^^^^^^^^^^^^^^^^^^^^^^^^^^^^^^^^
  File "/mlx_devbox/users/quyanyi/playground/TTRL/verl/verl/utils/debug/performance.py", line 81, in f
    return self.log(decorated_function, *args, **kwargs)
           ^^^^^^^^^^^^^^^^^^^^^^^^^^^^^^^^^^^^^^^^^^^^^
  File "/mlx_devbox/users/quyanyi/playground/TTRL/verl/verl/utils/debug/performance.py", line 94, in log
    output = func(*args, **kwargs)
             ^^^^^^^^^^^^^^^^^^^^^
  File "/mlx_devbox/users/quyanyi/playground/TTRL/verl/verl/workers/actor/dp_actor.py", line 562, in update_policy
    batch = data.select(batch_keys=select_keys).batch
            ^^^^^^^^^^^^^^^^^^^^^^^^^^^^^^^^^^^
  File "/mlx_devbox/users/quyanyi/playground/TTRL/verl/verl/protocol.py", line 438, in select
    sub_batch = self.batch.select(*batch_keys)
                ^^^^^^^^^^^^^^^^^^^^^^^^^^^^^^
  File "/mlx_devbox/users/quyanyi/playground/.venvs/ttrl_b200/lib/python3.11/site-packages/tensordict/base.py", line 9293, in select
    result = self._select(*keys, inplace=inplace, strict=strict)
             ^^^^^^^^^^^^^^^^^^^^^^^^^^^^^^^^^^^^^^^^^^^^^^^^^^^
  File "/mlx_devbox/users/quyanyi/playground/.venvs/ttrl_b200/lib/python3.11/site-packages/tensordict/_td.py", line 3052, in _select
    val = self._get_str(key, default=None if not strict else NO_DEFAULT)
          ^^^^^^^^^^^^^^^^^^^^^^^^^^^^^^^^^^^^^^^^^^^^^^^^^^^^^^^^^^^^^^
  File "/mlx_devbox/users/quyanyi/playground/.venvs/ttrl_b200/lib/python3.11/site-packages/tensordict/_td.py", line 2464, in _get_str
    return self._default_get(first_key, default)
           ^^^^^^^^^^^^^^^^^^^^^^^^^^^^^^^^^^^^^
  File "/mlx_devbox/users/quyanyi/playground/.venvs/ttrl_b200/lib/python3.11/site-packages/tensordict/base.py", line 4995, in _default_get
    raise KeyError(
KeyError: 'key "ref_log_prob" not found in TensorDict with keys [\'advantages\', \'attention_mask\', \'boxed_reward\', \'chunk_weights\', \'input_ids\', \'old_log_probs\', \'position_ids\', \'powerflow_chunk_weights\', \'prompts\', \'response_mask\', \'responses\']'

Set the environment variable HYDRA_FULL_ERROR=1 for a complete stack trace.
MODEL_READY: /models/Qwen2.5-Math-7B
Using python: /mlx_devbox/users/quyanyi/playground/.venvs/ttrl_b200/bin/python
Using model: /models/Qwen2.5-Math-7B
Using data: /mlx_devbox/users/quyanyi/playground/TTRL/verl/data/MATH-TTT
Output directory: /tmp/ttrl_b200/checkpoints/ttrl_chunk_state_powerflow_support_flow_gain_mid_c128_b32_r32_v64_2step_20260801
Actor offload: param=False optimizer=False activation=False
Rollout: free_cache_engine=False enforce_eager=False gpu_memory_utilization=0.82
Critic offload: param=False optimizer=False activation=False
/mlx_devbox/users/quyanyi/playground/TTRL/verl/verl/__init__.py:18: UserWarning: pkg_resources is deprecated as an API. See https://setuptools.pypa.io/en/latest/pkg_resources.html. The pkg_resources package is slated for removal as early as 2025-11-30. Refrain from using this package or pin to Setuptools<81.
  import pkg_resources
/mlx_devbox/users/quyanyi/playground/.venvs/ttrl_b200/lib/python3.11/site-packages/huggingface_hub/constants.py:298: FutureWarning: The `HF_HUB_ENABLE_HF_TRANSFER` environment variable is deprecated as 'hf_transfer' is not used anymore. Please use `HF_XET_HIGH_PERFORMANCE` instead to enable high performance transfer with Xet. Visit https://huggingface.co/docs/huggingface_hub/package_reference/environment_variables#hfxethighperformance for more details.
  warnings.warn(
2026-08-01 17:41:47,256	INFO worker.py:2024 -- Started a local Ray instance.
[36m(pid=2581925)[0m /mlx_devbox/users/quyanyi/playground/TTRL/verl/verl/__init__.py:18: UserWarning: pkg_resources is deprecated as an API. See https://setuptools.pypa.io/en/latest/pkg_resources.html. The pkg_resources package is slated for removal as early as 2025-11-30. Refrain from using this package or pin to Setuptools<81.
[36m(pid=2581925)[0m   import pkg_resources
[36m(pid=2581925)[0m /mlx_devbox/users/quyanyi/playground/.venvs/ttrl_b200/lib/python3.11/site-packages/huggingface_hub/constants.py:298: FutureWarning: The `HF_HUB_ENABLE_HF_TRANSFER` environment variable is deprecated as 'hf_transfer' is not used anymore. Please use `HF_XET_HIGH_PERFORMANCE` instead to enable high performance transfer with Xet. Visit https://huggingface.co/docs/huggingface_hub/package_reference/environment_variables#hfxethighperformance for more details.
[36m(pid=2581925)[0m   warnings.warn(
[36m(TaskRunner pid=2581925)[0m TaskRunner hostname: trial-302172199-trialrun-302172199-worker-0, PID: 2581925
[36m(TaskRunner pid=2581925)[0m {'actor_rollout_ref': {'actor': {'checkpoint': {'load_contents': ['model',
[36m(TaskRunner pid=2581925)[0m                                                                   'optimizer',
[36m(TaskRunner pid=2581925)[0m                                                                   'extra'],
[36m(TaskRunner pid=2581925)[0m                                                 'save_contents': ['model',
[36m(TaskRunner pid=2581925)[0m                                                                   'optimizer',
[36m(TaskRunner pid=2581925)[0m                                                                   'extra']},
[36m(TaskRunner pid=2581925)[0m                                  'chunk_weighted_nll_enable': False,
[36m(TaskRunner pid=2581925)[0m                                  'clip_ratio': 0.2,
[36m(TaskRunner pid=2581925)[0m                                  'clip_ratio_c': 3.0,
[36m(TaskRunner pid=2581925)[0m                                  'clip_ratio_high': 0.2,
[36m(TaskRunner pid=2581925)[0m                                  'clip_ratio_low': 0.2,
[36m(TaskRunner pid=2581925)[0m                                  'entropy_checkpointing': False,
[36m(TaskRunner pid=2581925)[0m                                  'entropy_coeff': 0,
[36m(TaskRunner pid=2581925)[0m                                  'entropy_from_logits_with_chunking': False,
[36m(TaskRunner pid=2581925)[0m                                  'fsdp_config': {'forward_prefetch': False,
[36m(TaskRunner pid=2581925)[0m                                                  'fsdp_size': -1,
[36m(TaskRunner pid=2581925)[0m                                                  'offload_policy': False,
[36m(TaskRunner pid=2581925)[0m                                                  'optimizer_offload': False,
[36m(TaskRunner pid=2581925)[0m                                                  'param_offload': False,
[36m(TaskRunner pid=2581925)[0m                                                  'reshard_after_forward': True,
[36m(TaskRunner pid=2581925)[0m                                                  'wrap_policy': {'min_num_params': 0}},
[36m(TaskRunner pid=2581925)[0m                                  'grad_clip': 1.0,
[36m(TaskRunner pid=2581925)[0m                                  'kl_loss_coef': 0.001,
[36m(TaskRunner pid=2581925)[0m                                  'kl_loss_type': 'low_var_kl',
[36m(TaskRunner pid=2581925)[0m                                  'loss_agg_mode': 'token-mean',
[36m(TaskRunner pid=2581925)[0m                                  'optim': {'lr': 5e-07,
[36m(TaskRunner pid=2581925)[0m                                            'lr_warmup_steps': -1,
[36m(TaskRunner pid=2581925)[0m                                            'lr_warmup_steps_ratio': 0.03,
[36m(TaskRunner pid=2581925)[0m                                            'min_lr_ratio': 0.0,
[36m(TaskRunner pid=2581925)[0m                                            'num_cycles': 0.5,
[36m(TaskRunner pid=2581925)[0m                                            'total_training_steps': -1,
[36m(TaskRunner pid=2581925)[0m                                            'warmup_style': 'cosine',
[36m(TaskRunner pid=2581925)[0m                                            'weight_decay': 0.01},
[36m(TaskRunner pid=2581925)[0m                                  'policy_loss': {'clip_cov_lb': 1.0,
[36m(TaskRunner pid=2581925)[0m                                                  'clip_cov_ratio': 0.0002,
[36m(TaskRunner pid=2581925)[0m                                                  'clip_cov_ub': 5.0,
[36m(TaskRunner pid=2581925)[0m                                                  'kl_cov_ratio': 0.0002,
[36m(TaskRunner pid=2581925)[0m                                                  'loss_mode': 'vanilla',
[36m(TaskRunner pid=2581925)[0m                                                  'ppo_kl_coef': 0.1},
[36m(TaskRunner pid=2581925)[0m                                  'powerflow_beta_coef': 4.0,
[36m(TaskRunner pid=2581925)[0m                                  'powerflow_chunk_loss_mode': 'standard',
[36m(TaskRunner pid=2581925)[0m                                  'powerflow_enable': True,
[36m(TaskRunner pid=2581925)[0m                                  'powerflow_init_ref_log_prob': 0.36,
[36m(TaskRunner pid=2581925)[0m                                  'powerflow_on_policy': False,
[36m(TaskRunner pid=2581925)[0m                                  'powerflow_proj_layers': 3,
[36m(TaskRunner pid=2581925)[0m                                  'powerflow_use_boxed_reward': True,
[36m(TaskRunner pid=2581925)[0m                                  'powerflow_use_chunk_weights': True,
[36m(TaskRunner pid=2581925)[0m                                  'ppo_epochs': 1,
[36m(TaskRunner pid=2581925)[0m                                  'ppo_max_token_len_per_gpu': 8192,
[36m(TaskRunner pid=2581925)[0m                                  'ppo_micro_batch_size': None,
[36m(TaskRunner pid=2581925)[0m                                  'ppo_micro_batch_size_per_gpu': 1,
[36m(TaskRunner pid=2581925)[0m                                  'ppo_mini_batch_size': 8,
[36m(TaskRunner pid=2581925)[0m                                  'profiler': {'all_ranks': False,
[36m(TaskRunner pid=2581925)[0m                                               'discrete': False,
[36m(TaskRunner pid=2581925)[0m                                               'ranks': None},
[36m(TaskRunner pid=2581925)[0m                                  'shuffle': False,
[36m(TaskRunner pid=2581925)[0m                                  'strategy': 'fsdp',
[36m(TaskRunner pid=2581925)[0m                                  'ulysses_sequence_parallel_size': 1,
[36m(TaskRunner pid=2581925)[0m                                  'use_dynamic_bsz': False,
[36m(TaskRunner pid=2581925)[0m                                  'use_kl_loss': False,
[36m(TaskRunner pid=2581925)[0m                                  'use_torch_compile': True},
[36m(TaskRunner pid=2581925)[0m                        'hybrid_engine': True,
[36m(TaskRunner pid=2581925)[0m                        'model': {'attn_implementation': 'sdpa',
[36m(TaskRunner pid=2581925)[0m                                  'custom_chat_template': None,
[36m(TaskRunner pid=2581925)[0m                                  'enable_activation_offload': False,
[36m(TaskRunner pid=2581925)[0m                                  'enable_gradient_checkpointing': True,
[36m(TaskRunner pid=2581925)[0m                                  'exclude_modules': None,
[36m(TaskRunner pid=2581925)[0m                                  'external_lib': None,
[36m(TaskRunner pid=2581925)[0m                                  'fused_kernel_options': {'impl_backend': 'triton'},
[36m(TaskRunner pid=2581925)[0m                                  'lora_alpha': 16,
[36m(TaskRunner pid=2581925)[0m                                  'lora_rank': 0,
[36m(TaskRunner pid=2581925)[0m                                  'override_config': {},
[36m(TaskRunner pid=2581925)[0m                                  'path': '/models/Qwen2.5-Math-7B',
[36m(TaskRunner pid=2581925)[0m                                  'target_modules': 'all-linear',
[36m(TaskRunner pid=2581925)[0m                                  'trust_remote_code': False,
[36m(TaskRunner pid=2581925)[0m                                  'use_fused_kernels': True,
[36m(TaskRunner pid=2581925)[0m                                  'use_liger': False,
[36m(TaskRunner pid=2581925)[0m                                  'use_remove_padding': True,
[36m(TaskRunner pid=2581925)[0m                                  'use_shm': False},
[36m(TaskRunner pid=2581925)[0m                        'ref': {'entropy_checkpointing': False,
[36m(TaskRunner pid=2581925)[0m                                'entropy_from_logits_with_chunking': False,
[36m(TaskRunner pid=2581925)[0m                                'fsdp_config': {'forward_prefetch': False,
[36m(TaskRunner pid=2581925)[0m                                                'param_offload': True,
[36m(TaskRunner pid=2581925)[0m                                                'reshard_after_forward': True,
[36m(TaskRunner pid=2581925)[0m                                                'wrap_policy': {'min_num_params': 0}},
[36m(TaskRunner pid=2581925)[0m                                'log_prob_max_token_len_per_gpu': 8192,
[36m(TaskRunner pid=2581925)[0m                                'log_prob_micro_batch_size': None,
[36m(TaskRunner pid=2581925)[0m                                'log_prob_micro_batch_size_per_gpu': 1,
[36m(TaskRunner pid=2581925)[0m                                'log_prob_use_dynamic_bsz': False,
[36m(TaskRunner pid=2581925)[0m                                'profiler': {'all_ranks': False,
[36m(TaskRunner pid=2581925)[0m                                             'discrete': False,
[36m(TaskRunner pid=2581925)[0m                                             'ranks': None},
[36m(TaskRunner pid=2581925)[0m                                'strategy': 'fsdp',
[36m(TaskRunner pid=2581925)[0m                                'ulysses_sequence_parallel_size': 1,
[36m(TaskRunner pid=2581925)[0m                                'use_torch_compile': True},
[36m(TaskRunner pid=2581925)[0m                        'rollout': {'agent': {'num_workers': 8},
[36m(TaskRunner pid=2581925)[0m                                    'calculate_log_probs': True,
[36m(TaskRunner pid=2581925)[0m                                    'disable_log_stats': True,
[36m(TaskRunner pid=2581925)[0m                                    'do_sample': True,
[36m(TaskRunner pid=2581925)[0m                                    'dtype': 'bfloat16',
[36m(TaskRunner pid=2581925)[0m                                    'enable_chunked_prefill': True,
[36m(TaskRunner pid=2581925)[0m                                    'enforce_eager': False,
[36m(TaskRunner pid=2581925)[0m                                    'engine_kwargs': {'sglang': {'attention_backend': None},
[36m(TaskRunner pid=2581925)[0m                                                      'vllm': {'attention_config': {'backend': 'FLASH_ATTN'},
[36m(TaskRunner pid=2581925)[0m                                                               'disable_mm_preprocessor_cache': False,
[36m(TaskRunner pid=2581925)[0m                                                               'swap_space': None}},
[36m(TaskRunner pid=2581925)[0m                                    'free_cache_engine': False,
[36m(TaskRunner pid=2581925)[0m                                    'gpu_memory_utilization': 0.82,
[36m(TaskRunner pid=2581925)[0m                                    'ignore_eos': False,
[36m(TaskRunner pid=2581925)[0m                                    'layered_summon': False,
[36m(TaskRunner pid=2581925)[0m                                    'load_format': 'dummy_dtensor',
[36m(TaskRunner pid=2581925)[0m                                    'log_prob_max_token_len_per_gpu': 8192,
[36m(TaskRunner pid=2581925)[0m                                    'log_prob_micro_batch_size': None,
[36m(TaskRunner pid=2581925)[0m                                    'log_prob_micro_batch_size_per_gpu': 1,
[36m(TaskRunner pid=2581925)[0m                                    'log_prob_use_dynamic_bsz': False,
[36m(TaskRunner pid=2581925)[0m                                    'logprobs': 1,
[36m(TaskRunner pid=2581925)[0m                                    'max_model_len': 2048,
[36m(TaskRunner pid=2581925)[0m                                    'max_num_batched_tokens': 32768,
[36m(TaskRunner pid=2581925)[0m                                    'max_num_seqs': 1024,
[36m(TaskRunner pid=2581925)[0m                                    'mode': 'sync',
[36m(TaskRunner pid=2581925)[0m                                    'multi_stage_wake_up': False,
[36m(TaskRunner pid=2581925)[0m                                    'multi_turn': {'completion_callback': None,
[36m(TaskRunner pid=2581925)[0m                                                   'enable': False,
[36m(TaskRunner pid=2581925)[0m                                                   'format': 'hermes',
[36m(TaskRunner pid=2581925)[0m                                                   'interaction_config_path': None,
[36m(TaskRunner pid=2581925)[0m                                                   'max_assistant_turns': None,
[36m(TaskRunner pid=2581925)[0m                                                   'max_parallel_calls': 1,
[36m(TaskRunner pid=2581925)[0m                                                   'max_tool_response_length': 256,
[36m(TaskRunner pid=2581925)[0m                                                   'max_user_turns': None,
[36m(TaskRunner pid=2581925)[0m                                                   'tokenization_sanity_check_mode': 'strict',
[36m(TaskRunner pid=2581925)[0m                                                   'tool_config_path': None,
[36m(TaskRunner pid=2581925)[0m                                                   'tool_response_truncate_side': 'middle',
[36m(TaskRunner pid=2581925)[0m                                                   'use_inference_chat_template': False},
[36m(TaskRunner pid=2581925)[0m                                    'n': 32,
[36m(TaskRunner pid=2581925)[0m                                    'name': 'vllm',
[36m(TaskRunner pid=2581925)[0m                                    'profiler': {'all_ranks': False,
[36m(TaskRunner pid=2581925)[0m                                                 'discrete': False,
[36m(TaskRunner pid=2581925)[0m                                                 'ranks': None},
[36m(TaskRunner pid=2581925)[0m                                    'prompt_length': 1024,
[36m(TaskRunner pid=2581925)[0m                                    'response_length': 1024,
[36m(TaskRunner pid=2581925)[0m                                    'temperature': 1.0,
[36m(TaskRunner pid=2581925)[0m                                    'tensor_model_parallel_size': 1,
[36m(TaskRunner pid=2581925)[0m                                    'top_k': -1,
[36m(TaskRunner pid=2581925)[0m                                    'top_p': 1,
[36m(TaskRunner pid=2581925)[0m                                    'use_rollout_log_probs_as_old': True,
[36m(TaskRunner pid=2581925)[0m                                    'val_kwargs': {'do_sample': True,
[36m(TaskRunner pid=2581925)[0m                                                   'n': 1,
[36m(TaskRunner pid=2581925)[0m                                                   'temperature': 0.6,
[36m(TaskRunner pid=2581925)[0m                                                   'top_k': -1,
[36m(TaskRunner pid=2581925)[0m                                                   'top_p': 0.95}}},
[36m(TaskRunner pid=2581925)[0m  'algorithm': {'adv_estimator': 'grpo',
[36m(TaskRunner pid=2581925)[0m                'gamma': 1.0,
[36m(TaskRunner pid=2581925)[0m                'kl_ctrl': {'horizon': 10000,
[36m(TaskRunner pid=2581925)[0m                            'kl_coef': 0.0,
[36m(TaskRunner pid=2581925)[0m                            'target_kl': 0.1,
[36m(TaskRunner pid=2581925)[0m                            'type': 'fixed'},
[36m(TaskRunner pid=2581925)[0m                'kl_penalty': 'kl',
[36m(TaskRunner pid=2581925)[0m                'lam': 1.0,
[36m(TaskRunner pid=2581925)[0m                'norm_adv_by_std_in_grpo': True,
[36m(TaskRunner pid=2581925)[0m                'pf_ppo': {'reweight_method': 'pow', 'weight_pow': 2.0},
[36m(TaskRunner pid=2581925)[0m                'use_kl_in_reward': False,
[36m(TaskRunner pid=2581925)[0m                'use_pf_ppo': False},
[36m(TaskRunner pid=2581925)[0m  'critic': {'checkpoint': {'load_contents': ['model', 'optimizer', 'extra'],
[36m(TaskRunner pid=2581925)[0m                            'save_contents': ['model', 'optimizer', 'extra']},
[36m(TaskRunner pid=2581925)[0m             'cliprange_value': 0.5,
[36m(TaskRunner pid=2581925)[0m             'forward_max_token_len_per_gpu': 32768,
[36m(TaskRunner pid=2581925)[0m             'forward_micro_batch_size': None,
[36m(TaskRunner pid=2581925)[0m             'forward_micro_batch_size_per_gpu': 1,
[36m(TaskRunner pid=2581925)[0m             'grad_clip': 1.0,
[36m(TaskRunner pid=2581925)[0m             'loss_agg_mode': 'token-mean',
[36m(TaskRunner pid=2581925)[0m             'model': {'attn_implementation': 'sdpa',
[36m(TaskRunner pid=2581925)[0m                       'enable_activation_offload': False,
[36m(TaskRunner pid=2581925)[0m                       'enable_gradient_checkpointing': True,
[36m(TaskRunner pid=2581925)[0m                       'external_lib': None,
[36m(TaskRunner pid=2581925)[0m                       'fsdp_config': {'forward_prefetch': False,
[36m(TaskRunner pid=2581925)[0m                                       'fsdp_size': -1,
[36m(TaskRunner pid=2581925)[0m                                       'offload_policy': False,
[36m(TaskRunner pid=2581925)[0m                                       'optimizer_offload': False,
[36m(TaskRunner pid=2581925)[0m                                       'param_offload': False,
[36m(TaskRunner pid=2581925)[0m                                       'reshard_after_forward': True,
[36m(TaskRunner pid=2581925)[0m                                       'wrap_policy': {'min_num_params': 0}},
[36m(TaskRunner pid=2581925)[0m                       'lora_alpha': 16,
[36m(TaskRunner pid=2581925)[0m                       'lora_rank': 0,
[36m(TaskRunner pid=2581925)[0m                       'override_config': {},
[36m(TaskRunner pid=2581925)[0m                       'path': '/models/Qwen2.5-Math-7B',
[36m(TaskRunner pid=2581925)[0m                       'target_modules': 'all-linear',
[36m(TaskRunner pid=2581925)[0m                       'tokenizer_path': '/models/Qwen2.5-Math-7B',
[36m(TaskRunner pid=2581925)[0m                       'trust_remote_code': False,
[36m(TaskRunner pid=2581925)[0m                       'use_remove_padding': True,
[36m(TaskRunner pid=2581925)[0m                       'use_shm': False},
[36m(TaskRunner pid=2581925)[0m             'optim': {'lr': 9e-06,
[36m(TaskRunner pid=2581925)[0m                       'lr_warmup_steps_ratio': 0.0,
[36m(TaskRunner pid=2581925)[0m                       'min_lr_ratio': None,
[36m(TaskRunner pid=2581925)[0m                       'total_training_steps': -1,
[36m(TaskRunner pid=2581925)[0m                       'warmup_style': 'constant',
[36m(TaskRunner pid=2581925)[0m                       'weight_decay': 0.01},
[36m(TaskRunner pid=2581925)[0m             'ppo_epochs': 1,
[36m(TaskRunner pid=2581925)[0m             'ppo_max_token_len_per_gpu': 32768,
[36m(TaskRunner pid=2581925)[0m             'ppo_micro_batch_size': None,
[36m(TaskRunner pid=2581925)[0m             'ppo_micro_batch_size_per_gpu': 1,
[36m(TaskRunner pid=2581925)[0m             'ppo_mini_batch_size': 8,
[36m(TaskRunner pid=2581925)[0m             'profiler': {'all_ranks': False, 'discrete': False, 'ranks': None},
[36m(TaskRunner pid=2581925)[0m             'rollout_n': 32,
[36m(TaskRunner pid=2581925)[0m             'shuffle': False,
[36m(TaskRunner pid=2581925)[0m             'strategy': 'fsdp',
[36m(TaskRunner pid=2581925)[0m             'ulysses_sequence_parallel_size': 1,
[36m(TaskRunner pid=2581925)[0m             'use_dynamic_bsz': False},
[36m(TaskRunner pid=2581925)[0m  'custom_reward_function': {'name': 'reward_func',
[36m(TaskRunner pid=2581925)[0m                             'path': './verl/utils/reward_score/ttrl_math/__init__.py'},
[36m(TaskRunner pid=2581925)[0m  'data': {'custom_cls': {'name': None, 'path': None},
[36m(TaskRunner pid=2581925)[0m           'filter_overlong_prompts': True,
[36m(TaskRunner pid=2581925)[0m           'filter_overlong_prompts_workers': 1,
[36m(TaskRunner pid=2581925)[0m           'image_key': 'images',
[36m(TaskRunner pid=2581925)[0m           'max_prompt_length': 1024,
[36m(TaskRunner pid=2581925)[0m           'max_response_length': 1024,
[36m(TaskRunner pid=2581925)[0m           'prompt_key': 'prompt',
[36m(TaskRunner pid=2581925)[0m           'return_full_prompt': False,
[36m(TaskRunner pid=2581925)[0m           'return_raw_chat': False,
[36m(TaskRunner pid=2581925)[0m           'return_raw_input_ids': False,
[36m(TaskRunner pid=2581925)[0m           'reward_fn_key': 'data_source',
[36m(TaskRunner pid=2581925)[0m           'shuffle': True,
[36m(TaskRunner pid=2581925)[0m           'tokenizer': None,
[36m(TaskRunner pid=2581925)[0m           'train_batch_size': 32,
[36m(TaskRunner pid=2581925)[0m           'train_files': ['/mlx_devbox/users/quyanyi/playground/TTRL/verl/data/MATH-TTT/train.parquet'],
[36m(TaskRunner pid=2581925)[0m           'truncation': 'error',
[36m(TaskRunner pid=2581925)[0m           'trust_remote_code': False,
[36m(TaskRunner pid=2581925)[0m           'use_shm': False,
[36m(TaskRunner pid=2581925)[0m           'val_batch_size': None,
[36m(TaskRunner pid=2581925)[0m           'val_files': ['/mlx_devbox/users/quyanyi/playground/TTRL/verl/data/MATH-TTT/test.parquet'],
[36m(TaskRunner pid=2581925)[0m           'validation_shuffle': False,
[36m(TaskRunner pid=2581925)[0m           'video_key': 'videos'},
[36m(TaskRunner pid=2581925)[0m  'ray_init': {'num_cpus': None, 'timeline_json_file': None},
[36m(TaskRunner pid=2581925)[0m  'reward_model': {'enable': False,
[36m(TaskRunner pid=2581925)[0m                   'forward_max_token_len_per_gpu': 32768,
[36m(TaskRunner pid=2581925)[0m                   'launch_reward_fn_async': False,
[36m(TaskRunner pid=2581925)[0m                   'max_length': None,
[36m(TaskRunner pid=2581925)[0m                   'micro_batch_size': None,
[36m(TaskRunner pid=2581925)[0m                   'micro_batch_size_per_gpu': None,
[36m(TaskRunner pid=2581925)[0m                   'model': {'attn_implementation': 'sdpa',
[36m(TaskRunner pid=2581925)[0m                             'external_lib': None,
[36m(TaskRunner pid=2581925)[0m                             'fsdp_config': {'forward_prefetch': False,
[36m(TaskRunner pid=2581925)[0m                                             'fsdp_size': -1,
[36m(TaskRunner pid=2581925)[0m                                             'param_offload': False,
[36m(TaskRunner pid=2581925)[0m                                             'reshard_after_forward': True,
[36m(TaskRunner pid=2581925)[0m                                             'wrap_policy': {'min_num_params': 0}},
[36m(TaskRunner pid=2581925)[0m                             'input_tokenizer': '/models/Qwen2.5-Math-7B',
[36m(TaskRunner pid=2581925)[0m                             'path': '~/models/FsfairX-LLaMA3-RM-v0.1',
[36m(TaskRunner pid=2581925)[0m                             'trust_remote_code': False,
[36m(TaskRunner pid=2581925)[0m                             'use_fused_kernels': True,
[36m(TaskRunner pid=2581925)[0m                             'use_remove_padding': False,
[36m(TaskRunner pid=2581925)[0m                             'use_shm': False},
[36m(TaskRunner pid=2581925)[0m                   'num_processes': 128,
[36m(TaskRunner pid=2581925)[0m                   'profiler': {'all_ranks': False,
[36m(TaskRunner pid=2581925)[0m                                'discrete': False,
[36m(TaskRunner pid=2581925)[0m                                'ranks': None},
[36m(TaskRunner pid=2581925)[0m                   'reward_manager': 'prime',
[36m(TaskRunner pid=2581925)[0m                   'sandbox_fusion': {'max_concurrent': 64,
[36m(TaskRunner pid=2581925)[0m                                      'memory_limit_mb': 1024,
[36m(TaskRunner pid=2581925)[0m                                      'url': None},
[36m(TaskRunner pid=2581925)[0m                   'strategy': 'fsdp',
[36m(TaskRunner pid=2581925)[0m                   'ulysses_sequence_parallel_size': 1,
[36m(TaskRunner pid=2581925)[0m                   'use_dynamic_bsz': False},
[36m(TaskRunner pid=2581925)[0m  'trainer': {'balance_batch': True,
[36m(TaskRunner pid=2581925)[0m              'controller_nsight_options': {'cuda-graph-trace': 'graph',
[36m(TaskRunner pid=2581925)[0m                                            'cuda-memory-usage': 'true',
[36m(TaskRunner pid=2581925)[0m                                            'trace': 'cuda,nvtx,cublas,ucx'},
[36m(TaskRunner pid=2581925)[0m              'critic_warmup': 0,
[36m(TaskRunner pid=2581925)[0m              'default_hdfs_dir': None,
[36m(TaskRunner pid=2581925)[0m              'default_local_dir': '/tmp/ttrl_b200/checkpoints/ttrl_chunk_state_powerflow_support_flow_gain_mid_c128_b32_r32_v64_2step_20260801',
[36m(TaskRunner pid=2581925)[0m              'del_local_ckpt_after_load': False,
[36m(TaskRunner pid=2581925)[0m              'device': 'cuda',
[36m(TaskRunner pid=2581925)[0m              'esi_redundant_time': 0,
[36m(TaskRunner pid=2581925)[0m              'experiment_name': '0801-ttrl_chunk_state_powerflow_support_flow_gain_mid_c128_b32_r32_v64_2step_20260801-MATH-TTT-Qwen2.5-Math-7B-support-flow-gain-smoke',
[36m(TaskRunner pid=2581925)[0m              'final_val_enable': False,
[36m(TaskRunner pid=2581925)[0m              'log_val_generations': 0,
[36m(TaskRunner pid=2581925)[0m              'logger': ['console'],
[36m(TaskRunner pid=2581925)[0m              'max_actor_ckpt_to_keep': 0,
[36m(TaskRunner pid=2581925)[0m              'max_critic_ckpt_to_keep': 0,
[36m(TaskRunner pid=2581925)[0m              'n_gpus_per_node': 8,
[36m(TaskRunner pid=2581925)[0m              'nnodes': 1,
[36m(TaskRunner pid=2581925)[0m              'profile_steps': None,
[36m(TaskRunner pid=2581925)[0m              'project_name': 'TTRL-verl-local',
[36m(TaskRunner pid=2581925)[0m              'ray_wait_register_center_timeout': 300,
[36m(TaskRunner pid=2581925)[0m              'resume_from_path': None,
[36m(TaskRunner pid=2581925)[0m              'resume_mode': 'auto',
[36m(TaskRunner pid=2581925)[0m              'rollout_data_dir': None,
[36m(TaskRunner pid=2581925)[0m              'save_freq': -1,
[36m(TaskRunner pid=2581925)[0m              'test_freq': 2000000,
[36m(TaskRunner pid=2581925)[0m              'total_epochs': 1,
[36m(TaskRunner pid=2581925)[0m              'total_training_steps': 2,
[36m(TaskRunner pid=2581925)[0m              'val_before_train': False,
[36m(TaskRunner pid=2581925)[0m              'val_only': False,
[36m(TaskRunner pid=2581925)[0m              'validation_data_dir': None,
[36m(TaskRunner pid=2581925)[0m              'worker_nsight_options': {'capture-range': 'cudaProfilerApi',
[36m(TaskRunner pid=2581925)[0m                                        'capture-range-end': None,
[36m(TaskRunner pid=2581925)[0m                                        'cuda-graph-trace': 'graph',
[36m(TaskRunner pid=2581925)[0m                                        'cuda-memory-usage': 'true',
[36m(TaskRunner pid=2581925)[0m                                        'kill': 'none',
[36m(TaskRunner pid=2581925)[0m                                        'trace': 'cuda,nvtx,cublas,ucx'}},
[36m(TaskRunner pid=2581925)[0m  'ttrl': {'chunk_state_actor_span': 'chunk',
[36m(TaskRunner pid=2581925)[0m           'chunk_state_alpha': 2.0,
[36m(TaskRunner pid=2581925)[0m           'chunk_state_answer_source_consistency_enable': False,
[36m(TaskRunner pid=2581925)[0m           'chunk_state_answer_support_min_mass': 0.0,
[36m(TaskRunner pid=2581925)[0m           'chunk_state_answer_support_score': 'mass',
[36m(TaskRunner pid=2581925)[0m           'chunk_state_boundaries': [0, 256, 512, 768, 1024],
[36m(TaskRunner pid=2581925)[0m           'chunk_state_boundary_mode': 'mid',
[36m(TaskRunner pid=2581925)[0m           'chunk_state_candidates': 8,
[36m(TaskRunner pid=2581925)[0m           'chunk_state_chunk_size': 128,
[36m(TaskRunner pid=2581925)[0m           'chunk_state_confidence_power': 0.0,
[36m(TaskRunner pid=2581925)[0m           'chunk_state_diag_enable': True,
[36m(TaskRunner pid=2581925)[0m           'chunk_state_diag_jsonl': '/mlx_devbox/users/quyanyi/playground/TTRL/important_experiment_logs/chunk_state_diag/ttrl_chunk_state_powerflow_support_flow_gain_mid_c128_b32_r32_v64_2step_20260801.jsonl',
[36m(TaskRunner pid=2581925)[0m           'chunk_state_enable': True,
[36m(TaskRunner pid=2581925)[0m           'chunk_state_eps': 0.05,
[36m(TaskRunner pid=2581925)[0m           'chunk_state_future_support_baseline_scale': 1.0,
[36m(TaskRunner pid=2581925)[0m           'chunk_state_future_support_gain_slack': 0.125,
[36m(TaskRunner pid=2581925)[0m           'chunk_state_future_support_max_mass_coef': 0.25,
[36m(TaskRunner pid=2581925)[0m           'chunk_state_future_support_max_state_oov': 1.0,
[36m(TaskRunner pid=2581925)[0m           'chunk_state_future_support_min_candidate_coverage': 0.0,
[36m(TaskRunner pid=2581925)[0m           'chunk_state_future_support_min_candidate_mean_mass': 0.0,
[36m(TaskRunner pid=2581925)[0m           'chunk_state_future_support_min_mass': 0.03125,
[36m(TaskRunner pid=2581925)[0m           'chunk_state_future_support_min_positive_margin': 0.0,
[36m(TaskRunner pid=2581925)[0m           'chunk_state_future_support_min_state_coverage': 0.0,
[36m(TaskRunner pid=2581925)[0m           'chunk_state_future_support_min_state_max_mass': 0.0,
[36m(TaskRunner pid=2581925)[0m           'chunk_state_future_support_min_state_mean_mass': 0.0,
[36m(TaskRunner pid=2581925)[0m           'chunk_state_future_support_min_state_top_margin': 0.0,
[36m(TaskRunner pid=2581925)[0m           'chunk_state_future_support_score_type': 'slack_gain',
[36m(TaskRunner pid=2581925)[0m           'chunk_state_future_support_source_prior_weight': 2.0,
[36m(TaskRunner pid=2581925)[0m           'chunk_state_label_consistent_only': True,
[36m(TaskRunner pid=2581925)[0m           'chunk_state_max_prefix_tokens': 1024,
[36m(TaskRunner pid=2581925)[0m           'chunk_state_mid_boundary_max_ratio': 0.8,
[36m(TaskRunner pid=2581925)[0m           'chunk_state_mid_boundary_min_ratio': 0.25,
[36m(TaskRunner pid=2581925)[0m           'chunk_state_min_answer_coverage': 0.0,
[36m(TaskRunner pid=2581925)[0m           'chunk_state_min_boundary': 0,
[36m(TaskRunner pid=2581925)[0m           'chunk_state_min_informative_gap': 0.0,
[36m(TaskRunner pid=2581925)[0m           'chunk_state_min_majority_ratio': 0.0,
[36m(TaskRunner pid=2581925)[0m           'chunk_state_min_prompt_top_mass': 0.0,
[36m(TaskRunner pid=2581925)[0m           'chunk_state_min_source_answer_mass': 0.0,
[36m(TaskRunner pid=2581925)[0m           'chunk_state_powerflow_weight_clip': 4.0,
[36m(TaskRunner pid=2581925)[0m           'chunk_state_powerflow_weight_clip_renorm': True,
[36m(TaskRunner pid=2581925)[0m           'chunk_state_probe_max_tokens': 3072,
[36m(TaskRunner pid=2581925)[0m           'chunk_state_probe_samples': 1,
[36m(TaskRunner pid=2581925)[0m           'chunk_state_prune_zero_weight_samples': True,
[36m(TaskRunner pid=2581925)[0m           'chunk_state_score_mode': 'support_flow',
[36m(TaskRunner pid=2581925)[0m           'chunk_state_skip_all_negative': True,
[36m(TaskRunner pid=2581925)[0m           'chunk_state_skip_uniform': False,
[36m(TaskRunner pid=2581925)[0m           'chunk_state_source_chunk_candidate_index': 0,
[36m(TaskRunner pid=2581925)[0m           'chunk_state_source_chunk_enable': False,
[36m(TaskRunner pid=2581925)[0m           'chunk_state_source_mode': 'majority_consistent',
[36m(TaskRunner pid=2581925)[0m           'chunk_state_states_per_prompt': 1,
[36m(TaskRunner pid=2581925)[0m           'chunk_state_support_anchor_candidate_start': 0,
[36m(TaskRunner pid=2581925)[0m           'chunk_state_support_anchor_count': 4,
[36m(TaskRunner pid=2581925)[0m           'chunk_state_support_anchor_min_mass': 0.03125,
[36m(TaskRunner pid=2581925)[0m           'chunk_state_support_flow_baseline_scale': 1.0,
[36m(TaskRunner pid=2581925)[0m Generating train split: 0 examples [00:00, ? examples/s]Generating train split: 500 examples [00:00, 142692.52 examples/s]
[36m(TaskRunner pid=2581925)[0m Setting TOKENIZERS_PARALLELISM=false for forked processes.
[36m(TaskRunner pid=2581925)[0m WARNING:2026-08-01 17:42:20,630:Setting TOKENIZERS_PARALLELISM=false for forked processes.
[36m(TaskRunner pid=2581925)[0m Filtering prompts longer than 1024 tokens (num_proc=1):   0%|          | 0/500 [00:00<?, ? examples/s]
[36m(TaskRunner pid=2581925)[0m Filtering prompts longer than 1024 tokens (num_proc=1): 100%|██████████| 500/500 [00:01<00:00, 292.74 examples/s]
[36m(TaskRunner pid=2581925)[0m Filtering prompts longer than 1024 tokens (num_proc=1): 100%|██████████| 500/500 [00:01<00:00, 271.70 examples/s]
[36m(TaskRunner pid=2581925)[0m Generating train split: 0 examples [00:00, ? examples/s]Generating train split: 500 examples [00:00, 149914.36 examples/s]
[36m(TaskRunner pid=2581925)[0m Setting TOKENIZERS_PARALLELISM=false for forked processes.
[36m(TaskRunner pid=2581925)[0m WARNING:2026-08-01 17:42:23,598:Setting TOKENIZERS_PARALLELISM=false for forked processes.
[36m(TaskRunner pid=2581925)[0m Filtering prompts longer than 1024 tokens (num_proc=1):   0%|          | 0/500 [00:00<?, ? examples/s]
[36m(TaskRunner pid=2581925)[0m Filtering prompts longer than 1024 tokens (num_proc=1): 100%|██████████| 500/500 [00:01<00:00, 293.40 examples/s]
[36m(TaskRunner pid=2581925)[0m Filtering prompts longer than 1024 tokens (num_proc=1): 100%|██████████| 500/500 [00:01<00:00, 272.50 examples/s]
[36m(TaskRunner pid=2581925)[0m DeprecationWarning: `ray.state.available_resources_per_node` is a private attribute and access will be removed in a future Ray version.
[36m(pid=2581924)[0m /mlx_devbox/users/quyanyi/playground/TTRL/verl/verl/__init__.py:18: UserWarning: pkg_resources is deprecated as an API. See https://setuptools.pypa.io/en/latest/pkg_resources.html. The pkg_resources package is slated for removal as early as 2025-11-30. Refrain from using this package or pin to Setuptools<81.
[36m(pid=2581924)[0m   import pkg_resources
[36m(pid=2581936)[0m /mlx_devbox/users/quyanyi/playground/.venvs/ttrl_b200/lib/python3.11/site-packages/huggingface_hub/constants.py:298: FutureWarning: The `HF_HUB_ENABLE_HF_TRANSFER` environment variable is deprecated as 'hf_transfer' is not used anymore. Please use `HF_XET_HIGH_PERFORMANCE` instead to enable high performance transfer with Xet. Visit https://huggingface.co/docs/huggingface_hub/package_reference/environment_variables#hfxethighperformance for more details.
[36m(pid=2581936)[0m   warnings.warn(
[36m(pid=2581932)[0m /mlx_devbox/users/quyanyi/playground/TTRL/verl/verl/__init__.py:18: UserWarning: pkg_resources is deprecated as an API. See https://setuptools.pypa.io/en/latest/pkg_resources.html. The pkg_resources package is slated for removal as early as 2025-11-30. Refrain from using this package or pin to Setuptools<81.[32m [repeated 7x across cluster] (Ray deduplicates logs by default. Set RAY_DEDUP_LOGS=0 to disable log deduplication, or see https://docs.ray.io/en/master/ray-observability/user-guides/configure-logging.html#log-deduplication for more options.)[0m
[36m(pid=2581932)[0m   import pkg_resources[32m [repeated 7x across cluster][0m
[36m(WorkerDict pid=2581924)[0m WARNING:2026-08-01 17:42:44,718:Initializing torch.distributed: rank=0 world_size=8 init_method=tcp://[fdbd:dc61:ff:f000:ffff:ffff:0:16]:43115 master=fdbd:dc61:ff:f000:ffff:ffff:0:16:43115
[36m(pid=2581932)[0m /mlx_devbox/users/quyanyi/playground/.venvs/ttrl_b200/lib/python3.11/site-packages/huggingface_hub/constants.py:298: FutureWarning: The `HF_HUB_ENABLE_HF_TRANSFER` environment variable is deprecated as 'hf_transfer' is not used anymore. Please use `HF_XET_HIGH_PERFORMANCE` instead to enable high performance transfer with Xet. Visit https://huggingface.co/docs/huggingface_hub/package_reference/environment_variables#hfxethighperformance for more details.[32m [repeated 7x across cluster][0m
[36m(pid=2581932)[0m   warnings.warn([32m [repeated 7x across cluster][0m
[36m(WorkerDict pid=2581928)[0m [W801 17:42:47.080070730 ProcessGroupNCCL.cpp:932] Warning: TORCH_NCCL_AVOID_RECORD_STREAMS is the default now, this environment variable is thus deprecated. (function operator())
[36m(WorkerDict pid=2581924)[0m Loading weights:   0%|          | 0/339 [00:00<?, ?it/s]Loading weights: 100%|██████████| 339/339 [00:00<00:00, 11339.03it/s]
[36m(WorkerDict pid=2581935)[0m Loading weights:   0%|          | 0/339 [00:00<?, ?it/s]
[36m(WorkerDict pid=2581935)[0m Loading weights: 100%|██████████| 339/339 [00:00<00:00, 12233.55it/s]
[36m(TaskRunner pid=2581925)[0m           'chunk_state_support_flow_gain_slack': 0.03125,
[36m(TaskRunner pid=2581925)[0m           'chunk_state_support_flow_min_positive_margin': -1.0,
[36m(TaskRunner pid=2581925)[0m           'chunk_state_support_flow_score_type': 'gain',
[36m(TaskRunner pid=2581925)[0m           'chunk_state_support_flow_source_prior_weight': 1.0,
[36m(TaskRunner pid=2581925)[0m           'chunk_state_target_guard_anchor': True,
[36m(TaskRunner pid=2581925)[0m           'chunk_state_target_guard_bad_probe_ratio': 0.5,
[36m(TaskRunner pid=2581925)[0m           'chunk_state_target_guard_candidate_assistant_marker': True,
[36m(TaskRunner pid=2581925)[0m           'chunk_state_target_guard_candidate_enable': False,
[36m(TaskRunner pid=2581925)[0m           'chunk_state_target_guard_candidate_max_boxed_count': 1,
[36m(TaskRunner pid=2581925)[0m           'chunk_state_target_guard_enable': False,
[36m(TaskRunner pid=2581925)[0m           'chunk_state_target_guard_max_boxed_count': 2,
[36m(TaskRunner pid=2581925)[0m           'chunk_state_target_guard_min_answer_mass': 0.0,
[36m(TaskRunner pid=2581925)[0m           'chunk_state_target_guard_use_distribution_score': False,
[36m(TaskRunner pid=2581925)[0m           'chunk_state_target_guard_use_mass_gain': False,
[36m(TaskRunner pid=2581925)[0m           'chunk_state_teacher_anchor_candidate_index': 0,
[36m(TaskRunner pid=2581925)[0m           'chunk_state_teacher_anchor_enable': False,
[36m(TaskRunner pid=2581925)[0m           'chunk_state_teacher_anchor_score': 1.0,
[36m(TaskRunner pid=2581925)[0m           'chunk_state_zero_inconsistent_candidates': True,
[36m(TaskRunner pid=2581925)[0m           'enable': True,
[36m(TaskRunner pid=2581925)[0m           'majority_vote_num_processes': 64,
[36m(TaskRunner pid=2581925)[0m           'n_samples_per_prompt': 32,
[36m(TaskRunner pid=2581925)[0m           'n_votes_per_prompt': 64,
[36m(TaskRunner pid=2581925)[0m           'powerflow_no_majority': False,
[36m(TaskRunner pid=2581925)[0m           'sharpened_alpha': 2.0,
[36m(TaskRunner pid=2581925)[0m           'sharpened_conf_temperature': 1.0,
[36m(TaskRunner pid=2581925)[0m           'sharpened_enable': False,
[36m(TaskRunner pid=2581925)[0m           'sharpened_negative_enable': True,
[36m(TaskRunner pid=2581925)[0m           'sharpened_negative_reward': -0.25,
[36m(TaskRunner pid=2581925)[0m           'sharpened_reward_mode': 'prob',
[36m(TaskRunner pid=2581925)[0m           'sharpened_soft_coef': 0.25,
[36m(TaskRunner pid=2581925)[0m           'sharpened_tau_low': 0.125,
[36m(TaskRunner pid=2581925)[0m           'sharpened_tau_marg': 0.125,
[36m(TaskRunner pid=2581925)[0m           'sharpened_tau_pos': 0.375,
[36m(TaskRunner pid=2581925)[0m           'sharpened_use_confidence': True}}
[36m(TaskRunner pid=2581925)[0m using customized reward function 'reward_func' from './verl/utils/reward_score/ttrl_math/__init__.py'
[36m(TaskRunner pid=2581925)[0m using customized reward function 'reward_func' from './verl/utils/reward_score/ttrl_math/__init__.py'
[36m(TaskRunner pid=2581925)[0m Using dataset class: RLHFDataset
[36m(TaskRunner pid=2581925)[0m dataset len: 500
[36m(TaskRunner pid=2581925)[0m filter dataset len: 500
[36m(TaskRunner pid=2581925)[0m Using dataset class: RLHFDataset
[36m(TaskRunner pid=2581925)[0m dataset len: 500
[36m(TaskRunner pid=2581925)[0m filter dataset len: 500
[36m(TaskRunner pid=2581925)[0m [validate_config] All configuration checks passed successfully!
[36m(TaskRunner pid=2581925)[0m Size of train dataloader: 15, Size of val dataloader: 1
[36m(TaskRunner pid=2581925)[0m Total training steps: 2
[36m(TaskRunner pid=2581925)[0m colocated worker base class <class 'verl.single_controller.base.worker.Worker'>
[36m(WorkerDict pid=2581924)[0m Model config after override: Qwen2Config {
[36m(WorkerDict pid=2581924)[0m   "architectures": [
[36m(WorkerDict pid=2581924)[0m     "Qwen2ForCausalLM"
[36m(WorkerDict pid=2581924)[0m   ],
[36m(WorkerDict pid=2581924)[0m   "attention_dropout": 0.0,
[36m(WorkerDict pid=2581924)[0m   "bos_token_id": null,
[36m(WorkerDict pid=2581924)[0m   "dtype": "bfloat16",
[36m(WorkerDict pid=2581924)[0m   "eos_token_id": 151643,
[36m(WorkerDict pid=2581924)[0m   "hidden_act": "silu",
[36m(WorkerDict pid=2581924)[0m   "hidden_size": 3584,
[36m(WorkerDict pid=2581924)[0m   "initializer_range": 0.02,
[36m(WorkerDict pid=2581924)[0m   "intermediate_size": 18944,
[36m(WorkerDict pid=2581924)[0m   "layer_types": [
[36m(WorkerDict pid=2581924)[0m     "full_attention",
[36m(WorkerDict pid=2581924)[0m     "full_attention",
[36m(WorkerDict pid=2581924)[0m     "full_attention",
[36m(WorkerDict pid=2581924)[0m     "full_attention",
[36m(WorkerDict pid=2581924)[0m     "full_attention",
[36m(WorkerDict pid=2581924)[0m     "full_attention",
[36m(WorkerDict pid=2581924)[0m     "full_attention",
[36m(WorkerDict pid=2581924)[0m     "full_attention",
[36m(WorkerDict pid=2581924)[0m     "full_attention",
[36m(WorkerDict pid=2581924)[0m     "full_attention",
[36m(WorkerDict pid=2581924)[0m     "full_attention",
[36m(WorkerDict pid=2581924)[0m     "full_attention",
[36m(WorkerDict pid=2581924)[0m     "full_attention",
[36m(WorkerDict pid=2581924)[0m     "full_attention",
[36m(WorkerDict pid=2581924)[0m     "full_attention",
[36m(WorkerDict pid=2581924)[0m     "full_attention",
[36m(WorkerDict pid=2581924)[0m     "full_attention",
[36m(WorkerDict pid=2581924)[0m     "full_attention",
[36m(WorkerDict pid=2581924)[0m     "full_attention",
[36m(WorkerDict pid=2581924)[0m     "full_attention",
[36m(WorkerDict pid=2581924)[0m     "full_attention",
[36m(WorkerDict pid=2581924)[0m     "full_attention",
[36m(WorkerDict pid=2581924)[0m     "full_attention",
[36m(WorkerDict pid=2581924)[0m     "full_attention",
[36m(WorkerDict pid=2581924)[0m     "full_attention",
[36m(WorkerDict pid=2581924)[0m     "full_attention",
[36m(WorkerDict pid=2581924)[0m     "full_attention",
[36m(WorkerDict pid=2581924)[0m     "full_attention"
[36m(WorkerDict pid=2581924)[0m   ],
[36m(WorkerDict pid=2581924)[0m   "max_position_embeddings": 4096,
[36m(WorkerDict pid=2581924)[0m   "max_window_layers": 28,
[36m(WorkerDict pid=2581924)[0m   "model_type": "qwen2",
[36m(WorkerDict pid=2581924)[0m   "num_attention_heads": 28,
[36m(WorkerDict pid=2581924)[0m   "num_hidden_layers": 28,
[36m(WorkerDict pid=2581924)[0m   "num_key_value_heads": 4,
[36m(WorkerDict pid=2581924)[0m   "pad_token_id": 151643,
[36m(WorkerDict pid=2581924)[0m   "rms_norm_eps": 1e-06,
[36m(WorkerDict pid=2581924)[0m   "rope_parameters": {
[36m(WorkerDict pid=2581924)[0m     "rope_theta": 10000,
[36m(WorkerDict pid=2581924)[0m     "rope_type": "default"
[36m(WorkerDict pid=2581924)[0m   },
[36m(WorkerDict pid=2581924)[0m   "sliding_window": null,
[36m(WorkerDict pid=2581924)[0m   "tie_word_embeddings": false,
[36m(WorkerDict pid=2581924)[0m   "transformers_version": "5.12.1",
[36m(WorkerDict pid=2581924)[0m   "use_cache": true,
[36m(WorkerDict pid=2581924)[0m   "use_mrope": false,
[36m(WorkerDict pid=2581924)[0m   "use_sliding_window": false,
[36m(WorkerDict pid=2581924)[0m   "vocab_size": 152064
[36m(WorkerDict pid=2581924)[0m }
[36m(WorkerDict pid=2581924)[0m 
[36m(WorkerDict pid=2581924)[0m ref attention implementation verified: sdpa
[36m(WorkerDict pid=2581924)[0m Monkey patch _flash_attention_forward in transformers.integrations.flash_attention
[36m(WorkerDict pid=2581924)[0m Using Triton backend for fused kernels in Qwen2ForCausalLM
[36m(WorkerDict pid=2581924)[0m Qwen2ForCausalLM contains 7.62B parameters
[36m(WorkerDict pid=2581924)[0m wrap_policy: functools.partial(<function _or_policy at 0x7f6ee71bb560>, policies=[functools.partial(<function transformer_auto_wrap_policy at 0x7f6ee71bb420>, transformer_layer_cls={<class 'transformers.models.qwen2.modeling_qwen2.Qwen2DecoderLayer'>})])
[36m(WorkerDict pid=2581924)[0m trial-302172199-trialrun-302172199-worker-0:2581924:2581924 [0] NCCL INFO ENV/Plugin: Could not find: libnccl-env.so
[36m(WorkerDict pid=2581924)[0m trial-302172199-trialrun-302172199-worker-0:2581924:2581924 [0] NCCL INFO NCCL_SOCKET_FAMILY set by environment to AF_INET6
[36m(WorkerDict pid=2581924)[0m trial-302172199-trialrun-302172199-worker-0:2581924:2581924 [0] NCCL INFO NCCL_SOCKET_IFNAME set by environment to =eth0
[36m(WorkerDict pid=2581924)[0m trial-302172199-trialrun-302172199-worker-0:2581924:2581924 [0] NCCL INFO cudaDriverVersion 13000
[36m(WorkerDict pid=2581924)[0m trial-302172199-trialrun-302172199-worker-0:2581924:2581924 [0] NCCL INFO NCCL version 2.28.9+cuda13.0
[36m(WorkerDict pid=2581924)[0m trial-302172199-trialrun-302172199-worker-0:2581924:2581924 [0] NCCL INFO Comm config Blocking set to 1
[36m(WorkerDict pid=2581924)[0m trial-302172199-trialrun-302172199-worker-0:2581924:2581924 [0] NCCL INFO NCCL_NET_PLUGIN set by environment to none
[36m(WorkerDict pid=2581924)[0m trial-302172199-trialrun-302172199-worker-0:2581924:2581924 [0] NCCL INFO NCCL_SOCKET_FAMILY set by environment to AF_INET6
[36m(WorkerDict pid=2581924)[0m trial-302172199-trialrun-302172199-worker-0:2581924:2581924 [0] NCCL INFO NCCL_SOCKET_IFNAME set by environment to =eth0
[36m(WorkerDict pid=2581924)[0m trial-302172199-trialrun-302172199-worker-0:2581924:2581924 [0] NCCL INFO NET/Socket : Using [0]eth0:fdbd:dc61:ff:f000:ffff:ffff:0:16<0>
[36m(WorkerDict pid=2581924)[0m trial-302172199-trialrun-302172199-worker-0:2581924:2581924 [0] NCCL INFO Initialized NET plugin Socket
[36m(WorkerDict pid=2581924)[0m trial-302172199-trialrun-302172199-worker-0:2581924:2581924 [0] NCCL INFO Assigned NET plugin Socket to comm
[36m(WorkerDict pid=2581924)[0m trial-302172199-trialrun-302172199-worker-0:2581924:2581924 [0] NCCL INFO Using network Socket
[36m(WorkerDict pid=2581924)[0m trial-302172199-trialrun-302172199-worker-0:2581924:2581924 [0] NCCL INFO ncclCommInitRankConfig comm 0xfab5e00 rank 0 nranks 8 cudaDev 0 nvmlDev 0 busId f000 commId 0xe70b919ba6ecef1f - Init START
[36m(WorkerDict pid=2581924)[0m trial-302172199-trialrun-302172199-worker-0:2581924:2581924 [0] NCCL INFO RAS client listening socket at ::1<28028>
[36m(WorkerDict pid=2581924)[0m trial-302172199-trialrun-302172199-worker-0:2581924:2581924 [0] NCCL INFO MNNVL busId 0xf000 fabric UUID 0.0 cliqueId 0x0 state 3 healthMask 0x80
[36m(WorkerDict pid=2581924)[0m trial-302172199-trialrun-302172199-worker-0:2581924:2581924 [0] NCCL INFO Could not find real path of /sys/class/pci_bus/fffffff/../../fffffff:ff:f
[36m(WorkerDict pid=2581924)[0m trial-302172199-trialrun-302172199-worker-0:2581924:2581924 [0] NCCL INFO TOPO/NET : Importing network plugins to topology
[36m(WorkerDict pid=2581924)[0m trial-302172199-trialrun-302172199-worker-0:2581924:2581924 [0] NCCL INFO ncclTopoPopulateNics : Filled eth0 in topo with pciPath=(null) keep=1 coll=(null)
[36m(WorkerDict pid=2581924)[0m trial-302172199-trialrun-302172199-worker-0:2581924:2581924 [0] NCCL INFO === System : maxBw 721.8 totalBw 721.8 ===
[36m(WorkerDict pid=2581924)[0m trial-302172199-trialrun-302172199-worker-0:2581924:2581924 [0] NCCL INFO CPU/0-0 (1/1/4)
[36m(WorkerDict pid=2581924)[0m trial-302172199-trialrun-302172199-worker-0:2581924:2581924 [0] NCCL INFO + PCI[5000.0] - NIC/0-0
[36m(WorkerDict pid=2581924)[0m trial-302172199-trialrun-302172199-worker-0:2581924:2581924 [0] NCCL INFO                 + NET[1.2] - NET/0-0 (0/0/0/1.250000)
[36m(WorkerDict pid=2581924)[0m trial-302172199-trialrun-302172199-worker-0:2581924:2581924 [0] NCCL INFO                 + NET[1.2] - NET/0-0 (0/0/0/1.250000)
[36m(WorkerDict pid=2581924)[0m trial-302172199-trialrun-302172199-worker-0:2581924:2581924 [0] NCCL INFO + PCI[48.0] - PCI/0-8000 (1000c0301000ffff)
[36m(WorkerDict pid=2581924)[0m trial-302172199-trialrun-302172199-worker-0:2581924:2581924 [0] NCCL INFO               + PCI[48.0] - GPU/0-f000 (0)
[36m(WorkerDict pid=2581924)[0m trial-302172199-trialrun-302172199-worker-0:2581924:2581924 [0] NCCL INFO                             + NVL[721.8] - NVS/0-0
[36m(WorkerDict pid=2581924)[0m trial-302172199-trialrun-302172199-worker-0:2581924:2581924 [0] NCCL INFO + PCI[48.0] - PCI/0-26000 (1000c0301000ffff)
[36m(WorkerDict pid=2581924)[0m trial-302172199-trialrun-302172199-worker-0:2581924:2581924 [0] NCCL INFO               + PCI[48.0] - GPU/0-2d000 (1)
[36m(WorkerDict pid=2581924)[0m trial-302172199-trialrun-302172199-worker-0:2581924:2581924 [0] NCCL INFO                             + NVL[721.8] - NVS/0-0
[36m(WorkerDict pid=2581924)[0m trial-302172199-trialrun-302172199-worker-0:2581924:2581924 [0] NCCL INFO + PCI[48.0] - PCI/0-3d000 (1000c0301000ffff)
[36m(WorkerDict pid=2581924)[0m trial-302172199-trialrun-302172199-worker-0:2581924:2581924 [0] NCCL INFO               + PCI[48.0] - GPU/0-44000 (2)
[36m(WorkerDict pid=2581924)[0m trial-302172199-trialrun-302172199-worker-0:2581924:2581924 [0] NCCL INFO                             + NVL[721.8] - NVS/0-0
[36m(WorkerDict pid=2581924)[0m trial-302172199-trialrun-302172199-worker-0:2581924:2581924 [0] NCCL INFO + PCI[48.0] - PCI/0-54000 (1000c0301000ffff)
[36m(WorkerDict pid=2581924)[0m trial-302172199-trialrun-302172199-worker-0:2581924:2581924 [0] NCCL INFO               + PCI[48.0] - GPU/0-5b000 (3)
[36m(WorkerDict pid=2581924)[0m trial-302172199-trialrun-302172199-worker-0:2581924:2581924 [0] NCCL INFO                             + NVL[721.8] - NVS/0-0
[36m(WorkerDict pid=2581924)[0m trial-302172199-trialrun-302172199-worker-0:2581924:2581924 [0] NCCL INFO + SYS[40.0] - CPU/0-1
[36m(WorkerDict pid=2581924)[0m trial-302172199-trialrun-302172199-worker-0:2581924:2581924 [0] NCCL INFO CPU/0-1 (1/1/4)
[36m(WorkerDict pid=2581924)[0m trial-302172199-trialrun-302172199-worker-0:2581924:2581924 [0] NCCL INFO + PCI[48.0] - PCI/0-82000 (1000c0301000ffff)
[36m(WorkerDict pid=2581924)[0m trial-302172199-trialrun-302172199-worker-0:2581924:2581924 [0] NCCL INFO               + PCI[48.0] - GPU/0-89000 (4)
[36m(WorkerDict pid=2581924)[0m trial-302172199-trialrun-302172199-worker-0:2581924:2581924 [0] NCCL INFO                             + NVL[721.8] - NVS/0-0
[36m(WorkerDict pid=2581924)[0m trial-302172199-trialrun-302172199-worker-0:2581924:2581924 [0] NCCL INFO + PCI[48.0] - PCI/0-a1000 (1000c0301000ffff)
[36m(WorkerDict pid=2581924)[0m trial-302172199-trialrun-302172199-worker-0:2581924:2581924 [0] NCCL INFO               + PCI[48.0] - GPU/0-a8000 (5)
[36m(WorkerDict pid=2581924)[0m trial-302172199-trialrun-302172199-worker-0:2581924:2581924 [0] NCCL INFO                             + NVL[721.8] - NVS/0-0
[36m(WorkerDict pid=2581924)[0m trial-302172199-trialrun-302172199-worker-0:2581924:2581924 [0] NCCL INFO + PCI[48.0] - PCI/0-b9000 (1000c0301000ffff)
[36m(WorkerDict pid=2581924)[0m trial-302172199-trialrun-302172199-worker-0:2581924:2581924 [0] NCCL INFO               + PCI[48.0] - GPU/0-c0000 (6)
[36m(WorkerDict pid=2581924)[0m trial-302172199-trialrun-302172199-worker-0:2581924:2581924 [0] NCCL INFO                             + NVL[721.8] - NVS/0-0
[36m(WorkerDict pid=2581924)[0m trial-302172199-trialrun-302172199-worker-0:2581924:2581924 [0] NCCL INFO + PCI[48.0] - PCI/0-d1000 (1000c0301000ffff)
[36m(WorkerDict pid=2581924)[0m trial-302172199-trialrun-302172199-worker-0:2581924:2581924 [0] NCCL INFO               + PCI[48.0] - GPU/0-d8000 (7)
[36m(WorkerDict pid=2581924)[0m trial-302172199-trialrun-302172199-worker-0:2581924:2581924 [0] NCCL INFO                             + NVL[721.8] - NVS/0-0
[36m(WorkerDict pid=2581924)[0m trial-302172199-trialrun-302172199-worker-0:2581924:2581924 [0] NCCL INFO + SYS[40.0] - CPU/0-0
[36m(WorkerDict pid=2581924)[0m trial-302172199-trialrun-302172199-worker-0:2581924:2581924 [0] NCCL INFO ==========================================
[36m(WorkerDict pid=2581924)[0m trial-302172199-trialrun-302172199-worker-0:2581924:2581924 [0] NCCL INFO GPU/0-f000 :GPU/0-f000 (0/5000.0/LOC) GPU/0-2d000 (2/721.8/NVL) GPU/0-44000 (2/721.8/NVL) GPU/0-5b000 (2/721.8/NVL) GPU/0-89000 (2/721.8/NVL) GPU/0-a8000 (2/721.8/NVL) GPU/0-c0000 (2/721.8/NVL) GPU/0-d8000 (2/721.8/NVL) NVS/0-0 (1/721.8/NVL) CPU/0-0 (2/48.0/PHB) CPU/0-1 (3/40.0/SYS) NET/0-0 (4/1.2/PHB) NET/0-0 (0/0.0/DIS) 
[36m(WorkerDict pid=2581924)[0m trial-302172199-trialrun-302172199-worker-0:2581924:2581924 [0] NCCL INFO GPU/0-2d000 :GPU/0-f000 (2/721.8/NVL) GPU/0-2d000 (0/5000.0/LOC) GPU/0-44000 (2/721.8/NVL) GPU/0-5b000 (2/721.8/NVL) GPU/0-89000 (2/721.8/NVL) GPU/0-a8000 (2/721.8/NVL) GPU/0-c0000 (2/721.8/NVL) GPU/0-d8000 (2/721.8/NVL) NVS/0-0 (1/721.8/NVL) CPU/0-0 (2/48.0/PHB) CPU/0-1 (3/40.0/SYS) NET/0-0 (4/1.2/PHB) NET/0-0 (0/0.0/DIS) 
[36m(WorkerDict pid=2581924)[0m trial-302172199-trialrun-302172199-worker-0:2581924:2581924 [0] NCCL INFO GPU/0-44000 :GPU/0-f000 (2/721.8/NVL) GPU/0-2d000 (2/721.8/NVL) GPU/0-44000 (0/5000.0/LOC) GPU/0-5b000 (2/721.8/NVL) GPU/0-89000 (2/721.8/NVL) GPU/0-a8000 (2/721.8/NVL) GPU/0-c0000 (2/721.8/NVL) GPU/0-d8000 (2/721.8/NVL) NVS/0-0 (1/721.8/NVL) CPU/0-0 (2/48.0/PHB) CPU/0-1 (3/40.0/SYS) NET/0-0 (4/1.2/PHB) NET/0-0 (0/0.0/DIS) 
[36m(WorkerDict pid=2581924)[0m trial-302172199-trialrun-302172199-worker-0:2581924:2581924 [0] NCCL INFO GPU/0-5b000 :GPU/0-f000 (2/721.8/NVL) GPU/0-2d000 (2/721.8/NVL) GPU/0-44000 (2/721.8/NVL) GPU/0-5b000 (0/5000.0/LOC) GPU/0-89000 (2/721.8/NVL) GPU/0-a8000 (2/721.8/NVL) GPU/0-c0000 (2/721.8/NVL) GPU/0-d8000 (2/721.8/NVL) NVS/0-0 (1/721.8/NVL) CPU/0-0 (2/48.0/PHB) CPU/0-1 (3/40.0/SYS) NET/0-0 (4/1.2/PHB) NET/0-0 (0/0.0/DIS) 
[36m(WorkerDict pid=2581924)[0m trial-302172199-trialrun-302172199-worker-0:2581924:2581924 [0] NCCL INFO GPU/0-89000 :GPU/0-f000 (2/721.8/NVL) GPU/0-2d000 (2/721.8/NVL) GPU/0-44000 (2/721.8/NVL) GPU/0-5b000 (2/721.8/NVL) GPU/0-89000 (0/5000.0/LOC) GPU/0-a8000 (2/721.8/NVL) GPU/0-c0000 (2/721.8/NVL) GPU/0-d8000 (2/721.8/NVL) NVS/0-0 (1/721.8/NVL) CPU/0-0 (3/40.0/SYS) CPU/0-1 (2/48.0/PHB) NET/0-0 (5/1.2/SYS) NET/0-0 (0/0.0/DIS) 
[36m(WorkerDict pid=2581924)[0m trial-302172199-trialrun-302172199-worker-0:2581924:2581924 [0] NCCL INFO GPU/0-a8000 :GPU/0-f000 (2/721.8/NVL) GPU/0-2d000 (2/721.8/NVL) GPU/0-44000 (2/721.8/NVL) GPU/0-5b000 (2/721.8/NVL) GPU/0-89000 (2/721.8/NVL) GPU/0-a8000 (0/5000.0/LOC) GPU/0-c0000 (2/721.8/NVL) GPU/0-d8000 (2/721.8/NVL) NVS/0-0 (1/721.8/NVL) CPU/0-0 (3/40.0/SYS) CPU/0-1 (2/48.0/PHB) NET/0-0 (5/1.2/SYS) NET/0-0 (0/0.0/DIS) 
[36m(WorkerDict pid=2581924)[0m trial-302172199-trialrun-302172199-worker-0:2581924:2581924 [0] NCCL INFO GPU/0-c0000 :GPU/0-f000 (2/721.8/NVL) GPU/0-2d000 (2/721.8/NVL) GPU/0-44000 (2/721.8/NVL) GPU/0-5b000 (2/721.8/NVL) GPU/0-89000 (2/721.8/NVL) GPU/0-a8000 (2/721.8/NVL) GPU/0-c0000 (0/5000.0/LOC) GPU/0-d8000 (2/721.8/NVL) NVS/0-0 (1/721.8/NVL) CPU/0-0 (3/40.0/SYS) CPU/0-1 (2/48.0/PHB) NET/0-0 (5/1.2/SYS) NET/0-0 (0/0.0/DIS) 
[36m(WorkerDict pid=2581924)[0m trial-302172199-trialrun-302172199-worker-0:2581924:2581924 [0] NCCL INFO GPU/0-d8000 :GPU/0-f000 (2/721.8/NVL) GPU/0-2d000 (2/721.8/NVL) GPU/0-44000 (2/721.8/NVL) GPU/0-5b000 (2/721.8/NVL) GPU/0-89000 (2/721.8/NVL) GPU/0-a8000 (2/721.8/NVL) GPU/0-c0000 (2/721.8/NVL) GPU/0-d8000 (0/5000.0/LOC) NVS/0-0 (1/721.8/NVL) CPU/0-0 (3/40.0/SYS) CPU/0-1 (2/48.0/PHB) NET/0-0 (5/1.2/SYS) NET/0-0 (0/0.0/DIS) 
[36m(WorkerDict pid=2581924)[0m trial-302172199-trialrun-302172199-worker-0:2581924:2581924 [0] NCCL INFO NET/0-0 :GPU/0-f000 (4/1.2/PHB) GPU/0-2d000 (4/1.2/PHB) GPU/0-44000 (4/1.2/PHB) GPU/0-5b000 (4/1.2/PHB) GPU/0-89000 (5/1.2/SYS) GPU/0-a8000 (5/1.2/SYS) GPU/0-c0000 (5/1.2/SYS) GPU/0-d8000 (5/1.2/SYS) CPU/0-0 (2/1.2/PHB) CPU/0-1 (3/1.2/SYS) NET/0-0 (0/5000.0/LOC) NET/0-0 (0/0.0/DIS) 
[36m(WorkerDict pid=2581924)[0m trial-302172199-trialrun-302172199-worker-0:2581924:2581924 [0] NCCL INFO NET/0-0 :GPU/0-f000 (4/1.2/PHB) GPU/0-2d000 (4/1.2/PHB) GPU/0-44000 (4/1.2/PHB) GPU/0-5b000 (4/1.2/PHB) GPU/0-89000 (5/1.2/SYS) GPU/0-a8000 (5/1.2/SYS) GPU/0-c0000 (5/1.2/SYS) GPU/0-d8000 (5/1.2/SYS) CPU/0-0 (2/1.2/PHB) CPU/0-1 (3/1.2/SYS) NET/0-0 (0/5000.0/LOC) NET/0-0 (0/0.0/DIS) 
[36m(WorkerDict pid=2581924)[0m trial-302172199-trialrun-302172199-worker-0:2581924:2581924 [0] NCCL INFO ncclTopoGetCpuAffinity: Affinity for GPU 0 is 0-62,128-190. (GPU affinity = 0-63,128-191 ; CPU affinity = 0-62,64-126,128-190,192-254).
[36m(WorkerDict pid=2581924)[0m trial-302172199-trialrun-302172199-worker-0:2581924:2581924 [0] NCCL INFO NCCL_NVLS_ENABLE set by environment to 1.
[36m(WorkerDict pid=2581924)[0m trial-302172199-trialrun-302172199-worker-0:2581924:2581924 [0] NCCL INFO NVLS multicast support is available on dev 0 (NVLS_NCHANNELS 24)
[36m(WorkerDict pid=2581924)[0m trial-302172199-trialrun-302172199-worker-0:2581924:2581924 [0] NCCL INFO Pattern 4, crossNic 0, nChannels 16, bw 45.000000/45.000000, type NVL/PIX, sameChannels 1
[36m(WorkerDict pid=2581924)[0m trial-302172199-trialrun-302172199-worker-0:2581924:2581924 [0] NCCL INFO  0 : GPU/0-f000 GPU/0-2d000 GPU/0-44000 GPU/0-5b000 GPU/0-89000 GPU/0-a8000 GPU/0-c0000 GPU/0-d8000
[36m(WorkerDict pid=2581924)[0m trial-302172199-trialrun-302172199-worker-0:2581924:2581924 [0] NCCL INFO  1 : GPU/0-f000 GPU/0-2d000 GPU/0-44000 GPU/0-5b000 GPU/0-89000 GPU/0-a8000 GPU/0-c0000 GPU/0-d8000
[36m(WorkerDict pid=2581924)[0m trial-302172199-trialrun-302172199-worker-0:2581924:2581924 [0] NCCL INFO  2 : GPU/0-f000 GPU/0-2d000 GPU/0-44000 GPU/0-5b000 GPU/0-89000 GPU/0-a8000 GPU/0-c0000 GPU/0-d8000
[36m(WorkerDict pid=2581924)[0m trial-302172199-trialrun-302172199-worker-0:2581924:2581924 [0] NCCL INFO  3 : GPU/0-f000 GPU/0-2d000 GPU/0-44000 GPU/0-5b000 GPU/0-89000 GPU/0-a8000 GPU/0-c0000 GPU/0-d8000
[36m(WorkerDict pid=2581924)[0m trial-302172199-trialrun-302172199-worker-0:2581924:2581924 [0] NCCL INFO  4 : GPU/0-f000 GPU/0-2d000 GPU/0-44000 GPU/0-5b000 GPU/0-89000 GPU/0-a8000 GPU/0-c0000 GPU/0-d8000
[36m(WorkerDict pid=2581924)[0m trial-302172199-trialrun-302172199-worker-0:2581924:2581924 [0] NCCL INFO  5 : GPU/0-f000 GPU/0-2d000 GPU/0-44000 GPU/0-5b000 GPU/0-89000 GPU/0-a8000 GPU/0-c0000 GPU/0-d8000
[36m(WorkerDict pid=2581924)[0m trial-302172199-trialrun-302172199-worker-0:2581924:2581924 [0] NCCL INFO  6 : GPU/0-f000 GPU/0-2d000 GPU/0-44000 GPU/0-5b000 GPU/0-89000 GPU/0-a8000 GPU/0-c0000 GPU/0-d8000
[36m(WorkerDict pid=2581924)[0m trial-302172199-trialrun-302172199-worker-0:2581924:2581924 [0] NCCL INFO  7 : GPU/0-f000 GPU/0-2d000 GPU/0-44000 GPU/0-5b000 GPU/0-89000 GPU/0-a8000 GPU/0-c0000 GPU/0-d8000
[36m(WorkerDict pid=2581924)[0m trial-302172199-trialrun-302172199-worker-0:2581924:2581924 [0] NCCL INFO  8 : GPU/0-f000 GPU/0-2d000 GPU/0-44000 GPU/0-5b000 GPU/0-89000
[36m(WorkerDict pid=2581932)[0m trial-302172199-trialrun-302172199-worker-0:2581932:2581932 [4] NCCL INFO  8 : GPU/0-f000 GPU/0-2d000 GPU/0-44000 GPU/0-5b000 GPU/
[36m(WorkerDict pid=2581924)[0m  GPU/0-a8000 GPU/0-c0000 GPU/0-d8000
[36m(WorkerDict pid=2581924)[0m trial-302172199-trialrun-302172199-worker-0:2581924:2581924 [0] NCC
[36m(WorkerDict pid=2581929)[0m 00 GPU/0-a8000 GPU/0-c0000 GPU/0-d8000
[36m(WorkerDict pid=2581929)[0m trial-302172199-trialrun-302172199-worker-0:2581929:2581929 [3] N
[36m(WorkerDict pid=2581928)[0m S) NET/0-0 (0/0.0/DIS) 
[36m(WorkerDict pid=2581932)[0m 0-89000 GPU/0-a8000 GPU/0-c0000 GPU/0-d8000
[36m(WorkerDict pid=2581932)[0m trial-302172199-trialrun-302172199-worker-0:2581932:2581932 
[36m(WorkerDict pid=2581935)[0m -89000 GPU/0-a8000 GPU/0-c0000 GPU/0-d8000
[36m(WorkerDict pid=2581935)[0m trial-302172199-trialrun-302172199-worker-0:2581935:2581935 [
[36m(WorkerDict pid=2581934)[0m YS) NET/0-0 (0/0.0/DIS) 
[36m(WorkerDict pid=2581924)[0m L INFO 15 : GPU/0-f000 GPU/0-2d000 GPU/0-44000 GPU/0-5b000 GPU/0-89000 GPU/0-a8000 GPU/0-c0000 GPU/0-d8000
[36m(WorkerDict pid=2581924)[0m trial-302172199-trialrun-302172199-worker-0:2581924:2581924 [0] NCCL INFO comm 0xfab5e00 rank 0 nRanks 8 nNodes 1 localRanks 8 localRank 0 MNNVL 0
[36m(WorkerDict pid=2581924)[0m trial-302172199-trialrun-302172199-worker-0:2581924:2581924 [0] NCCL INFO Tree 0 : -1 -> 0 -> 1/-1/-1
[36m(WorkerDict pid=2581924)[0m trial-302172199-trialrun-302172199-worker-0:2581924:2581924 [0] NCCL INFO Tree 16 : -1 -> 0 -> 1/-1/-1
[36m(WorkerDict pid=2581924)[0m trial-302172199-trialrun-302172199-worker-0:2581924:2581924 [0] NCCL INFO Tree 1 : -1 -> 0 -> 1/-1/-1
[36m(WorkerDict pid=2581924)[0m trial-302172199-trialrun-302172199-worker-0:2581924:2581924 [0] NCCL INFO Tree 17 : -1 -> 0 -> 1/-1/-1
[36m(WorkerDict pid=2581924)[0m trial-302172199-trialrun-302172199-worker-0:2581924:2581924 [0] NCCL INFO Tree 2 : -1 -> 0 -> 1/-1/-1
[36m(WorkerDict pid=2581924)[0m trial-302172199-trialrun-302172199-worker-0:2581924:2581924 [0] NCCL INFO Tree 18 : -1 -> 0 -> 1/-1/-1
[36m(WorkerDict pid=2581924)[0m trial-302172199-trialrun-302172199-worker-0:2581924:2581924 [0] NCCL INFO Tree 3 : -1 -> 0 -> 1/-1/-1
[36m(WorkerDict pid=2581924)[0m trial-302172199-trialrun-302172199-worker-0:2581924:2581924 [0] NCCL INFO Tree 19 : -1 -> 0 -> 1/-1/-1
[36m(WorkerDict pid=2581924)[0m trial-302172199-trialrun-302172199-worker-0:2581924:2581924 [0] NCCL INFO Tree 4 : -1 -> 0 -> 1/-1/-1
[36m(WorkerDict pid=2581924)[0m trial-302172199-trialrun-302172199-worker-0:2581924:2581924 [0] NCCL INFO Tree 20 : -1 -> 0 -> 1/-1/-1
[36m(WorkerDict pid=2581924)[0m trial-302172199-trialrun-302172199-worker-0:2581924:2581924 [0] NCCL INFO Tree 5 : -1 -> 0 -> 1/-1/-1
[36m(WorkerDict pid=2581924)[0m trial-302172199-trialrun-302172199-worker-0:2581924:2581924 [0] NCCL INFO Tree 21 : -1 -> 0 -> 1/-1/-1
[36m(WorkerDict pid=2581924)[0m trial-302172199-trialrun-302172199-worker-0:2581924:2581924 [0] NCCL INFO Tree 6 : -1 -> 0 -> 1/-1/-1
[36m(WorkerDict pid=2581924)[0m trial-302172199-trialrun-302172199-worker-0:2581924:2581924 [0] NCCL INFO Tree 22 : -1 -> 0 -> 1/-1/-1
[36m(WorkerDict pid=2581924)[0m trial-302172199-trialrun-302172199-worker-0:2581924:2581924 [0] NCCL INFO Tree 7 : -1 -> 0 -> 1/-1/-1
[36m(WorkerDict pid=2581924)[0m trial-302172199-trialrun-302172199-worker-0:2581924:2581924 [0] NCCL INFO Tree 23 : -1 -> 0 -> 1/-1/-1
[36m(WorkerDict pid=2581924)[0m trial-302172199-trialrun-302172199-worker-0:2581924:2581924 [0] NCCL INFO Tree 8 : -1 -> 0 -> 1/-1/-1
[36m(WorkerDict pid=2581924)[0m trial-302172199-trialrun-302172199-worker-0:2581924:2581924 [0] NCCL INFO Tree 24 : -1 -> 0 -> 1/-1/-1
[36m(WorkerDict pid=2581924)[0m trial-302172199-trialrun-302172199-worker-0:2581924:2581924 [0] NCCL INFO Tree 9 : -1 -> 0 -> 1/-1/-1
[36m(WorkerDict pid=2581924)[0m trial-302172199-trialrun-302172199-worker-0:2581924:2581924 [0] NCCL INFO Tree 25 : -1 -> 0 -> 1/-1/-1
[36m(WorkerDict pid=2581924)[0m trial-302172199-trialrun-302172199-worker-0:2581924:2581924 [0] NCCL INFO Tree 10 : -1 -> 0 -> 1/-1/-1
[36m(WorkerDict pid=2581924)[0m trial-302172199-trialrun-302172199-worker-0:2581924:2581924 [0] NCCL INFO Tree 26 : -1 -> 0 -> 1/-1/-1
[36m(WorkerDict pid=2581924)[0m trial-302172199-trialrun-302172199-worker-0:2581924:2581924 [0] NCCL INFO Tree 11 : -1 -> 0 -> 1/-1/-1
[36m(WorkerDict pid=2581924)[0m trial-302172199-trialrun-302172199-worker-0:2581924:2581924 [0] NCCL INFO Tree 27 : -1 -> 0 -> 1/-1/-1
[36m(WorkerDict pid=2581924)[0m trial-302172199-trialrun-302172199-worker-0:2581924:2581924 [0] NCCL INFO Tree 12 : -1 -> 0 -> 1/-1/-1
[36m(WorkerDict pid=2581924)[0m trial-302172199-trialrun-302172199-worker-0:2581924:2581924 [0] NCCL INFO Tree 28 : -1 -> 0 -> 1/-1/-1
[36m(WorkerDict pid=2581924)[0m trial-302172199-trialrun-302172199-worker-0:2581924:2581924 [0] NCCL INFO Tree 13 : -1 -> 0 -> 1/-1/-1
[36m(WorkerDict pid=2581924)[0m trial-302172199-trialrun-302172199-worker-0:2581924:2581924 [0] NCCL INFO Tree 29 : -1 -> 0 -> 1/-1/-1
[36m(WorkerDict pid=2581924)[0m trial-302172199-trialrun-302172199-worker-0:2581924:2581924 [0] NCCL INFO Tree 14 : -1 -> 0 -> 1/-1/-1
[36m(WorkerDict pid=2581924)[0m trial-302172199-trialrun-302172199-worker-0:2581924:2581924 [0] NCCL INFO Tree 30 : -1 -> 0 -> 1/-1/-1
[36m(WorkerDict pid=2581924)[0m trial-302172199-trialrun-302172199-worker-0:2581924:2581924 [0] NCCL INFO Tree 15 : -1 -> 0 -> 1/-1/-1
[36m(WorkerDict pid=2581924)[0m trial-302172199-trialrun-302172199-worker-0:2581924:2581924 [0] NCCL INFO Tree 31 : -1 -> 0 -> 1/-1/-1
[36m(WorkerDict pid=2581924)[0m trial-302172199-trialrun-302172199-worker-0:2581924:2581924 [0] NCCL INFO Channel 00/32 : 0 1 2 3 4 5 6 7
[36m(WorkerDict pid=2581924)[0m trial-302172199-trialrun-302172199-worker-0:2581924:2581924 [0] NCCL INFO Channel 01/32 : 0 1 2 3 4 5 6 7
[36m(WorkerDict pid=2581924)[0m trial-302172199-trialrun-302172199-worker-0:2581924:2581924 [0] NCCL INFO Channel 02/32 : 0 1 2 3 4 5 6 7
[36m(WorkerDict pid=2581924)[0m trial-302172199-trialrun-302172199-worker-0:2581924:2581924 [0] NCCL INFO Channel 03/32 : 0 1 2 3 4 5 6 7
[36m(WorkerDict pid=2581924)[0m trial-302172199-trialrun-302172199-worker-0:2581924:2581924 [0] NCCL INFO Channel 04/32 : 0 1 2 3 4 5 6 7
[36m(WorkerDict pid=2581924)[0m trial-302172199-trialrun-302172199-worker-0:2581924:2581924 [0] NCCL INFO Channel 05/32 : 0 1 2 3 4 5 6 7
[36m(WorkerDict pid=2581924)[0m trial-302172199-trialrun-302172199-worker-0:2581924:2581924 [0] NCCL INFO Channel 06/32 : 0 1 2 3 4 5 6 7
[36m(WorkerDict pid=2581924)[0m trial-302172199-trialrun-302172199-worker-0:2581924:2581924 [0] NCCL INFO Channel 07/32 : 0 1 2 3 4 5 6 7
[36m(WorkerDict pid=2581924)[0m trial-302172199-trialrun-302172199-worker-0:2581924:2581924 [0] NCCL INFO Channel 08/32 : 0 1 2 3 4 5 6 7
[36m(WorkerDict pid=2581924)[0m trial-302172199-trialrun-302172199-worker-0:2581924:2581924 [0] NCCL INFO Channel 09/32 : 0 1 2 3 4 5 6 7
[36m(WorkerDict pid=2581924)[0m trial-302172199-trialrun-302172199-worker-0:2581924:2581924 [0] NCCL INFO Channel 10/32 : 0 1 2 3 4 5 6 7
[36m(WorkerDict pid=2581924)[0m trial-302172199-trialrun-302172199-worker-0:2581924:2581924 [0] NCCL INFO Channel 11/32 : 0 1 2 3 4 5 6 7
[36m(WorkerDict pid=2581924)[0m trial-302172199-trialrun-302172199-worker-0:2581924:2581924 [0] NCCL INFO Channel 12/32 : 0 1 2 3 4 5 6 7
[36m(WorkerDict pid=2581924)[0m trial-302172199-trialrun-302172199-worker-0:2581924:2581924 [0] NCCL INFO Channel 13/32 : 0 1 2 3 4 5 6 7
[36m(WorkerDict pid=2581924)[0m trial-302172199-trialrun-302172199-worker-0:2581924:2581924 [0] NCCL INFO Channel 14/32 : 0 1 2 3 4 5 6 7
[36m(WorkerDict pid=2581924)[0m trial-302172199-trialrun-302172199-worker-0:2581924:2581924 [0] NCCL INFO Channel 15/32 : 0 1 2 3 4 5 6 7
[36m(WorkerDict pid=2581924)[0m trial-302172199-trialrun-302172199-worker-0:2581924:2581924 [0] NCCL INFO Channel 16/32 : 0 1 2 3 4 5 6 7
[36m(WorkerDict pid=2581924)[0m trial-302172199-trialrun-302172199-worker-0:2581924:2581924 [0] NCCL INFO Channel 17/32 : 0 1 2 3 4 5 6 7
[36m(WorkerDict pid=2581924)[0m trial-302172199-trialrun-302172199-worker-0:2581924:2581924 [0] NCCL INFO Channel 18/32 : 0 1 2 3 4 5 6 7
[36m(WorkerDict pid=2581924)[0m trial-302172199-trialrun-302172199-worker-0:2581924:2581924 [0] NCCL INFO Channel 19/32 : 0 1 2 3 4 5 6 7
[36m(WorkerDict pid=2581924)[0m trial-302172199-trialrun-302172199-worker-0:2581924:2581924 [0] NCCL INFO Channel 20/32 : 0 1 2 3 4 5 6 7
[36m(WorkerDict pid=2581924)[0m trial-302172199-trialrun-302172199-worker-0:2581924:2581924 [0] NCCL INFO Channel 21/32 : 0 1 2 3 4 5 6 7
[36m(WorkerDict pid=2581924)[0m trial-302172199-trialrun-302172199-worker-0:2581924:2581924 [0] NCCL INFO Channel 22/32 : 0 1 2 3 4 5 6 7
[36m(WorkerDict pid=2581924)[0m trial-302172199-trialrun-302172199-worker-0:2581924:2581924 [0] NCCL INFO Channel 23/32 : 0 1 2 3 4 5 6 7
[36m(WorkerDict pid=2581924)[0m trial-302172199-trialrun-302172199-worker-0:2581924:2581924 [0] NCCL INFO Channel 24/32 : 0 1 2 3 4 5 6 7
[36m(WorkerDict pid=2581924)[0m trial-302172199-trialrun-302172199-worker-0:2581924:2581924 [0] NCCL INFO Channel 25/32 : 0 1 2 3 4 5 6 7
[36m(WorkerDict pid=2581924)[0m trial-302172199-trialrun-302172199-worker-0:2581924:2581924 [0] NCCL INFO Channel 26/32 : 0 1 2 3 4 5 6 7
[36m(WorkerDict pid=2581924)[0m trial-302172199-trialrun-302172199-worker-0:2581924:2581924 [0] NCCL INFO Channel 27/32 : 0 1 2 3 4 5 6 7
[36m(WorkerDict pid=2581924)[0m trial-302172199-trialrun-302172199-worker-0:2581924:2581924 [0] NCCL INFO Channel 28/32 : 0 1 2 3 4 5 6 7
[36m(WorkerDict pid=2581924)[0m trial-302172199-trialrun-302172199-worker-0:2581924:2581924 [0] NCCL INFO Channel 29/32 : 0 1 2 3 4 5 6 7
[36m(WorkerDict pid=2581924)[0m trial-302172199-trialrun-302172199-worker-0:2581924:2581924 [0] NCCL INFO Channel 30/32 : 0 1 2 3 4 5 6 7
[36m(WorkerDict pid=2581924)[0m trial-302172199-trialrun-302172199-worker-0:2581924:2581924 [0] NCCL INFO Channel 31/32 : 0 1 2 3 4 5 6 7
[36m(WorkerDict pid=2581924)[0m trial-302172199-trialrun-302172199-worker-0:2581924:2581924 [0] NCCL INFO Ring 00 : 7 -> 0 -> 1
[36m(WorkerDict pid=2581924)[0m trial-302172199-trialrun-302172199-worker-0:2581924:2581924 [0] NCCL INFO Ring 01 : 7 -> 0 -> 1
[36m(WorkerDict pid=2581924)[0m trial-302172199-trialrun-302172199-worker-0:2581924:2581924 [0] NCCL INFO Ring 02 : 7 -> 0 -> 1
[36m(WorkerDict pid=2581924)[0m trial-302172199-trialrun-302172199-worker-0:2581924:2581924 [0] NCCL INFO Ring 03 : 7 -> 0 -> 1
[36m(WorkerDict pid=2581924)[0m trial-302172199-trialrun-302172199-worker-0:2581924:2581924 [0] NCCL INFO Ring 04 : 7 -> 0 -> 1
[36m(WorkerDict pid=2581924)[0m trial-302172199-trialrun-302172199-worker-0:2581924:2581924 [0] NCCL INFO Ring 05 : 7 -> 0 -> 1
[36m(WorkerDict pid=2581924)[0m trial-302172199-trialrun-302172199-worker-0:2581924:2581924 [0] NCCL INFO Ring 06 : 7 -> 0 -> 1
[36m(WorkerDict pid=2581924)[0m trial-302172199-trialrun-302172199-worker-0:2581924:2581924 [0] NCCL INFO Ring 07 : 7 -> 0 -> 1
[36m(WorkerDict pid=2581924)[0m trial-302172199-trialrun-302172199-worker-0:2581924:2581924 [0] NCCL INFO Ring 08 : 7 -> 0 -> 1
[36m(WorkerDict pid=2581924)[0m trial-302172199-trialrun-302172199-worker-0:2581924:2581924 [0] NCCL INFO Ring 09 : 7 -> 0 -> 1
[36m(WorkerDict pid=2581924)[0m trial-302172199-trialrun-302172199-worker-0:2581924:2581924 [0] NCCL INFO Ring 10 : 7 -> 0 -> 1
[36m(WorkerDict pid=2581924)[0m trial-302172199-trialrun-302172199-worker-0:2581924:2581924 [0] NCCL INFO Ring 11 : 7 -> 0 -> 1
[36m(WorkerDict pid=2581924)[0m trial-302172199-trialrun-302172199-worker-0:2581924:2581924 [0] NCCL INFO Ring 12 : 7 -> 0 -> 1
[36m(WorkerDict pid=2581924)[0m trial-302172199-trialrun-302172199-worker-0:2581924:2581924 [0] NCCL INFO Ring 13 : 7 -> 0 -> 1
[36m(WorkerDict pid=2581924)[0m trial-302172199-trialrun-302172199-worker-0:2581924:2581924 [0] NCCL INFO Ring 14 : 7 -> 0 -> 1
[36m(WorkerDict pid=2581924)[0m trial-302172199-trialrun-302172199-worker-0:2581924:2581924 [0] NCCL INFO Ring 15 : 7 -> 0 -> 1
[36m(WorkerDict pid=2581924)[0m trial-302172199-trialrun-302172199-worker-0:2581924:2581924 [0] NCCL INFO Ring 16 : 7 -> 0 -> 1
[36m(WorkerDict pid=2581924)[0m trial-302172199-trialrun-302172199-worker-0:2581924:2581924 [0] NCCL INFO Ring 17 : 7 -> 0 -> 1
[36m(WorkerDict pid=2581924)[0m trial-302172199-trialrun-302172199-worker-0:2581924:2581924 [0] NCCL INFO Ring 18 : 7 -> 0 -> 1
[36m(WorkerDict pid=2581924)[0m trial-302172199-trialrun-302172199-worker-0:2581924:2581924 [0] NCCL INFO Ring 19 : 7 -> 0 -> 1
[36m(WorkerDict pid=2581924)[0m trial-302172199-trialrun-302172199-worker-0:2581924:2581924 [0] NCCL INFO Ring 20 : 7 -> 0 -> 1
[36m(WorkerDict pid=2581924)[0m trial-302172199-trialrun-302172199-worker-0:2581924:2581924 [0] NCCL INFO Ring 21 : 7 -> 0 -> 1
[36m(WorkerDict pid=2581924)[0m trial-302172199-trialrun-302172199-worker-0:2581924:2581924 [0] NCCL INFO Ring 22 : 7 -> 0 -> 1
[36m(WorkerDict pid=2581924)[0m trial-302172199-trialrun-302172199-worker-0:2581924:2581924 [0] NCCL INFO Ring 23 : 7 -> 0 -> 1
[36m(WorkerDict pid=2581924)[0m trial-302172199-trialrun-302172199-worker-0:2581924:2581924 [0] NCCL INFO Ring 24 : 7 -> 0 -> 1
[36m(WorkerDict pid=2581924)[0m trial-302172199-trialrun-302172199-worker-0:2581924:2581924 [0] NCCL INFO Ring 25 : 7 -> 0 -> 1
[36m(WorkerDict pid=2581924)[0m trial-302172199-trialrun-302172199-worker-0:2581924:2581924 [0] NCCL INFO Ring 26 : 7 -> 0 -> 1
[36m(WorkerDict pid=2581924)[0m trial-302172199-trialrun-302172199-worker-0:2581924:2581924 [0] NCCL INFO Ring 27 : 7 -> 0 -> 1
[36m(WorkerDict pid=2581924)[0m trial-302172199-trialrun-302172199-worker-0:2581924:2581924 [0] NCCL INFO Ring 28 : 7 -> 0 -> 1
[36m(WorkerDict pid=2581924)[0m trial-302172199-trialrun-302172199-worker-0:2581924:2581924 [0] NCCL INFO Ring 29 : 7 -> 0 -> 1
[36m(WorkerDict pid=2581924)[0m trial-302172199-trialrun-302172199-worker-0:2581924:2581924 [0] NCCL INFO Ring 30 : 7 -> 0 -> 1
[36m(WorkerDict pid=2581924)[0m trial-302172199-trialrun-302172199-worker-0:2581924:2581924 [0] NCCL INFO Ring 31 : 7 -> 0 -> 1
[36m(WorkerDict pid=2581924)[0m trial-302172199-trialrun-302172199-worker-0:2581924:2581924 [0] NCCL INFO Trees [0] 1/-1/-1->0->-1 [1] 1/-1/-1->0->-1 [2] 1/-1/-1->0->-1 [3] 1/-1/-1->0->-1 [4] 1/-1/-1->0->-1 [5] 1/-1/-1->0->-1 [6] 1/-1/-1->0->-1 [7] 1/-1/-1->0->-1 [8] 1/-1/-1->0->-1 [9] 1/-1/-1->0->-1 [10] 1/-1/-1->0->-1 [11] 1/-1/-1->0->-1 [12] 1/-1/-1->0->-1 [13] 1/-1/-1->0->-1 [14] 1/-1/-1->0->-1 [15] 1/-1/-1->0->-1 [16] 1/-1/-1->0->-1 [17] 1/-1/-1->0->-1 [18] 1/-1/-1->0->-1 [19] 1/-1/-1->0->-1 [20] 1/-1/-1->0->-1 [21] 1/-1/-1->0->-1 [22] 1/-1/-1->0->-1 [23] 1/-1/-1->0->-1 [24] 1/-1/-1->0->-1 [25] 1/-1/-1->0->-1 [26] 1/-1/-1->0->-1 [27] 1/-1/-1->0->-1 [28] 1/-1/-1->0->-1 [29] 1/-1/-1->0->-1 [30] 1/-1/-1->0->-1 [31] 1/-1/-1->0->-1
[36m(WorkerDict pid=2581924)[0m trial-302172199-trialrun-302172199-worker-0:2581924:2581924 [0] NCCL INFO P2P Chunksize set to 524288
[36m(WorkerDict pid=2581924)[0m trial-302172199-trialrun-302172199-worker-0:2581924:2581924 [0] NCCL INFO PROFILER/Plugin: Could not find: libnccl-profiler.so
[36m(WorkerDict pid=2581924)[0m trial-302172199-trialrun-302172199-worker-0:2581924:2581924 [0] NCCL INFO Check P2P Type isAllDirectP2p 1 directMode 0 isAllCudaP2p 1
[36m(WorkerDict pid=2581924)[0m trial-302172199-trialrun-302172199-worker-0:2581924:2597518 [0] NCCL INFO [Proxy Service] Device 0 CPU core 12
[36m(WorkerDict pid=2581924)[0m trial-302172199-trialrun-302172199-worker-0:2581924:2597523 [0] NCCL INFO [Proxy Service UDS] Device 0 CPU core 147
[36m(WorkerDict pid=2581924)[0m trial-302172199-trialrun-302172199-worker-0:2581924:2581924 [0] NCCL INFO ncclP2pSchedule: gro
[36m(WorkerDict pid=2581929)[0m CCL INFO 15 : GPU/0-f000 GPU/0-2d000 GPU/0-44000 GPU/0-5b000 GPU/0-89000 GPU/0-a8000 GPU/0-c0000 GPU/0-d8000
[36m(WorkerDict pid=2581929)[0m trial-302172199-trialrun-302172199-worker-0:2581929:2581929 [3] NCCL I
[36m(WorkerDict pid=2581931)[0m 00 GPU/0-a8000 GPU/0-c0000 GPU/0-d8000
[36m(WorkerDict pid=2581928)[0m 00 GPU/0-a8000 GPU/0-c0000 GPU/0-d8000
[36m(WorkerDict pid=2581928)[0m trial-302172199-trialrun-302172199-worker-
[36m(WorkerDict pid=2581934)[0m 0-89000 GPU/0-a8000 GPU/0-c0000 GPU/0-d8000
[36m(WorkerDict pid=2581934)[0m trial-302172199-trialrun-302172199-worker-0:2581934:2581934 [6] 
[36m(WorkerDict pid=2581936)[0m -89000 GPU/0-a8000 GPU/0-c0000 GPU/0-d8000
[36m(WorkerDict pid=2581936)[0m trial-302172199-trialrun-302172199-worker-0:2581936:2581936 [7] NC
[36m(WorkerDict pid=2581932)[0m trial-302172199-trialrun-302172199-worker-0:2581932:2581932 [4] 
[36m(WorkerDict pid=2581924)[0m up size used is 8
[36m(WorkerDict pid=2581924)[0m trial-302172199-trialrun-302172199-worker-0:2581924:2581924 [0] NCCL INFO TUNER/Plugin: Could not find: libnccl-tuner.so
[36m(WorkerDict pid=2581924)[0m trial-302172199-trialrun-302172199-worker-0:2581924:2581924 [0] NCCL INFO threadThresholds 8/8/64 | 64/8/64 | 512 | 512
[36m(WorkerDict pid=2581924)[0m trial-302172199-trialrun-302172199-worker-0:2581924:2581924 [0] NCCL INFO 32 coll channels, 32 collnet channels, 24 nvls channels, 32 p2p channels, 32 p2p channels per peer
[36m(WorkerDict pid=2581924)[0m trial-302172199-trialrun-302172199-worker-0:2581924:2581924 [0] NCCL INFO CC Off, workFifoBytes 1048576
[36m(WorkerDict pid=2581924)[0m trial-302172199-trialrun-302172199-worker-0:2581924:2581924 [0] NCCL INFO ncclCommInitRankConfig comm 0xfab5e00 rank 0 nranks 8 cudaDev 0 nvmlDev 0 busId f000 commId 0xe70b919ba6ecef1f - Init COMPLETE
[36m(WorkerDict pid=2581924)[0m trial-302172199-trialrun-302172199-worker-0:2581924:2581924 [0] NCCL INFO Init timings - ncclCommInitRankConfig: rank 0 nranks 8 total 3.18 (kernels 0.28, alloc 0.60, bootstrap 0.24, allgathers 0.02, topo 1.61, graphs 0.03, connections 0.32, rest 0.08)
[36m(WorkerDict pid=2581924)[0m trial-302172199-trialrun-302172199-worker-0:2581924:2581924 [0] NCCL INFO Channel 00/0 : 0[0] -> 1[1] via P2P/CUMEM
[36m(WorkerDict pid=2581924)[0m trial-302172199-trialrun-302172199-worker-0:2581924:2581924 [0] NCCL INFO Channel 01/0 : 0[0] -> 1[1] via P2P/CUMEM
[36m(WorkerDict pid=2581924)[0m trial-302172199-trialrun-302172199-worker-0:2581924:2581924 [0] NCCL INFO Channel 02/0 : 0[0] -> 1[1] via P2P/CUMEM
[36m(WorkerDict pid=2581924)[0m trial-302172199-trialrun-302172199-worker-0:2581924:2581924 [0] NCCL INFO Channel 03/0 : 0[0] -> 1[1] via P2P/CUMEM
[36m(WorkerDict pid=2581924)[0m trial-302172199-trialrun-302172199-worker-0:2581924:2581924 [0] NCCL INFO Channel 04/0 : 0[0] -> 1[1] via P2P/CUMEM
[36m(WorkerDict pid=2581924)[0m trial-302172199-trialrun-302172199-worker-0:2581924:2581924 [0] NCCL INFO Channel 05/0 : 0[0] -> 1[1] via P2P/CUMEM
[36m(WorkerDict pid=2581924)[0m trial-302172199-trialrun-302172199-worker-0:2581924:2581924 [0] NCCL INFO Channel 06/0 : 0[0] -> 1[1] via P2P/CUMEM
[36m(WorkerDict pid=2581924)[0m trial-302172199-trialrun-302172199-worker-0:2581924:2581924 [0] NCCL INFO Channel 07/0 : 0[0] -> 1[1] via P2P/CUMEM
[36m(WorkerDict pid=2581924)[0m trial-302172199-trialrun-302172199-worker-0:2581924:2581924 [0] NCCL INFO Channel 08/0 : 0[0] -> 1[1] via P2P/CUMEM
[36m(WorkerDict pid=2581924)[0m trial-302172199-trialrun-302172199-worker-0:2581924:2581924 [0] NCCL INFO Channel 09/0 : 0[0] -> 1[1] via P2P/CUMEM
[36m(WorkerDict pid=2581924)[0m trial-302172199-trialrun-302172199-worker-0:2581924:2581924 [0] NCCL INFO Channel 10/0 : 0[0] -> 1[1] via P2P/CUMEM
[36m(WorkerDict pid=2581924)[0m trial-302172199-trialrun-302172199-worker-0:2581924:2581924 [0] NCCL INFO Channel 11/0 : 0[0] -> 1[1] via P2P/CUMEM
[36m(WorkerDict pid=2581924)[0m trial-302172199-trialrun-302172199-worker-0:2581924:2581924 [0] NCCL INFO Channel 12/0 : 0[0] -> 1[1] via P2P/CUMEM
[36m(WorkerDict pid=2581924)[0m trial-302172199-trialrun-302172199-worker-0:2581924:2581924 [0] NCCL INFO Channel 13/0 : 0[0] -> 1[1] via P2P/CUMEM
[36m(WorkerDict pid=2581924)[0m trial-302172199-trialrun-302172199-worker-0:2581924:2581924 [0] NCCL INFO Channel 14/0 : 0[0] -> 1[1] via P2P/CUMEM
[36m(WorkerDict pid=2581924)[0m trial-302172199-trialrun-302172199-worker-0:2581924:2581924 [0] NCCL INFO Channel 15/0 : 0[0] -> 1[1] via P2P/CUMEM
[36m(WorkerDict pid=2581924)[0m trial-302172199-trialrun-302172199-worker-0:2581924:2581924 [0] NCCL INFO Channel 16/0 : 0[0] -> 1[1] via P2P/CUMEM
[36m(WorkerDict pid=2581924)[0m trial-302172199-trialrun-302172199-worker-0:2581924:2581924 [0] NCCL INFO Channel 17/0 : 0[0] -> 1[1] via P2P/CUMEM
[36m(WorkerDict pid=2581924)[0m trial-302172199-trialrun-302172199-worker-0:2581924:2581924 [0] NCCL INFO Channel 18/0 : 0[0] -> 1[1] via P2P/CUMEM
[36m(WorkerDict pid=2581924)[0m trial-302172199-trialrun-302172199-worker-0:2581924:2581924 [0] NCCL INFO Channel 19/0 : 0[0] -> 1[1] via P2P/CUMEM
[36m(WorkerDict pid=2581924)[0m trial-302172199-trialrun-302172199-worker-0:2581924:2581924 [0] NCCL INFO Channel 20/0 : 0[0] -> 1[1] via P2P/CUMEM
[36m(WorkerDict pid=2581924)[0m trial-302172199-trialrun-302172199-worker-0:2581924:2581924 [0] NCCL INFO Channel 21/0 : 0[0] -> 1[1] via P2P/CUMEM
[36m(WorkerDict pid=2581924)[0m trial-302172199-trialrun-302172199-worker-0:2581924:2581924 [0] NCCL INFO Channel 22/0 : 0[0] -> 1[1] via P2P/CUMEM
[36m(WorkerDict pid=2581924)[0m trial-302172199-trialrun-302172199-worker-0:2581924:2581924 [0] NCCL INFO Channel 23/0 : 0[0] -> 1[1] via P2P/CUMEM
[36m(WorkerDict pid=2581924)[0m trial-302172199-trialrun-302172199-worker-0:2581924:2581924 [0] NCCL INFO Channel 24/0 : 0[0] -> 1[1] via P2P/CUMEM
[36m(WorkerDict pid=2581924)[0m trial-302172199-trialrun-302172199-worker-0:2581924:2581924 [0] NCCL INFO Channel 25/0 : 0[0] -> 1[1] via P2P/CUMEM
[36m(WorkerDict pid=2581924)[0m trial-302172199-trialrun-302172199-worker-0:2581924:2581924 [0] NCCL INFO Channel 26/0 : 0
[36m(WorkerDict pid=2581929)[0m NFO Ring 30 : 2 -> 3 -> 4
[36m(WorkerDict pid=2581929)[0m trial-302172199-trialrun-302172199-worker-0:2581929:2581929 [3] NCCL INFO ncclP2pSchedule: group size used is 8
[36m(WorkerDict pid=2581929)[0m trial-302172199-trialrun-302172199-worker-0:2581929:2581929 [3] NCCL INFO Channel 14/0 : 3[3] -> 4[4
[36m(WorkerDict pid=2581928)[0m trial-302172199-t
[36m(WorkerDict pid=2581936)[0m CL INFO Ring 30 : 6 -> 7 -> 0
[36m(WorkerDict pid=2581924)[0m Actor use_remove_padding=True
[36m(WorkerDict pid=2581924)[0m Actor use_fused_kernels=True
[36m(WorkerDict pid=2581935)[0m Monkey patch _flash_attention_forward in transformers.integrations.flash_attention[32m [repeated 7x across cluster][0m
[36m(WorkerDict pid=2581935)[0m Using Triton backend for fused kernels in Qwen2ForCausalLM[32m [repeated 7x across cluster][0m
[36m(WorkerDict pid=2581935)[0m trial-302172199-trialrun-302172199-worker-0:2581935:2581935 [5] NCCL INFO ENV/Plugin: Could not find: libnccl-env.so[32m [repeated 7x across cluster][0m
[36m(WorkerDict pid=2581935)[0m trial-302172199-trialrun-302172199-worker-0:2581935:2581935 [5] NCCL INFO NCCL_SOCKET_FAMILY set by environment to AF_INET6[32m [repeated 14x across cluster][0m
[36m(WorkerDict pid=2581935)[0m trial-302172199-trialrun-302172199-worker-0:2581935:2581935 [5] NCCL INFO NCCL_SOCKET_IFNAME set by environment to =eth0[32m [repeated 14x across cluster][0m
[36m(WorkerDict pid=2581935)[0m trial-302172199-trialrun-302172199-worker-0:2581935:2581935 [5] NCCL INFO cudaDriverVersion 13000[32m [repeated 7x across cluster][0m
[36m(WorkerDict pid=2581935)[0m trial-302172199-trialrun-302172199-worker-0:2581935:2581935 [5] NCCL INFO NCCL version 2.28.9+cuda13.0[32m [repeated 7x across cluster][0m
[36m(WorkerDict pid=2581935)[0m trial-302172199-trialrun-302172199-worker-0:2581935:2581935 [5] NCCL INFO Comm config Blocking set to 1[32m [repeated 7x across cluster][0m
[36m(WorkerDict pid=2581935)[0m trial-302172199-trialrun-302172199-worker-0:2581935:2581935 [5] NCCL INFO NCCL_NET_PLUGIN set by environment to none[32m [repeated 7x across cluster][0m
[36m(WorkerDict pid=2581935)[0m trial-302172199-trialrun-302172199-worker-0:2581935:2581935 [5] NCCL INFO NET/Socket : Using [0]eth0:fdbd:dc61:ff:f000:ffff:ffff:0:16<0>[32m [repeated 7x across cluster][0m
[36m(WorkerDict pid=2581935)[0m trial-302172199-trialrun-302172199-worker-0:2581935:2581935 [5] NCCL INFO Initialized NET plugin Socket[32m [repeated 7x across cluster][0m
[36m(WorkerDict pid=2581935)[0m trial-302172199-trialrun-302172199-worker-0:2581935:2581935 [5] NCCL INFO Assigned NET plugin Socket to comm[32m [repeated 7x across cluster][0m
[36m(WorkerDict pid=2581935)[0m trial-302172199-trialrun-302172199-worker-0:2581935:2581935 [5] NCCL INFO Using network Socket[32m [repeated 7x across cluster][0m
[36m(WorkerDict pid=2581935)[0m trial-302172199-trialrun-302172199-worker-0:2581935:2581935 [5] NCCL INFO ncclCommInitRankConfig comm 0xf504040 rank 5 nranks 8 cudaDev 5 nvmlDev 5 busId a8000 commId 0xe70b919ba6ecef1f - Init START[32m [repeated 7x across cluster][0m
[36m(WorkerDict pid=2581935)[0m trial-302172199-trialrun-302172199-worker-0:2581935:2581935 [5] NCCL INFO RAS client listening socket at ::1<28028>[32m [repeated 7x across cluster][0m
[36m(WorkerDict pid=2581935)[0m trial-302172199-trialrun-302172199-worker-0:2581935:2581935 [5] NCCL INFO MNNVL busId 0xa8000 fabric UUID 0.0 cliqueId 0x0 state 3 healthMask 0x80[32m [repeated 7x across cluster][0m
[36m(WorkerDict pid=2581935)[0m trial-302172199-trialrun-302172199-worker-0:2581935:2581935 [5] NCCL INFO Could not find real path of /sys/class/pci_bus/fffffff/../../fffffff:ff:f[32m [repeated 7x across cluster][0m
[36m(WorkerDict pid=2581935)[0m trial-302172199-trialrun-302172199-worker-0:2581935:2581935 [5] NCCL INFO TOPO/NET : Importing network plugins to topology[32m [repeated 7x across cluster][0m
[36m(WorkerDict pid=2581935)[0m trial-302172199-trialrun-302172199-worker-0:2581935:2581935 [5] NCCL INFO ncclTopoPopulateNics : Filled eth0 in topo with pciPath=(null) keep=1 coll=(null)[32m [repeated 7x across cluster][0m
[36m(WorkerDict pid=2581935)[0m trial-302172199-trialrun-302172199-worker-0:2581935:2581935 [5] NCCL INFO === System : maxBw 721.8 totalBw 721.8 ===[32m [repeated 7x across cluster][0m
[36m(WorkerDict pid=2581936)[0m trial-302172199-trialrun-302172199-worker-0:2581936:2581936 [7] NCCL INFO NET/0-0 :GPU/0-f000 (4/1.2/PHB) GPU/0-2d000 (4/1.2/PHB) GPU/0-44000 (4/1.2/PHB) GPU/0-5b000 (4/1.2/PHB) GPU/0-89000 (5/1.2/SYS) GPU/0-a8000 (5/1.2/SYS) GPU/0-c0000 (5/1.2/SYS) GPU/0-d8000 (5/1.2/SYS) CPU/0-0 (2/1.2/PHB) CPU/0-1 (3/1.2/SYS) NET/0-0 (0/5000.0/LOC) NET/0-0 (0/0.0/DIS) [32m [repeated 84x across cluster][0m
[36m(WorkerDict pid=2581935)[0m trial-302172199-trialrun-302172199-worker-0:2581935:2581935 [5] NCCL INFO + SYS[40.0] - CPU/0-0[32m [repeated 203x across cluster][0m
[36m(WorkerDict pid=2581935)[0m trial-302172199-trialrun-302172199-worker-0:2581935:2581935 [5] NCCL INFO ==========================================[32m [repeated 7x across cluster][0m
[36m(WorkerDict pid=2581936)[0m trial-302172199-trialrun-302172199-worker-0:2581936:2581936 [7] NCCL INFO ncclTopoGetCpuAffinity: Affinity for GPU 7 is 64-126,192-254. (GPU affinity = 64-127,192-255 ; CPU affinity = 0-62,64-126,128-190,192-254).[32m [repeated 7x across cluster][0m
[36m(WorkerDict pid=2581936)[0m trial-302172199-trialrun-302172199-worker-0:2581936:2581936 [7] NCCL INFO NCCL_NVLS_ENABLE set by environment to 1.[32m [repeated 7x across cluster][0m
[36m(WorkerDict pid=2581936)[0m trial-302172199-trialrun-302172199-worker-0:2581936:2581936 [7] NCCL INFO NVLS multicast support is available on dev 7 (NVLS_NCHANNELS 24)[32m [repeated 7x across cluster][0m
[36m(WorkerDict pid=2581935)[0m trial-302172199-trialrun-302172199-worker-0:2581935:2581935 [5] NCCL INFO Pattern 5, crossNic 0, nChannels 8, bw 80.000000/90.000000, type NVL/PIX, sameChannels 0[32m [repeated 23x across cluster][0m
[36m(WorkerDict pid=2581935)[0m trial-302172199-trialrun-302172199-worker-0:2581935:2581935 [5] NCCL INFO  7 : GPU/0-d8000[32m [repeated 307x across cluster][0m
[36m(WorkerDict pid=2581934)[0m trial-302172199-trialrun-302172199-worker-0:2581934:2581934 [6] NCCL INFO  8 : GPU/0-f000 GPU/0-2d000 GPU/0-44000 GPU/0-5b000 GPU/
[36m(WorkerDict pid=2581936)[0m S) NET/0-0 (0/0.0/DIS) [32m [repeated 2x across cluster][0m
[36m(WorkerDict pid=2581935)[0m trial-302172199-trialrun-302172199-worker-0:2581935:2581935 [5] NCCL INFO comm 0xf504040 rank 5 nRanks 8 nNodes 1 localRanks 8 localRank 5 MNNVL 0[32m [repeated 7x across cluster][0m
[36m(WorkerDict pid=2581928)[0m trial-302172199-trialrun-302172199-worker-0:2581928:2581928 [1] NCCL INFO Tree 31 : 0 -> 1 -> 2/-1/-1[32m [repeated 32x across cluster][0m
[36m(WorkerDict pid=2581932)[0m trial-302172199-trialrun-302172199-worker-0:2581932:2581932 [4] NCCL INFO Channel 14/0 : 4[4] [32m [repeated 2x across cluster][0m
[36m(WorkerDict pid=2581935)[0m trial-302172199-trialrun-302172199-worker-0:2581935:2581935 [5] NCCL INFO Ring 31 : 4 -> 5 -> 6[32m [repeated 220x across cluster][0m
[36m(WorkerDict pid=2581935)[0m trial-302172199-trialrun-302172199-worker-0:2581935:2581935 [5] NCCL INFO Trees [0] 6/-1/-1->5->4 [1] 6/-1/-1->5->4 [2] 6/-1/-1->5->4 [3] 6/-1/-1->5->4 [4] 6/-1/-1->5->4 [5] 6/-1/-1->5->4 [6] 6/-1/-1->5->4 [7] 6/-1/-1->5->4 [8] 6/-1/-1->5->4 [9] 6/-1/-1->5->4 [10] 6/-1/-1->5->4 [11] 6/-1/-1->5->4 [12] 6/-1/-1->5->4 [13] 6/-1/-1->5->4 [14] 6/-1/-1->5->4 [15] 6/-1/-1->5->4 [16] 6/-1/-1->5->4 [17] 6/-1/-1->5->4 [18] 6/-1/-1->5->4 [19] 6/-1/-1->5->4 [20] 6/-1/-1->5->4 [21] 6/-1/-1->5->4 [22] 6/-1/-1->5->4 [23] 6/-1/-1->5->4 [24] 6/-1/-1->5->4 [25] 6/-1/-1->5->4 [26] 6/-1/-1->5->4 [27] 6/-1/-1->5->4 [28] 6/-1/-1->5->4 [29] 6/-1/-1->5->4 [30] 6/-1/-1->5->4 [31] 6/-1/-1->5->4[32m [repeated 7x across cluster][0m
[36m(WorkerDict pid=2581935)[0m trial-302172199-trialrun-302172199-worker-0:2581935:2581935 [5] NCCL INFO P2P Chunksize set to 524288[32m [repeated 7x across cluster][0m
[36m(WorkerDict pid=2581935)[0m trial-302172199-trialrun-302172199-worker-0:2581935:2581935 [5] NCCL INFO PROFILER/Plugin: Could not find: libnccl-profiler.so[32m [repeated 7x across cluster][0m
[36m(WorkerDict pid=2581935)[0m trial-302172199-trialrun-302172199-worker-0:2581935:2581935 [5] NCCL INFO Check P2P Type isAllDirectP2p 1 directMode 0 isAllCudaP2p 1[32m [repeated 7x across cluster][0m
[36m(WorkerDict pid=2581935)[0m trial-302172199-trialrun-302172199-worker-0:2581935:2597516 [0] NCCL INFO [Proxy Service] Device 5 CPU core 89[32m [repeated 7x across cluster][0m
[36m(WorkerDict pid=2581935)[0m trial-302172199-trialrun-302172199-worker-0:2581935:2597521 [0] NCCL INFO [Proxy Service UDS] Device 5 CPU core 241[32m [repeated 7x across cluster][0m
[36m(WorkerDict pid=2581931)[0m trial-302172199-trialrun-302172199-worker-0:2581931:2581931 [2] NCCL I
[36m(WorkerDict pid=2581936)[0m trial-302172199-trialrun-302172199-worker-0:2581936:2581936 [7] NC[32m [repeated 2x across cluster][0m
[36m(WorkerDict pid=2581924)[0m Model config after override: Qwen2Config {
[36m(WorkerDict pid=2581924)[0m   "architectures": [
[36m(WorkerDict pid=2581924)[0m     "Qwen2ForCausalLM"
[36m(WorkerDict pid=2581924)[0m   ],
[36m(WorkerDict pid=2581924)[0m   "attention_dropout": 0.0,
[36m(WorkerDict pid=2581924)[0m   "bos_token_id": null,
[36m(WorkerDict pid=2581924)[0m   "dtype": "bfloat16",
[36m(WorkerDict pid=2581924)[0m   "eos_token_id": 151643,
[36m(WorkerDict pid=2581924)[0m   "hidden_act": "silu",
[36m(WorkerDict pid=2581924)[0m   "hidden_size": 3584,
[36m(WorkerDict pid=2581924)[0m   "initializer_range": 0.02,
[36m(WorkerDict pid=2581924)[0m   "intermediate_size": 18944,
[36m(WorkerDict pid=2581924)[0m   "layer_types": [
[36m(WorkerDict pid=2581924)[0m     "full_attention",
[36m(WorkerDict pid=2581924)[0m     "full_attention",
[36m(WorkerDict pid=2581924)[0m     "full_attention",
[36m(WorkerDict pid=2581924)[0m     "full_attention",
[36m(WorkerDict pid=2581924)[0m     "full_attention",
[36m(WorkerDict pid=2581924)[0m     "full_attention",
[36m(WorkerDict pid=2581924)[0m     "full_attention",
[36m(WorkerDict pid=2581924)[0m     "full_attention",
[36m(WorkerDict pid=2581924)[0m     "full_attention",
[36m(WorkerDict pid=2581924)[0m     "full_attention",
[36m(WorkerDict pid=2581924)[0m     "full_attention",
[36m(WorkerDict pid=2581924)[0m     "full_attention",
[36m(WorkerDict pid=2581924)[0m     "full_attention",
[36m(WorkerDict pid=2581924)[0m     "full_attention",
[36m(WorkerDict pid=2581924)[0m     "full_attention",
[36m(WorkerDict pid=2581924)[0m     "full_attention",
[36m(WorkerDict pid=2581924)[0m     "full_attention",
[36m(WorkerDict pid=2581924)[0m     "full_attention",
[36m(WorkerDict pid=2581924)[0m     "full_attention",
[36m(WorkerDict pid=2581924)[0m     "full_attention",
[36m(WorkerDict pid=2581924)[0m     "full_attention",
[36m(WorkerDict pid=2581924)[0m     "full_attention",
[36m(WorkerDict pid=2581924)[0m     "full_attention",
[36m(WorkerDict pid=2581924)[0m     "full_attention",
[36m(WorkerDict pid=2581924)[0m     "full_attention",
[36m(WorkerDict pid=2581924)[0m     "full_attention",
[36m(WorkerDict pid=2581924)[0m     "full_attention",
[36m(WorkerDict pid=2581924)[0m     "full_attention"
[36m(WorkerDict pid=2581924)[0m   ],
[36m(WorkerDict pid=2581924)[0m   "max_position_embeddings": 4096,
[36m(WorkerDict pid=2581924)[0m   "max_window_layers": 28,
[36m(WorkerDict pid=2581932)[0m WARNING:2026-08-01 17:42:46,978:Initializing torch.distributed: rank=4 world_size=8 init_method=tcp://[fdbd:dc61:ff:f000:ffff:ffff:0:16]:43115 master=fdbd:dc61:ff:f000:ffff:ffff:0:16:43115[32m [repeated 7x across cluster][0m
[36m(WorkerDict pid=2581932)[0m [W801 17:42:47.181096665 ProcessGroupNCCL.cpp:932] Warning: TORCH_NCCL_AVOID_RECORD_STREAMS is the default now, this environment variable is thus deprecated. (function operator())[32m [repeated 7x across cluster][0m
[36m(WorkerDict pid=2581932)[0m Loading weights:   0%|          | 0/339 [00:00<?, ?it/s]Loading weights: 100%|██████████| 339/339 [00:00<00:00, 11354.06it/s][32m [repeated 6x across cluster][0m
[36m(WorkerDict pid=2581924)[0m Loading weights:   0%|          | 0/339 [00:00<?, ?it/s]
[36m(WorkerDict pid=2581929)[0m Loading weights:   0%|          | 0/339 [00:00<?, ?it/s]
[36m(WorkerDict pid=2581924)[0m Loading weights:   0%|          | 1/339 [00:01<05:58,  1.06s/it]
[36m(WorkerDict pid=2581924)[0m Loading weights:  93%|█████████▎| 316/339 [00:03<00:00, 105.92it/s]
[36m(WorkerDict pid=2581924)[0m Loading weights:  97%|█████████▋| 329/339 [00:03<00:00, 104.13it/s]Loading weights: 100%|██████████| 339/339 [00:03<00:00, 88.90it/s] 
[36m(WorkerDict pid=2581935)[0m Loading weights:  76%|███████▋  | 259/339 [00:04<00:01, 69.22it/s]Loading weights:  79%|███████▉  | 269/339 [00:04<00:00, 76.06it/s]
[36m(WorkerDict pid=2581932)[0m Loading weights:   0%|          | 0/339 [00:00<?, ?it/s][32m [repeated 6x across cluster][0m
[36m(WorkerDict pid=2581924)[0m WARNING:2026-08-01 17:43:14,462:Dropping unsupported vLLM engine kwargs for this version: ['disable_mm_preprocessor_cache']
[36m(WorkerDict pid=2581934)[0m Loading weights:  91%|█████████ | 309/339 [00:05<00:00, 70.17it/s][32m [repeated 219x across cluster][0m
[36m(WorkerDict pid=2581935)[0m Loading weights: 100%|██████████| 339/339 [00:05<00:00, 60.68it/s][32m [repeated 14x across cluster][0m
[36m(WorkerDict pid=2581934)[0m Loading weights:  99%|█████████▉| 336/339 [00:05<00:00, 75.62it/s]Loading weights: 100%|██████████| 339/339 [00:05<00:00, 59.94it/s][32m [repeated 5x across cluster][0m
[36m(WorkerDict pid=2581929)[0m /mlx_devbox/users/quyanyi/playground/.venvs/ttrl_b200/lib/python3.11/site-packages/nvidia_cutlass_dsl/python_packages/cutlass/cute/core.py:5791: DeprecationWarning: Use explicit `struct.scalar.ptr` for pointer instead.
[36m(WorkerDict pid=2581929)[0m   warnings.warn(
[36m(WorkerDict pid=2581932)[0m WARNING:2026-08-01 17:43:14,462:Dropping unsupported vLLM engine kwargs for this version: ['disable_mm_preprocessor_cache'][32m [repeated 7x across cluster][0m
[36m(WorkerDict pid=2581924)[0m 2026-08-01 17:43:44,319 - INFO - autotuner.py:622 - flashinfer.jit: [Autotuner]: Autotuning process starts ...
[36m(WorkerDict pid=2581924)[0m 2026-08-01 17:43:44,334 - INFO - autotuner.py:641 - flashinfer.jit: [Autotuner]: Autotuning process ends
[36m(WorkerDict pid=2581936)[0m /mlx_devbox/users/quyanyi/playground/.venvs/ttrl_b200/lib/python3.11/site-packages/nvidia_cutlass_dsl/python_packages/cutlass/cute/core.py:5791: DeprecationWarning: Use explicit `struct.scalar.ptr` for pointer instead.[32m [repeated 103x across cluster][0m
[36m(WorkerDict pid=2581936)[0m   warnings.warn([32m [repeated 103x across cluster][0m
[36m(WorkerDict pid=2581924)[0m Capturing CUDA graphs (mixed prefill-decode, PIECEWISE):   0%|          | 0/51 [00:00<?, ?it/s]
[36m(WorkerDict pid=2581924)[0m Capturing CUDA graphs (mixed prefill-decode, PIECEWISE):   8%|▊         | 4/51 [00:00<00:01, 34.60it/s]
[36m(WorkerDict pid=2581924)[0m Capturing CUDA graphs (mixed prefill-decode, PIECEWISE):  16%|█▌        | 8/51 [00:00<00:01, 32.84it/s]
[36m(WorkerDict pid=2581924)[0m Capturing CUDA graphs (mixed prefill-decode, PIECEWISE):  24%|██▎       | 12/51 [00:00<00:01, 32.27it/s]
[36m(WorkerDict pid=2581924)[0m Capturing CUDA graphs (mixed prefill-decode, PIECEWISE):  31%|███▏      | 16/51 [00:00<00:01, 30.86it/s]
[36m(WorkerDict pid=2581924)[0m Capturing CUDA graphs (mixed prefill-decode, PIECEWISE):  39%|███▉      | 20/51 [00:00<00:00, 31.28it/s]
[36m(WorkerDict pid=2581924)[0m Capturing CUDA graphs (mixed prefill-decode, PIECEWISE):  47%|████▋     | 24/51 [00:00<00:00, 30.46it/s]
[36m(WorkerDict pid=2581924)[0m Capturing CUDA graphs (mixed prefill-decode, PIECEWISE):  55%|█████▍    | 28/51 [00:00<00:00, 30.68it/s]
[36m(WorkerDict pid=2581924)[0m Capturing CUDA graphs (mixed prefill-decode, PIECEWISE):  63%|██████▎   | 32/51 [00:01<00:00, 30.12it/s]
[36m(WorkerDict pid=2581924)[0m Capturing CUDA graphs (mixed prefill-decode, PIECEWISE):  71%|███████   | 36/51 [00:01<00:00, 30.24it/s]
[36m(WorkerDict pid=2581924)[0m Capturing CUDA graphs (mixed prefill-decode, PIECEWISE):  78%|███████▊  | 40/51 [00:01<00:00, 29.67it/s]
[36m(WorkerDict pid=2581924)[0m Capturing CUDA graphs (mixed prefill-decode, PIECEWISE):  84%|████████▍ | 43/51 [00:01<00:00, 29.38it/s]
[36m(WorkerDict pid=2581924)[0m Capturing CUDA graphs (mixed prefill-decode, PIECEWISE):  90%|█████████ | 46/51 [00:01<00:00, 29.17it/s]
[36m(WorkerDict pid=2581924)[0m Capturing CUDA graphs (mixed prefill-decode, PIECEWISE):  98%|█████████▊| 50/51 [00:01<00:00, 29.89it/s]
[36m(WorkerDict pid=2581924)[0m Capturing CUDA graphs (mixed prefill-decode, PIECEWISE): 100%|██████████| 51/51 [00:01<00:00, 30.04it/s]
[36m(WorkerDict pid=2581924)[0m Capturing CUDA graphs (decode, FULL):   0%|          | 0/51 [00:00<?, ?it/s]
[36m(WorkerDict pid=2581924)[0m Capturing CUDA graphs (decode, FULL):   8%|▊         | 4/51 [00:00<00:01, 38.92it/s]Capturing CUDA graphs (decode, FULL):  16%|█▌        | 8/51 [00:00<00:01, 39.14it/s]
[36m(WorkerDict pid=2581924)[0m Capturing CUDA graphs (decode, FULL):  24%|██▎       | 12/51 [00:00<00:00, 39.13it/s]
[36m(WorkerDict pid=2581924)[0m Capturing CUDA graphs (decode, FULL):  31%|███▏      | 16/51 [00:00<00:00, 39.01it/s]
[36m(WorkerDict pid=2581924)[0m Capturing CUDA graphs (decode, FULL):  39%|███▉      | 20/51 [00:00<00:00, 37.21it/s]
[36m(WorkerDict pid=2581924)[0m Capturing CUDA graphs (decode, FULL):  47%|████▋     | 24/51 [00:00<00:00, 37.78it/s]
[36m(WorkerDict pid=2581924)[0m Capturing CUDA graphs (decode, FULL):  55%|█████▍    | 28/51 [00:00<00:00, 38.07it/s]
[36m(WorkerDict pid=2581924)[0m Capturing CUDA graphs (decode, FULL):  63%|██████▎   | 32/51 [00:00<00:00, 38.20it/s]
[36m(WorkerDict pid=2581924)[0m Capturing CUDA graphs (decode, FULL):  71%|███████   | 36/51 [00:00<00:00, 38.15it/s]
[36m(WorkerDict pid=2581924)[0m Capturing CUDA graphs (decode, FULL):  78%|███████▊  | 40/51 [00:01<00:00, 37.82it/s]
[36m(WorkerDict pid=2581924)[0m Capturing CUDA graphs (decode, FULL):  86%|████████▋ | 44/51 [00:01<00:00, 34.88it/s]
[36m(WorkerDict pid=2581932)[0m 2026-08-01 17:43:44,319 - INFO - autotuner.py:622 - flashinfer.jit: [Autotuner]: Autotuning process starts ...[32m [repeated 7x across cluster][0m
[36m(WorkerDict pid=2581932)[0m 2026-08-01 17:43:44,333 - INFO - autotuner.py:641 - flashinfer.jit: [Autotuner]: Autotuning process ends[32m [repeated 7x across cluster][0m
[36m(WorkerDict pid=2581928)[0m /mlx_devbox/users/quyanyi/playground/.venvs/ttrl_b200/lib/python3.11/site-packages/nvidia_cutlass_dsl/python_packages/cutlass/cute/core.py:5791: DeprecationWarning: Use explicit `struct.scalar.ptr` for pointer instead.
[36m(WorkerDict pid=2581928)[0m   warnings.warn(
[36m(WorkerDict pid=2581924)[0m /mlx_devbox/users/quyanyi/playground/.venvs/ttrl_b200/lib/python3.11/site-packages/nvidia_cutlass_dsl/python_packages/cutlass/cute/core.py:5791: DeprecationWarning: Use explicit `struct.scalar.ptr` for pointer instead.
[36m(WorkerDict pid=2581924)[0m   warnings.warn(
[36m(WorkerDict pid=2581924)[0m /mlx_devbox/users/quyanyi/playground/.venvs/ttrl_b200/lib/python3.11/site-packages/nvidia_cutlass_dsl/python_packages/cutlass/cute/core.py:5791: DeprecationWarning: Use explicit `struct.scalar.ptr` for pointer instead.
[36m(WorkerDict pid=2581924)[0m   warnings.warn(
[36m(WorkerDict pid=2581924)[0m /mlx_devbox/users/quyanyi/playground/.venvs/ttrl_b200/lib/python3.11/site-packages/nvidia_cutlass_dsl/python_packages/cutlass/cute/core.py:5791: DeprecationWarning: Use explicit `struct.scalar.ptr` for pointer instead.
[36m(WorkerDict pid=2581924)[0m   warnings.warn(
[36m(WorkerDict pid=2581924)[0m Capturing CUDA graphs (decode, FULL):  86%|████████▋ | 44/51 [00:11<00:00, 34.88it/s]
[36m(WorkerDict pid=2581932)[0m /mlx_devbox/users/quyanyi/playground/.venvs/ttrl_b200/lib/python3.11/site-packages/nvidia_cutlass_dsl/python_packages/cutlass/cute/core.py:5791: DeprecationWarning: Use explicit `struct.scalar.ptr` for pointer instead.[32m [repeated 100x across cluster][0m
[36m(WorkerDict pid=2581932)[0m   warnings.warn([32m [repeated 100x across cluster][0m
[36m(WorkerDict pid=2581924)[0m Capturing CUDA graphs (decode, FULL):  92%|█████████▏| 47/51 [00:12<00:03,  1.08it/s]
[36m(WorkerDict pid=2581924)[0m Capturing CUDA graphs (decode, FULL): 100%|██████████| 51/51 [00:12<00:00,  1.56it/s]Capturing CUDA graphs (decode, FULL): 100%|██████████| 51/51 [00:12<00:00,  4.15it/s]
[36m(WorkerDict pid=2581928)[0m /mlx_devbox/users/quyanyi/playground/TTRL/verl/verl/workers/sharding_manager/fsdp_vllm.py:97: FutureWarning: FSDP.state_dict_type() and FSDP.set_state_dict_type() are being deprecated. Please use APIs, get_state_dict() and set_state_dict(), which can support different parallelisms, FSDP1, FSDP2, DDP. API doc: https://pytorch.org/docs/stable/distributed.checkpoint.html#torch.distributed.checkpoint.state_dict.get_state_dict .Tutorial: https://pytorch.org/tutorials/recipes/distributed_checkpoint_recipe.html .
[36m(WorkerDict pid=2581928)[0m   FSDP.set_state_dict_type(
[36m(TaskRunner pid=2581925)[0m Training Progress:   0%|          | 0/2 [00:00<?, ?it/s]
[36m(WorkerDict pid=2581924)[0m /mlx_devbox/users/quyanyi/playground/.venvs/ttrl_b200/lib/python3.11/site-packages/nvidia_cutlass_dsl/python_packages/cutlass/cute/core.py:5791: DeprecationWarning: Use explicit `struct.scalar.ptr` for pointer instead.[32m [repeated 3x across cluster][0m
[36m(WorkerDict pid=2581924)[0m   warnings.warn([32m [repeated 3x across cluster][0m
[36m(WorkerDict pid=2581932)[0m /mlx_devbox/users/quyanyi/playground/TTRL/verl/verl/workers/sharding_manager/fsdp_vllm.py:97: FutureWarning: FSDP.state_dict_type() and FSDP.set_state_dict_type() are being deprecated. Please use APIs, get_state_dict() and set_state_dict(), which can support different parallelisms, FSDP1, FSDP2, DDP. API doc: https://pytorch.org/docs/stable/distributed.checkpoint.html#torch.distributed.checkpoint.state_dict.get_state_dict .Tutorial: https://pytorch.org/tutorials/recipes/distributed_checkpoint_recipe.html .[32m [repeated 7x across cluster][0m
[36m(WorkerDict pid=2581932)[0m   FSDP.set_state_dict_type([32m [repeated 7x across cluster][0m
[36m(TaskRunner pid=2581925)[0m <string>:1: SyntaxWarning: 'set' object is not callable; perhaps you missed a comma?
[36m(WorkerDict pid=2581932)[0m /mlx_devbox/users/quyanyi/playground/.venvs/ttrl_b200/lib/python3.11/site-packages/nvidia_cutlass_dsl/python_packages/cutlass/cute/core.py:5791: DeprecationWarning: Use explicit `struct.scalar.ptr` for pointer instead.[32m [repeated 101x across cluster][0m
[36m(WorkerDict pid=2581932)[0m   warnings.warn([32m [repeated 101x across cluster][0m
[36m(TaskRunner pid=2581925)[0m <string>:1: SyntaxWarning: 'set' object is not callable; perhaps you missed a comma?
[36m(TaskRunner pid=2581925)[0m <string>:1: SyntaxWarning: 'set' object is not callable; perhaps you missed a comma?
[36m(TaskRunner pid=2581925)[0m <string>:1: SyntaxWarning: 'set' object is not callable; perhaps you missed a comma?
[36m(WorkerDict pid=2581924)[0m   "model_type": "qwen2",
[36m(WorkerDict pid=2581924)[0m   "num_attention_heads": 28,
[36m(WorkerDict pid=2581924)[0m   "num_hidden_layers": 28,
[36m(WorkerDict pid=2581924)[0m   "num_key_value_heads": 4,
[36m(WorkerDict pid=2581924)[0m   "pad_token_id": 151643,
[36m(WorkerDict pid=2581924)[0m   "rms_norm_eps": 1e-06,
[36m(WorkerDict pid=2581924)[0m   "rope_parameters": {
[36m(WorkerDict pid=2581924)[0m     "rope_theta": 10000,
[36m(WorkerDict pid=2581924)[0m     "rope_type": "default"
[36m(WorkerDict pid=2581924)[0m   },
[36m(WorkerDict pid=2581924)[0m   "sliding_window": null,
[36m(WorkerDict pid=2581924)[0m   "tie_word_embeddings": false,
[36m(WorkerDict pid=2581924)[0m   "transformers_version": "5.12.1",
[36m(WorkerDict pid=2581924)[0m   "use_cache": true,
[36m(WorkerDict pid=2581924)[0m   "use_mrope": false,
[36m(WorkerDict pid=2581924)[0m   "use_sliding_window": false,
[36m(WorkerDict pid=2581924)[0m   "vocab_size": 152064
[36m(WorkerDict pid=2581924)[0m }
[36m(WorkerDict pid=2581924)[0m 
[36m(WorkerDict pid=2581935)[0m trial-302172199-trialrun-302172199-worker-0:2581935:2581935 [5] NCCL INFO TUNER/Plugin: Could not find: libnccl-tuner.so[32m [repeated 7x across cluster][0m
[36m(WorkerDict pid=2581935)[0m trial-302172199-trialrun-302172199-worker-0:2581935:2581935 [5] NCCL INFO threadThresholds 8/8/64 | 64/8/64 | 512 | 512[32m [repeated 7x across cluster][0m
[36m(WorkerDict pid=2581935)[0m trial-302172199-trialrun-302172199-worker-0:2581935:2581935 [5] NCCL INFO 32 coll channels, 32 collnet channels, 24 nvls channels, 32 p2p channels, 32 p2p channels per peer[32m [repeated 7x across cluster][0m
[36m(WorkerDict pid=2581935)[0m trial-302172199-trialrun-302172199-worker-0:2581935:2581935 [5] NCCL INFO ncclCommInitRankConfig comm 0xf504040 rank 5 nranks 8 cudaDev 5 nvmlDev 5 busId a8000 commId 0xe70b919ba6ecef1f - Init COMPLETE[32m [repeated 7x across cluster][0m
[36m(WorkerDict pid=2581935)[0m trial-302172199-trialrun-302172199-worker-0:2581935:2581935 [5] NCCL INFO Init timings - ncclCommInitRankConfig: rank 5 nranks 8 total 3.18 (kernels 0.33, alloc 0.68, bootstrap 0.11, allgathers 0.02, topo 1.61, graphs 0.03, connections 0.39, rest 0.00)[32m [repeated 7x across cluster][0m
[36m(WorkerDict pid=2581935)[0m trial-302172199-trialrun-302172199-worker-0:2581935:2581935 [5] NCCL INFO Channel 13/0 : 5[5] -> 6[6] via P2P/CUMEM[32m [repeated 106x across cluster][0m
[36m(WorkerDict pid=2581931)[0m NFO Ring 30 : 1 -> 2 -> 3
[36m(WorkerDict pid=2581935)[0m trial-302172199-trialrun-302172199-worker-0:2581935:2581935 [5] NCCL INFO ncclP2pSchedule: group size used is 8[32m [repeated 6x across cluster][0m
[36m(WorkerDict pid=2581935)[0m trial-302172199-trialrun-302172199-worker-0:2581935:2581935 [5] NCCL INFO Channel 14/0 : 5[5] -> [32m [repeated 2x across cluster][0m
[36m(WorkerDict pid=2581935)[0m CL INFO Ring 30 : 4 -> 5 -> 6
[36m(WorkerDict pid=2581924)[0m actor attention implementation verified: sdpa
[36m(WorkerDict pid=2581924)[0m [PowerFlow] Added proj_z (layers=3, hidden=3584, init_offset=1.08)
[36m(WorkerDict pid=2581924)[0m Monkey patch _flash_attention_forward in transformers.integrations.flash_attention
[36m(WorkerDict pid=2581924)[0m Using Triton backend for fused kernels in Qwen2ForCausalLM
[36m(WorkerDict pid=2581924)[0m Qwen2ForCausalLM contains 7.64B parameters
[36m(WorkerDict pid=2581924)[0m [PowerFlow] Updated auto_wrap_policy to wrap ProjZModule
[36m(WorkerDict pid=2581924)[0m wrap_policy: <function ActorRolloutRefWorker._build_model_optimizer.<locals>.powerflow_wrap_policy at 0x7f6b59a22fc0>
[36m(WorkerDict pid=2581924)[0m Total steps: 2, num_warmup_steps: 0
[36m(WorkerDict pid=2581924)[0m Actor use_remove_padding=True
[36m(WorkerDict pid=2581924)[0m Actor use_fused_kernels=True
[36m(WorkerDict pid=2581935)[0m Monkey patch _flash_attention_forward in transformers.integrations.flash_attention[32m [repeated 7x across cluster][0m
[36m(WorkerDict pid=2581935)[0m Using Triton backend for fused kernels in Qwen2ForCausalLM[32m [repeated 7x across cluster][0m
[36m(WorkerDict pid=2581928)[0m kwargs: {'n': 1, 'logprobs': 1, 'max_tokens': 1024, 'repetition_penalty': 1.0, 'detokenize': False, 'temperature': 1.0, 'top_k': -1, 'top_p': 1, 'ignore_eos': False}
[36m(TaskRunner pid=2581925)[0m Checkpoint tracker file does not exist: /tmp/ttrl_b200/checkpoints/ttrl_chunk_state_powerflow_support_flow_gain_mid_c128_b32_r32_v64_2step_20260801/latest_checkpointed_iteration.txt
[36m(TaskRunner pid=2581925)[0m Training from scratch
[36m(WorkerDict pid=2581924)[0m WARNING 08-01 17:44:00 [jit_monitor.py:106] Triton kernel JIT compilation during inference: _compute_slot_mapping_kernel. This causes a latency spike; consider extending warmup to cover this shape/config.
[36m(TaskRunner pid=2581925)[0m [Shutdown] 2 subprocess(es) terminated.
[36m(WorkerDict pid=2581932)[0m kwargs: {'n': 1, 'logprobs': 1, 'max_tokens': 1024, 'repetition_penalty': 1.0, 'detokenize': False, 'temperature': 1.0, 'top_k': -1, 'top_p': 1, 'ignore_eos': False}[32m [repeated 7x across cluster][0m
[36m(TaskRunner pid=2581925)[0m [Shutdown] 4 subprocess(es) terminated.
[36m(TaskRunner pid=2581925)[0m [Shutdown] 4 subprocess(es) terminated.
[36m(WorkerDict pid=2581924)[0m WARNING 08-01 17:44:58 [jit_monitor.py:106] Triton kernel JIT compilation during inference: efficient_entropy_kernel_general_mainloop. This causes a latency spike; consider extending warmup to cover this shape/config.
[36m(WorkerDict pid=2581924)[0m WARNING 08-01 17:44:58 [jit_monitor.py:106] Triton kernel JIT compilation during inference: efficient_entropy_triton_kernel_epilogue. This causes a latency spike; consider extending warmup to cover this shape/config.
[36m(WorkerDict pid=2581924)[0m WARNING 08-01 17:44:59 [jit_monitor.py:106] Triton kernel JIT compilation during inference: efficient_entropy_backward_kernel_general_d_logits_split_N. This causes a latency spike; consider extending warmup to cover this shape/config.
[36m(TaskRunner pid=2581925)[0m Training Progress:  50%|█████     | 1/2 [01:01<01:01, 61.76s/it]
[36m(TaskRunner pid=2581925)[0m step:1 - chunk_state_source/selected_original_acc_mean:0.844 - chunk_state_source/prompt_original_pass:0.906 - chunk_state_source/prompt_original_mean:0.354 - chunk_state_source/selected_majority_consistent_mean:1.000 - chunk_state_source/prompt_majority_ratio_mean:0.361 - chunk_state_source/prompt_majority_pass:1.000 - chunk_state_support_anchor/enabled:1.000 - chunk_state_support_anchor/count:4.000 - chunk_state_support_anchor/candidate_start:0.000 - chunk_state_support_anchor/min_mass:0.031 - chunk_state_support_anchor/injected_ratio:0.984 - chunk_state_support_anchor/state_keep_ratio:1.000 - chunk_state_support_anchor/skipped_no_anchor_ratio:0.000 - chunk_state_support_anchor/score_mean:0.144 - chunk_state_support_anchor/positive_candidate_ratio:0.492 - chunk_state_support_anchor/anchor_mass_mean:0.292 - chunk_state_support_anchor/anchor_mass_max:0.893 - chunk_state_support_anchor/anchor_len_mean:119.214 - chunk_state_support_anchor/selected_rank_mean:1.484 - chunk_state_probe/skipped_for_support_flow:1.000 - chunk_state_support_flow/score_type_mass:0.000 - chunk_state_support_flow/score_type_gain:1.000 - chunk_state_support_flow/score_type_relative_gain:0.000 - chunk_state_support_flow/gain_slack:0.031 - chunk_state_support_flow/baseline_scale:1.000 - chunk_state_support_flow/source_prior_weight:1.000 - chunk_state_support_flow/min_positive_margin:-1.000 - chunk_state_support_flow/anchor_mass_mean:0.144 - chunk_state_support_flow/source_mass_mean:0.472 - chunk_state_support_flow/positive_margin_mean:-0.104 - chunk_state_support_flow/state_keep_ratio:1.000 - chunk_state_support_flow/score_mean:0.007 - chunk_state_support_flow/score_max_mean:0.021 - chunk_state_support_flow/label_consistent_ratio:0.238 - chunk_state_support_flow/raw_positive_ratio:0.007 - chunk_state_score/mode_majority_completion:0.000 - chunk_state_score/mode_answer_consensus:0.000 - chunk_state_score/mode_answer_distribution:0.000 - chunk_state_score/mode_answer_value_gain:0.000 - chunk_state_score/mode_answer_value_margin:0.000 - chunk_state_score/mode_answer_support_mass:0.000 - chunk_state_score/mode_future_support_gain:0.000 - chunk_state_score/mode_support_anchor:0.000 - chunk_state_score/mode_support_flow:1.000 - chunk_state_score/mode_answer_source_consistency:0.000 - chunk_state_diag/boundary_mean:464.000 - chunk_state_diag/boundary_min:0.000 - chunk_state_diag/boundary_max:768.000 - chunk_state_diag/boundary_zero_ratio:0.094 - chunk_state_diag/skipped_short_sources:0.000 - chunk_state_diag/skipped_support_sources:0.000 - chunk_state_diag/majority_consistent_fallbacks:0.000 - chunk_state_diag/real_state_count:32.000 - chunk_state_diag/pad_state_count:0.000 - chunk_state_diag/loss_weight_mean:1.000 - chunk_state_diag/source_response_len_mean:932.438 - chunk_state_diag/probe_score_std:0.013 - chunk_state_diag/state_probe_mean_max:0.016 - chunk_state_diag/state_probe_mean_min:0.000 - chunk_state_diag/state_all_positive_ratio:0.000 - chunk_state_diag/state_all_negative_ratio:0.344 - chunk_state_diag/state_mixed_ratio:0.656 - chunk_state_diag/source_majority_consistent_mean:1.000 - chunk_state_diag/source_prompt_majority_ratio_mean:0.361 - chunk_state_diag/source_answer_mass_mean:0.472 - chunk_state_diag/source_answer_mass_min:0.154 - chunk_state_diag/source_prompt_top_mass_mean:0.472 - chunk_state_diag/source_prompt_top_mass_min:0.154 - chunk_state_diag/source_pseudo_acc_mean:0.875 - chunk_state_diag/source_original_acc_mean:0.844 - chunk_state_diag/prompt_pseudo_mean:0.344 - chunk_state_diag/prompt_original_mean:0.354 - chunk_state_diag/prompt_original_pass:0.906 - chunk_state_diag/probe_mean_source_original_correct:0.008 - chunk_state_diag/probe_mean_source_original_wrong:0.006 - chunk_state_diag/source_original_correct_ratio:0.844 - chunk_state_diag/jsonl_rows:32.000 - chunk_state/num_states:32.000 - chunk_state/real_states:32.000 - chunk_state/pad_states:0.000 - chunk_state/num_candidates:256.000 - chunk_state/num_actor_samples:56.000 - chunk_state/loss_weight_mean:1.000 - chunk_state/base_loss_weight_mean:1.000 - chunk_state/zeroed_state_ratio:0.344 - chunk_state/confidence_gate_ratio:1.000 - chunk_state/confidence_weight_mean:1.000 - chunk_state/future_support_keep_ratio:1.000 - chunk_state/majority_ratio_mean:0.472 - chunk_state/answer_coverage_mean:0.492 - chunk_state/positive_ratio:0.007 - chunk_state/label_consistent_only:1.000 - chunk_state/zero_inconsistent_candidates:1.000 - chunk_state/prune_zero_weight_samples:1.000 - chunk_state/prune_padded_to_shards:0.000 - chunk_state/pruned_sample_ratio:0.781 - chunk_state/label_consistent_ratio:0.238 - chunk_state/informative_ratio:0.656 - chunk_state/kept_state_ratio:0.656 - chunk_state/target_entropy:1.329 - chunk_state/target_prior_mean:1.000 - chunk_state/target_prior_max:1.000 - chunk_state/weight_max:1.000 - chunk_state/weight_min:0.000 - chunk_state/powerflow_weight_clip:4.000 - chunk_state/powerflow_weight_clip_renorm:1.000 - chunk_state/powerflow_weight_before_clip_max:8.000 - chunk_state/powerflow_weight_before_clip_mean:2.821 - chunk_state/powerflow_weight_mean:1.000 - chunk_state/powerflow_weight_max:1.623 - chunk_state/powerflow_weight_min:0.812 - chunk_state/boxed_reward_mean:0.031 - chunk_state/boxed_reward_weighted_mean:0.031 - chunk_state/actor_batch_powerflow_weight_nonzero_ratio:1.000 - chunk_state/actor_batch_powerflow_weight_shard0_mean:1.082 - chunk_state/actor_batch_powerflow_weight_shard0_nonzero_ratio:1.000 - chunk_state/actor_batch_powerflow_weight_shard_mean_low:0.966 - chunk_state/actor_batch_powerflow_weight_shard_mean_high:1.082 - chunk_state/actor_batch_powerflow_weight_zero_shard_ratio:0.000 - chunk_state_actor_span/mode_chunk:1.000 - chunk_state_actor_span/response_len_mean:119.316 - chunk_state_actor_span/truncated_ratio:0.000 - actor/pg_loss:1.997 - actor/powerflow_loss:1.997 - actor/log_prob:-0.561 - actor/old_log_prob:0.000 - actor/ref_log_prob:-0.560 - actor/ref_log_prob/std:0.000 - actor/boxed_reward/mean:0.022 - actor/boxed_reward/min:0.000 - actor/boxed_reward/max:0.031 - actor/powerflow_weight/mean:1.082 - actor/powerflow_weight/min:0.812 - actor/powerflow_weight/max:1.623 - actor/powerflow_weight/nonzero_ratio:1.000 - actor/powerflow_local_batch_size:1.000 - actor/log_z:-0.580 - actor/importance_weight:0.800 - actor/powerflow_chunk_loss_target_only:0.000 - actor/ppo_kl:0.561 - actor/ref_kl:0.001 - actor/beta_coef:4.000 - actor/cispo_mask_ratio:0.261 - actor/cispo_dropped_tokens:32.714 - actor/condition_1_count:0.000 - actor/condition_2_count:32.714 - actor/pg_clipfrac:0.000 - actor/pg_clipfrac_lower:0.000 - actor/grad_norm:54.931 - perf/mfu/actor:0.000 - perf/max_memory_allocated_gb:159.978 - perf/max_memory_reserved_gb:176.219 - perf/cpu_memory_used_gb:788.160 - actor/lr:0.000 - timing_s/generate_sequences:19.453 - timing_s/reshard:0.302 - timing_s/gen:39.576 - timing_s/chunk_state_make_states:0.012 - timing_s/chunk_state_chunks/generate_sequences:0.541 - timing_s/chunk_state_chunks/reshard:0.460 - timing_s/chunk_state_chunks:1.154 - timing_s/chunk_state_score:4.526 - timing_s/chunk_state_build_actor_batch:0.011 - timing_s/chunk_state_ref:4.672 - timing_s/update_actor:2.364 - timing_per_token_ms/gen:0.058 - timing_per_token_ms/update_actor:0.003
[36m(TaskRunner pid=2581925)[0m [Shutdown] 5 subprocess(es) terminated.
[36m(TaskRunner pid=2581925)[0m [Shutdown] 5 subprocess(es) terminated.
[36m(TaskRunner pid=2581925)[0m [Shutdown] 6 subprocess(es) terminated.
[36m(TaskRunner pid=2581925)[0m Training Progress:  50%|█████     | 1/2 [01:28<01:28, 88.26s/it]
[36m(TaskRunner pid=2581925)[0m Traceback (most recent call last):
[36m(TaskRunner pid=2581925)[0m   File "/usr/lib/python3.11/weakref.py", line 666, in _exitfunc
[36m(TaskRunner pid=2581925)[0m     f()
[36m(TaskRunner pid=2581925)[0m   File "/usr/lib/python3.11/weakref.py", line 590, in __call__
[36m(TaskRunner pid=2581925)[0m     return info.func(*info.args, **(info.kwargs or {}))
[36m(TaskRunner pid=2581925)[0m            ^^^^^^^^^^^^^^^^^^^^^^^^^^^^^^^^^^^^^^^^^^^^
[36m(TaskRunner pid=2581925)[0m   File "/mlx_devbox/users/quyanyi/playground/.venvs/ttrl_b200/lib/python3.11/site-packages/torch/library.py", line 476, in _del_library
[36m(TaskRunner pid=2581925)[0m     handle.destroy()
[36m(TaskRunner pid=2581925)[0m   File "/mlx_devbox/users/quyanyi/playground/.venvs/ttrl_b200/lib/python3.11/site-packages/torch/_library/utils.py", line 32, in destroy
[36m(TaskRunner pid=2581925)[0m     def destroy(self) -> None:
[36m(TaskRunner pid=2581925)[0m 
[36m(TaskRunner pid=2581925)[0m   File "/mlx_devbox/users/quyanyi/playground/.venvs/ttrl_b200/lib/python3.11/site-packages/torch/utils/data/_utils/signal_handling.py", line 73, in handler
[36m(TaskRunner pid=2581925)[0m     _error_if_any_worker_fails()
[36m(TaskRunner pid=2581925)[0m RuntimeError: DataLoader worker (pid 2600362) is killed by signal: Killed. 
[36m(TaskRunner pid=2581925)[0m step:2 - chunk_state_source/selected_original_acc_mean:0.750 - chunk_state_source/prompt_original_pass:0.812 - chunk_state_source/prompt_original_mean:0.301 - chunk_state_source/selected_majority_consistent_mean:1.000 - chunk_state_source/prompt_majority_ratio_mean:0.324 - chunk_state_source/prompt_majority_pass:1.000 - chunk_state_support_anchor/enabled:1.000 - chunk_state_support_anchor/count:4.000 - chunk_state_support_anchor/candidate_start:0.000 - chunk_state_support_anchor/min_mass:0.031 - chunk_state_support_anchor/injected_ratio:0.984 - chunk_state_support_anchor/state_keep_ratio:1.000 - chunk_state_support_anchor/skipped_no_anchor_ratio:0.000 - chunk_state_support_anchor/score_mean:0.148 - chunk_state_support_anchor/positive_candidate_ratio:0.492 - chunk_state_support_anchor/anchor_mass_mean:0.300 - chunk_state_support_anchor/anchor_mass_max:0.935 - chunk_state_support_anchor/anchor_len_mean:115.817 - chunk_state_support_anchor/selected_rank_mean:1.484 - chunk_state_probe/skipped_for_support_flow:1.000 - chunk_state_support_flow/score_type_mass:0.000 - chunk_state_support_flow/score_type_gain:1.000 - chunk_state_support_flow/score_type_relative_gain:0.000 - chunk_state_support_flow/gain_slack:0.031 - chunk_state_support_flow/baseline_scale:1.000 - chunk_state_support_flow/source_prior_weight:1.000 - chunk_state_support_flow/min_positive_margin:-1.000 - chunk_state_support_flow/anchor_mass_mean:0.148 - chunk_state_support_flow/source_mass_mean:0.446 - chunk_state_support_flow/positive_margin_mean:-0.078 - chunk_state_support_flow/state_keep_ratio:1.000 - chunk_state_support_flow/score_mean:0.008 - chunk_state_support_flow/score_max_mean:0.021 - chunk_state_support_flow/label_consistent_ratio:0.258 - chunk_state_support_flow/raw_positive_ratio:0.008 - chunk_state_score/mode_majority_completion:0.000 - chunk_state_score/mode_answer_consensus:0.000 - chunk_state_score/mode_answer_distribution:0.000 - chunk_state_score/mode_answer_value_gain:0.000 - chunk_state_score/mode_answer_value_margin:0.000 - chunk_state_score/mode_answer_support_mass:0.000 - chunk_state_score/mode_future_support_gain:0.000 - chunk_state_score/mode_support_anchor:0.000 - chunk_state_score/mode_support_flow:1.000 - chunk_state_score/mode_answer_source_consistency:0.000 - chunk_state_diag/boundary_mean:448.000 - chunk_state_diag/boundary_min:0.000 - chunk_state_diag/boundary_max:768.000 - chunk_state_diag/boundary_zero_ratio:0.031 - chunk_state_diag/skipped_short_sources:0.000 - chunk_state_diag/skipped_support_sources:0.000 - chunk_state_diag/majority_consistent_fallbacks:0.000 - chunk_state_diag/real_state_count:32.000 - chunk_state_diag/pad_state_count:0.000 - chunk_state_diag/loss_weight_mean:1.000 - chunk_state_diag/source_response_len_mean:911.375 - chunk_state_diag/probe_score_std:0.014 - chunk_state_diag/state_probe_mean_max:0.016 - chunk_state_diag/state_probe_mean_min:0.000 - chunk_state_diag/state_all_positive_ratio:0.000 - chunk_state_diag/state_all_negative_ratio:0.344 - chunk_state_diag/state_mixed_ratio:0.656 - chunk_state_diag/source_majority_consistent_mean:1.000 - chunk_state_diag/source_prompt_majority_ratio_mean:0.324 - chunk_state_diag/source_answer_mass_mean:0.446 - chunk_state_diag/source_answer_mass_min:0.077 - chunk_state_diag/source_prompt_top_mass_mean:0.446 - chunk_state_diag/source_prompt_top_mass_min:0.077 - chunk_state_diag/source_pseudo_acc_mean:0.719 - chunk_state_diag/source_original_acc_mean:0.750 - chunk_state_diag/prompt_pseudo_mean:0.291 - chunk_state_diag/prompt_original_mean:0.301 - chunk_state_diag/prompt_original_pass:0.812 - chunk_state_diag/probe_mean_source_original_correct:0.008 - chunk_state_diag/probe_mean_source_original_wrong:0.009 - chunk_state_diag/source_original_correct_ratio:0.750 - chunk_state_diag/jsonl_rows:32.000 - chunk_state/num_states:32.000 - chunk_state/real_states:32.000 - chunk_state/pad_states:0.000 - chunk_state/num_candidates:256.000 - chunk_state/num_actor_samples:64.000 - chunk_state/loss_weight_mean:1.000 - chunk_state/base_loss_weight_mean:1.000 - chunk_state/zeroed_state_ratio:0.344 - chunk_state/confidence_gate_ratio:1.000 - chunk_state/confidence_weight_mean:1.000 - chunk_state/future_support_keep_ratio:1.000 - chunk_state/majority_ratio_mean:0.446 - chunk_state/answer_coverage_mean:0.492 - chunk_state/positive_ratio:0.008 - chunk_state/label_consistent_only:1.000 - chunk_state/zero_inconsistent_candidates:1.000 - chunk_state/prune_zero_weight_samples:1.000 - chunk_state/prune_padded_to_shards:0.000 - chunk_state/pruned_sample_ratio:0.750 - chunk_state/label_consistent_ratio:0.258 - chunk_state/informative_ratio:0.656 - chunk_state/kept_state_ratio:0.656 - chunk_state/target_entropy:1.412 - chunk_state/target_prior_mean:1.000 - chunk_state/target_prior_max:1.000 - chunk_state/weight_max:1.000 - chunk_state/weight_min:0.000 - chunk_state/powerflow_weight_clip:4.000 - chunk_state/powerflow_weight_clip_renorm:1.000 - chunk_state/powerflow_weight_before_clip_max:8.000 - chunk_state/powerflow_weight_before_clip_mean:2.562 - chunk_state/powerflow_weight_mean:1.000 - chunk_state/powerflow_weight_max:1.641 - chunk_state/powerflow_weight_min:0.821 - chunk_state/boxed_reward_mean:0.031 - chunk_state/boxed_reward_weighted_mean:0.031 - chunk_state/actor_batch_powerflow_weight_nonzero_ratio:1.000 - chunk_state/actor_batch_powerflow_weight_shard0_mean:1.060 - chunk_state/actor_batch_powerflow_weight_shard0_nonzero_ratio:1.000 - chunk_state/actor_batch_powerflow_weight_shard_mean_low:0.957 - chunk_state/actor_batch_powerflow_weight_shard_mean_high:1.060 - chunk_state/actor_batch_powerflow_weight_zero_shard_ratio:0.000 - chunk_state_actor_span/mode_chunk:1.000 - chunk_state_actor_span/response_len_mean:117.438 - chunk_state_actor_span/truncated_ratio:0.000 - actor/pg_loss:1.668 - actor/powerflow_loss:1.668 - actor/log_prob:-0.638 - actor/old_log_prob:0.000 - actor/ref_log_prob:-0.639 - actor/ref_log_prob/std:0.000 - actor/boxed_reward/mean:0.031 - actor/boxed_reward/min:0.031 - actor/boxed_reward/max:0.031 - actor/powerflow_weight/mean:1.060 - actor/powerflow_weight/min:0.821 - actor/powerflow_weight/max:1.641 - actor/powerflow_weight/nonzero_ratio:1.000 - actor/powerflow_local_batch_size:1.000 - actor/log_z:-0.651 - actor/importance_weight:0.800 - actor/powerflow_chunk_loss_target_only:0.000 - actor/ppo_kl:0.638 - actor/ref_kl:-0.001 - actor/beta_coef:4.000 - actor/cispo_mask_ratio:0.210 - actor/cispo_dropped_tokens:26.375 - actor/condition_1_count:0.000 - actor/condition_2_count:26.375 - actor/pg_clipfrac:0.000 - actor/pg_clipfrac_lower:0.000 - actor/grad_norm:81.791 - perf/mfu/actor:0.000 - perf/max_memory_allocated_gb:162.995 - perf/max_memory_reserved_gb:176.219 - perf/cpu_memory_used_gb:788.267 - actor/lr:0.000 - timing_s/generate_sequences:7.282 - timing_s/reshard:0.522 - timing_s/gen:10.520 - timing_s/chunk_state_make_states:0.013 - timing_s/chunk_state_chunks/generate_sequences:0.535 - timing_s/chunk_state_chunks/reshard:0.423 - timing_s/chunk_state_chunks:1.013 - timing_s/chunk_state_score:4.510 - timing_s/chunk_state_build_actor_batch:0.012 - timing_s/chunk_state_ref:0.922 - timing_s/update_actor:2.245 - timing_per_token_ms/gen:0.015 - timing_per_token_ms/update_actor:0.003
[36m(TaskRunner pid=2581925)[0m 'Final validation skipped'
