MODEL_READY: /models/Qwen2.5-Math-7B
Using python: /mlx_devbox/users/quyanyi/playground/.venvs/ttrl_b200/bin/python
Using model: /models/Qwen2.5-Math-7B
Using data: /mlx_devbox/users/quyanyi/playground/TTRL/verl/data/MATH-TTT
Output directory: /tmp/ttrl_b200/checkpoints/ttrl_chunk_state_powerflow_support_flow_suffix_softplusgain_mid_c128_b32_r32_v64_3step_20260802
Actor offload: param=False optimizer=False activation=False
Rollout: free_cache_engine=False enforce_eager=False gpu_memory_utilization=0.86
Critic offload: param=False optimizer=False activation=False
/mlx_devbox/users/quyanyi/playground/TTRL/verl/verl/__init__.py:18: UserWarning: pkg_resources is deprecated as an API. See https://setuptools.pypa.io/en/latest/pkg_resources.html. The pkg_resources package is slated for removal as early as 2025-11-30. Refrain from using this package or pin to Setuptools<81.
  import pkg_resources
/mlx_devbox/users/quyanyi/playground/.venvs/ttrl_b200/lib/python3.11/site-packages/huggingface_hub/constants.py:298: FutureWarning: The `HF_HUB_ENABLE_HF_TRANSFER` environment variable is deprecated as 'hf_transfer' is not used anymore. Please use `HF_XET_HIGH_PERFORMANCE` instead to enable high performance transfer with Xet. Visit https://huggingface.co/docs/huggingface_hub/package_reference/environment_variables#hfxethighperformance for more details.
  warnings.warn(
2026-08-02 05:01:50,848	INFO worker.py:2024 -- Started a local Ray instance.
[36m(pid=4187587)[0m /mlx_devbox/users/quyanyi/playground/TTRL/verl/verl/__init__.py:18: UserWarning: pkg_resources is deprecated as an API. See https://setuptools.pypa.io/en/latest/pkg_resources.html. The pkg_resources package is slated for removal as early as 2025-11-30. Refrain from using this package or pin to Setuptools<81.
[36m(pid=4187587)[0m   import pkg_resources
[36m(pid=4187587)[0m /mlx_devbox/users/quyanyi/playground/.venvs/ttrl_b200/lib/python3.11/site-packages/huggingface_hub/constants.py:298: FutureWarning: The `HF_HUB_ENABLE_HF_TRANSFER` environment variable is deprecated as 'hf_transfer' is not used anymore. Please use `HF_XET_HIGH_PERFORMANCE` instead to enable high performance transfer with Xet. Visit https://huggingface.co/docs/huggingface_hub/package_reference/environment_variables#hfxethighperformance for more details.
[36m(pid=4187587)[0m   warnings.warn(
[36m(TaskRunner pid=4187587)[0m TaskRunner hostname: trial-302172199-trialrun-302172199-worker-0, PID: 4187587
[36m(TaskRunner pid=4187587)[0m {'actor_rollout_ref': {'actor': {'checkpoint': {'load_contents': ['model',
[36m(TaskRunner pid=4187587)[0m                                                                   'optimizer',
[36m(TaskRunner pid=4187587)[0m                                                                   'extra'],
[36m(TaskRunner pid=4187587)[0m                                                 'save_contents': ['model',
[36m(TaskRunner pid=4187587)[0m                                                                   'optimizer',
[36m(TaskRunner pid=4187587)[0m                                                                   'extra']},
[36m(TaskRunner pid=4187587)[0m                                  'chunk_weighted_nll_enable': False,
[36m(TaskRunner pid=4187587)[0m                                  'clip_ratio': 0.2,
[36m(TaskRunner pid=4187587)[0m                                  'clip_ratio_c': 3.0,
[36m(TaskRunner pid=4187587)[0m                                  'clip_ratio_high': 0.2,
[36m(TaskRunner pid=4187587)[0m                                  'clip_ratio_low': 0.2,
[36m(TaskRunner pid=4187587)[0m                                  'entropy_checkpointing': False,
[36m(TaskRunner pid=4187587)[0m                                  'entropy_coeff': 0,
[36m(TaskRunner pid=4187587)[0m                                  'entropy_from_logits_with_chunking': False,
[36m(TaskRunner pid=4187587)[0m                                  'fsdp_config': {'forward_prefetch': False,
[36m(TaskRunner pid=4187587)[0m                                                  'fsdp_size': -1,
[36m(TaskRunner pid=4187587)[0m                                                  'offload_policy': False,
[36m(TaskRunner pid=4187587)[0m                                                  'optimizer_offload': False,
[36m(TaskRunner pid=4187587)[0m                                                  'param_offload': False,
[36m(TaskRunner pid=4187587)[0m                                                  'reshard_after_forward': True,
[36m(TaskRunner pid=4187587)[0m                                                  'wrap_policy': {'min_num_params': 0}},
[36m(TaskRunner pid=4187587)[0m                                  'grad_clip': 1.0,
[36m(TaskRunner pid=4187587)[0m                                  'kl_loss_coef': 0.001,
[36m(TaskRunner pid=4187587)[0m                                  'kl_loss_type': 'low_var_kl',
[36m(TaskRunner pid=4187587)[0m                                  'loss_agg_mode': 'token-mean',
[36m(TaskRunner pid=4187587)[0m                                  'optim': {'lr': 5e-07,
[36m(TaskRunner pid=4187587)[0m                                            'lr_warmup_steps': -1,
[36m(TaskRunner pid=4187587)[0m                                            'lr_warmup_steps_ratio': 0.03,
[36m(TaskRunner pid=4187587)[0m                                            'min_lr_ratio': 0.0,
[36m(TaskRunner pid=4187587)[0m                                            'num_cycles': 0.5,
[36m(TaskRunner pid=4187587)[0m                                            'total_training_steps': -1,
[36m(TaskRunner pid=4187587)[0m                                            'warmup_style': 'cosine',
[36m(TaskRunner pid=4187587)[0m                                            'weight_decay': 0.01},
[36m(TaskRunner pid=4187587)[0m                                  'policy_loss': {'clip_cov_lb': 1.0,
[36m(TaskRunner pid=4187587)[0m                                                  'clip_cov_ratio': 0.0002,
[36m(TaskRunner pid=4187587)[0m                                                  'clip_cov_ub': 5.0,
[36m(TaskRunner pid=4187587)[0m                                                  'kl_cov_ratio': 0.0002,
[36m(TaskRunner pid=4187587)[0m                                                  'loss_mode': 'vanilla',
[36m(TaskRunner pid=4187587)[0m                                                  'ppo_kl_coef': 0.1},
[36m(TaskRunner pid=4187587)[0m                                  'powerflow_beta_coef': 4.0,
[36m(TaskRunner pid=4187587)[0m                                  'powerflow_chunk_loss_mode': 'standard',
[36m(TaskRunner pid=4187587)[0m                                  'powerflow_enable': True,
[36m(TaskRunner pid=4187587)[0m                                  'powerflow_init_ref_log_prob': 0.36,
[36m(TaskRunner pid=4187587)[0m                                  'powerflow_on_policy': False,
[36m(TaskRunner pid=4187587)[0m                                  'powerflow_proj_layers': 3,
[36m(TaskRunner pid=4187587)[0m                                  'powerflow_use_boxed_reward': True,
[36m(TaskRunner pid=4187587)[0m                                  'powerflow_use_chunk_weights': True,
[36m(TaskRunner pid=4187587)[0m                                  'ppo_epochs': 1,
[36m(TaskRunner pid=4187587)[0m                                  'ppo_max_token_len_per_gpu': 8192,
[36m(TaskRunner pid=4187587)[0m                                  'ppo_micro_batch_size': None,
[36m(TaskRunner pid=4187587)[0m                                  'ppo_micro_batch_size_per_gpu': 1,
[36m(TaskRunner pid=4187587)[0m                                  'ppo_mini_batch_size': 8,
[36m(TaskRunner pid=4187587)[0m                                  'profiler': {'all_ranks': False,
[36m(TaskRunner pid=4187587)[0m                                               'discrete': False,
[36m(TaskRunner pid=4187587)[0m                                               'ranks': None},
[36m(TaskRunner pid=4187587)[0m                                  'shuffle': False,
[36m(TaskRunner pid=4187587)[0m                                  'strategy': 'fsdp',
[36m(TaskRunner pid=4187587)[0m                                  'ulysses_sequence_parallel_size': 1,
[36m(TaskRunner pid=4187587)[0m                                  'use_dynamic_bsz': False,
[36m(TaskRunner pid=4187587)[0m                                  'use_kl_loss': False,
[36m(TaskRunner pid=4187587)[0m                                  'use_torch_compile': True},
[36m(TaskRunner pid=4187587)[0m                        'hybrid_engine': True,
[36m(TaskRunner pid=4187587)[0m                        'model': {'attn_implementation': 'sdpa',
[36m(TaskRunner pid=4187587)[0m                                  'custom_chat_template': None,
[36m(TaskRunner pid=4187587)[0m                                  'enable_activation_offload': False,
[36m(TaskRunner pid=4187587)[0m                                  'enable_gradient_checkpointing': True,
[36m(TaskRunner pid=4187587)[0m                                  'exclude_modules': None,
[36m(TaskRunner pid=4187587)[0m                                  'external_lib': None,
[36m(TaskRunner pid=4187587)[0m                                  'fused_kernel_options': {'impl_backend': 'triton'},
[36m(TaskRunner pid=4187587)[0m                                  'lora_alpha': 16,
[36m(TaskRunner pid=4187587)[0m                                  'lora_rank': 0,
[36m(TaskRunner pid=4187587)[0m                                  'override_config': {},
[36m(TaskRunner pid=4187587)[0m                                  'path': '/models/Qwen2.5-Math-7B',
[36m(TaskRunner pid=4187587)[0m                                  'target_modules': 'all-linear',
[36m(TaskRunner pid=4187587)[0m                                  'trust_remote_code': False,
[36m(TaskRunner pid=4187587)[0m                                  'use_fused_kernels': True,
[36m(TaskRunner pid=4187587)[0m                                  'use_liger': False,
[36m(TaskRunner pid=4187587)[0m                                  'use_remove_padding': True,
[36m(TaskRunner pid=4187587)[0m                                  'use_shm': False},
[36m(TaskRunner pid=4187587)[0m                        'ref': {'entropy_checkpointing': False,
[36m(TaskRunner pid=4187587)[0m                                'entropy_from_logits_with_chunking': False,
[36m(TaskRunner pid=4187587)[0m                                'fsdp_config': {'forward_prefetch': False,
[36m(TaskRunner pid=4187587)[0m                                                'param_offload': True,
[36m(TaskRunner pid=4187587)[0m                                                'reshard_after_forward': True,
[36m(TaskRunner pid=4187587)[0m                                                'wrap_policy': {'min_num_params': 0}},
[36m(TaskRunner pid=4187587)[0m                                'log_prob_max_token_len_per_gpu': 8192,
[36m(TaskRunner pid=4187587)[0m                                'log_prob_micro_batch_size': None,
[36m(TaskRunner pid=4187587)[0m                                'log_prob_micro_batch_size_per_gpu': 1,
[36m(TaskRunner pid=4187587)[0m                                'log_prob_use_dynamic_bsz': False,
[36m(TaskRunner pid=4187587)[0m                                'profiler': {'all_ranks': False,
[36m(TaskRunner pid=4187587)[0m                                             'discrete': False,
[36m(TaskRunner pid=4187587)[0m                                             'ranks': None},
[36m(TaskRunner pid=4187587)[0m                                'strategy': 'fsdp',
[36m(TaskRunner pid=4187587)[0m                                'ulysses_sequence_parallel_size': 1,
[36m(TaskRunner pid=4187587)[0m                                'use_torch_compile': True},
[36m(TaskRunner pid=4187587)[0m                        'rollout': {'agent': {'num_workers': 8},
[36m(TaskRunner pid=4187587)[0m                                    'calculate_log_probs': True,
[36m(TaskRunner pid=4187587)[0m                                    'disable_log_stats': True,
[36m(TaskRunner pid=4187587)[0m                                    'do_sample': True,
[36m(TaskRunner pid=4187587)[0m                                    'dtype': 'bfloat16',
[36m(TaskRunner pid=4187587)[0m                                    'enable_chunked_prefill': True,
[36m(TaskRunner pid=4187587)[0m                                    'enforce_eager': False,
[36m(TaskRunner pid=4187587)[0m                                    'engine_kwargs': {'sglang': {'attention_backend': None},
[36m(TaskRunner pid=4187587)[0m                                                      'vllm': {'attention_config': {'backend': 'FLASH_ATTN'},
[36m(TaskRunner pid=4187587)[0m                                                               'disable_mm_preprocessor_cache': False,
[36m(TaskRunner pid=4187587)[0m                                                               'swap_space': None}},
[36m(TaskRunner pid=4187587)[0m                                    'free_cache_engine': False,
[36m(TaskRunner pid=4187587)[0m                                    'gpu_memory_utilization': 0.86,
[36m(TaskRunner pid=4187587)[0m                                    'ignore_eos': False,
[36m(TaskRunner pid=4187587)[0m                                    'layered_summon': False,
[36m(TaskRunner pid=4187587)[0m                                    'load_format': 'dummy_dtensor',
[36m(TaskRunner pid=4187587)[0m                                    'log_prob_max_token_len_per_gpu': 8192,
[36m(TaskRunner pid=4187587)[0m                                    'log_prob_micro_batch_size': None,
[36m(TaskRunner pid=4187587)[0m                                    'log_prob_micro_batch_size_per_gpu': 1,
[36m(TaskRunner pid=4187587)[0m                                    'log_prob_use_dynamic_bsz': False,
[36m(TaskRunner pid=4187587)[0m                                    'logprobs': 1,
[36m(TaskRunner pid=4187587)[0m                                    'max_model_len': 4096,
[36m(TaskRunner pid=4187587)[0m                                    'max_num_batched_tokens': 65536,
[36m(TaskRunner pid=4187587)[0m                                    'max_num_seqs': 1024,
[36m(TaskRunner pid=4187587)[0m                                    'mode': 'sync',
[36m(TaskRunner pid=4187587)[0m                                    'multi_stage_wake_up': False,
[36m(TaskRunner pid=4187587)[0m                                    'multi_turn': {'completion_callback': None,
[36m(TaskRunner pid=4187587)[0m                                                   'enable': False,
[36m(TaskRunner pid=4187587)[0m                                                   'format': 'hermes',
[36m(TaskRunner pid=4187587)[0m                                                   'interaction_config_path': None,
[36m(TaskRunner pid=4187587)[0m                                                   'max_assistant_turns': None,
[36m(TaskRunner pid=4187587)[0m                                                   'max_parallel_calls': 1,
[36m(TaskRunner pid=4187587)[0m                                                   'max_tool_response_length': 256,
[36m(TaskRunner pid=4187587)[0m                                                   'max_user_turns': None,
[36m(TaskRunner pid=4187587)[0m                                                   'tokenization_sanity_check_mode': 'strict',
[36m(TaskRunner pid=4187587)[0m                                                   'tool_config_path': None,
[36m(TaskRunner pid=4187587)[0m                                                   'tool_response_truncate_side': 'middle',
[36m(TaskRunner pid=4187587)[0m                                                   'use_inference_chat_template': False},
[36m(TaskRunner pid=4187587)[0m                                    'n': 32,
[36m(TaskRunner pid=4187587)[0m                                    'name': 'vllm',
[36m(TaskRunner pid=4187587)[0m                                    'profiler': {'all_ranks': False,
[36m(TaskRunner pid=4187587)[0m                                                 'discrete': False,
[36m(TaskRunner pid=4187587)[0m                                                 'ranks': None},
[36m(TaskRunner pid=4187587)[0m                                    'prompt_length': 1024,
[36m(TaskRunner pid=4187587)[0m                                    'response_length': 3072,
[36m(TaskRunner pid=4187587)[0m                                    'temperature': 1.0,
[36m(TaskRunner pid=4187587)[0m                                    'tensor_model_parallel_size': 1,
[36m(TaskRunner pid=4187587)[0m                                    'top_k': -1,
[36m(TaskRunner pid=4187587)[0m                                    'top_p': 1,
[36m(TaskRunner pid=4187587)[0m                                    'use_rollout_log_probs_as_old': True,
[36m(TaskRunner pid=4187587)[0m                                    'val_kwargs': {'do_sample': True,
[36m(TaskRunner pid=4187587)[0m                                                   'n': 16,
[36m(TaskRunner pid=4187587)[0m                                                   'temperature': 0.6,
[36m(TaskRunner pid=4187587)[0m                                                   'top_k': -1,
[36m(TaskRunner pid=4187587)[0m                                                   'top_p': 0.95}}},
[36m(TaskRunner pid=4187587)[0m  'algorithm': {'adv_estimator': 'grpo',
[36m(TaskRunner pid=4187587)[0m                'gamma': 1.0,
[36m(TaskRunner pid=4187587)[0m                'kl_ctrl': {'horizon': 10000,
[36m(TaskRunner pid=4187587)[0m                            'kl_coef': 0.0,
[36m(TaskRunner pid=4187587)[0m                            'target_kl': 0.1,
[36m(TaskRunner pid=4187587)[0m                            'type': 'fixed'},
[36m(TaskRunner pid=4187587)[0m                'kl_penalty': 'kl',
[36m(TaskRunner pid=4187587)[0m                'lam': 1.0,
[36m(TaskRunner pid=4187587)[0m                'norm_adv_by_std_in_grpo': True,
[36m(TaskRunner pid=4187587)[0m                'pf_ppo': {'reweight_method': 'pow', 'weight_pow': 2.0},
[36m(TaskRunner pid=4187587)[0m                'use_kl_in_reward': False,
[36m(TaskRunner pid=4187587)[0m                'use_pf_ppo': False},
[36m(TaskRunner pid=4187587)[0m  'critic': {'checkpoint': {'load_contents': ['model', 'optimizer', 'extra'],
[36m(TaskRunner pid=4187587)[0m                            'save_contents': ['model', 'optimizer', 'extra']},
[36m(TaskRunner pid=4187587)[0m             'cliprange_value': 0.5,
[36m(TaskRunner pid=4187587)[0m             'forward_max_token_len_per_gpu': 32768,
[36m(TaskRunner pid=4187587)[0m             'forward_micro_batch_size': None,
[36m(TaskRunner pid=4187587)[0m             'forward_micro_batch_size_per_gpu': 1,
[36m(TaskRunner pid=4187587)[0m             'grad_clip': 1.0,
[36m(TaskRunner pid=4187587)[0m             'loss_agg_mode': 'token-mean',
[36m(TaskRunner pid=4187587)[0m             'model': {'attn_implementation': 'sdpa',
[36m(TaskRunner pid=4187587)[0m                       'enable_activation_offload': False,
[36m(TaskRunner pid=4187587)[0m                       'enable_gradient_checkpointing': True,
[36m(TaskRunner pid=4187587)[0m                       'external_lib': None,
[36m(TaskRunner pid=4187587)[0m                       'fsdp_config': {'forward_prefetch': False,
[36m(TaskRunner pid=4187587)[0m                                       'fsdp_size': -1,
[36m(TaskRunner pid=4187587)[0m                                       'offload_policy': False,
[36m(TaskRunner pid=4187587)[0m                                       'optimizer_offload': False,
[36m(TaskRunner pid=4187587)[0m                                       'param_offload': False,
[36m(TaskRunner pid=4187587)[0m                                       'reshard_after_forward': True,
[36m(TaskRunner pid=4187587)[0m                                       'wrap_policy': {'min_num_params': 0}},
[36m(TaskRunner pid=4187587)[0m                       'lora_alpha': 16,
[36m(TaskRunner pid=4187587)[0m                       'lora_rank': 0,
[36m(TaskRunner pid=4187587)[0m                       'override_config': {},
[36m(TaskRunner pid=4187587)[0m                       'path': '/models/Qwen2.5-Math-7B',
[36m(TaskRunner pid=4187587)[0m                       'target_modules': 'all-linear',
[36m(TaskRunner pid=4187587)[0m                       'tokenizer_path': '/models/Qwen2.5-Math-7B',
[36m(TaskRunner pid=4187587)[0m                       'trust_remote_code': False,
[36m(TaskRunner pid=4187587)[0m                       'use_remove_padding': True,
[36m(TaskRunner pid=4187587)[0m                       'use_shm': False},
[36m(TaskRunner pid=4187587)[0m             'optim': {'lr': 9e-06,
[36m(TaskRunner pid=4187587)[0m                       'lr_warmup_steps_ratio': 0.0,
[36m(TaskRunner pid=4187587)[0m                       'min_lr_ratio': None,
[36m(TaskRunner pid=4187587)[0m                       'total_training_steps': -1,
[36m(TaskRunner pid=4187587)[0m                       'warmup_style': 'constant',
[36m(TaskRunner pid=4187587)[0m                       'weight_decay': 0.01},
[36m(TaskRunner pid=4187587)[0m             'ppo_epochs': 1,
[36m(TaskRunner pid=4187587)[0m             'ppo_max_token_len_per_gpu': 32768,
[36m(TaskRunner pid=4187587)[0m             'ppo_micro_batch_size': None,
[36m(TaskRunner pid=4187587)[0m             'ppo_micro_batch_size_per_gpu': 1,
[36m(TaskRunner pid=4187587)[0m             'ppo_mini_batch_size': 8,
[36m(TaskRunner pid=4187587)[0m             'profiler': {'all_ranks': False, 'discrete': False, 'ranks': None},
[36m(TaskRunner pid=4187587)[0m             'rollout_n': 32,
[36m(TaskRunner pid=4187587)[0m             'shuffle': False,
[36m(TaskRunner pid=4187587)[0m             'strategy': 'fsdp',
[36m(TaskRunner pid=4187587)[0m             'ulysses_sequence_parallel_size': 1,
[36m(TaskRunner pid=4187587)[0m             'use_dynamic_bsz': False},
[36m(TaskRunner pid=4187587)[0m  'custom_reward_function': {'name': 'reward_func',
[36m(TaskRunner pid=4187587)[0m                             'path': './verl/utils/reward_score/ttrl_math/__init__.py'},
[36m(TaskRunner pid=4187587)[0m  'data': {'custom_cls': {'name': None, 'path': None},
[36m(TaskRunner pid=4187587)[0m           'filter_overlong_prompts': True,
[36m(TaskRunner pid=4187587)[0m           'filter_overlong_prompts_workers': 1,
[36m(TaskRunner pid=4187587)[0m           'image_key': 'images',
[36m(TaskRunner pid=4187587)[0m           'max_prompt_length': 1024,
[36m(TaskRunner pid=4187587)[0m           'max_response_length': 3072,
[36m(TaskRunner pid=4187587)[0m           'prompt_key': 'prompt',
[36m(TaskRunner pid=4187587)[0m           'return_full_prompt': False,
[36m(TaskRunner pid=4187587)[0m           'return_raw_chat': False,
[36m(TaskRunner pid=4187587)[0m           'return_raw_input_ids': False,
[36m(TaskRunner pid=4187587)[0m           'reward_fn_key': 'data_source',
[36m(TaskRunner pid=4187587)[0m           'shuffle': True,
[36m(TaskRunner pid=4187587)[0m           'tokenizer': None,
[36m(TaskRunner pid=4187587)[0m           'train_batch_size': 32,
[36m(TaskRunner pid=4187587)[0m           'train_files': ['/mlx_devbox/users/quyanyi/playground/TTRL/verl/data/MATH-TTT/train.parquet'],
[36m(TaskRunner pid=4187587)[0m           'truncation': 'error',
[36m(TaskRunner pid=4187587)[0m           'trust_remote_code': False,
[36m(TaskRunner pid=4187587)[0m           'use_shm': False,
[36m(TaskRunner pid=4187587)[0m           'val_batch_size': None,
[36m(TaskRunner pid=4187587)[0m           'val_files': ['/mlx_devbox/users/quyanyi/playground/TTRL/verl/data/MATH-TTT/test.parquet'],
[36m(TaskRunner pid=4187587)[0m           'validation_shuffle': False,
[36m(TaskRunner pid=4187587)[0m           'video_key': 'videos'},
[36m(TaskRunner pid=4187587)[0m  'ray_init': {'num_cpus': None, 'timeline_json_file': None},
[36m(TaskRunner pid=4187587)[0m  'reward_model': {'enable': False,
[36m(TaskRunner pid=4187587)[0m                   'forward_max_token_len_per_gpu': 32768,
[36m(TaskRunner pid=4187587)[0m                   'launch_reward_fn_async': False,
[36m(TaskRunner pid=4187587)[0m                   'max_length': None,
[36m(TaskRunner pid=4187587)[0m                   'micro_batch_size': None,
[36m(TaskRunner pid=4187587)[0m                   'micro_batch_size_per_gpu': None,
[36m(TaskRunner pid=4187587)[0m                   'model': {'attn_implementation': 'sdpa',
[36m(TaskRunner pid=4187587)[0m                             'external_lib': None,
[36m(TaskRunner pid=4187587)[0m                             'fsdp_config': {'forward_prefetch': False,
[36m(TaskRunner pid=4187587)[0m                                             'fsdp_size': -1,
[36m(TaskRunner pid=4187587)[0m                                             'param_offload': False,
[36m(TaskRunner pid=4187587)[0m                                             'reshard_after_forward': True,
[36m(TaskRunner pid=4187587)[0m                                             'wrap_policy': {'min_num_params': 0}},
[36m(TaskRunner pid=4187587)[0m                             'input_tokenizer': '/models/Qwen2.5-Math-7B',
[36m(TaskRunner pid=4187587)[0m                             'path': '~/models/FsfairX-LLaMA3-RM-v0.1',
[36m(TaskRunner pid=4187587)[0m                             'trust_remote_code': False,
[36m(TaskRunner pid=4187587)[0m                             'use_fused_kernels': True,
[36m(TaskRunner pid=4187587)[0m                             'use_remove_padding': False,
[36m(TaskRunner pid=4187587)[0m                             'use_shm': False},
[36m(TaskRunner pid=4187587)[0m                   'num_processes': 128,
[36m(TaskRunner pid=4187587)[0m                   'profiler': {'all_ranks': False,
[36m(TaskRunner pid=4187587)[0m                                'discrete': False,
[36m(TaskRunner pid=4187587)[0m                                'ranks': None},
[36m(TaskRunner pid=4187587)[0m                   'reward_manager': 'prime',
[36m(TaskRunner pid=4187587)[0m                   'sandbox_fusion': {'max_concurrent': 64,
[36m(TaskRunner pid=4187587)[0m                                      'memory_limit_mb': 1024,
[36m(TaskRunner pid=4187587)[0m                                      'url': None},
[36m(TaskRunner pid=4187587)[0m                   'strategy': 'fsdp',
[36m(TaskRunner pid=4187587)[0m                   'ulysses_sequence_parallel_size': 1,
[36m(TaskRunner pid=4187587)[0m                   'use_dynamic_bsz': False},
[36m(TaskRunner pid=4187587)[0m  'trainer': {'balance_batch': True,
[36m(TaskRunner pid=4187587)[0m              'controller_nsight_options': {'cuda-graph-trace': 'graph',
[36m(TaskRunner pid=4187587)[0m                                            'cuda-memory-usage': 'true',
[36m(TaskRunner pid=4187587)[0m                                            'trace': 'cuda,nvtx,cublas,ucx'},
[36m(TaskRunner pid=4187587)[0m              'critic_warmup': 0,
[36m(TaskRunner pid=4187587)[0m              'default_hdfs_dir': None,
[36m(TaskRunner pid=4187587)[0m              'default_local_dir': '/tmp/ttrl_b200/checkpoints/ttrl_chunk_state_powerflow_support_flow_suffix_softplusgain_mid_c128_b32_r32_v64_3step_20260802',
[36m(TaskRunner pid=4187587)[0m              'del_local_ckpt_after_load': False,
[36m(TaskRunner pid=4187587)[0m              'device': 'cuda',
[36m(TaskRunner pid=4187587)[0m              'esi_redundant_time': 0,
[36m(TaskRunner pid=4187587)[0m              'experiment_name': '0802-ttrl_chunk_state_powerflow_support_flow_suffix_softplusgain_mid_c128_b32_r32_v64_3step_20260802-MATH-TTT-Qwen2.5-Math-7B-support-flow-suffix-softplusgain-3step-smoke',
[36m(TaskRunner pid=4187587)[0m              'final_val_enable': False,
[36m(TaskRunner pid=4187587)[0m              'log_val_generations': 0,
[36m(TaskRunner pid=4187587)[0m              'logger': ['console'],
[36m(TaskRunner pid=4187587)[0m              'max_actor_ckpt_to_keep': 0,
[36m(TaskRunner pid=4187587)[0m              'max_critic_ckpt_to_keep': 0,
[36m(TaskRunner pid=4187587)[0m              'n_gpus_per_node': 8,
[36m(TaskRunner pid=4187587)[0m              'nnodes': 1,
[36m(TaskRunner pid=4187587)[0m              'profile_steps': None,
[36m(TaskRunner pid=4187587)[0m              'project_name': 'TTRL-verl-local',
[36m(TaskRunner pid=4187587)[0m              'ray_wait_register_center_timeout': 300,
[36m(TaskRunner pid=4187587)[0m              'resume_from_path': None,
[36m(TaskRunner pid=4187587)[0m              'resume_mode': 'auto',
[36m(TaskRunner pid=4187587)[0m              'rollout_data_dir': None,
[36m(TaskRunner pid=4187587)[0m              'save_freq': -1,
[36m(TaskRunner pid=4187587)[0m              'test_freq': -1,
[36m(TaskRunner pid=4187587)[0m              'total_epochs': 1,
[36m(TaskRunner pid=4187587)[0m              'total_training_steps': 3,
[36m(TaskRunner pid=4187587)[0m              'val_before_train': False,
[36m(TaskRunner pid=4187587)[0m              'val_only': False,
[36m(TaskRunner pid=4187587)[0m              'validation_data_dir': None,
[36m(TaskRunner pid=4187587)[0m              'validation_metric_dump_path': None,
[36m(TaskRunner pid=4187587)[0m              'worker_nsight_options': {'capture-range': 'cudaProfilerApi',
[36m(TaskRunner pid=4187587)[0m                                        'capture-range-end': None,
[36m(TaskRunner pid=4187587)[0m                                        'cuda-graph-trace': 'graph',
[36m(TaskRunner pid=4187587)[0m                                        'cuda-memory-usage': 'true',
[36m(TaskRunner pid=4187587)[0m                                        'kill': 'none',
[36m(TaskRunner pid=4187587)[0m                                        'trace': 'cuda,nvtx,cublas,ucx'}},
[36m(TaskRunner pid=4187587)[0m  'ttrl': {'chunk_state_actor_span': 'chunk',
[36m(TaskRunner pid=4187587)[0m           'chunk_state_alpha': 2.0,
[36m(TaskRunner pid=4187587)[0m           'chunk_state_answer_source_consistency_enable': False,
[36m(TaskRunner pid=4187587)[0m           'chunk_state_answer_support_min_mass': 0.0,
[36m(TaskRunner pid=4187587)[0m           'chunk_state_answer_support_score': 'mass',
[36m(TaskRunner pid=4187587)[0m           'chunk_state_boundaries': [0, 256, 512, 768, 1024],
[36m(TaskRunner pid=4187587)[0m           'chunk_state_boundary_mode': 'mid',
[36m(TaskRunner pid=4187587)[0m           'chunk_state_candidates': 8,
[36m(TaskRunner pid=4187587)[0m           'chunk_state_chunk_size': 128,
[36m(TaskRunner pid=4187587)[0m           'chunk_state_confidence_power': 0.0,
[36m(TaskRunner pid=4187587)[0m           'chunk_state_diag_enable': True,
[36m(TaskRunner pid=4187587)[0m           'chunk_state_diag_jsonl': '/mlx_devbox/users/quyanyi/playground/TTRL/important_experiment_logs/chunk_state_diag/ttrl_chunk_state_powerflow_support_flow_suffix_softplusgain_mid_c128_b32_r32_v64_3step_20260802.jsonl',
[36m(TaskRunner pid=4187587)[0m           'chunk_state_enable': True,
[36m(TaskRunner pid=4187587)[0m           'chunk_state_eps': 0.05,
[36m(TaskRunner pid=4187587)[0m           'chunk_state_future_support_anchor_prior_power': 1.0,
[36m(TaskRunner pid=4187587)[0m           'chunk_state_future_support_anchor_prior_weight': 0.0,
[36m(TaskRunner pid=4187587)[0m           'chunk_state_future_support_baseline_scale': 1.0,
[36m(TaskRunner pid=4187587)[0m           'chunk_state_future_support_gain_slack': 0.125,
[36m(TaskRunner pid=4187587)[0m           'chunk_state_future_support_keep_mode': 'hard',
[36m(TaskRunner pid=4187587)[0m           'chunk_state_future_support_max_mass_coef': 0.25,
[36m(TaskRunner pid=4187587)[0m           'chunk_state_future_support_max_state_oov': 1.0,
[36m(TaskRunner pid=4187587)[0m           'chunk_state_future_support_min_candidate_coverage': 0.0,
[36m(TaskRunner pid=4187587)[0m           'chunk_state_future_support_min_candidate_mean_mass': 0.0,
[36m(TaskRunner pid=4187587)[0m           'chunk_state_future_support_min_mass': 0.03125,
[36m(TaskRunner pid=4187587)[0m           'chunk_state_future_support_min_positive_margin': 0.0,
[36m(TaskRunner pid=4187587)[0m           'chunk_state_future_support_min_state_coverage': 0.0,
[36m(TaskRunner pid=4187587)[0m           'chunk_state_future_support_min_state_max_mass': 0.0,
[36m(TaskRunner pid=4187587)[0m           'chunk_state_future_support_min_state_mean_mass': 0.0,
[36m(TaskRunner pid=4187587)[0m           'chunk_state_future_support_min_state_top_margin': 0.0,
[36m(TaskRunner pid=4187587)[0m           'chunk_state_future_support_prior_smoothing': 0.0,
[36m(TaskRunner pid=4187587)[0m           'chunk_state_future_support_score_type': 'slack_gain',
[36m(TaskRunner pid=4187587)[0m           'chunk_state_future_support_soft_weight_floor': 0.0,
[36m(TaskRunner pid=4187587)[0m           'chunk_state_future_support_source_prior_weight': 2.0,
[36m(TaskRunner pid=4187587)[0m           'chunk_state_label_consistent_only': False,
[36m(TaskRunner pid=4187587)[0m           'chunk_state_max_prefix_tokens': 1024,
[36m(TaskRunner pid=4187587)[0m           'chunk_state_max_prompt_answer_entropy': 0.0,
[36m(TaskRunner pid=4187587)[0m           'chunk_state_mid_boundary_max_ratio': 0.7,
[36m(TaskRunner pid=4187587)[0m           'chunk_state_mid_boundary_min_ratio': 0.25,
[36m(TaskRunner pid=4187587)[0m           'chunk_state_min_answer_coverage': 0.0,
[36m(TaskRunner pid=4187587)[0m           'chunk_state_min_boundary': 0,
[36m(TaskRunner pid=4187587)[0m           'chunk_state_min_informative_gap': 0.001,
[36m(TaskRunner pid=4187587)[0m           'chunk_state_min_majority_ratio': 0.0,
[36m(TaskRunner pid=4187587)[0m           'chunk_state_min_prompt_top_margin': 0.0,
[36m(TaskRunner pid=4187587)[0m           'chunk_state_min_prompt_top_mass': 0.35,
[36m(TaskRunner pid=4187587)[0m           'chunk_state_min_prompt_valid_answer_coverage': 0.0,
[36m(TaskRunner pid=4187587)[0m           'chunk_state_min_source_answer_mass': 0.4,
[36m(TaskRunner pid=4187587)[0m           'chunk_state_powerflow_weight_clip': 4.0,
[36m(TaskRunner pid=4187587)[0m           'chunk_state_powerflow_weight_clip_renorm': True,
[36m(TaskRunner pid=4187587)[0m           'chunk_state_probe_max_tokens': 1,
[36m(TaskRunner pid=4187587)[0m           'chunk_state_probe_samples': 1,
[36m(TaskRunner pid=4187587)[0m           'chunk_state_prune_zero_weight_samples': True,
[36m(TaskRunner pid=4187587)[0m           'chunk_state_score_mode': 'support_flow',
[36m(TaskRunner pid=4187587)[0m Setting TOKENIZERS_PARALLELISM=false for forked processes.
[36m(TaskRunner pid=4187587)[0m WARNING:2026-08-02 05:02:23,562:Setting TOKENIZERS_PARALLELISM=false for forked processes.
[36m(TaskRunner pid=4187587)[0m Filtering prompts longer than 1024 tokens (num_proc=1):   0%|          | 0/500 [00:00<?, ? examples/s]
[36m(TaskRunner pid=4187587)[0m Filtering prompts longer than 1024 tokens (num_proc=1): 100%|██████████| 500/500 [00:01<00:00, 295.31 examples/s]
[36m(TaskRunner pid=4187587)[0m Filtering prompts longer than 1024 tokens (num_proc=1): 100%|██████████| 500/500 [00:01<00:00, 275.13 examples/s]
[36m(TaskRunner pid=4187587)[0m Setting TOKENIZERS_PARALLELISM=false for forked processes.
[36m(TaskRunner pid=4187587)[0m WARNING:2026-08-02 05:02:26,534:Setting TOKENIZERS_PARALLELISM=false for forked processes.
[36m(TaskRunner pid=4187587)[0m Filtering prompts longer than 1024 tokens (num_proc=1):   0%|          | 0/500 [00:00<?, ? examples/s]
[36m(TaskRunner pid=4187587)[0m Filtering prompts longer than 1024 tokens (num_proc=1): 100%|██████████| 500/500 [00:01<00:00, 297.99 examples/s]
[36m(TaskRunner pid=4187587)[0m Filtering prompts longer than 1024 tokens (num_proc=1): 100%|██████████| 500/500 [00:01<00:00, 276.38 examples/s]
[36m(TaskRunner pid=4187587)[0m DeprecationWarning: `ray.state.available_resources_per_node` is a private attribute and access will be removed in a future Ray version.
[36m(pid=4187586)[0m /mlx_devbox/users/quyanyi/playground/TTRL/verl/verl/__init__.py:18: UserWarning: pkg_resources is deprecated as an API. See https://setuptools.pypa.io/en/latest/pkg_resources.html. The pkg_resources package is slated for removal as early as 2025-11-30. Refrain from using this package or pin to Setuptools<81.
[36m(pid=4187586)[0m   import pkg_resources
[36m(pid=4187586)[0m /mlx_devbox/users/quyanyi/playground/.venvs/ttrl_b200/lib/python3.11/site-packages/huggingface_hub/constants.py:298: FutureWarning: The `HF_HUB_ENABLE_HF_TRANSFER` environment variable is deprecated as 'hf_transfer' is not used anymore. Please use `HF_XET_HIGH_PERFORMANCE` instead to enable high performance transfer with Xet. Visit https://huggingface.co/docs/huggingface_hub/package_reference/environment_variables#hfxethighperformance for more details.
[36m(pid=4187586)[0m   warnings.warn(
[36m(pid=4187592)[0m /mlx_devbox/users/quyanyi/playground/TTRL/verl/verl/__init__.py:18: UserWarning: pkg_resources is deprecated as an API. See https://setuptools.pypa.io/en/latest/pkg_resources.html. The pkg_resources package is slated for removal as early as 2025-11-30. Refrain from using this package or pin to Setuptools<81.[32m [repeated 7x across cluster] (Ray deduplicates logs by default. Set RAY_DEDUP_LOGS=0 to disable log deduplication, or see https://docs.ray.io/en/master/ray-observability/user-guides/configure-logging.html#log-deduplication for more options.)[0m
[36m(pid=4187592)[0m   import pkg_resources[32m [repeated 7x across cluster][0m
[36m(WorkerDict pid=4187586)[0m WARNING:2026-08-02 05:02:48,704:Initializing torch.distributed: rank=0 world_size=8 init_method=tcp://[fdbd:dc61:ff:f000:ffff:ffff:0:16]:42641 master=fdbd:dc61:ff:f000:ffff:ffff:0:16:42641
[36m(pid=4187592)[0m /mlx_devbox/users/quyanyi/playground/.venvs/ttrl_b200/lib/python3.11/site-packages/huggingface_hub/constants.py:298: FutureWarning: The `HF_HUB_ENABLE_HF_TRANSFER` environment variable is deprecated as 'hf_transfer' is not used anymore. Please use `HF_XET_HIGH_PERFORMANCE` instead to enable high performance transfer with Xet. Visit https://huggingface.co/docs/huggingface_hub/package_reference/environment_variables#hfxethighperformance for more details.[32m [repeated 7x across cluster][0m
[36m(pid=4187592)[0m   warnings.warn([32m [repeated 7x across cluster][0m
[36m(WorkerDict pid=4187596)[0m [W802 05:02:50.985116206 ProcessGroupNCCL.cpp:932] Warning: TORCH_NCCL_AVOID_RECORD_STREAMS is the default now, this environment variable is thus deprecated. (function operator())
[36m(TaskRunner pid=4187587)[0m           'chunk_state_skip_all_negative': False,
[36m(TaskRunner pid=4187587)[0m           'chunk_state_skip_uniform': False,
[36m(TaskRunner pid=4187587)[0m           'chunk_state_source_chunk_candidate_index': 0,
[36m(TaskRunner pid=4187587)[0m           'chunk_state_source_chunk_enable': True,
[36m(TaskRunner pid=4187587)[0m           'chunk_state_source_mode': 'majority_consistent',
[36m(TaskRunner pid=4187587)[0m           'chunk_state_source_quality_weight_floor': 0.0,
[36m(TaskRunner pid=4187587)[0m           'chunk_state_source_quality_weight_mode': 'off',
[36m(TaskRunner pid=4187587)[0m           'chunk_state_source_quality_weight_power': 1.0,
[36m(TaskRunner pid=4187587)[0m           'chunk_state_source_select_by_mass': True,
[36m(TaskRunner pid=4187587)[0m           'chunk_state_staged_probe_enable': False,
[36m(TaskRunner pid=4187587)[0m           'chunk_state_staged_probe_extra_max_tokens': 1,
[36m(TaskRunner pid=4187587)[0m           'chunk_state_staged_probe_extra_samples': 4,
[36m(TaskRunner pid=4187587)[0m           'chunk_state_staged_probe_merge_mode': 'repeat_base',
[36m(TaskRunner pid=4187587)[0m           'chunk_state_staged_probe_topk': 2,
[36m(TaskRunner pid=4187587)[0m           'chunk_state_states_per_prompt': 1,
[36m(TaskRunner pid=4187587)[0m           'chunk_state_support_anchor_candidate_start': 1,
[36m(TaskRunner pid=4187587)[0m           'chunk_state_support_anchor_count': 7,
[36m(TaskRunner pid=4187587)[0m           'chunk_state_support_anchor_enable': True,
[36m(TaskRunner pid=4187587)[0m           'chunk_state_support_anchor_min_mass': 0.03125,
[36m(TaskRunner pid=4187587)[0m           'chunk_state_support_anchor_min_prefix_match': 0.75,
[36m(TaskRunner pid=4187587)[0m           'chunk_state_support_anchor_prefix_compat_enable': False,
[36m(TaskRunner pid=4187587)[0m           'chunk_state_support_anchor_prefix_compat_mode': 'hard',
[36m(TaskRunner pid=4187587)[0m           'chunk_state_support_anchor_prefix_compat_tokens': 128,
[36m(TaskRunner pid=4187587)[0m           'chunk_state_support_anchor_prefix_score_power': 1.0,
[36m(TaskRunner pid=4187587)[0m           'chunk_state_support_anchor_skip_source': True,
[36m(TaskRunner pid=4187587)[0m           'chunk_state_support_flow_baseline_scale': 1.0,
[36m(TaskRunner pid=4187587)[0m           'chunk_state_support_flow_gain_slack': 0.0,
[36m(TaskRunner pid=4187587)[0m           'chunk_state_support_flow_min_positive_margin': 0.0,
[36m(TaskRunner pid=4187587)[0m           'chunk_state_support_flow_score_type': 'softplus_gain',
[36m(TaskRunner pid=4187587)[0m           'chunk_state_support_flow_softplus_temperature': 0.125,
[36m(TaskRunner pid=4187587)[0m           'chunk_state_support_flow_source_prior_weight': 1.0,
[36m(TaskRunner pid=4187587)[0m           'chunk_state_target_guard_anchor': True,
[36m(TaskRunner pid=4187587)[0m           'chunk_state_target_guard_bad_probe_ratio': 0.5,
[36m(TaskRunner pid=4187587)[0m           'chunk_state_target_guard_candidate_assistant_marker': True,
[36m(TaskRunner pid=4187587)[0m           'chunk_state_target_guard_candidate_enable': False,
[36m(TaskRunner pid=4187587)[0m           'chunk_state_target_guard_candidate_max_boxed_count': 1,
[36m(TaskRunner pid=4187587)[0m           'chunk_state_target_guard_enable': False,
[36m(TaskRunner pid=4187587)[0m           'chunk_state_target_guard_max_boxed_count': 2,
[36m(TaskRunner pid=4187587)[0m           'chunk_state_target_guard_min_answer_mass': 0.0,
[36m(TaskRunner pid=4187587)[0m           'chunk_state_target_guard_use_distribution_score': False,
[36m(TaskRunner pid=4187587)[0m           'chunk_state_target_guard_use_mass_gain': False,
[36m(TaskRunner pid=4187587)[0m           'chunk_state_teacher_anchor_candidate_index': 0,
[36m(TaskRunner pid=4187587)[0m           'chunk_state_teacher_anchor_enable': False,
[36m(TaskRunner pid=4187587)[0m           'chunk_state_teacher_anchor_score': 1.0,
[36m(TaskRunner pid=4187587)[0m           'chunk_state_zero_inconsistent_candidates': False,
[36m(TaskRunner pid=4187587)[0m           'enable': True,
[36m(TaskRunner pid=4187587)[0m           'majority_vote_num_processes': 64,
[36m(TaskRunner pid=4187587)[0m           'n_samples_per_prompt': 32,
[36m(TaskRunner pid=4187587)[0m           'n_votes_per_prompt': 64,
[36m(TaskRunner pid=4187587)[0m           'powerflow_no_majority': False,
[36m(TaskRunner pid=4187587)[0m           'sharpened_alpha': 2.0,
[36m(TaskRunner pid=4187587)[0m           'sharpened_conf_temperature': 1.0,
[36m(TaskRunner pid=4187587)[0m           'sharpened_enable': False,
[36m(TaskRunner pid=4187587)[0m           'sharpened_negative_enable': True,
[36m(TaskRunner pid=4187587)[0m           'sharpened_negative_reward': -0.25,
[36m(TaskRunner pid=4187587)[0m           'sharpened_reward_mode': 'prob',
[36m(TaskRunner pid=4187587)[0m           'sharpened_soft_coef': 0.25,
[36m(TaskRunner pid=4187587)[0m           'sharpened_tau_low': 0.125,
[36m(TaskRunner pid=4187587)[0m           'sharpened_tau_marg': 0.125,
[36m(TaskRunner pid=4187587)[0m           'sharpened_tau_pos': 0.375,
[36m(TaskRunner pid=4187587)[0m           'sharpened_use_confidence': True}}
[36m(TaskRunner pid=4187587)[0m using customized reward function 'reward_func' from './verl/utils/reward_score/ttrl_math/__init__.py'
[36m(TaskRunner pid=4187587)[0m using customized reward function 'reward_func' from './verl/utils/reward_score/ttrl_math/__init__.py'
[36m(TaskRunner pid=4187587)[0m Using dataset class: RLHFDataset
[36m(TaskRunner pid=4187587)[0m dataset len: 500
[36m(TaskRunner pid=4187587)[0m filter dataset len: 500
[36m(TaskRunner pid=4187587)[0m Using dataset class: RLHFDataset
[36m(TaskRunner pid=4187587)[0m dataset len: 500
[36m(TaskRunner pid=4187587)[0m filter dataset len: 500
[36m(TaskRunner pid=4187587)[0m [validate_config] All configuration checks passed successfully!
[36m(TaskRunner pid=4187587)[0m Size of train dataloader: 15, Size of val dataloader: 1
[36m(TaskRunner pid=4187587)[0m Total training steps: 3
[36m(TaskRunner pid=4187587)[0m colocated worker base class <class 'verl.single_controller.base.worker.Worker'>
[36m(WorkerDict pid=4187586)[0m Model config after override: Qwen2Config {
[36m(WorkerDict pid=4187586)[0m   "architectures": [
[36m(WorkerDict pid=4187586)[0m     "Qwen2ForCausalLM"
[36m(WorkerDict pid=4187586)[0m   ],
[36m(WorkerDict pid=4187586)[0m   "attention_dropout": 0.0,
[36m(WorkerDict pid=4187586)[0m   "bos_token_id": null,
[36m(WorkerDict pid=4187586)[0m   "dtype": "bfloat16",
[36m(WorkerDict pid=4187586)[0m   "eos_token_id": 151643,
[36m(WorkerDict pid=4187586)[0m   "hidden_act": "silu",
[36m(WorkerDict pid=4187586)[0m   "hidden_size": 3584,
[36m(WorkerDict pid=4187586)[0m   "initializer_range": 0.02,
[36m(WorkerDict pid=4187586)[0m   "intermediate_size": 18944,
[36m(WorkerDict pid=4187586)[0m   "layer_types": [
[36m(WorkerDict pid=4187586)[0m     "full_attention",
[36m(WorkerDict pid=4187586)[0m     "full_attention",
[36m(WorkerDict pid=4187586)[0m     "full_attention",
[36m(WorkerDict pid=4187586)[0m     "full_attention",
[36m(WorkerDict pid=4187586)[0m     "full_attention",
[36m(WorkerDict pid=4187586)[0m     "full_attention",
[36m(WorkerDict pid=4187586)[0m     "full_attention",
[36m(WorkerDict pid=4187586)[0m     "full_attention",
[36m(WorkerDict pid=4187586)[0m     "full_attention",
[36m(WorkerDict pid=4187586)[0m     "full_attention",
[36m(WorkerDict pid=4187586)[0m     "full_attention",
[36m(WorkerDict pid=4187586)[0m     "full_attention",
[36m(WorkerDict pid=4187586)[0m     "full_attention",
[36m(WorkerDict pid=4187586)[0m     "full_attention",
[36m(WorkerDict pid=4187586)[0m     "full_attention",
[36m(WorkerDict pid=4187586)[0m     "full_attention",
[36m(WorkerDict pid=4187586)[0m     "full_attention",
[36m(WorkerDict pid=4187586)[0m     "full_attention",
[36m(WorkerDict pid=4187586)[0m     "full_attention",
[36m(WorkerDict pid=4187586)[0m     "full_attention",
[36m(WorkerDict pid=4187590)[0m Loading weights:   0%|          | 0/339 [00:00<?, ?it/s]Loading weights: 100%|██████████| 339/339 [00:00<00:00, 12611.93it/s]
[36m(WorkerDict pid=4187592)[0m Loading weights:   0%|          | 0/339 [00:00<?, ?it/s]
[36m(WorkerDict pid=4187588)[0m Loading weights: 100%|██████████| 339/339 [00:00<00:00, 11445.18it/s]
[36m(WorkerDict pid=4187586)[0m     "full_attention",
[36m(WorkerDict pid=4187586)[0m     "full_attention",
[36m(WorkerDict pid=4187586)[0m     "full_attention",
[36m(WorkerDict pid=4187586)[0m     "full_attention",
[36m(WorkerDict pid=4187586)[0m     "full_attention",
[36m(WorkerDict pid=4187586)[0m     "full_attention",
[36m(WorkerDict pid=4187586)[0m     "full_attention",
[36m(WorkerDict pid=4187586)[0m     "full_attention"
[36m(WorkerDict pid=4187586)[0m   ],
[36m(WorkerDict pid=4187586)[0m   "max_position_embeddings": 4096,
[36m(WorkerDict pid=4187586)[0m   "max_window_layers": 28,
[36m(WorkerDict pid=4187586)[0m   "model_type": "qwen2",
[36m(WorkerDict pid=4187586)[0m   "num_attention_heads": 28,
[36m(WorkerDict pid=4187586)[0m   "num_hidden_layers": 28,
[36m(WorkerDict pid=4187586)[0m   "num_key_value_heads": 4,
[36m(WorkerDict pid=4187586)[0m   "pad_token_id": 151643,
[36m(WorkerDict pid=4187586)[0m   "rms_norm_eps": 1e-06,
[36m(WorkerDict pid=4187586)[0m   "rope_parameters": {
[36m(WorkerDict pid=4187586)[0m     "rope_theta": 10000,
[36m(WorkerDict pid=4187586)[0m     "rope_type": "default"
[36m(WorkerDict pid=4187586)[0m   },
[36m(WorkerDict pid=4187586)[0m   "sliding_window": null,
[36m(WorkerDict pid=4187586)[0m   "tie_word_embeddings": false,
[36m(WorkerDict pid=4187586)[0m   "transformers_version": "5.12.1",
[36m(WorkerDict pid=4187586)[0m   "use_cache": true,
[36m(WorkerDict pid=4187586)[0m   "use_mrope": false,
[36m(WorkerDict pid=4187586)[0m   "use_sliding_window": false,
[36m(WorkerDict pid=4187586)[0m   "vocab_size": 152064
[36m(WorkerDict pid=4187586)[0m }
[36m(WorkerDict pid=4187586)[0m
[36m(WorkerDict pid=4187590)[0m Monkey patch _flash_attention_forward in transformers.integrations.flash_attention
[36m(WorkerDict pid=4187590)[0m Using Triton backend for fused kernels in Qwen2ForCausalLM
[36m(WorkerDict pid=4187586)[0m ref attention implementation verified: sdpa
[36m(WorkerDict pid=4187586)[0m Qwen2ForCausalLM contains 7.62B parameters
[36m(WorkerDict pid=4187586)[0m wrap_policy: functools.partial(<function _or_policy at 0x7fa19d4534c0>, policies=[functools.partial(<function transformer_auto_wrap_policy at 0x7fa19d453380>, transformer_layer_cls={<class 'transformers.models.qwen2.modeling_qwen2.Qwen2DecoderLayer'>})])
[36m(WorkerDict pid=4187586)[0m trial-302172199-trialrun-302172199-worker-0:4187586:4187586 [0] NCCL INFO ENV/Plugin: Could not find: libnccl-env.so
[36m(WorkerDict pid=4187586)[0m trial-302172199-trialrun-302172199-worker-0:4187586:4187586 [0] NCCL INFO NCCL_SOCKET_FAMILY set by environment to AF_INET6
[36m(WorkerDict pid=4187586)[0m trial-302172199-trialrun-302172199-worker-0:4187586:4187586 [0] NCCL INFO NCCL_SOCKET_IFNAME set by environment to =eth0
[36m(WorkerDict pid=4187586)[0m trial-302172199-trialrun-302172199-worker-0:4187586:4187586 [0] NCCL INFO cudaDriverVersion 13000
[36m(WorkerDict pid=4187586)[0m trial-302172199-trialrun-302172199-worker-0:4187586:4187586 [0] NCCL INFO NCCL version 2.28.9+cuda13.0
[36m(WorkerDict pid=4187586)[0m trial-302172199-trialrun-302172199-worker-0:4187586:4187586 [0] NCCL INFO Comm config Blocking set to 1
[36m(WorkerDict pid=4187586)[0m trial-302172199-trialrun-302172199-worker-0:4187586:4187586 [0] NCCL INFO NCCL_NET_PLUGIN set by environment to none
[36m(WorkerDict pid=4187586)[0m trial-302172199-trialrun-302172199-worker-0:4187586:4187586 [0] NCCL INFO NCCL_SOCKET_FAMILY set by environment to AF_INET6
[36m(WorkerDict pid=4187586)[0m trial-302172199-trialrun-302172199-worker-0:4187586:4187586 [0] NCCL INFO NCCL_SOCKET_IFNAME set by environment to =eth0
[36m(WorkerDict pid=4187586)[0m trial-302172199-trialrun-302172199-worker-0:4187586:4187586 [0] NCCL INFO NET/Socket : Using [0]eth0:fdbd:dc61:ff:f000:ffff:ffff:0:16<0>
[36m(WorkerDict pid=4187586)[0m trial-302172199-trialrun-302172199-worker-0:4187586:4187586 [0] NCCL INFO Initialized NET plugin Socket
[36m(WorkerDict pid=4187586)[0m trial-302172199-trialrun-302172199-worker-0:4187586:4187586 [0] NCCL INFO Assigned NET plugin Socket to comm
[36m(WorkerDict pid=4187586)[0m trial-302172199-trialrun-302172199-worker-0:4187586:4187586 [0] NCCL INFO Using network Socket
[36m(WorkerDict pid=4187586)[0m trial-302172199-trialrun-302172199-worker-0:4187586:4187586 [0] NCCL INFO ncclCommInitRankConfig comm 0xfc40040 rank 0 nranks 8 cudaDev 0 nvmlDev 0 busId f000 commId 0x1fc23ab3cbc0cb92 - Init START
[36m(WorkerDict pid=4187586)[0m trial-302172199-trialrun-302172199-worker-0:4187586:4187586 [0] NCCL INFO RAS client listening socket at ::1<28028>
[36m(WorkerDict pid=4187586)[0m trial-302172199-trialrun-302172199-worker-0:4187586:4187586 [0] NCCL INFO MNNVL busId 0xf000 fabric UUID 0.0 cliqueId 0x0 state 3 healthMask 0x80
[36m(WorkerDict pid=4187586)[0m trial-302172199-trialrun-302172199-worker-0:4187586:4187586 [0] NCCL INFO Could not find real path of /sys/class/pci_bus/fffffff/../../fffffff:ff:f
[36m(WorkerDict pid=4187586)[0m trial-302172199-trialrun-302172199-worker-0:4187586:4187586 [0] NCCL INFO TOPO/NET : Importing network plugins to topology
[36m(WorkerDict pid=4187586)[0m trial-302172199-trialrun-302172199-worker-0:4187586:4187586 [0] NCCL INFO ncclTopoPopulateNics : Filled eth0 in topo with pciPath=(null) keep=1 coll=(null)
[36m(WorkerDict pid=4187586)[0m trial-302172199-trialrun-302172199-worker-0:4187586:4187586 [0] NCCL INFO === System : maxBw 721.8 totalBw 721.8 ===
[36m(WorkerDict pid=4187586)[0m trial-302172199-trialrun-302172199-worker-0:4187586:4187586 [0] NCCL INFO CPU/0-0 (1/1/4)
[36m(WorkerDict pid=4187586)[0m trial-302172199-trialrun-302172199-worker-0:4187586:4187586 [0] NCCL INFO + PCI[5000.0] - NIC/0-0
[36m(WorkerDict pid=4187586)[0m trial-302172199-trialrun-302172199-worker-0:4187586:4187586 [0] NCCL INFO                 + NET[1.2] - NET/0-0 (0/0/0/1.250000)
[36m(WorkerDict pid=4187586)[0m trial-302172199-trialrun-302172199-worker-0:4187586:4187586 [0] NCCL INFO                 + NET[1.2] - NET/0-0 (0/0/0/1.250000)
[36m(WorkerDict pid=4187586)[0m trial-302172199-trialrun-302172199-worker-0:4187586:4187586 [0] NCCL INFO + PCI[48.0] - PCI/0-8000 (1000c0301000ffff)
[36m(WorkerDict pid=4187586)[0m trial-302172199-trialrun-302172199-worker-0:4187586:4187586 [0] NCCL INFO               + PCI[48.0] - GPU/0-f000 (0)
[36m(WorkerDict pid=4187586)[0m trial-302172199-trialrun-302172199-worker-0:4187586:4187586 [0] NCCL INFO                             + NVL[721.8] - NVS/0-0
[36m(WorkerDict pid=4187586)[0m trial-302172199-trialrun-302172199-worker-0:4187586:4187586 [0] NCCL INFO + PCI[48.0] - PCI/0-26000 (1000c0301000ffff)
[36m(WorkerDict pid=4187586)[0m trial-302172199-trialrun-302172199-worker-0:4187586:4187586 [0] NCCL INFO               + PCI[48.0] - GPU/0-2d000 (1)
[36m(WorkerDict pid=4187586)[0m trial-302172199-trialrun-302172199-worker-0:4187586:4187586 [0] NCCL INFO                             + NVL[721.8] - NVS/0-0
[36m(WorkerDict pid=4187586)[0m trial-302172199-trialrun-302172199-worker-0:4187586:4187586 [0] NCCL INFO + PCI[48.0] - PCI/0-3d000 (1000c0301000ffff)
[36m(WorkerDict pid=4187586)[0m trial-302172199-trialrun-302172199-worker-0:4187586:4187586 [0] NCCL INFO               + PCI[48.0] - GPU/0-44000 (2)
[36m(WorkerDict pid=4187586)[0m trial-302172199-trialrun-302172199-worker-0:4187586:4187586 [0] NCCL INFO                             + NVL[721.8] - NVS/0-0
[36m(WorkerDict pid=4187586)[0m trial-302172199-trialrun-302172199-worker-0:4187586:4187586 [0] NCCL INFO + PCI[48.0] - PCI/0-54000 (1000c0301000ffff)
[36m(WorkerDict pid=4187586)[0m trial-302172199-trialrun-302172199-worker-0:4187586:4187586 [0] NCCL INFO               + PCI[48.0] - GPU/0-5b000 (3)
[36m(WorkerDict pid=4187586)[0m trial-302172199-trialrun-302172199-worker-0:4187586:4187586 [0] NCCL INFO                             + NVL[721.8] - NVS/0-0
[36m(WorkerDict pid=4187586)[0m trial-302172199-trialrun-302172199-worker-0:4187586:4187586 [0] NCCL INFO + SYS[40.0] - CPU/0-1
[36m(WorkerDict pid=4187586)[0m trial-302172199-trialrun-302172199-worker-0:4187586:4187586 [0] NCCL INFO CPU/0-1 (1/1/4)
[36m(WorkerDict pid=4187586)[0m trial-302172199-trialrun-302172199-worker-0:4187586:4187586 [0] NCCL INFO + PCI[48.0] - PCI/0-82000 (1000c0301000ffff)
[36m(WorkerDict pid=4187586)[0m trial-302172199-trialrun-302172199-worker-0:4187586:4187586 [0] NCCL INFO               + PCI[48.0] - GPU/0-89000 (4)
[36m(WorkerDict pid=4187586)[0m trial-302172199-trialrun-302172199-worker-0:4187586:4187586 [0] NCCL INFO                             + NVL[721.8] - NVS/0-0
[36m(WorkerDict pid=4187586)[0m trial-302172199-trialrun-302172199-worker-0:4187586:4187586 [0] NCCL INFO + PCI[48.0] - PCI/0-a1000 (1000c0301000ffff)
[36m(WorkerDict pid=4187586)[0m trial-302172199-trialrun-302172199-worker-0:4187586:4187586 [0] NCCL INFO               + PCI[48.0] - GPU/0-a8000 (5)
[36m(WorkerDict pid=4187586)[0m trial-302172199-trialrun-302172199-worker-0:4187586:4187586 [0] NCCL INFO                             + NVL[721.8] - NVS/0-0
[36m(WorkerDict pid=4187586)[0m trial-302172199-trialrun-302172199-worker-0:4187586:4187586 [0] NCCL INFO + PCI[48.0] - PCI/0-b9000 (1000c0301000ffff)
[36m(WorkerDict pid=4187586)[0m trial-302172199-trialrun-302172199-worker-0:4187586:4187586 [0] NCCL INFO               + PCI[48.0] - GPU/0-c0000 (6)
[36m(WorkerDict pid=4187586)[0m trial-302172199-trialrun-302172199-worker-0:4187586:4187586 [0] NCCL INFO                             + NVL[721.8] - NVS/0-0
[36m(WorkerDict pid=4187586)[0m trial-302172199-trialrun-302172199-worker-0:4187586:4187586 [0] NCCL INFO + PCI[48.0] - PCI/0-d1000 (1000c0301000ffff)
[36m(WorkerDict pid=4187586)[0m trial-302172199-trialrun-302172199-worker-0:4187586:4187586 [0] NCCL INFO               + PCI[48.0] - GPU/0-d8000 (7)
[36m(WorkerDict pid=4187586)[0m trial-302172199-trialrun-302172199-worker-0:4187586:4187586 [0] NCCL INFO                             + NVL[721.8] - NVS/0-0
[36m(WorkerDict pid=4187586)[0m trial-302172199-trialrun-302172199-worker-0:4187586:4187586 [0] NCCL INFO + SYS[40.0] - CPU/0-0
[36m(WorkerDict pid=4187586)[0m trial-302172199-trialrun-302172199-worker-0:4187586:4187586 [0] NCCL INFO ==========================================
[36m(WorkerDict pid=4187586)[0m trial-302172199-trialrun-302172199-worker-0:4187586:4187586 [0] NCCL INFO GPU/0-f000 :GPU/0-f000 (0/5000.0/LOC) GPU/0-2d000 (2/721.8/NVL) GPU/0-44000 (2/721.8/NVL) GPU/0-5b000 (2/721.8/NVL) GPU/0-89000 (2/721.8/NVL) GPU/0-a8000 (2/721.8/NVL) GPU/0-c0000 (2/721.8/NVL) GPU/0-d8000 (2/721.8/NVL) NVS/0-0 (1/721.8/NVL) CPU/0-0 (2/48.0/PHB) CPU/0-1 (3/40.0/SYS) NET/0-0 (4/1.2/PHB) NET/0-0 (0/0.0/DIS)
[36m(WorkerDict pid=4187586)[0m trial-302172199-trialrun-302172199-worker-0:4187586:4187586 [0] NCCL INFO GPU/0-2d000 :GPU/0-f000 (2/721.8/NVL) GPU/0-2d000 (0/5000.0/LOC) GPU/0-44000 (2/721.8/NVL) GPU/0-5b000 (2/721.8/NVL) GPU/0-89000 (2/721.8/NVL) GPU/0-a8000 (2/721.8/NVL) GPU/0-c0000 (2/721.8/NVL) GPU/0-d8000 (2/721.8/NVL) NVS/0-0 (1/721.8/NVL) CPU/0-0 (2/48.0/PHB) CPU/0-1 (3/40.0/SYS) NET/0-0 (4/1.2/PHB) NET/0-0 (0/0.0/DIS)
[36m(WorkerDict pid=4187586)[0m trial-302172199-trialrun-302172199-worker-0:4187586:4187586 [0] NCCL INFO GPU/0-44000 :GPU/0-f000 (2/721.8/NVL) GPU/0-2d000 (2/721.8/NVL) GPU/0-44000 (0/5000.0/LOC) GPU/0-5b000 (2/721.8/NVL) GPU/0-89000 (2/721.8/NVL) GPU/0-a8000 (2/721.8/NVL) GPU/0-c0000 (2/721.8/NVL) GPU/0-d8000 (2/721.8/NVL) NVS/0-0 (1/721.8/NVL) CPU/0-0 (2/48.0/PHB) CPU/0-1 (3/40.0/SYS) NET/0-0 (4/1.2/PHB) NET/0-0 (0/0.0/DIS)
[36m(WorkerDict pid=4187586)[0m trial-302172199-trialrun-302172199-worker-0:4187586:4187586 [0] NCCL INFO GPU/0-5b000 :GPU/0-f000 (2/721.8/NVL) GPU/0-2d000 (2/721.8/NVL) GPU/0-44000 (2/721.8/NVL) GPU/0-5b000 (0/5000.0/LOC) GPU/0-89000 (2/721.8/NVL) GPU/0-a8000 (2/721.8/NVL) GPU/0-c0000 (2/721.8/NVL) GPU/0-d8000 (2/721.8/NVL) NVS/0-0 (1/721.8/NVL) CPU/0-0 (2/48.0/PHB) CPU/0-1 (3/40.0/SYS) NET/0-0 (4/1.2/PHB) NET/0-0 (0/0.0/DIS)
[36m(WorkerDict pid=4187586)[0m trial-302172199-trialrun-302172199-worker-0:4187586:4187586 [0] NCCL INFO GPU/0-89000 :GPU/0-f000 (2/721.8/NVL) GPU/0-2d000 (2/721.8/NVL) GPU/0-44000 (2/721.8/NVL) GPU/0-5b000 (2/721.8/NVL) GPU/0-89000 (0/5000.0/LOC) GPU/0-a8000 (2/721.8/NVL) GPU/0-c0000 (2/721.8/NVL) GPU/0-d8000 (2/721.8/NVL) NVS/0-0 (1/721.8/NVL) CPU/0-0 (3/40.0/SYS) CPU/0-1 (2/48.0/PHB) NET/0-0 (5/1.2/SYS)
[36m(WorkerDict pid=4187586)[0m  NET/0-0 (0/0.0/DIS)
[36m(WorkerDict pid=4187586)[0m trial-302172199-trialrun-302172199-worker-0:4187586:4187586 [0] NCCL INFO ncclTopoGetCpuAffinity: Affinity for GPU 0 is 0-62,128-190. (GPU affinity = 0-63,128-191 ; CPU affinity = 0-62,64-126,128-190,192-254).
[36m(WorkerDict pid=4187586)[0m trial-302172199-trialrun-302172199-worker-0:4187586:4187586 [0] NCCL INFO NCCL_NVLS_ENABLE set by environment to 1.
[36m(WorkerDict pid=4187586)[0m trial-302172199-trialrun-302172199-worker-0:4187586:4187586 [0] NCCL INFO NVLS multicast support is available on dev 0 (NVLS_NCHANNELS 24)
[36m(WorkerDict pid=4187586)[0m trial-302172199-trialrun-302172199-worker-0:4187586:4187586 [0] NCCL INFO Pattern 4, crossNic 0, nChannels 16, bw 45.000000/45.000000, type NVL/PIX, sameChannels 1
[36m(WorkerDict pid=4187586)[0m trial-302172199-trialrun-302172199-worker-0:4187586:4187586 [0] NCCL INFO  0 : GPU/0-f000 GPU/0-2d000 GPU/0-44000 GPU/0-5b000 GPU/0-89000 GPU/0-a8000 GPU/0-c0000 GPU/0-d8000
[36m(WorkerDict pid=4187586)[0m trial-302172199-trialrun-302172199-worker-0:4187586:4187586 [0] NCCL INFO  1 : GPU/0-f000 GPU/0-2d000 GPU/0-44000 GPU/0-5b000 GPU/0-89000 GPU/0-a8000 GPU/0-c0000 GPU/0-d8000
[36m(WorkerDict pid=4187586)[0m trial-302172199-trialrun-302172199-worker-0:4187586:4187586 [0] NCCL INFO  2 : GPU/0-f000 GPU/0-2d000 GPU/0-44000 GPU/0-5b000 GPU/0-89000 GPU/0-a8000 GPU/0-c0000 GPU/0-d8000
[36m(WorkerDict pid=4187586)[0m trial-302172199-trialrun-302172199-worker-0:4187586:4187586 [0] NCCL INFO  3 : GPU/0-f000 GPU/0-2d000 GPU/0-44000 GPU/0-5b000 GPU/0-89000 GPU/0-a8000 GPU/0-c0000 GPU/0-d8000
[36m(WorkerDict pid=4187586)[0m trial-302172199-trialrun-302172199-worker-0:4187586:4187586 [0] NCCL INFO  4 : GPU/0-f000 GPU/0-2d000 GPU/0-44000 GPU/0-5b000 GPU/0-89000 GPU/0-a8000 GPU/0-c0000 GPU/0-d8000
[36m(WorkerDict pid=4187586)[0m trial-302172199-trialrun-302172199-worker-0:4187586:4187586 [0] NCCL INFO  5 : GPU/0-f000 GPU/0-2d000 GPU/0-44000 GPU/0-5b000 GPU/0-89000 GPU/0-a8000 GPU/0-c0000 GPU/0-d8000
[36m(WorkerDict pid=4187586)[0m trial-302172199-trialrun-302172199-worker-0:4187586:4187586 [0] NCCL INFO  6 : GPU/0-f000 GPU/0-2d000 GPU/0-44000 GPU/0-5b000 GPU/0-89000 GPU/0-a8000 GPU/0-c0000 GPU/0-d8000
[36m(WorkerDict pid=4187586)[0m trial-302172199-trialrun-302172199-worker-0:4187586:4187586 [0] NCCL INFO  7 : GPU/0-f000 GPU/0-2d000 GPU/0-44000 GPU/0-5b000 GPU/0-89000 GPU/0-a8000 GPU/0-c0000 GPU/0-d8000
[36m(WorkerDict pid=4187586)[0m trial-302172199-trialrun-302172199-worker-0:4187586:4187586 [0] NCCL INFO  8 : GPU/0-f000 GPU/0-2d000 GPU/0-44000 GPU/0-5b000 GPU/0-89000 GPU/0-a8000 GPU/0-c0000 GPU/0-d8000
[36m(WorkerDict pid=4187586)[0m trial-302172199-trialrun-302172199-worker-0:4187586:4187586 [0] NCCL INFO  9 : GPU/0-f000 GPU/0-2d000 GPU/0-44000 GPU/0-5b000 GPU/0-89000 GPU/0-a8000 GPU/0-c0000 GPU/0-d8000
[36m(WorkerDict pid=4187586)[0m trial-302172199-trialrun-302172199-worker-0:4187586:4187586 [0] NCCL INFO 10 : GPU/0-f000 GPU/0-2d000 GPU/0-44000 GPU/0-5b000 GPU/0-89000 GPU/0-a8000 GPU/0-c0000 GPU/0-d8000
[36m(WorkerDict pid=4187586)[0m trial-302172199-trialrun-302172199-worker-0:4187586:4187586 [0] NCCL INFO 11 : GPU/0-f000 GPU/0-2d000 GPU/0-44000 GPU/0-5b000 GPU/0-89000 GPU/0-a8000 GPU/0-c0000 GPU/0-d8000
[36m(WorkerDict pid=4187586)[0m trial-302172199-trialrun-302172199-worker-0:4187586:4187586 [0] NCCL INFO 12 : GPU/0-f000 GPU/0-2d000 GPU/0-44000 GPU/0-5b000 GPU/0-89000 GPU/0-a8000 GPU/0-c0000 GPU/0-d8000
[36m(WorkerDict pid=4187586)[0m trial-302172199-trialrun-302172199-worker-0:4187586:4187586 [0] NCCL INFO 13 : GPU/0-f000 GPU/0-2d000 GPU/0-44000 GPU/0-5b000 GPU/0-89000 GPU/0-a8000 GPU/0-c0000 GPU/0-d8000
[36m(WorkerDict pid=4187586)[0m trial-302172199-trialrun-302172199-worker-0:4187586:4187586 [0] NCCL INFO 14 : GPU/0-f000 GPU/0-2d000 GPU/0-44000 GPU/0-5b000 GPU/0-89000 GPU/0-a8000 GPU/0-c0000 GPU/0-d8000
[36m(WorkerDict pid=4187586)[0m trial-302172199-trialrun-302172199-worker-0:4187586:4187586 [0] NCCL INFO 15 : GPU/0-f000 GPU/0-2d000 GPU/0-44000 GPU/0-5b000 GPU/0-89000 GPU/0-a8000 GPU/0-c0000 GPU/0-d8000
[36m(WorkerDict pid=4187586)[0m trial-302172199-trialrun-302172199-worker-0:4187586:4187586 [0] NCCL INFO Pattern 1, crossNic 0, nChannels 16, bw 40.000000/40.000000, type NVL/PIX, sameChannels 1
[36m(WorkerDict pid=4187586)[0m trial-302172199-trialrun-302172199-worker-0:4187586:4187586 [0] NCCL INFO  0 : GPU/0-f000 GPU/0-2d000 GPU/0-44000 GPU/0-5b000 GPU/0-89000 GPU/0-a8000 GPU/0-c0000 GPU/0-d8000
[36m(WorkerDict pid=4187586)[0m trial-302172199-trialrun-302172199-worker-0:4187586:4187586 [0] NCCL INFO  1 : GPU/0-f000 GPU/0-2d000 GPU/0-44000 GPU/0-5b000 GPU/0-89000 GPU/0-a8000 GPU/0-c0000 GPU/0-d8000
[36m(WorkerDict pid=4187586)[0m trial-302172199-trialrun-302172199-worker-0:4187586:4187586 [0] NCCL INFO  2 : GPU/0-f000 GPU/0-2d000 GPU/0-44000 GPU/0-5b000 GPU/0-89000 GPU/0-a8000 GPU/0-c0000 GPU/0-d8000
[36m(WorkerDict pid=4187586)[0m trial-302172199-trialrun-302172199-worker-0:4187586:4187586 [0] NCCL INFO  3 : GPU/0-f000 GPU/0-2d000 GPU/0-44000 GPU/0-5b000 GPU/0-89000 GPU/0-a8000 GPU/0-c0000 GPU/0-d8000
[36m(WorkerDict pid=4187586)[0m trial-302172199-trialrun-302172199-worker-0:4187586:4187586 [0] NCCL INFO  4 : GPU/0-f000 GPU/0-2d000 GPU/0-44000 GPU/0-5b000 GPU/0-89000 GPU/0-a8000 GPU/0-c0000 GPU/0-d8000
[36m(WorkerDict pid=4187586)[0m trial-302172199-trialrun-302172199-worker-0:4187586:4187586 [0] NCCL INFO  5 : GPU/0-f000 GPU/0-2d000 GPU/0-44000 GPU/0-5b000 GPU/0-89000 GPU/0-a8000 GPU/0-c0000 GPU/0-d8000
[36m(WorkerDict pid=4187586)[0m trial-302172199-trialrun-302172199-worker-0:4187586:4187586 [0] NCCL INFO  6 : GPU/0-f000 GPU/0-2d000 GPU/0-44000 GPU/0-5b000 GPU/0-89000 GPU/0-a8000 GPU/0-c0000 GPU/0-d8000
[36m(WorkerDict pid=4187586)[0m trial-302172199-trialrun-302172199-worker-0:4187586:4187586 [0] NCCL INFO  7 : GPU/0-f000 GPU/0-2d000 GPU/0-44000 GPU/0-5b000 GPU/0-89000 GPU/0-a8000 GPU/0-c0000 GPU/0-d8000
[36m(WorkerDict pid=4187586)[0m trial-302172199-trialrun-302172199-worker-0:4187586:4187586 [0] NCCL INFO  8 : GPU/0-f000 GPU/0-2d000 GPU/0-44000 GPU/0-5b000 GPU/0-89000 GPU/0-a8000 GPU/0-c0000 GPU/0-d8000
[36m(WorkerDict pid=4187586)[0m trial-302172199-trialrun-302172199-worker-0:4187586:4187586 [0] NCCL INFO  9 : GPU/0-f000 GPU/0-2d000 GPU/0-44000 GPU/0-5b000 GPU/0-89000 GPU/0-a8000 GPU/0-c0000 GPU/0-d8000
[36m(WorkerDict pid=4187586)[0m trial-302172199-trialrun-302172199-worker-0:4187586:4187586 [0] NCCL INFO 10 : GPU/0-f000 GPU/0-2d000 GPU/0-44000 GPU/0-5b000 GPU/0-89000 GPU/0-a8000 GPU/0-c0000 GPU/0-d8000
[36m(WorkerDict pid=4187586)[0m trial-302172199-trialrun-302172199-worker-0:4187586:4187586 [0] NCCL INFO 11 : GPU/0-f000 GPU/0-2d000 GPU/0-44000 GPU/0-5b000 GPU/0-89000 GPU/0-a8000 GPU/0-c0000 GPU/0-d8000
[36m(WorkerDict pid=4187586)[0m trial-302172199-trialrun-302172199-worker-0:4187586:4187586 [0] NCCL INFO 12 : GPU/0-f000 GPU/0-2d000 GPU/0-44000 GPU/0-5b000 GPU/0-89000 GPU/0-a8000 GPU/0-c0000 GPU/0-d8000
[36m(WorkerDict pid=4187586)[0m trial-302172199-trialrun-302172199-worker-0:4187586:4187586 [0] NCCL INFO 13 : GPU/0-f000 GPU/0-2d000 GPU/0-44000 GPU/0-5b000 GPU/0-89000 GPU/0-a8000 GPU/0-c0000 GPU/0-d8000
[36m(WorkerDict pid=4187586)[0m trial-302172199-trialrun-302172199-worker-0:4187586:4187586 [0] NCCL INFO 14 : GPU/0-f000 GPU/0-2d000 GPU/0-44000 GPU/0-5b000 GPU/0-89000 GPU/0-a8000 GPU/0-c0000 GPU/0-d8000
[36m(WorkerDict pid=4187586)[0m trial-302172199-trialrun-302172199-worker-0:4187586:4187586 [0] NCCL INFO 15 : GPU/0-f000 GPU/0-2d000 GPU/0-44000 GPU/0-5b000 GPU/0-89000 GPU/0-a8000 GPU/0-c0000 GPU/0-d8000
[36m(WorkerDict pid=4187586)[0m trial-302172199-trialrun-302172199-worker-0:4187586:4187586 [0] NCCL INFO Pattern 5, crossNic 0, nChannels 8, bw 80.000000/90.000000, type NVL/PIX, sameChannels 0
[36m(WorkerDict pid=4187586)[0m trial-302172199-trialrun-302172199-worker-0:4187586:4187586 [0] NCCL INFO  0 : GPU/0-f000
[36m(WorkerDict pid=4187586)[0m trial-302172199-trialrun-302172199-worker-0:4187586:4187586 [0] NCCL INFO  1 : GPU/0-2d000
[36m(WorkerDict pid=4187586)[0m trial-302172199-trialrun-302172199-worker-0:4187586:4187586 [0] NCCL INFO  2 : GPU/0-44000
[36m(WorkerDict pid=4187586)[0m trial-302172199-trialrun-302172199-worker-0:4187586:4187586 [0] NCCL INFO  3 : GPU/0-5b000
[36m(WorkerDict pid=4187586)[0m trial-302172199-trialrun-302172199-worker-0:4187586:4187586 [0] NCCL INFO  4 : GPU/0-89000
[36m(WorkerDict pid=4187586)[0m trial-302172199-trialrun-302172199-worker-0:4187586:4187586 [0] NCCL INFO  5 : GPU/0-a8000
[36m(WorkerDict pid=4187586)[0m trial-302172199-trialrun-302172199-worker-0:4187586:4187586 [0] NCCL INFO  6 : GPU/0-c0000
[36m(WorkerDict pid=4187586)[0m trial-302172199-trialrun-302172199-worker-0:4187586:4187586 [0] NCCL INFO  7 : GPU/0-d8000
[36m(WorkerDict pid=4187586)[0m trial-302172199-trialrun-302172199-worker-0:4187586:4187586 [0] NCCL INFO comm 0xfc40040 rank 0 nRanks 8 nNodes 1 localRanks 8 localRank 0 MNNVL 0
[36m(WorkerDict pid=4187586)[0m trial-302172199-trialrun-302172199-worker-0:4187586:4187586 [0] NCCL INFO Tree 0 : -1 -> 0 -> 1/-1/-1
[36m(WorkerDict pid=4187586)[0m trial-302172199-trialrun-302172199-worker-0:4187586:4187586 [0] NCCL INFO Tree 16 : -1 -> 0 -> 1/-1/-1
[36m(WorkerDict pid=4187586)[0m trial-302172199-trialrun-302172199-worker-0:4187586:4187586 [0] NCCL INFO Tree 1 : -1 -> 0 -> 1/-1/-1
[36m(WorkerDict pid=4187586)[0m trial-302172199-trialrun-302172199-worker-0:4187586:4187586 [0] NCCL INFO Tree 17 : -1 -> 0 -> 1/-1/-1
[36m(WorkerDict pid=4187586)[0m trial-302172199-trialrun-302172199-worker-0:4187586:4187586 [0] NCCL INFO Tree 2 : -1 -> 0 -> 1/-1/-1
[36m(WorkerDict pid=4187586)[0m trial-302172199-trialrun-302172199-worker-0:4187586:4187586 [0] NCCL INFO Tree 18 : -1 -> 0 -> 1/-1/-1
[36m(WorkerDict pid=4187586)[0m trial-302172199-trialrun-302172199-worker-0:4187586:4187586 [0] NCCL INFO Tree 3 : -1 -> 0 -> 1/-1/-1
[36m(WorkerDict pid=4187586)[0m trial-302172199-trialrun-302172199-worker-0:4187586:4187586 [0] NCCL INFO Tree 19 : -1 -> 0 -> 1/-1/-1
[36m(WorkerDict pid=4187586)[0m trial-302172199-trialrun-302172199-worker-0:4187586:4187586 [0] NCCL INFO Tree 4 : -1 -> 0 -> 1/-1/-1
[36m(WorkerDict pid=4187586)[0m trial-302172199-trialrun-302172199-worker-0:4187586:4187586 [0] NCCL INFO Tree 20 : -1 -> 0 -> 1/-1/-1
[36m(WorkerDict pid=4187586)[0m trial-302172199-trialrun-302172199-worker-0:4187586:4187586 [0] NCCL INFO Tree 5 : -1 -> 0 -> 1/-1/-1
[36m(WorkerDict pid=4187586)[0m trial-302172199-trialrun-302172199-worker-0:4187586:4187586 [0] NCCL INFO Tree 21 : -1 -> 0 -> 1/-1/-1
[36m(WorkerDict pid=4187586)[0m trial-302172199-trialrun-302172199-worker-0:4187586:4187586 [0] NCCL INFO Tree 6 : -1 -> 0 -> 1/-1/-1
[36m(WorkerDict pid=4187586)[0m trial-302172199-trialrun-302172199-worker-0:4187586:4187586 [0] NCCL INFO Tree 22 : -1 -> 0 -> 1/-1/-1
[36m(WorkerDict pid=4187586)[0m trial-302172199-trialrun-302172199-worker-0:4187586:4187586 [0] NCCL INFO Tree 7 : -1 -> 0 -> 1/-1/-1
[36m(WorkerDict pid=4187586)[0m trial-302172199-trialrun-302172199-worker-0:4187586:4187586 [0] NCCL INFO Tree 23 : -1 -> 0 -> 1/-1/-1
[36m(WorkerDict pid=4187586)[0m trial-302172199-trialrun-302172199-worker-0:4187586:4187586 [0] NCCL INFO Tree 8 : -1 -> 0 -> 1/-1/-1
[36m(WorkerDict pid=4187586)[0m trial-302172199-trialrun-302172199-worker-0:4187586:4187586 [0] NCCL INFO Tree 24 : -1 -> 0 -> 1/-1/-1
[36m(WorkerDict pid=4187586)[0m trial-302172199-trialrun-302172199-worker-0:4187586:4187586 [0] NCCL INFO Tree 9 : -1 -> 0 -> 1/-1/-1
[36m(WorkerDict pid=4187586)[0m trial-302172199-trialrun-302172199-worker-0:4187586:4187586 [0] NCCL INFO Tree 25 : -1 -> 0 -> 1/-1/-1
[36m(WorkerDict pid=4187586)[0m trial-302172199-trialrun-302172199-worker-0:4187586:4187586 [0] NCCL INFO Tree 10 : -1 -> 0 -> 1/-1/-1
[36m(WorkerDict pid=4187586)[0m trial-302172199-trialrun-302172199-worker-0:4187586:4187586 [0] NCCL INFO Tree 26 : -1 -> 0 -> 1/-1/-1
[36m(WorkerDict pid=4187586)[0m trial-302172199-trialrun-302172199-worker-0:4187586:4187586 [0] NCCL INFO Tree 11 : -1 -> 0 -> 1/-1/-1
[36m(WorkerDict pid=4187586)[0m trial-302172199-trialrun-302172199-worker-0:4187586:4187586 [0] NCCL INFO Tree 27 : -1 -> 0 -> 1/-1/-1
[36m(WorkerDict pid=4187586)[0m trial-302172199-trialrun-302172199-worker-0:4187586:4187586 [0] NCCL INFO Tree 12 : -1 -> 0 -> 1/-1/-1
[36m(WorkerDict pid=4187586)[0m trial-302172199-trialrun-302172199-worker-0:4187586:4187586 [0] NCCL INFO Tree 28 : -1 -> 0 -> 1/-1/-1
[36m(WorkerDict pid=4187586)[0m trial-302172199-trialrun-302172199-worker-0:4187586:4187586 [0] NCCL INFO Tree 13 : -1 -> 0 -> 1/-1/-1
[36m(WorkerDict pid=4187586)[0m trial-302172199-trialrun-302172199-worker-0:4187586:4187586 [0] NCCL INFO Tree 29 : -1 -> 0 -> 1/-1/-1
[36m(WorkerDict pid=4187586)[0m trial-302172199-trialrun-302172199-worker-0:4187586:4187586 [0] NCCL INFO Tree 14 : -1 -> 0 -> 1/-1/-1
[36m(WorkerDict pid=4187586)[0m trial-302172199-trialrun-302172199-worker-0:4187586:4187586 [0] NCCL INFO Tree 30 : -1 -> 0 -> 1/-1/-1
[36m(WorkerDict pid=4187586)[0m trial-302172199-trialrun-302172199-worker-0:4187586:4187586 [0] NCCL INFO Tree 15 : -1 -> 0 -> 1/-1/-1
[36m(WorkerDict pid=4187586)[0m trial-302172199-trialrun-302172199-worker-0:4187586:4187586 [0] NCCL INFO Tree 31 : -1 -> 0 -> 1/-1/-1
[36m(WorkerDict pid=4187586)[0m trial-302172199-trialrun-302172199-worker-0:4187586:4187586 [0] NCCL INFO Channel 00/32 : 0 1 2 3 4 5 6 7
[36m(WorkerDict pid=4187586)[0m trial-302172199-trialrun-302172199-worker-0:4187586:4187586 [0] NCCL INFO Channel 01/32 : 0 1 2 3 4 5 6 7
[36m(WorkerDict pid=4187586)[0m trial-302172199-trialrun-302172199-worker-0:4187586:4187586 [0] NCCL INFO Channel 02/32 : 0 1 2 3 4 5 6 7
[36m(WorkerDict pid=4187586)[0m trial-302172199-trialrun-302172199-worker-0:4187586:4187586 [0] NCCL INFO Channel 03/32 : 0 1 2 3 4 5 6 7
[36m(WorkerDict pid=4187586)[0m trial-302172199-trialrun-302172199-worker-0:4187586:4187586 [0] NCCL INFO Channel 04/32 : 0 1 2 3 4 5 6 7
[36m(WorkerDict pid=4187586)[0m trial-302172199-trialrun-302172199-worker-0:4187586:4187586 [0] NCCL INFO Channel 05/32 : 0 1 2 3 4 5 6 7
[36m(WorkerDict pid=4187586)[0m trial-302172199-trialrun-302172199-worker-0:4187586:4187586 [0] NCCL INFO Channel 06/32 : 0 1 2 3 4 5 6 7
[36m(WorkerDict pid=4187586)[0m trial-302172199-trialrun-302172199-worker-0:4187586:4187586 [0] NCCL INFO Channel 07/32 : 0 1 2 3 4 5 6 7
[36m(WorkerDict pid=4187586)[0m trial-302172199-trialrun-302172199-worker-0:4187586:4187586 [0] NCCL INFO Channel 08/32 : 0 1 2 3 4 5 6 7
[36m(WorkerDict pid=4187586)[0m trial-302172199-trialrun-302172199-worker-0:4187586:4187586 [0] NCCL INFO Channel 09/32 : 0 1 2 3 4 5 6 7
[36m(WorkerDict pid=4187586)[0m trial-302172199-trialrun-302172199-worker-0:4187586:4187586 [0] NCCL INFO Channel 10/32 : 0 1 2 3 4 5 6 7
[36m(WorkerDict pid=4187586)[0m trial-302172199-trialrun-302172199-worker-0:4187586:4187586 [0] NCCL INFO Channel 11/32 : 0 1 2 3 4 5 6 7
[36m(WorkerDict pid=4187586)[0m trial-302172199-trialrun-302172199-worker-0:4187586:4187586 [0] NCCL INFO Channel 12/32 : 0 1 2 3 4 5 6 7
[36m(WorkerDict pid=4187586)[0m trial-302172199-trialrun-302172199-worker-0:4187586:4187586 [0] NCCL INFO Channel 13/32 : 0 1 2 3 4 5 6 7
[36m(WorkerDict pid=4187586)[0m trial-302172199-trialrun-302172199-worker-0:4187586:4187586 [0] NCCL INFO Channel 14/32 : 0 1 2 3 4 5 6 7
[36m(WorkerDict pid=4187586)[0m trial-302172199-trialrun-302172199-worker-0:4187586:4187586 [0] NCCL INFO Channel 15/32 : 0 1 2 3 4 5 6 7
[36m(WorkerDict pid=4187586)[0m trial-302172199-trialrun-302172199-worker-0:4187586:4187586 [0] NCCL INFO Channel 16/32 : 0 1 2 3 4 5 6 7
[36m(WorkerDict pid=4187586)[0m trial-302172199-trialrun-302172199-worker-0:4187586:4187586 [0] NCCL INFO Channel 17/32 : 0 1 2 3 4 5 6 7
[36m(WorkerDict pid=4187586)[0m trial-302172199-trialrun-302172199-worker-0:4187586:4187586 [0] NCCL INFO Channel 18/32 : 0 1 2 3 4 5 6 7
[36m(WorkerDict pid=4187586)[0m trial-302172199-trialrun-302172199-worker-0:4187586:4187586 [0] NCCL INFO Channel 19/32 : 0 1 2 3 4 5 6 7
[36m(WorkerDict pid=4187586)[0m trial-302172199-trialrun-302172199-worker-0:4187586:4187586 [0] NCCL INFO Channel 20/32 : 0 1 2 3 4 5 6 7
[36m(WorkerDict pid=4187586)[0m trial-302172199-trialrun-302172199-worker-0:4187586:4187586 [0] NCCL INFO Channel 21/32 : 0 1 2 3 4 5 6 7
[36m(WorkerDict pid=4187586)[0m trial-302172199-trialrun-302172199-worker-0:4187586:4187586 [0] NCCL INFO Channel 22/32 : 0 1 2 3 4 5 6 7
[36m(WorkerDict pid=4187586)[0m trial-302172199-trialrun-302172199-worker-0:4187586:4187586 [0] NCCL INFO Channel 23/32 : 0 1 2 3 4 5 6 7
[36m(WorkerDict pid=4187586)[0m trial-302172199-trialrun-302172199-worker-0:4187586:4187586 [0] NCCL INFO Channel 24/32 : 0 1 2 3 4 5 6 7
[36m(WorkerDict pid=4187586)[0m trial-302172199-trialrun-302172199-worker-0:4187586:4187586 [0] NCCL INFO Channel 25/32 : 0 1 2 3 4 5 6 7
[36m(WorkerDict pid=4187586)[0m trial-302172199-trialrun-302172199-worker-0:4187586:4187586 [0] NCCL INFO Channel 26/32 : 0 1 2 3 4 5 6 7
[36m(WorkerDict pid=4187586)[0m trial-302172199-trialrun-302172199-worker-0:4187586:4187586 [0] NCCL INFO Channel 27/32 : 0 1 2 3 4 5 6 7
[36m(WorkerDict pid=4187586)[0m trial-302172199-trialrun-302172199-worker-0:4187586:4187586 [0] NCCL INFO Channel 28/32 : 0 1 2 3 4 5 6 7
[36m(WorkerDict pid=4187586)[0m trial-302172199-trialrun-302172199-worker-0:4187586:4187586 [0] NCCL INFO Channel 29/32 : 0 1 2 3 4 5 6 7
[36m(WorkerDict pid=4187586)[0m trial-302172199-trialrun-302172199-worker-0:4187586:4187586 [0] NCCL INFO Channel 30/32 : 0 1 2 3 4 5 6 7
[36m(WorkerDict pid=4187586)[0m trial-302172199-trialrun-302172199-worker-0:4187586:4187586 [0] NCCL INFO Channel 31/32 : 0 1 2 3 4 5 6 7
[36m(WorkerDict pid=4187586)[0m trial-302172199-trialrun-302172199-worker-0:4187586:4187586 [0] NCCL INFO Ring 00 : 7 -> 0 -> 1
[36m(WorkerDict pid=4187586)[0m trial-302172199-trialrun-302172199-worker-0:4187586:4187586 [0] NCCL INFO Ring 01 : 7 -> 0 -> 1
[36m(WorkerDict pid=4187586)[0m trial-302172199-trialrun-302172199-worker-0:4187586:4187586 [0] NCCL INFO Ring 02 : 7 -> 0 -> 1
[36m(WorkerDict pid=4187586)[0m trial-302172199-trialrun-302172199-worker-0:4187586:4187586 [0] NCCL INFO Ring 03 : 7 -> 0 -> 1
[36m(WorkerDict pid=4187586)[0m trial-302172199-trialrun-302172199-worker-0:4187586:4187586 [0] NCCL INFO Ring 04 : 7 -> 0 -> 1
[36m(WorkerDict pid=4187586)[0m trial-302172199-trialrun-302172199-worker-0:4187586:4187586 [0] NCCL INFO Ring 05 : 7 -> 0 -> 1
[36m(WorkerDict pid=4187586)[0m trial-302172199-trialrun-302172199-worker-0:4187586:4187586 [0] NCCL INFO Ring 06 : 7 -> 0 -> 1
[36m(WorkerDict pid=4187586)[0m trial-302172199-trialrun-302172199-worker-0:4187586:4187586 [0] NCCL INFO Ring 07 : 7 -> 0 -> 1
[36m(WorkerDict pid=4187586)[0m trial-302172199-trialrun-302172199-worker-0:4187586:4187586 [0] NCCL INFO Ring 08 : 7 -> 0 -> 1
[36m(WorkerDict pid=4187586)[0m trial-302172199-trialrun-302172199-worker-0:4187586:4187586 [0] NCCL INFO Ring 09 : 7 -> 0 -> 1
[36m(WorkerDict pid=4187586)[0m trial-302172199-trialrun-302172199-worker-0:4187586:4187586 [0] NCCL INFO Ring 10 : 7 -> 0 -> 1
[36m(WorkerDict pid=4187586)[0m trial-302172199-trialrun-302172199-worker-0:4187586:4187586 [0] NCCL INFO Ring 11 : 7 -> 0 -> 1
[36m(WorkerDict pid=4187586)[0m trial-302172199-trialrun-302172199-worker-0:4187586:4187586 [0] NCCL INFO Ring 12 : 7 -> 0 -> 1
[36m(WorkerDict pid=4187586)[0m trial-302172199-trialrun-302172199-worker-0:4187586:4187586 [0] NCCL INFO Ring 13 : 7 -> 0 -> 1
[36m(WorkerDict pid=4187586)[0m trial-302172199-trialrun-302172199-worker-0:4187586:4187586 [0] NCCL INFO Ring 14 : 7 -> 0 -> 1
[36m(WorkerDict pid=4187586)[0m trial-302172199-trialrun-302172199-worker-0:4187586:4187586 [0] NCCL INFO Ring 15 : 7 -> 0 -> 1
[36m(WorkerDict pid=4187586)[0m trial-302172199-trialrun-302172199-worker-0:4187586:4187586 [0] NCCL INFO Ring 16 : 7 -> 0 -> 1
[36m(WorkerDict pid=4187586)[0m trial-302172199-trialrun-302172199-worker-0:4187586:4187586 [0] NCCL INFO Ring 17 : 7 -> 0 -> 1
[36m(WorkerDict pid=4187586)[0m trial-302172199-trialrun-302172199-worker-0:4187586:4187586 [0] NCCL INFO Ring 18 : 7 -> 0 -> 1
[36m(WorkerDict pid=4187586)[0m trial-302172199-trialrun-302172199-worker-0:4187586:4187586 [0] NCCL INFO Ring 19 : 7 -> 0 -> 1
[36m(WorkerDict pid=4187586)[0m trial-302172199-trialrun-302172199-worker-0:4187586:4187586 [0] NCCL INFO Ring 20 : 7 -> 0 -> 1
[36m(WorkerDict pid=4187586)[0m trial-302172199-trialrun-302172199-worker-0:4187586:4187586 [0] NCCL INFO Ring 21 : 7 -> 0 -> 1
[36m(WorkerDict pid=4187586)[0m trial-302172199-trialrun-302172199-worker-0:4187586:4187586 [0] NCCL INFO Ring 22 : 7 -> 0 -> 1
[36m(WorkerDict pid=4187586)[0m trial-302172199-trialrun-302172199-worker-0:4187586:4187586 [0] NCCL INFO Ring 23 : 7 -> 0 -> 1
[36m(WorkerDict pid=4187586)[0m trial-302172199-trialrun-302172199-worker-0:4187586:4187586 [0] NCCL INFO Ring 24 : 7 -> 0 -> 1
[36m(WorkerDict pid=4187586)[0m trial-302172199-trialrun-302172199-worker-0:4187586:4187586 [0] NCCL INFO Ring 25 : 7 -> 0 -> 1
[36m(WorkerDict pid=4187586)[0m trial-302172199-trialrun-302172199-worker-0:4187586:4187586 [0] NCCL INFO Ring 26 : 7 -> 0 -> 1
[36m(WorkerDict pid=4187586)[0m trial-302172199-trialrun-302172199-worker-0:4187586:4187586 [0] NCCL INFO Ring 27 : 7 -> 0 -> 1
[36m(WorkerDict pid=4187586)[0m trial-302172199-trialrun-302172199-worker-0:4187586:4187586 [0] NCCL INFO Ring 28 : 7 -> 0 -> 1
[36m(WorkerDict pid=4187586)[0m trial-302172199-trialrun-302172199-worker-0:4187586:4187586 [0] NCCL INFO Ring 29 : 7 -> 0 -> 1
[36m(WorkerDict pid=4187586)[0m trial-302172199-trialrun-302172199-worker-0:4187586:4187586 [0] NCCL INFO Ring 30 : 7 -> 0 -> 1
[36m(WorkerDict pid=4187586)[0m trial-302172199-trialrun-302172199-worker-0:4187586:4187586 [0] NCCL INFO Ring 31 : 7 -> 0 -> 1
[36m(WorkerDict pid=4187586)[0m trial-302172199-trialrun-302172199-worker-0:4187586:4187586 [0] NCCL INFO Trees [0] 1/-1/-1->0->-1 [1] 1/-1/-1->0->-1 [2] 1/-1/-1->0->-1 [3] 1/-1/-1->0->-1 [4] 1/-1/-1->0->-1 [5] 1/-1/-1->0->-1 [6] 1/-1/-1->0->-1 [7] 1/-1/-1->0->-1 [8] 1/-1/-1->0->-1 [9] 1/-1/-1->0->-1 [10] 1/-1/-1->0->-1 [11] 1/-1/-1->0->-1 [12] 1/-1/-1->0->-1 [13] 1/-1/-1->0->-1 [14] 1/-1/-1->0->-1 [15] 1/-1/-1->0->-1 [16] 1/-1/-1->0->-1 [17] 1/-1/-1->0->-1 [18] 1/-1/-1->0->-1 [19] 1/-1/-1->0->-1 [20] 1/-1/-1->0->-1 [21] 1/-1/-1->0->-1 [22] 1/-1/-1->0->-1 [23] 1/-1/-1->0->-1 [24] 1/-1/-1->0->-1 [25] 1/-1/-1->0->-1 [26] 1/-1/-1->0->-1 [27] 1/-1/-1->0->-1 [28] 1/-1/-1->0->-1 [29] 1/-1/-1->0->-1 [30] 1/-1/-1->0->-1 [31] 1/-1/-1->0->-1
[36m(WorkerDict pid=4187586)[0m trial-302172199-trialrun-302172199-worker-0:4187586:4187586 [0] NCCL INFO P2P Chunksize set to 524288
[36m(WorkerDict pid=4187586)[0m trial-302172199-trialrun-302172199-worker-0:4187586:4187586 [0] NCCL INFO PROFILER/Plugin: Could not find: libnccl-profiler.so
[36m(WorkerDict pid=4187586)[0m trial-302172199-trialrun-302172199-worker-0:4187586:4187586 [0] NCCL INFO Check P2P Type isAllDirectP2p 1 directMode 0 isAllCudaP2p 1
[36m(WorkerDict pid=4187586)[0m trial-302172199-trialrun-302172199-worker-0:4187586:9193 [0] NCCL INFO [Proxy Service] Device 0 CPU core 30
[36m(WorkerDict pid=4187586)[0m trial-302172199-trialrun-302172199-worker-0:4187586:4187586 [0] NCCL INFO ncclP2pSchedule: group size used is 8
[36m(WorkerDict pid=4187586)[0m trial-302172199-trialrun-302172199-worker-0:4187586:9197 [0] NCCL INFO [Proxy Service UDS] Device 0 C
[36m(WorkerDict pid=4187589)[0m S) NET/0-0 (0/0.0/DIS)
[36m(WorkerDict pid=4187589)[0m trial-302172199-trialrun-302172199-worker-
[36m(WorkerDict pid=4187592)[0m YS) NET/0-0 (0/0.0/DIS)
[36m(WorkerDict pid=4187592)[0m trial-302172199-trialrun-302172199-worker-0:4187592:4187592 [6]
[36m(WorkerDict pid=4187596)[0m trial-302172199-trialrun-302172199-worker-0:4187596:4187596 [7] NC
[36m(WorkerDict pid=4187590)[0m trial-302172199-trialrun-302172199-worker-0:4187590:4187590 [3] NCCL I
[36m(WorkerDict pid=4187588)[0m trial-302172199-trialrun-302172199-worker-0:4187588:4187588 [2] NCCL
[36m(WorkerDict pid=4187593)[0m trial-302172199-trialrun-302172199-worker-0:4187593:4187593 [5]
[36m(WorkerDict pid=4187586)[0m PU core 20
[36m(WorkerDict pid=4187586)[0m trial-302172199-trialrun-302172199-worker-0:4187586:4187586 [0] NCCL INFO TUNER/Plugin: Could not find: libnccl-tuner.so
[36m(WorkerDict pid=4187586)[0m trial-302172199-trialrun-302172199-worker-0:4187586:4187586 [0] NCCL INFO threadThresholds 8/8/64 | 64/8/64 | 512 | 512
[36m(WorkerDict pid=4187586)[0m trial-302172199-trialrun-302172199-worker-0:4187586:4187586 [0] NCCL INFO 32 coll channels, 32 collnet channels, 24 nvls channels, 32 p2p channels, 32 p2p channels per peer
[36m(WorkerDict pid=4187586)[0m trial-302172199-trialrun-302172199-worker-0:4187586:4187586 [0] NCCL INFO CC Off, workFifoBytes 1048576
[36m(WorkerDict pid=4187586)[0m trial-302172199-trialrun-302172199-worker-0:4187586:4187586 [0] NCCL INFO ncclCommInitRankConfig comm 0xfc40040 rank 0 nranks 8 cudaDev 0 nvmlDev 0 busId f000 commId 0x1fc23ab3cbc0cb92 - Init COMPLETE
[36m(WorkerDict pid=4187586)[0m trial-302172199-trialrun-302172199-worker-0:4187586:4187586 [0] NCCL INFO Init timings - ncclCommInitRankConfig: rank 0 nranks 8 total 3.36 (kernels 0.35, alloc 0.72, bootstrap 0.18, allgathers 0.02, topo 1.58, graphs 0.03, connections 0.47, rest 0.00)
[36m(WorkerDict pid=4187586)[0m trial-302172199-trialrun-302172199-worker-0:4187586:4187586 [0] NCCL INFO Channel 00/0 : 0[0] -> 1[1] via P2P/CUMEM
[36m(WorkerDict pid=4187586)[0m trial-302172199-trialrun-302172199-worker-0:4187586:4187586 [0] NCCL INFO Channel 01/0 : 0[0] -> 1[1] via P2P/CUMEM
[36m(WorkerDict pid=4187586)[0m trial-302172199-trialrun-302172199-worker-0:4187586:4187586 [0] NCCL INFO Channel 02/0 : 0[0] -> 1[1] via P2P/CUMEM
[36m(WorkerDict pid=4187586)[0m trial-302172199-trialrun-302172199-worker-0:4187586:4187586 [0] NCCL INFO Channel 03/0 : 0[0] -> 1[1] via P2P/CUMEM
[36m(WorkerDict pid=4187586)[0m trial-302172199-trialrun-302172199-worker-0:4187586:4187586 [0] NCCL INFO Channel 04/0 : 0[0] -> 1[1] via P2P/CUMEM
[36m(WorkerDict pid=4187586)[0m trial-302172199-trialrun-302172199-worker-0:4187586:4187586 [0] NCCL INFO Channel 05/0 : 0[0] -> 1[1] via P2P/CUMEM
[36m(WorkerDict pid=4187586)[0m trial-302172199-trialrun-302172199-worker-0:4187586:4187586 [0] NCCL INFO Channel 06/0 : 0[0] -> 1[1] via P2P/CUMEM
[36m(WorkerDict pid=4187586)[0m trial-302172199-trialrun-302172199-worker-0:4187586:4187586 [0] NCCL INFO Channel 07/0 : 0[0] -> 1[1] via P2P/CUMEM
[36m(WorkerDict pid=4187586)[0m trial-302172199-trialrun-302172199-worker-0:4187586:4187586 [0] NCCL INFO Channel 08/0 : 0[0] -> 1[1] via P2P/CUMEM
[36m(WorkerDict pid=4187586)[0m trial-302172199-trialrun-302172199-worker-0:4187586:4187586 [0] NCCL INFO Channel 09/0 : 0[0] -> 1[1] via P2P/CUMEM
[36m(WorkerDict pid=4187586)[0m trial-302172199-trialrun-302172199-worker-0:4187586:4187586 [0] NCCL INFO Channel 10/0 : 0[0] -> 1[1] via P2P/CUMEM
[36m(WorkerDict pid=4187586)[0m trial-302172199-trialrun-302172199-worker-0:4187586:4187586 [0] NCCL INFO Channel 11/0 : 0[0] -> 1[1] via P2P/CUMEM
[36m(WorkerDict pid=4187586)[0m trial-302172199-trialrun-302172199-worker-0:4187586:4187586 [0] NCCL INFO Channel 12/0 : 0[0] -> 1[1] via P2P/CUMEM
[36m(WorkerDict pid=4187586)[0m trial-302172199-trialrun-302172199-worker-0:4187586:4187586 [0] NCCL INFO Channel 13/0 : 0[0] -> 1[1] via P2P/CUMEM
[36m(WorkerDict pid=4187586)[0m trial-302172199-trialrun-302172199-worker-0:4187586:4187586 [0] NCCL INFO Channel 14/0 : 0[0] -> 1[1] via P2P/CUMEM
[36m(WorkerDict pid=4187586)[0m trial-302172199-trialrun-302172199-worker-0:4187586:4187586 [0] NCCL INFO Channel 15/0 : 0[0] -> 1[1] via P2P/CUMEM
[36m(WorkerDict pid=4187586)[0m trial-302172199-trialrun-302172199-worker-0:4187586:4187586 [0] NCCL INFO Channel 16/0 : 0[0] -> 1[1] via P2P/CUMEM
[36m(WorkerDict pid=4187586)[0m trial-302172199-trialrun-302172199-worker-0:4187586:4187586 [0] NCCL INFO Channel 17/0 : 0[0] -> 1[1] via P2P/CUMEM
[36m(WorkerDict pid=4187586)[0m trial-302172199-trialrun-302172199-worker-0:4187586:4187586 [0] NCCL INFO Channel 18/0 : 0[0] -> 1[1] via P2P/CUMEM
[36m(WorkerDict pid=4187586)[0m trial-302172199-trialrun-302172199-worker-0:4187586:4187586 [0] NCCL INFO Channel 19/0 : 0[0] -> 1[1] via P2P/CUMEM
[36m(WorkerDict pid=4187586)[0m trial-302172199-trialrun-302172199-worker-0:4187586:4187586 [0] NCCL INFO Channel 20/0 : 0[0] -> 1[1] via P2P/CUMEM
[36m(WorkerDict pid=4187586)[0m trial-302172199-trialrun-302172199-worker-0:4187586:4187586 [0] NCCL INFO Channel 21/0 : 0[0] -> 1[1] via P2P/CUMEM
[36m(WorkerDict pid=4187586)[0m trial-302172199-trialrun-302172199-worker-0:4187586:4187586 [0] NCCL INFO Channel 22/0 : 0[0] -> 1[1] via P2P/CUMEM
[36m(WorkerDict pid=4187586)[0m trial-302172199-trialrun-302172199-worker-0:4187586:4187586 [0] NCCL INFO Channel 23/0 : 0[0] -> 1[1] via P2P/CUMEM
[36m(WorkerDict pid=4187586)[0m trial-302172199-trialrun-302172199-worker-0:4187586:4187586 [0] NCCL INFO Channel 24/0 : 0[0] -> 1[1] via P2P/CUMEM
[36m(WorkerDict pid=4187586)[0m trial-302172199-trialrun-302172199-worker-0:4187586:4187586 [0] NCCL INFO Channel 25/0 : 0[0] -> 1[1] via P2P/CUMEM
[36m(WorkerDict pid=4187586)[0m trial-302172199-trialrun-302172199-worker-0:4187586:4187586 [0] NCCL INFO Channel 26/0 : 0[0] ->
[36m(WorkerDict pid=4187589)[0m trial-302172199-trialrun-302172199-worker-0:4187589:9206 [0] NCCL INFO [Proxy Service UDS] Device 1 CPU core 144
[36m(WorkerDict pid=4187589)[0m trial-302172199-tria
[36m(WorkerDict pid=4187596)[0m CL INFO Ring 30 : 6 -> 7 -> 0
[36m(WorkerDict pid=4187590)[0m NFO Ring 30 : 2 -> 3 -> 4
[36m(WorkerDict pid=4187591)[0m trial-302172199-trialrun-302172199-worker-0:4187591:4187591 [4] NCCL INFO Channel 14/0 : 4[4] -> 5[5] v
[36m(WorkerDict pid=4187588)[0m  INFO Ring 30 : 1 -> 2 -> 3
[36m(WorkerDict pid=4187588)[0m trial-302172199-trialrun-302172199-worker-0:4187588:4187588 [2] NCCL INFO Channel 14/0 : 2[2] -> 3[3] vi
[36m(WorkerDict pid=4187586)[0m Actor use_remove_padding=True
[36m(WorkerDict pid=4187586)[0m Actor use_fused_kernels=True
[36m(WorkerDict pid=4187593)[0m Monkey patch _flash_attention_forward in transformers.integrations.flash_attention[32m [repeated 7x across cluster][0m
[36m(WorkerDict pid=4187593)[0m Using Triton backend for fused kernels in Qwen2ForCausalLM[32m [repeated 7x across cluster][0m
[36m(WorkerDict pid=4187593)[0m trial-302172199-trialrun-302172199-worker-0:4187593:4187593 [5] NCCL INFO ENV/Plugin: Could not find: libnccl-env.so[32m [repeated 7x across cluster][0m
[36m(WorkerDict pid=4187593)[0m trial-302172199-trialrun-302172199-worker-0:4187593:4187593 [5] NCCL INFO NCCL_SOCKET_FAMILY set by environment to AF_INET6[32m [repeated 14x across cluster][0m
[36m(WorkerDict pid=4187593)[0m trial-302172199-trialrun-302172199-worker-0:4187593:4187593 [5] NCCL INFO NCCL_SOCKET_IFNAME set by environment to =eth0[32m [repeated 14x across cluster][0m
[36m(WorkerDict pid=4187593)[0m trial-302172199-trialrun-302172199-worker-0:4187593:4187593 [5] NCCL INFO cudaDriverVersion 13000[32m [repeated 7x across cluster][0m
[36m(WorkerDict pid=4187593)[0m trial-302172199-trialrun-302172199-worker-0:4187593:4187593 [5] NCCL INFO NCCL version 2.28.9+cuda13.0[32m [repeated 7x across cluster][0m
[36m(WorkerDict pid=4187593)[0m trial-302172199-trialrun-302172199-worker-0:4187593:4187593 [5] NCCL INFO Comm config Blocking set to 1[32m [repeated 7x across cluster][0m
[36m(WorkerDict pid=4187593)[0m trial-302172199-trialrun-302172199-worker-0:4187593:4187593 [5] NCCL INFO NCCL_NET_PLUGIN set by environment to none[32m [repeated 7x across cluster][0m
[36m(WorkerDict pid=4187593)[0m trial-302172199-trialrun-302172199-worker-0:4187593:4187593 [5] NCCL INFO NET/Socket : Using [0]eth0:fdbd:dc61:ff:f000:ffff:ffff:0:16<0>[32m [repeated 7x across cluster][0m
[36m(WorkerDict pid=4187593)[0m trial-302172199-trialrun-302172199-worker-0:4187593:4187593 [5] NCCL INFO Initialized NET plugin Socket[32m [repeated 7x across cluster][0m
[36m(WorkerDict pid=4187593)[0m trial-302172199-trialrun-302172199-worker-0:4187593:4187593 [5] NCCL INFO Assigned NET plugin Socket to comm[32m [repeated 7x across cluster][0m
[36m(WorkerDict pid=4187593)[0m trial-302172199-trialrun-302172199-worker-0:4187593:4187593 [5] NCCL INFO Using network Socket[32m [repeated 7x across cluster][0m
[36m(WorkerDict pid=4187593)[0m trial-302172199-trialrun-302172199-worker-0:4187593:4187593 [5] NCCL INFO ncclCommInitRankConfig comm 0x12e8c7f0 rank 5 nranks 8 cudaDev 5 nvmlDev 5 busId a8000 commId 0x1fc23ab3cbc0cb92 - Init START[32m [repeated 7x across cluster][0m
[36m(WorkerDict pid=4187593)[0m trial-302172199-trialrun-302172199-worker-0:4187593:4187593 [5] NCCL INFO RAS client listening socket at ::1<28028>[32m [repeated 7x across cluster][0m
[36m(WorkerDict pid=4187593)[0m trial-302172199-trialrun-302172199-worker-0:4187593:4187593 [5] NCCL INFO MNNVL busId 0xa8000 fabric UUID 0.0 cliqueId 0x0 state 3 healthMask 0x80[32m [repeated 7x across cluster][0m
[36m(WorkerDict pid=4187593)[0m trial-302172199-trialrun-302172199-worker-0:4187593:4187593 [5] NCCL INFO Could not find real path of /sys/class/pci_bus/fffffff/../../fffffff:ff:f[32m [repeated 7x across cluster][0m
[36m(WorkerDict pid=4187593)[0m trial-302172199-trialrun-302172199-worker-0:4187593:4187593 [5] NCCL INFO TOPO/NET : Importing network plugins to topology[32m [repeated 7x across cluster][0m
[36m(WorkerDict pid=4187593)[0m trial-302172199-trialrun-302172199-worker-0:4187593:4187593 [5] NCCL INFO ncclTopoPopulateNics : Filled eth0 in topo with pciPath=(null) keep=1 coll=(null)[32m [repeated 7x across cluster][0m
[36m(WorkerDict pid=4187593)[0m trial-302172199-trialrun-302172199-worker-0:4187593:4187593 [5] NCCL INFO === System : maxBw 721.8 totalBw 721.8 ===[32m [repeated 7x across cluster][0m
[36m(WorkerDict pid=4187593)[0m trial-302172199-trialrun-302172199-worker-0:4187593:4187593 [5] NCCL INFO NET/0-0 :GPU/0-f000 (4/1.2/PHB) GPU/0-2d000 (4/1.2/PHB) GPU/0-44000 (4/1.2/PHB) GPU/0-5b000 (4/1.2/PHB) GPU/0-89000 (5/1.2/SYS) GPU/0-a8000 (5/1.2/SYS) GPU/0-c0000 (5/1.2/SYS) GPU/0-d8000 (5/1.2/SYS) CPU/0-0 (2/1.2/PHB) CPU/0-1 (3/1.2/SYS) NET/0-0 (0/5000.0/LOC) NET/0-0 (0/0.0/DIS) [32m [repeated 89x across cluster][0m
[36m(WorkerDict pid=4187593)[0m trial-302172199-trialrun-302172199-worker-0:4187593:4187593 [5] NCCL INFO + SYS[40.0] - CPU/0-0[32m [repeated 203x across cluster][0m
[36m(WorkerDict pid=4187593)[0m trial-302172199-trialrun-302172199-worker-0:4187593:4187593 [5] NCCL INFO ==========================================[32m [repeated 7x across cluster][0m
[36m(WorkerDict pid=4187593)[0m trial-302172199-trialrun-302172199-worker-0:4187593:4187593 [5] NCCL INFO ncclTopoGetCpuAffinity: Affinity for GPU 5 is 64-126,192-254. (GPU affinity = 64-127,192-255 ; CPU affinity = 0-62,64-126,128-190,192-254).[32m [repeated 7x across cluster][0m
[36m(WorkerDict pid=4187593)[0m trial-302172199-trialrun-302172199-worker-0:4187593:4187593 [5] NCCL INFO NCCL_NVLS_ENABLE set by environment to 1.[32m [repeated 7x across cluster][0m
[36m(WorkerDict pid=4187593)[0m trial-302172199-trialrun-302172199-worker-0:4187593:4187593 [5] NCCL INFO NVLS multicast support is available on dev 5 (NVLS_NCHANNELS 24)[32m [repeated 7x across cluster][0m
[36m(WorkerDict pid=4187593)[0m trial-302172199-trialrun-302172199-worker-0:4187593:4187593 [5] NCCL INFO Pattern 5, crossNic 0, nChannels 8, bw 80.000000/90.000000, type NVL/PIX, sameChannels 0[32m [repeated 21x across cluster][0m
[36m(WorkerDict pid=4187593)[0m trial-302172199-trialrun-302172199-worker-0:4187593:4187593 [5] NCCL INFO  7 : GPU/0-d8000[32m [repeated 280x across cluster][0m
[36m(WorkerDict pid=4187593)[0m trial-302172199-trialrun-302172199-worker-0:4187593:4187593 [5] NCCL INFO comm 0x12e8c7f0 rank 5 nRanks 8 nNodes 1 localRanks 8 localRank 5 MNNVL 0[32m [repeated 7x across cluster][0m
[36m(WorkerDict pid=4187588)[0m WARNING:2026-08-02 05:02:50,866:Initializing torch.distributed: rank=2 world_size=8 init_method=tcp://[fdbd:dc61:ff:f000:ffff:ffff:0:16]:42641 master=fdbd:dc61:ff:f000:ffff:ffff:0:16:42641[32m [repeated 7x across cluster][0m
[36m(WorkerDict pid=4187589)[0m [W802 05:02:51.085226213 ProcessGroupNCCL.cpp:932] Warning: TORCH_NCCL_AVOID_RECORD_STREAMS is the default now, this environment variable is thus deprecated. (function operator())[32m [repeated 7x across cluster][0m
[36m(WorkerDict pid=4187589)[0m Loading weights:   0%|          | 0/339 [00:00<?, ?it/s]Loading weights: 100%|██████████| 339/339 [00:00<00:00, 12028.64it/s][32m [repeated 5x across cluster][0m
[36m(WorkerDict pid=4187586)[0m Loading weights:   0%|          | 0/339 [00:00<?, ?it/s][32m [repeated 2x across cluster][0m
[36m(WorkerDict pid=4187592)[0m Loading weights: 100%|██████████| 339/339 [00:00<00:00, 11984.23it/s]
[36m(WorkerDict pid=4187586)[0m Loading weights:   0%|          | 1/339 [00:01<06:04,  1.08s/it]
[36m(WorkerDict pid=4187586)[0m Loading weights:  93%|█████████▎| 316/339 [00:03<00:00, 105.02it/s]
[36m(WorkerDict pid=4187586)[0m Loading weights:  97%|█████████▋| 329/339 [00:03<00:00, 103.19it/s]Loading weights: 100%|██████████| 339/339 [00:03<00:00, 87.80it/s]
[36m(WorkerDict pid=4187589)[0m trial-302172199-trialrun-302172199-worker-0:4187589:4187589 [1] NCCL INFO Tree 31 : 0 -> 1 -> 2/-1/-1[32m [repeated 32x across cluster][0m
[36m(WorkerDict pid=4187593)[0m trial-302172199-trialrun-302172199-worker-0:4187593:4187593 [5] NCCL INFO Ring 31 : 4 -> 5 -> 6[32m [repeated 220x across cluster][0m
[36m(WorkerDict pid=4187593)[0m trial-302172199-trialrun-302172199-worker-0:4187593:4187593 [5] NCCL INFO Trees [0] 6/-1/-1->5->4 [1] 6/-1/-1->5->4 [2] 6/-1/-1->5->4 [3] 6/-1/-1->5->4 [4] 6/-1/-1->5->4 [5] 6/-1/-1->5->4 [6] 6/-1/-1->5->4 [7] 6/-1/-1->5->4 [8] 6/-1/-1->5->4 [9] 6/-1/-1->5->4 [10] 6/-1/-1->5->4 [11] 6/-1/-1->5->4 [12] 6/-1/-1->5->4 [13] 6/-1/-1->5->4 [14] 6/-1/-1->5->4 [15] 6/-1/-1->5->4 [16] 6/-1/-1->5->4 [17] 6/-1/-1->5->4 [18] 6/-1/-1->5->4 [19] 6/-1/-1->5->4 [20] 6/-1/-1->5->4 [21] 6/-1/-1->5->4 [22] 6/-1/-1->5->4 [23] 6/-1/-1->5->4 [24] 6/-1/-1->5->4 [25] 6/-1/-1->5->4 [26] 6/-1/-1->5->4 [27] 6/-1/-1->5->4 [28] 6/-1/-1->5->4 [29] 6/-1/-1->5->4 [30] 6/-1/-1->5->4 [31] 6/-1/-1->5->4[32m [repeated 7x across cluster][0m
[36m(WorkerDict pid=4187593)[0m trial-302172199-trialrun-302172199-worker-0:4187593:4187593 [5] NCCL INFO P2P Chunksize set to 524288[32m [repeated 7x across cluster][0m
[36m(WorkerDict pid=4187593)[0m trial-302172199-trialrun-302172199-worker-0:4187593:4187593 [5] NCCL INFO PROFILER/Plugin: Could not find: libnccl-profiler.so[32m [repeated 7x across cluster][0m
[36m(WorkerDict pid=4187593)[0m trial-302172199-trialrun-302172199-worker-0:4187593:4187593 [5] NCCL INFO Check P2P Type isAllDirectP2p 1 directMode 0 isAllCudaP2p 1[32m [repeated 7x across cluster][0m
[36m(WorkerDict pid=4187593)[0m trial-302172199-trialrun-302172199-worker-0:4187593:9196 [0] NCCL INFO [Proxy Service] Device 5 CPU core 211[32m [repeated 7x across cluster][0m
[36m(WorkerDict pid=4187593)[0m trial-302172199-trialrun-302172199-worker-0:4187593:4187593 [5] NCCL INFO ncclP2pSchedule: group size used is 8[32m [repeated 7x across cluster][0m
[36m(WorkerDict pid=4187591)[0m S) NET/0-0 (0/0.0/DIS) [32m [repeated 3x across cluster][0m
[36m(WorkerDict pid=4187593)[0m YS) NET/0-0 (0/0.0/DIS) [32m [repeated 2x across cluster][0m
[36m(WorkerDict pid=4187591)[0m trial-302172199-trialrun-302172199-worker-0:4187591:4187591 [4] NC
[36m(WorkerDict pid=4187596)[0m trial-302172199-trialrun-302172199-worker-0:4187596:4187596 [7] NCCL I
[36m(WorkerDict pid=4187586)[0m Model config after override: Qwen2Config {
[36m(WorkerDict pid=4187586)[0m   "architectures": [
[36m(WorkerDict pid=4187586)[0m     "Qwen2ForCausalLM"
[36m(WorkerDict pid=4187586)[0m   ],
[36m(WorkerDict pid=4187586)[0m   "attention_dropout": 0.0,
[36m(WorkerDict pid=4187586)[0m   "bos_token_id": null,
[36m(WorkerDict pid=4187586)[0m   "dtype": "bfloat16",
[36m(WorkerDict pid=4187586)[0m   "eos_token_id": 151643,
[36m(WorkerDict pid=4187586)[0m   "hidden_act": "silu",
[36m(WorkerDict pid=4187586)[0m   "hidden_size": 3584,
[36m(WorkerDict pid=4187586)[0m   "initializer_range": 0.02,
[36m(WorkerDict pid=4187586)[0m   "intermediate_size": 18944,
[36m(WorkerDict pid=4187586)[0m   "layer_types": [
[36m(WorkerDict pid=4187586)[0m     "full_attention",
[36m(WorkerDict pid=4187586)[0m     "full_attention",
[36m(WorkerDict pid=4187586)[0m     "full_attention",
[36m(WorkerDict pid=4187586)[0m     "full_attention",
[36m(WorkerDict pid=4187586)[0m     "full_attention",
[36m(WorkerDict pid=4187586)[0m     "full_attention",
[36m(WorkerDict pid=4187586)[0m     "full_attention",
[36m(WorkerDict pid=4187586)[0m     "full_attention",
[36m(WorkerDict pid=4187586)[0m     "full_attention",
[36m(WorkerDict pid=4187586)[0m     "full_attention",
[36m(WorkerDict pid=4187586)[0m     "full_attention",
[36m(WorkerDict pid=4187586)[0m     "full_attention",
[36m(WorkerDict pid=4187586)[0m     "full_attention",
[36m(WorkerDict pid=4187586)[0m     "full_attention",
[36m(WorkerDict pid=4187586)[0m     "full_attention",
[36m(WorkerDict pid=4187586)[0m     "full_attention",
[36m(WorkerDict pid=4187586)[0m     "full_attention",
[36m(WorkerDict pid=4187586)[0m     "full_attention",
[36m(WorkerDict pid=4187586)[0m     "full_attention",
[36m(WorkerDict pid=4187586)[0m     "full_attention",
[36m(WorkerDict pid=4187586)[0m     "full_attention",
[36m(WorkerDict pid=4187586)[0m     "full_attention",
[36m(WorkerDict pid=4187586)[0m     "full_attention",
[36m(WorkerDict pid=4187586)[0m     "full_attention",
[36m(WorkerDict pid=4187586)[0m     "full_attention",
[36m(WorkerDict pid=4187586)[0m     "full_attention",
[36m(WorkerDict pid=4187586)[0m     "full_attention",
[36m(WorkerDict pid=4187586)[0m     "full_attention"
[36m(WorkerDict pid=4187586)[0m   ],
[36m(WorkerDict pid=4187586)[0m   "max_position_embeddings": 4096,
[36m(WorkerDict pid=4187586)[0m   "max_window_layers": 28,
[36m(WorkerDict pid=4187586)[0m   "model_type": "qwen2",
[36m(WorkerDict pid=4187586)[0m   "num_attention_heads": 28,
[36m(WorkerDict pid=4187586)[0m   "num_hidden_layers": 28,
[36m(WorkerDict pid=4187586)[0m   "num_key_value_heads": 4,
[36m(WorkerDict pid=4187586)[0m   "pad_token_id": 151643,
[36m(WorkerDict pid=4187586)[0m   "rms_norm_eps": 1e-06,
[36m(WorkerDict pid=4187586)[0m   "rope_parameters": {
[36m(WorkerDict pid=4187586)[0m     "rope_theta": 10000,
[36m(WorkerDict pid=4187586)[0m     "rope_type": "default"
[36m(WorkerDict pid=4187586)[0m   },
[36m(WorkerDict pid=4187586)[0m   "sliding_window": null,
[36m(WorkerDict pid=4187586)[0m   "tie_word_embeddings": false,
[36m(WorkerDict pid=4187586)[0m   "transformers_version": "5.12.1",
[36m(WorkerDict pid=4187586)[0m   "use_cache": true,
[36m(WorkerDict pid=4187586)[0m   "use_mrope": false,
[36m(WorkerDict pid=4187586)[0m   "use_sliding_window": false,
[36m(WorkerDict pid=4187586)[0m   "vocab_size": 152064
[36m(WorkerDict pid=4187586)[0m }
[36m(WorkerDict pid=4187586)[0m
[36m(WorkerDict pid=4187593)[0m trial-302172199-trialrun-302172199-worker-0:4187593:4187593 [5] NCCL INFO TUNER/Plugin: Could not find: libnccl-tuner.so[32m [repeated 7x across cluster][0m
[36m(WorkerDict pid=4187593)[0m trial-302172199-trialrun-302172199-worker-0:4187593:4187593 [5] NCCL INFO threadThresholds 8/8/64 | 64/8/64 | 512 | 512[32m [repeated 7x across cluster][0m
[36m(WorkerDict pid=4187593)[0m trial-302172199-trialrun-302172199-worker-0:4187593:4187593 [5] NCCL INFO 32 coll channels, 32 collnet channels, 24 nvls channels, 32 p2p channels, 32 p2p channels per peer[32m [repeated 7x across cluster][0m
[36m(WorkerDict pid=4187593)[0m trial-302172199-trialrun-302172199-worker-0:4187593:4187593 [5] NCCL INFO ncclCommInitRankConfig comm 0x12e8c7f0 rank 5 nranks 8 cudaDev 5 nvmlDev 5 busId a8000 commId 0x1fc23ab3cbc0cb92 - Init COMPLETE[32m [repeated 7x across cluster][0m
[36m(WorkerDict pid=4187593)[0m trial-302172199-trialrun-302172199-worker-0:4187593:4187593 [5] NCCL INFO Init timings - ncclCommInitRankConfig: rank 5 nranks 8 total 3.36 (kernels 0.29, alloc 0.75, bootstrap 0.22, allgathers 0.02, topo 1.58, graphs 0.03, connections 0.47, rest 0.00)[32m [repeated 7x across cluster][0m
[36m(WorkerDict pid=4187593)[0m trial-302172199-trialrun-302172199-worker-0:4187593:4187593 [5] NCCL INFO Channel 13/0 : 5[5] -> 6[6] via P2P/CUMEM[32m [repeated 107x across cluster][0m
[36m(WorkerDict pid=4187593)[0m trial-302172199-trialrun-302172199-worker-0:4187593:4187593 [5] NCCL INFO Channel 14/0 : 5[5] -> 6[[32m [repeated 2x across cluster][0m
[36m(WorkerDict pid=4187593)[0m trial-302172199-trialrun-302172199-worker-0:4187593:9201 [0] NCCL INFO [Proxy Service UDS] Device 5 CPU core 197[32m [repeated 6x across cluster][0m
[36m(WorkerDict pid=4187591)[0m CL INFO Ring 30 : 3 -> 4 -> 5
[36m(WorkerDict pid=4187586)[0m actor attention implementation verified: sdpa
[36m(WorkerDict pid=4187586)[0m [PowerFlow] Added proj_z (layers=3, hidden=3584, init_offset=1.08)
[36m(WorkerDict pid=4187586)[0m Monkey patch _flash_attention_forward in transformers.integrations.flash_attention
[36m(WorkerDict pid=4187592)[0m Loading weights:   0%|          | 0/339 [00:00<?, ?it/s][32m [repeated 7x across cluster][0m
[36m(WorkerDict pid=4187586)[0m WARNING:2026-08-02 05:03:19,205:Dropping unsupported vLLM engine kwargs for this version: ['disable_mm_preprocessor_cache']
[36m(WorkerDict pid=4187593)[0m Loading weights:  90%|████████▉ | 304/339 [00:05<00:00, 71.41it/s][32m [repeated 215x across cluster][0m
[36m(WorkerDict pid=4187593)[0m Loading weights:  94%|█████████▍| 320/339 [00:05<00:00, 63.20it/s][32m [repeated 16x across cluster][0m
[36m(WorkerDict pid=4187593)[0m Loading weights:  97%|█████████▋| 330/339 [00:05<00:00, 71.13it/s]Loading weights: 100%|██████████| 339/339 [00:05<00:00, 58.88it/s][32m [repeated 4x across cluster][0m
[36m(WorkerDict pid=4187586)[0m /mlx_devbox/users/quyanyi/playground/.venvs/ttrl_b200/lib/python3.11/site-packages/nvidia_cutlass_dsl/python_packages/cutlass/cute/core.py:5791: DeprecationWarning: Use explicit `struct.scalar.ptr` for pointer instead.
[36m(WorkerDict pid=4187586)[0m   warnings.warn(
[36m(WorkerDict pid=4187586)[0m /mlx_devbox/users/quyanyi/playground/.venvs/ttrl_b200/lib/python3.11/site-packages/nvidia_cutlass_dsl/python_packages/cutlass/cute/core.py:5791: DeprecationWarning: Use explicit `struct.scalar.ptr` for pointer instead.
[36m(WorkerDict pid=4187586)[0m   warnings.warn(
[36m(WorkerDict pid=4187592)[0m WARNING:2026-08-02 05:03:19,205:Dropping unsupported vLLM engine kwargs for this version: ['disable_mm_preprocessor_cache'][32m [repeated 7x across cluster][0m
[36m(WorkerDict pid=4187586)[0m 2026-08-02 05:03:49,358 - INFO - autotuner.py:622 - flashinfer.jit: [Autotuner]: Autotuning process starts ...
[36m(WorkerDict pid=4187586)[0m 2026-08-02 05:03:49,380 - INFO - autotuner.py:641 - flashinfer.jit: [Autotuner]: Autotuning process ends
[36m(WorkerDict pid=4187592)[0m /mlx_devbox/users/quyanyi/playground/.venvs/ttrl_b200/lib/python3.11/site-packages/nvidia_cutlass_dsl/python_packages/cutlass/cute/core.py:5791: DeprecationWarning: Use explicit `struct.scalar.ptr` for pointer instead.[32m [repeated 102x across cluster][0m
[36m(WorkerDict pid=4187592)[0m   warnings.warn([32m [repeated 102x across cluster][0m
[36m(WorkerDict pid=4187586)[0m Capturing CUDA graphs (mixed prefill-decode, PIECEWISE):   0%|          | 0/51 [00:00<?, ?it/s]
[36m(WorkerDict pid=4187586)[0m Capturing CUDA graphs (mixed prefill-decode, PIECEWISE):   8%|▊         | 4/51 [00:00<00:01, 34.44it/s]
[36m(WorkerDict pid=4187586)[0m Capturing CUDA graphs (mixed prefill-decode, PIECEWISE):  16%|█▌        | 8/51 [00:00<00:01, 33.58it/s]
[36m(WorkerDict pid=4187586)[0m Capturing CUDA graphs (mixed prefill-decode, PIECEWISE):  24%|██▎       | 12/51 [00:00<00:01, 32.88it/s]
[36m(WorkerDict pid=4187586)[0m Capturing CUDA graphs (mixed prefill-decode, PIECEWISE):  31%|███▏      | 16/51 [00:00<00:01, 31.04it/s]
[36m(WorkerDict pid=4187586)[0m Capturing CUDA graphs (mixed prefill-decode, PIECEWISE):  39%|███▉      | 20/51 [00:00<00:00, 31.02it/s]
[36m(WorkerDict pid=4187586)[0m Capturing CUDA graphs (mixed prefill-decode, PIECEWISE):  47%|████▋     | 24/51 [00:00<00:00, 29.55it/s]
[36m(WorkerDict pid=4187586)[0m Capturing CUDA graphs (mixed prefill-decode, PIECEWISE):  55%|█████▍    | 28/51 [00:00<00:00, 29.90it/s]
[36m(WorkerDict pid=4187586)[0m Capturing CUDA graphs (mixed prefill-decode, PIECEWISE):  63%|██████▎   | 32/51 [00:01<00:00, 29.64it/s]
[36m(WorkerDict pid=4187586)[0m Capturing CUDA graphs (mixed prefill-decode, PIECEWISE):  69%|██████▊   | 35/51 [00:01<00:00, 29.66it/s]
[36m(WorkerDict pid=4187586)[0m Capturing CUDA graphs (mixed prefill-decode, PIECEWISE):  75%|███████▍  | 38/51 [00:01<00:00, 29.43it/s]
[36m(WorkerDict pid=4187586)[0m Capturing CUDA graphs (mixed prefill-decode, PIECEWISE):  80%|████████  | 41/51 [00:01<00:00, 29.16it/s]
[36m(WorkerDict pid=4187586)[0m Capturing CUDA graphs (mixed prefill-decode, PIECEWISE):  86%|████████▋ | 44/51 [00:01<00:00, 29.28it/s]
[36m(WorkerDict pid=4187586)[0m Capturing CUDA graphs (mixed prefill-decode, PIECEWISE):  92%|█████████▏| 47/51 [00:01<00:00, 28.85it/s]
[36m(WorkerDict pid=4187586)[0m Capturing CUDA graphs (mixed prefill-decode, PIECEWISE): 100%|██████████| 51/51 [00:01<00:00, 28.23it/s]Capturing CUDA graphs (mixed prefill-decode, PIECEWISE): 100%|██████████| 51/51 [00:01<00:00, 29.76it/s]
[36m(WorkerDict pid=4187586)[0m Capturing CUDA graphs (decode, FULL):   0%|          | 0/51 [00:00<?, ?it/s]
[36m(WorkerDict pid=4187586)[0m Capturing CUDA graphs (decode, FULL):   8%|▊         | 4/51 [00:00<00:01, 38.67it/s]
[36m(WorkerDict pid=4187586)[0m Capturing CUDA graphs (decode, FULL):  16%|█▌        | 8/51 [00:00<00:01, 38.84it/s]Capturing CUDA graphs (decode, FULL):  24%|██▎       | 12/51 [00:00<00:00, 39.14it/s]
[36m(WorkerDict pid=4187586)[0m Capturing CUDA graphs (decode, FULL):  31%|███▏      | 16/51 [00:00<00:00, 38.98it/s]
[36m(WorkerDict pid=4187586)[0m Capturing CUDA graphs (decode, FULL):  39%|███▉      | 20/51 [00:00<00:00, 39.02it/s]
[36m(WorkerDict pid=4187586)[0m Capturing CUDA graphs (decode, FULL):  47%|████▋     | 24/51 [00:00<00:00, 38.92it/s]
[36m(WorkerDict pid=4187586)[0m Capturing CUDA graphs (decode, FULL):  55%|█████▍    | 28/51 [00:00<00:00, 38.82it/s]
[36m(WorkerDict pid=4187586)[0m Capturing CUDA graphs (decode, FULL):  63%|██████▎   | 32/51 [00:00<00:00, 32.83it/s]
[36m(WorkerDict pid=4187586)[0m Capturing CUDA graphs (decode, FULL):  71%|███████   | 36/51 [00:00<00:00, 33.18it/s]
[36m(WorkerDict pid=4187586)[0m Capturing CUDA graphs (decode, FULL):  78%|███████▊  | 40/51 [00:01<00:00, 34.83it/s]
[36m(WorkerDict pid=4187586)[0m Capturing CUDA graphs (decode, FULL):  86%|████████▋ | 44/51 [00:01<00:00, 35.92it/s]
[36m(WorkerDict pid=4187592)[0m 2026-08-02 05:03:49,359 - INFO - autotuner.py:622 - flashinfer.jit: [Autotuner]: Autotuning process starts ...[32m [repeated 7x across cluster][0m
[36m(WorkerDict pid=4187592)[0m 2026-08-02 05:03:49,380 - INFO - autotuner.py:641 - flashinfer.jit: [Autotuner]: Autotuning process ends[32m [repeated 7x across cluster][0m
[36m(WorkerDict pid=4187586)[0m /mlx_devbox/users/quyanyi/playground/.venvs/ttrl_b200/lib/python3.11/site-packages/nvidia_cutlass_dsl/python_packages/cutlass/cute/core.py:5791: DeprecationWarning: Use explicit `struct.scalar.ptr` for pointer instead.[32m [repeated 3x across cluster][0m
[36m(WorkerDict pid=4187586)[0m   warnings.warn([32m [repeated 3x across cluster][0m
[36m(WorkerDict pid=4187586)[0m Capturing CUDA graphs (decode, FULL):  94%|█████████▍| 48/51 [00:12<00:02,  1.16it/s]
[36m(WorkerDict pid=4187592)[0m /mlx_devbox/users/quyanyi/playground/.venvs/ttrl_b200/lib/python3.11/site-packages/nvidia_cutlass_dsl/python_packages/cutlass/cute/core.py:5791: DeprecationWarning: Use explicit `struct.scalar.ptr` for pointer instead.[32m [repeated 101x across cluster][0m
[36m(WorkerDict pid=4187592)[0m   warnings.warn([32m [repeated 101x across cluster][0m
[36m(WorkerDict pid=4187586)[0m Capturing CUDA graphs (decode, FULL): 100%|██████████| 51/51 [00:12<00:00,  4.13it/s]
[36m(WorkerDict pid=4187590)[0m /mlx_devbox/users/quyanyi/playground/TTRL/verl/verl/workers/sharding_manager/fsdp_vllm.py:97: FutureWarning: FSDP.state_dict_type() and FSDP.set_state_dict_type() are being deprecated. Please use APIs, get_state_dict() and set_state_dict(), which can support different parallelisms, FSDP1, FSDP2, DDP. API doc: https://pytorch.org/docs/stable/distributed.checkpoint.html#torch.distributed.checkpoint.state_dict.get_state_dict .Tutorial: https://pytorch.org/tutorials/recipes/distributed_checkpoint_recipe.html .
[36m(WorkerDict pid=4187590)[0m   FSDP.set_state_dict_type(
[36m(TaskRunner pid=4187587)[0m Training Progress:   0%|          | 0/3 [00:00<?, ?it/s]
[36m(WorkerDict pid=4187596)[0m /mlx_devbox/users/quyanyi/playground/.venvs/ttrl_b200/lib/python3.11/site-packages/nvidia_cutlass_dsl/python_packages/cutlass/cute/core.py:5791: DeprecationWarning: Use explicit `struct.scalar.ptr` for pointer instead.
[36m(WorkerDict pid=4187596)[0m   warnings.warn(
[36m(WorkerDict pid=4187586)[0m /mlx_devbox/users/quyanyi/playground/TTRL/verl/verl/workers/sharding_manager/fsdp_vllm.py:97: FutureWarning: FSDP.state_dict_type() and FSDP.set_state_dict_type() are being deprecated. Please use APIs, get_state_dict() and set_state_dict(), which can support different parallelisms, FSDP1, FSDP2, DDP. API doc: https://pytorch.org/docs/stable/distributed.checkpoint.html#torch.distributed.checkpoint.state_dict.get_state_dict .Tutorial: https://pytorch.org/tutorials/recipes/distributed_checkpoint_recipe.html .[32m [repeated 7x across cluster][0m
[36m(WorkerDict pid=4187586)[0m   FSDP.set_state_dict_type([32m [repeated 7x across cluster][0m
[36m(WorkerDict pid=4187593)[0m /mlx_devbox/users/quyanyi/playground/.venvs/ttrl_b200/lib/python3.11/site-packages/nvidia_cutlass_dsl/python_packages/cutlass/cute/core.py:5791: DeprecationWarning: Use explicit `struct.scalar.ptr` for pointer instead.
[36m(WorkerDict pid=4187593)[0m   warnings.warn(
[36m(TaskRunner pid=4187587)[0m <string>:1: SymPyDeprecationWarning:
[36m(TaskRunner pid=4187587)[0m
[36m(TaskRunner pid=4187587)[0m Using non-Expr arguments in Pow is deprecated (in this case, one of the
[36m(TaskRunner pid=4187587)[0m arguments is of type 'FiniteSet').
[36m(TaskRunner pid=4187587)[0m
[36m(TaskRunner pid=4187587)[0m If you really did intend to construct a power with this base, use the **
[36m(TaskRunner pid=4187587)[0m operator instead.
[36m(TaskRunner pid=4187587)[0m
[36m(TaskRunner pid=4187587)[0m See https://docs.sympy.org/latest/explanation/active-deprecations.html#non-expr-args-deprecated
[36m(TaskRunner pid=4187587)[0m for details.
[36m(TaskRunner pid=4187587)[0m
[36m(TaskRunner pid=4187587)[0m This has been deprecated since SymPy version 1.7. It
[36m(TaskRunner pid=4187587)[0m will be removed in a future version of SymPy.
[36m(TaskRunner pid=4187587)[0m
[36m(TaskRunner pid=4187587)[0m /mlx_devbox/users/quyanyi/playground/.venvs/ttrl_b200/lib/python3.11/site-packages/sympy/core/basic.py:1949: SymPyDeprecationWarning:
[36m(TaskRunner pid=4187587)[0m
[36m(TaskRunner pid=4187587)[0m Using non-Expr arguments in Pow is deprecated (in this case, one of the
[36m(TaskRunner pid=4187587)[0m arguments is of type 'FiniteSet').
[36m(TaskRunner pid=4187587)[0m
[36m(TaskRunner pid=4187587)[0m If you really did intend to construct a power with this base, use the **
[36m(TaskRunner pid=4187587)[0m operator instead.
[36m(TaskRunner pid=4187587)[0m
[36m(TaskRunner pid=4187587)[0m See https://docs.sympy.org/latest/explanation/active-deprecations.html#non-expr-args-deprecated
[36m(TaskRunner pid=4187587)[0m for details.
[36m(TaskRunner pid=4187587)[0m
[36m(TaskRunner pid=4187587)[0m This has been deprecated since SymPy version 1.7. It
[36m(TaskRunner pid=4187587)[0m will be removed in a future version of SymPy.
[36m(TaskRunner pid=4187587)[0m
[36m(TaskRunner pid=4187587)[0m   return self.func(*terms)
[36m(WorkerDict pid=4187586)[0m /mlx_devbox/users/quyanyi/playground/.venvs/ttrl_b200/lib/python3.11/site-packages/nvidia_cutlass_dsl/python_packages/cutlass/cute/core.py:5791: DeprecationWarning: Use explicit `struct.scalar.ptr` for pointer instead.[32m [repeated 102x across cluster][0m
[36m(WorkerDict pid=4187586)[0m   warnings.warn([32m [repeated 102x across cluster][0m
[36m(TaskRunner pid=4187587)[0m <string>:1: SymPyDeprecationWarning:
[36m(TaskRunner pid=4187587)[0m
[36m(TaskRunner pid=4187587)[0m Using non-Expr arguments in Pow is deprecated (in this case, one of the
[36m(TaskRunner pid=4187587)[0m arguments is of type 'FiniteSet').
[36m(TaskRunner pid=4187587)[0m
[36m(TaskRunner pid=4187587)[0m If you really did intend to construct a power with this base, use the **
[36m(TaskRunner pid=4187587)[0m operator instead.
[36m(TaskRunner pid=4187587)[0m
[36m(TaskRunner pid=4187587)[0m See https://docs.sympy.org/latest/explanation/active-deprecations.html#non-expr-args-deprecated
[36m(TaskRunner pid=4187587)[0m for details.
[36m(TaskRunner pid=4187587)[0m
[36m(TaskRunner pid=4187587)[0m This has been deprecated since SymPy version 1.7. It
[36m(TaskRunner pid=4187587)[0m will be removed in a future version of SymPy.
[36m(TaskRunner pid=4187587)[0m
[36m(TaskRunner pid=4187587)[0m /mlx_devbox/users/quyanyi/playground/.venvs/ttrl_b200/lib/python3.11/site-packages/sympy/core/power.py:1257: SymPyDeprecationWarning:
[36m(TaskRunner pid=4187587)[0m
[36m(TaskRunner pid=4187587)[0m Using non-Expr arguments in Pow is deprecated (in this case, one of the
[36m(TaskRunner pid=4187587)[0m arguments is of type 'FiniteSet').
[36m(TaskRunner pid=4187587)[0m
[36m(TaskRunner pid=4187587)[0m If you really did intend to construct a power with this base, use the **
[36m(TaskRunner pid=4187587)[0m operator instead.
[36m(TaskRunner pid=4187587)[0m
[36m(TaskRunner pid=4187587)[0m See https://docs.sympy.org/latest/explanation/active-deprecations.html#non-expr-args-deprecated
[36m(TaskRunner pid=4187587)[0m for details.
[36m(TaskRunner pid=4187587)[0m
[36m(TaskRunner pid=4187587)[0m This has been deprecated since SymPy version 1.7. It
[36m(TaskRunner pid=4187587)[0m will be removed in a future version of SymPy.
[36m(TaskRunner pid=4187587)[0m
[36m(TaskRunner pid=4187587)[0m   p = self.func(*self.as_base_exp())  # in case it's unevaluated
[36m(TaskRunner pid=4187587)[0m WARNING:2026-08-02 05:04:52,388:Timeout during comparison
[36m(TaskRunner pid=4187587)[0m WARNING:2026-08-02 05:05:35,787:Timeout during comparison
[36m(TaskRunner pid=4187587)[0m WARNING:2026-08-02 05:05:39,759:Timeout during comparison
[36m(WorkerDict pid=4187586)[0m Using Triton backend for fused kernels in Qwen2ForCausalLM
[36m(WorkerDict pid=4187586)[0m Qwen2ForCausalLM contains 7.64B parameters
[36m(WorkerDict pid=4187586)[0m [PowerFlow] Updated auto_wrap_policy to wrap ProjZModule
[36m(WorkerDict pid=4187586)[0m wrap_policy: <function ActorRolloutRefWorker._build_model_optimizer.<locals>.powerflow_wrap_policy at 0x7f9f01371d00>
[36m(WorkerDict pid=4187586)[0m Total steps: 3, num_warmup_steps: 0
[36m(WorkerDict pid=4187586)[0m Actor use_remove_padding=True
[36m(WorkerDict pid=4187586)[0m Actor use_fused_kernels=True
[36m(WorkerDict pid=4187593)[0m Monkey patch _flash_attention_forward in transformers.integrations.flash_attention[32m [repeated 7x across cluster][0m
[36m(WorkerDict pid=4187593)[0m Using Triton backend for fused kernels in Qwen2ForCausalLM[32m [repeated 7x across cluster][0m
[36m(WorkerDict pid=4187590)[0m kwargs: {'n': 1, 'logprobs': 1, 'max_tokens': 3072, 'repetition_penalty': 1.0, 'detokenize': False, 'temperature': 1.0, 'top_k': -1, 'top_p': 1, 'ignore_eos': False}
[36m(TaskRunner pid=4187587)[0m Checkpoint tracker file does not exist: /tmp/ttrl_b200/checkpoints/ttrl_chunk_state_powerflow_support_flow_suffix_softplusgain_mid_c128_b32_r32_v64_3step_20260802/latest_checkpointed_iteration.txt
[36m(TaskRunner pid=4187587)[0m Training from scratch
[36m(WorkerDict pid=4187586)[0m WARNING 08-02 05:04:05 [jit_monitor.py:106] Triton kernel JIT compilation during inference: _compute_slot_mapping_kernel. This causes a latency spike; consider extending warmup to cover this shape/config.
[36m(TaskRunner pid=4187587)[0m [Shutdown] 3 subprocess(es) terminated.
[36m(WorkerDict pid=4187586)[0m kwargs: {'n': 1, 'logprobs': 1, 'max_tokens': 3072, 'repetition_penalty': 1.0, 'detokenize': False, 'temperature': 1.0, 'top_k': -1, 'top_p': 1, 'ignore_eos': False}[32m [repeated 7x across cluster][0m
[36m(TaskRunner pid=4187587)[0m [Shutdown] 5 subprocess(es) terminated.
[36m(TaskRunner pid=4187587)[0m [Shutdown] 5 subprocess(es) terminated.
[36m(WorkerDict pid=4187586)[0m WARNING 08-02 05:05:44 [jit_monitor.py:106] Triton kernel JIT compilation during inference: efficient_entropy_kernel_general_mainloop. This causes a latency spike; consider extending warmup to cover this shape/config.
[36m(WorkerDict pid=4187586)[0m WARNING 08-02 05:05:44 [jit_monitor.py:106] Triton kernel JIT compilation during inference: efficient_entropy_triton_kernel_epilogue. This causes a latency spike; consider extending warmup to cover this shape/config.
[36m(WorkerDict pid=4187586)[0m WARNING 08-02 05:05:45 [jit_monitor.py:106] Triton kernel JIT compilation during inference: efficient_entropy_backward_kernel_general_d_logits_split_N. This causes a latency spike; consider extending warmup to cover this shape/config.
[36m(TaskRunner pid=4187587)[0m step:1 - chunk_state_source/selected_original_acc_mean:1.000 - chunk_state_source/prompt_original_pass:0.875 - chunk_state_source/prompt_original_mean:0.344 - chunk_state_source/selected_majority_consistent_mean:1.000 - chunk_state_source/prompt_majority_ratio_mean:0.356 - chunk_state_source/prompt_majority_pass:1.000 - chunk_state_source_chunk/enabled:1.000 - chunk_state_source_chunk/injected_ratio:1.000 - chunk_state_source_chunk/mean_len:128.000 - chunk_state_source_chunk/candidate_index:0.000 - chunk_state_support_anchor/enabled:1.000 - chunk_state_support_anchor/count:7.000 - chunk_state_support_anchor/candidate_start:1.000 - chunk_state_support_anchor/min_mass:0.031 - chunk_state_support_anchor/prefix_compat_enable:0.000 - chunk_state_support_anchor/prefix_compat_mode_hard:1.000 - chunk_state_support_anchor/prefix_compat_mode_soft:0.000 - chunk_state_support_anchor/prefix_compat_tokens:128.000 - chunk_state_support_anchor/min_prefix_match:0.750 - chunk_state_support_anchor/prefix_score_power:1.000 - chunk_state_support_anchor/skip_source:1.000 - chunk_state_support_anchor/injected_ratio:0.973 - chunk_state_support_anchor/state_keep_ratio:1.000 - chunk_state_support_anchor/skipped_no_anchor_ratio:0.000 - chunk_state_support_anchor/skipped_by_compat_ratio:0.000 - chunk_state_support_anchor/skipped_source_ratio:0.031 - chunk_state_support_anchor/score_mean:0.210 - chunk_state_support_anchor/positive_candidate_ratio:0.852 - chunk_state_support_anchor/prefix_match_mean:1.000 - chunk_state_support_anchor/prefix_match_min:1.000 - chunk_state_support_anchor/anchor_mass_mean:0.246 - chunk_state_support_anchor/anchor_mass_max:0.808 - chunk_state_support_anchor/anchor_len_mean:117.908 - chunk_state_support_anchor/selected_rank_mean:2.945 - chunk_state_probe/skipped_for_support_flow:1.000 - chunk_state_support_flow/score_type_mass:0.000 - chunk_state_support_flow/score_type_soft_mass:0.000 - chunk_state_support_flow/score_type_gain:0.000 - chunk_state_support_flow/score_type_relative_gain:0.000 - chunk_state_support_flow/score_type_soft_relative_mass:0.000 - chunk_state_support_flow/score_type_softplus_gain:1.000 - chunk_state_support_flow/gain_slack:0.000 - chunk_state_support_flow/baseline_scale:1.000 - chunk_state_support_flow/source_prior_weight:1.000 - chunk_state_support_flow/min_positive_margin:0.000 - chunk_state_support_flow/softplus_temperature:0.125 - chunk_state_support_flow/anchor_mass_mean:0.210 - chunk_state_support_flow/source_mass_mean:0.520 - chunk_state_support_flow/positive_margin_mean:-0.077 - chunk_state_support_flow/state_keep_ratio:1.000 - chunk_state_support_flow/score_mean:0.195 - chunk_state_support_flow/score_max_mean:0.415 - chunk_state_support_flow/label_consistent_ratio:1.000 - chunk_state_support_flow/raw_positive_ratio:0.195 - chunk_state_score/mode_majority_completion:0.000 - chunk_state_score/mode_answer_consensus:0.000 - chunk_state_score/mode_answer_distribution:0.000 - chunk_state_score/mode_answer_value_gain:0.000 - chunk_state_score/mode_answer_value_margin:0.000 - chunk_state_score/mode_answer_support_mass:0.000 - chunk_state_score/mode_future_support_gain:0.000 - chunk_state_score/mode_support_anchor:0.000 - chunk_state_score/mode_support_flow:1.000 - chunk_state_score/mode_answer_source_consistency:0.000 - chunk_state_diag/boundary_mean:592.000 - chunk_state_diag/boundary_min:256.000 - chunk_state_diag/boundary_max:1024.000 - chunk_state_diag/boundary_zero_ratio:0.000 - chunk_state_diag/skipped_short_sources:0.000 - chunk_state_diag/skipped_support_sources:21.000 - chunk_state_diag/majority_consistent_fallbacks:11.000 - chunk_state_diag/real_state_count:11.000 - chunk_state_diag/pad_state_count:5.000 - chunk_state_diag/loss_weight_mean:0.688 - chunk_state_diag/source_response_len_mean:1344.688 - chunk_state_diag/probe_score_std:0.225 - chunk_state_diag/state_probe_mean_max:0.439 - chunk_state_diag/state_probe_mean_min:0.012 - chunk_state_diag/state_all_positive_ratio:1.000 - chunk_state_diag/state_all_negative_ratio:0.000 - chunk_state_diag/state_mixed_ratio:0.000 - chunk_state_diag/source_majority_consistent_mean:1.000 - chunk_state_diag/source_prompt_majority_ratio_mean:0.426 - chunk_state_diag/source_answer_mass_mean:0.520 - chunk_state_diag/source_answer_mass_min:0.417 - chunk_state_diag/source_prompt_top_mass_mean:0.520 - chunk_state_diag/source_prompt_top_mass_min:0.417 - chunk_state_diag/prompt_valid_answer_coverage_mean:0.801 - chunk_state_diag/prompt_answer_top_margin_mean:0.466 - chunk_state_diag/prompt_answer_entropy_mean:1.839 - chunk_state_diag/source_pseudo_acc_mean:0.938 - chunk_state_diag/source_original_acc_mean:1.000 - chunk_state_diag/prompt_pseudo_mean:0.391 - chunk_state_diag/prompt_original_mean:0.430 - chunk_state_diag/prompt_original_pass:1.000 - chunk_state_diag/probe_mean_source_original_correct:0.195 - chunk_state_diag/probe_mean_source_original_wrong:0.000 - chunk_state_diag/source_original_correct_ratio:1.000 - chunk_state_diag/jsonl_rows:16.000 - chunk_state/num_states:16.000 - chunk_state/real_states:11.000 - chunk_state/pad_states:5.000 - chunk_state/num_candidates:128.000 - chunk_state/num_actor_samples:88.000 - chunk_state/loss_weight_mean:1.000 - chunk_state/base_loss_weight_mean:0.688 - chunk_state/zeroed_state_ratio:0.312 - chunk_state/confidence_gate_ratio:1.000 - chunk_state/confidence_weight_mean:1.000 - chunk_state/future_support_keep_mode_hard:1.000 - chunk_state/future_support_keep_mode_soft:0.000 - chunk_state/future_support_keep_mode_off:0.000 - chunk_state/future_support_soft_weight_mean:1.000 - chunk_state/future_support_state_weight_mean:1.000 - chunk_state/future_support_soft_weight_floor:0.000 - chunk_state/future_support_keep_ratio:1.000 - chunk_state/source_quality_weight_mode_off:1.000 - chunk_state/source_quality_weight_mode_source_mass:0.000 - chunk_state/source_quality_weight_mode_prompt_top_mass:0.000 - chunk_state/source_quality_weight_mode_product:0.000 - chunk_state/source_quality_weight_mean:1.000 - chunk_state/source_quality_weight_floor:0.000 - chunk_state/source_quality_weight_power:1.000 - chunk_state/source_answer_mass_mean:0.520 - chunk_state/source_prompt_top_mass_mean:0.520 - chunk_state/majority_ratio_mean:0.520 - chunk_state/answer_coverage_mean:0.852 - chunk_state/positive_ratio:0.195 - chunk_state/label_consistent_only:0.000 - chunk_state/zero_inconsistent_candidates:0.000 - chunk_state/prune_zero_weight_samples:1.000 - chunk_state/prune_padded_to_shards:0.000 - chunk_state/pruned_sample_ratio:0.312 - chunk_state/label_consistent_ratio:1.000 - chunk_state/informative_ratio:1.000 - chunk_state/kept_state_ratio:1.000 - chunk_state/target_entropy:1.399 - chunk_state/target_prior_mean:1.000 - chunk_state/target_prior_max:1.000 - chunk_state/weight_max:0.935 - chunk_state/weight_min:0.001 - chunk_state/powerflow_weight_clip:4.000 - chunk_state/powerflow_weight_clip_renorm:1.000 - chunk_state/powerflow_weight_before_clip_max:7.483 - chunk_state/powerflow_weight_before_clip_mean:1.000 - chunk_state/powerflow_weight_mean:0.970 - chunk_state/powerflow_weight_max:4.000 - chunk_state/powerflow_weight_min:0.013 - chunk_state/boxed_reward_mean:0.160 - chunk_state/boxed_reward_weighted_mean:0.323 - chunk_state/actor_batch_powerflow_weight_nonzero_ratio:1.000 - chunk_state/actor_batch_powerflow_weight_shard0_mean:1.139 - chunk_state/actor_batch_powerflow_weight_shard0_nonzero_ratio:1.000 - chunk_state/actor_batch_powerflow_weight_shard_mean_low:0.783 - chunk_state/actor_batch_powerflow_weight_shard_mean_high:1.139 - chunk_state/actor_batch_powerflow_weight_zero_shard_ratio:0.000 - chunk_state_actor_span/mode_chunk:1.000 - chunk_state_actor_span/response_len_mean:119.406 - chunk_state_actor_span/truncated_ratio:0.000 - actor/pg_loss:1.936 - actor/powerflow_loss:1.936 - actor/log_prob:-1.369 - actor/old_log_prob:0.000 - actor/ref_log_prob:-1.368 - actor/ref_log_prob/std:0.000 - actor/boxed_reward/mean:0.145 - actor/boxed_reward/min:0.000 - actor/boxed_reward/max:0.500 - actor/powerflow_weight/mean:1.139 - actor/powerflow_weight/min:0.043 - actor/powerflow_weight/max:4.000 - actor/powerflow_weight/nonzero_ratio:1.000 - actor/powerflow_local_batch_size:1.000 - actor/log_z:-0.273 - actor/importance_weight:0.800 - actor/powerflow_chunk_loss_target_only:0.000 - actor/ppo_kl:1.369 - actor/ref_kl:0.002 - actor/beta_coef:4.000 - actor/cispo_mask_ratio:0.441 - actor/cispo_dropped_tokens:50.909 - actor/condition_1_count:0.000 - actor/condition_2_count:50.909 - actor/pg_clipfrac:0.000 - actor/pg_clipfrac_lower:0.000 - actor/grad_norm:66.301 - perf/mfu/actor:0.000 - perf/max_memory_allocated_gb:163.207 - perf/max_memory_reserved_gb:176.094 - perf/cpu_memory_used_gb:790.397 - actor/lr:0.000 - timing_s/generate_sequences:29.881 - timing_s/reshard:0.325 - timing_s/gen:43.561 - timing_s/chunk_state_make_states:0.021 - timing_s/chunk_state_chunks/generate_sequences:0.551 - timing_s/chunk_state_chunks/reshard:0.504 - timing_s/chunk_state_chunks:1.107 - timing_s/chunk_state_score:7.626 - timing_s/chunk_state_build_actor_batch:0.009 - timing_s/chunk_state_ref:5.193 - timing_s/update_actor:3.591 - timing_per_token_ms/update_actor:0.003 - timing_per_token_ms/gen:0.043[36m(TaskRunner pid=4187587)[0m Training Progress:  33%|███▎      | 1/3 [01:43<03:27, 103.77s/it]

[36m(TaskRunner pid=4187587)[0m [Shutdown] 45 subprocess(es) terminated.
[36m(TaskRunner pid=4187587)[0m [Shutdown] 3 subprocess(es) terminated.
[36m(TaskRunner pid=4187587)[0m [Shutdown] 5 subprocess(es) terminated.
[36m(TaskRunner pid=4187587)[0m step:2 - chunk_state_source/selected_original_acc_mean:1.000 - chunk_state_source/prompt_original_pass:0.938 - chunk_state_source/prompt_original_mean:0.314 - chunk_state_source/selected_majority_consistent_mean:1.000 - chunk_state_source/prompt_majority_ratio_mean:0.343 - chunk_state_source/prompt_majority_pass:1.000 - chunk_state_source_chunk/enabled:1.000 - chunk_state_source_chunk/injected_ratio:1.000 - chunk_state_source_chunk/mean_len:128.000 - chunk_state_source_chunk/candidate_index:0.000 - chunk_state_support_anchor/enabled:1.000 - chunk_state_support_anchor/count:7.000 - chunk_state_support_anchor/candidate_start:1.000 - chunk_state_support_anchor/min_mass:0.031 - chunk_state_support_anchor/prefix_compat_enable:0.000 - chunk_state_support_anchor/prefix_compat_mode_hard:1.000 - chunk_state_support_anchor/prefix_compat_mode_soft:0.000 - chunk_state_support_anchor/prefix_compat_tokens:128.000 - chunk_state_support_anchor/min_prefix_match:0.750 - chunk_state_support_anchor/prefix_score_power:1.000 - chunk_state_support_anchor/skip_source:1.000 - chunk_state_support_anchor/injected_ratio:0.946 - chunk_state_support_anchor/state_keep_ratio:1.000 - chunk_state_support_anchor/skipped_no_anchor_ratio:0.000 - chunk_state_support_anchor/skipped_by_compat_ratio:0.000 - chunk_state_support_anchor/skipped_source_ratio:0.031 - chunk_state_support_anchor/score_mean:0.385 - chunk_state_support_anchor/positive_candidate_ratio:0.828 - chunk_state_support_anchor/prefix_match_mean:1.000 - chunk_state_support_anchor/prefix_match_min:1.000 - chunk_state_support_anchor/anchor_mass_mean:0.465 - chunk_state_support_anchor/anchor_mass_max:0.750 - chunk_state_support_anchor/anchor_len_mean:120.038 - chunk_state_support_anchor/selected_rank_mean:2.887 - chunk_state_probe/skipped_for_support_flow:1.000 - chunk_state_support_flow/score_type_mass:0.000 - chunk_state_support_flow/score_type_soft_mass:0.000 - chunk_state_support_flow/score_type_gain:0.000 - chunk_state_support_flow/score_type_relative_gain:0.000 - chunk_state_support_flow/score_type_soft_relative_mass:0.000 - chunk_state_support_flow/score_type_softplus_gain:1.000 - chunk_state_support_flow/gain_slack:0.000 - chunk_state_support_flow/baseline_scale:1.000 - chunk_state_support_flow/source_prior_weight:1.000 - chunk_state_support_flow/min_positive_margin:0.000 - chunk_state_support_flow/softplus_temperature:0.125 - chunk_state_support_flow/anchor_mass_mean:0.385 - chunk_state_support_flow/source_mass_mean:0.646 - chunk_state_support_flow/positive_margin_mean:-0.135 - chunk_state_support_flow/state_keep_ratio:1.000 - chunk_state_support_flow/score_mean:0.288 - chunk_state_support_flow/score_max_mean:0.381 - chunk_state_support_flow/label_consistent_ratio:1.000 - chunk_state_support_flow/raw_positive_ratio:0.288 - chunk_state_score/mode_majority_completion:0.000 - chunk_state_score/mode_answer_consensus:0.000 - chunk_state_score/mode_answer_distribution:0.000 - chunk_state_score/mode_answer_value_gain:0.000 - chunk_state_score/mode_answer_value_margin:0.000 - chunk_state_score/mode_answer_support_mass:0.000 - chunk_state_score/mode_future_support_gain:0.000 - chunk_state_score/mode_support_anchor:0.000 - chunk_state_score/mode_support_flow:1.000 - chunk_state_score/mode_answer_source_consistency:0.000 - chunk_state_diag/boundary_mean:576.000 - chunk_state_diag/boundary_min:512.000 - chunk_state_diag/boundary_max:768.000 - chunk_state_diag/boundary_zero_ratio:0.000 - chunk_state_diag/skipped_short_sources:0.000 - chunk_state_diag/skipped_support_sources:26.000 - chunk_state_diag/majority_consistent_fallbacks:8.000 - chunk_state_diag/real_state_count:6.000 - chunk_state_diag/pad_state_count:2.000 - chunk_state_diag/loss_weight_mean:0.750 - chunk_state_diag/source_response_len_mean:1255.375 - chunk_state_diag/probe_score_std:0.241 - chunk_state_diag/state_probe_mean_max:0.440 - chunk_state_diag/state_probe_mean_min:0.004 - chunk_state_diag/state_all_positive_ratio:1.000 - chunk_state_diag/state_all_negative_ratio:0.000 - chunk_state_diag/state_mixed_ratio:0.000 - chunk_state_diag/source_majority_consistent_mean:1.000 - chunk_state_diag/source_prompt_majority_ratio_mean:0.586 - chunk_state_diag/source_answer_mass_mean:0.646 - chunk_state_diag/source_answer_mass_min:0.429 - chunk_state_diag/source_prompt_top_mass_mean:0.646 - chunk_state_diag/source_prompt_top_mass_min:0.429 - chunk_state_diag/prompt_valid_answer_coverage_mean:0.906 - chunk_state_diag/prompt_answer_top_margin_mean:0.554 - chunk_state_diag/prompt_answer_entropy_mean:1.314 - chunk_state_diag/source_pseudo_acc_mean:1.000 - chunk_state_diag/source_original_acc_mean:1.000 - chunk_state_diag/prompt_pseudo_mean:0.586 - chunk_state_diag/prompt_original_mean:0.586 - chunk_state_diag/prompt_original_pass:1.000 - chunk_state_diag/probe_mean_source_original_correct:0.288 - chunk_state_diag/probe_mean_source_original_wrong:0.000 - chunk_state_diag/source_original_correct_ratio:1.000 - chunk_state_diag/jsonl_rows:8.000 - chunk_state/num_states:8.000 - chunk_state/real_states:6.000 - chunk_state/pad_states:2.000 - chunk_state/num_candidates:64.000 - chunk_state/num_actor_samples:48.000 - chunk_state/loss_weight_mean:1.000 - chunk_state/base_loss_weight_mean:0.750 - chunk_state/zeroed_state_ratio:0.250 - chunk_state/confidence_gate_ratio:1.000 - chunk_state/confidence_weight_mean:1.000 - chunk_state/future_support_keep_mode_hard:1.000 - chunk_state/future_support_keep_mode_soft:0.000 - chunk_state/future_support_keep_mode_off:0.000 - chunk_state/future_support_soft_weight_mean:1.000 - chunk_state/future_support_state_weight_mean:1.000 - chunk_state/future_support_soft_weight_floor:0.000 - chunk_state/future_support_keep_ratio:1.000 - chunk_state/source_quality_weight_mode_off:1.000 - chunk_state/source_quality_weight_mode_source_mass:0.000 - chunk_state/source_quality_weight_mode_prompt_top_mass:0.000 - chunk_state/source_quality_weight_mode_product:0.000 - chunk_state/source_quality_weight_mean:1.000 - chunk_state/source_quality_weight_floor:0.000 - chunk_state/source_quality_weight_power:1.000 - chunk_state/source_answer_mass_mean:0.646 - chunk_state/source_prompt_top_mass_mean:0.646 - chunk_state/majority_ratio_mean:0.646 - chunk_state/answer_coverage_mean:0.828 - chunk_state/positive_ratio:0.288 - chunk_state/label_consistent_only:0.000 - chunk_state/zero_inconsistent_candidates:0.000 - chunk_state/prune_zero_weight_samples:1.000 - chunk_state/prune_padded_to_shards:0.000 - chunk_state/pruned_sample_ratio:0.250 - chunk_state/label_consistent_ratio:1.000 - chunk_state/informative_ratio:0.875 - chunk_state/kept_state_ratio:1.000 - chunk_state/target_entropy:1.788 - chunk_state/target_prior_mean:1.000 - chunk_state/target_prior_max:1.000 - chunk_state/weight_max:0.933 - chunk_state/weight_min:0.001 - chunk_state/powerflow_weight_clip:4.000 - chunk_state/powerflow_weight_clip_renorm:1.000 - chunk_state/powerflow_weight_before_clip_max:7.467 - chunk_state/powerflow_weight_before_clip_mean:1.000 - chunk_state/powerflow_weight_mean:0.994 - chunk_state/powerflow_weight_max:4.000 - chunk_state/powerflow_weight_min:0.011 - chunk_state/boxed_reward_mean:0.238 - chunk_state/boxed_reward_weighted_mean:0.321 - chunk_state/actor_batch_powerflow_weight_nonzero_ratio:1.000 - chunk_state/actor_batch_powerflow_weight_shard0_mean:1.457 - chunk_state/actor_batch_powerflow_weight_shard0_nonzero_ratio:1.000 - chunk_state/actor_batch_powerflow_weight_shard_mean_low:0.793 - chunk_state/actor_batch_powerflow_weight_shard_mean_high:1.457 - chunk_state/actor_batch_powerflow_weight_zero_shard_ratio:0.000 - chunk_state_actor_span/mode_chunk:1.000 - chunk_state_actor_span/response_len_mean:121.406 - chunk_state_actor_span/truncated_ratio:0.000 - actor/pg_loss:2.663 - actor/powerflow_loss:2.663 - actor/log_prob:-1.344 - actor/old_log_prob:0.000 - actor/ref_log_prob:-1.343 - actor/ref_log_prob/std:0.000 - actor/boxed_reward/mean:0.174 - actor/boxed_reward/min:0.000 - actor/boxed_reward/max:0.500 - actor/powerflow_weight/mean:1.457 - actor/powerflow_weight/min:0.083 - actor/powerflow_weight/max:4.000 - actor/powerflow_weight/nonzero_ratio:1.000 - actor/powerflow_local_batch_size:1.000 - actor/log_z:-0.234 - actor/importance_weight:0.800 - actor/powerflow_chunk_loss_target_only:0.000 - actor/ppo_kl:1.344 - actor/ref_kl:0.001 - actor/beta_coef:4.000 - actor/cispo_mask_ratio:0.435 - actor/cispo_dropped_tokens:46.833 - actor/condition_1_count:0.000 - actor/condition_2_count:46.833 - actor/pg_clipfrac:0.000 - actor/pg_clipfrac_lower:0.000 - actor/grad_norm:44.807 - perf/mfu/actor:0.000 - perf/max_memory_allocated_gb:166.224 - perf/max_memory_reserved_gb:176.094 - perf/cpu_memory_used_gb:790.722 - actor/lr:0.000 - timing_s/generate_sequences:17.910 - timing_s/reshard:0.403 - timing_s/gen:22.112 - timing_s/chunk_state_make_states:0.020 - timing_s/chunk_state_chunks/generate_sequences:0.534 - timing_s/chunk_state_chunks/reshard:0.495 - timing_s/chunk_state_chunks:1.087 - timing_s/chunk_state_score:6.025 - timing_s/chunk_state_build_actor_batch:0.006 - timing_s/chunk_state_ref:0.695 - timing_s/update_actor:1.897 - timing_per_token_ms/update_actor:0.002 - timing_per_token_ms/gen:0.021[36m(TaskRunner pid=4187587)[0m Training Progress:  67%|██████▋   | 2/3 [02:26<01:07, 67.62s/it]
[36m(TaskRunner pid=4187587)[0m <string>:1: SyntaxWarning: 'set' object is not callable; perhaps you missed a comma?
[36m(TaskRunner pid=4187587)[0m <string>:1: SyntaxWarning: 'set' object is not callable; perhaps you missed a comma?
[36m(TaskRunner pid=4187587)[0m <string>:1: SyntaxWarning: 'set' object is not callable; perhaps you missed a comma?
[36m(TaskRunner pid=4187587)[0m <string>:1: SymPyDeprecationWarning:
[36m(TaskRunner pid=4187587)[0m
[36m(TaskRunner pid=4187587)[0m Using non-Expr arguments in Pow is deprecated (in this case, one of the
[36m(TaskRunner pid=4187587)[0m arguments is of type 'FiniteSet').
[36m(TaskRunner pid=4187587)[0m
[36m(TaskRunner pid=4187587)[0m If you really did intend to construct a power with this base, use the **
[36m(TaskRunner pid=4187587)[0m operator instead.
[36m(TaskRunner pid=4187587)[0m
[36m(TaskRunner pid=4187587)[0m See https://docs.sympy.org/latest/explanation/active-deprecations.html#non-expr-args-deprecated
[36m(TaskRunner pid=4187587)[0m for details.
[36m(TaskRunner pid=4187587)[0m
[36m(TaskRunner pid=4187587)[0m This has been deprecated since SymPy version 1.7. It
[36m(TaskRunner pid=4187587)[0m will be removed in a future version of SymPy.
[36m(TaskRunner pid=4187587)[0m
[36m(TaskRunner pid=4187587)[0m /mlx_devbox/users/quyanyi/playground/.venvs/ttrl_b200/lib/python3.11/site-packages/sympy/core/power.py:1257: SymPyDeprecationWarning:
[36m(TaskRunner pid=4187587)[0m
[36m(TaskRunner pid=4187587)[0m Using non-Expr arguments in Pow is deprecated (in this case, one of the
[36m(TaskRunner pid=4187587)[0m arguments is of type 'FiniteSet').
[36m(TaskRunner pid=4187587)[0m
[36m(TaskRunner pid=4187587)[0m If you really did intend to construct a power with this base, use the **
[36m(TaskRunner pid=4187587)[0m operator instead.
[36m(TaskRunner pid=4187587)[0m
[36m(TaskRunner pid=4187587)[0m See https://docs.sympy.org/latest/explanation/active-deprecations.html#non-expr-args-deprecated
[36m(TaskRunner pid=4187587)[0m for details.
[36m(TaskRunner pid=4187587)[0m
[36m(TaskRunner pid=4187587)[0m This has been deprecated since SymPy version 1.7. It
[36m(TaskRunner pid=4187587)[0m will be removed in a future version of SymPy.
[36m(TaskRunner pid=4187587)[0m
[36m(TaskRunner pid=4187587)[0m   p = self.func(*self.as_base_exp())  # in case it's unevaluated
[36m(TaskRunner pid=4187587)[0m <string>:1: SymPyDeprecationWarning:
[36m(TaskRunner pid=4187587)[0m
[36m(TaskRunner pid=4187587)[0m Using non-Expr arguments in Pow is deprecated (in this case, one of the
[36m(TaskRunner pid=4187587)[0m arguments is of type 'FiniteSet').
[36m(TaskRunner pid=4187587)[0m
[36m(TaskRunner pid=4187587)[0m If you really did intend to construct a power with this base, use the **
[36m(TaskRunner pid=4187587)[0m operator instead.
[36m(TaskRunner pid=4187587)[0m
[36m(TaskRunner pid=4187587)[0m See https://docs.sympy.org/latest/explanation/active-deprecations.html#non-expr-args-deprecated
[36m(TaskRunner pid=4187587)[0m for details.
[36m(TaskRunner pid=4187587)[0m
[36m(TaskRunner pid=4187587)[0m This has been deprecated since SymPy version 1.7. It
[36m(TaskRunner pid=4187587)[0m will be removed in a future version of SymPy.
[36m(TaskRunner pid=4187587)[0m
[36m(TaskRunner pid=4187587)[0m /mlx_devbox/users/quyanyi/playground/.venvs/ttrl_b200/lib/python3.11/site-packages/sympy/core/power.py:1257: SymPyDeprecationWarning:
[36m(TaskRunner pid=4187587)[0m
[36m(TaskRunner pid=4187587)[0m Using non-Expr arguments in Pow is deprecated (in this case, one of the
[36m(TaskRunner pid=4187587)[0m arguments is of type 'FiniteSet').
[36m(TaskRunner pid=4187587)[0m
[36m(TaskRunner pid=4187587)[0m If you really did intend to construct a power with this base, use the **
[36m(TaskRunner pid=4187587)[0m operator instead.
[36m(TaskRunner pid=4187587)[0m
[36m(TaskRunner pid=4187587)[0m See https://docs.sympy.org/latest/explanation/active-deprecations.html#non-expr-args-deprecated
[36m(TaskRunner pid=4187587)[0m for details.
[36m(TaskRunner pid=4187587)[0m
[36m(TaskRunner pid=4187587)[0m This has been deprecated since SymPy version 1.7. It
[36m(TaskRunner pid=4187587)[0m will be removed in a future version of SymPy.
[36m(TaskRunner pid=4187587)[0m
[36m(TaskRunner pid=4187587)[0m   p = self.func(*self.as_base_exp())  # in case it's unevaluated
[36m(TaskRunner pid=4187587)[0m <string>:1: SymPyDeprecationWarning:
[36m(TaskRunner pid=4187587)[0m
[36m(TaskRunner pid=4187587)[0m Using non-Expr arguments in Pow is deprecated (in this case, one of the
[36m(TaskRunner pid=4187587)[0m arguments is of type 'FiniteSet').
[36m(TaskRunner pid=4187587)[0m
[36m(TaskRunner pid=4187587)[0m If you really did intend to construct a power with this base, use the **
[36m(TaskRunner pid=4187587)[0m operator instead.
[36m(TaskRunner pid=4187587)[0m
[36m(TaskRunner pid=4187587)[0m See https://docs.sympy.org/latest/explanation/active-deprecations.html#non-expr-args-deprecated
[36m(TaskRunner pid=4187587)[0m for details.
[36m(TaskRunner pid=4187587)[0m
[36m(TaskRunner pid=4187587)[0m This has been deprecated since SymPy version 1.7. It
[36m(TaskRunner pid=4187587)[0m will be removed in a future version of SymPy.
[36m(TaskRunner pid=4187587)[0m
[36m(TaskRunner pid=4187587)[0m /mlx_devbox/users/quyanyi/playground/.venvs/ttrl_b200/lib/python3.11/site-packages/sympy/core/power.py:1257: SymPyDeprecationWarning:
[36m(TaskRunner pid=4187587)[0m
[36m(TaskRunner pid=4187587)[0m Using non-Expr arguments in Pow is deprecated (in this case, one of the
[36m(TaskRunner pid=4187587)[0m arguments is of type 'FiniteSet').
[36m(TaskRunner pid=4187587)[0m
[36m(TaskRunner pid=4187587)[0m If you really did intend to construct a power with this base, use the **
[36m(TaskRunner pid=4187587)[0m operator instead.
[36m(TaskRunner pid=4187587)[0m
[36m(TaskRunner pid=4187587)[0m See https://docs.sympy.org/latest/explanation/active-deprecations.html#non-expr-args-deprecated
[36m(TaskRunner pid=4187587)[0m for details.
[36m(TaskRunner pid=4187587)[0m
[36m(TaskRunner pid=4187587)[0m This has been deprecated since SymPy version 1.7. It
[36m(TaskRunner pid=4187587)[0m will be removed in a future version of SymPy.
[36m(TaskRunner pid=4187587)[0m
[36m(TaskRunner pid=4187587)[0m   p = self.func(*self.as_base_exp())  # in case it's unevaluated
[36m(TaskRunner pid=4187587)[0m <string>:1: SyntaxWarning: 'set' object is not callable; perhaps you missed a comma?
[36m(TaskRunner pid=4187587)[0m <string>:1: SyntaxWarning: 'set' object is not callable; perhaps you missed a comma?
[36m(TaskRunner pid=4187587)[0m <string>:1: SyntaxWarning: 'set' object is not callable; perhaps you missed a comma?
[36m(TaskRunner pid=4187587)[0m <string>:1: SyntaxWarning: 'set' object is not callable; perhaps you missed a comma?
[36m(TaskRunner pid=4187587)[0m <string>:1: SyntaxWarning: 'set' object is not callable; perhaps you missed a comma?
[36m(TaskRunner pid=4187587)[0m <string>:1: SyntaxWarning: 'set' object is not callable; perhaps you missed a comma?
[36m(TaskRunner pid=4187587)[0m <string>:1: SymPyDeprecationWarning:
[36m(TaskRunner pid=4187587)[0m
[36m(TaskRunner pid=4187587)[0m Using non-Expr arguments in Pow is deprecated (in this case, one of the
[36m(TaskRunner pid=4187587)[0m arguments is of type 'FiniteSet').
[36m(TaskRunner pid=4187587)[0m
[36m(TaskRunner pid=4187587)[0m If you really did intend to construct a power with this base, use the **
[36m(TaskRunner pid=4187587)[0m operator instead.
[36m(TaskRunner pid=4187587)[0m
[36m(TaskRunner pid=4187587)[0m See https://docs.sympy.org/latest/explanation/active-deprecations.html#non-expr-args-deprecated
[36m(TaskRunner pid=4187587)[0m for details.
[36m(TaskRunner pid=4187587)[0m
[36m(TaskRunner pid=4187587)[0m This has been deprecated since SymPy version 1.7. It
[36m(TaskRunner pid=4187587)[0m will be removed in a future version of SymPy.
[36m(TaskRunner pid=4187587)[0m
[36m(TaskRunner pid=4187587)[0m <string>:1: SymPyDeprecationWarning:
[36m(TaskRunner pid=4187587)[0m
[36m(TaskRunner pid=4187587)[0m Using non-Expr arguments in Pow is deprecated (in this case, one of the
[36m(TaskRunner pid=4187587)[0m arguments is of type 'FiniteSet').
[36m(TaskRunner pid=4187587)[0m
[36m(TaskRunner pid=4187587)[0m If you really did intend to construct a power with this base, use the **
[36m(TaskRunner pid=4187587)[0m operator instead.
[36m(TaskRunner pid=4187587)[0m
[36m(TaskRunner pid=4187587)[0m See https://docs.sympy.org/latest/explanation/active-deprecations.html#non-expr-args-deprecated
[36m(TaskRunner pid=4187587)[0m for details.
[36m(TaskRunner pid=4187587)[0m
[36m(TaskRunner pid=4187587)[0m This has been deprecated since SymPy version 1.7. It
[36m(TaskRunner pid=4187587)[0m will be removed in a future version of SymPy.
[36m(TaskRunner pid=4187587)[0m
[36m(TaskRunner pid=4187587)[0m <string>:1: SyntaxWarning: 'set' object is not callable; perhaps you missed a comma?
[36m(TaskRunner pid=4187587)[0m <string>:1: SyntaxWarning: 'set' object is not callable; perhaps you missed a comma?
[36m(TaskRunner pid=4187587)[0m <string>:1: SyntaxWarning: 'set' object is not callable; perhaps you missed a comma?

[36m(TaskRunner pid=4187587)[0m [Shutdown] 5 subprocess(es) terminated.
[36m(TaskRunner pid=4187587)[0m [Shutdown] 3 subprocess(es) terminated.
[36m(TaskRunner pid=4187587)[0m [Shutdown] 4 subprocess(es) terminated.
[36m(TaskRunner pid=4187587)[0m step:3 - chunk_state_source/selected_original_acc_mean:0.938 - chunk_state_source/prompt_original_pass:0.938 - chunk_state_source/prompt_original_mean:0.327 - chunk_state_source/selected_majority_consistent_mean:1.000 - chunk_state_source/prompt_majority_ratio_mean:0.319 - chunk_state_source/prompt_majority_pass:1.000 - chunk_state_source_chunk/enabled:1.000 - chunk_state_source_chunk/injected_ratio:1.000 - chunk_state_source_chunk/mean_len:128.000 - chunk_state_source_chunk/candidate_index:0.000 - chunk_state_support_anchor/enabled:1.000 - chunk_state_support_anchor/count:7.000 - chunk_state_support_anchor/candidate_start:1.000 - chunk_state_support_anchor/min_mass:0.031 - chunk_state_support_anchor/prefix_compat_enable:0.000 - chunk_state_support_anchor/prefix_compat_mode_hard:1.000 - chunk_state_support_anchor/prefix_compat_mode_soft:0.000 - chunk_state_support_anchor/prefix_compat_tokens:128.000 - chunk_state_support_anchor/min_prefix_match:0.750 - chunk_state_support_anchor/prefix_score_power:1.000 - chunk_state_support_anchor/skip_source:1.000 - chunk_state_support_anchor/injected_ratio:0.902 - chunk_state_support_anchor/state_keep_ratio:1.000 - chunk_state_support_anchor/skipped_no_anchor_ratio:0.000 - chunk_state_support_anchor/skipped_by_compat_ratio:0.000 - chunk_state_support_anchor/skipped_source_ratio:0.031 - chunk_state_support_anchor/score_mean:0.198 - chunk_state_support_anchor/positive_candidate_ratio:0.789 - chunk_state_support_anchor/prefix_match_mean:1.000 - chunk_state_support_anchor/prefix_match_min:1.000 - chunk_state_support_anchor/anchor_mass_mean:0.251 - chunk_state_support_anchor/anchor_mass_max:0.759 - chunk_state_support_anchor/anchor_len_mean:119.980 - chunk_state_support_anchor/selected_rank_mean:2.762 - chunk_state_probe/skipped_for_support_flow:1.000 - chunk_state_support_flow/score_type_mass:0.000 - chunk_state_support_flow/score_type_soft_mass:0.000 - chunk_state_support_flow/score_type_gain:0.000 - chunk_state_support_flow/score_type_relative_gain:0.000 - chunk_state_support_flow/score_type_soft_relative_mass:0.000 - chunk_state_support_flow/score_type_softplus_gain:1.000 - chunk_state_support_flow/gain_slack:0.000 - chunk_state_support_flow/baseline_scale:1.000 - chunk_state_support_flow/source_prior_weight:1.000 - chunk_state_support_flow/min_positive_margin:0.000 - chunk_state_support_flow/softplus_temperature:0.125 - chunk_state_support_flow/anchor_mass_mean:0.198 - chunk_state_support_flow/source_mass_mean:0.528 - chunk_state_support_flow/positive_margin_mean:-0.218 - chunk_state_support_flow/state_keep_ratio:1.000 - chunk_state_support_flow/score_mean:0.179 - chunk_state_support_flow/score_max_mean:0.266 - chunk_state_support_flow/label_consistent_ratio:1.000 - chunk_state_support_flow/raw_positive_ratio:0.179 - chunk_state_score/mode_majority_completion:0.000 - chunk_state_score/mode_answer_consensus:0.000 - chunk_state_score/mode_answer_distribution:0.000 - chunk_state_score/mode_answer_value_gain:0.000 - chunk_state_score/mode_answer_value_margin:0.000 - chunk_state_score/mode_answer_support_mass:0.000 - chunk_state_score/mode_future_support_gain:0.000 - chunk_state_score/mode_support_anchor:0.000 - chunk_state_score/mode_support_flow:1.000 - chunk_state_score/mode_answer_source_consistency:0.000 - chunk_state_diag/boundary_mean:672.000 - chunk_state_diag/boundary_min:512.000 - chunk_state_diag/boundary_max:1024.000 - chunk_state_diag/boundary_zero_ratio:0.000 - chunk_state_diag/skipped_short_sources:0.000 - chunk_state_diag/skipped_support_sources:19.000 - chunk_state_diag/majority_consistent_fallbacks:5.000 - chunk_state_diag/real_state_count:13.000 - chunk_state_diag/pad_state_count:3.000 - chunk_state_diag/loss_weight_mean:0.812 - chunk_state_diag/source_response_len_mean:1550.250 - chunk_state_diag/probe_score_std:0.217 - chunk_state_diag/state_probe_mean_max:0.440 - chunk_state_diag/state_probe_mean_min:0.005 - chunk_state_diag/state_all_positive_ratio:1.000 - chunk_state_diag/state_all_negative_ratio:0.000 - chunk_state_diag/state_mixed_ratio:0.000 - chunk_state_diag/source_majority_consistent_mean:1.000 - chunk_state_diag/source_prompt_majority_ratio_mean:0.455 - chunk_state_diag/source_answer_mass_mean:0.528 - chunk_state_diag/source_answer_mass_min:0.400 - chunk_state_diag/source_prompt_top_mass_mean:0.528 - chunk_state_diag/source_prompt_top_mass_min:0.400 - chunk_state_diag/prompt_valid_answer_coverage_mean:0.859 - chunk_state_diag/prompt_answer_top_margin_mean:0.388 - chunk_state_diag/prompt_answer_entropy_mean:1.641 - chunk_state_diag/source_pseudo_acc_mean:1.000 - chunk_state_diag/source_original_acc_mean:0.938 - chunk_state_diag/prompt_pseudo_mean:0.521 - chunk_state_diag/prompt_original_mean:0.521 - chunk_state_diag/prompt_original_pass:1.000 - chunk_state_diag/probe_mean_source_original_correct:0.166 - chunk_state_diag/probe_mean_source_original_wrong:0.383 - chunk_state_diag/source_original_correct_ratio:0.938 - chunk_state_diag/jsonl_rows:16.000 - chunk_state/num_states:16.000 - chunk_state/real_states:13.000 - chunk_state/pad_states:3.000 - chunk_state/num_candidates:128.000 - chunk_state/num_actor_samples:104.000 - chunk_state/loss_weight_mean:1.000 - chunk_state/base_loss_weight_mean:0.812 - chunk_state/zeroed_state_ratio:0.188 - chunk_state/confidence_gate_ratio:1.000 - chunk_state/confidence_weight_mean:1.000 - chunk_state/future_support_keep_mode_hard:1.000 - chunk_state/future_support_keep_mode_soft:0.000 - chunk_state/future_support_keep_mode_off:0.000 - chunk_state/future_support_soft_weight_mean:1.000 - chunk_state/future_support_state_weight_mean:1.000 - chunk_state/future_support_soft_weight_floor:0.000 - chunk_state/future_support_keep_ratio:1.000 - chunk_state/source_quality_weight_mode_off:1.000 - chunk_state/source_quality_weight_mode_source_mass:0.000 - chunk_state/source_quality_weight_mode_prompt_top_mass:0.000 - chunk_state/source_quality_weight_mode_product:0.000 - chunk_state/source_quality_weight_mean:1.000 - chunk_state/source_quality_weight_floor:0.000 - chunk_state/source_quality_weight_power:1.000 - chunk_state/source_answer_mass_mean:0.528 - chunk_state/source_prompt_top_mass_mean:0.528 - chunk_state/majority_ratio_mean:0.528 - chunk_state/answer_coverage_mean:0.789 - chunk_state/positive_ratio:0.179 - chunk_state/label_consistent_only:0.000 - chunk_state/zero_inconsistent_candidates:0.000 - chunk_state/prune_zero_weight_samples:1.000 - chunk_state/prune_padded_to_shards:0.000 - chunk_state/pruned_sample_ratio:0.188 - chunk_state/label_consistent_ratio:1.000 - chunk_state/informative_ratio:1.000 - chunk_state/kept_state_ratio:1.000 - chunk_state/target_entropy:1.848 - chunk_state/target_prior_mean:1.000 - chunk_state/target_prior_max:1.000 - chunk_state/weight_max:0.486 - chunk_state/weight_min:0.001 - chunk_state/powerflow_weight_clip:4.000 - chunk_state/powerflow_weight_clip_renorm:1.000 - chunk_state/powerflow_weight_before_clip_max:3.892 - chunk_state/powerflow_weight_before_clip_mean:1.000 - chunk_state/powerflow_weight_mean:1.000 - chunk_state/powerflow_weight_max:3.892 - chunk_state/powerflow_weight_min:0.011 - chunk_state/boxed_reward_mean:0.212 - chunk_state/boxed_reward_weighted_mean:0.311 - chunk_state/actor_batch_powerflow_weight_nonzero_ratio:1.000 - chunk_state/actor_batch_powerflow_weight_shard0_mean:1.182 - chunk_state/actor_batch_powerflow_weight_shard0_nonzero_ratio:1.000 - chunk_state/actor_batch_powerflow_weight_shard_mean_low:0.915 - chunk_state/actor_batch_powerflow_weight_shard_mean_high:1.182 - chunk_state/actor_batch_powerflow_weight_zero_shard_ratio:0.000 - chunk_state_actor_span/mode_chunk:1.000 - chunk_state_actor_span/response_len_mean:119.859 - chunk_state_actor_span/truncated_ratio:0.000 - actor/pg_loss:1.569 - actor/powerflow_loss:1.569 - actor/log_prob:-0.861 - actor/old_log_prob:0.000 - actor/ref_log_prob:-0.860 - actor/ref_log_prob/std:0.000 - actor/boxed_reward/mean:0.198 - actor/boxed_reward/min:0.000 - actor/boxed_reward/max:0.500 - actor/powerflow_weight/mean:1.182 - actor/powerflow_weight/min:0.024 - actor/powerflow_weight/max:3.892 - actor/powerflow_weight/nonzero_ratio:1.000 - actor/powerflow_local_batch_size:1.000 - actor/log_z:-0.299 - actor/importance_weight:0.800 - actor/powerflow_chunk_loss_target_only:0.000 - actor/ppo_kl:0.861 - actor/ref_kl:0.001 - actor/beta_coef:4.000 - actor/cispo_mask_ratio:0.299 - actor/cispo_dropped_tokens:34.231 - actor/condition_1_count:0.000 - actor/condition_2_count:34.231 - actor/pg_clipfrac:0.000 - actor/pg_clipfrac_lower:0.000 - actor/grad_norm:87.637 - perf/mfu/actor:0.000 - perf/max_memory_allocated_gb:166.224 - perf/max_memory_reserved_gb:176.094 - perf/cpu_memory_used_gb:790.710 - actor/lr:0.000 - timing_s/generate_sequences:18.137 - timing_s/reshard:0.507 - timing_s/gen:22.720 - timing_s/chunk_state_make_states:0.021 - timing_s/chunk_state_chunks/generate_sequences:0.546 - timing_s/chunk_state_chunks/reshard:0.357 - timing_s/chunk_state_chunks:0.951 - timing_s/chunk_state_score:5.749 - timing_s/chunk_state_build_actor_batch:0.009 - timing_s/chunk_state_ref:1.480 - timing_s/update_actor:4.056 - timing_per_token_ms/update_actor:0.004 - timing_per_token_ms/gen:0.022[36m(TaskRunner pid=4187587)[0m Training Progress:  67%|██████▋   | 2/3 [03:09<01:34, 94.70s/it]

[36m(TaskRunner pid=4187587)[0m 'Final validation skipped'
